# Blender 5.1.2
# www.blender.org
mtllib ISS_lowpoly.mtl
o ISS
v 2.011492 -5.779755 29.122995
v 2.011492 -5.779755 32.157158
v 5.232546 -6.626244 29.122995
v 14.791272 -5.779754 32.157158
v 14.791272 -5.779755 29.122997
v 11.790086 -6.455845 32.157158
v 11.790086 -6.455846 29.122995
v 8.634991 -5.779754 32.157158
v 8.634991 -5.779755 29.122995
v 5.232546 -6.626243 32.157158
v 2.011492 -5.779755 32.157158
v 2.011492 -6.115052 32.157158
v 5.232546 -6.626243 32.157158
v 14.791272 -6.115052 32.157158
v 14.791272 -5.779754 32.157158
v 11.790086 -6.791143 32.157158
v 11.790086 -6.455845 32.157158
v 8.634991 -6.115052 32.157158
v 8.634991 -5.779754 32.157158
v 5.232546 -6.961541 32.157158
v 2.011492 -6.115052 32.157158
v 2.011492 -6.115053 29.122995
v 5.232546 -6.961541 32.157158
v 14.791272 -6.115052 29.122997
v 14.791272 -6.115052 32.157158
v 11.790086 -6.791143 29.122995
v 11.790086 -6.791143 32.157158
v 8.634991 -6.115052 29.122995
v 8.634991 -6.115052 32.157158
v 5.232546 -6.961542 29.122995
v 2.011492 -6.115053 29.122995
v 2.011492 -5.779755 29.122995
v 5.232546 -6.961542 29.122995
v 14.791272 -5.779755 29.122997
v 14.791272 -6.115052 29.122997
v 11.790086 -6.455846 29.122995
v 11.790086 -6.791143 29.122995
v 8.634991 -5.779755 29.122995
v 8.634991 -6.115052 29.122995
v 5.232546 -6.626244 29.122995
v 2.011491 -5.779754 41.858803
v 2.011491 -5.779754 45.030384
v 5.144598 -6.626242 41.858803
v 14.791271 -5.779753 45.030384
v 14.791271 -5.779753 41.858803
v 11.834058 -6.455844 45.030384
v 11.834058 -6.455844 41.858803
v 8.470089 -5.779753 45.030384
v 8.470089 -5.779753 41.858803
v 5.144598 -6.626242 45.030384
v 2.011491 -5.779754 45.030384
v 2.011491 -6.115051 45.030384
v 5.144598 -6.626242 45.030384
v 14.791271 -6.115051 45.030384
v 14.791271 -5.779753 45.030384
v 11.834058 -6.791142 45.030384
v 11.834058 -6.455844 45.030384
v 8.470089 -6.115051 45.030384
v 8.470089 -5.779753 45.030384
v 5.144598 -6.961540 45.030384
v 2.011491 -6.115051 45.030384
v 2.011491 -6.115051 41.858803
v 5.144598 -6.961540 45.030384
v 14.791271 -6.115051 41.858803
v 14.791271 -6.115051 45.030384
v 11.834058 -6.791142 41.858803
v 11.834058 -6.791142 45.030384
v 8.470089 -6.115051 41.858803
v 8.470089 -6.115051 45.030384
v 5.144598 -6.961540 41.858803
v 2.011491 -6.115051 41.858803
v 2.011491 -5.779754 41.858803
v 5.144598 -6.961540 41.858803
v 14.791271 -5.779753 41.858803
v 14.791271 -6.115051 41.858803
v 11.834058 -6.455844 41.858803
v 11.834058 -6.791142 41.858803
v 8.470089 -5.779753 41.858803
v 8.470089 -6.115051 41.858803
v 5.144598 -6.626242 41.858803
v 14.791272 -6.115052 29.122997
v 14.791272 -5.779755 29.122997
v 14.791272 -6.115052 32.157158
v 14.791272 -5.779754 32.157158
v 14.791271 -6.115051 41.858803
v 14.791271 -5.779753 41.858803
v 14.791271 -6.115051 45.030384
v 14.791271 -5.779753 45.030384
v -3.276313 -19.279602 13.666329
v -3.276313 -13.266235 13.594873
v -3.276313 -19.279602 13.594874
v -3.276313 -19.279602 13.517921
v -3.276313 -13.266235 13.517920
v -3.276313 -7.203397 13.517920
v -3.276313 -7.203397 13.600370
v -3.276313 -7.203397 13.666328
v -3.276313 -13.266235 13.666328
v -1.165588 -19.279602 13.666329
v -1.165588 -19.279602 13.594874
v -1.165588 -13.266235 13.666328
v -1.165588 -13.266235 13.594873
v -1.165588 -7.203397 13.666328
v -1.160091 -7.203397 13.600370
v -1.165588 -7.203397 13.517920
v -1.165588 -13.266235 13.517920
v -1.165588 -19.279602 13.517921
v -3.276313 -19.279602 13.666329
v -2.220950 -19.279602 13.594874
v -2.220950 -19.279602 13.666329
v -1.165588 -19.279602 13.666329
v -1.165588 -19.279602 13.594874
v -1.165588 -19.279602 13.517921
v -2.220950 -19.279602 13.517921
v -3.276313 -19.279602 13.517921
v -3.276313 -19.279602 13.594874
v -3.276313 -7.203397 13.666328
v -2.220950 -13.266235 13.666328
v -2.220951 -7.203397 13.666328
v -1.165588 -7.203397 13.666328
v -1.165588 -13.266235 13.666328
v -1.165588 -19.279602 13.666329
v -2.220950 -19.279602 13.666329
v -3.276313 -19.279602 13.666329
v -3.276313 -13.266235 13.666328
v -3.276313 -19.279602 13.517921
v -2.220950 -13.266235 13.517920
v -2.220950 -19.279602 13.517921
v -1.165588 -19.279602 13.517921
v -1.165588 -13.266235 13.517920
v -1.165588 -7.203397 13.517920
v -2.220951 -7.203397 13.517920
v -3.276313 -7.203397 13.517920
v -3.276313 -13.266235 13.517920
v -0.374066 -19.279602 13.666329
v -0.374066 -13.266235 13.594873
v -0.374066 -19.279602 13.594874
v -0.374066 -19.279602 13.517921
v -0.374066 -13.266235 13.517920
v -0.374066 -7.203397 13.517920
v -0.374066 -7.203397 13.600370
v -0.374066 -7.203397 13.666328
v -0.374066 -13.266235 13.666328
v 1.764143 -19.279602 13.666329
v 1.764143 -19.279602 13.594874
v 1.764143 -13.266235 13.666328
v 1.764143 -13.266235 13.594873
v 1.753149 -7.203397 13.666328
v 1.753149 -7.203397 13.600370
v 1.753149 -7.203397 13.517920
v 1.764143 -13.266235 13.517920
v 1.764143 -19.279602 13.517921
v -0.374066 -19.279602 13.666329
v 0.697787 -19.279602 13.594874
v 0.697787 -19.279602 13.666329
v 1.764143 -19.279602 13.666329
v 1.764143 -19.279602 13.594874
v 1.764143 -19.279602 13.517921
v 0.697787 -19.279602 13.517921
v -0.374066 -19.279602 13.517921
v -0.374066 -19.279602 13.594874
v -0.374066 -7.203397 13.666328
v 0.697787 -13.266235 13.666328
v 0.697786 -7.203397 13.666328
v 1.753149 -7.203397 13.666328
v 1.764143 -13.266235 13.666328
v 1.764143 -19.279602 13.666329
v 0.697787 -19.279602 13.666329
v -0.374066 -19.279602 13.666329
v -0.374066 -13.266235 13.666328
v -0.374066 -19.279602 13.517921
v 0.697787 -13.266235 13.517920
v 0.697787 -19.279602 13.517921
v 1.764143 -19.279602 13.517921
v 1.764143 -13.266235 13.517920
v 1.753149 -7.203397 13.517920
v 0.697786 -7.203397 13.517920
v -0.374066 -7.203397 13.517920
v -0.374066 -13.266235 13.517920
v 2.555665 -19.279602 13.666329
v 2.555665 -13.266235 13.594873
v 2.555665 -19.279602 13.594874
v 2.555665 -19.279602 13.517921
v 2.555665 -13.266235 13.517920
v 2.555664 -7.203397 13.600370
v 2.555665 -13.266235 13.666328
v 4.666390 -19.279602 13.666329
v 4.666390 -19.279602 13.594874
v 4.666389 -13.266235 13.666328
v 4.666389 -13.266235 13.594873
v 4.666389 -7.203397 13.715801
v 4.666389 -7.203397 13.418980
v 4.666389 -13.266235 13.517920
v 4.666390 -19.279602 13.517921
v 2.555665 -19.279602 13.666329
v 3.627517 -19.279602 13.594874
v 3.627517 -19.279602 13.666329
v 4.666390 -19.279602 13.666329
v 4.666390 -19.279602 13.594874
v 4.666390 -19.279602 13.517921
v 3.627517 -19.279602 13.517921
v 2.555665 -19.279602 13.517921
v 2.555665 -19.279602 13.594874
v 2.555664 -7.203397 13.600370
v 3.627517 -13.266235 13.666328
v 3.627517 -7.203397 13.781760
v 4.666389 -7.203397 13.715801
v 4.666389 -13.266235 13.666328
v 4.666390 -19.279602 13.666329
v 3.627517 -19.279602 13.666329
v 2.555665 -19.279602 13.666329
v 2.555665 -13.266235 13.666328
v 2.555665 -19.279602 13.517921
v 3.627517 -13.266235 13.517920
v 3.627517 -19.279602 13.517921
v 4.666390 -19.279602 13.517921
v 4.666389 -13.266235 13.517920
v 4.666389 -7.203397 13.418980
v 3.627517 -7.203397 13.418980
v 2.555664 -7.203397 13.600370
v 2.555665 -13.266235 13.517920
v 14.791277 -5.779760 -32.148495
v 11.790091 -6.455851 -32.148495
v 14.791277 -5.779759 -29.114328
v 11.790091 -6.455851 -29.114330
v 8.634995 -5.779760 -32.148495
v 8.634995 -5.779759 -29.114330
v 5.232551 -6.626249 -32.148495
v 5.232551 -6.626248 -29.114330
v 2.011496 -5.779760 -32.148495
v 2.011496 -5.779760 -29.114330
v 14.791277 -6.115057 -32.148495
v 11.790091 -6.791149 -32.148495
v 14.791277 -5.779760 -32.148495
v 11.790091 -6.455851 -32.148495
v 8.634995 -6.115057 -32.148495
v 8.634995 -5.779760 -32.148495
v 5.232551 -6.961547 -32.148495
v 5.232551 -6.626249 -32.148495
v 2.011496 -6.115058 -32.148495
v 2.011496 -5.779760 -32.148495
v 14.791277 -6.115057 -29.114328
v 11.790091 -6.791148 -29.114330
v 14.791277 -6.115057 -32.148495
v 11.790091 -6.791149 -32.148495
v 8.634995 -6.115057 -29.114330
v 8.634995 -6.115057 -32.148495
v 5.232551 -6.961546 -29.114330
v 5.232551 -6.961547 -32.148495
v 2.011496 -6.115057 -29.114330
v 2.011496 -6.115058 -32.148495
v 14.791277 -5.779759 -29.114328
v 11.790091 -6.455851 -29.114330
v 14.791277 -6.115057 -29.114328
v 11.790091 -6.791148 -29.114330
v 8.634995 -5.779759 -29.114330
v 8.634995 -6.115057 -29.114330
v 5.232551 -6.626248 -29.114330
v 5.232551 -6.961546 -29.114330
v 2.011496 -5.779760 -29.114330
v 2.011496 -6.115057 -29.114330
v 14.791278 -5.779761 -45.021721
v 11.834064 -6.455852 -45.021721
v 14.791278 -5.779761 -41.850136
v 11.834064 -6.455852 -41.850136
v 8.470096 -5.779761 -45.021721
v 8.470096 -5.779761 -41.850136
v 5.144605 -6.626250 -45.021721
v 5.144604 -6.626250 -41.850136
v 2.011497 -5.779761 -45.021721
v 2.011497 -5.779761 -41.850136
v 14.791278 -6.115058 -45.021721
v 11.834064 -6.791150 -45.021721
v 14.791278 -5.779761 -45.021721
v 11.834064 -6.455852 -45.021721
v 8.470096 -6.115058 -45.021721
v 8.470096 -5.779761 -45.021721
v 5.144605 -6.961548 -45.021721
v 5.144605 -6.626250 -45.021721
v 2.011497 -6.115059 -45.021721
v 2.011497 -5.779761 -45.021721
v 14.791278 -6.115058 -41.850136
v 11.834064 -6.791150 -41.850136
v 14.791278 -6.115058 -45.021721
v 11.834064 -6.791150 -45.021721
v 8.470096 -6.115058 -41.850136
v 8.470096 -6.115058 -45.021721
v 5.144604 -6.961548 -41.850136
v 5.144605 -6.961548 -45.021721
v 2.011497 -6.115059 -41.850136
v 2.011497 -6.115059 -45.021721
v 14.791278 -5.779761 -41.850136
v 11.834064 -6.455852 -41.850136
v 14.791278 -6.115058 -41.850136
v 11.834064 -6.791150 -41.850136
v 8.470096 -5.779761 -41.850136
v 8.470096 -6.115058 -41.850136
v 5.144604 -6.626250 -41.850136
v 5.144604 -6.961548 -41.850136
v 2.011497 -5.779761 -41.850136
v 2.011497 -6.115059 -41.850136
v 14.791277 -5.779760 -32.148495
v 14.791277 -5.779759 -29.114328
v 14.791277 -6.115057 -32.148495
v 14.791277 -6.115057 -29.114328
v 14.791278 -5.779761 -45.021721
v 14.791278 -5.779761 -41.850136
v 14.791278 -6.115058 -45.021721
v 14.791278 -6.115058 -41.850136
v -3.276310 -19.279606 -13.657663
v -3.276311 -13.266237 -13.586208
v -3.276311 -13.266237 -13.657664
v -3.276311 -7.203400 -13.657664
v -3.276311 -7.203399 -13.591705
v -3.276311 -7.203399 -13.509256
v -3.276311 -13.266237 -13.509256
v -3.276310 -19.279606 -13.509255
v -3.276310 -19.279606 -13.586207
v -1.165586 -19.279606 -13.586207
v -1.165586 -13.266237 -13.586208
v -1.165586 -19.279606 -13.509255
v -1.165586 -13.266237 -13.509256
v -1.165586 -7.203399 -13.509256
v -1.160089 -7.203399 -13.591705
v -1.165586 -7.203400 -13.657664
v -1.165586 -13.266237 -13.657664
v -1.165586 -19.279606 -13.657663
v -3.276310 -19.279606 -13.657663
v -2.220948 -19.279606 -13.586207
v -3.276310 -19.279606 -13.586207
v -3.276310 -19.279606 -13.509255
v -2.220948 -19.279606 -13.509255
v -1.165586 -19.279606 -13.509255
v -1.165586 -19.279606 -13.586207
v -1.165586 -19.279606 -13.657663
v -2.220948 -19.279606 -13.657663
v -3.276311 -7.203400 -13.657664
v -2.220948 -13.266237 -13.657664
v -3.276311 -13.266237 -13.657664
v -3.276310 -19.279606 -13.657663
v -2.220948 -19.279606 -13.657663
v -1.165586 -19.279606 -13.657663
v -1.165586 -13.266237 -13.657664
v -1.165586 -7.203400 -13.657664
v -2.220948 -7.203400 -13.657664
v -3.276310 -19.279606 -13.509255
v -2.220948 -13.266237 -13.509256
v -3.276311 -13.266237 -13.509256
v -3.276311 -7.203399 -13.509256
v -2.220948 -7.203399 -13.509256
v -1.165586 -7.203399 -13.509256
v -1.165586 -13.266237 -13.509256
v -1.165586 -19.279606 -13.509255
v -2.220948 -19.279606 -13.509255
v -0.374064 -19.279606 -13.657663
v -0.374064 -13.266237 -13.586208
v -0.374064 -13.266237 -13.657664
v -0.374064 -7.203400 -13.657664
v -0.374064 -7.203399 -13.591705
v -0.374064 -7.203399 -13.509256
v -0.374064 -13.266237 -13.509256
v -0.374064 -19.279606 -13.509255
v -0.374064 -19.279606 -13.586207
v 1.764145 -19.279606 -13.586207
v 1.764145 -13.266237 -13.586208
v 1.764145 -19.279606 -13.509255
v 1.764145 -13.266237 -13.509256
v 1.753151 -7.203399 -13.509256
v 1.753151 -7.203399 -13.591705
v 1.753151 -7.203400 -13.657664
v 1.764145 -13.266237 -13.657664
v 1.764145 -19.279606 -13.657663
v -0.374064 -19.279606 -13.657663
v 0.697789 -19.279606 -13.586207
v -0.374064 -19.279606 -13.586207
v -0.374064 -19.279606 -13.509255
v 0.697789 -19.279606 -13.509255
v 1.764145 -19.279606 -13.509255
v 1.764145 -19.279606 -13.586207
v 1.764145 -19.279606 -13.657663
v 0.697789 -19.279606 -13.657663
v -0.374064 -7.203400 -13.657664
v 0.697789 -13.266237 -13.657664
v -0.374064 -13.266237 -13.657664
v -0.374064 -19.279606 -13.657663
v 0.697789 -19.279606 -13.657663
v 1.764145 -19.279606 -13.657663
v 1.764145 -13.266237 -13.657664
v 1.753151 -7.203400 -13.657664
v 0.697788 -7.203400 -13.657664
v -0.374064 -19.279606 -13.509255
v 0.697789 -13.266237 -13.509256
v -0.374064 -13.266237 -13.509256
v -0.374064 -7.203399 -13.509256
v 0.697788 -7.203399 -13.509256
v 1.753151 -7.203399 -13.509256
v 1.764145 -13.266237 -13.509256
v 1.764145 -19.279606 -13.509255
v 0.697789 -19.279606 -13.509255
v 2.555666 -7.203399 -13.591705
v 2.555667 -13.266237 -13.657664
v 2.555667 -13.266237 -13.586208
v 2.555667 -19.279606 -13.657663
v 2.555666 -7.203399 -13.591705
v 2.555667 -13.266237 -13.509256
v 2.555667 -19.279606 -13.509255
v 2.555667 -19.279606 -13.586207
v 4.666392 -19.279606 -13.586207
v 4.666391 -13.266237 -13.586208
v 4.666392 -19.279606 -13.509255
v 4.666391 -13.266237 -13.509256
v 4.666391 -7.203399 -13.410316
v 4.666391 -7.203400 -13.707134
v 4.666391 -13.266237 -13.657664
v 4.666392 -19.279606 -13.657663
v 2.555667 -19.279606 -13.657663
v 3.627519 -19.279606 -13.586207
v 2.555667 -19.279606 -13.586207
v 2.555667 -19.279606 -13.509255
v 3.627519 -19.279606 -13.509255
v 4.666392 -19.279606 -13.509255
v 4.666392 -19.279606 -13.586207
v 4.666392 -19.279606 -13.657663
v 3.627519 -19.279606 -13.657663
v 2.555666 -7.203399 -13.591705
v 3.627519 -13.266237 -13.657664
v 2.555667 -13.266237 -13.657664
v 2.555667 -19.279606 -13.657663
v 3.627519 -19.279606 -13.657663
v 4.666392 -19.279606 -13.657663
v 4.666391 -13.266237 -13.657664
v 4.666391 -7.203400 -13.707134
v 3.627519 -7.203400 -13.773096
v 2.555667 -19.279606 -13.509255
v 3.627519 -13.266237 -13.509256
v 2.555667 -13.266237 -13.509256
v 2.555666 -7.203399 -13.591705
v 3.627519 -7.203399 -13.410316
v 4.666391 -7.203399 -13.410316
v 4.666391 -13.266237 -13.509256
v 4.666392 -19.279606 -13.509255
v 3.627519 -19.279606 -13.509255
v -15.005546 0.415007 -11.496313
v -15.005547 0.208502 -2.962693
v -11.683204 0.415007 -11.496313
v -11.683205 0.208502 -2.962693
v -11.683204 0.147764 -11.502386
v -11.683205 -0.058744 -2.968768
v -15.005546 0.147763 -11.502386
v -15.005547 -0.058744 -2.968768
v -15.005548 -0.411019 11.492832
v -15.005547 -0.204514 2.916695
v -11.683206 -0.411019 11.492832
v -11.683205 -0.204514 2.916696
v -11.683206 -0.149847 11.498907
v -11.683205 0.062733 2.922771
v -15.005548 -0.149847 11.498907
v -15.005547 0.062732 2.922770
v -6.465854 4.441905 -1.590028
v -6.465854 6.701342 -1.559659
v -6.465854 4.557305 -9.601302
v -6.465854 6.810667 -9.564862
v -6.143945 6.701342 -1.559659
v -6.143945 4.441905 -1.590028
v -6.143944 6.810667 -9.564861
v -6.143944 4.557305 -9.601301
v -6.465855 6.810669 9.567453
v -6.465855 6.701342 1.556175
v -6.465855 4.557307 9.597823
v -6.465855 4.441905 1.592619
v -6.143946 4.557307 9.597824
v -6.143945 4.441905 1.592619
v -6.143946 6.810669 9.567454
v -6.143945 6.701342 1.556175
v -43.218117 0.159910 -1.565731
v -40.958683 0.159910 -1.602175
v -43.187748 0.159909 -9.564863
v -40.934387 0.159910 -9.601304
v -40.958683 -0.161999 -1.602175
v -43.218117 -0.161999 -1.565731
v -40.934387 -0.162000 -9.601304
v -43.187748 -0.162000 -9.564863
v -25.537430 -0.125555 -3.466818
v -29.594694 -0.174146 -3.478963
v -25.555649 -0.125556 -16.531454
v -29.661507 -0.174147 -16.567894
v -29.594694 0.172058 -3.478963
v -25.537430 0.129542 -3.466818
v -29.661507 0.172057 -16.567894
v -25.555649 0.129541 -16.531454
v -40.934387 0.159911 9.597821
v -40.958683 0.159911 1.598691
v -43.187748 0.159911 9.567452
v -43.218117 0.159910 1.568322
v -43.187748 -0.161998 9.567452
v -43.218117 -0.161999 1.568322
v -40.934387 -0.161998 9.597821
v -40.958683 -0.161999 1.598691
v -29.661510 -0.174144 16.570486
v -29.594694 -0.174145 3.481556
v -25.555653 -0.125553 16.527973
v -25.537430 -0.125554 3.463332
v -25.555653 0.129543 16.527973
v -25.537430 0.129542 3.463332
v -29.661510 0.172059 16.570486
v -29.594694 0.172058 3.481556
v -24.620293 -28.751143 -1.292411
v -27.244152 -28.751143 -1.292411
v -25.282331 -28.751144 -12.698913
v -27.887968 -28.751144 -12.383078
v -13.596437 -28.751141 -1.292410
v -16.384287 -28.751141 -1.292410
v -12.879731 -28.751143 -12.407373
v -15.655436 -28.751143 -12.674617
v -20.799904 -28.751141 -1.292411
v -23.302288 -28.751143 -1.292411
v -20.799904 -28.751143 -12.540995
v -23.302288 -28.751144 -12.540995
v -17.392530 -28.751141 -1.292410
v -20.046759 -28.751141 -1.292411
v -17.131357 -28.751143 -12.522775
v -19.785587 -28.751143 -12.553144
v -27.887970 -28.751141 12.385674
v -27.244152 -28.751143 1.288935
v -25.282333 -28.751141 12.695435
v -24.620293 -28.751143 1.288935
v -15.655437 -28.751139 12.671142
v -16.384287 -28.751141 1.288936
v -12.879733 -28.751139 12.409970
v -13.596437 -28.751141 1.288936
v -23.302290 -28.751141 12.537519
v -23.302288 -28.751143 1.288935
v -20.799906 -28.751139 12.537519
v -20.799904 -28.751141 1.288935
v -19.785589 -28.751139 12.555739
v -20.046759 -28.751141 1.288935
v -17.131359 -28.751139 12.525372
v -17.392530 -28.751141 1.288936
v 0.883382 -9.053963 33.485882
v 0.883383 -22.713829 35.131874
v 0.883382 -9.053963 35.131870
v 0.883382 -9.053963 36.777855
v 0.883383 -22.713829 36.777859
v 0.883383 -27.591049 36.777859
v 0.883383 -27.591049 35.131874
v 0.883383 -36.428356 36.777859
v 0.883384 -36.428356 35.131874
v 0.883384 -36.428356 33.485886
v 0.883383 -27.591049 33.485886
v 0.883383 -22.713829 33.485886
v 1.205292 -9.053963 33.485882
v 1.205292 -9.053963 35.131870
v 1.205293 -22.713829 33.485886
v 1.205292 -22.713829 35.131874
v 1.205293 -27.591049 33.485886
v 1.205293 -27.591049 35.131874
v 1.205293 -36.428356 33.485886
v 1.205293 -36.428356 35.131874
v 1.205293 -36.428356 36.777859
v 1.205293 -27.591049 36.777859
v 1.205292 -22.713829 36.777859
v 1.205292 -9.053963 36.777855
v 0.883383 -22.713829 33.485886
v 1.047373 -22.713829 33.485886
v 0.883383 -27.591049 33.485886
v 1.047373 -27.591049 33.485886
v 0.883384 -36.428356 33.485886
v 1.047373 -36.428356 33.485886
v 1.205293 -36.428356 33.485886
v 1.205293 -27.591049 33.485886
v 1.205293 -22.713829 33.485886
v 1.205292 -9.053963 33.485882
v 1.047372 -9.053963 33.485882
v 0.883382 -9.053963 33.485882
v 0.883382 -9.053963 36.777855
v 1.047372 -22.713829 36.777859
v 1.047372 -9.053963 36.777855
v 1.205292 -9.053963 36.777855
v 1.205292 -22.713829 36.777859
v 1.205293 -27.591049 36.777859
v 1.047373 -27.591049 36.777859
v 1.205293 -36.428356 36.777859
v 1.047373 -36.428356 36.777859
v 0.883383 -36.428356 36.777859
v 0.883383 -27.591049 36.777859
v 0.883383 -22.713829 36.777859
v 0.883383 -9.053963 28.226013
v 0.883383 -22.713831 29.872002
v 0.883383 -9.053963 29.872000
v 0.883383 -9.053963 31.517986
v 0.883383 -22.713831 31.517988
v 0.883383 -27.591051 31.517988
v 0.883384 -27.591051 29.872002
v 0.883384 -36.428356 31.517990
v 0.883384 -36.428356 29.872004
v 0.883384 -36.428356 28.226017
v 0.883384 -27.591051 28.226015
v 0.883383 -22.713831 28.226015
v 1.205292 -9.053963 28.226013
v 1.205292 -9.053963 29.872000
v 1.205293 -22.713831 28.226015
v 1.205293 -22.713831 29.872002
v 1.205293 -27.591051 28.226015
v 1.205293 -27.591051 29.872002
v 1.205294 -36.428356 28.226017
v 1.205293 -36.428356 29.872004
v 1.205293 -36.428356 31.517990
v 1.205293 -27.591051 31.517988
v 1.205293 -22.713831 31.517988
v 1.205292 -9.053963 31.517986
v 0.883383 -22.713831 28.226015
v 1.047373 -22.713831 28.226015
v 0.883384 -27.591051 28.226015
v 1.047373 -27.591051 28.226015
v 0.883384 -36.428356 28.226017
v 1.047374 -36.428356 28.226017
v 1.205294 -36.428356 28.226017
v 1.205293 -27.591051 28.226015
v 1.205293 -22.713831 28.226015
v 1.205292 -9.053963 28.226013
v 1.047372 -9.053963 28.226013
v 0.883383 -9.053963 28.226013
v 0.883383 -9.053963 31.517986
v 1.047373 -22.713831 31.517988
v 1.047372 -9.053963 31.517986
v 1.205292 -9.053963 31.517986
v 1.205293 -22.713831 31.517988
v 1.205293 -27.591051 31.517988
v 1.047373 -27.591051 31.517988
v 1.205293 -36.428356 31.517990
v 1.047373 -36.428356 31.517990
v 0.883384 -36.428356 31.517990
v 0.883383 -27.591051 31.517988
v 0.883383 -22.713831 31.517988
v 0.883381 -9.102553 46.465492
v 0.883382 -22.762417 48.111481
v 0.883381 -9.102553 48.111477
v 0.883381 -9.102552 49.757465
v 0.883382 -22.762417 49.757469
v 0.883382 -27.639639 49.757469
v 0.883382 -27.639639 48.111481
v 0.883382 -36.476944 49.757469
v 0.883383 -36.476944 48.111481
v 0.883383 -36.476944 46.465496
v 0.883382 -27.639639 46.465496
v 0.883382 -22.762417 46.465496
v 1.205291 -9.102553 46.465492
v 1.205291 -9.102553 48.111477
v 1.205292 -22.762417 46.465496
v 1.205292 -22.762417 48.111481
v 1.205292 -27.639639 46.465496
v 1.205292 -27.639639 48.111481
v 1.205292 -36.476944 46.465496
v 1.205292 -36.476944 48.111481
v 1.205292 -36.476944 49.757469
v 1.205292 -27.639639 49.757469
v 1.205291 -22.762417 49.757469
v 1.205291 -9.102552 49.757465
v 0.883382 -22.762417 46.465496
v 1.047372 -22.762417 46.465496
v 0.883382 -27.639639 46.465496
v 1.047372 -27.639639 46.465496
v 0.883383 -36.476944 46.465496
v 1.047372 -36.476944 46.465496
v 1.205292 -36.476944 46.465496
v 1.205292 -27.639639 46.465496
v 1.205292 -22.762417 46.465496
v 1.205291 -9.102553 46.465492
v 1.047371 -9.102553 46.465492
v 0.883381 -9.102553 46.465492
v 0.883381 -9.102552 49.757465
v 1.047372 -22.762417 49.757469
v 1.047371 -9.102552 49.757465
v 1.205291 -9.102552 49.757465
v 1.205291 -22.762417 49.757469
v 1.205292 -27.639639 49.757469
v 1.047372 -27.639639 49.757469
v 1.205292 -36.476944 49.757469
v 1.047372 -36.476944 49.757469
v 0.883382 -36.476944 49.757469
v 0.883382 -27.639639 49.757469
v 0.883382 -22.762417 49.757469
v 0.883382 -9.102553 41.205624
v 0.883382 -22.762417 42.851612
v 0.883382 -9.102553 42.851608
v 0.883382 -9.102553 44.497597
v 0.883382 -22.762417 44.497601
v 0.883382 -27.639639 44.497601
v 0.883383 -27.639639 42.851612
v 0.883383 -36.476944 44.497601
v 0.883383 -36.476944 42.851612
v 0.883383 -36.476944 41.205627
v 0.883383 -27.639639 41.205627
v 0.883382 -22.762417 41.205627
v 1.205291 -9.102553 41.205624
v 1.205291 -9.102553 42.851608
v 1.205292 -22.762417 41.205627
v 1.205292 -22.762417 42.851612
v 1.205292 -27.639639 41.205627
v 1.205292 -27.639639 42.851612
v 1.205293 -36.476944 41.205627
v 1.205292 -36.476944 42.851612
v 1.205292 -36.476944 44.497601
v 1.205292 -27.639639 44.497601
v 1.205292 -22.762417 44.497601
v 1.205291 -9.102553 44.497597
v 0.883382 -22.762417 41.205627
v 1.047372 -22.762417 41.205627
v 0.883383 -27.639639 41.205627
v 1.047372 -27.639639 41.205627
v 0.883383 -36.476944 41.205627
v 1.047373 -36.476944 41.205627
v 1.205293 -36.476944 41.205627
v 1.205292 -27.639639 41.205627
v 1.205292 -22.762417 41.205627
v 1.205291 -9.102553 41.205624
v 1.047372 -9.102553 41.205624
v 0.883382 -9.102553 41.205624
v 0.883382 -9.102553 44.497597
v 1.047372 -22.762417 44.497601
v 1.047371 -9.102553 44.497597
v 1.205291 -9.102553 44.497597
v 1.205292 -22.762417 44.497601
v 1.205292 -27.639639 44.497601
v 1.047372 -27.639639 44.497601
v 1.205292 -36.476944 44.497601
v 1.047372 -36.476944 44.497601
v 0.883383 -36.476944 44.497601
v 0.883382 -27.639639 44.497601
v 0.883382 -22.762417 44.497601
v 0.883382 -2.470020 31.402586
v 0.883382 11.189844 29.756598
v 0.883382 -2.470020 29.756599
v 0.883383 -2.470020 28.104538
v 0.883382 11.189844 28.104536
v 0.883382 16.073139 28.104536
v 0.883382 16.073139 29.756598
v 0.883381 24.910448 28.104536
v 0.883381 24.910448 29.756598
v 0.883381 24.910448 31.402584
v 0.883381 16.073139 31.402584
v 0.883382 11.189844 31.402584
v 1.205292 -2.470020 31.402586
v 1.205292 -2.470020 29.756599
v 1.205291 11.189844 31.402584
v 1.205291 11.189844 29.756598
v 1.205291 16.073139 31.402584
v 1.205291 16.073139 29.756598
v 1.205291 24.910448 31.402584
v 1.205291 24.910448 29.756598
v 1.205291 24.910448 28.104536
v 1.205291 16.073139 28.104536
v 1.205292 11.189844 28.104536
v 1.205292 -2.470020 28.104538
v 0.883382 11.189844 31.402584
v 1.047371 11.189844 31.402584
v 0.883381 16.073139 31.402584
v 1.047371 16.073139 31.402584
v 0.883381 24.910448 31.402584
v 1.047371 24.910448 31.402584
v 1.205291 24.910448 31.402584
v 1.205291 16.073139 31.402584
v 1.205291 11.189844 31.402584
v 1.205292 -2.470020 31.402586
v 1.047372 -2.470020 31.402586
v 0.883382 -2.470020 31.402586
v 0.883383 -2.470020 28.104538
v 1.047372 11.189844 28.104536
v 1.047372 -2.470020 28.104538
v 1.205292 -2.470020 28.104538
v 1.205292 11.189844 28.104536
v 1.205291 16.073139 28.104536
v 1.047371 16.073139 28.104536
v 1.205291 24.910448 28.104536
v 1.047371 24.910448 28.104536
v 0.883381 24.910448 28.104536
v 0.883382 16.073139 28.104536
v 0.883382 11.189844 28.104536
v 0.883382 -2.470019 36.662449
v 0.883381 11.189844 35.016464
v 0.883382 -2.470019 35.016464
v 0.883382 -2.470020 33.364407
v 0.883382 11.189844 33.364407
v 0.883381 16.073141 33.364407
v 0.883381 16.073141 35.016464
v 0.883381 24.910450 33.364403
v 0.883381 24.910450 35.016460
v 0.883381 24.910450 36.662445
v 0.883381 16.073141 36.662449
v 0.883381 11.189844 36.662449
v 1.205292 -2.470019 36.662449
v 1.205292 -2.470019 35.016464
v 1.205291 11.189844 36.662449
v 1.205291 11.189844 35.016464
v 1.205291 16.073141 36.662449
v 1.205291 16.073141 35.016464
v 1.205290 24.910450 36.662445
v 1.205290 24.910450 35.010391
v 1.205291 24.910450 33.364403
v 1.205291 16.073141 33.364407
v 1.205291 11.189844 33.364407
v 1.205292 -2.470020 33.364407
v 0.883381 11.189844 36.662449
v 1.047371 11.189844 36.662449
v 0.883381 16.073141 36.662449
v 1.047371 16.073141 36.662449
v 0.883381 24.910450 36.662445
v 1.047370 24.910450 36.662445
v 1.205290 24.910450 36.662445
v 1.205291 16.073141 36.662449
v 1.205291 11.189844 36.662449
v 1.205292 -2.470019 36.662449
v 1.047372 -2.470019 36.662449
v 0.883382 -2.470019 36.662449
v 0.883382 -2.470020 33.364407
v 1.047371 11.189844 33.364407
v 1.047372 -2.470020 33.364407
v 1.205292 -2.470020 33.364407
v 1.205291 11.189844 33.364407
v 1.205291 16.073141 33.364407
v 1.047371 16.073141 33.364407
v 1.205291 24.910450 33.364403
v 1.047371 24.910450 33.364403
v 0.883381 24.910450 33.364403
v 0.883381 16.073141 33.364407
v 0.883382 11.189844 33.364407
v 0.883381 -2.470019 44.382191
v 0.883381 11.189845 42.730133
v 0.883381 -2.470019 42.730133
v 0.883382 -2.470019 41.084145
v 0.883381 11.189845 41.084145
v 0.883381 16.073141 41.084145
v 0.883381 16.073141 42.730133
v 0.883380 24.910450 41.084141
v 0.883380 24.910450 42.730129
v 0.883380 24.910450 44.382187
v 0.883381 16.073141 44.382191
v 0.883381 11.189845 44.382191
v 1.205291 -2.470019 44.382191
v 1.205291 -2.470019 42.730133
v 1.205290 11.189845 44.382191
v 1.205290 11.189845 42.730133
v 1.205290 16.073141 44.382191
v 1.205290 16.073141 42.730133
v 1.205290 24.910450 44.382187
v 1.205290 24.910450 42.730129
v 1.205290 24.910450 41.084141
v 1.205290 16.073141 41.084145
v 1.205291 11.189845 41.084145
v 1.205291 -2.470019 41.084145
v 0.883381 11.189845 44.382191
v 1.047370 11.189845 44.382191
v 0.883381 16.073141 44.382191
v 1.047370 16.073141 44.382191
v 0.883380 24.910450 44.382187
v 1.047370 24.910450 44.382187
v 1.205290 24.910450 44.382187
v 1.205290 16.073141 44.382191
v 1.205290 11.189845 44.382191
v 1.205291 -2.470019 44.382191
v 1.047371 -2.470019 44.382191
v 0.883381 -2.470019 44.382191
v 0.883382 -2.470019 41.084145
v 1.047371 11.189845 41.084145
v 1.047371 -2.470019 41.084145
v 1.205291 -2.470019 41.084145
v 1.205291 11.189845 41.084145
v 1.205290 16.073141 41.084145
v 1.047370 16.073141 41.084145
v 1.205290 24.910450 41.084141
v 1.047370 24.910450 41.084141
v 0.883380 24.910450 41.084141
v 0.883381 16.073141 41.084145
v 0.883381 11.189845 41.084145
v 0.883381 -2.470018 49.642059
v 0.883380 11.189845 47.990002
v 0.883381 -2.470018 47.990002
v 0.883381 -2.470018 46.344017
v 0.883381 11.189845 46.344017
v 0.883380 16.073141 46.344017
v 0.883380 16.073141 47.990002
v 0.883380 24.910450 46.344013
v 0.883380 24.910450 47.989998
v 0.883380 24.910450 49.642056
v 0.883380 16.073141 49.642059
v 0.883380 11.189846 49.642059
v 1.205290 -2.470018 49.642059
v 1.205291 -2.470018 47.990002
v 1.205290 11.189846 49.642059
v 1.205290 11.189845 47.990002
v 1.205290 16.073141 49.642059
v 1.205290 16.073141 47.990002
v 1.205289 24.910450 49.635983
v 1.205289 24.910450 47.989998
v 1.205290 24.910450 46.344013
v 1.205290 16.073141 46.344017
v 1.205290 11.189845 46.344017
v 1.205291 -2.470018 46.344017
v 0.883380 11.189846 49.642059
v 1.047370 11.189846 49.642059
v 0.883380 16.073141 49.642059
v 1.047370 16.073141 49.642059
v 0.883380 24.910450 49.642056
v 1.047369 24.910450 49.642056
v 1.205289 24.910450 49.635983
v 1.205290 16.073141 49.642059
v 1.205290 11.189846 49.642059
v 1.205290 -2.470018 49.642059
v 1.047371 -2.470018 49.642059
v 0.883381 -2.470018 49.642059
v 0.883381 -2.470018 46.344017
v 1.047370 11.189845 46.344017
v 1.047371 -2.470018 46.344017
v 1.205291 -2.470018 46.344017
v 1.205290 11.189845 46.344017
v 1.205290 16.073141 46.344017
v 1.047370 16.073141 46.344017
v 1.205290 24.910450 46.344013
v 1.047370 24.910450 46.344013
v 0.883380 24.910450 46.344013
v 0.883380 16.073141 46.344017
v 0.883381 11.189845 46.344017
v 0.883388 -9.053968 -33.477215
v 0.883388 -22.713837 -35.123199
v 0.883388 -22.713837 -33.477211
v 0.883388 -27.591057 -35.123199
v 0.883388 -27.591057 -33.477211
v 0.883389 -36.428364 -33.477211
v 0.883389 -36.428364 -35.123199
v 0.883389 -36.428364 -36.769184
v 0.883389 -27.591057 -36.769184
v 0.883388 -22.713837 -36.769184
v 0.883388 -9.053968 -36.769188
v 0.883388 -9.053968 -35.123203
v 1.205297 -9.053968 -35.123203
v 1.205298 -22.713837 -35.123199
v 1.205297 -9.053968 -36.769188
v 1.205298 -22.713837 -36.769184
v 1.205298 -27.591057 -35.123199
v 1.205298 -27.591057 -36.769184
v 1.205299 -36.428364 -36.769184
v 1.205298 -36.428364 -35.123199
v 1.205298 -36.428364 -33.477211
v 1.205298 -27.591057 -33.477211
v 1.205298 -22.713837 -33.477211
v 1.205297 -9.053968 -33.477215
v 0.883388 -9.053968 -33.477215
v 0.883388 -22.713837 -33.477211
v 1.047377 -9.053968 -33.477215
v 1.047378 -22.713837 -33.477211
v 1.205297 -9.053968 -33.477215
v 1.205298 -22.713837 -33.477211
v 1.047378 -27.591057 -33.477211
v 1.205298 -27.591057 -33.477211
v 1.205298 -36.428364 -33.477211
v 1.047378 -36.428364 -33.477211
v 0.883389 -36.428364 -33.477211
v 0.883388 -27.591057 -33.477211
v 0.883388 -9.053968 -36.769188
v 1.047378 -22.713837 -36.769184
v 0.883388 -22.713837 -36.769184
v 1.047378 -27.591057 -36.769184
v 0.883389 -27.591057 -36.769184
v 0.883389 -36.428364 -36.769184
v 1.047379 -36.428364 -36.769184
v 1.205299 -36.428364 -36.769184
v 1.205298 -27.591057 -36.769184
v 1.205298 -22.713837 -36.769184
v 1.205297 -9.053968 -36.769188
v 1.047377 -9.053968 -36.769188
v 0.883387 -9.053968 -28.217346
v 0.883388 -22.713835 -29.863331
v 0.883388 -22.713835 -28.217344
v 0.883388 -27.591055 -29.863331
v 0.883388 -27.591055 -28.217344
v 0.883388 -36.428364 -28.217342
v 0.883388 -36.428364 -29.863329
v 0.883389 -36.428364 -31.509315
v 0.883388 -27.591055 -31.509317
v 0.883388 -22.713835 -31.509317
v 0.883387 -9.053968 -31.509319
v 0.883387 -9.053968 -29.863333
v 1.205297 -9.053968 -29.863333
v 1.205297 -22.713835 -29.863331
v 1.205297 -9.053968 -31.509319
v 1.205297 -22.713835 -31.509317
v 1.205298 -27.591055 -29.863331
v 1.205298 -27.591055 -31.509317
v 1.205298 -36.428364 -31.509315
v 1.205298 -36.428364 -29.863329
v 1.205298 -36.428364 -28.217342
v 1.205297 -27.591055 -28.217344
v 1.205297 -22.713835 -28.217344
v 1.205297 -9.053968 -28.217346
v 0.883387 -9.053968 -28.217346
v 0.883388 -22.713835 -28.217344
v 1.047377 -9.053968 -28.217346
v 1.047377 -22.713835 -28.217344
v 1.205297 -9.053968 -28.217346
v 1.205297 -22.713835 -28.217344
v 1.047378 -27.591055 -28.217344
v 1.205297 -27.591055 -28.217344
v 1.205298 -36.428364 -28.217342
v 1.047378 -36.428364 -28.217342
v 0.883388 -36.428364 -28.217342
v 0.883388 -27.591055 -28.217344
v 0.883387 -9.053968 -31.509319
v 1.047378 -22.713835 -31.509317
v 0.883388 -22.713835 -31.509317
v 1.047378 -27.591055 -31.509317
v 0.883388 -27.591055 -31.509317
v 0.883389 -36.428364 -31.509315
v 1.047378 -36.428364 -31.509315
v 1.205298 -36.428364 -31.509315
v 1.205298 -27.591055 -31.509317
v 1.205297 -22.713835 -31.509317
v 1.205297 -9.053968 -31.509319
v 1.047377 -9.053968 -31.509319
v 0.883389 -9.102561 -46.456818
v 0.883389 -22.762424 -48.102802
v 0.883389 -22.762424 -46.456814
v 0.883389 -27.639647 -48.102802
v 0.883389 -27.639647 -46.456814
v 0.883390 -36.476952 -46.456814
v 0.883390 -36.476952 -48.102802
v 0.883390 -36.476952 -49.748787
v 0.883390 -27.639647 -49.748787
v 0.883389 -22.762424 -49.748787
v 0.883389 -9.102562 -49.748791
v 0.883389 -9.102561 -48.102806
v 1.205298 -9.102561 -48.102806
v 1.205299 -22.762424 -48.102802
v 1.205298 -9.102562 -49.748791
v 1.205299 -22.762424 -49.748787
v 1.205299 -27.639647 -48.102802
v 1.205299 -27.639647 -49.748787
v 1.205299 -36.476952 -49.748787
v 1.205299 -36.476952 -48.102802
v 1.205299 -36.476952 -46.456814
v 1.205299 -27.639647 -46.456814
v 1.205299 -22.762424 -46.456814
v 1.205298 -9.102561 -46.456818
v 0.883389 -9.102561 -46.456818
v 0.883389 -22.762424 -46.456814
v 1.047378 -9.102561 -46.456818
v 1.047379 -22.762424 -46.456814
v 1.205298 -9.102561 -46.456818
v 1.205299 -22.762424 -46.456814
v 1.047379 -27.639647 -46.456814
v 1.205299 -27.639647 -46.456814
v 1.205299 -36.476952 -46.456814
v 1.047379 -36.476952 -46.456814
v 0.883390 -36.476952 -46.456814
v 0.883389 -27.639647 -46.456814
v 0.883389 -9.102562 -49.748791
v 1.047379 -22.762424 -49.748787
v 0.883389 -22.762424 -49.748787
v 1.047379 -27.639647 -49.748787
v 0.883390 -27.639647 -49.748787
v 0.883390 -36.476952 -49.748787
v 1.047380 -36.476952 -49.748787
v 1.205299 -36.476952 -49.748787
v 1.205299 -27.639647 -49.748787
v 1.205299 -22.762424 -49.748787
v 1.205298 -9.102562 -49.748791
v 1.047378 -9.102562 -49.748791
v 0.883388 -9.102561 -41.196949
v 0.883389 -22.762424 -42.842934
v 0.883389 -22.762424 -41.196945
v 0.883389 -27.639647 -42.842934
v 0.883389 -27.639647 -41.196945
v 0.883389 -36.476952 -41.196945
v 0.883389 -36.476952 -42.842934
v 0.883390 -36.476952 -44.488918
v 0.883389 -27.639647 -44.488918
v 0.883389 -22.762424 -44.488918
v 0.883388 -9.102561 -44.488922
v 0.883388 -9.102561 -42.842937
v 1.205298 -9.102561 -42.842937
v 1.205298 -22.762424 -42.842934
v 1.205298 -9.102561 -44.488922
v 1.205299 -22.762424 -44.488918
v 1.205299 -27.639647 -42.842934
v 1.205299 -27.639647 -44.488918
v 1.205299 -36.476952 -44.488918
v 1.205299 -36.476952 -42.842934
v 1.205299 -36.476952 -41.196945
v 1.205298 -27.639647 -41.196945
v 1.205298 -22.762424 -41.196945
v 1.205298 -9.102561 -41.196949
v 0.883388 -9.102561 -41.196949
v 0.883389 -22.762424 -41.196945
v 1.047378 -9.102561 -41.196949
v 1.047378 -22.762424 -41.196945
v 1.205298 -9.102561 -41.196949
v 1.205298 -22.762424 -41.196945
v 1.047379 -27.639647 -41.196945
v 1.205298 -27.639647 -41.196945
v 1.205299 -36.476952 -41.196945
v 1.047379 -36.476952 -41.196945
v 0.883389 -36.476952 -41.196945
v 0.883389 -27.639647 -41.196945
v 0.883388 -9.102561 -44.488922
v 1.047379 -22.762424 -44.488918
v 0.883389 -22.762424 -44.488918
v 1.047379 -27.639647 -44.488918
v 0.883389 -27.639647 -44.488918
v 0.883390 -36.476952 -44.488918
v 1.047379 -36.476952 -44.488918
v 1.205299 -36.476952 -44.488918
v 1.205299 -27.639647 -44.488918
v 1.205299 -22.762424 -44.488918
v 1.205298 -9.102561 -44.488922
v 1.047378 -9.102561 -44.488922
v 0.883387 -2.470025 -31.393919
v 0.883386 11.189838 -29.747934
v 0.883386 11.189838 -31.393921
v 0.883386 16.073135 -29.747934
v 0.883386 16.073135 -31.393921
v 0.883386 24.910444 -31.393921
v 0.883386 24.910444 -29.747934
v 0.883386 24.910444 -28.095875
v 0.883386 16.073135 -28.095875
v 0.883386 11.189838 -28.095875
v 0.883387 -2.470025 -28.095873
v 0.883387 -2.470025 -29.747932
v 1.205297 -2.470025 -29.747932
v 1.205296 11.189838 -29.747934
v 1.205296 -2.470025 -28.095873
v 1.205296 11.189838 -28.095875
v 1.205296 16.073135 -29.747934
v 1.205296 16.073135 -28.095875
v 1.205295 24.910444 -28.095875
v 1.205295 24.910444 -29.747934
v 1.205295 24.910444 -31.393921
v 1.205296 16.073135 -31.393921
v 1.205296 11.189838 -31.393921
v 1.205297 -2.470025 -31.393919
v 0.883387 -2.470025 -31.393919
v 0.883386 11.189838 -31.393921
v 1.047377 -2.470025 -31.393919
v 1.047376 11.189838 -31.393921
v 1.205297 -2.470025 -31.393919
v 1.205296 11.189838 -31.393921
v 1.047376 16.073135 -31.393921
v 1.205296 16.073135 -31.393921
v 1.205295 24.910444 -31.393921
v 1.047376 24.910444 -31.393921
v 0.883386 24.910444 -31.393921
v 0.883386 16.073135 -31.393921
v 0.883387 -2.470025 -28.095873
v 1.047376 11.189838 -28.095875
v 0.883386 11.189838 -28.095875
v 1.047376 16.073135 -28.095875
v 0.883386 16.073135 -28.095875
v 0.883386 24.910444 -28.095875
v 1.047375 24.910444 -28.095875
v 1.205295 24.910444 -28.095875
v 1.205296 16.073135 -28.095875
v 1.205296 11.189838 -28.095875
v 1.205296 -2.470025 -28.095873
v 1.047377 -2.470025 -28.095873
v 0.883387 -2.470026 -36.653786
v 0.883387 11.189838 -35.007801
v 0.883387 11.189838 -36.653786
v 0.883387 16.073133 -35.007801
v 0.883387 16.073133 -36.653786
v 0.883386 24.910442 -36.653790
v 0.883386 24.910442 -35.007805
v 0.883386 24.910442 -33.355743
v 0.883386 16.073133 -33.355740
v 0.883387 11.189838 -33.355740
v 0.883387 -2.470025 -33.355740
v 0.883387 -2.470026 -35.007801
v 1.205297 -2.470026 -35.007801
v 1.205296 11.189838 -35.007801
v 1.205297 -2.470025 -33.355740
v 1.205296 11.189838 -33.355740
v 1.205296 16.073133 -35.007801
v 1.205296 16.073133 -33.355740
v 1.205296 24.910442 -33.355743
v 1.205296 24.910442 -35.001728
v 1.205296 24.910442 -36.653790
v 1.205296 16.073133 -36.653786
v 1.205296 11.189838 -36.653786
v 1.205297 -2.470026 -36.653786
v 0.883387 -2.470026 -36.653786
v 0.883387 11.189838 -36.653786
v 1.047377 -2.470026 -36.653786
v 1.047377 11.189838 -36.653786
v 1.205297 -2.470026 -36.653786
v 1.205296 11.189838 -36.653786
v 1.047376 16.073133 -36.653786
v 1.205296 16.073133 -36.653786
v 1.205296 24.910442 -36.653790
v 1.047376 24.910442 -36.653790
v 0.883386 24.910442 -36.653790
v 0.883387 16.073133 -36.653786
v 0.883387 -2.470025 -33.355740
v 1.047376 11.189838 -33.355740
v 0.883387 11.189838 -33.355740
v 1.047376 16.073133 -33.355740
v 0.883386 16.073133 -33.355740
v 0.883386 24.910442 -33.355743
v 1.047376 24.910442 -33.355743
v 1.205296 24.910442 -33.355743
v 1.205296 16.073133 -33.355740
v 1.205296 11.189838 -33.355740
v 1.205297 -2.470025 -33.355740
v 1.047377 -2.470025 -33.355740
v 0.883388 -2.470026 -44.373520
v 0.883387 11.189837 -42.721466
v 0.883387 11.189837 -44.373520
v 0.883387 16.073133 -42.721466
v 0.883387 16.073133 -44.373520
v 0.883387 24.910442 -44.373524
v 0.883387 24.910442 -42.721470
v 0.883387 24.910442 -41.075481
v 0.883387 16.073133 -41.075478
v 0.883387 11.189837 -41.075478
v 0.883388 -2.470026 -41.075478
v 0.883388 -2.470026 -42.721466
v 1.205297 -2.470026 -42.721466
v 1.205297 11.189837 -42.721466
v 1.205297 -2.470026 -41.075478
v 1.205297 11.189837 -41.075478
v 1.205297 16.073133 -42.721466
v 1.205297 16.073133 -41.075478
v 1.205296 24.910442 -41.075481
v 1.205296 24.910442 -42.721470
v 1.205296 24.910442 -44.373524
v 1.205297 16.073133 -44.373520
v 1.205297 11.189837 -44.373520
v 1.205298 -2.470026 -44.373520
v 0.883388 -2.470026 -44.373520
v 0.883387 11.189837 -44.373520
v 1.047378 -2.470026 -44.373520
v 1.047377 11.189837 -44.373520
v 1.205298 -2.470026 -44.373520
v 1.205297 11.189837 -44.373520
v 1.047377 16.073133 -44.373520
v 1.205297 16.073133 -44.373520
v 1.205296 24.910442 -44.373524
v 1.047377 24.910442 -44.373524
v 0.883387 24.910442 -44.373524
v 0.883387 16.073133 -44.373520
v 0.883388 -2.470026 -41.075478
v 1.047377 11.189837 -41.075478
v 0.883387 11.189837 -41.075478
v 1.047377 16.073133 -41.075478
v 0.883387 16.073133 -41.075478
v 0.883387 24.910442 -41.075481
v 1.047376 24.910442 -41.075481
v 1.205296 24.910442 -41.075481
v 1.205297 16.073133 -41.075478
v 1.205297 11.189837 -41.075478
v 1.205297 -2.470026 -41.075478
v 1.047377 -2.470026 -41.075478
v 0.883388 -2.470027 -49.633392
v 0.883388 11.189837 -47.981331
v 0.883388 11.189837 -49.633392
v 0.883388 16.073133 -47.981331
v 0.883388 16.073133 -49.633392
v 0.883387 24.910442 -49.633396
v 0.883387 24.910442 -47.981335
v 0.883387 24.910442 -46.335346
v 0.883387 16.073133 -46.335342
v 0.883388 11.189837 -46.335342
v 0.883388 -2.470026 -46.335342
v 0.883388 -2.470027 -47.981331
v 1.205298 -2.470027 -47.981331
v 1.205297 11.189837 -47.981331
v 1.205298 -2.470026 -46.335342
v 1.205297 11.189837 -46.335342
v 1.205297 16.073133 -47.981331
v 1.205297 16.073133 -46.335342
v 1.205297 24.910442 -46.335346
v 1.205297 24.910442 -47.981335
v 1.205297 24.910442 -49.627319
v 1.205297 16.073133 -49.633392
v 1.205297 11.189837 -49.633392
v 1.205298 -2.470027 -49.633392
v 0.883388 -2.470027 -49.633392
v 0.883388 11.189837 -49.633392
v 1.047378 -2.470027 -49.633392
v 1.047377 11.189837 -49.633392
v 1.205298 -2.470027 -49.633392
v 1.205297 11.189837 -49.633392
v 1.047377 16.073133 -49.633392
v 1.205297 16.073133 -49.633392
v 1.205297 24.910442 -49.627319
v 1.047377 24.910442 -49.633396
v 0.883387 24.910442 -49.633396
v 0.883388 16.073133 -49.633392
v 0.883388 -2.470026 -46.335342
v 1.047377 11.189837 -46.335342
v 0.883388 11.189837 -46.335342
v 1.047377 16.073133 -46.335342
v 0.883387 16.073133 -46.335342
v 0.883387 24.910442 -46.335346
v 1.047377 24.910442 -46.335346
v 1.205297 24.910442 -46.335346
v 1.205297 16.073133 -46.335342
v 1.205297 11.189837 -46.335342
v 1.205298 -2.470026 -46.335342
v 1.047378 -2.470026 -46.335342
v 0.597919 -4.356230 1.052058
v 0.597919 -2.503735 0.560084
v -1.843729 -4.356230 1.519737
v -1.843729 -2.503735 0.815180
v 0.597919 -4.356230 -1.049459
v 0.597919 -2.503735 -0.563560
v 0.597919 -4.356230 1.052058
v 0.597919 -2.503735 0.560084
v -1.843729 -4.356230 -1.517139
v -1.843729 -2.503735 -0.812587
v 0.597919 -4.356230 -1.049459
v 0.597919 -2.503735 -0.563560
v -1.843729 -4.356230 1.519737
v -1.843729 -2.503735 0.815180
v -1.843729 -4.356230 -1.517139
v -1.843729 -2.503735 -0.812587
v 1.521129 -2.849939 0.554009
v 1.521129 -2.503735 0.560084
v 0.597919 -2.849939 0.554009
v 0.597919 -2.503735 0.560084
v 1.521129 -2.849939 -0.551415
v 1.521129 -2.503735 -0.563560
v 1.521129 -2.849939 0.554009
v 1.521129 -2.503735 0.560084
v 0.597919 -2.849939 -0.551415
v 0.597919 -2.503735 -0.563560
v 1.521129 -2.849939 -0.551415
v 1.521129 -2.503735 -0.563560
v 0.597919 -2.849939 0.554009
v 0.597919 -2.503735 0.560084
v 0.597919 -2.849939 -0.551415
v 0.597919 -2.503735 -0.563560
v 0.597919 -4.356230 1.052058
v -1.843729 -4.356230 1.519737
v 0.597919 -4.356230 -1.049459
v -1.843729 -4.356230 -1.517139
v 8.906808 -2.783127 12.792617
v 8.433053 -2.351889 12.689365
v 8.548454 -2.783127 13.661163
v 8.433053 -2.351889 13.472875
v 7.679908 -2.783127 12.792617
v 7.685983 -2.594841 12.689365
v 8.906808 -2.783127 12.792617
v 8.433053 -2.351889 12.689365
v 7.685983 -2.594841 13.472875
v 7.685983 -2.594841 12.689365
v 7.679908 -2.783127 12.792617
v 7.679908 -2.783127 12.792617
v 8.548454 -2.783127 13.661163
v 7.685983 -2.594841 13.472875
v 8.433053 -2.351889 13.472875
v -5.664118 0.824679 0.888062
v -5.311841 0.824679 0.888062
v -5.311841 0.824679 0.888062
v -5.311841 0.824679 0.888062
v -5.311841 0.806459 0.341425
v -5.311841 0.824679 0.888062
v -21.346542 -0.584431 -0.399572
v -21.261511 -0.790939 -0.873322
v -21.346542 -0.736274 0.001295
v -21.261511 -0.797012 -0.035149
v -21.346542 -0.736274 0.001295
v -21.261511 -0.797012 -0.035149
v -21.346542 -0.602653 0.420386
v -21.261511 -0.815234 0.815178
v -7.237219 0.435959 0.596526
v -7.164334 0.824679 0.888062
v -7.237219 0.703205 0.226023
v -7.164334 0.806459 0.341425
v -7.237219 0.703205 0.226023
v -7.164334 0.806459 0.341425
v -7.237219 0.703205 -0.229507
v -7.164334 0.806459 -0.338833
v -7.237219 0.703205 -0.229507
v -7.164334 0.806459 -0.338833
v -7.237219 0.429886 -0.593930
v -6.787764 0.824679 -0.891545
v -21.346542 -0.244302 0.693702
v -21.261511 -0.329334 0.906285
v -21.346542 0.211231 0.705852
v -21.261511 0.284116 0.924505
v -20.459774 -0.329334 0.906285
v -20.459774 0.284116 0.924505
v -19.609449 -0.329334 0.906285
v -19.609449 0.284116 0.924505
v -19.530493 -0.244302 0.693702
v -19.530493 0.211231 0.705852
v -21.346542 0.211231 0.705852
v -21.261511 0.284116 0.924505
v -21.346542 0.581729 0.444680
v -21.261511 0.788237 0.869841
v -20.459774 0.284116 0.924505
v -20.459774 0.788237 0.869842
v -19.609449 0.284116 0.924505
v -19.609449 0.788237 0.869842
v -19.530493 0.211231 0.705852
v -19.530493 0.581729 0.444680
v -21.346542 0.581729 0.444680
v -21.261511 0.788237 0.869841
v -21.346542 0.733574 0.019519
v -21.261511 0.800384 0.037739
v -20.459774 0.788237 0.869842
v -20.459774 0.800384 0.037739
v -19.609449 0.788237 0.869842
v -19.609449 0.800384 0.037739
v -19.530493 0.581729 0.444680
v -19.530493 0.733574 0.019519
v -21.346542 0.733574 0.019519
v -21.261511 0.800384 0.037739
v -21.346542 0.606025 -0.417792
v -21.261511 0.818606 -0.812589
v -20.459774 0.800384 0.037739
v -20.459774 0.818606 -0.812589
v -19.609449 0.800384 0.037739
v -19.609449 0.818606 -0.812589
v -19.530493 0.733574 0.019519
v -19.530493 0.606025 -0.417792
v -21.346542 0.606025 -0.417792
v -21.261511 0.818606 -0.812589
v -21.346542 0.211230 -0.642519
v -21.261511 0.332704 -0.909766
v -20.459774 0.818606 -0.812589
v -20.459774 0.332704 -0.909766
v -19.609449 0.818606 -0.812589
v -19.609449 0.332704 -0.909765
v -19.530493 0.606025 -0.417792
v -19.530493 0.241600 -0.691113
v -21.346542 0.211230 -0.642519
v -21.261511 0.332704 -0.909766
v -21.346542 -0.207858 -0.642519
v -21.261511 -0.280744 -0.921915
v -20.459774 0.332704 -0.909766
v -20.459774 -0.280744 -0.921915
v -19.609449 0.332704 -0.909765
v -19.609449 -0.280744 -0.921915
v -19.530493 0.241600 -0.691113
v -19.530493 -0.207858 -0.703257
v -21.346542 -0.207858 -0.642519
v -21.261511 -0.280744 -0.921915
v -21.346542 -0.584431 -0.399572
v -21.261511 -0.790939 -0.873322
v -20.459774 -0.280744 -0.921915
v -20.459774 -0.790939 -0.873322
v -19.609449 -0.280744 -0.921915
v -19.609449 -0.790939 -0.873322
v -19.530493 -0.207858 -0.703257
v -19.530493 -0.584431 -0.448160
v -19.609449 -0.790939 -0.873322
v -19.530493 -0.584431 -0.448160
v -19.609449 -0.815234 -0.041219
v -19.530493 -0.736274 -0.016924
v -19.609449 -0.815234 -0.041219
v -19.530493 -0.736274 -0.016924
v -19.609449 -0.815233 0.815178
v -19.530493 -0.602653 0.420386
v -21.346542 -0.602653 0.420386
v -21.261511 -0.815234 0.815178
v -21.346542 -0.244302 0.693702
v -21.261511 -0.329334 0.906285
v -20.459774 -0.815234 0.815178
v -20.459774 -0.329334 0.906285
v -19.609449 -0.815233 0.815178
v -19.609449 -0.329334 0.906285
v -19.530493 -0.602653 0.420386
v -19.530493 -0.244302 0.693702
v -15.005547 -0.201783 2.916695
v -13.608584 -0.195711 2.509754
v -11.683205 -0.201783 2.916696
v -13.080167 -0.195711 2.509754
v -15.005547 -0.195711 2.491534
v -11.683205 -0.195711 2.491534
v -15.005548 -0.153194 11.498907
v -15.005547 0.059386 2.922770
v -15.005548 -0.414365 11.492832
v -15.005547 -0.201783 2.916695
v -13.608584 0.065461 2.515829
v -13.608584 -0.195711 2.509754
v -15.005547 0.071536 2.497609
v -15.005547 -0.195711 2.491534
v -11.683205 0.059386 2.922771
v -13.080167 0.065461 2.515829
v -15.005547 0.059386 2.922770
v -13.608584 0.065461 2.515829
v -11.683205 0.071536 2.497609
v -15.005547 0.071536 2.497609
v -11.683206 -0.414365 11.492832
v -11.683205 -0.201783 2.916696
v -11.683206 -0.153194 11.498907
v -11.683205 0.059386 2.922771
v -13.080167 -0.195711 2.509754
v -13.080167 0.065461 2.515829
v -11.683205 -0.195711 2.491534
v -11.683205 0.071536 2.497609
v -15.005547 0.205156 -2.962693
v -13.608584 0.193009 -2.519308
v -11.683205 0.205156 -2.962693
v -13.080167 0.193009 -2.519308
v -15.005547 0.193009 -2.495014
v -11.683205 0.193009 -2.495013
v -15.005546 0.150492 -11.502386
v -15.005547 -0.056016 -2.968768
v -15.005546 0.411663 -11.496313
v -15.005547 0.205156 -2.962693
v -13.608584 -0.068163 -2.525383
v -13.608584 0.193009 -2.519308
v -15.005547 -0.068163 -2.501088
v -15.005547 0.193009 -2.495014
v -11.683205 -0.056016 -2.968768
v -13.080167 -0.068163 -2.525383
v -15.005547 -0.056016 -2.968768
v -13.608584 -0.068163 -2.525383
v -11.683205 -0.068163 -2.501088
v -15.005547 -0.068163 -2.501088
v -11.683204 0.411663 -11.496313
v -11.683205 0.205156 -2.962693
v -11.683204 0.150492 -11.502386
v -11.683205 -0.056016 -2.968768
v -13.080167 0.193009 -2.519308
v -13.080167 -0.068163 -2.525383
v -11.683205 0.193009 -2.495013
v -11.683205 -0.068163 -2.501088
v -15.005547 -0.195711 2.491534
v -15.005547 0.071536 2.497609
v -15.005547 -0.869896 2.473315
v -15.005547 0.751794 2.515828
v -15.005547 -0.195711 2.491534
v -15.005547 -0.869896 2.473315
v -11.683205 -0.195711 2.491534
v -11.683205 -0.869896 2.473315
v -15.005547 0.751794 2.515828
v -15.005547 0.071536 2.497609
v -11.683205 0.751794 2.515829
v -11.683205 0.071536 2.497609
v -15.005547 0.193009 -2.495014
v -15.005547 -0.068163 -2.501088
v -15.005547 0.873269 -2.476794
v -15.005547 -0.748423 -2.513238
v -11.683205 0.751794 2.515829
v -11.683205 -0.869896 2.473315
v -11.683205 -0.869896 2.473315
v -15.005547 -0.869896 2.473315
v -15.005547 -0.869896 2.473315
v -15.005547 0.751794 2.515828
v -15.005547 0.751794 2.515828
v -11.683205 0.751794 2.515829
v 10.826112 -0.001349 0.906288
v 10.619608 -0.001349 1.525808
v 10.826112 -0.766641 0.778737
v 10.826112 -0.894192 -0.004778
v 10.619608 -1.507640 -0.004778
v 10.826112 -0.766641 -0.782217
v 10.826112 -0.001349 -0.915838
v 10.619608 -0.001349 -1.535363
v 10.826112 0.763944 -0.782217
v 10.826112 0.770016 0.778737
v 10.826112 0.897565 -0.004778
v 10.619608 1.504940 -0.004778
v 10.206592 1.747889 -1.760091
v 10.619608 1.091926 -1.116272
v 10.206592 1.747889 -1.760091
v 10.206592 -0.001349 -2.458573
v 10.206592 -1.750589 -1.754016
v 10.619608 -1.094626 -1.116271
v 10.206592 -1.750589 -1.754016
v 10.206592 -2.449072 -0.004777
v 10.206592 -1.750589 1.750540
v 10.619608 -1.094625 1.112796
v 10.206592 -1.750589 1.750540
v 10.206592 -0.001348 2.449018
v 10.206592 1.747890 1.744465
v 10.619608 1.097998 1.106721
v 10.206592 1.747890 1.744465
v 10.206592 2.452447 -0.004778
v 10.206592 2.452447 -0.004778
v 10.206592 1.747889 -1.760091
v 10.206592 2.646805 -2.646857
v 10.206592 -0.001349 -2.646857
v 10.206592 -0.001349 -2.458573
v 10.206592 -2.643430 -2.646857
v 10.206592 -1.750589 -1.754016
v 10.206592 -2.643430 0.001297
v 10.206592 -2.449072 -0.004777
v 10.206592 -2.643430 2.631232
v 10.206592 -1.750589 1.750540
v 10.206592 -0.001348 2.631232
v 10.206592 -0.001348 2.449018
v 10.206592 2.646806 2.631231
v 10.206592 1.747890 1.744465
v 10.206592 2.646805 -0.010848
v 6.695966 -12.616529 -0.284168
v 7.613101 -12.616529 0.013448
v 6.695966 -12.616529 0.311058
v 7.042170 -12.616529 0.796962
v 7.613101 -12.616529 0.979171
v 8.177958 -12.616529 0.796962
v 8.530237 -12.616529 0.311058
v 8.530237 -12.616529 -0.284168
v 8.177958 -12.616529 -0.770067
v 7.613101 -12.616529 -0.952281
v 7.042170 -12.616529 -0.770067
v 7.558438 -2.643431 -2.646857
v 7.613101 -2.770979 -2.622563
v 4.910279 -2.643431 -2.646857
v 5.244339 -2.770979 -2.482867
v 7.613101 -3.026078 -2.622563
v 6.064291 -3.026078 -2.118439
v 7.613101 -3.038225 -1.486769
v 6.732405 -3.038225 -1.201304
v 7.613101 -3.590937 -2.622563
v 6.064291 -3.590937 -2.118439
v 7.613101 -9.099829 -2.622562
v 6.064291 -9.099829 -2.118438
v 7.613102 -12.160999 -2.622562
v 6.064291 -12.160999 -2.118438
v 7.613101 -12.616529 -0.952281
v 7.042170 -12.616529 -0.770067
v 10.206592 -2.643430 -2.646857
v 9.902902 -2.770979 -2.482867
v 7.558438 -2.643431 -2.646857
v 7.613101 -2.770979 -2.622563
v 9.161905 -3.026078 -2.118439
v 7.613101 -3.026078 -2.622563
v 8.493793 -3.038225 -1.201304
v 7.613101 -3.038225 -1.486769
v 9.161905 -3.590937 -2.118439
v 7.613101 -3.590937 -2.622563
v 9.161906 -9.099829 -2.118438
v 7.613101 -9.099829 -2.622562
v 9.161906 -12.160999 -2.118438
v 7.613102 -12.160999 -2.622562
v 8.177958 -12.616529 -0.770067
v 7.613101 -12.616529 -0.952281
v 10.206592 -2.643430 0.001297
v 10.176223 -2.770979 -0.223430
v 10.206592 -2.643430 -2.646857
v 9.902902 -2.770979 -2.482867
v 10.115484 -3.026078 -0.800437
v 9.161905 -3.026078 -2.118439
v 9.040429 -3.038225 -0.448158
v 8.493793 -3.038225 -1.201304
v 10.115484 -3.590937 -0.800436
v 9.161905 -3.590937 -2.118439
v 10.115484 -9.099829 -0.800436
v 9.161906 -9.099829 -2.118438
v 10.115485 -12.160999 -0.800436
v 9.161906 -12.160999 -2.118438
v 8.530237 -12.616529 -0.284168
v 8.177958 -12.616529 -0.770067
v 10.206592 -2.643430 0.001297
v 10.176223 -2.770979 0.250324
v 10.176223 -2.770979 -0.223430
v 10.115484 -3.026078 0.827331
v 10.115484 -3.026078 -0.800437
v 9.040429 -3.038225 0.475052
v 9.040429 -3.038225 -0.448158
v 10.115484 -3.590937 0.827331
v 10.115484 -3.590937 -0.800436
v 10.115484 -9.099829 0.827331
v 10.115484 -9.099829 -0.800436
v 10.115484 -12.160999 0.827331
v 10.115485 -12.160999 -0.800436
v 8.530237 -12.616529 0.311058
v 8.530237 -12.616529 -0.284168
v 10.206592 -2.643430 2.631232
v 9.902902 -2.770978 2.509756
v 10.206592 -2.643430 0.001297
v 10.176223 -2.770979 0.250324
v 10.115484 -3.026078 0.827331
v 9.161905 -3.026078 2.145333
v 8.493793 -3.038225 1.228197
v 9.040429 -3.038225 0.475052
v 9.161905 -3.590937 2.145333
v 10.115484 -3.590937 0.827331
v 9.161905 -9.099829 2.145333
v 10.115484 -9.099829 0.827331
v 9.161905 -12.160999 2.145333
v 10.115484 -12.160999 0.827331
v 8.177958 -12.616529 0.796962
v 8.530237 -12.616529 0.311058
v 7.613101 -2.637358 2.649451
v 7.576657 -2.770979 2.649451
v 10.206592 -2.643430 2.631232
v 9.902902 -2.770978 2.509756
v 7.613101 -3.026078 2.649451
v 9.161905 -3.026078 2.145333
v 7.613101 -3.038225 1.513663
v 8.493793 -3.038225 1.228197
v 7.613101 -3.590937 2.649451
v 9.161905 -3.590937 2.145333
v 7.613101 -9.099829 2.649451
v 9.161905 -9.099829 2.145333
v 7.613101 -12.160999 2.649452
v 9.161905 -12.160999 2.145333
v 7.613101 -12.616529 0.979171
v 8.177958 -12.616529 0.796962
v 4.910279 -2.643430 2.637306
v 5.244338 -2.770979 2.509756
v 7.613101 -2.637358 2.649451
v 7.576657 -2.770979 2.649451
v 6.064291 -3.026078 2.145332
v 7.613101 -3.026078 2.649451
v 6.732405 -3.038225 1.228197
v 7.613101 -3.038225 1.513663
v 6.064291 -3.590937 2.145332
v 7.613101 -3.590937 2.649451
v 6.064291 -9.099829 2.145333
v 7.613101 -9.099829 2.649451
v 6.064291 -12.160999 2.145333
v 7.613101 -12.160999 2.649452
v 7.042170 -12.616529 0.796962
v 7.613101 -12.616529 0.979171
v 4.910279 -2.643430 0.013447
v 4.971017 -2.770979 0.250324
v 4.910279 -2.643430 2.637306
v 5.244338 -2.770979 2.509756
v 5.104642 -3.026078 0.827330
v 6.064291 -3.026078 2.145332
v 6.185767 -3.038225 0.475052
v 6.732405 -3.038225 1.228197
v 5.104642 -3.590937 0.827330
v 6.064291 -3.590937 2.145332
v 5.104643 -9.099829 0.827331
v 6.064291 -9.099829 2.145333
v 5.104643 -12.160999 0.827331
v 6.064291 -12.160999 2.145333
v 6.695966 -12.616529 0.311058
v 7.042170 -12.616529 0.796962
v 4.910279 -2.643430 0.013447
v 4.971017 -2.770979 -0.223431
v 4.971017 -2.770979 0.250324
v 5.104642 -3.026078 -0.800437
v 5.104642 -3.026078 0.827330
v 6.185767 -3.038225 -0.448158
v 6.185767 -3.038225 0.475052
v 5.104642 -3.590937 -0.800437
v 5.104642 -3.590937 0.827330
v 5.104643 -9.099829 -0.800436
v 5.104643 -9.099829 0.827331
v 5.104643 -12.160999 -0.800436
v 5.104643 -12.160999 0.827331
v 6.695966 -12.616529 -0.284168
v 6.695966 -12.616529 0.311058
v 4.910279 -2.643431 -2.646857
v 5.244339 -2.770979 -2.482867
v 4.910279 -2.643430 0.013447
v 4.971017 -2.770979 -0.223431
v 5.104642 -3.026078 -0.800437
v 6.064291 -3.026078 -2.118439
v 6.732405 -3.038225 -1.201304
v 6.185767 -3.038225 -0.448158
v 6.064291 -3.590937 -2.118439
v 5.104642 -3.590937 -0.800437
v 6.064291 -9.099829 -2.118438
v 5.104643 -9.099829 -0.800436
v 6.064291 -12.160999 -2.118438
v 5.104643 -12.160999 -0.800436
v 7.042170 -12.616529 -0.770067
v 6.695966 -12.616529 -0.284168
v 6.695965 -0.298963 15.295000
v 7.613100 -0.001347 15.295000
v 6.695965 0.296265 15.295000
v 7.042169 0.782165 15.295000
v 7.613100 0.964379 15.295000
v 8.177957 0.782165 15.295000
v 8.530235 0.296265 15.295000
v 8.530235 -0.298963 15.295000
v 8.177957 -0.778790 15.295000
v 7.613100 -0.967074 15.295000
v 7.042169 -0.778790 15.295000
v 7.613101 -2.637358 2.649451
v 7.613101 -2.637358 2.819520
v 4.910279 -2.643430 2.637306
v 5.244338 -2.497660 2.819520
v 7.613101 -2.637358 3.074617
v 6.064291 -2.133237 3.074617
v 7.613101 -1.252543 3.074617
v 6.872100 -1.015666 3.074617
v 7.613101 -2.637358 3.700212
v 6.064291 -2.133237 3.700212
v 7.613101 -2.637357 9.142290
v 6.064291 -2.133236 9.142289
v 7.613100 -2.637357 11.942289
v 6.064290 -2.133236 11.942288
v 7.613100 -2.637357 13.563981
v 6.064290 -2.133236 13.563980
v 7.613100 -2.637357 14.839470
v 6.064290 -2.133236 14.839469
v 7.613100 -0.967074 15.295000
v 7.042169 -0.778790 15.295000
v 7.685983 -2.594841 13.472875
v 8.433053 -2.351889 13.472875
v 9.161904 -2.133236 13.563981
v 9.161904 -2.133236 11.942289
v 8.433053 -2.351889 12.689365
v 10.206592 -2.643430 2.631232
v 9.902902 -2.497660 2.819521
v 7.613101 -2.637358 2.649451
v 7.613101 -2.637358 2.819520
v 9.161905 -2.133237 3.074617
v 7.613101 -2.637358 3.074617
v 8.348022 -1.015666 3.074617
v 7.613101 -1.252543 3.074617
v 9.161905 -2.133237 3.700212
v 7.613101 -2.637358 3.700212
v 9.161904 -2.133236 9.142290
v 7.613101 -2.637357 9.142290
v 7.613100 -2.637357 11.942289
v 7.685983 -2.594841 12.689365
v 7.613100 -2.637357 13.563981
v 9.161904 -2.133236 14.839470
v 7.613100 -2.637357 14.839470
v 8.177957 -0.778790 15.295000
v 7.613100 -0.967074 15.295000
v 10.206592 -0.001348 2.631232
v 10.176223 -0.238226 2.819520
v 10.206592 -2.643430 2.631232
v 9.902902 -2.497660 2.819521
v 10.115484 -0.815232 3.074617
v 9.161905 -2.133237 3.074617
v 8.803557 -0.390068 3.074617
v 8.348022 -1.015666 3.074617
v 10.115484 -0.815232 3.700212
v 9.161905 -2.133237 3.700212
v 10.115483 -0.815232 9.142290
v 9.161904 -2.133236 9.142290
v 10.115483 -0.815231 11.942289
v 9.161904 -2.133236 11.942289
v 10.115483 -0.815231 13.563981
v 9.161904 -2.133236 13.563981
v 10.115483 -0.815231 14.839470
v 9.161904 -2.133236 14.839470
v 8.530235 -0.298963 15.295000
v 8.177957 -0.778790 15.295000
v 10.206592 -0.001348 2.631232
v 10.176223 0.235526 2.819520
v 10.176223 -0.238226 2.819520
v 10.115484 0.812533 3.074617
v 10.115484 -0.815232 3.074617
v 8.803557 0.387371 3.074617
v 8.803557 -0.390068 3.074617
v 10.115484 0.812533 3.700212
v 10.115484 -0.815232 3.700212
v 10.115483 0.812533 9.142290
v 10.115483 -0.815232 9.142290
v 10.115483 0.812533 11.942289
v 10.115483 -0.815231 11.942289
v 10.115483 0.812534 13.563981
v 10.115483 -0.815231 13.563981
v 10.115483 0.812534 14.839470
v 10.115483 -0.815231 14.839470
v 8.530235 0.296265 15.295000
v 8.530235 -0.298963 15.295000
v 10.206592 2.646806 2.631231
v 9.902902 2.494963 2.819520
v 10.206592 -0.001348 2.631232
v 10.176223 0.235526 2.819520
v 10.115484 0.812533 3.074617
v 9.161905 2.130537 3.074617
v 8.348022 1.012966 3.074617
v 8.803557 0.387371 3.074617
v 9.161905 2.130537 3.700212
v 10.115484 0.812533 3.700212
v 9.161904 2.130538 9.142290
v 10.115483 0.812533 9.142290
v 9.161904 2.130538 11.942289
v 10.115483 0.812533 11.942289
v 9.161904 2.130538 13.563981
v 10.115483 0.812534 13.563981
v 9.161904 2.130538 14.839470
v 10.115483 0.812534 14.839470
v 8.177957 0.782165 15.295000
v 8.530235 0.296265 15.295000
v 7.613101 2.646805 2.643381
v 7.576656 2.634658 2.819520
v 10.206592 2.646806 2.631231
v 9.902902 2.494963 2.819520
v 7.613101 2.634658 3.074617
v 9.161905 2.130537 3.074617
v 7.613101 1.255916 3.074617
v 8.348022 1.012966 3.074617
v 7.613101 2.634658 3.700211
v 9.161905 2.130537 3.700212
v 7.613100 2.634659 9.142290
v 9.161904 2.130538 9.142290
v 7.613100 2.634659 11.942289
v 9.161904 2.130538 11.942289
v 7.613100 2.634659 13.563981
v 9.161904 2.130538 13.563981
v 7.613100 2.634659 14.839470
v 9.161904 2.130538 14.839470
v 7.613100 0.964379 15.295000
v 8.177957 0.782165 15.295000
v 4.910278 2.646805 2.637306
v 5.244338 2.494963 2.819520
v 7.613101 2.646805 2.643381
v 7.576656 2.634658 2.819520
v 6.064291 2.130537 3.074617
v 7.613101 2.634658 3.074617
v 6.872099 1.012966 3.074617
v 7.613101 1.255916 3.074617
v 6.064291 2.130537 3.700211
v 7.613101 2.634658 3.700211
v 6.064290 2.130538 9.142289
v 7.613100 2.634659 9.142290
v 6.064290 2.130538 11.942288
v 7.613100 2.634659 11.942289
v 6.064290 2.130538 13.563980
v 7.613100 2.634659 13.563981
v 6.064290 2.130538 14.839469
v 7.613100 2.634659 14.839470
v 7.042169 0.782165 15.295000
v 7.613100 0.964379 15.295000
v 4.910279 -0.001349 2.637306
v 4.971017 0.235526 2.819520
v 4.910278 2.646805 2.637306
v 5.244338 2.494963 2.819520
v 5.104642 0.812532 3.074617
v 6.064291 2.130537 3.074617
v 6.416569 0.387371 3.074617
v 6.872099 1.012966 3.074617
v 5.104642 0.812532 3.700212
v 6.064291 2.130537 3.700211
v 5.104641 0.812533 9.142289
v 6.064290 2.130538 9.142289
v 5.104641 0.812533 11.942288
v 6.064290 2.130538 11.942288
v 5.104641 0.812533 13.563980
v 6.064290 2.130538 13.563980
v 5.104641 0.812533 14.839469
v 6.064290 2.130538 14.839469
v 6.695965 0.296265 15.295000
v 7.042169 0.782165 15.295000
v 4.910279 -0.001349 2.637306
v 4.971017 -0.238226 2.819520
v 4.971017 0.235526 2.819520
v 5.104642 -0.815232 3.074617
v 5.104642 0.812532 3.074617
v 6.416570 -0.390068 3.074617
v 6.416569 0.387371 3.074617
v 5.104642 -0.815232 3.700212
v 5.104642 0.812532 3.700212
v 5.104642 -0.815232 9.142289
v 5.104641 0.812533 9.142289
v 5.104641 -0.815231 11.942288
v 5.104641 0.812533 11.942288
v 5.104641 -0.815231 13.563980
v 5.104641 0.812533 13.563980
v 5.104641 -0.815231 14.839469
v 5.104641 0.812533 14.839469
v 6.695965 -0.298963 15.295000
v 6.695965 0.296265 15.295000
v 4.910279 -2.643430 2.637306
v 5.244338 -2.497660 2.819520
v 4.910279 -0.001349 2.637306
v 4.971017 -0.238226 2.819520
v 5.104642 -0.815232 3.074617
v 6.064291 -2.133237 3.074617
v 6.872100 -1.015666 3.074617
v 6.416570 -0.390068 3.074617
v 6.064291 -2.133237 3.700212
v 5.104642 -0.815232 3.700212
v 6.064291 -2.133236 9.142289
v 5.104642 -0.815232 9.142289
v 6.064290 -2.133236 11.942288
v 5.104641 -0.815231 11.942288
v 6.064290 -2.133236 13.563980
v 5.104641 -0.815231 13.563980
v 6.064290 -2.133236 14.839469
v 5.104641 -0.815231 14.839469
v 7.042169 -0.778790 15.295000
v 6.695965 -0.298963 15.295000
v -19.530493 -0.244302 0.693702
v -19.530493 -0.602653 0.420386
v -18.078865 -2.163607 1.489367
v -18.078865 -2.625212 -0.065513
v -19.530493 -0.736274 -0.016924
v -18.078865 -2.084647 -1.596098
v -19.530493 -0.584431 -0.448160
v -18.078865 -0.748423 -2.513238
v -19.530493 -0.207858 -0.703257
v -18.078865 0.873269 -2.476794
v -19.530493 0.241600 -0.691113
v -18.078865 2.160905 -1.492847
v -19.530493 0.606025 -0.417792
v -18.078865 2.622510 0.062033
v -19.530493 0.733574 0.019519
v -18.078865 2.088020 1.592618
v -19.530493 0.581729 0.444680
v -18.078865 0.751793 2.515828
v -19.530493 0.211231 0.705852
v -18.078865 -0.869896 2.473315
v -18.078865 -0.869896 2.473315
v -15.005547 -0.869896 2.473315
v -18.078865 0.751793 2.515828
v -15.005547 0.751794 2.515828
v -18.078865 0.873269 -2.476794
v -15.005547 0.873269 -2.476794
v -18.078865 -0.748423 -2.513238
v -15.005547 -0.748423 -2.513238
v -15.005548 -0.414365 11.492832
v -11.683206 -0.414365 11.492832
v -15.005548 -0.153194 11.498907
v -11.683206 -0.153194 11.498907
v -15.005546 0.411663 -11.496313
v -11.683204 0.411663 -11.496313
v -15.005546 0.150492 -11.502386
v -11.683204 0.150492 -11.502386
v -11.683205 -0.869896 2.473315
v -11.197306 -0.869896 2.473315
v -11.683205 0.751794 2.515829
v -11.197306 0.751794 2.515829
v -10.917912 -0.772717 2.187845
v -10.917912 0.660689 2.224288
v -10.577783 -0.869896 2.473315
v -10.577783 0.751794 2.515829
v -8.221167 -0.869896 2.473315
v -8.221167 0.751794 2.515829
v -18.078865 0.751793 2.515828
v -15.005547 0.751794 2.515828
v -18.078865 2.088020 1.592618
v -15.005547 2.088020 1.592618
v -11.683205 0.751794 2.515829
v -11.683205 2.088020 1.592619
v -11.197306 0.751794 2.515829
v -11.197306 2.088020 1.592619
v -10.917912 0.660689 2.224288
v -10.917912 1.845070 1.410405
v -10.577783 0.751794 2.515829
v -10.577783 2.088020 1.592619
v -8.221167 0.751794 2.515829
v -8.221167 2.088020 1.592619
v -18.078865 2.088020 1.592618
v -15.005547 2.088020 1.592618
v -18.078865 2.622510 0.062033
v -15.005547 2.622510 0.062033
v -11.683205 2.088020 1.592619
v -11.683205 2.622510 0.062033
v -11.197306 2.088020 1.592619
v -11.197306 2.622510 0.062033
v -10.917912 1.845070 1.410405
v -10.917912 2.318822 0.055959
v -10.577783 2.088020 1.592619
v -10.577783 2.622510 0.062033
v -8.221167 2.088020 1.592619
v -8.221167 2.622510 0.062034
v -18.078865 2.622510 0.062033
v -15.005547 2.622510 0.062033
v -18.078865 2.160905 -1.492847
v -15.005547 2.160905 -1.492846
v -11.683205 2.622510 0.062033
v -11.683205 2.160905 -1.492846
v -11.197306 2.622510 0.062033
v -11.197306 2.160905 -1.492846
v -10.917912 2.318822 0.055959
v -10.917912 1.911881 -1.316707
v -10.577783 2.622510 0.062033
v -10.577783 2.160905 -1.492846
v -8.221167 2.622510 0.062034
v -8.221167 2.160905 -1.492846
v -18.078865 2.160905 -1.492847
v -15.005547 2.160905 -1.492846
v -18.078865 0.873269 -2.476794
v -15.005547 0.873269 -2.476794
v -11.683205 2.160905 -1.492846
v -11.683205 0.873269 -2.476794
v -11.197306 2.160905 -1.492846
v -11.197306 0.873269 -2.476794
v -10.917912 1.911881 -1.316707
v -10.917912 0.770015 -2.185253
v -10.577783 2.160905 -1.492846
v -10.577783 0.873269 -2.476794
v -8.221167 2.160905 -1.492846
v -8.221167 0.873269 -2.476794
v -15.005547 0.193009 -2.495014
v -15.005547 0.873269 -2.476794
v -11.683205 0.193009 -2.495013
v -11.683205 0.873269 -2.476794
v -15.005547 -0.748423 -2.513238
v -15.005547 -0.068163 -2.501088
v -11.683205 -0.748423 -2.513238
v -11.683205 -0.068163 -2.501088
v -11.197306 0.873269 -2.476794
v -11.197306 -0.748423 -2.513238
v -10.917912 0.770015 -2.185253
v -10.917912 -0.663391 -2.221697
v -10.577783 0.873269 -2.476794
v -10.577783 -0.748423 -2.513238
v -8.221167 0.873269 -2.476794
v -8.221167 -0.748423 -2.513238
v -18.078865 -0.748423 -2.513238
v -15.005547 -0.748423 -2.513238
v -18.078865 -2.084647 -1.596098
v -15.005547 -2.084647 -1.596098
v -11.683205 -0.748423 -2.513238
v -11.683205 -2.084647 -1.596097
v -11.197306 -0.748423 -2.513238
v -11.197306 -2.084647 -1.596097
v -10.917912 -0.663391 -2.221697
v -10.917912 -1.841697 -1.407814
v -10.577783 -0.748423 -2.513238
v -10.577783 -2.084647 -1.596097
v -8.221167 -0.748423 -2.513238
v -8.221167 -2.084647 -1.596097
v -18.078865 -2.084647 -1.596098
v -15.005547 -2.084647 -1.596098
v -18.078865 -2.625212 -0.065513
v -15.005547 -2.625212 -0.065512
v -11.683205 -2.084647 -1.596097
v -11.683205 -2.625212 -0.065512
v -11.197306 -2.084647 -1.596097
v -11.197306 -2.625212 -0.065512
v -10.917912 -1.841697 -1.407814
v -10.917912 -2.321524 -0.059442
v -10.577783 -2.084647 -1.596097
v -10.577783 -2.625212 -0.065512
v -8.221167 -2.084647 -1.596097
v -8.221167 -2.625212 -0.065512
v -18.078865 -2.625212 -0.065513
v -15.005547 -2.625212 -0.065512
v -18.078865 -2.163607 1.489367
v -15.005547 -2.163607 1.489367
v -11.683205 -2.625212 -0.065512
v -11.683205 -2.163607 1.489367
v -11.197306 -2.625212 -0.065512
v -11.197306 -2.163607 1.489367
v -10.917912 -2.321524 -0.059442
v -10.917912 -1.908507 1.319303
v -10.577783 -2.625212 -0.065512
v -10.577783 -2.163607 1.489367
v -8.221167 -2.625212 -0.065512
v -8.221167 -2.163607 1.489368
v -18.078865 -2.163607 1.489367
v -15.005547 -2.163607 1.489367
v -18.078865 -0.869896 2.473315
v -15.005547 -0.869896 2.473315
v -11.683205 -2.163607 1.489367
v -11.683205 -0.869896 2.473315
v -11.197306 -2.163607 1.489367
v -11.197306 -0.869896 2.473315
v -10.917912 -1.908507 1.319303
v -10.917912 -0.772717 2.187845
v -10.577783 -2.163607 1.489367
v -10.577783 -0.869896 2.473315
v -8.221167 -2.163607 1.489368
v -8.221167 -0.869896 2.473315
v -8.221167 -0.869896 2.473315
v -8.221167 -2.163607 1.489368
v -7.237219 -0.699832 0.226024
v -7.237219 -0.699832 -0.229507
v -8.221167 -2.625212 -0.065512
v -7.237219 -0.432585 -0.593930
v -8.221167 -2.084647 -1.596097
v -7.237219 -0.001350 -0.739700
v -8.221167 -0.748423 -2.513238
v -7.237219 0.429886 -0.593930
v -8.221167 0.873269 -2.476794
v -7.237219 0.703205 -0.229507
v -8.221167 2.160905 -1.492846
v -7.237219 0.703205 0.226023
v -8.221167 2.622510 0.062034
v -7.237219 0.435959 0.596526
v -8.221167 2.088020 1.592619
v -7.237219 -0.001349 0.736222
v -8.221167 0.751794 2.515829
v -7.237219 -0.432585 0.596527
v -7.237219 -0.432585 0.596527
v -7.164334 -0.821308 0.888062
v -7.237219 -0.001349 0.736222
v -7.164334 -0.001349 0.912361
v -6.787764 -0.821308 0.888062
v -6.787764 -0.001349 0.912361
v -5.664118 -0.821308 0.888062
v -5.664118 -0.001349 0.912361
v -5.311841 -0.821308 0.888062
v -5.311841 -0.001349 0.912361
v -5.245029 -0.432585 0.596527
v -5.245029 -0.001349 0.736222
v -7.237219 -0.001349 0.736222
v -7.164334 -0.001349 0.912361
v -7.237219 0.435959 0.596526
v -7.164334 0.824679 0.888062
v -6.787764 -0.001349 0.912361
v -6.787764 0.824679 0.888062
v -5.664118 -0.001349 0.912361
v -5.664118 0.824679 0.888062
v -5.311841 -0.001349 0.912361
v -5.311841 0.824679 0.888062
v -5.245029 -0.001349 0.736222
v -5.245029 0.435959 0.596527
v -5.311841 0.824679 0.888062
v -5.245029 0.435959 0.596527
v -5.311841 0.806459 0.341425
v -5.245029 0.703205 0.226024
v -5.311841 0.806459 0.341425
v -5.245029 0.703205 0.226024
v -5.311841 0.806459 -0.338833
v -5.245029 0.703205 -0.229507
v -5.311841 0.806459 -0.338833
v -5.245029 0.703205 -0.229507
v -5.664118 0.824679 -0.891545
v -5.245029 0.435959 -0.593930
v -7.237219 0.429886 -0.593930
v -6.787764 0.824679 -0.891545
v -7.237219 -0.001350 -0.739700
v -7.164334 -0.001350 -0.915839
v -6.787764 -0.001349 -0.915839
v -5.664118 0.824679 -0.891545
v -5.664118 -0.001349 -0.915839
v -5.311841 -0.001349 -0.915839
v -5.245029 0.435959 -0.593930
v -5.245029 -0.001349 -0.739700
v -7.237219 -0.001350 -0.739700
v -7.164334 -0.001350 -0.915839
v -7.237219 -0.432585 -0.593930
v -7.164334 -0.827380 -0.891545
v -6.787764 -0.001349 -0.915839
v -6.787764 -0.827380 -0.891545
v -5.664118 -0.001349 -0.915839
v -5.664118 -0.821308 -0.891545
v -5.311841 -0.001349 -0.915839
v -5.311841 -0.821308 -0.891545
v -5.245029 -0.001349 -0.739700
v -5.245029 -0.432585 -0.593930
v -7.237219 -0.432585 -0.593930
v -7.164334 -0.827380 -0.891545
v -7.237219 -0.699832 -0.229507
v -7.164334 -0.803086 -0.338833
v -6.787764 -0.827380 -0.891545
v -6.787764 -0.803086 -0.338833
v -5.664118 -0.821308 -0.891545
v -5.664118 -0.803086 -0.338833
v -5.311841 -0.821308 -0.891545
v -5.311841 -0.803086 -0.338833
v -5.245029 -0.432585 -0.593930
v -5.245029 -0.699832 -0.229506
v -7.237219 -0.699832 -0.229507
v -7.164334 -0.803086 -0.338833
v -7.237219 -0.699832 0.226024
v -7.164334 -0.803086 0.341425
v -6.787764 -0.803086 -0.338833
v -6.787764 -0.803086 0.341425
v -5.664118 -0.803086 -0.338833
v -5.664118 -0.803086 0.341425
v -5.311841 -0.803086 -0.338833
v -5.311841 -0.803086 0.341425
v -5.245029 -0.699832 -0.229506
v -5.245029 -0.699832 0.226024
v -7.237219 -0.699832 0.226024
v -7.164334 -0.803086 0.341425
v -7.237219 -0.432585 0.596527
v -7.164334 -0.821308 0.888062
v -6.787764 -0.803086 0.341425
v -6.787764 -0.821308 0.888062
v -5.664118 -0.803086 0.341425
v -5.664118 -0.821308 0.888062
v -5.311841 -0.803086 0.341425
v -5.311841 -0.821308 0.888062
v -5.245029 -0.699832 0.226024
v -5.245029 -0.432585 0.596527
v -5.245029 -0.432585 0.596527
v -5.245029 -0.699832 0.226024
v -4.321819 -2.503736 0.815180
v -4.321819 -2.503736 -0.812587
v -5.245029 -0.699832 -0.229506
v -4.321819 -1.550157 -2.130589
v -5.245029 -0.432585 -0.593930
v -4.321819 -0.001350 -2.634708
v -5.245029 -0.001349 -0.739700
v -4.321819 1.547455 -2.130590
v -5.245029 0.435959 -0.593930
v -4.321819 2.507109 -0.812588
v -5.245029 0.703205 -0.229507
v -4.321819 2.507109 0.815179
v -5.245029 0.703205 0.226024
v -4.321819 1.547456 2.133182
v -5.245029 0.435959 0.596527
v -4.321819 -0.001349 2.637305
v -5.245029 -0.001349 0.736222
v -4.321819 -1.550156 2.133182
v 0.597919 -2.503735 -0.563560
v -1.843729 -2.503735 -0.812587
v 1.521129 -2.503735 -0.563560
v 1.557573 -2.503735 -0.812587
v 1.521129 -2.503735 0.560084
v -1.843729 -2.503735 0.815180
v 0.597919 -2.503735 0.560084
v 1.557573 -2.503735 0.815180
v 3.914186 -2.503735 -0.812587
v 3.914186 -2.503735 0.815180
v 4.454749 -1.185730 -0.387421
v 4.454749 -1.185730 0.383944
v 4.485117 -2.503735 -0.812587
v 4.485117 -2.503735 0.815180
v 4.910279 -2.643430 0.013447
v 4.655182 -2.576620 0.396094
v 4.655182 -2.576620 -0.399570
v 4.910279 -0.001349 2.637306
v 4.655182 -0.001349 2.637306
v 4.910279 -2.643430 2.637306
v 4.655182 -2.108940 2.394354
v 4.485117 -0.001349 2.637306
v 4.485117 -1.550156 2.133183
v 4.454749 -0.001349 1.246416
v 4.454749 -0.736273 1.009539
v 3.914186 -0.001349 2.637306
v 3.914186 -1.550156 2.133183
v 1.557572 -0.001349 2.637306
v 1.557573 -1.550156 2.133182
v -1.843729 -0.001349 2.637305
v -1.843729 -1.550156 2.133182
v -4.321819 -0.001349 2.637305
v -4.321819 -1.550156 2.133182
v 4.910278 2.646805 2.637306
v 4.655181 2.112315 2.394354
v 4.910279 -0.001349 2.637306
v 4.655182 -0.001349 2.637306
v 4.485117 1.547456 2.133182
v 4.485117 -0.001349 2.637306
v 4.454749 0.733575 1.009539
v 4.454749 -0.001349 1.246416
v 3.914186 1.547456 2.133182
v 3.914186 -0.001349 2.637306
v 1.557572 1.547456 2.133182
v 1.557572 -0.001349 2.637306
v -1.843729 1.547456 2.133182
v -1.843729 -0.001349 2.637305
v -4.321819 1.547456 2.133182
v -4.321819 -0.001349 2.637305
v 4.910279 2.646805 -0.010848
v 4.655182 2.579995 0.396094
v 4.910278 2.646805 2.637306
v 4.655181 2.112315 2.394354
v 4.485117 2.507110 0.815180
v 4.485117 1.547456 2.133182
v 4.454749 1.189105 0.383944
v 4.454749 0.733575 1.009539
v 3.914186 2.507110 0.815180
v 3.914186 1.547456 2.133182
v 1.557573 2.507109 0.815180
v 1.557572 1.547456 2.133182
v -1.843729 2.507109 0.815180
v -1.843729 1.547456 2.133182
v -4.321819 2.507109 0.815179
v -4.321819 1.547456 2.133182
v 4.910279 2.646805 -0.010848
v 4.655182 2.579995 -0.399570
v 4.655182 2.579995 0.396094
v 4.485117 2.507110 -0.812587
v 4.485117 2.507110 0.815180
v 4.454749 1.189105 -0.387421
v 4.454749 1.189105 0.383944
v 3.914186 2.507110 -0.812587
v 3.914186 2.507110 0.815180
v 1.557573 2.507109 -0.812587
v 1.557573 2.507109 0.815180
v -1.843729 2.507109 -0.812588
v -1.843729 2.507109 0.815180
v -4.321819 2.507109 -0.812588
v -4.321819 2.507109 0.815179
v 4.910279 2.646805 -2.659007
v 4.655182 2.112315 -2.391761
v 4.910279 2.646805 -0.010848
v 4.655182 2.579995 -0.399570
v 4.485117 2.507110 -0.812587
v 4.485117 1.547456 -2.130589
v 4.454749 0.733575 -1.013020
v 4.454749 1.189105 -0.387421
v 3.914186 1.547455 -2.130589
v 3.914186 2.507110 -0.812587
v 1.557573 1.547455 -2.130589
v 1.557573 2.507109 -0.812587
v -1.843729 1.547455 -2.130590
v -1.843729 2.507109 -0.812588
v -4.321819 1.547455 -2.130590
v -4.321819 2.507109 -0.812588
v 4.910279 -0.001349 -2.634707
v 4.655182 -0.001349 -2.634708
v 4.910279 2.646805 -2.659007
v 4.655182 2.112315 -2.391761
v 4.485117 -0.001349 -2.634708
v 4.485117 1.547456 -2.130589
v 4.454749 -0.001349 -1.249893
v 4.454749 0.733575 -1.013020
v 3.914186 -0.001349 -2.634708
v 3.914186 1.547455 -2.130589
v 1.557573 -0.001349 -2.634708
v 1.557573 1.547455 -2.130589
v -1.843729 -0.001349 -2.634708
v -1.843729 1.547455 -2.130590
v -4.321819 -0.001350 -2.634708
v -4.321819 1.547455 -2.130590
v 4.910279 -2.643431 -2.646857
v 4.655182 -2.108941 -2.391760
v 4.910279 -0.001349 -2.634707
v 4.655182 -0.001349 -2.634708
v 4.485117 -1.550156 -2.130589
v 4.485117 -0.001349 -2.634708
v 4.454749 -0.736273 -1.013020
v 4.454749 -0.001349 -1.249893
v 3.914186 -1.550156 -2.130589
v 3.914186 -0.001349 -2.634708
v 1.557573 -1.550156 -2.130589
v 1.557573 -0.001349 -2.634708
v -1.843729 -1.550157 -2.130589
v -1.843729 -0.001349 -2.634708
v -4.321819 -1.550157 -2.130589
v -4.321819 -0.001350 -2.634708
v 4.910279 -2.643430 0.013447
v 4.655182 -2.576620 -0.399570
v 4.910279 -2.643431 -2.646857
v 4.655182 -2.108941 -2.391760
v 4.485117 -2.503735 -0.812587
v 4.485117 -1.550156 -2.130589
v 4.454749 -1.185730 -0.387421
v 4.454749 -0.736273 -1.013020
v 3.914186 -2.503735 -0.812587
v 3.914186 -1.550156 -2.130589
v 1.557573 -2.503735 -0.812587
v 1.557573 -1.550156 -2.130589
v -1.843729 -2.503735 -0.812587
v -1.843729 -1.550157 -2.130589
v -4.321819 -2.503736 -0.812587
v -4.321819 -1.550157 -2.130589
v -1.843729 -2.503735 0.815180
v -4.321819 -2.503736 0.815180
v -1.843729 -2.503735 -0.812587
v -4.321819 -2.503736 -0.812587
v 4.910279 -2.643430 2.637306
v 4.655182 -2.108940 2.394354
v 4.910279 -2.643430 0.013447
v 4.655182 -2.576620 0.396094
v 4.485117 -2.503735 0.815180
v 4.485117 -1.550156 2.133183
v 4.454749 -0.736273 1.009539
v 4.454749 -1.185730 0.383944
v 3.914186 -1.550156 2.133183
v 3.914186 -2.503735 0.815180
v 1.557573 -1.550156 2.133182
v 1.557573 -2.503735 0.815180
v -1.843729 -1.550156 2.133182
v -1.843729 -2.503735 0.815180
v -4.321819 -1.550156 2.133182
v -4.321819 -2.503736 0.815180
v 6.695965 12.577385 0.286761
v 7.613101 12.577385 -0.010849
v 6.695965 12.577385 -0.308464
v 7.042169 12.577385 -0.794363
v 7.613101 12.577385 -0.976577
v 8.177957 12.577385 -0.794363
v 8.530235 12.577385 -0.308464
v 8.530235 12.577385 0.286762
v 8.177957 12.577385 0.766591
v 7.613101 12.577385 0.954875
v 7.042169 12.577385 0.766591
v 7.613101 2.646805 2.643381
v 7.613101 2.731838 2.619087
v 4.910278 2.646805 2.637306
v 5.244338 2.731838 2.485461
v 7.613101 2.980862 2.619087
v 6.064291 2.980862 2.121038
v 7.613101 3.011231 1.386112
v 6.793142 3.011231 1.118865
v 7.613101 3.624679 2.619087
v 6.064291 3.624679 2.121038
v 7.613101 9.054614 2.619086
v 6.064291 9.054614 2.121037
v 7.613100 12.115780 2.619086
v 6.064291 12.115780 2.121037
v 7.613101 12.577385 0.954875
v 7.042169 12.577385 0.766591
v 10.206592 2.646806 2.631231
v 9.902902 2.731838 2.485461
v 7.613101 2.646805 2.643381
v 7.613101 2.731838 2.619087
v 9.161905 2.980862 2.121038
v 7.613101 2.980862 2.619087
v 8.433054 3.011231 1.118865
v 7.613101 3.011231 1.386112
v 9.161905 3.624679 2.121038
v 7.613101 3.624679 2.619087
v 9.161904 9.054614 2.121037
v 7.613101 9.054614 2.619086
v 9.161904 12.115780 2.121037
v 7.613100 12.115780 2.619086
v 8.177957 12.577385 0.766591
v 7.613101 12.577385 0.954875
v 10.206592 2.646805 -0.010848
v 10.176223 2.731838 0.226025
v 10.206592 2.646806 2.631231
v 9.902902 2.731838 2.485461
v 10.115484 2.980862 0.803031
v 9.161905 2.980862 2.121038
v 8.943253 3.011231 0.420388
v 8.433054 3.011231 1.118865
v 10.115484 3.624679 0.803031
v 9.161905 3.624679 2.121038
v 10.115484 9.054614 0.803030
v 9.161904 9.054614 2.121037
v 10.115483 12.115780 0.803030
v 9.161904 12.115780 2.121037
v 8.530235 12.577385 0.286762
v 8.177957 12.577385 0.766591
v 10.206592 2.646805 -0.010848
v 10.176223 2.731838 -0.247725
v 10.176223 2.731838 0.226025
v 10.115484 2.980862 -0.824731
v 10.115484 2.980862 0.803031
v 8.943253 3.011231 -0.442084
v 8.943253 3.011231 0.420388
v 10.115484 3.624679 -0.824731
v 10.115484 3.624679 0.803031
v 10.115484 9.054614 -0.824732
v 10.115484 9.054614 0.803030
v 10.115484 12.115780 -0.824732
v 10.115483 12.115780 0.803030
v 8.530235 12.577385 -0.308464
v 8.530235 12.577385 0.286762
v 10.206592 2.646805 -2.646857
v 9.902902 2.731837 -2.507162
v 10.206592 2.646805 -0.010848
v 10.176223 2.731838 -0.247725
v 10.115484 2.980862 -0.824731
v 9.161905 2.980862 -2.142739
v 8.433054 3.011231 -1.140566
v 8.943253 3.011231 -0.442084
v 9.161905 3.624678 -2.142739
v 10.115484 3.624679 -0.824731
v 9.161905 9.054614 -2.142739
v 10.115484 9.054614 -0.824732
v 9.161905 12.115780 -2.142739
v 10.115484 12.115780 -0.824732
v 8.177957 12.577385 -0.794363
v 8.530235 12.577385 -0.308464
v 7.613101 2.634658 -2.646857
v 7.576657 2.731837 -2.646857
v 10.206592 2.646805 -2.646857
v 9.902902 2.731837 -2.507162
v 7.613101 2.980861 -2.646857
v 9.161905 2.980862 -2.142739
v 7.613101 3.011230 -1.407812
v 8.433054 3.011231 -1.140566
v 7.613101 3.624678 -2.646857
v 9.161905 3.624678 -2.142739
v 7.613101 9.054614 -2.646858
v 9.161905 9.054614 -2.142739
v 7.613101 12.115780 -2.646858
v 9.161905 12.115780 -2.142739
v 7.613101 12.577385 -0.976577
v 8.177957 12.577385 -0.794363
v 4.910279 2.646805 -2.659007
v 5.244338 2.731837 -2.507162
v 7.613101 2.634658 -2.646857
v 7.576657 2.731837 -2.646857
v 6.064291 2.980861 -2.142739
v 7.613101 2.980861 -2.646857
v 6.793142 3.011231 -1.140566
v 7.613101 3.011230 -1.407812
v 6.064291 3.624678 -2.142739
v 7.613101 3.624678 -2.646857
v 6.064291 9.054614 -2.142739
v 7.613101 9.054614 -2.646858
v 6.064291 12.115780 -2.142740
v 7.613101 12.115780 -2.646858
v 7.042169 12.577385 -0.794363
v 7.613101 12.577385 -0.976577
v 4.910279 2.646805 -0.010848
v 4.971017 2.731837 -0.247725
v 4.910279 2.646805 -2.659007
v 5.244338 2.731837 -2.507162
v 5.104642 2.980862 -0.824732
v 6.064291 2.980861 -2.142739
v 6.282949 3.011231 -0.442084
v 6.793142 3.011231 -1.140566
v 5.104642 3.624678 -0.824732
v 6.064291 3.624678 -2.142739
v 5.104642 9.054614 -0.824732
v 6.064291 9.054614 -2.142739
v 5.104642 12.115780 -0.824732
v 6.064291 12.115780 -2.142740
v 6.695965 12.577385 -0.308464
v 7.042169 12.577385 -0.794363
v 4.910279 2.646805 -0.010848
v 4.971017 2.731837 0.226024
v 4.971017 2.731837 -0.247725
v 5.104642 2.980862 0.803030
v 5.104642 2.980862 -0.824732
v 6.282949 3.011231 0.420388
v 6.282949 3.011231 -0.442084
v 5.104642 3.624678 0.803030
v 5.104642 3.624678 -0.824732
v 5.104642 9.054614 0.803030
v 5.104642 9.054614 -0.824732
v 5.104642 12.115780 0.803030
v 5.104642 12.115780 -0.824732
v 6.695965 12.577385 0.286761
v 6.695965 12.577385 -0.308464
v 4.910278 2.646805 2.637306
v 5.244338 2.731838 2.485461
v 4.910279 2.646805 -0.010848
v 4.971017 2.731837 0.226024
v 5.104642 2.980862 0.803030
v 6.064291 2.980862 2.121038
v 6.793142 3.011231 1.118865
v 6.282949 3.011231 0.420388
v 6.064291 3.624679 2.121038
v 5.104642 3.624678 0.803030
v 6.064291 9.054614 2.121037
v 5.104642 9.054614 0.803030
v 6.064291 12.115780 2.121037
v 5.104642 12.115780 0.803030
v 7.042169 12.577385 0.766591
v 6.695965 12.577385 0.286761
v 6.695967 0.296263 -11.453795
v 7.613102 -0.001350 -11.453795
v 6.695967 -0.298965 -11.453795
v 7.042171 -0.778792 -11.453795
v 7.613102 -0.967076 -11.453795
v 8.177958 -0.778792 -11.453795
v 8.530237 -0.298965 -11.453795
v 8.530237 0.296263 -11.453795
v 8.177958 0.782162 -11.453795
v 7.613102 0.964376 -11.453795
v 7.042171 0.782162 -11.453795
v 7.613101 2.634658 -2.646857
v 7.613101 2.634658 -2.780478
v 4.910279 2.646805 -2.659007
v 5.244338 2.494962 -2.780478
v 7.613101 2.634658 -3.035580
v 6.064291 2.130537 -3.035580
v 7.613101 1.207327 -3.084168
v 6.902469 0.976524 -3.084168
v 7.613101 2.634658 -3.539698
v 6.064291 2.130537 -3.539698
v 7.613101 2.634657 -7.931020
v 6.064291 2.130536 -7.931020
v 7.613101 2.634657 -10.992190
v 6.064292 2.130536 -10.992191
v 7.613102 0.964376 -11.453795
v 7.042171 0.782162 -11.453795
v 10.206592 2.646805 -2.646857
v 9.902902 2.494962 -2.780478
v 7.613101 2.634658 -2.646857
v 7.613101 2.634658 -2.780478
v 9.161905 2.130537 -3.035579
v 7.613101 2.634658 -3.035580
v 8.323728 0.976524 -3.084168
v 7.613101 1.207327 -3.084168
v 9.161905 2.130537 -3.539698
v 7.613101 2.634658 -3.539698
v 9.161906 2.130536 -7.931020
v 7.613101 2.634657 -7.931020
v 9.161906 2.130536 -10.992190
v 7.613101 2.634657 -10.992190
v 8.177958 0.782162 -11.453795
v 7.613102 0.964376 -11.453795
v 10.206592 -0.001349 -2.646857
v 10.176223 0.235526 -2.780478
v 10.206592 2.646805 -2.646857
v 9.902902 2.494962 -2.780478
v 10.115484 0.812532 -3.035579
v 9.161905 2.130537 -3.035579
v 8.761039 0.375224 -3.084168
v 8.323728 0.976524 -3.084168
v 10.115484 0.812532 -3.539698
v 9.161905 2.130537 -3.539698
v 10.115485 0.812532 -7.931020
v 9.161906 2.130536 -7.931020
v 10.115485 0.812531 -10.992190
v 9.161906 2.130536 -10.992190
v 8.530237 0.296263 -11.453795
v 8.177958 0.782162 -11.453795
v 10.206592 -0.001349 -2.646857
v 10.176223 -0.238226 -2.780478
v 10.176223 0.235526 -2.780478
v 10.115484 -0.815233 -3.035579
v 10.115484 0.812532 -3.035579
v 8.761039 -0.371849 -3.084168
v 8.761039 0.375224 -3.084168
v 10.115484 -0.815233 -3.539698
v 10.115484 0.812532 -3.539698
v 10.115485 -0.815233 -7.931020
v 10.115485 0.812532 -7.931020
v 10.115485 -0.815233 -10.992190
v 10.115485 0.812531 -10.992190
v 8.530237 -0.298965 -11.453795
v 8.530237 0.296263 -11.453795
v 10.206592 -2.643430 -2.646857
v 9.902902 -2.497660 -2.780477
v 10.206592 -0.001349 -2.646857
v 10.176223 -0.238226 -2.780478
v 10.115484 -0.815233 -3.035579
v 9.161905 -2.133237 -3.035579
v 8.323728 -0.979225 -3.084168
v 8.761039 -0.371849 -3.084168
v 9.161905 -2.133237 -3.539698
v 10.115484 -0.815233 -3.539698
v 9.161906 -2.133238 -7.931020
v 10.115485 -0.815233 -7.931020
v 9.161906 -2.133238 -10.992190
v 10.115485 -0.815233 -10.992190
v 8.177958 -0.778792 -11.453795
v 8.530237 -0.298965 -11.453795
v 7.558438 -2.643431 -2.646857
v 7.576657 -2.637358 -2.780478
v 10.206592 -2.643430 -2.646857
v 9.902902 -2.497660 -2.780477
v 7.613101 -2.637358 -3.035579
v 9.161905 -2.133237 -3.035579
v 7.613101 -1.210027 -3.084168
v 8.323728 -0.979225 -3.084168
v 7.613101 -2.637358 -3.539698
v 9.161905 -2.133237 -3.539698
v 7.613101 -2.637359 -7.931020
v 9.161906 -2.133238 -7.931020
v 7.613102 -2.637359 -10.992190
v 9.161906 -2.133238 -10.992190
v 7.613102 -0.967076 -11.453795
v 8.177958 -0.778792 -11.453795
v 4.910279 -2.643431 -2.646857
v 5.244339 -2.497660 -2.780478
v 7.558438 -2.643431 -2.646857
v 7.576657 -2.637358 -2.780478
v 6.064291 -2.133237 -3.035579
v 7.613101 -2.637358 -3.035579
v 6.902470 -0.979225 -3.084168
v 7.613101 -1.210027 -3.084168
v 6.064291 -2.133237 -3.539698
v 7.613101 -2.637358 -3.539698
v 6.064291 -2.133238 -7.931020
v 7.613101 -2.637359 -7.931020
v 6.064292 -2.133238 -10.992191
v 7.613102 -2.637359 -10.992190
v 7.042171 -0.778792 -11.453795
v 7.613102 -0.967076 -11.453795
v 4.910279 -0.001349 -2.646857
v 4.971017 -0.238226 -2.780478
v 4.910279 -2.643431 -2.646857
v 5.244339 -2.497660 -2.780478
v 5.104643 -0.815233 -3.035579
v 6.064291 -2.133237 -3.035579
v 6.459089 -0.371850 -3.084168
v 6.902470 -0.979225 -3.084168
v 5.104643 -0.815233 -3.539698
v 6.064291 -2.133237 -3.539698
v 5.104643 -0.815233 -7.931020
v 6.064291 -2.133238 -7.931020
v 5.104643 -0.815233 -10.992191
v 6.064292 -2.133238 -10.992191
v 6.695967 -0.298965 -11.453795
v 7.042171 -0.778792 -11.453795
v 4.910279 -0.001349 -2.646857
v 4.971017 0.235526 -2.780478
v 4.971017 -0.238226 -2.780478
v 5.104642 0.812532 -3.035579
v 5.104643 -0.815233 -3.035579
v 6.459088 0.375224 -3.084168
v 6.459089 -0.371850 -3.084168
v 5.104642 0.812532 -3.539698
v 5.104643 -0.815233 -3.539698
v 5.104643 0.812531 -7.931020
v 5.104643 -0.815233 -7.931020
v 5.104643 0.812531 -10.992191
v 5.104643 -0.815233 -10.992191
v 6.695967 0.296263 -11.453795
v 6.695967 -0.298965 -11.453795
v 4.910279 2.646805 -2.659007
v 5.244338 2.494962 -2.780478
v 4.910279 -0.001349 -2.646857
v 4.971017 0.235526 -2.780478
v 5.104642 0.812532 -3.035579
v 6.064291 2.130537 -3.035580
v 6.902469 0.976524 -3.084168
v 6.459088 0.375224 -3.084168
v 6.064291 2.130537 -3.539698
v 5.104642 0.812532 -3.539698
v 6.064291 2.130536 -7.931020
v 5.104643 0.812531 -7.931020
v 6.064292 2.130536 -10.992191
v 5.104643 0.812531 -10.992191
v 7.042171 0.782162 -11.453795
v 6.695967 0.296263 -11.453795
v -6.228977 5.058084 -1.189161
v -6.374747 5.058084 -1.189161
v -6.143945 4.438561 -1.590028
v -6.465854 4.438561 -1.590028
v -6.143944 4.553961 -9.601301
v -6.465854 4.553961 -9.601302
v -6.374747 6.072401 -1.170936
v -6.228977 6.072401 -1.170936
v -6.465854 6.697995 -1.559659
v -6.143945 6.697995 -1.559659
v -6.465854 6.813396 -9.564862
v -6.143944 6.813396 -9.564861
v -6.465854 4.438561 -1.189161
v -6.465854 6.691920 -1.152717
v -6.374747 5.058084 -1.189161
v -6.465854 6.697995 -1.559659
v -6.465854 4.438561 -1.590028
v -6.374747 6.072401 -1.170936
v -6.143945 6.691920 -1.152717
v -6.143945 4.438561 -1.189161
v -6.228977 6.072401 -1.170936
v -6.143945 4.438561 -1.590028
v -6.143945 6.697995 -1.559659
v -6.228977 5.058084 -1.189161
v -6.465854 6.691920 -1.152717
v -6.769542 6.691920 -1.152717
v -6.143945 6.691920 -1.152717
v -5.834185 6.691920 -1.152717
v -6.143945 4.438561 -1.189161
v -5.834185 4.438561 -1.189161
v -6.465854 4.438561 -1.189161
v -6.769542 4.438561 -1.189161
v -6.143944 4.553961 -9.601301
v -6.465854 4.553961 -9.601302
v -6.143944 6.813396 -9.564861
v -6.465854 6.813396 -9.564862
v -6.781689 0.836828 0.171360
v -6.769542 0.836828 -0.205213
v -7.164334 0.806459 0.341425
v -7.164334 0.806459 -0.338833
v -6.544812 0.848975 -0.508898
v -6.787764 0.824679 -0.891545
v -5.931364 0.848975 -0.508898
v -5.664118 0.824679 -0.891545
v -5.712708 0.836828 -0.205212
v -5.311841 0.806459 -0.338833
v -5.311841 0.806459 0.341425
v -5.700562 0.836828 0.171360
v -6.465855 6.697995 1.556175
v -6.374747 6.072401 1.173532
v -6.465855 4.438561 1.592619
v -6.374747 5.058084 1.185677
v -6.228977 5.058084 1.185677
v -6.143945 4.438561 1.592619
v -6.374747 5.058084 1.185677
v -6.465855 4.438561 1.592619
v -6.465855 4.553963 9.597823
v -6.143946 4.553963 9.597824
v -6.374747 6.072401 1.173532
v -6.465855 6.697995 1.556175
v -6.228977 6.072401 1.173532
v -6.143945 6.697995 1.556175
v -6.143946 6.813397 9.567454
v -6.465855 6.813397 9.567453
v -6.143945 4.438561 1.592619
v -6.228977 5.058084 1.185677
v -6.143945 6.697995 1.556175
v -6.228977 6.072401 1.173532
v -6.143945 4.438561 1.185677
v -6.143945 6.691920 1.155308
v -6.465855 6.691920 1.155308
v -6.143945 6.691920 1.155308
v -6.769542 6.691920 1.155308
v -5.834185 6.691920 1.155308
v -6.143945 4.438561 1.185677
v -6.465855 4.438561 1.185677
v -5.834185 4.438561 1.185677
v -6.769542 4.438561 1.185677
v -6.465855 6.813397 9.567453
v -6.465855 4.553963 9.597823
v -6.143946 6.813397 9.567454
v -6.143946 4.553963 9.597824
v -6.781689 0.836828 0.171360
v -7.164334 0.806459 0.341425
v -6.769542 0.848975 0.481125
v -7.164334 0.824679 0.888062
v -6.544812 0.848975 0.511494
v -6.787764 0.824679 0.888062
v -5.931364 0.848976 0.511494
v -5.664118 0.824679 0.888062
v -5.712708 0.848976 0.481125
v -5.311841 0.824679 0.888062
v -5.700562 0.836828 0.171360
v -5.311841 0.806459 0.341425
v 5.681648 -5.759263 14.620817
v 7.546288 -5.759263 12.756174
v 7.546287 -5.759263 15.392183
v 9.404857 -5.759263 14.620818
v 10.176222 -5.759263 12.756174
v 9.404857 -5.759263 10.897609
v 7.546288 -5.759263 10.126239
v 5.681648 -5.759263 10.897608
v 4.910278 -5.759264 12.756173
v 8.548454 -2.783127 13.661163
v 7.679908 -2.783127 12.792617
v 7.546287 -2.783127 12.756173
v 4.910278 -2.783127 12.756172
v 5.681648 -2.783128 10.897607
v 7.546288 -2.783128 10.126238
v 9.404857 -2.783127 10.897608
v 10.176222 -2.783127 12.756173
v 8.906808 -2.783127 12.792617
v 9.404857 -2.783127 14.620817
v 7.546287 -2.783127 15.392182
v 5.681648 -2.783127 14.620816
v 7.546287 -5.759263 15.392183
v 7.546287 -4.769242 15.392182
v 5.681648 -5.759263 14.620817
v 5.681648 -4.769242 14.620816
v 7.546287 -3.773147 15.392182
v 5.681648 -3.773148 14.620816
v 7.546287 -2.783127 15.392182
v 5.681648 -2.783127 14.620816
v 9.404857 -5.759263 14.620818
v 9.404857 -4.769242 14.620817
v 7.546287 -5.759263 15.392183
v 7.546287 -4.769242 15.392182
v 9.404857 -3.773147 14.620817
v 7.546287 -3.773147 15.392182
v 9.404857 -2.783127 14.620817
v 7.546287 -2.783127 15.392182
v 10.176222 -5.759263 12.756174
v 10.176222 -4.769243 12.756173
v 9.404857 -5.759263 14.620818
v 9.404857 -4.769242 14.620817
v 10.176222 -3.773147 12.756173
v 9.404857 -3.773147 14.620817
v 10.176222 -2.783127 12.756173
v 9.404857 -2.783127 14.620817
v 9.404857 -5.759263 10.897609
v 9.404857 -4.769243 10.897608
v 10.176222 -5.759263 12.756174
v 10.176222 -4.769243 12.756173
v 9.404857 -3.773148 10.897608
v 10.176222 -3.773147 12.756173
v 9.404857 -2.783127 10.897608
v 10.176222 -2.783127 12.756173
v 7.546288 -5.759263 10.126239
v 7.546288 -4.769243 10.126238
v 9.404857 -5.759263 10.897609
v 9.404857 -4.769243 10.897608
v 7.546288 -3.773148 10.126238
v 9.404857 -3.773148 10.897608
v 7.546288 -2.783128 10.126238
v 9.404857 -2.783127 10.897608
v 5.681648 -5.759263 10.897608
v 5.681648 -4.769243 10.897607
v 7.546288 -5.759263 10.126239
v 7.546288 -4.769243 10.126238
v 5.681648 -3.773148 10.897607
v 7.546288 -3.773148 10.126238
v 5.681648 -2.783128 10.897607
v 7.546288 -2.783128 10.126238
v 4.910278 -5.759264 12.756173
v 4.910278 -4.769243 12.756172
v 5.681648 -5.759263 10.897608
v 5.681648 -4.769243 10.897607
v 4.910278 -3.773148 12.756172
v 5.681648 -3.773148 10.897607
v 4.910278 -2.783127 12.756172
v 5.681648 -2.783128 10.897607
v 5.681648 -5.759263 14.620817
v 5.681648 -4.769242 14.620816
v 4.910278 -5.759264 12.756173
v 4.910278 -4.769243 12.756172
v 5.681648 -3.773148 14.620816
v 4.910278 -3.773148 12.756172
v 5.681648 -2.783127 14.620816
v 4.910278 -2.783127 12.756172
v -40.812912 -0.159268 -1.189163
v -43.072346 -0.165343 -1.152719
v -41.717899 -0.159268 -1.164864
v -43.218117 -0.165343 -1.565731
v -40.958683 -0.159268 -1.602175
v -42.167355 -0.165343 -1.158794
v -43.072346 0.162639 -1.152719
v -40.812912 0.162639 -1.189163
v -42.167355 0.162639 -1.158794
v -40.958683 0.162639 -1.602175
v -43.218117 0.162639 -1.565731
v -41.717899 0.162639 -1.164864
v -43.187748 0.162638 -9.564863
v -43.187748 -0.165344 -9.564863
v -43.218117 0.162639 -1.565731
v -43.218117 -0.165343 -1.565731
v -42.167355 0.162639 -1.158794
v -42.167355 -0.165343 -1.158794
v -43.072346 0.162639 -1.152719
v -43.072346 -0.165343 -1.152719
v -40.934387 -0.159269 -9.601304
v -40.934387 0.162638 -9.601304
v -40.958683 -0.159268 -1.602175
v -40.958683 0.162639 -1.602175
v -41.717899 -0.159268 -1.164864
v -41.717899 0.162639 -1.164864
v -40.812912 -0.159268 -1.189163
v -40.812912 0.162639 -1.189163
v -40.812912 -0.469031 -1.189163
v -40.812912 0.466326 -1.189163
v -43.072346 0.466326 -1.152719
v -43.072346 -0.469031 -1.152719
v -40.934387 0.162638 -9.601304
v -40.934387 -0.159269 -9.601304
v -43.187748 0.162638 -9.564863
v -43.187748 -0.165344 -9.564863
v -29.594694 -0.171418 -3.478963
v -29.594694 0.174786 -3.478963
v -29.661507 -0.171419 -16.567894
v -29.661507 0.174785 -16.567894
v -25.537430 0.126198 -3.466818
v -25.537430 -0.128901 -3.466818
v -25.555649 0.126197 -16.531454
v -25.555649 -0.128903 -16.531454
v -28.009447 -0.171418 -2.980914
v -28.009447 0.174786 -2.980914
v -29.594694 -0.171418 -3.478963
v -29.594694 0.174786 -3.478963
v -27.365627 0.126198 -2.877662
v -27.365627 -0.128901 -2.877662
v -25.537430 0.126198 -3.466818
v -25.537430 -0.128901 -3.466818
v -27.402071 -0.128901 -2.659009
v -28.045891 -0.171418 -2.762261
v -27.365627 -0.128901 -2.877662
v -29.594694 -0.171418 -3.478963
v -25.537430 -0.128901 -3.466818
v -28.009447 -0.171418 -2.980914
v -28.045891 -0.171418 -2.762261
v -28.045891 0.174786 -2.762261
v -28.009447 -0.171418 -2.980914
v -28.009447 0.174786 -2.980914
v -28.045891 0.174786 -2.762261
v -27.402071 0.126198 -2.659009
v -28.009447 0.174786 -2.980914
v -25.537430 0.126198 -3.466818
v -29.594694 0.174786 -3.478963
v -27.365627 0.126198 -2.877662
v -27.402071 0.126198 -2.659009
v -27.402071 -0.128901 -2.659009
v -27.365627 0.126198 -2.877662
v -27.365627 -0.128901 -2.877662
v -25.555649 0.126197 -16.531454
v -25.555649 -0.128903 -16.531454
v -29.661507 0.174785 -16.567894
v -29.661507 -0.171419 -16.567894
v -22.877129 -1.944952 -1.413889
v -22.877129 -2.406557 0.001295
v -25.081900 -1.944952 -1.413889
v -30.189922 -2.436926 0.001294
v -30.189922 -1.969247 -1.826901
v -25.081900 -2.406557 0.001295
v -22.877129 -0.742349 -2.288506
v -22.877129 -1.944952 -1.413889
v -25.081900 -0.742349 -2.288506
v -30.189922 -1.969247 -1.826901
v -30.189922 -0.754496 -2.713673
v -25.081900 -1.944952 -1.413889
v -22.877129 0.745720 -2.288506
v -22.877129 -0.742349 -2.288506
v -25.081900 0.745720 -2.288506
v -27.402071 0.126198 -2.659009
v -28.045891 0.174786 -2.762261
v -30.189922 0.751792 -2.713673
v -28.045891 -0.171418 -2.762261
v -30.189922 -0.754496 -2.713673
v -27.402071 -0.128901 -2.659009
v -25.081900 -0.742349 -2.288506
v -22.877129 1.948324 -1.413889
v -22.877129 0.745720 -2.288506
v -25.081900 1.948324 -1.413890
v -30.189922 0.751792 -2.713673
v -30.189922 1.972618 -1.826902
v -25.081900 0.745720 -2.288506
v -22.877129 2.403854 0.001294
v -22.877129 1.948324 -1.413889
v -25.081900 2.403854 0.001294
v -30.189922 1.972618 -1.826902
v -30.189922 2.440295 0.001294
v -25.081900 1.948324 -1.413890
v -22.877129 -2.406557 0.001295
v -22.877129 -1.944952 -1.413889
v -21.346542 -0.736274 0.001295
v -21.346542 -0.584431 -0.399572
v -22.877129 -0.742349 -2.288506
v -21.346542 -0.207858 -0.642519
v -22.877129 0.745720 -2.288506
v -21.346542 0.211230 -0.642519
v -22.877129 1.948324 -1.413889
v -21.346542 0.606025 -0.417792
v -21.346542 0.733574 0.019519
v -22.877129 2.403854 0.001294
v -43.218117 -0.165343 1.568322
v -42.167355 -0.165343 1.161380
v -40.958683 -0.159268 1.598691
v -41.717899 -0.159268 1.161381
v -43.072346 -0.165343 1.155306
v -40.812912 -0.159268 1.185675
v -40.958683 0.162639 1.598691
v -41.717899 0.162639 1.161381
v -43.218117 0.162639 1.568322
v -42.167355 0.162639 1.161380
v -40.812912 0.162639 1.185675
v -43.072346 0.162639 1.155306
v -40.934387 -0.159267 9.597821
v -40.958683 -0.159268 1.598691
v -40.934387 0.162640 9.597821
v -40.958683 0.162639 1.598691
v -41.717899 -0.159268 1.161381
v -41.717899 0.162639 1.161381
v -40.812912 -0.159268 1.185675
v -40.812912 0.162639 1.185675
v -43.187748 0.162639 9.567452
v -43.218117 0.162639 1.568322
v -43.187748 -0.165342 9.567452
v -43.218117 -0.165343 1.568322
v -42.167355 0.162639 1.161380
v -42.167355 -0.165343 1.161380
v -43.072346 0.162639 1.155306
v -43.072346 -0.165343 1.155306
v -40.812912 -0.469031 1.185675
v -40.812912 -0.159268 1.185675
v -43.072346 -0.469031 1.155306
v -43.072346 0.466326 1.155306
v -40.812912 0.466326 1.185675
v -40.812912 0.162639 1.185675
v -43.187748 -0.165342 9.567452
v -40.934387 -0.159267 9.597821
v -43.187748 0.162639 9.567452
v -40.934387 0.162640 9.597821
v -29.661510 0.174788 16.570486
v -29.594694 0.174787 3.481556
v -29.661510 -0.171416 16.570486
v -29.594694 -0.171417 3.481556
v -25.555653 -0.128900 16.527973
v -25.537430 -0.128901 3.463332
v -25.555653 0.126200 16.527973
v -25.537430 0.126198 3.463332
v -29.594694 0.174787 3.481556
v -28.009447 0.174787 2.983507
v -29.594694 -0.171417 3.481556
v -28.009447 -0.171417 2.983507
v -25.537430 -0.128901 3.463332
v -27.365627 -0.128901 2.874181
v -25.537430 0.126198 3.463332
v -27.365627 0.126198 2.874181
v -29.594694 -0.171417 3.481556
v -28.009447 -0.171417 2.983507
v -25.537430 -0.128901 3.463332
v -27.365627 -0.128901 2.874181
v -28.045891 -0.171417 2.764849
v -27.402071 -0.128901 2.661598
v -28.009447 0.174787 2.983507
v -28.045891 0.174787 2.764849
v -28.009447 -0.171417 2.983507
v -28.045891 -0.171417 2.764849
v -25.537430 0.126198 3.463332
v -27.365627 0.126198 2.874181
v -29.594694 0.174787 3.481556
v -28.009447 0.174787 2.983507
v -27.402071 0.126198 2.661598
v -28.045891 0.174787 2.764849
v -27.365627 -0.128901 2.874181
v -27.402071 -0.128901 2.661598
v -27.365627 0.126198 2.874181
v -27.402071 0.126198 2.661598
v -29.661510 -0.171416 16.570486
v -25.555653 -0.128900 16.527973
v -29.661510 0.174788 16.570486
v -25.555653 0.126200 16.527973
v -30.189922 -2.436926 0.001294
v -25.081900 -2.406557 0.001295
v -30.189922 -1.969246 1.829495
v -25.081900 -1.944952 1.416479
v -22.877129 -2.406557 0.001295
v -22.877129 -1.944952 1.416479
v -30.189922 -1.969246 1.829495
v -25.081900 -1.944952 1.416479
v -30.189922 -0.754496 2.716261
v -25.081900 -0.742348 2.291100
v -22.877129 -1.944952 1.416479
v -22.877129 -0.742348 2.291100
v -27.402071 0.126198 2.661598
v -27.402071 -0.128901 2.661598
v -25.081900 -0.742348 2.291100
v -30.189922 -0.754496 2.716261
v -28.045891 -0.171417 2.764849
v -30.189922 0.751793 2.716261
v -28.045891 0.174787 2.764849
v -25.081900 0.745721 2.291100
v -22.877129 -0.742348 2.291100
v -22.877129 0.745721 2.291100
v -30.189922 0.751793 2.716261
v -25.081900 0.745721 2.291100
v -30.189922 1.972618 1.829495
v -25.081900 1.948324 1.416478
v -22.877129 0.745721 2.291100
v -22.877129 1.948324 1.416479
v -31.204237 2.586066 1.914527
v -30.189922 1.972618 1.829495
v -31.204237 3.199515 0.001294
v -30.189922 2.440295 0.001294
v -25.081900 1.948324 1.416478
v -25.081900 2.403854 0.001294
v -22.877129 1.948324 1.416479
v -22.877129 2.403854 0.001294
v -22.877129 -2.406557 0.001295
v -21.346542 -0.736274 0.001295
v -22.877129 -1.944952 1.416479
v -21.346542 -0.602653 0.420386
v -22.877129 -0.742348 2.291100
v -21.346542 -0.244302 0.693702
v -22.877129 0.745721 2.291100
v -21.346542 0.211231 0.705852
v -22.877129 1.948324 1.416479
v -21.346542 0.581729 0.444680
v -22.877129 2.403854 0.001294
v -21.346542 0.733574 0.019519
v -25.531355 -28.511538 -1.292411
v -26.187319 -28.511539 -12.589586
v -25.531355 -28.068151 -1.292411
v -26.187319 -28.068153 -12.589586
v -26.187319 -28.511539 -12.589586
v -26.982981 -28.511539 -12.492407
v -26.187319 -28.068153 -12.589586
v -26.982981 -28.068153 -12.492407
v -26.982981 -28.511539 -12.492407
v -26.333090 -28.511538 -1.292411
v -26.982981 -28.068153 -12.492407
v -26.333090 -28.068151 -1.292411
v -26.333090 -28.511538 -1.292411
v -25.531355 -28.511538 -1.292411
v -26.333090 -28.068151 -1.292411
v -25.531355 -28.068151 -1.292411
v -14.562162 -28.511536 -1.292410
v -13.839385 -28.511538 -12.498478
v -14.562162 -28.068150 -1.292410
v -13.839385 -28.068151 -12.498478
v -13.839385 -28.511538 -12.498478
v -14.689710 -28.511538 -12.583510
v -13.839385 -28.068151 -12.498478
v -14.689710 -28.068151 -12.583510
v -14.689710 -28.511538 -12.583510
v -15.418560 -28.511536 -1.292410
v -14.689710 -28.068151 -12.583510
v -15.418560 -28.068150 -1.292410
v -15.418560 -28.511536 -1.292410
v -14.562162 -28.511536 -1.292410
v -15.418560 -28.068150 -1.292410
v -14.562162 -28.068150 -1.292410
v -21.668447 -28.511536 -1.292411
v -21.668447 -28.511538 -12.540995
v -21.668447 -28.068150 -1.292411
v -21.668447 -28.068151 -12.540995
v -21.668447 -28.511538 -12.540995
v -22.433741 -28.511539 -12.540995
v -21.668447 -28.068151 -12.540995
v -22.433741 -28.068153 -12.540995
v -22.433741 -28.511539 -12.540995
v -22.433741 -28.511538 -1.292411
v -22.433741 -28.068153 -12.540995
v -22.433741 -28.068151 -1.292411
v -22.433741 -28.511538 -1.292411
v -21.668447 -28.511536 -1.292411
v -22.433741 -28.068151 -1.292411
v -21.668447 -28.068150 -1.292411
v -18.309664 -28.511536 -1.292410
v -18.048492 -28.511538 -12.534922
v -18.309664 -28.068150 -1.292410
v -18.048492 -28.068151 -12.534922
v -18.048492 -28.511538 -12.534922
v -18.862377 -28.511538 -12.540994
v -18.048492 -28.068151 -12.534922
v -18.862377 -28.068151 -12.540994
v -18.862377 -28.511538 -12.540994
v -19.123549 -28.511536 -1.292410
v -18.862377 -28.068151 -12.540994
v -19.123549 -28.068150 -1.292410
v -19.123549 -28.511536 -1.292410
v -18.309664 -28.511536 -1.292410
v -19.123549 -28.068150 -1.292410
v -18.309664 -28.068150 -1.292410
v -24.620293 -28.511538 -1.292411
v -25.531355 -28.511538 -1.292411
v -27.244152 -28.511538 -1.292411
v -26.333090 -28.511538 -1.292411
v -26.982981 -28.511539 -12.492407
v -27.887968 -28.511539 -12.383078
v -25.282331 -28.511539 -12.698913
v -26.187319 -28.511539 -12.589586
v -13.596437 -28.511536 -1.292410
v -12.879731 -28.511538 -12.407373
v -14.562162 -28.511536 -1.292410
v -13.839385 -28.511538 -12.498478
v -15.655436 -28.511538 -12.674617
v -14.689710 -28.511538 -12.583510
v -16.384287 -28.511536 -1.292410
v -15.418560 -28.511536 -1.292410
v -16.384287 -28.511536 -1.292410
v -13.596437 -28.511536 -1.292410
v -15.418560 -28.511536 -1.292410
v -14.562162 -28.511536 -1.292410
v -21.668447 -28.511538 -12.540995
v -20.799904 -28.511538 -12.540995
v -22.433741 -28.511539 -12.540995
v -23.302288 -28.511539 -12.540995
v -23.302288 -28.511539 -12.540995
v -23.302288 -28.511538 -1.292411
v -22.433741 -28.511539 -12.540995
v -22.433741 -28.511538 -1.292411
v -21.668447 -28.511536 -1.292411
v -20.799904 -28.511536 -1.292411
v -21.668447 -28.511538 -12.540995
v -20.799904 -28.511538 -12.540995
v -17.392530 -28.511536 -1.292410
v -17.131357 -28.511538 -12.522775
v -18.309664 -28.511536 -1.292410
v -18.048492 -28.511538 -12.534922
v -19.785587 -28.511538 -12.553144
v -18.862377 -28.511538 -12.540994
v -20.046759 -28.511536 -1.292411
v -19.123549 -28.511536 -1.292410
v -20.046759 -28.511536 -1.292411
v -17.392530 -28.511536 -1.292410
v -19.123549 -28.511536 -1.292410
v -18.309664 -28.511536 -1.292410
v -25.282331 -28.863815 -12.698913
v -27.887968 -28.863815 -12.383078
v -25.367363 -28.863815 -13.397395
v -27.973001 -28.863815 -13.087635
v -27.887968 -28.863815 -12.383078
v -27.887968 -28.402210 -12.383078
v -27.973001 -28.863815 -13.087635
v -27.973001 -28.402210 -13.087635
v -27.887968 -28.402210 -12.383078
v -25.282331 -28.402210 -12.698913
v -27.973001 -28.402210 -13.087635
v -25.367363 -28.402210 -13.397395
v -25.282331 -28.402210 -12.698913
v -25.282331 -28.863815 -12.698913
v -25.367363 -28.402210 -13.397395
v -25.367363 -28.863815 -13.397395
v -15.655436 -28.402208 -12.674617
v -12.879731 -28.402208 -12.407373
v -15.588626 -28.402208 -13.373099
v -12.812921 -28.402208 -13.111928
v -12.879731 -28.402208 -12.407373
v -12.879731 -28.863813 -12.407373
v -12.812921 -28.402208 -13.111928
v -12.812921 -28.863813 -13.111928
v -12.879731 -28.863813 -12.407373
v -15.655436 -28.863813 -12.674617
v -12.812921 -28.863813 -13.111928
v -15.588626 -28.863813 -13.373099
v -15.655436 -28.863813 -12.674617
v -15.655436 -28.402208 -12.674617
v -15.588626 -28.863813 -13.373099
v -15.588626 -28.402208 -13.373099
v -20.799904 -28.863813 -12.540995
v -23.302288 -28.863815 -12.540995
v -20.799904 -28.863813 -13.245552
v -23.302288 -28.863815 -13.245552
v -23.302288 -28.863815 -12.540995
v -23.302288 -28.402210 -12.540995
v -23.302288 -28.863815 -13.245552
v -23.302288 -28.402210 -13.245552
v -23.302288 -28.402210 -12.540995
v -20.799904 -28.402208 -12.540995
v -23.302288 -28.402210 -13.245552
v -20.799904 -28.402208 -13.245552
v -20.799904 -28.402208 -12.540995
v -20.799904 -28.863813 -12.540995
v -20.799904 -28.402208 -13.245552
v -20.799904 -28.863813 -13.245552
v -19.785587 -28.402208 -12.553144
v -17.131357 -28.402208 -12.522775
v -19.773439 -28.402208 -13.263772
v -17.119211 -28.402208 -13.227329
v -17.131357 -28.402208 -12.522775
v -17.131357 -28.863813 -12.522775
v -17.119211 -28.402208 -13.227329
v -17.119211 -28.863813 -13.227329
v -17.131357 -28.863813 -12.522775
v -19.785587 -28.863813 -12.553144
v -17.119211 -28.863813 -13.227329
v -19.773439 -28.863813 -13.263772
v -19.785587 -28.863813 -12.553144
v -19.785587 -28.402208 -12.553144
v -19.773439 -28.863813 -13.263772
v -19.773439 -28.402208 -13.263772
v -25.282331 -28.754488 -12.698913
v -27.887968 -28.754488 -12.383078
v -25.282331 -28.863815 -12.698913
v -27.887968 -28.863815 -12.383078
v -27.887968 -28.511539 -12.383078
v -27.887968 -28.402210 -12.383078
v -25.282331 -28.511539 -12.698913
v -25.282331 -28.402210 -12.698913
v -12.879731 -28.511538 -12.407373
v -12.879731 -28.754486 -12.407373
v -12.879731 -28.402208 -12.407373
v -12.879731 -28.863813 -12.407373
v -12.879731 -28.402208 -12.407373
v -15.655436 -28.402208 -12.674617
v -12.879731 -28.511538 -12.407373
v -15.655436 -28.511538 -12.674617
v -12.879731 -28.754486 -12.407373
v -15.655436 -28.754486 -12.674617
v -12.879731 -28.863813 -12.407373
v -15.655436 -28.863813 -12.674617
v -20.799904 -28.754486 -12.540995
v -23.302288 -28.754488 -12.540995
v -20.799904 -28.863813 -12.540995
v -23.302288 -28.863815 -12.540995
v -23.302288 -28.511539 -12.540995
v -23.302288 -28.402210 -12.540995
v -20.799904 -28.511538 -12.540995
v -20.799904 -28.402208 -12.540995
v -20.799904 -28.511538 -12.540995
v -20.799904 -28.754486 -12.540995
v -20.799904 -28.402208 -12.540995
v -20.799904 -28.863813 -12.540995
v -19.785587 -28.511538 -12.553144
v -17.131357 -28.511538 -12.522775
v -19.785587 -28.402208 -12.553144
v -17.131357 -28.402208 -12.522775
v -17.131357 -28.511538 -12.522775
v -17.131357 -28.754486 -12.522775
v -17.131357 -28.402208 -12.522775
v -17.131357 -28.863813 -12.522775
v -17.131357 -28.754486 -12.522775
v -19.785587 -28.754486 -12.553144
v -17.131357 -28.863813 -12.522775
v -19.785587 -28.863813 -12.553144
v -19.785587 -28.754486 -12.553144
v -19.785587 -28.511538 -12.553144
v -19.785587 -28.863813 -12.553144
v -19.785587 -28.402208 -12.553144
v -27.244152 -28.754486 -1.292411
v -27.244152 -28.511538 -1.292411
v -27.887968 -28.754488 -12.383078
v -27.887968 -28.511539 -12.383078
v -26.333090 -28.068151 -1.292411
v -25.531355 -28.068151 -1.292411
v -26.982981 -28.068153 -12.492407
v -26.187319 -28.068153 -12.589586
v -24.620293 -28.511538 -1.292411
v -24.620293 -28.754486 -1.292411
v -25.282331 -28.511539 -12.698913
v -25.282331 -28.754488 -12.698913
v -15.418560 -28.068150 -1.292410
v -14.562162 -28.068150 -1.292410
v -14.689710 -28.068151 -12.583510
v -13.839385 -28.068151 -12.498478
v -13.596437 -28.511536 -1.292410
v -13.596437 -28.754484 -1.292410
v -12.879731 -28.511538 -12.407373
v -12.879731 -28.754486 -12.407373
v -16.384287 -28.754484 -1.292410
v -16.384287 -28.511536 -1.292410
v -15.655436 -28.754486 -12.674617
v -15.655436 -28.511538 -12.674617
v -23.302288 -28.754486 -1.292411
v -23.302288 -28.511538 -1.292411
v -23.302288 -28.754488 -12.540995
v -23.302288 -28.511539 -12.540995
v -22.433741 -28.068151 -1.292411
v -21.668447 -28.068150 -1.292411
v -22.433741 -28.068153 -12.540995
v -21.668447 -28.068151 -12.540995
v -20.799904 -28.511536 -1.292411
v -20.799904 -28.754484 -1.292411
v -20.799904 -28.511538 -12.540995
v -20.799904 -28.754486 -12.540995
v -19.123549 -28.068150 -1.292410
v -18.309664 -28.068150 -1.292410
v -18.862377 -28.068151 -12.540994
v -18.048492 -28.068151 -12.534922
v -17.392530 -28.511536 -1.292410
v -17.392530 -28.754484 -1.292410
v -17.131357 -28.511538 -12.522775
v -17.131357 -28.754486 -12.522775
v -20.046759 -28.754484 -1.292411
v -20.046759 -28.511536 -1.292411
v -19.785587 -28.754486 -12.553144
v -19.785587 -28.511538 -12.553144
v -24.620293 -28.906328 -1.292411
v -27.244152 -28.906328 -1.292411
v -24.620293 -28.754486 -1.292411
v -27.244152 -28.754486 -1.292411
v -27.244152 -28.906328 -1.292411
v -27.244152 -28.359692 -1.292411
v -27.244152 -28.754486 -1.292411
v -27.244152 -28.511538 -1.292411
v -27.244152 -28.359692 -1.292411
v -24.620293 -28.359692 -1.292411
v -27.244152 -28.511538 -1.292411
v -24.620293 -28.511538 -1.292411
v -24.620293 -28.359692 -1.292411
v -24.620293 -28.906328 -1.292411
v -24.620293 -28.511538 -1.292411
v -24.620293 -28.754486 -1.292411
v -16.384287 -28.359690 -1.292410
v -13.596437 -28.359690 -1.292410
v -16.384287 -28.511536 -1.292410
v -13.596437 -28.511536 -1.292410
v -13.596437 -28.906326 -1.292410
v -13.596437 -28.754484 -1.292410
v -16.384287 -28.906326 -1.292410
v -16.384287 -28.754484 -1.292410
v -16.384287 -28.906326 -1.292410
v -16.384287 -28.359690 -1.292410
v -16.384287 -28.754484 -1.292410
v -16.384287 -28.511536 -1.292410
v -23.302288 -28.906328 -1.292411
v -23.302288 -28.359692 -1.292411
v -23.302288 -28.754486 -1.292411
v -23.302288 -28.511538 -1.292411
v -20.046759 -28.906326 -1.292411
v -20.046759 -28.359690 -1.292411
v -20.046759 -28.754484 -1.292411
v -20.046759 -28.511536 -1.292411
v -25.367363 -28.402210 -13.397395
v -25.367363 -28.863815 -13.397395
v -27.973001 -28.402210 -13.087635
v -27.973001 -28.863815 -13.087635
v -23.302288 -28.359692 -1.292411
v -23.302288 -28.906328 -1.292411
v -24.620293 -28.359692 -1.292411
v -24.620293 -28.906328 -1.292411
v -20.046759 -28.359690 -1.292411
v -17.392530 -28.359690 -1.292410
v -20.046759 -28.511536 -1.292411
v -17.392530 -28.511536 -1.292410
v -20.046759 -28.754484 -1.292411
v -17.392530 -28.754484 -1.292410
v -20.046759 -28.906326 -1.292411
v -17.392530 -28.906326 -1.292410
v -16.384287 -28.906326 -1.292410
v -16.384287 -28.359690 -1.292410
v -15.588626 -28.863813 -13.373099
v -15.588626 -28.402208 -13.373099
v -12.812921 -28.863813 -13.111928
v -12.812921 -28.402208 -13.111928
v -20.799904 -28.402208 -13.245552
v -20.799904 -28.863813 -13.245552
v -23.302288 -28.402210 -13.245552
v -23.302288 -28.863815 -13.245552
v -20.799904 -28.906326 -0.824731
v -20.799904 -28.359690 -0.824731
v -23.302288 -28.906328 -0.824731
v -27.244152 -28.359692 -0.824731
v -27.244152 -28.906328 -0.824731
v -24.620293 -28.359692 -0.824731
v -24.620293 -28.906328 -0.824731
v -23.302288 -28.359692 -0.824731
v -19.773439 -28.863813 -13.263772
v -19.773439 -28.402208 -13.263772
v -17.119211 -28.863813 -13.227329
v -17.119211 -28.402208 -13.227329
v -20.046759 -28.359690 -0.824731
v -20.046759 -28.906326 -0.824731
v -17.392530 -28.359690 -0.824731
v -13.596437 -28.906326 -0.824730
v -13.596437 -28.359690 -0.824730
v -16.384287 -28.906326 -0.824731
v -16.384287 -28.359690 -0.824731
v -17.392530 -28.906326 -0.824731
v -27.244152 -28.906328 -0.824731
v -27.244152 -28.359692 -0.824731
v -27.244152 -28.906328 -1.292411
v -27.244152 -28.359692 -1.292411
v -13.596437 -28.359690 -0.824730
v -13.596437 -28.906326 -0.824730
v -13.596437 -28.359690 -1.292410
v -13.596437 -28.906326 -1.292410
v -27.244152 -28.906328 -0.824731
v -27.244152 -28.906328 -1.292411
v -24.620293 -28.906328 -0.824731
v -24.620293 -28.906328 -1.292411
v -23.302288 -28.906328 -0.824731
v -23.302288 -28.906328 -1.292411
v -20.799904 -28.906326 -0.824731
v -20.799904 -28.906326 -1.292411
v -20.423330 -28.906326 -1.292411
v -20.423330 -28.906326 -0.824731
v -13.596437 -28.906326 -1.292410
v -13.596437 -28.906326 -0.824730
v -16.384287 -28.906326 -1.292410
v -16.384287 -28.906326 -0.824731
v -17.392530 -28.906326 -1.292410
v -17.392530 -28.906326 -0.824731
v -20.046759 -28.906326 -1.292411
v -20.046759 -28.906326 -0.824731
v -13.596437 -28.359690 -0.824730
v -13.596437 -28.359690 -1.292410
v -16.384287 -28.359690 -0.824731
v -16.384287 -28.359690 -1.292410
v -17.392530 -28.359690 -0.824731
v -17.392530 -28.359690 -1.292410
v -20.046759 -28.359690 -0.824731
v -20.046759 -28.359690 -1.292411
v -27.244152 -28.359692 -1.292411
v -27.244152 -28.359692 -0.824731
v -24.620293 -28.359692 -1.292411
v -24.620293 -28.359692 -0.824731
v -23.302288 -28.359692 -1.292411
v -23.302288 -28.359692 -0.824731
v -20.799904 -28.359690 -1.292411
v -20.799904 -28.359690 -0.824731
v -20.423330 -28.359690 -0.824731
v -20.423330 -28.359690 -1.292411
v -23.302288 -28.359692 -1.292411
v -20.799904 -28.359690 -1.292411
v -23.302288 -28.511538 -1.292411
v -20.799904 -28.511536 -1.292411
v -23.302288 -28.754486 -1.292411
v -20.799904 -28.754484 -1.292411
v -23.302288 -28.906328 -1.292411
v -20.799904 -28.906326 -1.292411
v -20.423330 -28.359690 -1.292411
v -20.423330 -28.906326 -1.292411
v -20.046759 -28.359690 -1.292411
v -20.046759 -28.906326 -1.292411
v -21.133959 -26.968800 0.001297
v -21.024632 -26.968800 -0.824731
v -20.799904 -27.290710 0.001297
v -20.799904 -27.290710 -0.824731
v -19.815956 -26.968800 -0.824731
v -20.423330 -27.290710 -0.824731
v -20.423330 -26.968800 -0.824731
v -21.024632 -26.968800 -0.824731
v -20.799904 -27.290710 -0.824731
v -20.799904 -28.359690 -0.824731
v -20.423330 -28.359690 -0.824731
v -20.046759 -28.359690 -0.824731
v -20.046759 -27.290710 -0.824731
v -19.815956 -26.968800 -0.824731
v -19.706627 -26.968800 0.001297
v -20.046759 -27.290710 -0.824731
v -20.046759 -27.290710 0.001297
v -21.249359 -26.968800 -0.824731
v -21.024632 -26.968800 -0.824731
v -21.133959 -26.968800 0.001297
v -21.249359 -26.968800 -0.824731
v -20.423330 -26.968800 -0.824731
v -21.024632 -26.968800 -0.824731
v -20.423330 -26.968800 -0.824731
v -20.423330 -26.968800 -0.824731
v -19.591225 -26.968800 -0.824731
v -20.423330 -26.968800 -0.824731
v -19.815956 -26.968800 -0.824731
v -19.706627 -26.968800 0.001297
v -19.815956 -26.968800 -0.824731
v -19.591225 -26.968800 -0.824731
v -21.261511 -0.790939 -0.873322
v -20.459774 -0.790939 -0.873322
v -21.249361 -2.072500 -0.824733
v -20.423332 -2.072500 -1.286338
v -20.423332 -10.120218 -1.286337
v -21.249361 -10.120218 -0.824732
v -20.423332 -10.600045 -1.754017
v -21.644156 -10.600045 -1.128423
v -20.423332 -18.392666 -1.754017
v -21.644156 -18.392666 -1.128422
v -20.423332 -18.817829 -1.286337
v -21.249361 -18.817829 -0.824732
v -20.423330 -26.136698 -1.286336
v -21.249359 -26.136698 -0.824731
v -21.249359 -26.968800 -0.824731
v -20.423330 -26.968800 -0.824731
v -19.591225 -26.968800 -0.824731
v -19.591225 -26.136698 -0.824731
v -19.591227 -18.817829 -0.824732
v -19.196436 -18.392666 -1.128422
v -19.196436 -10.600045 -1.128422
v -19.591227 -10.120218 -0.824732
v -19.591227 -2.072500 -0.824733
v -19.609449 -0.790939 -0.873322
v -21.249359 -26.968800 -0.824731
v -21.133959 -26.968800 0.001297
v -21.249359 -26.136698 -0.824731
v -21.261511 -0.797012 -0.035149
v -21.261511 -0.790939 -0.873322
v -21.486238 -2.072500 0.001295
v -21.249361 -2.072500 -0.824733
v -21.486238 -10.120218 0.001296
v -21.249361 -10.120218 -0.824732
v -21.996435 -10.600045 0.001296
v -21.644156 -10.600045 -1.128423
v -21.996435 -18.392668 0.001296
v -21.644156 -18.392666 -1.128422
v -21.486238 -18.817829 0.001296
v -21.249361 -18.817829 -0.824732
v -21.486237 -26.136698 0.001297
v -19.609449 -0.790939 -0.873322
v -19.609449 -0.815234 -0.041219
v -19.591227 -2.072500 -0.824733
v -19.706627 -26.968800 0.001297
v -19.591225 -26.968800 -0.824731
v -19.354351 -26.136698 0.001297
v -19.591225 -26.136698 -0.824731
v -19.591227 -18.817829 -0.824732
v -19.354353 -18.817829 0.001297
v -19.196436 -18.392666 -1.128422
v -18.844156 -18.392666 0.001297
v -19.196436 -10.600045 -1.128422
v -18.844156 -10.600045 0.001296
v -19.591227 -10.120218 -0.824732
v -19.354353 -10.120218 0.001296
v -19.354353 -2.072500 0.001295
v -26.187321 -28.068150 12.586108
v -26.187321 -28.511536 12.586108
v -25.531355 -28.068151 1.288935
v -25.531355 -28.511538 1.288935
v -26.982983 -28.068150 12.495001
v -26.982983 -28.511536 12.495001
v -26.187321 -28.068150 12.586108
v -26.187321 -28.511536 12.586108
v -26.333090 -28.068151 1.288935
v -26.333090 -28.511538 1.288935
v -26.982983 -28.068150 12.495001
v -26.982983 -28.511536 12.495001
v -25.531355 -28.068151 1.288935
v -25.531355 -28.511538 1.288935
v -26.333090 -28.068151 1.288935
v -26.333090 -28.511538 1.288935
v -13.839387 -28.068148 12.501077
v -13.839387 -28.511534 12.501077
v -14.562162 -28.068150 1.288936
v -14.562162 -28.511536 1.288936
v -14.689712 -28.068148 12.580034
v -14.689712 -28.511534 12.580034
v -13.839387 -28.068148 12.501077
v -13.839387 -28.511534 12.501077
v -15.418560 -28.068150 1.288936
v -15.418560 -28.511536 1.288936
v -14.689712 -28.068148 12.580034
v -14.689712 -28.511534 12.580034
v -14.562162 -28.068150 1.288936
v -14.562162 -28.511536 1.288936
v -15.418560 -28.068150 1.288936
v -15.418560 -28.511536 1.288936
v -21.668449 -28.068148 12.537519
v -21.668449 -28.511534 12.537519
v -21.668447 -28.068150 1.288935
v -21.668447 -28.511536 1.288935
v -22.433743 -28.068150 12.537519
v -22.433743 -28.511536 12.537519
v -21.668449 -28.068148 12.537519
v -21.668449 -28.511534 12.537519
v -22.433741 -28.068151 1.288935
v -22.433741 -28.511538 1.288935
v -22.433743 -28.068150 12.537519
v -22.433743 -28.511536 12.537519
v -21.668447 -28.068150 1.288935
v -21.668447 -28.511536 1.288935
v -22.433741 -28.068151 1.288935
v -22.433741 -28.511538 1.288935
v -18.048494 -28.068148 12.531446
v -18.048494 -28.511534 12.531446
v -18.309664 -28.068150 1.288936
v -18.309664 -28.511536 1.288936
v -18.862379 -28.068148 12.543595
v -18.862379 -28.511534 12.543595
v -18.048494 -28.068148 12.531446
v -18.048494 -28.511534 12.531446
v -19.123549 -28.068150 1.288936
v -19.123549 -28.511536 1.288936
v -18.862379 -28.068148 12.543595
v -18.862379 -28.511534 12.543595
v -18.309664 -28.068150 1.288936
v -18.309664 -28.511536 1.288936
v -19.123549 -28.068150 1.288936
v -19.123549 -28.511536 1.288936
v -24.620293 -28.511538 1.288935
v -25.531355 -28.511538 1.288935
v -25.282333 -28.511536 12.695435
v -26.187321 -28.511536 12.586108
v -26.982983 -28.511536 12.495001
v -27.887970 -28.511536 12.385674
v -27.244152 -28.511538 1.288935
v -26.333090 -28.511538 1.288935
v -15.418560 -28.511536 1.288936
v -16.384287 -28.511536 1.288936
v -14.689712 -28.511534 12.580034
v -13.596437 -28.511536 1.288936
v -14.562162 -28.511536 1.288936
v -12.879733 -28.511534 12.409970
v -13.839387 -28.511534 12.501077
v -15.655437 -28.511534 12.671142
v -14.562162 -28.511536 1.288936
v -13.596437 -28.511536 1.288936
v -15.418560 -28.511536 1.288936
v -16.384287 -28.511536 1.288936
v -20.799904 -28.511536 1.288935
v -21.668447 -28.511536 1.288935
v -20.799906 -28.511534 12.537519
v -21.668449 -28.511534 12.537519
v -22.433743 -28.511536 12.537519
v -23.302290 -28.511536 12.537519
v -23.302288 -28.511538 1.288935
v -22.433741 -28.511538 1.288935
v -19.123549 -28.511536 1.288936
v -20.046759 -28.511536 1.288935
v -18.862379 -28.511534 12.543595
v -17.392530 -28.511536 1.288936
v -18.309664 -28.511536 1.288936
v -17.131359 -28.511534 12.525372
v -18.048494 -28.511534 12.531446
v -19.785589 -28.511534 12.555739
v -18.309664 -28.511536 1.288936
v -17.392530 -28.511536 1.288936
v -19.123549 -28.511536 1.288936
v -20.046759 -28.511536 1.288935
v -27.973003 -28.863811 13.084157
v -27.887970 -28.863811 12.385674
v -25.367365 -28.863811 13.399992
v -25.282333 -28.863811 12.695435
v -27.973003 -28.402206 13.084157
v -27.887970 -28.402206 12.385674
v -27.973003 -28.863811 13.084157
v -27.887970 -28.863811 12.385674
v -25.367365 -28.402206 13.399992
v -25.282333 -28.402206 12.695435
v -27.973003 -28.402206 13.084157
v -27.887970 -28.402206 12.385674
v -25.367365 -28.863811 13.399992
v -25.282333 -28.863811 12.695435
v -25.367365 -28.402206 13.399992
v -25.282333 -28.402206 12.695435
v -12.812922 -28.402205 13.108452
v -12.879733 -28.402205 12.409970
v -15.588628 -28.402205 13.375699
v -15.655437 -28.402205 12.671142
v -12.812922 -28.863810 13.108452
v -12.879733 -28.863810 12.409970
v -12.812922 -28.402205 13.108452
v -12.879733 -28.402205 12.409970
v -15.588628 -28.863810 13.375699
v -15.655437 -28.863810 12.671142
v -12.812922 -28.863810 13.108452
v -12.879733 -28.863810 12.409970
v -15.588628 -28.402205 13.375699
v -15.655437 -28.402205 12.671142
v -15.588628 -28.863810 13.375699
v -15.655437 -28.863810 12.671142
v -23.302290 -28.863811 13.242072
v -23.302290 -28.863811 12.537519
v -20.799906 -28.863810 13.242072
v -20.799906 -28.863810 12.537519
v -23.302290 -28.402206 13.242072
v -23.302290 -28.402206 12.537519
v -23.302290 -28.863811 13.242072
v -23.302290 -28.863811 12.537519
v -20.799906 -28.402205 13.242072
v -20.799906 -28.402205 12.537519
v -23.302290 -28.402206 13.242072
v -23.302290 -28.402206 12.537519
v -20.799906 -28.863810 13.242072
v -20.799906 -28.863810 12.537519
v -20.799906 -28.402205 13.242072
v -20.799906 -28.402205 12.537519
v -17.119213 -28.402205 13.229928
v -17.131359 -28.402205 12.525372
v -19.773441 -28.402205 13.260297
v -19.785589 -28.402205 12.555739
v -17.119213 -28.863810 13.229928
v -17.131359 -28.863810 12.525372
v -17.119213 -28.402205 13.229928
v -17.131359 -28.402205 12.525372
v -19.773441 -28.863810 13.260297
v -19.785589 -28.863810 12.555739
v -17.119213 -28.863810 13.229928
v -17.131359 -28.863810 12.525372
v -19.773441 -28.402205 13.260297
v -19.785589 -28.402205 12.555739
v -19.773441 -28.863810 13.260297
v -19.785589 -28.863810 12.555739
v -12.879733 -28.863810 12.409970
v -12.879733 -28.754482 12.409970
v -12.879733 -28.402205 12.409970
v -12.879733 -28.511534 12.409970
v -12.879733 -28.402205 12.409970
v -12.879733 -28.511534 12.409970
v -15.655437 -28.402205 12.671142
v -15.655437 -28.511534 12.671142
v -15.655437 -28.863810 12.671142
v -12.879733 -28.754482 12.409970
v -12.879733 -28.863810 12.409970
v -15.655437 -28.754482 12.671142
v -23.302290 -28.863811 12.537519
v -23.302290 -28.754484 12.537519
v -20.799906 -28.863810 12.537519
v -20.799906 -28.754482 12.537519
v -23.302290 -28.402206 12.537519
v -23.302290 -28.511536 12.537519
v -23.302290 -28.863811 12.537519
v -23.302290 -28.754484 12.537519
v -20.799906 -28.402205 12.537519
v -20.799906 -28.511534 12.537519
v -23.302290 -28.402206 12.537519
v -23.302290 -28.511536 12.537519
v -20.799906 -28.863810 12.537519
v -20.799906 -28.754482 12.537519
v -20.799906 -28.402205 12.537519
v -20.799906 -28.511534 12.537519
v -17.131359 -28.402205 12.525372
v -17.131359 -28.511534 12.525372
v -19.785589 -28.402205 12.555739
v -19.785589 -28.511534 12.555739
v -17.131359 -28.863810 12.525372
v -17.131359 -28.754482 12.525372
v -17.131359 -28.402205 12.525372
v -17.131359 -28.511534 12.525372
v -19.785589 -28.863810 12.555739
v -19.785589 -28.754482 12.555739
v -17.131359 -28.863810 12.525372
v -17.131359 -28.754482 12.525372
v -19.785589 -28.402205 12.555739
v -19.785589 -28.511534 12.555739
v -19.785589 -28.863810 12.555739
v -19.785589 -28.754482 12.555739
v -27.887970 -28.511536 12.385674
v -27.244152 -28.511538 1.288935
v -27.887970 -28.754484 12.385674
v -27.244152 -28.754486 1.288935
v -26.187321 -28.068150 12.586108
v -25.531355 -28.068151 1.288935
v -26.982983 -28.068150 12.495001
v -26.333090 -28.068151 1.288935
v -25.282333 -28.402206 12.695435
v -25.282333 -28.863811 12.695435
v -25.282333 -28.754484 12.695435
v -27.887970 -28.754484 12.385674
v -27.887970 -28.863811 12.385674
v -27.887970 -28.511536 12.385674
v -27.887970 -28.402206 12.385674
v -25.282333 -28.511536 12.695435
v -24.620293 -28.754486 1.288935
v -24.620293 -28.511538 1.288935
v -13.839387 -28.068148 12.501077
v -14.562162 -28.068150 1.288936
v -14.689712 -28.068148 12.580034
v -15.418560 -28.068150 1.288936
v -12.879733 -28.754482 12.409970
v -13.596437 -28.754484 1.288936
v -12.879733 -28.511534 12.409970
v -13.596437 -28.511536 1.288936
v -15.655437 -28.511534 12.671142
v -16.384287 -28.511536 1.288936
v -15.655437 -28.754482 12.671142
v -16.384287 -28.754484 1.288936
v -23.302290 -28.511536 12.537519
v -23.302288 -28.511538 1.288935
v -23.302290 -28.754484 12.537519
v -23.302288 -28.754486 1.288935
v -21.668449 -28.068148 12.537519
v -21.668447 -28.068150 1.288935
v -22.433743 -28.068150 12.537519
v -22.433741 -28.068151 1.288935
v -20.799906 -28.754482 12.537519
v -20.799904 -28.754484 1.288935
v -20.799906 -28.511534 12.537519
v -20.799904 -28.511536 1.288935
v -18.048494 -28.068148 12.531446
v -18.309664 -28.068150 1.288936
v -18.862379 -28.068148 12.543595
v -19.123549 -28.068150 1.288936
v -17.131359 -28.754482 12.525372
v -17.392530 -28.754484 1.288936
v -17.131359 -28.511534 12.525372
v -17.392530 -28.511536 1.288936
v -19.785589 -28.511534 12.555739
v -20.046759 -28.511536 1.288935
v -19.785589 -28.754482 12.555739
v -20.046759 -28.754484 1.288935
v -27.244152 -28.754486 1.288935
v -27.244152 -28.906328 1.288935
v -24.620293 -28.754486 1.288935
v -24.620293 -28.906328 1.288935
v -27.244152 -28.511538 1.288935
v -27.244152 -28.359692 1.288935
v -27.244152 -28.754486 1.288935
v -27.244152 -28.906328 1.288935
v -24.620293 -28.511538 1.288935
v -24.620293 -28.359692 1.288935
v -27.244152 -28.511538 1.288935
v -27.244152 -28.359692 1.288935
v -24.620293 -28.754486 1.288935
v -24.620293 -28.906328 1.288935
v -24.620293 -28.511538 1.288935
v -24.620293 -28.359692 1.288935
v -23.302288 -28.511538 1.288935
v -23.302288 -28.359692 1.288935
v -23.302288 -28.754486 1.288935
v -23.302288 -28.906328 1.288935
v -27.973003 -28.863811 13.084157
v -25.367365 -28.863811 13.399992
v -27.973003 -28.402206 13.084157
v -25.367365 -28.402206 13.399992
v -24.620293 -28.906328 1.288935
v -23.302288 -28.906328 1.288935
v -24.620293 -28.359692 1.288935
v -23.302288 -28.359692 1.288935
v -12.812922 -28.402205 13.108452
v -15.588628 -28.402205 13.375699
v -12.812922 -28.863810 13.108452
v -15.588628 -28.863810 13.375699
v -23.302290 -28.863811 13.242072
v -20.799906 -28.863810 13.242072
v -23.302290 -28.402206 13.242072
v -20.799906 -28.402205 13.242072
v -27.244152 -28.359692 0.827330
v -24.620293 -28.359692 0.827330
v -27.244152 -28.906328 0.827330
v -24.620293 -28.906328 0.827330
v -23.302288 -28.359692 0.827330
v -23.302288 -28.906328 0.827330
v -20.799904 -28.359690 0.827330
v -20.799904 -28.906326 0.827330
v -17.119213 -28.402205 13.229928
v -19.773441 -28.402205 13.260297
v -17.119213 -28.863810 13.229928
v -19.773441 -28.863810 13.260297
v -13.596437 -28.906326 0.827331
v -16.384287 -28.906326 0.827331
v -13.596437 -28.359690 0.827331
v -16.384287 -28.359690 0.827331
v -17.392530 -28.906326 0.827331
v -17.392530 -28.359690 0.827331
v -20.046759 -28.906326 0.827331
v -20.046759 -28.359690 0.827331
v -27.244152 -28.359692 1.288935
v -27.244152 -28.359692 0.827330
v -27.244152 -28.906328 1.288935
v -27.244152 -28.906328 0.827330
v -13.596437 -28.906326 1.288936
v -13.596437 -28.906326 0.827331
v -13.596437 -28.359690 1.288936
v -13.596437 -28.359690 0.827331
v -27.244152 -28.906328 0.827330
v -24.620293 -28.906328 0.827330
v -27.244152 -28.906328 1.288935
v -24.620293 -28.906328 1.288935
v -23.302288 -28.906328 0.827330
v -23.302288 -28.906328 1.288935
v -20.799904 -28.906326 0.827330
v -20.799904 -28.906326 1.288935
v -20.423330 -28.906326 1.288935
v -20.423330 -28.906326 0.827330
v -20.046759 -28.906326 1.288935
v -13.596437 -28.906326 1.288936
v -16.384287 -28.906326 1.288936
v -13.596437 -28.906326 0.827331
v -16.384287 -28.906326 0.827331
v -17.392530 -28.906326 1.288936
v -17.392530 -28.906326 0.827331
v -20.046759 -28.906326 0.827331
v -13.596437 -28.359690 0.827331
v -16.384287 -28.359690 0.827331
v -13.596437 -28.359690 1.288936
v -16.384287 -28.359690 1.288936
v -17.392530 -28.359690 0.827331
v -17.392530 -28.359690 1.288936
v -20.046759 -28.359690 0.827331
v -20.046759 -28.359690 1.288935
v -20.423330 -28.359690 1.288935
v -27.244152 -28.359692 1.288935
v -24.620293 -28.359692 1.288935
v -27.244152 -28.359692 0.827330
v -24.620293 -28.359692 0.827330
v -23.302288 -28.359692 1.288935
v -23.302288 -28.359692 0.827330
v -20.799904 -28.359690 1.288935
v -20.799904 -28.359690 0.827330
v -20.423330 -28.359690 0.827330
v -20.046759 -28.754484 1.288935
v -20.046759 -28.511536 1.288935
v -20.046759 -28.359690 1.288935
v -17.392530 -28.359690 1.288936
v -17.392530 -28.511536 1.288936
v -16.384287 -28.754484 1.288936
v -16.384287 -28.511536 1.288936
v -16.384287 -28.359690 1.288936
v -13.596437 -28.359690 1.288936
v -13.596437 -28.511536 1.288936
v -13.596437 -28.906326 1.288936
v -13.596437 -28.754484 1.288936
v -16.384287 -28.906326 1.288936
v -17.392530 -28.906326 1.288936
v -17.392530 -28.754484 1.288936
v -20.046759 -28.906326 1.288935
v -20.423330 -28.906326 1.288935
v -23.302288 -28.754486 1.288935
v -23.302288 -28.906328 1.288935
v -20.799904 -28.754484 1.288935
v -20.799904 -28.906326 1.288935
v -20.799904 -28.511536 1.288935
v -23.302288 -28.359692 1.288935
v -23.302288 -28.511538 1.288935
v -20.799904 -28.359690 1.288935
v -20.423330 -28.359690 1.288935
v -20.799904 -27.290710 0.827330
v -21.024632 -26.968800 0.827330
v -20.799904 -27.290710 0.001297
v -21.133959 -26.968800 0.001297
v -19.815956 -26.968800 0.827330
v -20.423330 -27.290710 0.827330
v -20.046759 -27.290710 0.827330
v -20.046759 -28.359690 0.827331
v -20.423330 -28.359690 0.827330
v -20.799904 -28.359690 0.827330
v -20.799904 -27.290710 0.827330
v -21.024632 -26.968800 0.827330
v -20.423330 -26.968800 0.827330
v -20.046759 -27.290710 0.001297
v -19.706627 -26.968800 0.001297
v -20.046759 -27.290710 0.827330
v -19.815956 -26.968800 0.827330
v -21.249359 -26.968800 0.827330
v -21.133959 -26.968800 0.001297
v -21.024632 -26.968800 0.827330
v -19.815956 -26.968800 0.827330
v -19.591225 -26.968800 0.827330
v -20.423330 -26.968800 0.827330
v -21.249359 -26.968800 0.827330
v -21.024632 -26.968800 0.827330
v -20.423330 -26.968800 0.827330
v -19.706627 -26.968800 0.001297
v -19.591225 -26.968800 0.827330
v -19.815956 -26.968800 0.827330
v -20.459774 -0.815234 0.815178
v -20.423332 -2.072500 1.288933
v -19.609449 -0.815233 0.815178
v -19.591227 -2.072500 0.827328
v -20.423332 -10.120218 1.288934
v -19.591227 -10.120218 0.827329
v -20.423332 -10.600045 1.750539
v -19.196436 -10.600045 1.124939
v -20.423332 -18.392666 1.750540
v -19.196436 -18.392666 1.124940
v -20.423332 -18.817829 1.288935
v -19.591227 -18.817829 0.827330
v -20.423330 -26.136698 1.288935
v -19.591225 -26.136698 0.827330
v -19.591225 -26.968800 0.827330
v -20.423330 -26.968800 0.827330
v -21.249359 -26.968800 0.827330
v -21.249359 -26.136698 0.827330
v -21.249361 -18.817829 0.827330
v -21.644156 -18.392666 1.124940
v -21.644156 -10.600045 1.124939
v -21.249361 -10.120218 0.827329
v -21.249361 -2.072500 0.827328
v -21.261511 -0.815234 0.815178
v -21.261511 -0.797012 -0.035149
v -21.486238 -2.072500 0.001295
v -21.261511 -0.815234 0.815178
v -21.249361 -2.072500 0.827328
v -21.486238 -10.120218 0.001296
v -21.249361 -10.120218 0.827329
v -21.996435 -10.600045 0.001296
v -21.644156 -10.600045 1.124939
v -21.996435 -18.392668 0.001296
v -21.644156 -18.392666 1.124940
v -21.486238 -18.817829 0.001296
v -21.249361 -18.817829 0.827330
v -21.486237 -26.136698 0.001297
v -21.249359 -26.136698 0.827330
v -21.133959 -26.968800 0.001297
v -21.249359 -26.968800 0.827330
v -19.706627 -26.968800 0.001297
v -19.354351 -26.136698 0.001297
v -19.591225 -26.968800 0.827330
v -19.591225 -26.136698 0.827330
v -19.354353 -18.817829 0.001297
v -19.591227 -18.817829 0.827330
v -18.844156 -18.392666 0.001297
v -19.196436 -18.392666 1.124940
v -18.844156 -10.600045 0.001296
v -19.196436 -10.600045 1.124939
v -19.354353 -10.120218 0.001296
v -19.591227 -10.120218 0.827329
v -19.354353 -2.072500 0.001295
v -19.591227 -2.072500 0.827328
v -19.609449 -0.815234 -0.041219
v -19.609449 -0.815233 0.815178
v 1.521129 -2.849939 -0.551415
v 1.357139 -4.465557 -0.545340
v 0.597919 -2.849939 -0.551415
v 0.695096 -4.465557 -0.545340
v 0.597919 -2.849939 0.554009
v 0.695096 -4.465557 0.523640
v 1.521129 -2.849939 0.554009
v 1.357139 -4.465557 0.523640
v 0.597919 -2.849939 -0.551415
v 0.695096 -4.465557 -0.545340
v 0.597919 -2.849939 0.554009
v 0.695096 -4.465557 0.523640
v 0.695097 -4.465558 -12.917569
v 0.695096 -4.465557 0.766592
v 1.521129 -2.849939 0.554009
v 1.357139 -4.465557 0.523640
v 1.521129 -2.849939 -0.551415
v 1.357139 -4.465557 -0.545340
v 1.357139 -4.465557 0.766592
v 1.357140 -4.465558 -12.917569
v -2.590801 -6.755358 19.880680
v -2.590801 -6.913275 19.431225
v -2.359999 -6.439523 19.576996
v -2.359999 -6.439523 19.419075
v -2.359999 -6.439523 19.249010
v -2.590801 -6.755358 18.945326
v -2.590801 -5.662083 19.880680
v -2.590801 -6.184426 20.081114
v -2.359999 -5.977918 19.576996
v -2.359999 -6.196573 19.576996
v -2.359999 -6.439523 19.576996
v -2.590801 -6.755358 19.880680
v -2.590801 -5.662083 19.880680
v -2.359999 -5.977918 19.576996
v -2.590801 -5.504166 19.431225
v -2.359999 -5.977918 19.419075
v -2.359999 -5.977918 19.249010
v -2.590801 -5.662084 18.945326
v -2.590801 -5.662084 18.945326
v -2.359999 -5.977918 19.249010
v -2.590801 -6.184427 18.744892
v -2.359999 -6.196573 19.249010
v -2.359999 -6.439523 19.249010
v -2.590801 -6.755358 18.945326
v -2.359999 -5.977918 19.249010
v -2.208156 -5.977918 19.249010
v -2.359999 -6.196573 19.249010
v -2.208156 -6.196573 19.249010
v -2.208156 -6.439523 19.249010
v -2.359999 -6.439523 19.249010
v -2.590801 -5.504166 19.431225
v -2.487550 -6.093319 19.516256
v -2.590801 -5.662083 19.880680
v -2.590801 -6.755358 19.880680
v -2.590801 -6.184426 20.081114
v -2.487550 -6.330196 19.516256
v -2.487550 -6.202648 19.516256
v -2.487550 -6.093319 19.419075
v -2.590801 -5.662084 18.945326
v -2.487550 -6.093319 19.309750
v -2.487550 -6.202648 19.309750
v -2.590801 -6.184427 18.744892
v -2.590801 -6.755358 18.945326
v -2.487550 -6.330196 19.309750
v -2.590801 -6.913275 19.431225
v -2.487550 -6.330196 19.419075
v -2.487550 -6.202648 19.419075
v -1.971279 -6.439523 19.249010
v -1.971279 -6.196573 19.249010
v -1.971279 -6.439523 19.419075
v -1.971279 -6.196573 19.419075
v -1.971279 -6.439523 19.576996
v -1.971279 -6.196573 19.576996
v -1.971279 -5.977918 19.576996
v -1.971279 -5.977918 19.419075
v -1.971279 -5.977918 19.249010
v -1.971279 -5.977918 19.419075
v -2.208156 -5.977918 19.419075
v -1.971279 -5.977918 19.576996
v -2.208156 -5.977918 19.576996
v -2.359999 -5.977918 19.576996
v -2.359999 -5.977918 19.419075
v -2.359999 -5.977918 19.249010
v -2.208156 -5.977918 19.249010
v -1.971279 -5.977918 19.249010
v -1.971279 -5.977919 18.829924
v -2.208156 -5.977919 18.829924
v -2.208156 -6.439523 19.249010
v -2.208156 -6.439523 19.419075
v -2.359999 -6.439523 19.249010
v -2.359999 -6.439523 19.419075
v -2.359999 -6.439523 19.576996
v -2.208156 -6.439523 19.576996
v -1.971279 -6.439523 19.576996
v -1.971279 -6.439523 19.419075
v -1.971279 -6.439523 19.249010
v -1.971279 -6.439523 18.829924
v -2.208156 -6.439523 18.829924
v -1.971279 -6.439523 19.576996
v -1.971279 -6.196573 19.576996
v -2.208156 -6.439523 19.576996
v -2.208156 -6.196573 19.576996
v -2.359999 -6.439523 19.576996
v -2.359999 -6.196573 19.576996
v -2.359999 -5.977918 19.576996
v -2.208156 -5.977918 19.576996
v -1.971279 -5.977918 19.576996
v -0.622908 -5.121521 19.249010
v -0.622908 -5.121521 18.829924
v -0.622908 -4.095057 19.249010
v -0.622908 -4.095057 18.829924
v -1.971279 -6.439523 19.249010
v -1.971279 -6.439523 18.829924
v -1.971279 -7.636052 19.249010
v -1.971279 -7.636052 18.829924
v -0.622908 -6.439523 18.829924
v -0.622908 -6.439523 19.249010
v -0.622908 -7.636052 18.829924
v -0.622908 -7.636052 19.249010
v -0.622908 -4.095057 19.249010
v -0.622908 -4.095057 18.829924
v -1.971279 -4.101129 19.249010
v -1.971279 -4.101130 18.829924
v -0.622908 -6.439523 18.829924
v -1.971279 -6.196574 18.829924
v -0.622908 -6.269459 18.829924
v -0.622908 -6.117617 18.829924
v -1.971279 -4.101130 18.829924
v -0.622908 -4.095057 18.829924
v -1.971279 -5.127594 18.829924
v -0.622908 -5.121521 18.829924
v -0.622908 -5.777485 18.829924
v -1.971279 -5.777485 18.829924
v -1.971279 -5.977919 18.829924
v -2.208156 -5.977919 18.829924
v -2.208156 -6.196574 18.829924
v -2.208156 -6.439523 18.829924
v -1.971279 -6.439523 18.829924
v -1.971279 -7.636052 18.829924
v -0.622908 -7.636052 18.829924
v -0.622908 -7.636052 18.829924
v -0.622908 -7.636052 19.249010
v -1.971279 -7.636052 18.829924
v -1.971279 -7.636052 19.249010
v -0.622908 -4.095057 19.249010
v -1.971279 -4.101129 19.249010
v -0.622908 -5.121521 19.249010
v -1.971279 -5.127593 19.249010
v -1.971279 -5.777484 19.249010
v -0.622908 -5.777484 19.249010
v -1.971279 -5.977918 19.249010
v -0.622908 -6.117616 19.249010
v -1.971279 -6.196573 19.249010
v -0.622908 -6.269458 19.249010
v -1.971279 -7.636052 19.249010
v -0.622908 -7.636052 19.249010
v -1.971279 -6.439523 19.249010
v -0.622908 -6.439523 19.249010
v -1.971279 -4.101129 19.249010
v -1.971279 -4.101130 18.829924
v -1.971279 -5.127593 19.249010
v -1.971279 -5.127594 18.829924
v -1.971279 -5.777485 18.829924
v -1.971279 -5.777484 19.249010
v -1.971279 -5.977918 19.249010
v -1.971279 -5.977919 18.829924
v -2.208156 -5.977919 18.829924
v -2.208156 -6.196574 18.829924
v -2.208156 -5.977918 19.249010
v -2.208156 -6.196573 19.249010
v -2.208156 -6.439523 19.249010
v -2.208156 -6.439523 18.829924
v 0.883382 -9.057309 33.485882
v 0.883382 -8.686809 33.485882
v 0.883383 -9.057309 31.517986
v 0.883383 -8.686809 31.517986
v 1.205292 -8.686809 33.485882
v 1.205292 -9.057309 33.485882
v 1.205292 -8.686809 31.517986
v 1.205292 -9.057309 31.517986
v 0.883383 -9.057309 31.517986
v 1.047372 -9.057309 31.517986
v 0.883382 -9.057309 33.485882
v 1.047372 -9.057309 33.485882
v 1.205292 -9.057309 33.485882
v 1.205292 -9.057309 31.517986
v 1.205293 -36.741463 33.485886
v 1.205293 -36.431702 33.485886
v 1.205293 -36.741463 31.517990
v 1.205293 -36.431702 31.517990
v 1.205294 -36.741463 28.226017
v 1.417872 -36.741463 28.226017
v 1.205294 -36.741463 29.872004
v 1.417872 -36.741463 29.872004
v 1.205293 -36.741463 31.517990
v 1.417871 -36.741463 31.517990
v 1.205293 -36.741463 33.485886
v 1.417871 -36.741463 33.485886
v 1.205293 -36.741463 36.777859
v 1.205293 -36.741463 35.131874
v 1.417871 -36.741463 36.777859
v 1.417871 -36.741463 35.131874
v 1.205294 -36.741463 28.226017
v 1.205294 -36.431702 28.226017
v 1.417872 -36.741463 28.226017
v 1.417872 -36.431702 28.226017
v 1.417871 -36.431702 36.777859
v 1.417871 -36.431702 35.131874
v 1.205293 -36.431702 36.777859
v 1.205293 -36.431702 35.131874
v 1.417872 -36.431702 28.226017
v 1.205294 -36.431702 28.226017
v 1.417871 -36.431702 29.872004
v 1.205293 -36.431702 29.872004
v 1.417871 -36.431702 31.517990
v 1.205293 -36.431702 31.517990
v 1.417871 -36.431702 33.485886
v 1.205293 -36.431702 33.485886
v 1.205292 -8.686809 33.485882
v 1.205292 -8.686809 35.131870
v 1.205292 -9.057309 33.485882
v 1.205292 -9.057309 35.131870
v 1.205292 -8.686809 36.777855
v 1.205292 -9.057309 36.777855
v 1.205292 -8.686809 36.777855
v 1.047372 -8.686809 36.777855
v 1.205292 -9.057309 36.777855
v 1.047372 -9.057309 36.777855
v 0.883382 -8.686809 36.777855
v 0.883382 -9.057309 36.777855
v 0.883382 -8.686809 36.777855
v 0.883382 -8.686809 35.131870
v 0.883382 -9.057309 36.777855
v 0.883382 -9.057309 35.131870
v 0.883382 -8.686809 33.485882
v 0.883382 -9.057309 33.485882
v 0.883383 -36.431702 36.777859
v 0.883384 -36.431702 35.131874
v 0.883383 -36.741463 36.777859
v 0.883384 -36.741463 35.131874
v 0.883384 -36.431702 33.485886
v 0.883384 -36.741463 33.485886
v 1.417871 -36.741463 36.777859
v 1.417871 -36.741463 35.131874
v 1.417871 -36.431702 36.777859
v 1.417871 -36.431702 35.131874
v 1.417872 -36.741463 28.226017
v 1.417872 -36.431702 28.226017
v 1.417872 -36.741463 29.872004
v 1.417871 -36.431702 29.872004
v 1.417871 -36.741463 31.517990
v 1.417871 -36.431702 31.517990
v 1.417871 -36.741463 33.485886
v 1.417871 -36.431702 33.485886
v 0.883382 -8.686809 33.485882
v 1.047372 -8.686809 35.131870
v 1.047372 -8.686809 33.485882
v 1.205292 -8.686809 31.517986
v 1.047372 -8.686809 31.517986
v 1.205292 -8.686809 33.485882
v 1.205292 -8.686809 35.131870
v 1.205292 -8.686809 36.777855
v 1.047372 -8.686809 36.777855
v 0.883382 -8.686809 36.777855
v 0.883382 -8.686809 35.131870
v 1.205293 -36.741463 33.485886
v 1.047373 -36.741463 33.485886
v 1.205293 -36.431702 33.485886
v 1.047373 -36.431702 33.485886
v 0.883384 -36.741463 33.485886
v 0.883384 -36.431702 33.485886
v 0.883383 -36.741463 36.777859
v 1.047373 -36.741463 35.131874
v 1.047373 -36.741463 36.777859
v 1.205293 -36.741463 36.777859
v 1.205293 -36.741463 35.131874
v 1.205293 -36.741463 33.485886
v 1.047373 -36.741463 33.485886
v 0.883384 -36.741463 33.485886
v 0.883384 -36.741463 35.131874
v 1.417871 -36.741463 36.777859
v 1.417871 -36.431702 36.777859
v 1.205293 -36.741463 36.777859
v 1.205293 -36.431702 36.777859
v 1.047373 -36.431702 36.777859
v 1.047373 -36.741463 36.777859
v 0.883383 -36.431702 36.777859
v 0.883383 -36.741463 36.777859
v 1.205292 -8.686809 28.226013
v 1.205292 -8.686809 29.872000
v 1.205292 -9.057309 28.226013
v 1.205292 -9.057309 29.872000
v 1.205292 -8.686809 31.517986
v 1.205292 -9.057309 31.517986
v 0.883383 -8.686809 31.517986
v 0.883383 -8.686809 29.872000
v 0.883383 -9.057309 31.517986
v 0.883383 -9.057309 29.872000
v 0.883383 -8.686809 28.226013
v 0.883383 -9.057309 28.226013
v 0.883383 -8.686809 28.226013
v 1.047372 -8.686809 28.226013
v 0.883383 -9.057309 28.226013
v 1.047372 -9.057309 28.226013
v 1.205292 -9.057309 28.226013
v 1.205292 -8.686809 28.226013
v 0.883384 -36.431702 31.517990
v 0.883384 -36.431702 29.872004
v 0.883384 -36.741463 31.517990
v 0.883384 -36.741463 29.872004
v 0.883384 -36.431702 28.226017
v 0.883384 -36.741463 28.226017
v 0.883383 -8.686809 28.226013
v 1.047372 -8.686809 29.872000
v 1.047372 -8.686809 28.226013
v 1.205292 -8.686809 28.226013
v 1.205292 -8.686809 29.872000
v 1.205292 -8.686809 31.517986
v 1.047372 -8.686809 31.517986
v 0.883383 -8.686809 31.517986
v 0.883383 -8.686809 29.872000
v 1.205294 -36.741463 28.226017
v 1.047374 -36.741463 28.226017
v 1.205294 -36.431702 28.226017
v 1.047374 -36.431702 28.226017
v 0.883384 -36.741463 28.226017
v 0.883384 -36.431702 28.226017
v 0.883384 -36.741463 31.517990
v 1.047374 -36.741463 29.872004
v 1.047374 -36.741463 31.517990
v 1.205293 -36.741463 31.517990
v 1.205294 -36.741463 29.872004
v 1.205294 -36.741463 28.226017
v 1.047374 -36.741463 28.226017
v 0.883384 -36.741463 28.226017
v 0.883384 -36.741463 29.872004
v 1.205293 -36.431702 31.517990
v 1.047373 -36.431702 31.517990
v 1.205293 -36.741463 31.517990
v 1.047374 -36.741463 31.517990
v 0.883384 -36.431702 31.517990
v 0.883384 -36.741463 31.517990
v 1.751931 -7.095490 13.600426
v 2.553665 -7.095490 13.600426
v 1.751931 -7.095490 13.418211
v 2.553665 -7.095490 13.418211
v 3.628720 -7.095490 13.418211
v 3.628720 -7.095490 13.594351
v 3.628720 -7.095490 13.782640
v 2.553665 -7.095490 13.782640
v 1.751931 -7.095490 13.782640
v 1.357139 -7.095490 14.274613
v 1.357139 -7.095490 13.782640
v 1.357139 -7.095490 13.600426
v 1.357139 -7.095490 13.418211
v 1.357139 -7.095490 12.926237
v 1.751931 -7.095490 12.926237
v 2.553665 -7.095490 12.926237
v 3.628720 -7.095490 12.926237
v 4.667331 -7.095490 12.926237
v 4.667331 -7.095490 13.418211
v 4.667331 -7.095490 13.594351
v 4.667331 -7.095490 13.782640
v 4.667331 -7.095490 14.274613
v 3.628720 -7.095490 14.274613
v 2.553665 -7.095490 14.274613
v 1.751931 -7.095490 14.274613
v -1.157397 -7.095490 13.782640
v -1.157397 -7.095490 13.600426
v -2.220303 -7.095490 13.782640
v -2.220303 -7.095490 13.600426
v -2.220303 -7.095490 13.418211
v -1.157397 -7.095490 13.418211
v -0.373885 -7.095490 13.418211
v -0.373885 -7.095490 13.600426
v -0.373885 -7.095490 13.782640
v 0.039131 -7.095490 14.274613
v 0.039131 -7.095490 13.782640
v -0.373885 -7.095490 14.274613
v -1.157397 -7.095490 14.274613
v -2.220303 -7.095490 14.274613
v -3.277136 -7.095490 14.274613
v -3.277136 -7.095490 13.782640
v -3.277136 -7.095490 13.600426
v -3.277136 -7.095490 13.418211
v -3.277136 -7.095490 12.926237
v -2.220303 -7.095490 12.926237
v -1.157397 -7.095490 12.926237
v -0.373885 -7.095490 12.926237
v 0.039131 -7.095490 12.926237
v 0.039131 -7.095490 13.418211
v 0.039131 -7.095490 13.600426
v 4.667331 -7.198744 12.926237
v 4.667331 -7.095490 12.926237
v 4.667331 -7.198744 13.418211
v 4.667331 -7.095490 13.418211
v 4.667331 -7.198744 13.715827
v 4.667331 -7.095490 13.594351
v 4.667331 -7.095490 13.782640
v 4.667331 -7.095490 14.274613
v 4.667331 -7.198744 14.274613
v -3.277136 -7.198744 12.926237
v -3.277136 -7.198744 13.515393
v -3.277136 -7.095490 12.926237
v -3.277136 -7.095490 13.418211
v -3.277136 -7.198744 13.600426
v -3.277136 -7.095490 13.600426
v -3.277136 -7.198744 13.667238
v -3.277136 -7.095490 13.782640
v -3.277136 -7.095490 14.274613
v -3.277136 -7.198744 14.274613
v 4.667331 -7.095490 12.926237
v 4.667331 -7.198744 12.926237
v 3.628720 -7.095490 12.926237
v 3.628720 -7.198744 12.926237
v 2.553665 -7.095490 12.926237
v 2.553665 -7.198744 12.926237
v 1.751931 -7.095490 12.926237
v 1.751931 -7.198744 12.926237
v 1.357139 -7.095490 12.926237
v 1.357139 -7.198744 12.926237
v 0.695095 -7.198744 12.926237
v 0.695095 -7.095490 12.926237
v -3.277136 -7.198744 12.926237
v -3.277136 -7.095490 12.926237
v -2.220303 -7.198744 12.926237
v -2.220303 -7.095490 12.926237
v -1.157397 -7.198744 12.926237
v -1.157397 -7.095490 12.926237
v -0.373885 -7.198744 12.926237
v -0.373885 -7.095490 12.926237
v 0.039131 -7.198744 12.926237
v 0.039131 -7.095490 12.926237
v -3.277136 -7.095490 14.274613
v -3.277136 -7.198744 14.274613
v -2.220303 -7.095490 14.274613
v -2.220303 -7.198744 14.274613
v -1.157397 -7.095490 14.274613
v -1.157397 -7.198744 14.274613
v -0.373885 -7.095490 14.274613
v -0.373885 -7.198744 14.274613
v 0.039131 -7.095490 14.274613
v 0.039131 -7.198744 14.274613
v 4.667331 -7.198744 14.274613
v 4.667331 -7.095490 14.274613
v 3.628720 -7.198744 14.274613
v 3.628720 -7.095490 14.274613
v 2.553665 -7.198744 14.274613
v 2.553665 -7.095490 14.274613
v 1.751931 -7.198744 14.274613
v 1.751931 -7.095490 14.274613
v 1.357139 -7.198744 14.274613
v 1.357139 -7.095490 14.274613
v 0.695095 -7.095490 14.274613
v 0.695095 -7.198744 14.274613
v -0.373885 -7.198744 13.667238
v -0.373885 -7.198744 13.782640
v -0.373885 -7.198744 13.600426
v -0.373885 -7.198744 13.418211
v -0.373885 -7.198744 13.515393
v 1.751931 -7.198744 13.515393
v 1.751931 -7.198744 13.418211
v 1.751931 -7.198744 13.600426
v 2.553665 -7.198744 13.600426
v 4.667331 -7.198744 12.926237
v 4.667331 -7.198744 13.418211
v 3.628720 -7.198744 12.926237
v 3.628720 -7.198744 13.418211
v 2.553665 -7.198744 12.926237
v 1.751931 -7.198744 12.926237
v 1.357139 -7.198744 12.926237
v 0.695095 -7.198744 13.515393
v 0.695095 -7.198744 12.926237
v 0.039131 -7.198744 12.926237
v -0.373885 -7.198744 12.926237
v -3.277136 -7.198744 12.926237
v -2.220303 -7.198744 12.926237
v -3.277136 -7.198744 13.515393
v -2.220303 -7.198744 13.515393
v -1.157397 -7.198744 12.926237
v -1.163470 -7.198744 13.515393
v -1.157397 -7.198744 13.600426
v -1.163470 -7.198744 13.667238
v -3.277136 -7.198744 14.274613
v -3.277136 -7.198744 13.667238
v -2.220303 -7.198744 14.274613
v -2.220303 -7.198744 13.667238
v -1.157397 -7.198744 14.274613
v -0.373885 -7.198744 14.274613
v 0.039131 -7.198744 14.274613
v 1.751931 -7.198744 14.274613
v 1.751931 -7.198744 13.782640
v 2.553665 -7.198744 14.274613
v 4.667331 -7.198744 13.715827
v 4.667331 -7.198744 14.274613
v 3.628720 -7.198744 13.782640
v 3.628720 -7.198744 14.274613
v 2.553665 -7.198744 13.600426
v 1.751931 -7.198744 13.600426
v 1.751931 -7.198744 13.667238
v 1.357139 -7.198744 14.274613
v 0.695095 -7.198744 14.274613
v 0.695095 -7.198744 13.667238
v 0.695094 -7.095488 32.757030
v 0.695094 -7.095488 32.155731
v 0.695094 -8.413490 32.757030
v 0.883383 -8.686809 31.517986
v 0.883382 -8.686809 33.485882
v 0.695094 -8.413490 32.155731
v 0.695094 -7.095488 32.155731
v 1.357137 -7.095488 32.155731
v 0.695094 -8.413490 32.155731
v 1.047372 -8.686809 31.517986
v 0.883383 -8.686809 31.517986
v 1.357137 -8.413490 32.155731
v 1.357137 -7.095488 32.155731
v 1.357137 -7.095488 32.757030
v 1.357137 -8.413490 32.155731
v 1.047372 -8.686809 33.485882
v 1.047372 -8.686809 31.517986
v 1.357137 -8.413490 32.757030
v 1.357137 -7.095488 32.757030
v 0.695094 -7.095488 32.757030
v 1.357137 -8.413490 32.757030
v 0.883382 -8.686809 33.485882
v 1.047372 -8.686809 33.485882
v 0.695094 -8.413490 32.757030
v 0.695092 -7.095487 45.596939
v 0.695093 -7.095487 45.032078
v 0.695093 -8.413489 45.596939
v 0.883382 -8.735399 44.497597
v 0.883381 -8.735399 46.465492
v 0.695093 -8.413489 45.032078
v 0.695093 -7.095487 45.032078
v 1.357136 -7.095487 45.032078
v 0.695093 -8.413489 45.032078
v 1.047371 -8.735399 44.497597
v 0.883382 -8.735399 44.497597
v 1.357136 -8.413489 45.032078
v 1.357136 -7.095487 45.032078
v 1.357136 -7.095487 45.596939
v 1.357136 -8.413489 45.032078
v 1.047371 -8.735399 46.465492
v 1.047371 -8.735399 44.497597
v 1.357136 -8.413489 45.596939
v 0.695093 -4.465554 32.155731
v 0.695093 -4.465554 32.757030
v 0.695093 -3.032148 32.155731
v 0.883382 -2.837789 33.364407
v 0.883382 -2.837789 31.402586
v 0.695093 -3.032148 32.757030
v 0.695093 -4.465554 32.757030
v 1.357137 -4.465554 32.757030
v 0.695093 -3.032148 32.757030
v 1.047372 -2.837789 33.364407
v 0.883382 -2.837789 33.364407
v 1.357137 -3.032148 32.757030
v 1.357137 -4.465554 32.757030
v 1.357137 -4.465554 32.155731
v 1.357137 -3.032148 32.757030
v 1.047372 -2.837789 31.402586
v 1.047372 -2.837789 33.364407
v 1.357137 -3.032148 32.155731
v 1.357137 -4.465554 32.155731
v 0.695093 -4.465554 32.155731
v 1.357137 -3.032148 32.155731
v 0.883382 -2.837789 31.402586
v 1.047372 -2.837789 31.402586
v 0.695093 -3.032148 32.155731
v 0.695092 -4.465553 45.032078
v 0.695092 -4.465553 45.596939
v 0.695092 -3.032146 45.032078
v 0.883381 -2.837788 46.344017
v 0.883381 -2.837788 44.382191
v 0.695092 -3.032146 45.596939
v 1.357136 -4.465553 45.596939
v 1.357136 -4.465553 45.032078
v 1.357136 -3.032146 45.596939
v 1.047371 -2.837788 44.382191
v 1.047371 -2.837788 46.344017
v 1.357136 -3.032146 45.032078
v 1.357136 -4.465553 45.032078
v 0.695092 -4.465553 45.032078
v 1.357136 -3.032146 45.032078
v 0.883381 -2.837788 44.382191
v 1.047371 -2.837788 44.382191
v 0.695092 -3.032146 45.032078
v 1.357136 -5.121519 45.596939
v 0.695092 -5.121519 45.596939
v 1.357136 -5.777483 45.596939
v 0.695092 -5.777483 45.596939
v 1.357136 -6.117614 45.596939
v 0.695092 -6.117614 45.596939
v 1.357136 -6.269456 45.596939
v 0.695092 -6.269456 45.596939
v 1.357136 -6.439521 45.596939
v 0.695092 -6.439521 45.596939
v 0.039129 -6.439521 45.596939
v 0.039129 -6.269456 45.596939
v 0.039129 -6.117614 45.596939
v 0.039129 -5.777483 45.596939
v 0.039129 -5.121519 45.596939
v -0.622910 -4.465553 45.596939
v 0.039129 -4.465553 45.596939
v 0.695092 -4.465553 45.596939
v 1.047371 -2.837788 46.344017
v 0.883381 -2.837788 46.344017
v 1.357136 -3.032146 45.596939
v 0.695092 -3.032146 45.596939
v 1.357136 -4.465553 45.596939
v 2.013099 -4.465553 45.596939
v 2.013100 -5.121519 45.596939
v 2.013100 -5.777483 45.596939
v 2.013100 -6.117614 45.596939
v 2.013100 -6.269456 45.596939
v 2.013100 -6.439521 45.596939
v 2.013100 -7.095487 45.596939
v 1.357136 -7.095487 45.596939
v 0.883381 -8.735399 46.465492
v 1.047371 -8.735399 46.465492
v 0.695093 -8.413489 45.596939
v 1.357136 -8.413489 45.596939
v 0.695092 -7.095487 45.596939
v 0.039129 -7.095487 45.596939
v -0.622910 -7.095487 45.596939
v -0.622910 -6.439521 45.596939
v -0.622910 -6.269456 45.596939
v -0.622910 -6.117614 45.596939
v -0.622910 -5.777483 45.596939
v -0.622910 -5.121519 45.596939
v 0.883381 -9.099825 46.465492
v 0.883381 -8.735399 46.465492
v 0.883382 -9.099825 44.497597
v 0.883382 -8.735399 44.497597
v 1.205291 -8.735399 46.465492
v 1.205291 -9.099825 46.465492
v 1.205291 -8.735399 44.497597
v 1.205291 -9.099825 44.497597
v 0.883382 -9.099825 44.497597
v 1.047371 -9.099825 44.497597
v 0.883381 -9.099825 46.465492
v 1.047371 -9.099825 46.465492
v 1.205291 -9.099825 46.465492
v 1.205291 -9.099825 44.497597
v 1.205292 -36.790051 46.465496
v 1.205292 -36.474216 46.465496
v 1.205292 -36.790051 44.497601
v 1.205292 -36.474216 44.497601
v 1.205293 -36.790051 41.205627
v 1.417871 -36.790051 41.205627
v 1.205292 -36.790051 42.851612
v 1.417871 -36.790051 42.851612
v 1.205292 -36.790051 44.497601
v 1.417870 -36.790051 44.497601
v 1.205292 -36.790051 46.465496
v 1.417870 -36.790051 46.465496
v 1.205292 -36.790051 49.757469
v 1.205292 -36.790051 48.111481
v 1.417870 -36.790051 49.757469
v 1.417870 -36.790051 48.111481
v 1.205293 -36.790051 41.205627
v 1.205293 -36.474216 41.205627
v 1.417871 -36.790051 41.205627
v 1.417871 -36.474216 41.205627
v 1.417870 -36.474216 49.757469
v 1.417870 -36.474216 48.111481
v 1.205292 -36.474216 49.757469
v 1.205292 -36.474216 48.111481
v 1.417871 -36.474216 41.205627
v 1.205293 -36.474216 41.205627
v 1.417871 -36.474216 42.851612
v 1.205292 -36.474216 42.851612
v 1.417870 -36.474216 44.497601
v 1.205292 -36.474216 44.497601
v 1.417870 -36.474216 46.465496
v 1.205292 -36.474216 46.465496
v 1.205291 -8.735399 46.465492
v 1.205291 -8.735399 48.111477
v 1.205291 -9.099825 46.465492
v 1.205291 -9.099825 48.111477
v 1.205291 -8.735398 49.757465
v 1.205291 -9.099824 49.757465
v 1.205291 -8.735398 49.757465
v 1.047371 -8.735398 49.757465
v 1.205291 -9.099824 49.757465
v 1.047371 -9.099824 49.757465
v 0.883381 -8.735398 49.757465
v 0.883381 -9.099824 49.757465
v 0.883381 -8.735398 49.757465
v 0.883381 -8.735399 48.111477
v 0.883381 -9.099824 49.757465
v 0.883381 -9.099825 48.111477
v 0.883381 -8.735399 46.465492
v 0.883381 -9.099825 46.465492
v 0.883382 -36.474216 49.757469
v 0.883383 -36.474216 48.111481
v 0.883382 -36.790051 49.757469
v 0.883383 -36.790051 48.111481
v 0.883383 -36.474216 46.465496
v 0.883383 -36.790051 46.465496
v 1.417870 -36.790051 49.757469
v 1.417870 -36.790051 48.111481
v 1.417870 -36.474216 49.757469
v 1.417870 -36.474216 48.111481
v 1.417871 -36.790051 41.205627
v 1.417871 -36.474216 41.205627
v 1.417871 -36.790051 42.851612
v 1.417871 -36.474216 42.851612
v 1.417870 -36.790051 44.497601
v 1.417870 -36.474216 44.497601
v 1.417870 -36.790051 46.465496
v 1.417870 -36.474216 46.465496
v 0.883381 -8.735399 46.465492
v 1.047371 -8.735399 48.111477
v 1.047371 -8.735399 46.465492
v 1.205291 -8.735399 44.497597
v 1.047371 -8.735399 44.497597
v 1.205291 -8.735399 46.465492
v 1.205291 -8.735399 48.111477
v 1.205291 -8.735398 49.757465
v 1.047371 -8.735398 49.757465
v 0.883381 -8.735398 49.757465
v 0.883381 -8.735399 48.111477
v 1.205292 -36.790051 46.465496
v 1.047372 -36.790051 46.465496
v 1.205292 -36.474216 46.465496
v 1.047372 -36.474216 46.465496
v 0.883383 -36.790051 46.465496
v 0.883383 -36.474216 46.465496
v 0.883382 -36.790051 49.757469
v 1.047372 -36.790051 48.111481
v 1.047372 -36.790051 49.757469
v 1.205292 -36.790051 49.757469
v 1.205292 -36.790051 48.111481
v 1.205292 -36.790051 46.465496
v 1.047372 -36.790051 46.465496
v 0.883383 -36.790051 46.465496
v 0.883383 -36.790051 48.111481
v 1.417870 -36.790051 49.757469
v 1.417870 -36.474216 49.757469
v 1.205292 -36.790051 49.757469
v 1.205292 -36.474216 49.757469
v 1.047372 -36.474216 49.757469
v 1.047372 -36.790051 49.757469
v 0.883382 -36.474216 49.757469
v 0.883382 -36.790051 49.757469
v 1.205291 -8.735399 41.205624
v 1.205291 -8.735399 42.851608
v 1.205291 -9.099825 41.205624
v 1.205291 -9.099825 42.851608
v 1.205291 -8.735399 44.497597
v 1.205291 -9.099825 44.497597
v 0.883382 -8.735399 44.497597
v 0.883382 -8.735399 42.851608
v 0.883382 -9.099825 44.497597
v 0.883382 -9.099825 42.851608
v 0.883382 -8.735399 41.205624
v 0.883382 -9.099825 41.205624
v 0.883382 -8.735399 41.205624
v 1.047372 -8.735399 41.205624
v 0.883382 -9.099825 41.205624
v 1.047372 -9.099825 41.205624
v 1.205291 -9.099825 41.205624
v 1.205291 -8.735399 41.205624
v 0.883383 -36.474216 44.497601
v 0.883383 -36.474216 42.851612
v 0.883383 -36.790051 44.497601
v 0.883383 -36.790051 42.851612
v 0.883383 -36.474216 41.205627
v 0.883383 -36.790051 41.205627
v 0.883382 -8.735399 41.205624
v 1.047371 -8.735399 42.851608
v 1.047372 -8.735399 41.205624
v 1.205291 -8.735399 41.205624
v 1.205291 -8.735399 42.851608
v 1.205291 -8.735399 44.497597
v 1.047371 -8.735399 44.497597
v 0.883382 -8.735399 44.497597
v 0.883382 -8.735399 42.851608
v 1.205293 -36.790051 41.205627
v 1.047373 -36.790051 41.205627
v 1.205293 -36.474216 41.205627
v 1.047373 -36.474216 41.205627
v 0.883383 -36.790051 41.205627
v 0.883383 -36.474216 41.205627
v 0.883383 -36.790051 44.497601
v 1.047373 -36.790051 42.851612
v 1.047372 -36.790051 44.497601
v 1.205292 -36.790051 44.497601
v 1.205292 -36.790051 42.851612
v 1.205293 -36.790051 41.205627
v 1.047373 -36.790051 41.205627
v 0.883383 -36.790051 41.205627
v 0.883383 -36.790051 42.851612
v 1.205292 -36.474216 44.497601
v 1.047372 -36.474216 44.497601
v 1.205292 -36.790051 44.497601
v 1.047372 -36.790051 44.497601
v 0.883383 -36.474216 44.497601
v 0.883383 -36.790051 44.497601
v 0.883382 -2.467288 31.402586
v 0.883382 -2.837789 31.402586
v 0.883382 -2.467288 33.364407
v 0.883382 -2.837789 33.364407
v 1.205292 -2.837789 31.402586
v 1.205292 -2.467288 31.402586
v 1.205292 -2.837789 33.364407
v 1.205292 -2.467288 33.364407
v 0.883382 -2.467288 33.364407
v 1.047372 -2.467288 33.364407
v 0.883382 -2.467288 31.402586
v 1.047372 -2.467288 31.402586
v 1.205292 -2.467288 31.402586
v 1.205292 -2.467288 33.364407
v 1.205291 25.222935 31.402584
v 1.205291 24.907101 31.402584
v 1.205291 25.222937 33.364403
v 1.205291 24.907103 33.364403
v 1.205290 25.222937 36.662445
v 1.417868 25.222937 36.662445
v 1.205290 25.222937 35.010391
v 1.417868 25.222937 35.010391
v 1.205291 25.222937 33.364403
v 1.417869 25.222937 33.364403
v 1.205291 25.222935 31.402584
v 1.417869 25.222935 31.402584
v 1.205291 25.222935 28.104536
v 1.205291 25.222935 29.756598
v 1.417869 25.222935 28.104536
v 1.417869 25.222935 29.756598
v 1.205290 25.222937 36.662445
v 1.205290 24.907103 36.662445
v 1.417868 25.222937 36.662445
v 1.417868 24.907103 36.662445
v 1.417869 24.907101 28.104536
v 1.417869 24.907101 29.756598
v 1.205291 24.907101 28.104536
v 1.205291 24.907101 29.756598
v 1.417868 24.907103 36.662445
v 1.205290 24.907103 36.662445
v 1.417868 24.907103 35.010391
v 1.205290 24.907103 35.010391
v 1.417869 24.907103 33.364403
v 1.205291 24.907103 33.364403
v 1.417869 24.907101 31.402584
v 1.205291 24.907101 31.402584
v 1.205292 -2.837789 31.402586
v 1.205292 -2.837789 29.756599
v 1.205292 -2.467288 31.402586
v 1.205292 -2.467289 29.756599
v 1.205292 -2.837790 28.104538
v 1.205292 -2.467289 28.104538
v 1.205292 -2.837790 28.104538
v 1.047372 -2.837790 28.104538
v 1.205292 -2.467289 28.104538
v 1.047372 -2.467289 28.104538
v 0.883383 -2.837790 28.104538
v 0.883383 -2.467289 28.104538
v 0.883383 -2.837790 28.104538
v 0.883382 -2.837789 29.756599
v 0.883383 -2.467289 28.104538
v 0.883382 -2.467289 29.756599
v 0.883382 -2.837789 31.402586
v 0.883382 -2.467288 31.402586
v 0.883381 24.907101 28.104536
v 0.883381 24.907101 29.756598
v 0.883381 25.222935 28.104536
v 0.883381 25.222935 29.756598
v 0.883381 24.907101 31.402584
v 0.883381 25.222935 31.402584
v 1.417869 25.222935 28.104536
v 1.417869 25.222935 29.756598
v 1.417869 24.907101 28.104536
v 1.417869 24.907101 29.756598
v 1.417868 25.222937 36.662445
v 1.417868 24.907103 36.662445
v 1.417868 25.222937 35.010391
v 1.417868 24.907103 35.010391
v 1.417869 25.222937 33.364403
v 1.417869 24.907103 33.364403
v 1.417869 25.222935 31.402584
v 1.417869 24.907101 31.402584
v 0.883382 -2.837789 31.402586
v 1.047372 -2.837789 29.756599
v 1.047372 -2.837789 31.402586
v 1.205292 -2.837789 33.364407
v 1.047372 -2.837789 33.364407
v 1.205292 -2.837789 31.402586
v 1.205292 -2.837789 29.756599
v 1.205292 -2.837790 28.104538
v 1.047372 -2.837790 28.104538
v 0.883383 -2.837790 28.104538
v 0.883382 -2.837789 29.756599
v 1.205291 25.222935 31.402584
v 1.047371 25.222935 31.402584
v 1.205291 24.907101 31.402584
v 1.047371 24.907101 31.402584
v 0.883381 25.222935 31.402584
v 0.883381 24.907101 31.402584
v 0.883381 25.222935 28.104536
v 1.047371 25.222935 29.756598
v 1.047371 25.222935 28.104536
v 1.205291 25.222935 28.104536
v 1.205291 25.222935 29.756598
v 1.205291 25.222935 31.402584
v 1.047371 25.222935 31.402584
v 0.883381 25.222935 31.402584
v 0.883381 25.222935 29.756598
v 1.417869 25.222935 28.104536
v 1.417869 24.907101 28.104536
v 1.205291 25.222935 28.104536
v 1.205291 24.907101 28.104536
v 1.047371 24.907101 28.104536
v 1.047371 25.222935 28.104536
v 0.883381 24.907101 28.104536
v 0.883381 25.222935 28.104536
v 1.205292 -2.837789 36.662449
v 1.205292 -2.837789 35.016464
v 1.205292 -2.467288 36.662449
v 1.205292 -2.467288 35.016464
v 1.205292 -2.837789 33.364407
v 1.205292 -2.467288 33.364407
v 0.883382 -2.837789 33.364407
v 0.883382 -2.837789 35.016464
v 0.883382 -2.467288 33.364407
v 0.883382 -2.467288 35.016464
v 0.883382 -2.837789 36.662449
v 0.883382 -2.467288 36.662449
v 0.883382 -2.837789 36.662449
v 1.047372 -2.837789 36.662449
v 0.883382 -2.467288 36.662449
v 1.047372 -2.467288 36.662449
v 1.205292 -2.467288 36.662449
v 1.205292 -2.837789 36.662449
v 0.883381 24.907103 33.364403
v 0.883381 24.907103 35.016460
v 0.883381 25.222937 33.364403
v 0.883381 25.222937 35.016460
v 0.883381 24.907103 36.662445
v 0.883381 25.222937 36.662445
v 0.883382 -2.837789 36.662449
v 1.047372 -2.837789 35.016464
v 1.047372 -2.837789 36.662449
v 1.205292 -2.837789 36.662449
v 1.205292 -2.837789 35.016464
v 1.205292 -2.837789 33.364407
v 1.047372 -2.837789 33.364407
v 0.883382 -2.837789 33.364407
v 0.883382 -2.837789 35.016464
v 1.205290 25.222937 36.662445
v 1.047370 25.222937 36.662445
v 1.205290 24.907103 36.662445
v 1.047370 24.907103 36.662445
v 0.883381 25.222937 36.662445
v 0.883381 24.907103 36.662445
v 0.883381 25.222937 33.364403
v 1.047371 25.222937 35.016460
v 1.047371 25.222937 33.364403
v 1.205291 25.222937 33.364403
v 1.205290 25.222937 35.010391
v 1.205290 25.222937 36.662445
v 1.047370 25.222937 36.662445
v 0.883381 25.222937 36.662445
v 0.883381 25.222937 35.016460
v 1.205291 24.907103 33.364403
v 1.047371 24.907103 33.364403
v 1.205291 25.222937 33.364403
v 1.047371 25.222937 33.364403
v 0.883381 24.907103 33.364403
v 0.883381 25.222937 33.364403
v 0.883381 -2.467288 44.382191
v 0.883381 -2.837788 44.382191
v 0.883381 -2.467287 46.344017
v 0.883381 -2.837788 46.344017
v 1.205291 -2.837788 44.382191
v 1.205291 -2.467288 44.382191
v 1.205291 -2.837788 46.344017
v 1.205291 -2.467287 46.344017
v 0.883381 -2.467287 46.344017
v 1.047371 -2.467287 46.344017
v 0.883381 -2.467288 44.382191
v 1.047371 -2.467288 44.382191
v 1.205291 -2.467288 44.382191
v 1.205291 -2.467287 46.344017
v 1.205290 25.222937 44.382187
v 1.205290 24.907103 44.382187
v 1.205289 25.222937 46.344013
v 1.205290 24.907103 46.344013
v 1.205289 25.222937 49.635983
v 1.417867 25.222937 49.635983
v 1.205289 25.222937 47.989998
v 1.417867 25.222937 47.989998
v 1.205289 25.222937 46.344013
v 1.417868 25.222937 46.344013
v 1.205290 25.222937 44.382187
v 1.417868 25.222937 44.382187
v 1.205290 25.222937 41.084141
v 1.205290 25.222937 42.730129
v 1.417868 25.222937 41.084141
v 1.417868 25.222937 42.730129
v 1.205289 25.222937 49.635983
v 1.205289 24.907103 49.635983
v 1.417867 25.222937 49.635983
v 1.417867 24.907103 49.635983
v 1.417868 24.907103 41.084141
v 1.417868 24.907103 42.730129
v 1.205290 24.907103 41.084141
v 1.205290 24.907103 42.730129
v 1.417867 24.907103 49.635983
v 1.205289 24.907103 49.635983
v 1.417867 24.907103 47.989998
v 1.205289 24.907103 47.989998
v 1.417868 24.907103 46.344013
v 1.205290 24.907103 46.344013
v 1.417868 24.907103 44.382187
v 1.205290 24.907103 44.382187
v 1.205291 -2.837788 44.382191
v 1.205291 -2.837788 42.730133
v 1.205291 -2.467288 44.382191
v 1.205291 -2.467288 42.730133
v 1.205291 -2.837788 41.084145
v 1.205291 -2.467288 41.084145
v 1.205291 -2.837788 41.084145
v 1.047371 -2.837788 41.084145
v 1.205291 -2.467288 41.084145
v 1.047371 -2.467288 41.084145
v 0.883382 -2.837788 41.084145
v 0.883382 -2.467288 41.084145
v 0.883382 -2.837788 41.084145
v 0.883381 -2.837788 42.730133
v 0.883382 -2.467288 41.084145
v 0.883381 -2.467288 42.730133
v 0.883381 -2.837788 44.382191
v 0.883381 -2.467288 44.382191
v 0.883380 24.907103 41.084141
v 0.883380 24.907103 42.730129
v 0.883380 25.222937 41.084141
v 0.883380 25.222937 42.730129
v 0.883380 24.907103 44.382187
v 0.883380 25.222937 44.382187
v 1.417868 25.222937 41.084141
v 1.417868 25.222937 42.730129
v 1.417868 24.907103 41.084141
v 1.417868 24.907103 42.730129
v 1.417867 25.222937 49.635983
v 1.417867 24.907103 49.635983
v 1.417867 25.222937 47.989998
v 1.417867 24.907103 47.989998
v 1.417868 25.222937 46.344013
v 1.417868 24.907103 46.344013
v 1.417868 25.222937 44.382187
v 1.417868 24.907103 44.382187
v 0.883381 -2.837788 44.382191
v 1.047371 -2.837788 42.730133
v 1.047371 -2.837788 44.382191
v 1.205291 -2.837788 46.344017
v 1.047371 -2.837788 46.344017
v 1.205291 -2.837788 44.382191
v 1.205291 -2.837788 42.730133
v 1.205291 -2.837788 41.084145
v 1.047371 -2.837788 41.084145
v 0.883382 -2.837788 41.084145
v 0.883381 -2.837788 42.730133
v 1.205290 25.222937 44.382187
v 1.047370 25.222937 44.382187
v 1.205290 24.907103 44.382187
v 1.047370 24.907103 44.382187
v 0.883380 25.222937 44.382187
v 0.883380 24.907103 44.382187
v 0.883380 25.222937 41.084141
v 1.047370 25.222937 42.730129
v 1.047370 25.222937 41.084141
v 1.205290 25.222937 41.084141
v 1.205290 25.222937 42.730129
v 1.205290 25.222937 44.382187
v 1.047370 25.222937 44.382187
v 0.883380 25.222937 44.382187
v 0.883380 25.222937 42.730129
v 1.417868 25.222937 41.084141
v 1.417868 24.907103 41.084141
v 1.205290 25.222937 41.084141
v 1.205290 24.907103 41.084141
v 1.047370 24.907103 41.084141
v 1.047370 25.222937 41.084141
v 0.883380 24.907103 41.084141
v 0.883380 25.222937 41.084141
v 1.205291 -2.837788 49.642059
v 1.205291 -2.837788 47.990002
v 1.205290 -2.467287 49.642059
v 1.205291 -2.467287 47.990002
v 1.205291 -2.837788 46.344017
v 1.205291 -2.467287 46.344017
v 0.883381 -2.837788 46.344017
v 0.883381 -2.837788 47.990002
v 0.883381 -2.467287 46.344017
v 0.883381 -2.467287 47.990002
v 0.883381 -2.837788 49.642059
v 0.883381 -2.467287 49.642059
v 0.883381 -2.837788 49.642059
v 1.047371 -2.837788 49.642059
v 0.883381 -2.467287 49.642059
v 1.047371 -2.467287 49.642059
v 1.205290 -2.467287 49.642059
v 1.205291 -2.837788 49.642059
v 0.883380 24.907103 46.344013
v 0.883380 24.907103 47.989998
v 0.883380 25.222937 46.344013
v 0.883380 25.222937 47.989998
v 0.883380 24.907103 49.642056
v 0.883380 25.222937 49.642056
v 0.883381 -2.837788 49.642059
v 1.047371 -2.837788 47.990002
v 1.047371 -2.837788 49.642059
v 1.205291 -2.837788 49.642059
v 1.205291 -2.837788 47.990002
v 1.205291 -2.837788 46.344017
v 1.047371 -2.837788 46.344017
v 0.883381 -2.837788 46.344017
v 0.883381 -2.837788 47.990002
v 1.205289 25.222937 49.635983
v 1.047369 25.222937 49.642056
v 1.205289 24.907103 49.635983
v 1.047369 24.907103 49.642056
v 0.883380 25.222937 49.642056
v 0.883380 24.907103 49.642056
v 0.883380 25.222937 46.344013
v 1.047369 25.222937 47.989998
v 1.047370 25.222937 46.344013
v 1.205289 25.222937 46.344013
v 1.205289 25.222937 47.989998
v 1.205289 25.222937 49.635983
v 1.047369 25.222937 49.642056
v 0.883380 25.222937 49.642056
v 0.883380 25.222937 47.989998
v 1.205290 24.907103 46.344013
v 1.047370 24.907103 46.344013
v 1.205289 25.222937 46.344013
v 1.047370 25.222937 46.344013
v 0.883380 24.907103 46.344013
v 0.883380 25.222937 46.344013
v -2.590798 -6.755362 -19.872013
v -2.359996 -6.439527 -19.568325
v -2.590798 -6.913279 -19.422558
v -2.359996 -6.439527 -19.410408
v -2.590798 -6.755361 -18.936655
v -2.359996 -6.439527 -19.240343
v -2.590798 -5.662087 -19.872013
v -2.359996 -5.977922 -19.568325
v -2.590798 -6.184430 -20.072449
v -2.359996 -6.196577 -19.568325
v -2.590798 -6.755362 -19.872013
v -2.359996 -6.439527 -19.568325
v -2.590798 -5.662086 -18.936655
v -2.359996 -5.977922 -19.240343
v -2.590798 -5.504169 -19.422558
v -2.590798 -5.662087 -19.872013
v -2.359996 -5.977922 -19.568325
v -2.359996 -5.977922 -19.410408
v -2.590798 -6.755361 -18.936655
v -2.359996 -6.439527 -19.240343
v -2.590798 -6.184430 -18.736221
v -2.590798 -5.662086 -18.936655
v -2.359996 -5.977922 -19.240343
v -2.359996 -6.196577 -19.240343
v -2.359996 -6.439527 -19.240343
v -2.208153 -6.439527 -19.240343
v -2.359996 -6.196577 -19.240343
v -2.359996 -5.977922 -19.240343
v -2.208153 -5.977922 -19.240343
v -2.208153 -6.196577 -19.240343
v -2.590798 -6.755362 -19.872013
v -2.487547 -6.330200 -19.507589
v -2.590798 -6.184430 -20.072449
v -2.590798 -5.662087 -19.872013
v -2.487547 -6.093323 -19.507589
v -2.590798 -5.504169 -19.422558
v -2.487547 -6.093323 -19.301081
v -2.590798 -5.662086 -18.936655
v -2.487547 -6.093323 -19.410408
v -2.487547 -6.202652 -19.507589
v -2.487547 -6.330200 -19.410408
v -2.590798 -6.913279 -19.422558
v -2.487547 -6.330200 -19.301081
v -2.590798 -6.755361 -18.936655
v -2.487547 -6.202652 -19.301081
v -2.590798 -6.184430 -18.736221
v -2.487547 -6.202652 -19.410408
v -1.971276 -6.196577 -19.240343
v -1.971276 -6.196577 -19.410408
v -1.971276 -5.977922 -19.240343
v -1.971276 -5.977922 -19.410408
v -1.971276 -5.977922 -19.568325
v -1.971276 -6.196577 -19.568325
v -1.971276 -6.439527 -19.568325
v -1.971276 -6.439527 -19.410408
v -1.971276 -6.439527 -19.240343
v -2.208153 -5.977921 -18.821255
v -1.971276 -5.977921 -18.821255
v -2.208153 -5.977922 -19.240343
v -2.359996 -5.977922 -19.240343
v -2.359996 -5.977922 -19.410408
v -2.208153 -5.977922 -19.410408
v -2.359996 -5.977922 -19.568325
v -2.208153 -5.977922 -19.568325
v -1.971276 -5.977922 -19.568325
v -1.971276 -5.977922 -19.410408
v -1.971276 -5.977922 -19.240343
v -1.971276 -6.439527 -19.240343
v -2.208153 -6.439527 -19.410408
v -1.971276 -6.439527 -19.410408
v -1.971276 -6.439527 -19.568325
v -2.208153 -6.439527 -19.568325
v -2.359996 -6.439527 -19.568325
v -2.359996 -6.439527 -19.410408
v -2.359996 -6.439527 -19.240343
v -2.208153 -6.439527 -19.240343
v -2.208153 -6.439526 -18.821255
v -1.971276 -6.439526 -18.821255
v -1.971276 -6.196577 -19.568325
v -2.208153 -6.196577 -19.568325
v -1.971276 -5.977922 -19.568325
v -2.208153 -5.977922 -19.568325
v -2.359996 -5.977922 -19.568325
v -2.359996 -6.196577 -19.568325
v -2.359996 -6.439527 -19.568325
v -2.208153 -6.439527 -19.568325
v -1.971276 -6.439527 -19.568325
v -0.622905 -4.095060 -18.821255
v -0.622905 -5.121524 -18.821255
v -0.622905 -4.095060 -19.240343
v -0.622905 -5.121525 -19.240343
v -1.971276 -7.636055 -18.821255
v -1.971276 -6.439526 -18.821255
v -1.971276 -7.636055 -19.240343
v -1.971276 -6.439527 -19.240343
v -0.622905 -7.636055 -19.240343
v -0.622905 -6.439527 -19.240343
v -0.622905 -7.636055 -18.821255
v -0.622905 -6.439526 -18.821255
v -1.971276 -4.101132 -18.821255
v -0.622905 -4.095060 -18.821255
v -1.971276 -4.101133 -19.240343
v -0.622905 -4.095060 -19.240343
v -0.622905 -7.636055 -18.821255
v -0.622905 -6.439526 -18.821255
v -1.971276 -7.636055 -18.821255
v -1.971276 -6.439526 -18.821255
v -1.971276 -6.196577 -18.821255
v -2.208153 -6.439526 -18.821255
v -2.208153 -6.196577 -18.821255
v -2.208153 -5.977921 -18.821255
v -1.971276 -5.977921 -18.821255
v -1.971276 -4.101132 -18.821255
v -1.971276 -5.127596 -18.821255
v -0.622905 -4.095060 -18.821255
v -0.622905 -5.121524 -18.821255
v -0.622905 -5.777488 -18.821255
v -1.971276 -5.777488 -18.821255
v -0.622905 -6.117620 -18.821255
v -0.622905 -6.269462 -18.821255
v -1.971276 -7.636055 -19.240343
v -0.622905 -7.636055 -19.240343
v -1.971276 -7.636055 -18.821255
v -0.622905 -7.636055 -18.821255
v -0.622905 -4.095060 -19.240343
v -0.622905 -5.121525 -19.240343
v -1.971276 -4.101133 -19.240343
v -1.971276 -5.127597 -19.240343
v -1.971276 -5.777488 -19.240343
v -0.622905 -5.777488 -19.240343
v -1.971276 -5.977922 -19.240343
v -0.622905 -6.117620 -19.240343
v -1.971276 -6.196577 -19.240343
v -0.622905 -6.269462 -19.240343
v -1.971276 -6.439527 -19.240343
v -1.971276 -7.636055 -19.240343
v -0.622905 -7.636055 -19.240343
v -0.622905 -6.439527 -19.240343
v -1.971276 -4.101133 -19.240343
v -1.971276 -5.127597 -19.240343
v -1.971276 -4.101132 -18.821255
v -1.971276 -5.127596 -18.821255
v -1.971276 -5.777488 -18.821255
v -1.971276 -5.777488 -19.240343
v -1.971276 -5.977921 -18.821255
v -1.971276 -5.977922 -19.240343
v -2.208153 -5.977921 -18.821255
v -2.208153 -5.977922 -19.240343
v -2.208153 -6.196577 -18.821255
v -2.208153 -6.196577 -19.240343
v -2.208153 -6.439526 -18.821255
v -2.208153 -6.439527 -19.240343
v 0.883387 -8.686814 -31.509319
v 0.883388 -8.686814 -33.477215
v 0.883387 -9.057315 -31.509319
v 0.883388 -9.057315 -33.477215
v 1.205297 -9.057315 -31.509319
v 1.205297 -9.057315 -33.477215
v 1.205297 -8.686814 -31.509319
v 1.205297 -8.686814 -33.477215
v 0.883387 -9.057315 -31.509319
v 0.883388 -9.057315 -33.477215
v 1.047377 -9.057315 -31.509319
v 1.047377 -9.057315 -33.477215
v 1.205297 -9.057315 -31.509319
v 1.205297 -9.057315 -33.477215
v 1.205298 -36.431709 -31.509315
v 1.205298 -36.431709 -33.477211
v 1.205298 -36.741470 -31.509315
v 1.205298 -36.741470 -33.477211
v 1.205298 -36.741470 -28.217342
v 1.205298 -36.741470 -29.863329
v 1.417876 -36.741470 -28.217342
v 1.417876 -36.741470 -29.863329
v 1.205298 -36.741470 -31.509315
v 1.417876 -36.741470 -31.509315
v 1.205298 -36.741470 -33.477211
v 1.417876 -36.741470 -33.477211
v 1.417876 -36.741470 -35.123199
v 1.205299 -36.741470 -36.769184
v 1.417877 -36.741470 -36.769184
v 1.205298 -36.741470 -35.123199
v 1.417876 -36.431709 -28.217342
v 1.205298 -36.431709 -28.217342
v 1.417876 -36.741470 -28.217342
v 1.205298 -36.741470 -28.217342
v 1.417877 -36.431709 -36.769184
v 1.205299 -36.431709 -36.769184
v 1.417876 -36.431709 -35.123199
v 1.205298 -36.431709 -35.123199
v 1.417876 -36.431709 -33.477211
v 1.417876 -36.431709 -28.217342
v 1.417876 -36.431709 -29.863329
v 1.205298 -36.431709 -28.217342
v 1.205298 -36.431709 -29.863329
v 1.417876 -36.431709 -31.509315
v 1.205298 -36.431709 -31.509315
v 1.205298 -36.431709 -33.477211
v 1.205297 -9.057315 -36.769188
v 1.205297 -8.686814 -36.769188
v 1.205297 -9.057315 -35.123203
v 1.205297 -8.686814 -33.477215
v 1.205297 -9.057315 -33.477215
v 1.205297 -8.686814 -35.123203
v 0.883388 -9.057315 -36.769188
v 0.883388 -8.686814 -36.769188
v 1.047377 -9.057315 -36.769188
v 1.205297 -8.686814 -36.769188
v 1.205297 -9.057315 -36.769188
v 1.047377 -8.686814 -36.769188
v 0.883388 -9.057315 -33.477215
v 0.883388 -8.686814 -33.477215
v 0.883388 -9.057315 -35.123203
v 0.883388 -8.686814 -36.769188
v 0.883388 -9.057315 -36.769188
v 0.883388 -8.686814 -35.123203
v 0.883389 -36.741470 -33.477211
v 0.883389 -36.431709 -33.477211
v 0.883389 -36.741470 -35.123199
v 0.883389 -36.431709 -36.769184
v 0.883389 -36.741470 -36.769184
v 0.883389 -36.431709 -35.123199
v 1.417877 -36.741470 -36.769184
v 1.417877 -36.431709 -36.769184
v 1.417876 -36.741470 -35.123199
v 1.417876 -36.431709 -35.123199
v 1.417876 -36.741470 -33.477211
v 1.417876 -36.741470 -28.217342
v 1.417876 -36.741470 -29.863329
v 1.417876 -36.431709 -28.217342
v 1.417876 -36.431709 -29.863329
v 1.417876 -36.741470 -31.509315
v 1.417876 -36.431709 -31.509315
v 1.417876 -36.431709 -33.477211
v 0.883388 -8.686814 -33.477215
v 1.047377 -8.686814 -35.123203
v 0.883388 -8.686814 -35.123203
v 0.883388 -8.686814 -36.769188
v 1.047377 -8.686814 -36.769188
v 1.205297 -8.686814 -36.769188
v 1.205297 -8.686814 -35.123203
v 1.205297 -8.686814 -31.509319
v 1.205297 -8.686814 -33.477215
v 1.047377 -8.686814 -31.509319
v 1.047377 -8.686814 -33.477215
v 0.883389 -36.431709 -33.477211
v 0.883389 -36.741470 -33.477211
v 1.047378 -36.431709 -33.477211
v 1.205298 -36.741470 -33.477211
v 1.205298 -36.431709 -33.477211
v 1.047378 -36.741470 -33.477211
v 0.883389 -36.741470 -36.769184
v 1.047379 -36.741470 -35.123199
v 0.883389 -36.741470 -35.123199
v 0.883389 -36.741470 -33.477211
v 1.047378 -36.741470 -33.477211
v 1.205298 -36.741470 -33.477211
v 1.205298 -36.741470 -35.123199
v 1.205299 -36.741470 -36.769184
v 1.047379 -36.741470 -36.769184
v 0.883389 -36.741470 -36.769184
v 0.883389 -36.431709 -36.769184
v 1.047379 -36.741470 -36.769184
v 1.417877 -36.741470 -36.769184
v 1.205299 -36.741470 -36.769184
v 1.417877 -36.431709 -36.769184
v 1.205299 -36.431709 -36.769184
v 1.047379 -36.431709 -36.769184
v 1.205297 -9.057315 -31.509319
v 1.205297 -8.686814 -31.509319
v 1.205297 -9.057315 -29.863333
v 1.205297 -8.686814 -28.217346
v 1.205297 -9.057315 -28.217346
v 1.205297 -8.686814 -29.863333
v 0.883387 -9.057315 -28.217346
v 0.883387 -8.686814 -28.217346
v 0.883387 -9.057315 -29.863333
v 0.883387 -8.686814 -31.509319
v 0.883387 -9.057315 -31.509319
v 0.883387 -8.686814 -29.863333
v 0.883387 -8.686814 -28.217346
v 0.883387 -9.057315 -28.217346
v 1.047377 -8.686814 -28.217346
v 1.047377 -9.057315 -28.217346
v 1.205297 -8.686814 -28.217346
v 1.205297 -9.057315 -28.217346
v 0.883388 -36.741470 -28.217342
v 0.883388 -36.431709 -28.217342
v 0.883388 -36.741470 -29.863329
v 0.883389 -36.431709 -31.509315
v 0.883389 -36.741470 -31.509315
v 0.883388 -36.431709 -29.863329
v 0.883387 -8.686814 -28.217346
v 1.047377 -8.686814 -29.863333
v 0.883387 -8.686814 -29.863333
v 0.883387 -8.686814 -31.509319
v 1.047377 -8.686814 -31.509319
v 1.205297 -8.686814 -31.509319
v 1.205297 -8.686814 -29.863333
v 1.205297 -8.686814 -28.217346
v 1.047377 -8.686814 -28.217346
v 0.883388 -36.431709 -28.217342
v 0.883388 -36.741470 -28.217342
v 1.047378 -36.431709 -28.217342
v 1.205298 -36.741470 -28.217342
v 1.205298 -36.431709 -28.217342
v 1.047378 -36.741470 -28.217342
v 0.883389 -36.741470 -31.509315
v 1.047378 -36.741470 -29.863329
v 0.883388 -36.741470 -29.863329
v 0.883388 -36.741470 -28.217342
v 1.047378 -36.741470 -28.217342
v 1.205298 -36.741470 -28.217342
v 1.205298 -36.741470 -29.863329
v 1.205298 -36.741470 -31.509315
v 1.047378 -36.741470 -31.509315
v 0.883389 -36.741470 -31.509315
v 0.883389 -36.431709 -31.509315
v 1.047378 -36.741470 -31.509315
v 1.205298 -36.431709 -31.509315
v 1.205298 -36.741470 -31.509315
v 1.047378 -36.431709 -31.509315
v 2.553667 -7.095492 -13.773968
v 2.553667 -7.095492 -13.591756
v 3.628722 -7.095492 -13.773968
v 3.628722 -7.095492 -13.585681
v 3.628722 -7.095492 -13.409542
v 2.553667 -7.095492 -13.409542
v 1.751933 -7.095492 -13.409542
v 1.751933 -7.095492 -13.591756
v 1.751933 -7.095492 -13.773968
v 1.357141 -7.095492 -14.265942
v 1.751933 -7.095492 -14.265942
v 2.553667 -7.095492 -14.265942
v 3.628722 -7.095492 -14.265942
v 4.667333 -7.095492 -14.265942
v 4.667333 -7.095492 -13.773968
v 4.667333 -7.095492 -13.585681
v 4.667333 -7.095492 -13.409542
v 4.667333 -7.095492 -12.917568
v 3.628721 -7.095492 -12.917568
v 2.553667 -7.095492 -12.917568
v 1.751933 -7.095492 -12.917568
v 1.357141 -7.095492 -12.917568
v 1.357141 -7.095492 -13.409542
v 1.357141 -7.095492 -13.591756
v 1.357141 -7.095492 -13.773968
v -0.373883 -7.095492 -13.591756
v -1.157395 -7.095492 -13.591756
v -0.373883 -7.095492 -13.409542
v -1.157395 -7.095492 -13.409542
v -2.220301 -7.095492 -13.409542
v -2.220301 -7.095492 -13.591756
v -2.220301 -7.095492 -13.773968
v -1.157395 -7.095492 -13.773968
v -0.373883 -7.095492 -13.773968
v 0.039133 -7.095492 -13.773968
v 0.039133 -7.095492 -13.591756
v 0.039133 -7.095492 -13.409542
v 0.039133 -7.095492 -12.917568
v -0.373883 -7.095492 -12.917568
v -1.157395 -7.095492 -12.917568
v -2.220301 -7.095492 -12.917568
v -3.277134 -7.095492 -12.917568
v -3.277134 -7.095492 -13.409542
v -3.277134 -7.095492 -13.591756
v -3.277134 -7.095492 -13.773968
v -3.277134 -7.095492 -14.265942
v -2.220301 -7.095492 -14.265942
v -1.157395 -7.095492 -14.265942
v -0.373883 -7.095492 -14.265942
v 0.039133 -7.095492 -14.265942
v 4.667333 -7.198747 -14.265942
v 4.667333 -7.095492 -14.265942
v 4.667333 -7.198747 -13.707157
v 4.667333 -7.198746 -12.917568
v 4.667333 -7.198746 -13.409542
v 4.667333 -7.095492 -12.917568
v 4.667333 -7.095492 -13.409542
v 4.667333 -7.095492 -13.585681
v 4.667333 -7.095492 -13.773968
v -3.277134 -7.198746 -12.917568
v -3.277134 -7.095492 -12.917568
v -3.277134 -7.198746 -13.506723
v -3.277134 -7.095492 -13.409542
v -3.277134 -7.198746 -13.591756
v -3.277134 -7.095492 -13.591756
v -3.277134 -7.198747 -13.658566
v -3.277134 -7.095492 -13.773968
v -3.277134 -7.198747 -14.265942
v -3.277134 -7.095492 -14.265942
v 4.667333 -7.095492 -12.917568
v 3.628721 -7.095492 -12.917568
v 4.667333 -7.198746 -12.917568
v 3.628721 -7.198746 -12.917568
v 2.553667 -7.095492 -12.917568
v 2.553667 -7.198746 -12.917568
v 1.751933 -7.095492 -12.917568
v 1.751933 -7.198746 -12.917568
v 1.357141 -7.095492 -12.917568
v 1.357141 -7.198746 -12.917568
v 0.695097 -7.198746 -12.917568
v 0.695097 -7.095492 -12.917568
v 0.039133 -7.198746 -12.917568
v -3.277134 -7.198746 -12.917568
v -2.220301 -7.198746 -12.917568
v -3.277134 -7.095492 -12.917568
v -2.220301 -7.095492 -12.917568
v -1.157395 -7.198746 -12.917568
v -1.157395 -7.095492 -12.917568
v -0.373883 -7.198746 -12.917568
v -0.373883 -7.095492 -12.917568
v 0.039133 -7.095492 -12.917568
v -3.277134 -7.095492 -14.265942
v -2.220301 -7.095492 -14.265942
v -3.277134 -7.198747 -14.265942
v -2.220301 -7.198747 -14.265942
v -1.157395 -7.095492 -14.265942
v -1.157395 -7.198747 -14.265942
v -0.373883 -7.095492 -14.265942
v -0.373883 -7.198747 -14.265942
v 0.039133 -7.095492 -14.265942
v 0.039133 -7.198747 -14.265942
v 0.695097 -7.198747 -14.265942
v 4.667333 -7.198747 -14.265942
v 3.628722 -7.198747 -14.265942
v 4.667333 -7.095492 -14.265942
v 3.628722 -7.095492 -14.265942
v 2.553667 -7.198747 -14.265942
v 2.553667 -7.095492 -14.265942
v 1.751933 -7.198747 -14.265942
v 1.751933 -7.095492 -14.265942
v 1.357141 -7.198747 -14.265942
v 1.357141 -7.095492 -14.265942
v 0.695097 -7.095492 -14.265942
v 1.751933 -7.198747 -13.658566
v 1.751933 -7.198747 -13.773968
v 1.751933 -7.198746 -13.591756
v -0.373883 -7.198746 -13.506723
v -0.373883 -7.198746 -13.409542
v -0.373883 -7.198746 -13.591756
v -0.373883 -7.198747 -13.773968
v -0.373883 -7.198747 -13.658566
v 0.695097 -7.198747 -13.658566
v 0.039133 -7.198747 -14.265942
v -0.373883 -7.198747 -14.265942
v -3.277134 -7.198747 -14.265942
v -2.220301 -7.198747 -14.265942
v -3.277134 -7.198747 -13.658566
v -2.220301 -7.198747 -13.658566
v -1.157395 -7.198747 -14.265942
v -1.163468 -7.198747 -13.658566
v -1.157395 -7.198746 -13.591756
v -1.163468 -7.198746 -13.506723
v -3.277134 -7.198746 -12.917568
v -3.277134 -7.198746 -13.506723
v -2.220301 -7.198746 -12.917568
v -2.220301 -7.198746 -13.506723
v -1.157395 -7.198746 -12.917568
v -0.373883 -7.198746 -12.917568
v 0.039133 -7.198746 -12.917568
v 0.695097 -7.198746 -12.917568
v 0.695097 -7.198746 -13.506723
v 1.357141 -7.198746 -12.917568
v 1.751933 -7.198746 -13.506723
v 4.667333 -7.198746 -12.917568
v 3.628721 -7.198746 -12.917568
v 4.667333 -7.198746 -13.409542
v 3.628722 -7.198746 -13.409542
v 2.553667 -7.198746 -12.917568
v 2.553667 -7.198746 -13.591756
v 1.751933 -7.198746 -12.917568
v 1.751933 -7.198746 -13.409542
v 2.553667 -7.198746 -13.591756
v 4.667333 -7.198747 -13.707157
v 3.628722 -7.198747 -13.773968
v 4.667333 -7.198747 -14.265942
v 3.628722 -7.198747 -14.265942
v 2.553667 -7.198747 -14.265942
v 1.751933 -7.198747 -14.265942
v 1.357141 -7.198747 -14.265942
v 0.695097 -7.198747 -14.265942
v 0.883387 -8.686814 -31.509319
v 0.695098 -8.413496 -32.147064
v 0.883388 -8.686814 -33.477215
v 0.695099 -8.413496 -32.748363
v 0.695098 -7.095494 -32.147064
v 0.695098 -7.095494 -32.748363
v 1.047377 -8.686814 -31.509319
v 1.357142 -8.413496 -32.147064
v 0.883387 -8.686814 -31.509319
v 0.695098 -8.413496 -32.147064
v 1.357142 -7.095494 -32.147064
v 0.695098 -7.095494 -32.147064
v 1.047377 -8.686814 -33.477215
v 1.357142 -8.413496 -32.748363
v 1.047377 -8.686814 -31.509319
v 1.357142 -8.413496 -32.147064
v 1.357142 -7.095494 -32.748363
v 1.357142 -7.095494 -32.147064
v 0.883388 -8.686814 -33.477215
v 0.695099 -8.413496 -32.748363
v 1.047377 -8.686814 -33.477215
v 1.357142 -8.413496 -32.748363
v 0.695098 -7.095494 -32.748363
v 1.357142 -7.095494 -32.748363
v 0.883388 -8.735407 -44.488922
v 0.695099 -8.413497 -45.023415
v 0.883388 -8.735407 -46.456818
v 0.695099 -8.413497 -45.588272
v 0.695099 -7.095495 -45.023415
v 0.695099 -7.095495 -45.588272
v 1.047378 -8.735407 -44.488922
v 1.357143 -8.413497 -45.023415
v 0.883388 -8.735407 -44.488922
v 0.695099 -8.413497 -45.023415
v 1.357143 -7.095495 -45.023415
v 0.695099 -7.095495 -45.023415
v 1.047378 -8.735407 -46.456818
v 1.357143 -8.413497 -45.588272
v 1.047378 -8.735407 -44.488922
v 1.357143 -8.413497 -45.023415
v 1.357143 -7.095495 -45.588272
v 1.357143 -7.095495 -45.023415
v 0.883387 -2.837795 -33.355740
v 0.695098 -3.032153 -32.748363
v 0.883387 -2.837795 -31.393919
v 0.695098 -3.032153 -32.147064
v 0.695098 -4.465559 -32.748363
v 0.695098 -4.465559 -32.147064
v 1.047377 -2.837795 -33.355740
v 1.357142 -3.032153 -32.748363
v 0.883387 -2.837795 -33.355740
v 0.695098 -3.032153 -32.748363
v 1.357142 -4.465559 -32.748363
v 0.695098 -4.465559 -32.748363
v 1.047377 -2.837795 -31.393919
v 1.357142 -3.032153 -32.147064
v 1.047377 -2.837795 -33.355740
v 1.357142 -3.032153 -32.748363
v 1.357142 -4.465559 -32.147064
v 1.357142 -4.465559 -32.748363
v 0.883387 -2.837795 -31.393919
v 0.695098 -3.032153 -32.147064
v 1.047377 -2.837795 -31.393919
v 1.357142 -3.032153 -32.147064
v 0.695098 -4.465559 -32.147064
v 1.357142 -4.465559 -32.147064
v 0.883388 -2.837796 -46.335342
v 0.695099 -3.032155 -45.588272
v 0.883388 -2.837796 -44.373520
v 0.695099 -3.032155 -45.023415
v 0.695099 -4.465560 -45.588272
v 0.695099 -4.465560 -45.023415
v 1.047378 -2.837796 -44.373520
v 1.357143 -3.032155 -45.023415
v 1.047378 -2.837796 -46.335342
v 1.357143 -3.032155 -45.588272
v 1.357143 -4.465560 -45.023415
v 1.357143 -4.465560 -45.588272
v 0.883388 -2.837796 -44.373520
v 0.695099 -3.032155 -45.023415
v 1.047378 -2.837796 -44.373520
v 1.357143 -3.032155 -45.023415
v 0.695099 -4.465560 -45.023415
v 1.357143 -4.465560 -45.023415
v -0.622908 -6.117616 29.124929
v -0.622909 -6.117615 32.155731
v -0.622908 -5.777484 29.124929
v -0.622909 -5.777483 32.155731
v -0.622909 -5.777483 32.757030
v -0.622909 -6.117615 32.757030
v -0.622909 -5.777483 41.861580
v -0.622909 -6.117614 41.861580
v -0.622909 -6.269456 41.861580
v -0.622909 -6.269457 32.757030
v -0.622909 -6.269457 32.155731
v -0.622908 -6.269458 29.124929
v -0.622908 -6.269458 28.693693
v -0.622908 -6.117616 28.693693
v -0.622908 -5.777484 28.693693
v -0.622908 -5.121521 28.693693
v -0.622908 -5.121521 29.124929
v -0.622909 -5.121520 32.155731
v -0.622909 -5.121520 32.757030
v -0.622909 -5.121519 41.861580
v -0.622910 -5.121519 45.032078
v -0.622910 -5.777483 45.032078
v -0.622910 -6.117614 45.032078
v -0.622910 -6.269456 45.032078
v -0.622910 -6.439521 45.032078
v -0.622909 -6.439521 41.861580
v -0.622909 -6.439522 32.757030
v -0.622909 -6.439522 32.155731
v -0.622908 -6.439522 29.124929
v -0.622908 -6.439522 28.693693
v -0.622908 -6.439523 19.249010
v -0.622908 -6.269458 19.249010
v -0.622908 -6.117616 19.249010
v -0.622908 -5.777484 19.249010
v -0.622908 -5.121521 19.249010
v -0.622907 -5.777485 13.600426
v -0.622907 -6.117617 13.600426
v -0.622907 -5.777485 13.782640
v -0.622907 -6.117617 13.782640
v -0.622907 -5.777485 14.274613
v -0.622907 -6.117617 14.274613
v -0.622907 -6.269459 14.274613
v -0.622907 -6.269459 13.782640
v -0.622907 -6.269459 13.600426
v -0.622907 -6.269459 13.418211
v -0.622907 -6.117617 13.418211
v -0.622907 -5.777485 13.418211
v -0.622907 -5.121522 13.418210
v -0.622907 -5.121522 13.600425
v -0.622907 -5.121521 13.782639
v -0.622907 -5.121521 14.274612
v -0.622908 -5.121521 18.829924
v -0.622908 -5.777485 18.829924
v -0.622908 -6.117617 18.829924
v -0.622908 -6.269459 18.829924
v -0.622908 -6.439523 18.829924
v -0.622907 -6.439523 14.274613
v -0.622907 -6.439523 13.782640
v -0.622907 -6.439524 13.600426
v -0.622907 -6.439524 13.418211
v -0.622907 -6.439524 12.926237
v -0.622907 -6.269459 12.926237
v -0.622907 -6.117617 12.926237
v -0.622907 -5.777485 12.926237
v -0.622907 -5.121522 12.926236
v -0.622905 -5.777487 -13.591756
v -0.622905 -5.777488 -13.773968
v -0.622905 -6.117619 -13.591756
v -0.622905 -6.117620 -13.773968
v -0.622905 -6.269461 -13.409542
v -0.622905 -6.269461 -13.591756
v -0.622905 -6.269462 -13.773968
v -0.622905 -6.269462 -14.265942
v -0.622905 -6.117620 -14.265942
v -0.622905 -5.777488 -14.265942
v -0.622905 -5.121524 -14.265943
v -0.622905 -5.121524 -13.773969
v -0.622905 -5.121524 -13.591757
v -0.622905 -5.121524 -12.917569
v -0.622905 -5.121524 -13.409543
v -0.622905 -5.777487 -12.917568
v -0.622905 -5.777487 -13.409542
v -0.622905 -6.117619 -13.409542
v -0.622905 -6.269461 -12.917568
v -0.622905 -6.439526 -12.917568
v -0.622905 -6.439526 -13.409542
v -0.622905 -6.439526 -13.591756
v -0.622905 -6.439526 -13.773968
v -0.622905 -6.439526 -14.265942
v -0.622905 -6.439526 -18.821255
v -0.622905 -6.269462 -18.821255
v -0.622905 -6.117620 -18.821255
v -0.622905 -5.777488 -18.821255
v -0.622905 -5.121524 -18.821255
v -0.622903 -6.117622 -41.852917
v -0.622904 -6.117621 -32.748363
v -0.622903 -5.777490 -41.852917
v -0.622904 -5.777489 -32.748363
v -0.622904 -6.117621 -32.147064
v -0.622904 -5.777489 -32.147064
v -0.622904 -5.777489 -29.116262
v -0.622904 -6.117620 -29.116262
v -0.622904 -5.777489 -28.685026
v -0.622904 -6.117620 -28.685026
v -0.622904 -6.269463 -28.685026
v -0.622904 -6.269463 -29.116262
v -0.622904 -6.269463 -32.147064
v -0.622904 -6.269463 -32.748363
v -0.622903 -6.269464 -41.852917
v -0.622903 -6.269464 -45.023415
v -0.622903 -6.117622 -45.023415
v -0.622903 -5.777490 -45.023415
v -0.622903 -5.121527 -45.023415
v -0.622903 -5.121527 -41.852917
v -0.622904 -5.121526 -32.748363
v -0.622904 -5.121526 -32.147064
v -0.622904 -5.121525 -29.116262
v -0.622904 -5.121525 -28.685026
v -0.622905 -5.121525 -19.240343
v -0.622905 -5.777488 -19.240343
v -0.622905 -6.117620 -19.240343
v -0.622905 -6.269462 -19.240343
v -0.622905 -6.439527 -19.240343
v -0.622904 -6.439527 -28.685026
v -0.622904 -6.439527 -29.116262
v -0.622904 -6.439528 -32.147064
v -0.622904 -6.439528 -32.748363
v -0.622903 -6.439528 -41.852917
v -0.622903 -6.439528 -45.023415
v -0.622903 -7.095495 -45.588272
v -0.622903 -6.439528 -45.588272
v -0.622903 -6.269464 -45.588272
v -0.622903 -6.117622 -45.588272
v -0.622903 -5.777490 -45.588272
v -0.622903 -5.121527 -45.588272
v -0.622903 -4.465560 -45.588272
v -0.622903 -4.465560 -45.023415
v -0.622903 -4.465560 -41.852917
v -0.622904 -4.465559 -32.748363
v -0.622904 -4.465559 -32.147064
v -0.622904 -4.465559 -29.116262
v -0.337438 -4.714583 -28.685026
v -0.337439 -4.714583 -19.477221
v -0.337439 -4.714582 -18.584379
v -0.337439 -4.714582 -14.265943
v -0.337440 -4.714582 -13.773969
v -0.337440 -4.714582 -13.591757
v -0.337440 -4.714582 -13.409543
v -0.337440 -4.714582 -12.917569
v -0.622906 -5.121523 0.766592
v -0.337441 -4.714581 0.766592
v -0.337442 -4.714580 12.926236
v -0.337442 -4.714580 13.418210
v -0.337442 -4.714580 13.600425
v -0.337442 -4.714580 13.782639
v -0.337442 -4.714580 14.274612
v -0.337442 -4.714580 18.593046
v -0.337442 -4.714579 19.485888
v -0.337443 -4.714579 28.693693
v -0.622908 -4.465554 29.124929
v -0.622909 -4.465554 32.155731
v -0.622909 -4.465554 32.757030
v -0.622909 -4.465553 41.861580
v -0.622910 -4.465553 45.032078
v -0.622910 -4.465553 45.596939
v -0.622910 -5.121519 45.596939
v -0.622910 -5.777483 45.596939
v -0.622910 -6.117614 45.596939
v -0.622910 -6.269456 45.596939
v -0.622910 -6.439521 45.596939
v -0.622910 -7.095487 45.596939
v -0.622910 -7.095487 45.032078
v -0.622909 -7.095487 41.861580
v -0.622909 -7.095488 32.757030
v -0.622909 -7.095488 32.155731
v -0.622908 -7.095489 29.124929
v -0.337443 -6.846464 28.693693
v -0.337442 -6.846465 19.485888
v -0.337442 -6.846465 18.593046
v -0.337442 -6.846465 14.274613
v -0.337442 -6.846465 13.782640
v -0.337441 -6.846466 13.600426
v -0.337441 -6.846466 13.418211
v -0.337441 -6.846466 12.926237
v -0.337441 -6.846467 0.766592
v -0.622906 -6.275535 0.766592
v -0.622906 -5.777486 0.766592
v -0.622906 -6.275535 0.766592
v -0.622905 -6.117619 -12.917568
v -0.622906 -6.275535 0.766592
v -0.337441 -6.846467 0.766592
v -0.337439 -6.846467 -12.917568
v -0.337439 -6.846467 -13.409542
v -0.337439 -6.846467 -13.591756
v -0.337439 -6.846468 -13.773968
v -0.337439 -6.846468 -14.265942
v -0.337439 -6.846468 -18.584379
v -0.337439 -6.846468 -19.477221
v -0.337438 -6.846469 -28.685026
v -0.622904 -7.095493 -29.116262
v -0.622904 -7.095494 -32.147064
v -0.622904 -7.095494 -32.748363
v -0.622903 -7.095495 -41.852917
v -0.622903 -7.095495 -45.023415
v 2.013102 -6.117617 12.926237
v 2.013102 -6.117617 13.418211
v 2.013102 -6.269459 12.926237
v 2.013102 -6.269459 13.418211
v 2.013102 -6.117617 13.600426
v 2.013102 -6.269459 13.600426
v 2.013102 -6.117617 13.782640
v 2.013102 -6.269459 13.782640
v 2.013102 -6.117617 14.274613
v 2.013102 -6.269459 14.274613
v 2.013102 -6.117617 18.593046
v 2.013102 -6.269459 18.593046
v 2.013102 -6.117616 19.485888
v 2.013102 -6.269458 19.485888
v 2.013101 -6.117616 28.693693
v 2.013101 -6.269458 28.693693
v 2.013101 -6.269458 29.124929
v 2.013100 -6.269456 41.861580
v 2.013101 -6.269457 32.757030
v 2.013101 -6.117615 32.757030
v 2.013101 -6.269457 32.155731
v 2.013101 -5.777483 32.155731
v 2.013101 -5.777483 32.757030
v 2.013101 -6.117615 32.155731
v 2.013101 -6.117616 29.124929
v 2.013101 -5.777484 29.124929
v 2.013101 -5.777484 28.693693
v 2.013102 -5.777484 19.485888
v 2.013102 -5.777485 18.593046
v 2.013102 -5.777485 14.274613
v 2.013102 -5.777485 13.782640
v 2.013102 -5.777485 13.600426
v 2.013102 -5.777485 13.418211
v 2.013102 -5.777485 12.926237
v 2.013105 -6.269463 -29.116262
v 2.013105 -6.117620 -28.685026
v 2.013105 -6.269463 -28.685026
v 2.013104 -6.269462 -19.477221
v 2.013104 -6.117620 -19.477221
v 2.013104 -6.269462 -18.584379
v 2.013104 -6.117620 -18.584379
v 2.013104 -6.269462 -14.265942
v 2.013104 -6.117620 -14.265942
v 2.013104 -6.269462 -13.773968
v 2.013104 -6.117620 -13.773968
v 2.013104 -6.269461 -13.591756
v 2.013104 -6.117619 -13.591756
v 2.013104 -6.269461 -13.409542
v 2.013104 -6.117619 -13.409542
v 2.013104 -6.269461 -12.917568
v 2.013104 -6.117619 -12.917568
v 2.013104 -5.777487 -12.917568
v 2.013104 -5.777487 -13.409542
v 2.013104 -5.777487 -13.591756
v 2.013104 -5.777488 -13.773968
v 2.013104 -5.777488 -14.265942
v 2.013104 -5.777488 -18.584379
v 2.013104 -5.777488 -19.477221
v 2.013105 -5.777489 -28.685026
v 2.013105 -5.777489 -29.116262
v 2.013105 -6.117620 -29.116262
v 2.013105 -6.269463 -32.147064
v 2.013105 -6.117621 -32.147064
v 2.013105 -5.777489 -32.147064
v 2.013105 -5.777489 -32.748363
v 2.013105 -6.117621 -32.748363
v 2.013106 -6.269463 -32.748363
v 2.013106 -6.269464 -41.852917
v 2.013106 -6.439528 -41.852917
v 2.013106 -6.439528 -32.748363
v 2.013105 -6.439528 -32.147064
v 2.013105 -6.439527 -29.116262
v 2.013105 -6.439527 -28.685026
v 2.013104 -6.439527 -19.477221
v 2.013104 -6.439526 -18.584379
v 2.013104 -6.439526 -14.265942
v 2.013104 -6.439526 -13.773968
v 2.013104 -6.439526 -13.591756
v 2.013104 -6.439526 -13.409542
v 2.013104 -6.439526 -12.917568
v 2.013103 -6.275535 0.766592
v 2.013103 -5.777486 0.766592
v 2.013102 -6.439524 12.926237
v 2.013102 -6.439524 13.418211
v 2.013102 -6.439524 13.600426
v 2.013102 -6.439523 13.782640
v 2.013102 -6.439523 14.274613
v 2.013102 -6.439523 18.593046
v 2.013102 -6.439523 19.485888
v 2.013101 -6.439522 28.693693
v 2.013101 -6.439522 29.124929
v 2.013101 -6.439522 32.155731
v 2.013101 -6.439522 32.757030
v 2.013100 -6.439521 41.861580
v 2.013100 -6.439521 45.032078
v 2.013100 -6.269456 45.032078
v 2.013100 -6.117614 45.032078
v 2.013100 -6.117614 41.861580
v 2.013100 -5.777483 41.861580
v 2.013100 -5.121519 45.032078
v 2.013100 -5.777483 45.032078
v 2.013100 -5.121519 41.861580
v 2.013101 -5.121520 32.757030
v 2.013101 -5.121520 32.155731
v 2.013101 -5.121521 29.124929
v 2.013101 -5.121521 28.693693
v 2.013102 -5.121521 19.485888
v 2.013102 -5.121521 18.593046
v 2.013102 -5.121521 14.274612
v 2.013102 -5.121521 13.782639
v 2.013102 -5.121522 13.600425
v 2.013102 -5.121522 13.418210
v 2.013102 -5.121522 12.926236
v 2.013103 -5.121523 0.766592
v 2.013104 -5.121524 -12.917569
v 2.013104 -5.121524 -13.409543
v 2.013104 -5.121524 -13.591757
v 2.013104 -5.121524 -13.773969
v 2.013104 -5.121524 -14.265943
v 2.013104 -5.121524 -18.584379
v 2.013104 -5.121525 -19.477221
v 2.013105 -5.121525 -28.685026
v 2.013105 -5.121525 -29.116262
v 2.013105 -5.121526 -32.147064
v 2.013105 -5.121526 -32.748363
v 2.013106 -5.121527 -45.023415
v 2.013106 -5.121527 -41.852917
v 2.013106 -5.777490 -45.023415
v 2.013106 -5.777490 -41.852917
v 2.013106 -6.117622 -41.852917
v 2.013106 -6.117622 -45.023415
v 2.013106 -6.269464 -45.023415
v 2.013106 -6.439528 -45.023415
v 2.013107 -7.095495 -45.023415
v 2.013106 -7.095495 -41.852917
v 2.013106 -7.095494 -32.748363
v 2.013105 -7.095494 -32.147064
v 2.013105 -7.095493 -29.116262
v 1.733709 -6.846469 -28.685026
v 1.733709 -6.846468 -19.477221
v 1.733709 -6.846468 -18.584379
v 1.733708 -6.846468 -14.265942
v 1.733708 -6.846468 -13.773968
v 1.733708 -6.846467 -13.591756
v 1.733708 -6.846467 -13.409542
v 1.733708 -6.846467 -12.917568
v 1.733707 -6.846467 0.766592
v 1.733706 -6.846466 12.926237
v 1.733706 -6.846466 13.418211
v 1.733706 -6.846466 13.600426
v 1.733706 -6.846465 13.782640
v 1.733706 -6.846465 14.274613
v 1.733706 -6.846465 18.593046
v 1.733706 -6.846465 19.485888
v 1.733705 -6.846464 28.693693
v 2.013101 -7.095489 29.124929
v 2.013101 -7.095488 32.155731
v 2.013101 -7.095488 32.757030
v 2.013100 -7.095487 41.861580
v 2.013100 -7.095487 45.032078
v 2.013100 -7.095487 45.596939
v 2.013100 -6.439521 45.596939
v 2.013100 -6.269456 45.596939
v 2.013100 -6.117614 45.596939
v 2.013100 -5.777483 45.596939
v 2.013100 -5.121519 45.596939
v 2.013099 -4.465553 45.596939
v 2.013100 -4.465553 45.032078
v 2.013100 -4.465553 41.861580
v 2.013100 -4.465554 32.757030
v 2.013101 -4.465554 32.155731
v 2.013101 -4.465554 29.124929
v 1.733705 -4.714579 28.693693
v 1.733706 -4.714579 19.485888
v 1.733706 -4.714580 18.593046
v 1.733706 -4.714580 14.274612
v 1.733706 -4.714580 13.782639
v 1.733706 -4.714580 13.600425
v 1.733706 -4.714580 13.418210
v 1.733706 -4.714580 12.926236
v 1.733707 -4.714581 0.766592
v 1.733708 -4.714582 -12.917569
v 1.733708 -4.714582 -13.409543
v 1.733708 -4.714582 -13.591757
v 1.733708 -4.714582 -13.773969
v 1.733708 -4.714582 -14.265943
v 1.733709 -4.714582 -18.584379
v 1.733709 -4.714583 -19.477221
v 1.733709 -4.714583 -28.685026
v 2.013105 -4.465559 -29.116262
v 2.013105 -4.465559 -32.147064
v 2.013105 -4.465559 -32.748363
v 2.013106 -4.465560 -41.852917
v 2.013106 -4.465560 -45.023415
v 2.013106 -4.465560 -45.588272
v 2.013106 -5.121527 -45.588272
v 2.013106 -5.777490 -45.588272
v 2.013107 -6.117622 -45.588272
v 2.013107 -6.269464 -45.588272
v 2.013107 -6.439528 -45.588272
v 2.013107 -7.095495 -45.588272
v 0.039131 -7.095490 18.593046
v 0.695095 -7.095490 18.593046
v 0.039131 -7.095489 19.485888
v 0.695095 -7.095489 19.485888
v 0.039130 -7.095489 28.693693
v 0.695094 -7.095489 28.693693
v 0.039130 -7.095489 29.124929
v 0.695094 -7.095489 29.124929
v 0.039130 -7.095488 32.155731
v 0.039129 -7.095487 45.032078
v 0.039129 -7.095487 41.861580
v 0.695093 -7.095487 41.861580
v 1.357136 -7.095487 41.861580
v 1.357137 -7.095488 32.757030
v 0.695094 -7.095488 32.757030
v 0.039130 -7.095488 32.757030
v 0.695094 -7.095488 32.155731
v 1.357137 -7.095488 32.155731
v 1.357137 -7.095489 29.124929
v 1.357137 -7.095489 28.693693
v 1.357138 -7.095489 19.485888
v 1.357138 -7.095490 18.593046
v 1.357139 -7.095490 14.274613
v 0.695095 -7.095490 14.274613
v 0.039131 -7.095490 14.274613
v 0.039132 -7.095491 0.766592
v 0.695096 -7.095491 0.766592
v 0.039131 -7.095490 12.926237
v 0.695095 -7.095490 12.926237
v 1.357139 -7.095490 12.926237
v 1.357139 -7.095491 0.766592
v 1.357141 -7.095492 -12.917568
v 0.695097 -7.095492 -12.917568
v 0.039133 -7.095492 -12.917568
v 0.039135 -7.095494 -32.147064
v 0.695098 -7.095493 -29.116262
v 0.039135 -7.095493 -29.116262
v 0.695098 -7.095493 -28.685026
v 0.039134 -7.095493 -28.685026
v 0.695097 -7.095493 -19.477221
v 0.039134 -7.095493 -19.477221
v 0.695097 -7.095492 -18.584379
v 0.039134 -7.095492 -18.584379
v 0.039133 -7.095492 -14.265942
v 0.695097 -7.095492 -14.265942
v 1.357141 -7.095492 -14.265942
v 1.357141 -7.095492 -18.584379
v 1.357141 -7.095493 -19.477221
v 1.357142 -7.095493 -28.685026
v 1.357142 -7.095493 -29.116262
v 1.357142 -7.095494 -32.147064
v 0.695098 -7.095494 -32.147064
v 0.039135 -7.095494 -32.748363
v 0.695098 -7.095494 -32.748363
v 0.039135 -7.095495 -41.852917
v 1.357143 -7.095495 -41.852917
v 1.357142 -7.095494 -32.748363
v 0.695099 -7.095495 -41.852917
v 0.039136 -7.095495 -45.023415
v -0.622903 -7.095495 -45.588272
v -0.622903 -7.095495 -45.023415
v -0.622903 -7.095495 -41.852917
v -0.622904 -7.095494 -32.748363
v -0.622904 -7.095494 -32.147064
v -0.622904 -7.095493 -29.116262
v -0.337438 -6.846469 -28.685026
v -0.337439 -6.846468 -19.477221
v -0.337439 -6.846468 -18.584379
v -0.337439 -6.846468 -14.265942
v 0.039133 -7.095492 -13.773968
v -0.337439 -6.846468 -13.773968
v 0.039133 -7.095492 -13.591756
v -0.337439 -6.846467 -13.591756
v 0.039133 -7.095492 -13.409542
v -0.337439 -6.846467 -13.409542
v -0.337439 -6.846467 -12.917568
v -0.337441 -6.846467 0.766592
v -0.337441 -6.846466 12.926237
v -0.337441 -6.846466 13.418211
v 0.039131 -7.095490 13.418211
v -0.337441 -6.846466 13.600426
v 0.039131 -7.095490 13.600426
v -0.337442 -6.846465 13.782640
v 0.039131 -7.095490 13.782640
v -0.337442 -6.846465 14.274613
v -0.337442 -6.846465 18.593046
v -0.337442 -6.846465 19.485888
v -0.337443 -6.846464 28.693693
v -0.622908 -7.095489 29.124929
v -0.622909 -7.095488 32.155731
v -0.622909 -7.095488 32.757030
v -0.622909 -7.095487 41.861580
v -0.622910 -7.095487 45.032078
v -0.622910 -7.095487 45.596939
v 0.039129 -7.095487 45.596939
v 0.695092 -7.095487 45.596939
v 0.695093 -7.095487 45.032078
v 1.357136 -7.095487 45.032078
v 2.013100 -7.095487 45.596939
v 1.357136 -7.095487 45.596939
v 2.013100 -7.095487 45.032078
v 2.013100 -7.095487 41.861580
v 2.013101 -7.095488 32.757030
v 2.013101 -7.095488 32.155731
v 2.013101 -7.095489 29.124929
v 1.733705 -6.846464 28.693693
v 1.733706 -6.846465 19.485888
v 1.733706 -6.846465 18.593046
v 1.733706 -6.846465 14.274613
v 1.733706 -6.846465 13.782640
v 1.357139 -7.095490 13.782640
v 1.733706 -6.846466 13.600426
v 1.357139 -7.095490 13.600426
v 1.733706 -6.846466 13.418211
v 1.357139 -7.095490 13.418211
v 1.733706 -6.846466 12.926237
v 1.733707 -6.846467 0.766592
v 1.733708 -6.846467 -12.917568
v 1.357141 -7.095492 -13.409542
v 1.733708 -6.846467 -13.409542
v 1.357141 -7.095492 -13.591756
v 1.733708 -6.846467 -13.591756
v 1.357141 -7.095492 -13.773968
v 1.733708 -6.846468 -13.773968
v 1.733708 -6.846468 -14.265942
v 1.733709 -6.846468 -18.584379
v 1.733709 -6.846468 -19.477221
v 1.733709 -6.846469 -28.685026
v 2.013105 -7.095493 -29.116262
v 2.013105 -7.095494 -32.147064
v 2.013106 -7.095494 -32.748363
v 2.013106 -7.095495 -41.852917
v 2.013107 -7.095495 -45.588272
v 2.013107 -7.095495 -45.023415
v 1.357143 -7.095495 -45.588272
v 1.357143 -7.095495 -45.023415
v 0.695099 -7.095495 -45.023415
v 0.695099 -7.095495 -45.588272
v 0.039136 -7.095495 -45.588272
v 0.695099 -5.777490 -45.588272
v 0.695099 -6.117622 -45.588272
v 0.039136 -5.777490 -45.588272
v 0.039136 -6.117622 -45.588272
v 0.695099 -6.269464 -45.588272
v 0.039136 -6.269464 -45.588272
v 0.039136 -6.439528 -45.588272
v 0.695099 -6.439528 -45.588272
v 1.357143 -6.439528 -45.588272
v 1.357143 -6.269464 -45.588272
v 1.357143 -6.117622 -45.588272
v 1.357143 -5.777490 -45.588272
v 1.357143 -5.121527 -45.588272
v 0.695099 -5.121527 -45.588272
v 0.039136 -5.121527 -45.588272
v -0.622903 -4.465560 -45.588272
v -0.622903 -5.121527 -45.588272
v -0.622903 -5.777490 -45.588272
v -0.622903 -6.117622 -45.588272
v -0.622903 -6.269464 -45.588272
v -0.622903 -6.439528 -45.588272
v -0.622903 -7.095495 -45.588272
v 0.039136 -7.095495 -45.588272
v 0.695099 -7.095495 -45.588272
v 0.883388 -8.735407 -46.456818
v 0.695099 -8.413497 -45.588272
v 1.047378 -8.735407 -46.456818
v 1.357143 -8.413497 -45.588272
v 1.357143 -7.095495 -45.588272
v 2.013107 -7.095495 -45.588272
v 2.013107 -6.439528 -45.588272
v 2.013107 -6.269464 -45.588272
v 2.013107 -6.117622 -45.588272
v 2.013106 -5.777490 -45.588272
v 2.013106 -5.121527 -45.588272
v 2.013106 -4.465560 -45.588272
v 1.357143 -4.465560 -45.588272
v 1.047378 -2.837796 -46.335342
v 1.357143 -3.032155 -45.588272
v 0.883388 -2.837796 -46.335342
v 0.695099 -3.032155 -45.588272
v 0.695099 -4.465560 -45.588272
v 0.039136 -4.465560 -45.588272
v 1.357138 -4.465556 12.926236
v 0.695095 -4.465556 12.926236
v 1.357138 -4.465556 13.418210
v 0.695095 -4.465556 13.418210
v 1.357138 -4.465556 13.600425
v 0.695095 -4.465556 13.600425
v 1.357138 -4.465555 13.782639
v 0.695095 -4.465555 13.782639
v 1.357138 -4.465555 14.274612
v 0.695095 -4.465555 14.274612
v 1.357138 -4.465555 18.593046
v 0.695094 -4.465555 18.593046
v 1.357138 -4.465555 19.485888
v 0.695094 -4.465555 19.485888
v 1.357137 -4.465554 28.693693
v 0.695094 -4.465554 28.693693
v 1.357137 -4.465554 29.124929
v 0.695094 -4.465554 29.124929
v 1.357137 -4.465554 32.155731
v 0.695093 -4.465554 32.155731
v 1.357137 -4.465554 32.757030
v 0.695093 -4.465554 32.757030
v 1.357136 -4.465553 41.861580
v 0.695093 -4.465553 41.861580
v 0.039129 -4.465553 41.861580
v 0.039130 -4.465554 32.757030
v 0.039130 -4.465554 32.155731
v 0.039130 -4.465554 29.124929
v 0.039130 -4.465554 28.693693
v 0.039131 -4.465555 19.485888
v 0.039131 -4.465555 18.593046
v 0.039131 -4.465555 14.274612
v 0.039131 -4.465555 13.782639
v 0.039131 -4.465556 13.600425
v 0.039131 -4.465556 13.418210
v 0.039131 -4.465556 12.926236
v 0.039132 -4.465557 0.766592
v 0.695098 -4.465559 -28.685026
v 0.695098 -4.465559 -29.116262
v 0.039134 -4.465559 -28.685026
v 0.039134 -4.465559 -29.116262
v 0.039135 -4.465560 -41.852917
v 0.039135 -4.465559 -32.748363
v 0.695099 -4.465560 -41.852917
v 1.357142 -4.465559 -32.748363
v 1.357143 -4.465560 -41.852917
v 0.695098 -4.465559 -32.748363
v 0.039135 -4.465559 -32.147064
v 0.695098 -4.465559 -32.147064
v 1.357142 -4.465559 -32.147064
v 1.357142 -4.465559 -29.116262
v 1.357142 -4.465559 -28.685026
v 0.695097 -4.465559 -19.477221
v 1.357141 -4.465559 -19.477221
v 0.695097 -4.465558 -18.584379
v 1.357141 -4.465558 -18.584379
v 0.695097 -4.465558 -14.265943
v 1.357141 -4.465558 -14.265943
v 0.695097 -4.465558 -13.773969
v 1.357140 -4.465558 -13.773969
v 0.695097 -4.465558 -13.591757
v 1.357140 -4.465558 -13.591757
v 1.357140 -4.465558 -13.409543
v 0.695097 -4.465558 -13.409543
v 0.039133 -4.465558 -12.917569
v 0.039133 -4.465558 -13.409543
v 0.039133 -4.465558 -13.591757
v 0.039133 -4.465558 -13.773969
v 0.039133 -4.465558 -14.265943
v 0.039134 -4.465558 -18.584379
v 0.039134 -4.465559 -19.477221
v -0.337439 -4.714583 -19.477221
v -0.337438 -4.714583 -28.685026
v -0.622904 -4.465559 -29.116262
v -0.622904 -4.465559 -32.147064
v -0.622904 -4.465559 -32.748363
v -0.622903 -4.465560 -41.852917
v 0.039136 -4.465560 -45.023415
v -0.622903 -4.465560 -45.023415
v -0.622903 -4.465560 -45.588272
v 0.039136 -4.465560 -45.588272
v 0.695099 -4.465560 -45.588272
v 0.695099 -4.465560 -45.023415
v 1.357143 -4.465560 -45.023415
v 1.357143 -4.465560 -45.588272
v 2.013106 -4.465560 -45.588272
v 2.013106 -4.465560 -45.023415
v 2.013106 -4.465560 -41.852917
v 2.013105 -4.465559 -32.748363
v 2.013105 -4.465559 -32.147064
v 2.013105 -4.465559 -29.116262
v 1.733709 -4.714583 -28.685026
v 1.733709 -4.714583 -19.477221
v 1.733709 -4.714582 -18.584379
v 1.733708 -4.714582 -14.265943
v 1.733708 -4.714582 -13.773969
v 1.733708 -4.714582 -13.591757
v 1.733708 -4.714582 -13.409543
v 1.733707 -4.714581 0.766592
v 1.733708 -4.714582 -12.917569
v 1.357139 -4.465557 0.766592
v 1.357140 -4.465558 -12.917569
v 1.357139 -4.465557 -0.545340
v 0.695096 -4.465557 -0.545340
v 0.695097 -4.465558 -12.917569
v 0.695096 -4.465557 0.766592
v 0.695096 -4.465557 0.523640
v 1.357139 -4.465557 0.523640
v 1.357139 -4.465557 0.766592
v 1.733707 -4.714581 0.766592
v 1.733706 -4.714580 12.926236
v 1.733706 -4.714580 13.418210
v 1.733706 -4.714580 13.600425
v 1.733706 -4.714580 13.782639
v 1.733706 -4.714580 14.274612
v 1.733706 -4.714580 18.593046
v 1.733706 -4.714579 19.485888
v 1.733705 -4.714579 28.693693
v 2.013101 -4.465554 29.124929
v 2.013101 -4.465554 32.155731
v 2.013100 -4.465554 32.757030
v 2.013100 -4.465553 41.861580
v 2.013100 -4.465553 45.032078
v 1.357136 -4.465553 45.596939
v 2.013099 -4.465553 45.596939
v 1.357136 -4.465553 45.032078
v 0.695092 -4.465553 45.032078
v 0.039129 -4.465553 45.032078
v 0.695092 -4.465553 45.596939
v 0.039129 -4.465553 45.596939
v -0.622910 -4.465553 45.596939
v -0.622910 -4.465553 45.032078
v -0.622909 -4.465553 41.861580
v -0.622909 -4.465554 32.757030
v -0.622909 -4.465554 32.155731
v -0.622908 -4.465554 29.124929
v -0.337443 -4.714579 28.693693
v -0.337442 -4.714579 19.485888
v -0.337442 -4.714580 18.593046
v -0.337442 -4.714580 14.274612
v -0.337442 -4.714580 13.782639
v -0.337442 -4.714580 13.600425
v -0.337442 -4.714580 13.418210
v -0.337442 -4.714580 12.926236
v -0.337441 -4.714581 0.766592
v -0.337440 -4.714582 -12.917569
v -0.337440 -4.714582 -13.409543
v -0.337440 -4.714582 -13.591757
v -0.337440 -4.714582 -13.773969
v -0.337439 -4.714582 -14.265943
v -0.337439 -4.714582 -18.584379
v 0.883388 -8.735407 -44.488922
v 0.883388 -8.735407 -46.456818
v 0.883388 -9.099833 -44.488922
v 0.883389 -9.099833 -46.456818
v 1.205298 -9.099833 -44.488922
v 1.205298 -9.099833 -46.456818
v 1.205298 -8.735407 -44.488922
v 1.205298 -8.735407 -46.456818
v 0.883388 -9.099833 -44.488922
v 0.883389 -9.099833 -46.456818
v 1.047378 -9.099833 -44.488922
v 1.047378 -9.099833 -46.456818
v 1.205298 -9.099833 -44.488922
v 1.205298 -9.099833 -46.456818
v 1.205299 -36.474224 -44.488918
v 1.205299 -36.474224 -46.456814
v 1.205299 -36.790058 -44.488918
v 1.205299 -36.790058 -46.456814
v 1.205299 -36.790058 -41.196945
v 1.205299 -36.790058 -42.842934
v 1.417877 -36.790058 -41.196945
v 1.417877 -36.790058 -42.842934
v 1.205299 -36.790058 -44.488918
v 1.417877 -36.790058 -44.488918
v 1.205299 -36.790058 -46.456814
v 1.417877 -36.790058 -46.456814
v 1.417877 -36.790058 -48.102802
v 1.205299 -36.790058 -49.748787
v 1.417878 -36.790058 -49.748787
v 1.205299 -36.790058 -48.102802
v 1.417877 -36.474224 -41.196945
v 1.205299 -36.474224 -41.196945
v 1.417877 -36.790058 -41.196945
v 1.205299 -36.790058 -41.196945
v 1.417878 -36.474224 -49.748787
v 1.205299 -36.474224 -49.748787
v 1.417877 -36.474224 -48.102802
v 1.205299 -36.474224 -48.102802
v 1.417877 -36.474224 -46.456814
v 1.417877 -36.474224 -41.196945
v 1.417877 -36.474224 -42.842934
v 1.205299 -36.474224 -41.196945
v 1.205299 -36.474224 -42.842934
v 1.417877 -36.474224 -44.488918
v 1.205299 -36.474224 -44.488918
v 1.205299 -36.474224 -46.456814
v 1.205298 -9.099833 -49.748791
v 1.205298 -8.735408 -49.748791
v 1.205298 -9.099833 -48.102806
v 1.205298 -8.735407 -46.456818
v 1.205298 -9.099833 -46.456818
v 1.205298 -8.735407 -48.102806
v 0.883389 -9.099833 -49.748791
v 0.883389 -8.735408 -49.748791
v 1.047378 -9.099833 -49.748791
v 1.205298 -8.735408 -49.748791
v 1.205298 -9.099833 -49.748791
v 1.047378 -8.735408 -49.748791
v 0.883389 -9.099833 -46.456818
v 0.883388 -8.735407 -46.456818
v 0.883389 -9.099833 -48.102806
v 0.883389 -8.735408 -49.748791
v 0.883389 -9.099833 -49.748791
v 0.883389 -8.735407 -48.102806
v 0.883390 -36.790058 -46.456814
v 0.883390 -36.474224 -46.456814
v 0.883390 -36.790058 -48.102802
v 0.883390 -36.474224 -49.748787
v 0.883390 -36.790058 -49.748787
v 0.883390 -36.474224 -48.102802
v 1.417878 -36.790058 -49.748787
v 1.417878 -36.474224 -49.748787
v 1.417877 -36.790058 -48.102802
v 1.417877 -36.474224 -48.102802
v 1.417877 -36.790058 -46.456814
v 1.417877 -36.790058 -41.196945
v 1.417877 -36.790058 -42.842934
v 1.417877 -36.474224 -41.196945
v 1.417877 -36.474224 -42.842934
v 1.417877 -36.790058 -44.488918
v 1.417877 -36.474224 -44.488918
v 1.417877 -36.474224 -46.456814
v 0.883388 -8.735407 -46.456818
v 1.047378 -8.735407 -48.102806
v 0.883389 -8.735407 -48.102806
v 0.883389 -8.735408 -49.748791
v 1.047378 -8.735408 -49.748791
v 1.205298 -8.735408 -49.748791
v 1.205298 -8.735407 -48.102806
v 1.205298 -8.735407 -44.488922
v 1.205298 -8.735407 -46.456818
v 1.047378 -8.735407 -44.488922
v 1.047378 -8.735407 -46.456818
v 0.883390 -36.474224 -46.456814
v 0.883390 -36.790058 -46.456814
v 1.047379 -36.474224 -46.456814
v 1.205299 -36.790058 -46.456814
v 1.205299 -36.474224 -46.456814
v 1.047379 -36.790058 -46.456814
v 0.883390 -36.790058 -49.748787
v 1.047379 -36.790058 -48.102802
v 0.883390 -36.790058 -48.102802
v 0.883390 -36.790058 -46.456814
v 1.047379 -36.790058 -46.456814
v 1.205299 -36.790058 -46.456814
v 1.205299 -36.790058 -48.102802
v 1.205299 -36.790058 -49.748787
v 1.047380 -36.790058 -49.748787
v 0.883390 -36.790058 -49.748787
v 0.883390 -36.474224 -49.748787
v 1.047380 -36.790058 -49.748787
v 1.417878 -36.790058 -49.748787
v 1.205299 -36.790058 -49.748787
v 1.417878 -36.474224 -49.748787
v 1.205299 -36.474224 -49.748787
v 1.047380 -36.474224 -49.748787
v 1.205298 -9.099833 -44.488922
v 1.205298 -8.735407 -44.488922
v 1.205298 -9.099833 -42.842937
v 1.205298 -8.735407 -41.196949
v 1.205298 -9.099833 -41.196949
v 1.205298 -8.735407 -42.842937
v 0.883388 -9.099833 -41.196949
v 0.883388 -8.735407 -41.196949
v 0.883388 -9.099833 -42.842937
v 0.883388 -8.735407 -44.488922
v 0.883388 -9.099833 -44.488922
v 0.883388 -8.735407 -42.842937
v 0.883388 -8.735407 -41.196949
v 0.883388 -9.099833 -41.196949
v 1.047378 -8.735407 -41.196949
v 1.047378 -9.099833 -41.196949
v 1.205298 -8.735407 -41.196949
v 1.205298 -9.099833 -41.196949
v 0.883389 -36.790058 -41.196945
v 0.883389 -36.474224 -41.196945
v 0.883389 -36.790058 -42.842934
v 0.883390 -36.474224 -44.488918
v 0.883390 -36.790058 -44.488918
v 0.883389 -36.474224 -42.842934
v 0.883388 -8.735407 -41.196949
v 1.047378 -8.735407 -42.842937
v 0.883388 -8.735407 -42.842937
v 0.883388 -8.735407 -44.488922
v 1.047378 -8.735407 -44.488922
v 1.205298 -8.735407 -44.488922
v 1.205298 -8.735407 -42.842937
v 1.205298 -8.735407 -41.196949
v 1.047378 -8.735407 -41.196949
v 0.883389 -36.474224 -41.196945
v 0.883389 -36.790058 -41.196945
v 1.047379 -36.474224 -41.196945
v 1.205299 -36.790058 -41.196945
v 1.205299 -36.474224 -41.196945
v 1.047379 -36.790058 -41.196945
v 0.883390 -36.790058 -44.488918
v 1.047379 -36.790058 -42.842934
v 0.883389 -36.790058 -42.842934
v 0.883389 -36.790058 -41.196945
v 1.047379 -36.790058 -41.196945
v 1.205299 -36.790058 -41.196945
v 1.205299 -36.790058 -42.842934
v 1.205299 -36.790058 -44.488918
v 1.047379 -36.790058 -44.488918
v 0.883390 -36.790058 -44.488918
v 0.883390 -36.474224 -44.488918
v 1.047379 -36.790058 -44.488918
v 1.205299 -36.474224 -44.488918
v 1.205299 -36.790058 -44.488918
v 1.047379 -36.474224 -44.488918
v 0.883387 -2.837795 -33.355740
v 0.883387 -2.837795 -31.393919
v 0.883387 -2.467294 -33.355740
v 0.883387 -2.467294 -31.393919
v 1.205297 -2.467294 -33.355740
v 1.205297 -2.467294 -31.393919
v 1.205297 -2.837795 -33.355740
v 1.205297 -2.837795 -31.393919
v 0.883387 -2.467294 -33.355740
v 0.883387 -2.467294 -31.393919
v 1.047377 -2.467294 -33.355740
v 1.047377 -2.467294 -31.393919
v 1.205297 -2.467294 -33.355740
v 1.205297 -2.467294 -31.393919
v 1.205296 24.907095 -33.355743
v 1.205295 24.907097 -31.393921
v 1.205296 25.222929 -33.355743
v 1.205295 25.222931 -31.393921
v 1.205296 25.222929 -36.653790
v 1.205296 25.222929 -35.001728
v 1.417874 25.222929 -36.653790
v 1.417874 25.222929 -35.001728
v 1.205296 25.222929 -33.355743
v 1.417874 25.222929 -33.355743
v 1.205295 25.222931 -31.393921
v 1.417874 25.222931 -31.393921
v 1.417873 25.222931 -29.747934
v 1.205295 25.222931 -28.095875
v 1.417873 25.222931 -28.095875
v 1.205295 25.222931 -29.747934
v 1.417874 24.907095 -36.653790
v 1.205296 24.907095 -36.653790
v 1.417874 25.222929 -36.653790
v 1.205296 25.222929 -36.653790
v 1.417873 24.907097 -28.095875
v 1.205295 24.907097 -28.095875
v 1.417873 24.907097 -29.747934
v 1.205295 24.907097 -29.747934
v 1.417874 24.907097 -31.393921
v 1.417874 24.907095 -36.653790
v 1.417874 24.907095 -35.001728
v 1.205296 24.907095 -36.653790
v 1.205296 24.907095 -35.001728
v 1.417874 24.907095 -33.355743
v 1.205296 24.907095 -33.355743
v 1.205295 24.907097 -31.393921
v 1.205296 -2.467294 -28.095873
v 1.205296 -2.837794 -28.095873
v 1.205297 -2.467294 -29.747932
v 1.205297 -2.837795 -31.393919
v 1.205297 -2.467294 -31.393919
v 1.205297 -2.837795 -29.747932
v 0.883387 -2.467294 -28.095873
v 0.883387 -2.837794 -28.095873
v 1.047377 -2.467294 -28.095873
v 1.205296 -2.837794 -28.095873
v 1.205296 -2.467294 -28.095873
v 1.047377 -2.837794 -28.095873
v 0.883387 -2.467294 -31.393919
v 0.883387 -2.837795 -31.393919
v 0.883387 -2.467294 -29.747932
v 0.883387 -2.837794 -28.095873
v 0.883387 -2.467294 -28.095873
v 0.883387 -2.837795 -29.747932
v 0.883386 25.222931 -31.393921
v 0.883386 24.907097 -31.393921
v 0.883386 25.222931 -29.747934
v 0.883386 24.907097 -28.095875
v 0.883386 25.222931 -28.095875
v 0.883386 24.907097 -29.747934
v 1.417873 25.222931 -28.095875
v 1.417873 24.907097 -28.095875
v 1.417873 25.222931 -29.747934
v 1.417873 24.907097 -29.747934
v 1.417874 25.222931 -31.393921
v 1.417874 25.222929 -36.653790
v 1.417874 25.222929 -35.001728
v 1.417874 24.907095 -36.653790
v 1.417874 24.907095 -35.001728
v 1.417874 25.222929 -33.355743
v 1.417874 24.907095 -33.355743
v 1.417874 24.907097 -31.393921
v 0.883387 -2.837795 -31.393919
v 1.047377 -2.837795 -29.747932
v 0.883387 -2.837795 -29.747932
v 0.883387 -2.837794 -28.095873
v 1.047377 -2.837794 -28.095873
v 1.205296 -2.837794 -28.095873
v 1.205297 -2.837795 -29.747932
v 1.205297 -2.837795 -33.355740
v 1.205297 -2.837795 -31.393919
v 1.047377 -2.837795 -33.355740
v 1.047377 -2.837795 -31.393919
v 0.883386 24.907097 -31.393921
v 0.883386 25.222931 -31.393921
v 1.047376 24.907097 -31.393921
v 1.205295 25.222931 -31.393921
v 1.205295 24.907097 -31.393921
v 1.047376 25.222931 -31.393921
v 0.883386 25.222931 -28.095875
v 1.047375 25.222931 -29.747934
v 0.883386 25.222931 -29.747934
v 0.883386 25.222931 -31.393921
v 1.047376 25.222931 -31.393921
v 1.205295 25.222931 -31.393921
v 1.205295 25.222931 -29.747934
v 1.205295 25.222931 -28.095875
v 1.047375 25.222931 -28.095875
v 0.883386 25.222931 -28.095875
v 0.883386 24.907097 -28.095875
v 1.047375 25.222931 -28.095875
v 1.417873 25.222931 -28.095875
v 1.205295 25.222931 -28.095875
v 1.417873 24.907097 -28.095875
v 1.205295 24.907097 -28.095875
v 1.047375 24.907097 -28.095875
v 1.205297 -2.467294 -33.355740
v 1.205297 -2.837795 -33.355740
v 1.205297 -2.467294 -35.007801
v 1.205297 -2.837795 -36.653786
v 1.205297 -2.467294 -36.653786
v 1.205297 -2.837795 -35.007801
v 0.883387 -2.467294 -36.653786
v 0.883388 -2.837795 -36.653786
v 0.883387 -2.467294 -35.007801
v 0.883387 -2.837795 -33.355740
v 0.883387 -2.467294 -33.355740
v 0.883387 -2.837795 -35.007801
v 0.883388 -2.837795 -36.653786
v 0.883387 -2.467294 -36.653786
v 1.047377 -2.837795 -36.653786
v 1.047377 -2.467294 -36.653786
v 1.205297 -2.837795 -36.653786
v 1.205297 -2.467294 -36.653786
v 0.883386 25.222929 -36.653790
v 0.883386 24.907095 -36.653790
v 0.883386 25.222929 -35.007805
v 0.883386 24.907095 -33.355743
v 0.883386 25.222929 -33.355743
v 0.883386 24.907095 -35.007805
v 0.883388 -2.837795 -36.653786
v 1.047377 -2.837795 -35.007801
v 0.883387 -2.837795 -35.007801
v 0.883387 -2.837795 -33.355740
v 1.047377 -2.837795 -33.355740
v 1.205297 -2.837795 -33.355740
v 1.205297 -2.837795 -35.007801
v 1.205297 -2.837795 -36.653786
v 1.047377 -2.837795 -36.653786
v 0.883386 24.907095 -36.653790
v 0.883386 25.222929 -36.653790
v 1.047376 24.907095 -36.653790
v 1.205296 25.222929 -36.653790
v 1.205296 24.907095 -36.653790
v 1.047376 25.222929 -36.653790
v 0.883386 25.222929 -33.355743
v 1.047376 25.222929 -35.007805
v 0.883386 25.222929 -35.007805
v 0.883386 25.222929 -36.653790
v 1.047376 25.222929 -36.653790
v 1.205296 25.222929 -36.653790
v 1.205296 25.222929 -35.001728
v 1.205296 25.222929 -33.355743
v 1.047376 25.222929 -33.355743
v 0.883386 25.222929 -33.355743
v 0.883386 24.907095 -33.355743
v 1.047376 25.222929 -33.355743
v 1.205296 24.907095 -33.355743
v 1.205296 25.222929 -33.355743
v 1.047376 24.907095 -33.355743
v 0.883388 -2.837796 -46.335342
v 0.883388 -2.837796 -44.373520
v 0.883388 -2.467295 -46.335342
v 0.883388 -2.467295 -44.373520
v 1.205298 -2.467295 -46.335342
v 1.205298 -2.467295 -44.373520
v 1.205298 -2.837796 -46.335342
v 1.205298 -2.837796 -44.373520
v 0.883388 -2.467295 -46.335342
v 0.883388 -2.467295 -44.373520
v 1.047378 -2.467295 -46.335342
v 1.047378 -2.467295 -44.373520
v 1.205298 -2.467295 -46.335342
v 1.205298 -2.467295 -44.373520
v 1.205297 24.907095 -46.335346
v 1.205296 24.907095 -44.373524
v 1.205297 25.222929 -46.335346
v 1.205296 25.222929 -44.373524
v 1.205297 25.222929 -49.627319
v 1.205297 25.222929 -47.981335
v 1.417875 25.222929 -49.627319
v 1.417875 25.222929 -47.981335
v 1.205297 25.222929 -46.335346
v 1.417875 25.222929 -46.335346
v 1.205296 25.222929 -44.373524
v 1.417874 25.222929 -44.373524
v 1.417874 25.222929 -42.721470
v 1.205296 25.222929 -41.075481
v 1.417874 25.222929 -41.075481
v 1.205296 25.222929 -42.721470
v 1.417875 24.907095 -49.627319
v 1.205297 24.907095 -49.627319
v 1.417875 25.222929 -49.627319
v 1.205297 25.222929 -49.627319
v 1.417874 24.907095 -41.075481
v 1.205296 24.907095 -41.075481
v 1.417874 24.907095 -42.721470
v 1.205296 24.907095 -42.721470
v 1.417874 24.907095 -44.373524
v 1.417875 24.907095 -49.627319
v 1.417875 24.907095 -47.981335
v 1.205297 24.907095 -49.627319
v 1.205297 24.907095 -47.981335
v 1.417875 24.907095 -46.335346
v 1.205297 24.907095 -46.335346
v 1.205296 24.907095 -44.373524
v 1.205297 -2.467295 -41.075478
v 1.205297 -2.837795 -41.075478
v 1.205297 -2.467295 -42.721466
v 1.205298 -2.837796 -44.373520
v 1.205298 -2.467295 -44.373520
v 1.205297 -2.837796 -42.721466
v 0.883388 -2.467295 -41.075478
v 0.883388 -2.837795 -41.075478
v 1.047377 -2.467295 -41.075478
v 1.205297 -2.837795 -41.075478
v 1.205297 -2.467295 -41.075478
v 1.047377 -2.837795 -41.075478
v 0.883388 -2.467295 -44.373520
v 0.883388 -2.837796 -44.373520
v 0.883388 -2.467295 -42.721466
v 0.883388 -2.837795 -41.075478
v 0.883388 -2.467295 -41.075478
v 0.883388 -2.837796 -42.721466
v 0.883387 25.222929 -44.373524
v 0.883387 24.907095 -44.373524
v 0.883387 25.222929 -42.721470
v 0.883387 24.907095 -41.075481
v 0.883387 25.222929 -41.075481
v 0.883387 24.907095 -42.721470
v 1.417874 25.222929 -41.075481
v 1.417874 24.907095 -41.075481
v 1.417874 25.222929 -42.721470
v 1.417874 24.907095 -42.721470
v 1.417874 25.222929 -44.373524
v 1.417875 25.222929 -49.627319
v 1.417875 25.222929 -47.981335
v 1.417875 24.907095 -49.627319
v 1.417875 24.907095 -47.981335
v 1.417875 25.222929 -46.335346
v 1.417875 24.907095 -46.335346
v 1.417874 24.907095 -44.373524
v 0.883388 -2.837796 -44.373520
v 1.047378 -2.837796 -42.721466
v 0.883388 -2.837796 -42.721466
v 0.883388 -2.837795 -41.075478
v 1.047377 -2.837795 -41.075478
v 1.205297 -2.837795 -41.075478
v 1.205297 -2.837796 -42.721466
v 1.205298 -2.837796 -46.335342
v 1.205298 -2.837796 -44.373520
v 1.047378 -2.837796 -46.335342
v 1.047378 -2.837796 -44.373520
v 0.883387 24.907095 -44.373524
v 0.883387 25.222929 -44.373524
v 1.047377 24.907095 -44.373524
v 1.205296 25.222929 -44.373524
v 1.205296 24.907095 -44.373524
v 1.047377 25.222929 -44.373524
v 0.883387 25.222929 -41.075481
v 1.047376 25.222929 -42.721470
v 0.883387 25.222929 -42.721470
v 0.883387 25.222929 -44.373524
v 1.047377 25.222929 -44.373524
v 1.205296 25.222929 -44.373524
v 1.205296 25.222929 -42.721470
v 1.205296 25.222929 -41.075481
v 1.047376 25.222929 -41.075481
v 0.883387 25.222929 -41.075481
v 0.883387 24.907095 -41.075481
v 1.047376 25.222929 -41.075481
v 1.417874 25.222929 -41.075481
v 1.205296 25.222929 -41.075481
v 1.417874 24.907095 -41.075481
v 1.205296 24.907095 -41.075481
v 1.047376 24.907095 -41.075481
v 1.205298 -2.467295 -46.335342
v 1.205298 -2.837796 -46.335342
v 1.205298 -2.467296 -47.981331
v 1.205298 -2.837796 -49.633392
v 1.205298 -2.467296 -49.633392
v 1.205298 -2.837796 -47.981331
v 0.883388 -2.467296 -49.633392
v 0.883388 -2.837796 -49.633392
v 0.883388 -2.467296 -47.981331
v 0.883388 -2.837796 -46.335342
v 0.883388 -2.467295 -46.335342
v 0.883388 -2.837796 -47.981331
v 0.883388 -2.837796 -49.633392
v 0.883388 -2.467296 -49.633392
v 1.047378 -2.837796 -49.633392
v 1.047378 -2.467296 -49.633392
v 1.205298 -2.837796 -49.633392
v 1.205298 -2.467296 -49.633392
v 0.883387 25.222929 -49.633396
v 0.883387 24.907095 -49.633396
v 0.883387 25.222929 -47.981335
v 0.883387 24.907095 -46.335346
v 0.883387 25.222929 -46.335346
v 0.883387 24.907095 -47.981335
v 0.883388 -2.837796 -49.633392
v 1.047378 -2.837796 -47.981331
v 0.883388 -2.837796 -47.981331
v 0.883388 -2.837796 -46.335342
v 1.047378 -2.837796 -46.335342
v 1.205298 -2.837796 -46.335342
v 1.205298 -2.837796 -47.981331
v 1.205298 -2.837796 -49.633392
v 1.047378 -2.837796 -49.633392
v 0.883387 24.907095 -49.633396
v 0.883387 25.222929 -49.633396
v 1.047377 24.907095 -49.633396
v 1.205297 25.222929 -49.627319
v 1.205297 24.907095 -49.627319
v 1.047377 25.222929 -49.633396
v 0.883387 25.222929 -46.335346
v 1.047377 25.222929 -47.981335
v 0.883387 25.222929 -47.981335
v 0.883387 25.222929 -49.633396
v 1.047377 25.222929 -49.633396
v 1.205297 25.222929 -49.627319
v 1.205297 25.222929 -47.981335
v 1.205297 25.222929 -46.335346
v 1.047377 25.222929 -46.335346
v 0.883387 25.222929 -46.335346
v 0.883387 24.907095 -46.335346
v 1.047377 25.222929 -46.335346
v 1.205297 24.907095 -46.335346
v 1.205297 25.222929 -46.335346
v 1.047377 24.907095 -46.335346
v 12.822296 -0.588804 0.595301
v 11.826088 -0.588804 0.595301
v 12.822296 -0.813973 -0.001742
v 11.826088 -0.813973 -0.001742
v 10.826468 -0.766212 0.779532
v 10.826468 -0.895855 -0.001742
v 12.822296 -0.813973 -0.001742
v 12.822296 -0.588804 -0.602196
v 11.826088 -0.588804 -0.602196
v 10.826468 -0.766212 -0.783015
v 12.822296 0.588224 0.595301
v 11.826088 0.588224 0.595301
v 12.822296 0.001418 0.827295
v 11.826088 0.001418 0.827295
v 10.826468 0.769044 0.776120
v 12.822296 0.001418 0.827295
v 12.822296 -0.588804 0.595301
v 11.826088 -0.588804 0.595301
v 10.826468 -0.766212 0.779532
v 10.826468 0.001418 0.909175
v 12.822296 -0.588804 -0.602196
v 11.826088 -0.588804 -0.602196
v 12.822296 -0.001994 -0.830778
v 11.826088 -0.001994 -0.830779
v 10.826468 -0.766212 -0.783015
v 10.826468 -0.001994 -0.916070
v 12.822296 -0.001994 -0.830778
v 12.822296 0.588224 -0.602196
v 11.826088 0.588224 -0.602196
v 10.826468 0.765632 -0.786427
v 12.822296 0.588224 -0.602196
v 11.826088 0.588224 -0.602196
v 12.822296 0.813394 -0.005153
v 11.826088 0.813394 -0.005153
v 10.826468 0.765632 -0.786427
v 12.822296 0.813394 -0.005153
v 12.822296 0.588224 0.595301
v 11.826088 0.588224 0.595301
v 10.826468 0.769044 0.776120
v 10.826468 0.898688 -0.005153
v 12.822296 0.588224 -0.602196
v 12.822296 0.001418 0.001670
v 12.822296 -0.001994 -0.830778
v 12.822296 -0.588804 -0.602196
v 12.822296 -0.813973 -0.001742
v 12.822296 -0.588804 0.595301
v 12.822296 0.001418 0.827295
v 12.822296 0.588224 0.595301
v 12.822296 0.813394 -0.005153
v -6.467309 6.691710 -1.154889
v -6.143201 6.691710 -1.154889
v -6.378606 6.074194 -1.175359
v -6.231904 6.074194 -1.175359
v -6.143201 4.436592 -1.189006
v -6.467309 4.436592 -1.189006
v -6.231904 5.060927 -1.189006
v -6.378606 5.060927 -1.189006
v -6.770948 4.436592 -1.189006
v -6.770948 6.691710 -1.154889
v -6.467309 4.436592 -1.189006
v -6.467309 6.691710 -1.154889
v -5.836149 6.691710 -1.154889
v -5.836149 4.436592 -1.189006
v -6.143201 6.691710 -1.154889
v -6.143201 4.436592 -1.189006
v -5.836149 2.109830 -1.219711
v -5.078758 4.436592 -0.636315
v -5.078758 2.109830 -0.670431
v -4.788765 4.436592 0.001668
v -4.788765 6.691710 0.001668
v -5.078758 6.691710 -0.605610
v -5.836149 6.691710 -1.154889
v -5.836149 4.436592 -1.189006
v -6.770948 2.109830 -1.219711
v -6.770948 4.436592 -1.189006
v -7.528340 2.109830 -0.670431
v -7.528340 4.436592 -0.636315
v -6.770948 6.691710 -1.154889
v -7.528340 6.691710 -0.605610
v -7.818333 6.691710 0.001668
v -7.818333 4.436592 0.001668
v -7.818333 2.109830 0.001668
v -6.784595 0.840687 0.172252
v -6.770948 0.840687 -0.206444
v -6.542367 0.847511 -0.510083
v -5.931675 0.850923 -0.510083
v -5.713329 0.840687 -0.206444
v -5.699682 0.840687 0.172252
v -4.792177 2.109830 0.001669
v -6.378606 6.074194 1.175284
v -6.467309 6.691710 1.154814
v -6.378606 5.060927 1.188931
v -6.467309 4.436592 1.188931
v -6.231904 6.074194 1.175284
v -6.143201 6.691710 1.154814
v -6.378606 6.074194 1.175284
v -6.467309 6.691710 1.154814
v -6.378606 5.060927 1.188931
v -6.467309 4.436592 1.188931
v -6.231904 5.060927 1.188931
v -6.143201 4.436592 1.188931
v -6.467309 6.691710 1.154814
v -6.770949 6.691710 1.154814
v -6.467309 4.436592 1.188931
v -6.770949 4.436592 1.188931
v -6.143201 4.436592 1.188931
v -5.836150 4.436592 1.188931
v -6.143201 6.691710 1.154814
v -5.836150 6.691710 1.154814
v -5.078758 4.436592 0.636240
v -5.836149 2.109830 1.219636
v -5.078758 2.109830 0.670357
v -5.699682 0.840687 0.172252
v -4.792177 2.109830 0.001669
v -5.713329 0.850923 0.482715
v -5.931675 0.850923 0.510008
v -6.542367 0.850923 0.510008
v -6.770948 2.109830 1.219636
v -6.770948 0.850923 0.482715
v -7.528340 2.109830 0.670357
v -6.784595 0.840687 0.172252
v -7.818333 2.109830 0.001668
v -7.528340 4.436592 0.636239
v -7.818333 4.436592 0.001668
v -7.818333 6.691710 0.001668
v -7.528340 6.691710 0.605534
v -6.770949 6.691710 1.154814
v -6.770949 4.436592 1.188931
v -5.836150 4.436592 1.188931
v -5.836150 6.691710 1.154814
v -5.078758 6.691710 0.605534
v -4.788765 6.691710 0.001668
v -4.788765 4.436592 0.001668
v -40.812634 1.226205 -0.636317
v -38.485870 1.226205 -0.670434
v -38.485870 0.468814 -1.219713
v -38.485870 -1.223377 -0.670433
v -38.485870 -0.469398 -1.219713
v -37.192848 -0.650215 -0.673845
v -37.192848 -0.247639 -0.967249
v -37.192848 0.247056 -0.967249
v -37.192848 0.649631 -0.673845
v -35.947586 1.512786 0.001666
v -35.947586 1.222793 -0.899016
v -37.192848 0.803157 0.001666
v -38.485870 1.512786 0.001666
v -40.812634 1.512786 0.001666
v -43.071159 1.512786 0.001666
v -43.071159 1.226205 -0.605612
v -43.071159 0.468813 -1.154892
v -40.812634 0.468814 -1.189008
v -40.812634 -0.469398 -1.189008
v -40.812634 -1.223377 -0.636317
v -43.071159 -0.469398 -1.154892
v -43.071159 -1.226789 -0.605612
v -43.071159 -1.513370 0.001666
v -40.812634 -1.513370 0.001666
v -38.485870 -1.513370 0.001666
v -37.192848 -0.803740 0.001666
v -35.947586 -1.513370 0.001667
v -35.947586 -1.223377 -0.899015
v -35.947586 -0.465986 -1.448295
v -35.947586 0.468814 -1.448295
v -38.485870 -1.223377 0.670354
v -37.192848 -0.650214 0.673766
v -38.485870 -0.469397 1.219634
v -37.192848 -0.247639 0.967170
v -38.485870 0.468814 1.219634
v -37.192848 0.247056 0.967170
v -40.812634 1.226205 0.636237
v -38.485870 1.226205 0.670354
v -37.192848 0.649631 0.673766
v -35.947586 1.222794 0.898936
v -35.947586 0.468814 1.448216
v -35.947586 -0.465985 1.448216
v -35.947586 -1.223377 0.898937
v -35.947586 -1.513370 0.001667
v -37.192848 -0.803740 0.001666
v -38.485870 -1.513370 0.001666
v -40.812634 -1.223377 0.636238
v -40.812634 -1.513370 0.001666
v -43.071159 -1.513370 0.001666
v -43.071159 -1.226789 0.605532
v -43.071159 -0.469398 1.154812
v -40.812634 -0.469397 1.188929
v -40.812634 0.468814 1.188929
v -43.071159 0.468814 1.154812
v -43.071159 1.226205 0.605532
v -43.071159 1.512786 0.001666
v -40.812634 1.512786 0.001666
v -38.485870 1.512786 0.001666
v -37.192848 0.803157 0.001666
v -35.947586 1.512786 0.001666
v -20.796339 -27.291979 0.827295
v -20.796339 -28.356419 0.001670
v -20.796339 -28.356419 0.827295
v -20.796339 -28.909111 0.827295
v -20.796339 -28.909111 0.001670
v -20.796339 -28.909111 -0.827367
v -20.796339 -28.356419 -0.827367
v -20.796339 -27.291979 -0.827367
v -20.796339 -27.291979 0.001670
v -20.045771 -27.291979 -0.827367
v -20.045771 -27.291979 0.001670
v -20.045771 -28.356419 -0.827367
v -20.045771 -28.356419 0.001670
v -20.045771 -28.909111 -0.827367
v -20.045771 -28.909111 0.001670
v -20.045771 -28.909111 0.827295
v -20.045771 -28.356419 0.827295
v -20.045771 -27.291979 0.827295
v -20.045771 -28.909111 -0.827367
v -20.045771 -28.909111 0.001670
v -20.421055 -28.909111 -0.827367
v -20.421055 -28.909111 0.001670
v -20.796339 -28.909111 -0.827367
v -20.796339 -28.909111 0.001670
v -20.796339 -28.909111 0.827295
v -20.421055 -28.909111 0.827295
v -20.045771 -28.909111 0.827295
v -7.530267 6.693305 -0.606608
v -7.818295 6.693305 -0.000494
v -7.943525 7.414631 -0.907160
v -8.709932 8.554224 -0.000494
v -8.256601 8.554224 -1.182666
v -8.331739 7.414631 -0.000494
v -5.078261 6.693306 -0.606608
v -5.837157 6.693305 -1.155115
v -4.665003 7.414631 -0.907160
v -5.556640 8.554224 -2.051763
v -4.354432 8.554224 -1.182666
v -5.679365 7.414631 -1.643513
v -7.051887 8.554224 -2.051763
v -5.556640 8.554224 -2.051763
v -6.931667 7.414631 -1.643513
v -8.256601 8.554224 -1.182666
v -7.051887 8.554224 -2.051763
v -7.943525 7.414631 -0.907160
v -7.530267 6.693305 -0.606608
v -6.771373 6.693305 -1.155115
v -4.790233 6.693306 -0.000494
v -5.078261 6.693306 -0.606608
v -4.279293 7.414631 -0.000494
v -4.354432 8.554224 -1.182666
v -3.898595 8.554224 -0.000494
v -4.665003 7.414631 -0.907160
v -8.709932 8.554224 -0.000494
v -8.331739 7.414631 -0.000494
v -8.256601 8.554224 1.181678
v -7.943525 7.414631 0.906171
v -7.818295 6.693305 -0.000494
v -7.530267 6.693305 0.605619
v -8.256601 8.554224 1.181678
v -7.943525 7.414631 0.906171
v -7.051888 8.554224 2.050774
v -6.931668 7.414631 1.642524
v -7.530267 6.693305 0.605619
v -6.771374 6.693305 1.156632
v -7.051888 8.554224 2.050774
v -5.556641 8.554224 2.050774
v -5.679366 7.414631 1.642524
v -5.837157 6.693305 1.156632
v -5.556641 8.554224 2.050774
v -4.354432 8.554224 1.181678
v -4.665003 7.414631 0.906172
v -5.078261 6.693306 0.605619
v -4.354432 8.554224 1.181678
v -4.665003 7.414631 0.906172
v -3.898595 8.554224 -0.000494
v -4.279293 7.414631 -0.000494
v -5.078261 6.693306 0.605619
v -4.790233 6.693306 -0.000494
v -4.354432 8.554224 1.181678
v -6.305518 8.554224 -0.000494
v -5.556641 8.554224 2.050774
v -7.051888 8.554224 2.050774
v -8.256601 8.554224 1.181678
v -8.709932 8.554224 -0.000494
v -8.256601 8.554224 -1.182666
v -7.051887 8.554224 -2.051763
v -5.556640 8.554224 -2.051763
v -4.354432 8.554224 -1.182666
v -3.898595 8.554224 -0.000494
v -43.070557 -1.226246 -0.606610
v -43.070557 -1.514275 -0.000496
v -43.794392 -1.639505 -0.907162
v -44.931480 -2.405913 -0.000496
v -44.931480 -1.950076 -1.182668
v -43.794392 -2.025213 -0.000496
v -43.070557 1.225759 -0.606610
v -43.070557 0.466865 -1.155118
v -43.794392 1.639018 -0.907162
v -44.931480 0.747380 -2.051765
v -44.931480 1.952093 -1.182668
v -43.794392 0.627159 -1.643515
v -44.931480 -0.747867 -2.051765
v -44.931480 0.747380 -2.051765
v -43.794392 -0.625141 -1.643515
v -44.931480 -1.950076 -1.182668
v -44.931480 -0.747867 -2.051765
v -43.794392 -1.639505 -0.907162
v -43.070557 -1.226246 -0.606610
v -43.070557 -0.467351 -1.155118
v -43.070557 1.513788 -0.000496
v -43.070557 1.225759 -0.606610
v -43.794392 2.027231 -0.000497
v -44.931480 1.952093 -1.182668
v -44.931480 2.405426 -0.000497
v -43.794392 1.639018 -0.907162
v -44.931480 -2.405913 -0.000496
v -43.794392 -2.025213 -0.000496
v -44.931480 -1.950075 1.181676
v -43.794392 -1.639505 0.906169
v -43.070557 -1.514275 -0.000496
v -43.070557 -1.226246 0.605617
v -44.931480 -1.950075 1.181676
v -43.794392 -1.639505 0.906169
v -44.931480 -0.747867 2.050772
v -43.794392 -0.625141 1.642522
v -43.070557 -1.226246 0.605617
v -43.070557 -0.467351 1.156630
v -44.931480 -0.747867 2.050772
v -44.931480 0.747380 2.050772
v -43.794392 0.627160 1.642522
v -43.070557 0.466865 1.156630
v -44.931480 0.747380 2.050772
v -44.931480 1.952094 1.181675
v -43.794392 1.639019 0.906169
v -43.070557 1.225759 0.605617
v -44.931480 1.952094 1.181675
v -43.794392 1.639019 0.906169
v -44.931480 2.405426 -0.000497
v -43.794392 2.027231 -0.000497
v -43.070557 1.225759 0.605617
v -43.070557 1.513788 -0.000496
v -44.931480 1.952094 1.181675
v -44.931480 0.001009 -0.000496
v -44.931480 0.747380 2.050772
v -44.931480 -0.747867 2.050772
v -44.931480 -1.950075 1.181676
v -44.931480 -2.405913 -0.000496
v -44.931480 -1.950076 -1.182668
v -44.931480 -0.747867 -2.051765
v -44.931480 0.747380 -2.051765
v -44.931480 1.952093 -1.182668
v -44.931480 2.405426 -0.000497
v -35.946999 -1.512042 -0.000051
v -35.946999 -1.223180 -0.899038
v -35.125301 -3.185885 -0.000050
v -35.125301 -2.577322 -1.912400
v -35.946999 -0.467062 -1.448268
v -35.125301 -0.984283 -3.069803
v -35.946999 0.467058 -1.448268
v -35.125301 0.984668 -3.069803
v -35.946999 1.223176 -0.899039
v -35.125301 2.577317 -1.912400
v -35.125301 3.185881 -0.000051
v -35.946999 1.511648 -0.000051
v -30.190434 -1.972271 -1.828473
v -30.190434 -2.437964 -0.000050
v -31.206137 -2.587080 -1.913571
v -35.125301 -3.185885 -0.000050
v -35.125301 -2.577322 -1.912400
v -31.206137 -3.197595 -0.000050
v -30.190434 -0.753192 -2.713799
v -30.190434 -1.972271 -1.828473
v -31.206137 -0.988186 -3.075268
v -35.125301 -2.577322 -1.912400
v -35.125301 -0.984283 -3.069803
v -31.206137 -2.587080 -1.913571
v -30.190434 0.753188 -2.713799
v -30.190434 -0.753192 -2.713799
v -31.206137 0.988182 -3.075268
v -35.125301 -0.984283 -3.069803
v -35.125301 0.984668 -3.069803
v -31.206137 -0.988186 -3.075268
v -30.190434 1.972267 -1.828474
v -30.190434 0.753188 -2.713799
v -31.206137 2.587076 -1.913571
v -35.125301 0.984668 -3.069803
v -35.125301 2.577317 -1.912400
v -31.206137 0.988182 -3.075268
v -30.190434 2.437961 -0.000051
v -30.190434 1.972267 -1.828474
v -31.206137 3.197591 -0.000051
v -35.125301 2.577317 -1.912400
v -35.125301 3.185881 -0.000051
v -31.206137 2.587076 -1.913571
v -35.125301 2.577317 1.912299
v -31.206137 2.587076 1.913860
v -35.125301 3.185881 -0.000051
v -31.206137 3.197591 -0.000051
v -35.946999 -1.512042 -0.000051
v -35.125301 -3.185885 -0.000050
v -35.946999 -1.223180 0.898937
v -35.125301 -2.577321 1.912299
v -35.946999 -0.467062 1.448167
v -35.125301 -0.984282 3.069702
v -35.946999 0.467058 1.448167
v -35.125301 0.984669 3.069702
v -35.946999 1.223176 0.898937
v -35.125301 2.577317 1.912299
v -35.946999 1.511648 -0.000051
v -35.125301 3.185881 -0.000051
v -35.125301 -3.185885 -0.000050
v -31.206137 -3.197595 -0.000050
v -35.125301 -2.577321 1.912299
v -31.206137 -2.587080 1.913470
v -30.190434 -2.437964 -0.000050
v -30.190434 -1.972271 1.828373
v -35.125301 -2.577321 1.912299
v -31.206137 -2.587080 1.913470
v -35.125301 -0.984282 3.069702
v -31.206137 -0.988185 3.075167
v -30.190434 -1.972271 1.828373
v -30.190434 -0.753192 2.714088
v -35.125301 -0.984282 3.069702
v -31.206137 -0.988185 3.075167
v -35.125301 0.984669 3.069702
v -31.206137 0.988182 3.075167
v -30.190434 -0.753192 2.714088
v -30.190434 0.753188 2.714088
v -35.125301 0.984669 3.069702
v -31.206137 0.988182 3.075167
v -35.125301 2.577317 1.912299
v -31.206137 2.587076 1.913860
v -30.190434 0.753188 2.714088
v -30.190434 1.972267 1.828372
vn 0.2532 0.9674 -0.0000
vn 0.0060 1.0000 -0.0000
vn -0.2198 0.9756 -0.0000
vn -0.0059 1.0000 -0.0000
vn -0.0159 0.9999 -0.0000
vn -0.0160 0.9999 -0.0000
vn 0.0061 1.0000 -0.0000
vn -0.0000 -0.0000 1.0000
vn -0.2531 -0.9674 -0.0000
vn -0.2532 -0.9674 -0.0000
vn -0.0060 -1.0000 -0.0000
vn 0.2198 -0.9756 -0.0000
vn 0.0058 -1.0000 -0.0000
vn 0.0057 -1.0000 -0.0000
vn 0.0159 -0.9999 -0.0000
vn -0.0061 -1.0000 -0.0000
vn -0.0000 -0.0000 -1.0000
vn 0.2617 0.9652 -0.0000
vn 0.2616 0.9652 -0.0000
vn 0.0079 1.0000 -0.0000
vn -0.2225 0.9749 -0.0000
vn -0.2229 0.9748 -0.0000
vn -0.0138 0.9999 -0.0000
vn -0.0241 0.9997 -0.0000
vn 0.0080 1.0000 -0.0000
vn -0.2617 -0.9652 -0.0000
vn -0.2616 -0.9652 -0.0000
vn -0.0078 -1.0000 -0.0000
vn 0.2229 -0.9748 -0.0000
vn 0.2225 -0.9749 -0.0000
vn 0.0138 -0.9999 -0.0000
vn 0.0241 -0.9997 -0.0000
vn -0.0080 -1.0000 -0.0000
vn 1.0000 -0.0000 -0.0000
vn -1.0000 -0.0000 -0.0000
vn 0.9998 -0.0000 0.0179
vn 1.0000 -0.0019 -0.0000
vn 0.9993 -0.0020 0.0366
vn 1.0000 -0.0000 0.0020
vn 0.9994 -0.0000 -0.0344
vn 0.9999 -0.0020 -0.0159
vn -0.0000 -1.0000 -0.0000
vn 1.0000 0.0018 -0.0000
vn -0.0848 -0.0021 0.9964
vn -0.0139 -0.0040 0.9999
vn -0.0264 -0.0101 0.9996
vn 0.0306 -0.0122 0.9995
vn 0.0160 -0.0060 0.9999
vn -0.0429 -0.0020 0.9991
vn -0.0201 -0.0060 -0.9998
vn -0.0000 -0.0082 -1.0000
vn -0.0000 -0.0160 -0.9999
vn -0.0411 -0.0103 -0.9991
vn -0.0846 -0.0000 -0.9964
vn -0.0428 -0.0000 -0.9991
vn -0.0057 1.0000 -0.0000
vn 0.2531 0.9674 -0.0000
vn 0.0160 -0.9999 -0.0000
vn 0.0078 1.0000 -0.0000
vn 0.9999 -0.0020 0.0159
vn 0.9994 -0.0000 0.0344
vn 1.0000 -0.0000 -0.0020
vn 0.9993 -0.0020 -0.0366
vn 0.9998 -0.0000 -0.0179
vn -0.0848 -0.0021 -0.9964
vn -0.0139 -0.0040 -0.9999
vn -0.0429 -0.0020 -0.9991
vn 0.0160 -0.0060 -0.9999
vn 0.0306 -0.0122 -0.9995
vn -0.0264 -0.0101 -0.9996
vn -0.0201 -0.0060 0.9998
vn -0.0428 -0.0000 0.9991
vn -0.0846 -0.0000 0.9964
vn -0.0411 -0.0103 0.9991
vn -0.0000 -0.0160 0.9999
vn -0.0000 -0.0082 1.0000
vn -0.0000 0.9997 0.0242
vn -0.0000 0.9997 0.0261
vn -0.0000 -0.9997 -0.0242
vn -0.0000 -0.9997 -0.0261
vn -0.0000 -0.9997 -0.0241
vn -0.0000 -0.9998 -0.0220
vn -0.0000 0.9997 0.0241
vn -0.0000 0.9998 0.0220
vn -0.9939 -0.0022 0.1104
vn 0.9939 -0.0022 0.1104
vn -0.9939 -0.0022 -0.1104
vn 0.9939 -0.0022 -0.1104
vn -0.0000 1.0000 -0.0000
vn 0.0159 -0.9999 0.0020
vn 0.0119 -0.9999 -0.0001
vn 0.0118 -0.9999 -0.0001
vn 0.0160 0.9999 0.0020
vn 0.0159 0.9999 0.0020
vn 0.0119 0.9999 -0.0000
vn 0.0118 -0.9999 0.0001
vn 0.0159 -0.9999 -0.0020
vn 0.0119 -0.9999 0.0001
vn 0.0160 -0.9999 -0.0020
vn 0.0159 0.9999 -0.0020
vn 0.0160 0.9999 -0.0020
vn 0.0020 -0.0000 -1.0000
vn -0.0000 -0.7058 0.7084
vn 0.0020 -0.0000 1.0000
vn -0.0000 0.7085 -0.7057
vn 0.0001 -0.0000 1.0000
vn -0.0000 -0.7085 -0.7057
vn -0.0000 0.7058 0.7084
vn 0.0001 -0.0000 -1.0000
vn 0.1382 0.3034 0.9428
vn 0.1381 0.3035 0.9428
vn 0.1382 0.3034 -0.9428
vn -0.0000 -0.0199 0.9998
vn -0.0000 -0.0302 0.9995
vn -0.0000 -0.0407 -0.9992
vn 0.3182 0.8982 -0.3034
vn 0.7832 0.5980 0.1700
vn 0.2186 0.8893 0.4018
vn -0.2272 0.9525 -0.2029
vn 0.0379 -0.3008 -0.9529
vn 0.3183 0.8982 -0.3033
vn -0.9993 0.0365 -0.0000
vn -0.2273 0.9525 -0.2029
vn -0.2958 -0.6238 0.7234
vn -0.2958 -0.6238 0.7235
vn -0.0000 -0.0000 -0.0000
vn 0.9325 0.0525 0.3572
vn 0.6280 0.7781 0.0139
vn -0.8919 -0.4486 -0.0575
vn -0.8918 -0.4487 -0.0574
vn -0.8919 -0.4487 -0.0574
vn -0.8773 -0.4783 0.0410
vn -0.8772 -0.4783 0.0410
vn -0.8773 -0.4782 0.0410
vn -0.9666 0.2479 0.0651
vn -0.9666 0.2480 0.0651
vn -0.8023 0.5969 -0.0000
vn -0.7717 0.4610 -0.4381
vn -0.9323 -0.0076 0.3617
vn -0.5654 -0.0193 0.8246
vn -0.0000 -0.0240 0.9997
vn 0.5780 -0.0194 0.8158
vn 0.9435 -0.0075 0.3313
vn 0.9435 -0.0075 0.3312
vn -0.9722 0.0771 0.2213
vn -0.6200 0.1122 0.7765
vn -0.9721 0.0771 0.2213
vn -0.0000 0.1008 0.9949
vn 0.6285 0.1092 0.7701
vn 0.9772 0.0708 0.2003
vn -0.8868 0.4585 0.0577
vn -0.5205 0.8529 0.0415
vn -0.8868 0.4586 0.0577
vn -0.0000 0.9999 0.0138
vn 0.5355 0.8436 0.0388
vn 0.5356 0.8436 0.0389
vn 0.9052 0.4215 0.0540
vn 0.9052 0.4216 0.0541
vn -0.8790 0.4750 -0.0410
vn -0.5109 0.8596 -0.0108
vn -0.8790 0.4750 -0.0409
vn -0.0000 0.9998 0.0219
vn 0.5299 0.8480 -0.0109
vn 0.8965 0.4415 -0.0377
vn -0.9751 0.0739 -0.2093
vn -0.6237 0.1673 -0.7636
vn -0.0000 0.1877 -0.9822
vn 0.6270 0.1774 -0.7586
vn 0.6270 0.1774 -0.7585
vn 0.9759 0.0865 -0.2001
vn 0.9759 0.0865 -0.2002
vn -0.9555 0.0049 -0.2948
vn -0.5937 0.0194 -0.8045
vn -0.9556 0.0049 -0.2948
vn -0.0000 0.0240 -0.9997
vn 0.5780 0.0194 -0.8158
vn 0.9435 0.0075 -0.3312
vn -0.9788 -0.0654 -0.1939
vn -0.6317 -0.1092 -0.7675
vn -0.9789 -0.0654 -0.1938
vn -0.0000 -0.1008 -0.9949
vn 0.6285 -0.1092 -0.7701
vn 0.9772 -0.0708 -0.2003
vn 0.9772 -0.0709 -0.2003
vn 0.9163 -0.3965 -0.0563
vn 0.9163 -0.3965 -0.0562
vn 0.9163 -0.3966 -0.0563
vn 0.9091 -0.4145 0.0428
vn 0.9091 -0.4144 0.0428
vn -0.9711 -0.0956 0.2189
vn -0.6181 -0.1806 0.7651
vn -0.6181 -0.1805 0.7651
vn -0.0000 -0.1877 0.9822
vn 0.6270 -0.1774 0.7586
vn 0.6270 -0.1774 0.7585
vn 0.9759 -0.0865 0.2001
vn 0.9759 -0.0865 0.2002
vn -0.0000 -0.9958 -0.0915
vn -0.0000 -0.9864 -0.1644
vn -0.7996 0.0138 -0.6004
vn -0.7995 0.0138 -0.6005
vn -0.9909 -0.0022 0.1346
vn -0.9912 -0.0044 0.1324
vn -0.0142 -0.0244 0.9996
vn -0.0000 0.9958 0.0915
vn -0.0000 0.9860 0.1670
vn 0.7998 0.0140 -0.6001
vn 0.7996 0.0138 -0.6003
vn 0.9912 -0.0044 0.1325
vn 0.0142 -0.0244 0.9996
vn -0.0000 0.9997 0.0260
vn -0.0000 0.9991 0.0428
vn -0.0000 0.9983 0.0579
vn -0.8064 -0.0138 0.5911
vn -0.8065 -0.0138 0.5911
vn -0.9898 0.0044 -0.1424
vn -0.0204 0.0245 -0.9995
vn -0.0000 -0.9991 -0.0428
vn -0.0000 -0.9983 -0.0579
vn 0.8065 -0.0138 0.5911
vn 0.8064 -0.0138 0.5911
vn 0.9898 0.0043 -0.1424
vn 0.9898 0.0044 -0.1424
vn 0.0204 0.0245 -0.9995
vn -0.0365 -0.0000 0.9993
vn -0.0365 -0.0001 0.9993
vn -0.0000 -0.0241 0.9997
vn -0.7070 -0.0191 0.7070
vn -0.7070 -0.0196 0.7069
vn -0.7070 -0.0189 0.7070
vn -0.1007 -0.0001 0.9949
vn -0.1007 -0.0000 0.9949
vn 0.9321 -0.0000 0.3622
vn 0.9209 -0.0000 0.3899
vn 0.9412 -0.2416 0.2360
vn 0.9297 -0.3683 -0.0000
vn 0.9209 -0.3899 -0.0000
vn 0.9412 -0.2416 -0.2360
vn 0.9321 -0.0000 -0.3622
vn 0.9209 -0.0000 -0.3899
vn 0.9422 0.2383 -0.2355
vn 0.9412 0.2416 0.2360
vn 0.9297 0.3683 -0.0000
vn 0.9209 0.3899 -0.0000
vn 0.8998 0.4069 -0.1576
vn 0.9281 0.2648 -0.2619
vn 0.8972 0.1610 -0.4112
vn 0.9095 -0.0026 -0.4157
vn 0.8972 -0.1610 -0.4112
vn 0.9281 -0.2648 -0.2619
vn 0.8998 -0.4069 -0.1576
vn 0.9113 -0.4117 -0.0000
vn 0.8998 -0.4069 0.1576
vn 0.9281 -0.2648 0.2619
vn 0.8972 -0.1610 0.4112
vn 0.9085 -0.0000 0.4179
vn 0.8972 0.1610 0.4112
vn 0.9281 0.2648 0.2619
vn 0.8998 0.4069 0.1576
vn 0.9113 0.4116 -0.0000
vn -0.0223 -0.6167 -0.7869
vn -0.0694 -0.6561 -0.7515
vn -0.0693 -0.6561 -0.7515
vn -0.0645 -0.9187 -0.3896
vn -0.0645 -0.9188 -0.3895
vn -0.3019 -0.2279 -0.9257
vn -0.2623 0.5215 -0.8119
vn -0.3081 -0.0000 -0.9513
vn -0.2453 -0.6006 -0.7610
vn -0.0846 -0.9609 -0.2638
vn -0.0844 -0.9609 -0.2638
vn 0.0223 -0.6074 -0.7941
vn 0.0723 -0.6482 -0.7581
vn 0.0724 -0.6481 -0.7581
vn 0.0674 -0.9168 -0.3937
vn 0.3019 -0.2279 -0.9257
vn 0.2623 0.5215 -0.8119
vn 0.3081 -0.0000 -0.9513
vn 0.3081 -0.0000 -0.9514
vn 0.2453 -0.6006 -0.7610
vn 0.0846 -0.9608 -0.2639
vn 0.0846 -0.9609 -0.2638
vn 0.6126 -0.7897 -0.0337
vn 0.5884 -0.8004 -0.1147
vn 0.5884 -0.8004 -0.1148
vn 0.2993 -0.9483 -0.1059
vn 0.2993 -0.9483 -0.1060
vn 0.7870 -0.2302 -0.5724
vn 0.6907 0.5197 -0.5029
vn 0.6907 0.5196 -0.5029
vn 0.8091 -0.0000 -0.5876
vn 0.8091 -0.0000 -0.5877
vn 0.6454 -0.6016 -0.4706
vn 0.6454 -0.6017 -0.4706
vn 0.2243 -0.9607 -0.1636
vn 0.9807 -0.1957 -0.0000
vn 0.9761 -0.2172 -0.0000
vn 0.6213 -0.7836 -0.0000
vn 0.9730 -0.2309 -0.0000
vn 0.8530 0.5220 -0.0000
vn 0.8000 -0.6000 -0.0000
vn 0.2762 -0.9611 -0.0000
vn 0.6201 -0.7836 0.0367
vn 0.5917 -0.7979 0.1148
vn 0.5918 -0.7979 0.1148
vn 0.2993 -0.9483 0.1060
vn 0.2993 -0.9483 0.1059
vn 0.7870 -0.2302 0.5724
vn 0.6907 0.5197 0.5029
vn 0.8091 -0.0000 0.5877
vn 0.8091 -0.0000 0.5876
vn 0.6454 -0.6017 0.4706
vn 0.2243 -0.9607 0.1636
vn 0.0268 -0.4503 0.8925
vn 0.0745 -0.5728 0.8163
vn 0.0745 -0.5729 0.8163
vn 0.0675 -0.9154 0.3969
vn 0.3019 -0.2279 0.9257
vn 0.2623 0.5215 0.8119
vn 0.3081 -0.0000 0.9514
vn 0.2453 -0.6006 0.7610
vn 0.0846 -0.9608 0.2639
vn -0.0268 -0.4471 0.8941
vn -0.0716 -0.5846 0.8081
vn -0.0717 -0.5846 0.8081
vn -0.0644 -0.9201 0.3863
vn -0.3019 -0.2279 0.9257
vn -0.2623 0.5215 0.8119
vn -0.3081 -0.0000 0.9514
vn -0.2453 -0.6006 0.7610
vn -0.0846 -0.9608 0.2639
vn -0.0845 -0.9608 0.2639
vn -0.5480 -0.8359 0.0305
vn -0.5237 -0.8460 0.1007
vn -0.5236 -0.8460 0.1007
vn -0.2596 -0.9613 0.0925
vn -0.7870 -0.2302 0.5724
vn -0.6907 0.5197 0.5029
vn -0.8091 -0.0000 0.5876
vn -0.8091 -0.0000 0.5877
vn -0.6454 -0.6017 0.4706
vn -0.2243 -0.9607 0.1636
vn -0.9127 -0.4085 -0.0000
vn -0.8965 -0.4430 -0.0000
vn -0.5156 -0.8568 -0.0000
vn -0.5157 -0.8568 -0.0000
vn -0.9730 -0.2309 -0.0000
vn -0.8530 0.5220 -0.0000
vn -0.8000 -0.6000 -0.0000
vn -0.2760 -0.9611 -0.0000
vn -0.2759 -0.9612 -0.0000
vn -0.5480 -0.8359 -0.0305
vn -0.5203 -0.8480 -0.1006
vn -0.5203 -0.8481 -0.1006
vn -0.2596 -0.9613 -0.0925
vn -0.7870 -0.2302 -0.5724
vn -0.6907 0.5197 -0.5029
vn -0.8091 -0.0000 -0.5876
vn -0.6454 -0.6017 -0.4706
vn -0.2243 -0.9607 -0.1636
vn -0.0237 -0.9128 0.4077
vn -0.0713 -0.8242 0.5618
vn -0.0237 -0.9128 0.4078
vn -0.0643 -0.3831 0.9215
vn -0.0643 -0.3830 0.9215
vn -0.3007 -0.9277 0.2213
vn -0.2630 -0.8047 -0.5322
vn -0.2630 -0.8047 -0.5323
vn -0.3081 -0.9514 -0.0000
vn -0.3081 -0.9513 -0.0000
vn -0.2453 -0.7610 0.6006
vn -0.0846 -0.2639 0.9608
vn 0.3816 -0.9217 -0.0699
vn 0.2999 -0.9514 -0.0698
vn 0.3029 -0.9519 -0.0458
vn 0.3037 -0.9528 0.0051
vn 0.3014 -0.9535 0.0074
vn 0.0236 -0.9142 0.4046
vn 0.0742 -0.8275 0.5565
vn 0.0237 -0.9142 0.4045
vn 0.0645 -0.3895 0.9188
vn 0.3007 -0.9277 0.2213
vn 0.2630 -0.8047 -0.5323
vn 0.3081 -0.9514 -0.0000
vn 0.3081 -0.9513 -0.0000
vn 0.3578 -0.9338 0.0051
vn 0.3803 -0.9248 0.0077
vn 0.3588 -0.9322 -0.0471
vn 0.2453 -0.7610 0.6006
vn 0.0846 -0.2639 0.9608
vn 0.0845 -0.2639 0.9608
vn 0.7531 -0.0426 0.6565
vn 0.6639 -0.1191 0.7383
vn 0.6638 -0.1191 0.7383
vn 0.2954 -0.1029 0.9498
vn 0.2955 -0.1029 0.9498
vn 0.7896 -0.5729 0.2199
vn 0.6846 -0.4967 -0.5335
vn 0.6846 -0.4967 -0.5336
vn 0.8091 -0.5877 -0.0000
vn 0.6454 -0.4706 0.6017
vn 0.2243 -0.1636 0.9607
vn 0.9909 -0.0000 0.1343
vn 0.9827 -0.0000 0.1851
vn 0.6183 -0.0000 0.7860
vn 0.9755 -0.0000 0.2199
vn 0.8451 -0.0000 -0.5346
vn 0.8000 -0.0000 0.6000
vn 0.2762 -0.0000 0.9611
vn 0.7531 0.0426 0.6565
vn 0.6638 0.1191 0.7383
vn 0.6639 0.1190 0.7383
vn 0.2954 0.1029 0.9498
vn 0.2955 0.1029 0.9498
vn 0.7896 0.5729 0.2199
vn 0.6846 0.4967 -0.5336
vn 0.8091 0.5877 -0.0000
vn 0.8091 0.5876 -0.0000
vn 0.6454 0.4706 0.6017
vn 0.2243 0.1636 0.9607
vn 0.2244 0.1637 0.9607
vn 0.0266 0.9020 0.4310
vn 0.0744 0.8208 0.5663
vn 0.0266 0.9019 0.4311
vn 0.0646 0.3928 0.9173
vn 0.0646 0.3928 0.9174
vn 0.3007 0.9277 0.2213
vn 0.2630 0.8047 -0.5322
vn 0.3081 0.9514 -0.0000
vn 0.3081 0.9513 -0.0000
vn 0.2453 0.7610 0.6006
vn 0.0846 0.2638 0.9609
vn 0.0846 0.2639 0.9608
vn -0.0266 0.9019 0.4311
vn -0.0715 0.8151 0.5749
vn -0.0266 0.9020 0.4310
vn -0.0642 0.3798 0.9228
vn -0.0642 0.3799 0.9228
vn -0.3007 0.9277 0.2213
vn -0.2630 0.8047 -0.5323
vn -0.3081 0.9514 -0.0000
vn -0.3081 0.9513 -0.0000
vn -0.2453 0.7610 0.6006
vn -0.0846 0.2639 0.9608
vn -0.0845 0.2638 0.9609
vn -0.6908 0.0398 0.7220
vn -0.5980 0.1055 0.7945
vn -0.6907 0.0398 0.7220
vn -0.2560 0.0896 0.9625
vn -0.7896 0.5729 0.2199
vn -0.6846 0.4967 -0.5335
vn -0.8090 0.5878 -0.0000
vn -0.8091 0.5877 -0.0000
vn -0.6454 0.4706 0.6017
vn -0.2243 0.1637 0.9607
vn -0.2243 0.1636 0.9607
vn -0.9560 -0.0000 0.2934
vn -0.9222 -0.0000 0.3868
vn -0.5125 -0.0000 0.8587
vn -0.9755 -0.0000 0.2199
vn -0.8451 -0.0000 -0.5346
vn -0.8000 -0.0000 0.6000
vn -0.2760 -0.0000 0.9611
vn -0.2759 -0.0000 0.9612
vn -0.6907 -0.0398 0.7221
vn -0.5980 -0.1056 0.7945
vn -0.6908 -0.0398 0.7220
vn -0.5980 -0.1055 0.7945
vn -0.2560 -0.0896 0.9625
vn -0.2559 -0.0896 0.9625
vn -0.7896 -0.5729 0.2199
vn -0.6846 -0.4967 -0.5336
vn -0.8091 -0.5876 -0.0000
vn -0.8091 -0.5877 -0.0000
vn -0.6454 -0.4706 0.6017
vn -0.2243 -0.1636 0.9607
vn -0.7926 -0.2028 0.5750
vn -0.7930 -0.5009 0.3468
vn -0.7902 -0.6127 -0.0139
vn -0.7930 -0.4835 -0.3708
vn -0.7930 -0.4834 -0.3707
vn -0.7920 -0.1730 -0.5855
vn -0.7919 -0.1729 -0.5856
vn -0.7929 0.2028 -0.5747
vn -0.7929 0.2029 -0.5747
vn -0.7930 0.5009 -0.3467
vn -0.7930 0.5009 -0.3468
vn -0.7902 0.6127 0.0139
vn -0.7930 0.4835 0.3706
vn -0.7930 0.4835 0.3707
vn -0.7919 0.1730 0.5856
vn -0.7929 -0.2028 0.5747
vn -0.0000 -0.0238 0.9997
vn -0.0000 -0.0239 0.9997
vn -0.0000 0.0238 -0.9997
vn 0.3910 -0.0209 0.9202
vn 0.0460 -0.0230 0.9987
vn -0.3482 -0.0230 0.9371
vn -0.0000 0.5691 0.8223
vn -0.0000 0.5690 0.8223
vn -0.0000 0.5689 0.8224
vn 0.3890 0.5230 0.7584
vn 0.0449 0.5670 0.8225
vn -0.3492 0.5302 0.7726
vn -0.3491 0.5302 0.7727
vn -0.0000 0.9433 0.3319
vn 0.3886 0.8691 0.3060
vn 0.0466 0.9415 0.3337
vn -0.3472 0.8847 0.3110
vn -0.0000 0.9586 -0.2846
vn 0.3911 0.8815 -0.2647
vn 0.0454 0.9575 -0.2847
vn -0.3462 0.8996 -0.2663
vn -0.0000 0.6061 -0.7954
vn -0.0000 0.6062 -0.7953
vn 0.3916 0.5594 -0.7305
vn 0.0453 0.6084 -0.7923
vn -0.3480 0.5692 -0.7449
vn -0.0498 0.0125 -0.9987
vn -0.0328 0.0164 -0.9993
vn 0.3910 0.0209 -0.9202
vn 0.0460 0.0230 -0.9987
vn -0.3482 0.0230 -0.9371
vn -0.0000 -0.5691 -0.8223
vn 0.3890 -0.5230 -0.7584
vn 0.0449 -0.5670 -0.8225
vn -0.3492 -0.5302 -0.7727
vn -0.0000 -0.9433 -0.3320
vn -0.0000 -0.9432 -0.3321
vn 0.3886 -0.8691 -0.3060
vn 0.0466 -0.9415 -0.3337
vn -0.3472 -0.8847 -0.3110
vn -0.0000 -0.9586 0.2846
vn 0.3911 -0.8815 0.2647
vn 0.0454 -0.9575 0.2847
vn -0.3462 -0.8996 0.2663
vn -0.0000 -0.6061 0.7954
vn 0.3916 -0.5594 0.7306
vn 0.3916 -0.5594 0.7305
vn 0.0453 -0.6084 0.7923
vn -0.3480 -0.5692 0.7449
vn 0.8877 -0.1810 0.4234
vn 0.8886 -0.3923 0.2377
vn 0.8876 -0.4588 -0.0407
vn 0.8876 -0.4587 -0.0407
vn 0.8875 -0.3490 -0.3009
vn 0.8878 -0.1042 -0.4482
vn 0.8879 -0.1043 -0.4482
vn 0.8877 0.1811 -0.4234
vn 0.8877 0.1810 -0.4234
vn 0.8886 0.3923 -0.2377
vn 0.8886 0.3923 -0.2378
vn 0.8876 0.4588 0.0407
vn 0.8876 0.4587 0.0407
vn 0.8875 0.3490 0.3009
vn 0.8875 0.3490 0.3008
vn 0.8878 0.1043 0.4482
vn 0.8879 0.1043 0.4482
vn 0.8877 -0.1811 0.4234
vn -0.9588 -0.0350 0.2821
vn -0.5995 -0.0394 0.7994
vn -0.9587 -0.0349 0.2822
vn -0.0000 -0.0282 0.9996
vn 0.6120 -0.0395 0.7898
vn 0.6121 -0.0395 0.7898
vn 0.9679 -0.0318 0.2493
vn -0.9587 0.0350 0.2822
vn -0.5995 0.0394 0.7994
vn -0.9587 0.0349 0.2821
vn -0.0000 0.0282 0.9996
vn 0.6121 0.0395 0.7898
vn 0.9679 0.0318 0.2493
vn 0.9749 0.2150 0.0586
vn 0.9748 0.2150 0.0587
vn 0.8391 0.5440 -0.0000
vn 0.8390 0.5441 -0.0000
vn 0.7932 0.4371 -0.4241
vn 0.7932 0.4370 -0.4241
vn -0.7503 0.2982 -0.5900
vn -0.2766 0.1303 -0.9521
vn -0.4199 0.1808 -0.8894
vn -0.0000 0.0282 -0.9996
vn 0.2886 0.1283 -0.9488
vn 0.4365 0.1809 -0.8813
vn 0.7743 0.2932 -0.5608
vn 0.7743 0.2931 -0.5608
vn -0.9587 -0.0350 -0.2821
vn -0.5995 -0.0394 -0.7994
vn -0.9587 -0.0349 -0.2821
vn -0.0000 -0.0282 -0.9996
vn -0.0000 -0.0281 -0.9996
vn 0.6121 -0.0395 -0.7898
vn 0.9679 -0.0318 -0.2493
vn -0.9666 -0.2479 -0.0651
vn -0.6153 -0.7880 -0.0195
vn -0.6154 -0.7880 -0.0195
vn -0.0000 -0.9993 0.0365
vn -0.0000 -0.9993 0.0364
vn 0.6249 -0.7806 -0.0139
vn 0.6250 -0.7805 -0.0139
vn 0.9749 -0.2150 -0.0586
vn 0.9748 -0.2150 -0.0587
vn -0.8023 -0.5969 -0.0000
vn -0.4493 -0.8934 -0.0000
vn 0.4777 -0.8785 -0.0000
vn 0.8391 -0.5440 -0.0000
vn -0.9666 -0.2479 0.0652
vn -0.6123 -0.7904 0.0195
vn -0.9666 -0.2479 0.0651
vn -0.6122 -0.7904 0.0195
vn -0.0000 -0.9993 -0.0365
vn 0.6249 -0.7805 0.0139
vn 0.9748 -0.2150 0.0586
vn 0.9749 -0.2150 0.0586
vn -0.9003 -0.2568 0.3513
vn -0.8991 -0.4169 0.1333
vn -0.8991 -0.4169 -0.1333
vn -0.9003 -0.2568 -0.3513
vn -0.9004 -0.2568 -0.3513
vn -0.8996 -0.0000 -0.4367
vn -0.9003 0.2568 -0.3513
vn -0.8991 0.4169 -0.1333
vn -0.8991 0.4170 0.1333
vn -0.8991 0.4169 0.1333
vn -0.9003 0.2568 0.3513
vn -0.8996 -0.0000 0.4366
vn -0.8996 0.0001 0.4367
vn 0.5565 -0.8308 -0.0000
vn 0.5566 -0.8308 -0.0000
vn -0.1825 -0.9832 -0.0000
vn -0.8287 -0.5597 -0.0000
vn -0.2589 -0.9659 -0.0000
vn -0.3259 -0.9454 -0.0000
vn -0.4598 -0.0435 0.8870
vn -0.6082 -0.0902 0.7886
vn -0.4599 -0.0436 0.8869
vn -0.9279 -0.0778 0.3647
vn -0.1837 -0.3033 0.9350
vn 0.5554 -0.2573 0.7908
vn -0.0000 -0.3081 0.9514
vn -0.0000 -0.3081 0.9513
vn -0.4598 0.0435 0.8869
vn -0.6083 0.0902 0.7886
vn -0.4598 0.0435 0.8870
vn -0.6082 0.0902 0.7886
vn -0.9279 0.0778 0.3647
vn -0.1837 0.3033 0.9350
vn 0.5554 0.2573 0.7908
vn -0.0000 0.3081 0.9514
vn -0.0000 0.3081 0.9513
vn -0.0000 0.3082 0.9513
vn -0.7502 0.6579 0.0664
vn -0.8003 0.5822 0.1433
vn -0.7502 0.6578 0.0664
vn -0.9553 0.2710 0.1184
vn -0.1827 0.7949 0.5786
vn 0.5577 0.6720 0.4872
vn -0.0000 0.8091 0.5877
vn -0.2589 0.9659 -0.0000
vn -0.3259 0.9454 -0.0000
vn -0.8287 0.5597 -0.0000
vn -0.1825 0.9832 -0.0000
vn 0.5566 0.8308 -0.0000
vn -0.7529 0.6548 -0.0663
vn -0.8003 0.5822 -0.1433
vn -0.7529 0.6548 -0.0664
vn -0.8002 0.5823 -0.1434
vn -0.9553 0.2710 -0.1184
vn -0.1827 0.7949 -0.5786
vn 0.5577 0.6720 -0.4872
vn -0.0000 0.8091 -0.5877
vn -0.0000 0.8091 -0.5876
vn -0.4901 0.0383 -0.8708
vn -0.6211 0.0904 -0.7785
vn -0.4902 0.0383 -0.8708
vn -0.9279 0.0778 -0.3647
vn -0.1837 0.3033 -0.9350
vn 0.5554 0.2573 -0.7908
vn -0.0000 0.3081 -0.9514
vn -0.4750 -0.0409 -0.8790
vn -0.6147 -0.0903 -0.7836
vn -0.4750 -0.0410 -0.8790
vn -0.9279 -0.0778 -0.3647
vn -0.1837 -0.3033 -0.9350
vn 0.5554 -0.2573 -0.7908
vn -0.0000 -0.3081 -0.9513
vn -0.0000 -0.3081 -0.9514
vn -0.7529 -0.6548 -0.0664
vn -0.8003 -0.5822 -0.1433
vn -0.8003 -0.5823 -0.1433
vn -0.9553 -0.2710 -0.1184
vn -0.1827 -0.7949 -0.5786
vn 0.5577 -0.6720 -0.4872
vn -0.0000 -0.8091 -0.5877
vn -0.7529 -0.6548 0.0664
vn -0.8003 -0.5823 0.1433
vn -0.9553 -0.2710 0.1184
vn -0.1827 -0.7949 0.5786
vn 0.5577 -0.6720 0.4872
vn -0.0000 -0.8091 0.5877
vn -0.0196 0.7424 0.6696
vn -0.0665 0.7199 0.6909
vn -0.0196 0.7425 0.6696
vn -0.0695 0.7183 0.6922
vn -0.0675 0.9153 0.3970
vn -0.0675 0.9154 0.3969
vn -0.3013 0.2246 0.9267
vn -0.2656 -0.5188 0.8126
vn -0.3080 -0.0000 0.9514
vn -0.2453 0.6006 0.7610
vn -0.0846 0.9608 0.2639
vn 0.0196 0.7398 0.6725
vn 0.0695 0.7155 0.6951
vn 0.0197 0.7398 0.6725
vn 0.0695 0.7155 0.6952
vn 0.0676 0.9139 0.4002
vn 0.3013 0.2246 0.9267
vn 0.2657 -0.5188 0.8126
vn 0.3080 -0.0000 0.9514
vn 0.2453 0.6006 0.7610
vn 0.2454 0.6041 0.7582
vn 0.0846 0.9608 0.2639
vn 0.4567 0.8892 0.0269
vn 0.5135 0.8511 0.1096
vn 0.3031 0.9467 0.1090
vn 0.3063 0.9456 0.1092
vn 0.7888 0.2267 0.5714
vn 0.6907 -0.5197 0.5029
vn 0.6907 -0.5196 0.5029
vn 0.6454 0.6017 0.4706
vn 0.2243 0.9607 0.1636
vn 0.9569 0.2905 -0.0000
vn 0.9644 0.2645 -0.0000
vn 0.6274 0.7787 -0.0000
vn 0.6273 0.7788 -0.0000
vn 0.9743 0.2254 -0.0000
vn 0.8549 -0.5188 -0.0000
vn 0.8000 0.6000 -0.0000
vn 0.2760 0.9612 -0.0000
vn 0.4599 0.8876 -0.0269
vn 0.5135 0.8511 -0.1096
vn 0.5135 0.8510 -0.1097
vn 0.3063 0.9457 -0.1093
vn 0.3063 0.9457 -0.1092
vn 0.7887 0.2267 -0.5714
vn 0.6907 -0.5197 -0.5029
vn 0.6907 -0.5196 -0.5029
vn 0.6454 0.6017 -0.4706
vn 0.2243 0.9607 -0.1636
vn 0.0195 0.6307 -0.7758
vn 0.0694 0.6592 -0.7487
vn 0.0196 0.6307 -0.7758
vn 0.0694 0.6592 -0.7488
vn 0.0677 0.9125 -0.4035
vn 0.0677 0.9125 -0.4034
vn 0.3013 0.2246 -0.9267
vn 0.2657 -0.5188 -0.8126
vn 0.2453 0.6006 -0.7610
vn 0.2454 0.6040 -0.7582
vn 0.0845 0.9608 -0.2639
vn 0.0846 0.9608 -0.2639
vn -0.0167 0.6565 -0.7542
vn -0.0665 0.6821 -0.7283
vn -0.0674 0.9168 -0.3937
vn -0.3013 0.2246 -0.9267
vn -0.2657 -0.5188 -0.8126
vn -0.3081 -0.0000 -0.9514
vn -0.2453 0.6006 -0.7610
vn -0.0846 0.9608 -0.2639
vn -0.3951 0.9183 -0.0235
vn -0.4452 0.8904 -0.0952
vn -0.3950 0.9184 -0.0236
vn -0.4451 0.8904 -0.0952
vn -0.2663 0.9591 -0.0956
vn -0.2663 0.9591 -0.0957
vn -0.7888 0.2267 -0.5714
vn -0.6907 -0.5197 -0.5029
vn -0.8091 -0.0000 -0.5877
vn -0.6454 0.6017 -0.4706
vn -0.2243 0.9607 -0.1636
vn -0.8266 0.5628 -0.0000
vn -0.8549 0.5188 -0.0000
vn -0.5220 0.8530 -0.0000
vn -0.9743 0.2254 -0.0000
vn -0.8549 -0.5188 -0.0000
vn -0.8000 0.6000 -0.0000
vn -0.2760 0.9612 -0.0000
vn -0.2761 0.9611 -0.0000
vn -0.3950 0.9184 0.0235
vn -0.4452 0.8904 0.0952
vn -0.3951 0.9183 0.0236
vn -0.4451 0.8904 0.0952
vn -0.2663 0.9591 0.0957
vn -0.2662 0.9592 0.0956
vn -0.7888 0.2267 0.5714
vn -0.6907 -0.5197 0.5029
vn -0.6454 0.6017 0.4706
vn -0.6454 0.6016 0.4706
vn -0.2243 0.9607 0.1636
vn -0.2244 0.9607 0.1636
vn -0.0191 0.8475 -0.5304
vn -0.0691 0.7826 -0.6186
vn -0.0192 0.8475 -0.5304
vn -0.0690 0.7826 -0.6187
vn -0.0677 0.4035 -0.9125
vn -0.0677 0.4034 -0.9125
vn -0.3047 0.9414 -0.1442
vn -0.3047 0.9415 -0.1442
vn -0.2517 0.7708 0.5852
vn -0.2453 0.7610 -0.6006
vn -0.0846 0.2639 -0.9608
vn 0.0218 0.8585 -0.5124
vn 0.0719 0.7937 -0.6040
vn 0.0707 0.4076 -0.9104
vn 0.0707 0.4077 -0.9104
vn 0.3047 0.9415 -0.1442
vn 0.2517 0.7709 0.5852
vn 0.2453 0.7610 -0.6006
vn 0.0846 0.2639 -0.9608
vn 0.6325 0.0367 -0.7737
vn 0.5984 0.1150 -0.7929
vn 0.5983 0.1150 -0.7930
vn 0.3102 0.1123 -0.9440
vn 0.8003 0.5823 -0.1434
vn 0.8003 0.5823 -0.1433
vn 0.6556 0.4774 0.5850
vn 0.6454 0.4706 -0.6017
vn 0.2244 0.1636 -0.9607
vn 0.9822 -0.0000 -0.1878
vn 0.9773 -0.0000 -0.2118
vn 0.6334 -0.0000 -0.7739
vn 0.9899 -0.0000 -0.1417
vn 0.8114 -0.0000 0.5846
vn 0.8113 -0.0000 0.5846
vn 0.8000 -0.0000 -0.6000
vn 0.2760 -0.0000 -0.9612
vn 0.6325 -0.0367 -0.7737
vn 0.5983 -0.1150 -0.7929
vn 0.5983 -0.1150 -0.7930
vn 0.3102 -0.1124 -0.9440
vn 0.3102 -0.1123 -0.9440
vn 0.8003 -0.5823 -0.1434
vn 0.8003 -0.5823 -0.1433
vn 0.6556 -0.4774 0.5850
vn 0.6454 -0.4706 -0.6017
vn 0.6454 -0.4706 -0.6016
vn 0.2243 -0.1636 -0.9607
vn 0.0248 -0.8418 -0.5392
vn 0.0720 -0.7864 -0.6136
vn 0.0720 -0.7863 -0.6136
vn 0.0707 -0.4109 -0.9089
vn 0.0708 -0.4109 -0.9089
vn 0.3047 -0.9414 -0.1442
vn 0.3047 -0.9415 -0.1442
vn 0.2517 -0.7708 0.5852
vn 0.3082 -0.9513 -0.0000
vn 0.2453 -0.7610 -0.6006
vn 0.0846 -0.2639 -0.9608
vn -0.0220 -0.8406 -0.5412
vn -0.0691 -0.7776 -0.6250
vn -0.0704 -0.3978 -0.9148
vn -0.0704 -0.3979 -0.9147
vn -0.3047 -0.9414 -0.1442
vn -0.3047 -0.9415 -0.1442
vn -0.2517 -0.7709 0.5852
vn -0.2453 -0.7610 -0.6006
vn -0.0846 -0.2639 -0.9608
vn -0.5653 -0.0334 -0.8242
vn -0.5304 -0.1009 -0.8417
vn -0.5652 -0.0334 -0.8242
vn -0.5303 -0.1009 -0.8418
vn -0.2699 -0.0986 -0.9578
vn -0.6556 -0.4774 0.5850
vn -0.6454 -0.4706 -0.6017
vn -0.2243 -0.1636 -0.9607
vn -0.2244 -0.1636 -0.9607
vn -0.9195 -0.0000 -0.3930
vn -0.5283 -0.0000 -0.8491
vn -0.9899 -0.0000 -0.1417
vn -0.8113 -0.0000 0.5846
vn -0.8000 -0.0000 -0.6000
vn -0.2760 -0.0000 -0.9612
vn -0.5468 0.0276 -0.8368
vn -0.5203 0.1006 -0.8481
vn -0.2699 0.0987 -0.9578
vn -0.2699 0.0986 -0.9578
vn -0.8003 0.5823 -0.1433
vn -0.6556 0.4774 0.5850
vn -0.6454 0.4706 -0.6017
vn -0.2243 0.1636 -0.9607
vn -0.0000 -0.9586 -0.2846
vn -0.0000 -0.8819 0.4714
vn -0.0000 -0.9999 -0.0139
vn -0.0000 0.9659 -0.2588
vn -0.0000 0.8697 0.4935
vn -0.0000 0.8697 0.4936
vn -0.1044 0.0131 -0.9944
vn -0.8130 0.0082 -0.5823
vn -0.9939 -0.0022 0.1105
vn -0.8129 0.0082 -0.5823
vn 0.1045 0.0130 -0.9944
vn 0.1045 0.0131 -0.9944
vn 0.8129 0.0082 -0.5823
vn 0.9939 -0.0022 0.1105
vn -0.0000 0.0079 -1.0000
vn -0.2471 0.0096 -0.9689
vn -0.0000 0.0139 -0.9999
vn -0.8839 0.4077 -0.2292
vn -0.7668 0.4490 -0.4588
vn -0.0917 0.9958 -0.0021
vn -0.0855 0.9963 -0.0107
vn -0.3209 0.4957 -0.8070
vn -0.0402 0.9983 -0.0423
vn 0.3221 0.5103 -0.7974
vn 0.0380 0.9984 -0.0422
vn 0.7566 0.4769 -0.4473
vn 0.0830 0.9965 -0.0085
vn 0.0894 0.9960 -0.0021
vn 0.8689 0.4390 -0.2285
vn -0.9939 -0.0022 -0.1105
vn -0.8129 0.0082 0.5823
vn -0.8129 0.0083 0.5823
vn -0.0000 -0.8819 -0.4714
vn -0.0000 -0.9999 0.0139
vn -0.0000 -0.9999 0.0138
vn -0.0000 0.9659 0.2588
vn -0.0000 0.8697 -0.4935
vn -0.0000 0.9999 -0.0138
vn -0.0000 0.9999 -0.0139
vn 0.9939 -0.0022 -0.1105
vn 0.8129 0.0082 0.5823
vn 0.8130 0.0082 0.5823
vn 0.1044 0.0131 0.9944
vn -0.0000 0.6600 0.7513
vn -0.0000 0.6600 0.7512
vn -0.2896 0.2524 0.9233
vn -0.0000 0.0139 0.9999
vn -0.0000 0.0140 0.9999
vn -0.8795 0.4250 0.2140
vn -0.1041 0.9940 -0.0332
vn -0.6846 0.4967 0.5335
vn -0.0521 0.9985 0.0146
vn -0.2159 0.4988 0.8394
vn -0.0021 0.9979 0.0646
vn 0.2199 0.5068 0.8335
vn 0.0021 0.9981 0.0624
vn 0.6758 0.5212 0.5212
vn 0.0521 0.9985 0.0146
vn 0.8635 0.4587 0.2098
vn 0.0992 0.9945 -0.0331
vn 0.3182 0.8982 -0.3033
vn -0.3837 -0.0000 0.9235
vn -0.3838 -0.0000 0.9234
vn -0.3836 -0.0000 0.9235
vn 0.3836 -0.0000 0.9235
vn 0.3833 -0.0000 0.9236
vn 0.3838 -0.0000 0.9234
vn 0.9235 -0.0000 0.3836
vn 0.9235 -0.0000 0.3837
vn 0.9235 -0.0000 -0.3836
vn 0.9234 -0.0000 -0.3838
vn 0.9236 -0.0000 -0.3833
vn 0.3838 -0.0000 -0.9234
vn 0.3836 -0.0000 -0.9235
vn 0.3833 -0.0000 -0.9236
vn -0.3837 -0.0000 -0.9235
vn -0.3836 -0.0000 -0.9235
vn -0.9234 -0.0000 -0.3838
vn -0.9236 -0.0000 -0.3833
vn -0.9234 -0.0000 0.3838
vn -0.9235 -0.0000 0.3836
vn -0.9235 -0.0000 0.3837
vn -0.9234 -0.0000 0.3837
vn -0.0000 1.0000 0.0001
vn -0.0119 -0.0000 -0.9999
vn -0.0119 0.0001 -0.9999
vn 0.0138 -0.0000 0.9999
vn 0.0139 -0.0000 0.9999
vn -1.0000 -0.0000 -0.0038
vn -0.8265 -0.0000 0.5629
vn -0.8266 -0.0000 0.5628
vn -0.9836 0.0023 -0.1803
vn -0.0118 -0.0000 -0.9999
vn 1.0000 -0.0000 0.0039
vn 1.0000 -0.0000 0.0038
vn 0.8643 -0.0000 0.5030
vn 0.9628 -0.0000 -0.2703
vn 0.9628 -0.0000 -0.2704
vn 1.0000 -0.0001 -0.0000
vn 1.0000 -0.0001 -0.0001
vn -0.0125 -0.3087 -0.9511
vn -0.0125 0.3087 -0.9511
vn -0.0139 -0.0000 -0.9999
vn -1.0000 -0.0000 0.0059
vn 1.0000 -0.0000 -0.0019
vn -0.2992 -0.0000 0.9542
vn -0.2993 -0.0000 0.9542
vn 0.3051 -0.0000 0.9523
vn 0.0696 -0.9975 0.0105
vn 0.0432 -0.9990 0.0083
vn 0.0432 -0.9990 0.0082
vn -0.9872 -0.0000 -0.1593
vn 0.0696 0.9975 0.0105
vn 0.0432 0.9990 0.0082
vn 0.9872 -0.0000 0.1593
vn 0.0098 -0.0000 -1.0000
vn -0.0000 -0.9514 -0.3081
vn 0.0074 -0.9562 -0.2925
vn 0.2946 -0.9187 -0.2629
vn -0.0000 -0.5876 -0.8091
vn 0.0336 -0.5875 -0.8085
vn 0.2335 -0.5699 -0.7879
vn 0.0335 -0.5874 -0.8086
vn 0.0833 0.1088 -0.9906
vn 0.1264 0.1610 -0.9788
vn 0.0347 0.1621 -0.9862
vn 0.1372 0.1083 -0.9846
vn 0.0347 -0.1621 -0.9862
vn 0.1372 -0.1083 -0.9846
vn 0.1264 -0.1611 -0.9788
vn 0.0833 -0.1088 -0.9906
vn -0.0000 0.5877 -0.8091
vn -0.0000 0.5878 -0.8090
vn 0.0336 0.5875 -0.8086
vn 0.2335 0.5699 -0.7879
vn 0.0336 0.5875 -0.8085
vn -0.0000 0.9514 -0.3081
vn 0.0074 0.9562 -0.2925
vn 0.2946 0.9187 -0.2629
vn 0.7230 -0.6541 -0.2222
vn 0.7426 -0.5389 -0.3976
vn 0.7461 -0.2012 -0.6347
vn 0.7451 0.1979 -0.6369
vn 0.7426 0.5389 -0.3976
vn 0.7200 0.6608 -0.2119
vn -0.0118 0.0001 0.9999
vn -0.0118 -0.0000 0.9999
vn 0.0138 0.0020 -0.9999
vn 0.0140 0.0020 -0.9999
vn 1.0000 -0.0000 -0.0039
vn 0.8643 -0.0000 -0.5030
vn 1.0000 -0.0000 -0.0038
vn 0.9628 -0.0000 0.2703
vn -0.0261 -0.0000 0.9997
vn -1.0000 -0.0000 0.0038
vn -0.8266 -0.0000 -0.5628
vn -0.8265 -0.0000 -0.5629
vn -0.9836 0.0023 0.1803
vn -0.9836 0.0022 0.1803
vn -0.0059 -0.0001 1.0000
vn -0.0096 -0.2470 0.9690
vn -0.0078 -0.0055 1.0000
vn -0.0079 -0.0000 1.0000
vn -0.0096 0.2470 0.9690
vn -0.0140 -0.0000 0.9999
vn -0.0138 -0.0000 0.9999
vn -1.0000 -0.0000 -0.0060
vn -1.0000 -0.0000 -0.0059
vn -0.2993 -0.0000 -0.9542
vn -0.2992 -0.0000 -0.9542
vn 0.3052 -0.0000 -0.9523
vn 0.3051 -0.0000 -0.9523
vn 0.0432 -0.9990 -0.0082
vn 0.0696 -0.9975 -0.0105
vn -0.9872 -0.0000 0.1593
vn 0.0431 0.9990 -0.0083
vn 0.0432 0.9990 -0.0082
vn 0.0696 0.9975 -0.0106
vn 0.0696 0.9975 -0.0105
vn 0.9872 -0.0000 -0.1593
vn 0.0099 -0.0000 1.0000
vn 0.0100 -0.0000 0.9999
vn 0.2946 -0.9187 0.2629
vn 0.0074 -0.9562 0.2925
vn -0.0000 -0.9514 0.3081
vn -0.0000 -0.9514 0.3080
vn 0.2335 -0.5699 0.7879
vn 0.0336 -0.5876 0.8084
vn 0.2335 -0.5699 0.7878
vn 0.0336 -0.5875 0.8085
vn -0.0000 -0.5876 0.8091
vn 0.1264 0.1610 0.9788
vn 0.1264 -0.1611 0.9788
vn 0.0833 -0.1088 0.9906
vn 0.1372 -0.1083 0.9846
vn 0.0347 -0.1621 0.9862
vn 0.1372 0.1083 0.9846
vn 0.0347 0.1621 0.9862
vn 0.0833 0.1088 0.9906
vn 0.2335 0.5699 0.7879
vn 0.0336 0.5875 0.8085
vn 0.0336 0.5875 0.8086
vn -0.0000 0.5878 0.8090
vn -0.0000 0.5876 0.8091
vn 0.2872 0.9165 0.2784
vn 0.2947 0.9187 0.2629
vn 0.0074 0.9562 0.2925
vn -0.0000 0.9514 0.3081
vn 0.7200 -0.6608 0.2120
vn 0.7200 -0.6608 0.2119
vn 0.7366 -0.5492 0.3946
vn 0.7377 -0.2116 0.6412
vn 0.7376 -0.2116 0.6412
vn 0.7357 0.2049 0.6456
vn 0.7357 0.2048 0.6456
vn 0.7374 0.5432 0.4016
vn 0.7374 0.5431 0.4016
vn 0.7190 0.6596 0.2188
vn 0.9983 -0.0000 -0.0580
vn -0.1198 -0.0000 -0.9928
vn -0.9983 -0.0000 0.0579
vn 0.9979 -0.0000 0.0644
vn 0.0938 -0.0000 -0.9956
vn -0.9979 -0.0000 -0.0644
vn 0.9997 -0.0000 0.0240
vn 0.9997 -0.0000 0.0239
vn 0.0119 -0.0000 -0.9999
vn -0.9997 -0.0000 -0.0240
vn 0.0002 1.0000 -0.0000
vn -0.0001 1.0000 -0.0000
vn -0.2981 0.2834 -0.9115
vn -0.5963 -0.5760 0.5591
vn -0.9998 0.0161 -0.0114
vn -0.9999 0.0158 -0.0000
vn -0.9999 0.0159 -0.0000
vn -0.3002 0.2973 -0.9064
vn -0.5830 -0.5762 0.5728
vn 0.5694 -0.5796 0.5830
vn -0.9928 -0.0000 0.1198
vn 0.9928 -0.0000 -0.1197
vn 0.9956 -0.0000 0.0938
vn -0.9956 -0.0000 -0.0938
vn 0.9999 -0.0000 0.0119
vn -0.9999 -0.0000 -0.0119
vn 0.0601 -0.0000 0.9982
vn 0.9982 -0.0000 -0.0600
vn 0.9982 -0.0000 -0.0601
vn -0.0938 -0.0000 0.9956
vn -0.0471 -0.0000 0.9989
vn -0.0470 -0.0000 0.9989
vn 0.5796 0.5796 -0.5729
vn 0.5796 -0.5796 -0.5729
vn 0.5694 -0.5795 0.5830
vn -0.5762 -0.5728 -0.5830
vn -0.5762 0.5728 -0.5830
vn -0.5830 0.5795 0.5694
vn -0.9983 -0.0000 0.0580
vn 0.9983 -0.0000 -0.0579
vn 0.9979 -0.0000 0.0643
vn -0.9979 -0.0000 -0.0645
vn 0.9997 -0.0000 0.0238
vn -0.9997 -0.0000 -0.0239
vn -0.0000 0.7057 -0.7085
vn 0.9022 0.2899 -0.3195
vn 0.9021 -0.2900 -0.3195
vn -0.0001 -0.7085 -0.7057
vn -0.2980 -0.2834 -0.9115
vn -0.2980 0.2834 -0.9115
vn -0.0000 -0.7057 -0.7085
vn 0.5762 -0.5796 -0.5763
vn 0.5763 0.5796 -0.5762
vn -0.1197 -0.0000 -0.9928
vn 0.0942 -0.0000 -0.9956
vn 0.0937 -0.0000 -0.9956
vn -0.7518 -0.6574 -0.0514
vn 0.7518 -0.6574 -0.0515
vn 0.7517 -0.6574 -0.0514
vn -0.2708 0.1328 -0.9534
vn -0.0045 0.1449 -0.9894
vn -0.3807 0.0670 -0.9223
vn -0.0021 0.0757 -0.9971
vn -0.0000 0.3961 -0.9182
vn -0.4481 0.3560 -0.8200
vn -0.0000 0.3930 -0.9195
vn -0.4303 0.3575 -0.8289
vn -0.0000 -0.4273 -0.9041
vn -0.4246 -0.3895 -0.8173
vn -0.0000 -0.4304 -0.9026
vn -0.4427 -0.3882 -0.8083
vn -0.0000 -0.1417 -0.9899
vn -0.3797 -0.1312 -0.9157
vn -0.2581 -0.2609 -0.9302
vn -0.0000 -0.2674 -0.9636
vn 0.2580 -0.2609 -0.9302
vn 0.3797 -0.1312 -0.9158
vn 0.4427 -0.3881 -0.8083
vn 0.4246 -0.3895 -0.8173
vn 0.4303 0.3575 -0.8289
vn 0.4482 0.3560 -0.8200
vn 0.3768 0.0753 -0.9232
vn 0.2606 0.1436 -0.9547
vn -0.9757 -0.2064 -0.0737
vn -0.9787 -0.1035 -0.1775
vn -0.9868 0.0779 -0.1416
vn -0.9771 0.0408 -0.2089
vn -0.8878 0.3796 -0.2601
vn -0.8841 0.3789 -0.2736
vn -0.8713 -0.4098 -0.2702
vn -0.8712 -0.4098 -0.2702
vn -0.8751 -0.4104 -0.2565
vn 0.9852 0.1006 -0.1390
vn 0.9852 0.1007 -0.1390
vn 0.9768 0.0508 -0.2079
vn 0.9757 -0.2065 -0.0737
vn 0.9787 -0.1035 -0.1775
vn 0.8751 -0.4104 -0.2565
vn 0.8712 -0.4098 -0.2702
vn 0.8713 -0.4098 -0.2702
vn 0.8841 0.3789 -0.2736
vn 0.8878 0.3796 -0.2601
vn 0.9768 0.0508 -0.2080
vn 0.9983 -0.0000 0.0580
vn -0.1197 -0.0000 0.9928
vn -0.1198 -0.0000 0.9928
vn -0.9983 -0.0000 -0.0579
vn 0.9979 -0.0000 -0.0647
vn 0.0937 -0.0000 0.9956
vn 0.0938 -0.0000 0.9956
vn -0.9979 -0.0000 0.0644
vn 0.9997 -0.0000 -0.0239
vn 0.9997 -0.0000 -0.0240
vn 0.0119 -0.0000 0.9999
vn -0.9997 -0.0000 0.0241
vn -0.9997 -0.0000 0.0240
vn 0.0001 1.0000 -0.0000
vn -0.9925 0.1221 -0.0000
vn -0.9925 0.1221 -0.0001
vn 0.0492 0.9988 -0.0000
vn -0.9998 0.0161 0.0149
vn -0.9928 -0.0000 -0.1198
vn 0.9928 -0.0000 0.1198
vn 0.9956 -0.0000 -0.0938
vn -0.9956 -0.0000 0.0938
vn -0.9956 -0.0000 0.0937
vn 0.9999 -0.0000 -0.0119
vn -0.9999 -0.0000 0.0119
vn -0.0937 -0.0000 -0.9956
vn -0.0471 -0.0000 -0.9989
vn -0.5762 0.5796 -0.5762
vn -0.3007 0.3007 -0.9051
vn -0.3007 -0.3007 -0.9051
vn 0.5694 -0.5795 -0.5830
vn 0.9024 -0.3018 -0.3077
vn 0.9024 0.3018 -0.3077
vn 0.9982 -0.0000 0.0601
vn 0.9983 -0.0000 0.0578
vn 0.0601 -0.0003 -0.9982
vn 0.0601 -0.0000 -0.9982
vn 0.9983 -0.0000 0.0579
vn 0.9979 -0.0000 -0.0643
vn 0.9979 -0.0000 -0.0646
vn -0.9979 -0.0000 0.0645
vn -0.9997 -0.0000 0.0239
vn 0.9022 -0.2899 0.3195
vn 0.9021 0.2899 0.3195
vn -0.0001 0.7058 0.7084
vn 0.5762 0.5796 0.5763
vn 0.5762 -0.5796 0.5763
vn -0.0000 -0.7057 0.7085
vn -0.1200 -0.0000 0.9928
vn 0.0939 -0.0000 0.9956
vn 0.0118 -0.0000 0.9999
vn -0.7518 -0.6574 0.0514
vn -0.7517 -0.6575 0.0515
vn 0.7517 -0.6574 0.0514
vn 0.7518 -0.6574 0.0515
vn 1.0000 -0.0000 -0.0001
vn -0.0046 0.1913 0.9815
vn -0.0022 0.1010 0.9949
vn 0.2593 0.1884 0.9472
vn 0.3763 0.0954 0.9216
vn -0.0000 0.3961 0.9182
vn 0.4482 0.3560 0.8200
vn -0.0000 0.3930 0.9196
vn 0.4303 0.3575 0.8289
vn -0.0000 -0.4273 0.9041
vn 0.4246 -0.3895 0.8173
vn -0.0000 -0.4304 0.9026
vn 0.4427 -0.3882 0.8083
vn -0.0000 -0.1417 0.9899
vn 0.3797 -0.1312 0.9158
vn 0.2581 -0.2609 0.9302
vn -0.0000 -0.2674 0.9636
vn -0.2581 -0.2609 0.9302
vn -0.3797 -0.1312 0.9157
vn -0.4427 -0.3881 0.8083
vn -0.4246 -0.3895 0.8173
vn -0.4303 0.3575 0.8289
vn -0.4482 0.3560 0.8200
vn -0.3811 0.0898 0.9201
vn -0.2673 0.1800 0.9467
vn -0.9865 0.0854 0.1399
vn -0.9769 0.0433 0.2093
vn -0.8878 0.3796 0.2601
vn -0.8841 0.3789 0.2736
vn -0.8712 -0.4098 0.2702
vn -0.8751 -0.4104 0.2565
vn -0.9787 -0.1036 0.1775
vn -0.9787 -0.1036 0.1774
vn -0.9757 -0.2064 0.0737
vn 0.9757 -0.2065 0.0737
vn 0.9787 -0.1035 0.1775
vn 0.8751 -0.4104 0.2565
vn 0.8712 -0.4098 0.2702
vn 0.8713 -0.4098 0.2702
vn 0.8841 0.3789 0.2736
vn 0.8878 0.3796 0.2601
vn 0.8878 0.3797 0.2601
vn 0.9763 0.0559 0.2089
vn 0.9842 0.1085 0.1399
vn -0.0000 -0.0038 -1.0000
vn -0.0000 -0.0180 0.9998
vn -0.9982 -0.0600 -0.0000
vn -0.9995 -0.0302 -0.0000
vn -0.9995 -0.0303 -0.0000
vn 0.9949 -0.1010 -0.0000
vn -0.0514 -0.9987 -0.0000
vn -0.0514 -0.9987 0.0001
vn 0.8834 -0.4531 0.1197
vn 0.8891 -0.4578 0.0053
vn 0.8808 -0.4603 -0.1108
vn 0.8877 0.1224 0.4439
vn 0.8923 0.0053 0.4514
vn 0.8852 -0.1135 0.4511
vn 0.8834 0.4531 0.1197
vn 0.8891 0.4578 0.0053
vn 0.8808 0.4603 -0.1108
vn 0.8877 0.1224 -0.4439
vn 0.8923 0.0053 -0.4514
vn 0.8852 -0.1135 -0.4511
vn -0.9845 -0.1751 -0.0022
vn -0.9940 -0.0787 -0.0765
vn -0.9866 -0.1144 -0.1168
vn -0.9865 0.1144 -0.1168
vn -0.9831 -0.0023 -0.1829
vn -0.9940 0.0765 -0.0787
vn -0.9958 -0.0000 -0.0915
vn -0.9960 -0.0892 -0.0000
vn -0.9865 -0.1168 0.1144
vn -0.9940 -0.0787 0.0764
vn -0.9958 -0.0000 0.0915
vn -0.9831 -0.0023 0.1829
vn -0.9866 0.1144 0.1168
vn -0.9940 0.0787 0.0765
vn -0.9845 0.1751 -0.0023
vn -0.9960 0.0892 -0.0000
vn -0.0079 1.0000 -0.0000
vn 0.0039 -0.0000 -1.0000
vn 0.4999 -0.8661 0.0002
vn 0.3199 -0.9474 -0.0000
vn 0.5094 -0.8605 -0.0000
vn 0.1368 -0.9906 -0.0000
vn 0.1825 -0.9832 -0.0000
vn -0.3530 -0.9356 -0.0000
vn -0.1930 -0.9812 -0.0000
vn -0.7931 -0.6091 -0.0000
vn -0.3169 -0.9484 -0.0000
vn -0.4461 -0.8950 -0.0000
vn -0.9551 -0.2963 -0.0000
vn -0.8244 -0.5660 -0.0000
vn -0.8245 -0.5659 -0.0000
vn -0.9551 -0.2964 -0.0000
vn -0.0000 0.5503 -0.8350
vn -0.0000 0.9182 -0.3961
vn 0.6601 -0.7512 -0.0000
vn -0.0000 0.9356 0.3531
vn -0.9651 -0.2617 -0.0000
vn -0.8624 -0.5062 -0.0000
vn -0.0000 0.4935 -0.8697
vn -0.0000 0.8566 -0.5159
vn 0.9272 -0.3745 -0.0000
vn 0.2144 0.9713 0.1034
vn 0.9209 0.3898 -0.0001
vn -0.9285 0.3714 -0.0000
vn -0.7222 0.6917 -0.0000
vn -0.0000 -0.5877 0.8091
vn 0.8768 0.4809 -0.0000
vn 0.5346 0.8451 -0.0000
vn -0.0000 -0.6122 -0.7907
vn -0.0000 -0.9674 -0.2532
vn 0.1677 -0.9815 -0.0923
vn 0.9603 -0.2788 -0.0000
vn -0.0000 -0.5969 -0.8023
vn -0.0000 -0.9892 -0.1467
vn 0.1676 -0.9815 -0.0924
vn -0.0000 -0.9674 0.2532
vn -0.0000 -0.6122 0.7907
vn -0.0000 0.9846 0.1747
vn 0.2144 0.9713 0.1035
vn -0.0000 0.5722 0.8201
vn -0.0000 0.9846 0.1746
vn 0.9208 0.3899 -0.0000
vn -0.0000 0.7084 -0.7058
vn 0.0039 -0.0000 1.0000
vn 0.1676 -0.9815 -0.0923
vn 0.9603 -0.2789 -0.0000
vn 0.8834 -0.4531 -0.1197
vn 0.8891 -0.4578 -0.0053
vn 0.8808 -0.4603 0.1108
vn 0.8808 0.4603 0.1108
vn 0.8891 0.4578 -0.0053
vn 0.8834 0.4531 -0.1197
vn 0.8877 0.1223 0.4439
vn -0.9865 0.1144 0.1168
vn -0.9940 0.0765 0.0787
vn -0.9866 -0.1144 0.1168
vn -0.9940 -0.0787 0.0765
vn -0.9845 -0.1751 0.0022
vn -0.9940 -0.0787 -0.0764
vn -0.9866 -0.1167 -0.1144
vn -0.9846 0.1751 0.0023
vn -0.9940 0.0787 -0.0765
vn -0.9866 0.1144 -0.1168
vn -0.0000 -0.7084 -0.7058
vn -0.4462 -0.8949 -0.0000
vn 0.2846 -0.9586 -0.0000
vn 0.2117 -0.9773 -0.0000
vn 0.6000 -0.8000 -0.0000
vn 0.3319 -0.9433 -0.0000
vn 0.4904 -0.8715 -0.0000
vn -0.0000 0.9182 0.3961
vn -0.0000 0.5503 0.8350
vn -0.0000 0.9356 -0.3531
vn -0.0000 0.5691 -0.8223
vn -0.8624 -0.5063 -0.0000
vn -0.0000 0.8566 0.5159
vn -0.0000 0.4935 0.8697
vn 0.2144 0.9713 -0.1034
vn 0.9209 0.3898 -0.0000
vn -0.0000 -0.5877 -0.8091
vn 0.1677 -0.9815 0.0923
vn 0.9603 -0.2789 0.0001
vn -0.0000 -0.9892 0.1467
vn -0.0000 -0.5969 0.8023
vn 0.1676 -0.9815 0.0924
vn -0.9730 0.2101 -0.0950
vn -0.9939 0.0606 -0.0920
vn -0.9939 -0.0606 -0.0920
vn -0.9730 -0.2101 -0.0951
vn -0.9195 -0.3930 -0.0000
vn -0.9195 0.3930 -0.0000
vn -0.9551 0.2963 -0.0000
vn -0.9603 -0.2789 -0.0000
vn -0.9196 -0.3930 -0.0000
vn -0.9939 0.0606 0.0920
vn -0.9730 0.2101 0.0951
vn -0.9730 -0.2101 0.0951
vn -0.9939 -0.0606 0.0920
vn -0.9748 0.1231 0.1859
vn -0.8906 0.4146 0.1869
vn -0.8244 0.5660 -0.0000
vn -0.8906 0.4146 -0.1869
vn -0.9748 0.1231 -0.1859
vn -0.9748 -0.1231 -0.1859
vn -0.8906 -0.4146 -0.1869
vn -0.8463 -0.5327 -0.0027
vn -0.8679 -0.4967 -0.0000
vn -0.9919 -0.1270 -0.0000
vn -0.8463 -0.5327 0.0027
vn -0.8906 -0.4146 0.1869
vn -0.9748 -0.1231 0.1859
vn 0.9939 -0.0606 0.0920
vn 0.9730 -0.2101 0.0951
vn 0.9551 -0.2963 -0.0000
vn 0.9919 -0.1270 -0.0000
vn 0.9730 -0.2101 -0.0951
vn 0.9939 -0.0606 -0.0920
vn 0.9939 0.0606 -0.0920
vn 0.9730 0.2101 -0.0950
vn 0.9551 0.2963 -0.0000
vn 0.9730 0.2101 0.0950
vn 0.9939 0.0606 0.0920
vn 0.9748 -0.1231 0.1859
vn 0.8906 -0.4147 0.1869
vn 0.8244 -0.5660 -0.0000
vn 0.8463 -0.5327 0.0027
vn 0.8679 -0.4967 -0.0000
vn 0.8463 -0.5327 -0.0027
vn 0.8906 -0.4147 -0.1869
vn 0.9748 -0.1231 -0.1859
vn 0.9748 0.1231 -0.1859
vn 0.8906 0.4146 -0.1869
vn 0.8244 0.5660 -0.0000
vn 0.8906 0.4146 0.1869
vn 0.9748 0.1231 0.1859
vn -0.2880 -0.9576 -0.0000
vn -0.2876 -0.9577 -0.0000
vn -0.2001 -0.9759 -0.0865
vn -0.0555 -0.9949 -0.0844
vn 0.0555 -0.9949 -0.0844
vn 0.2001 -0.9759 -0.0865
vn 0.2880 -0.9576 -0.0000
vn 0.3807 -0.9247 -0.0000
vn -0.3807 -0.9247 -0.0000
vn -0.0555 -0.9949 0.0844
vn -0.2001 -0.9759 0.0865
vn -0.3806 -0.9247 -0.0000
vn 0.2877 -0.9577 -0.0000
vn 0.2001 -0.9759 0.0865
vn 0.0555 -0.9949 0.0844
vn -0.1139 -0.9782 0.1734
vn -0.3974 -0.9012 0.1728
vn -0.5503 -0.8350 -0.0000
vn -0.5504 -0.8349 -0.0000
vn -0.3974 -0.9012 -0.1728
vn -0.1139 -0.9782 -0.1734
vn 0.1139 -0.9783 -0.1734
vn 0.3974 -0.9013 -0.1728
vn 0.5504 -0.8349 -0.0000
vn 0.5503 -0.8350 -0.0000
vn 0.3973 -0.9013 0.1728
vn 0.1139 -0.9782 0.1734
vn -0.0000 0.9846 -0.1747
vn -0.0000 0.5722 -0.8201
vn 0.2876 0.9578 -0.0000
vn 0.2877 0.9577 -0.0000
vn 0.2880 0.9576 -0.0000
vn 0.2001 0.9760 -0.0865
vn 0.0555 0.9949 -0.0844
vn -0.0555 0.9949 -0.0844
vn -0.2001 0.9759 -0.0865
vn -0.2880 0.9576 -0.0000
vn -0.2002 0.9759 0.0865
vn -0.0555 0.9949 0.0844
vn 0.0555 0.9949 0.0844
vn 0.2001 0.9760 0.0865
vn 0.2876 0.9577 -0.0000
vn -0.2877 0.9577 -0.0000
vn -0.5503 0.8350 -0.0000
vn -0.3974 0.9013 0.1728
vn -0.1139 0.9782 0.1734
vn 0.1139 0.9783 0.1733
vn 0.3974 0.9012 0.1728
vn 0.5503 0.8350 -0.0000
vn 0.5504 0.8349 -0.0000
vn 0.1906 0.9817 -0.0000
vn 0.3974 0.9012 -0.1728
vn 0.1139 0.9783 -0.1733
vn -0.1139 0.9782 -0.1734
vn -0.3974 0.9013 -0.1728
vn -0.5504 0.8349 -0.0000
vn -0.0000 0.7057 0.7085
vn 0.1676 -0.9815 0.0923
vn -0.0000 -0.9357 0.3529
vn 0.0753 -0.9506 0.3013
vn 0.0778 -0.9970 -0.0000
vn 0.1482 -0.9579 0.2461
vn 0.1517 -0.9884 -0.0000
vn -0.0000 -0.9344 -0.3561
vn 0.0753 -0.9506 -0.3013
vn 0.1485 -0.9570 -0.2492
vn -0.0000 0.3653 0.9309
vn 0.0757 0.3106 0.9475
vn 0.0801 -0.0000 0.9968
vn 0.1490 0.2554 0.9553
vn -0.0000 -0.3622 0.9321
vn 0.0757 -0.3106 0.9475
vn 0.1490 -0.2554 0.9553
vn 0.1546 0.0022 0.9880
vn -0.0000 -0.3652 -0.9309
vn 0.0758 -0.3138 -0.9465
vn 0.0801 -0.0000 -0.9968
vn 0.1493 -0.2586 -0.9544
vn 0.1546 -0.0022 -0.9880
vn -0.0000 0.3653 -0.9309
vn -0.0000 0.3652 -0.9309
vn 0.0757 0.3106 -0.9475
vn 0.1490 0.2554 -0.9553
vn -0.0000 0.9344 -0.3561
vn 0.0755 0.9495 -0.3044
vn 0.0780 0.9970 -0.0021
vn 0.1484 0.9570 -0.2492
vn 0.0753 0.9506 0.3013
vn 0.1482 0.9579 0.2461
vn 0.1520 0.9884 -0.0022
vn -0.0000 0.0302 -0.9995
vn -0.0000 0.9659 -0.2589
vn -0.0000 -0.9586 -0.2847
vn -0.2470 0.0096 -0.9690
vn 0.2470 0.0096 -0.9690
vn 0.3170 -0.2559 -0.9132
vn 0.7754 0.0083 -0.6314
vn 0.7774 -0.2686 -0.5688
vn 0.9109 0.0026 -0.4125
vn 0.9066 0.0026 -0.4220
vn 0.7716 0.0055 -0.6361
vn 0.5867 0.0110 -0.8098
vn 0.2471 0.0096 -0.9689
vn -0.3125 -0.2687 -0.9111
vn -0.7676 -0.3006 -0.5661
vn -0.7754 0.0083 -0.6314
vn -0.5867 0.0110 -0.8097
vn -0.7716 0.0055 -0.6361
vn -0.9066 0.0026 -0.4220
vn -0.9109 0.0026 -0.4127
vn -0.8895 -0.3155 -0.3306
vn -0.8839 0.4077 -0.2291
vn -0.7668 0.4489 -0.4588
vn -0.3209 0.4956 -0.8071
vn 0.7566 0.4770 -0.4473
vn 0.8991 -0.2849 -0.3323
vn -0.8130 0.0082 0.5822
vn -0.1045 0.0131 0.9944
vn -0.8130 0.0083 0.5822
vn -0.0000 0.9659 0.2589
vn -0.0000 0.0302 0.9995
vn -0.0000 -0.9586 0.2847
vn -0.0000 0.6601 0.7512
vn -0.2896 0.2523 0.9233
vn 0.2868 0.2552 0.9234
vn 0.7754 0.0083 0.6314
vn 0.2834 -0.2353 0.9297
vn 0.7546 -0.2421 0.6099
vn 0.9021 -0.2594 0.3449
vn 0.6758 0.5211 0.5212
vn 0.2198 0.5069 0.8335
vn -0.2789 -0.2476 0.9278
vn -0.6846 0.4966 0.5336
vn -0.7471 -0.2702 0.6072
vn -0.8796 0.4249 0.2139
vn -0.8933 -0.2898 0.3436
vn -0.7754 0.0082 0.6315
vn -0.9109 0.0026 0.4127
vn -0.9066 0.0026 0.4221
vn -0.7716 0.0055 0.6361
vn -0.5867 0.0110 0.8097
vn 0.5867 0.0110 0.8098
vn 0.7716 0.0055 0.6361
vn 0.9066 0.0026 0.4220
vn 0.9109 0.0026 0.4127
vn -0.0083 0.7754 -0.6314
vn 0.1768 0.7774 -0.6036
vn 0.1092 0.3064 -0.9456
vn 0.1768 -0.7774 -0.6036
vn 0.1092 -0.3063 -0.9456
vn -0.0480 -0.8078 -0.5875
vn -0.0838 -0.3065 -0.9482
vn -0.0838 0.3065 -0.9482
vn -0.0480 0.8078 -0.5875
vn -0.7068 0.6790 -0.1985
vn -0.7146 0.5690 -0.4069
vn -0.0199 0.9559 -0.2930
vn 0.2173 0.9098 -0.3535
vn -0.0026 0.9109 -0.4126
vn -0.0026 0.9066 -0.4220
vn -0.0084 0.7705 -0.6374
vn -0.0110 0.5867 -0.8098
vn -0.0124 0.3087 -0.9511
vn -0.0134 -0.3087 -0.9510
vn -0.0083 -0.7754 -0.6314
vn -0.0110 -0.5867 -0.8097
vn -0.0083 -0.7705 -0.6374
vn -0.0026 -0.9066 -0.4220
vn -0.0026 -0.9109 -0.4126
vn 0.2173 -0.9098 -0.3535
vn -0.0199 -0.9559 -0.2930
vn -0.7068 -0.6790 -0.1984
vn -0.7145 -0.5690 -0.4070
vn -0.6925 -0.2225 -0.6863
vn -0.6925 0.2225 -0.6863
vn 0.1768 -0.7774 0.6036
vn -0.0480 -0.8078 0.5875
vn 0.1092 -0.3064 0.9456
vn -0.0838 -0.3065 0.9482
vn 0.1092 0.3064 0.9456
vn -0.0838 0.3065 0.9482
vn -0.0082 0.7754 0.6314
vn 0.1768 0.7774 0.6036
vn -0.0480 0.8078 0.5875
vn -0.7146 0.5690 0.4069
vn -0.6925 0.2225 0.6863
vn -0.6925 -0.2225 0.6863
vn -0.7145 -0.5691 0.4069
vn -0.7068 -0.6790 0.1984
vn -0.0199 -0.9559 0.2930
vn 0.2173 -0.9098 0.3535
vn -0.0081 -0.7755 0.6313
vn -0.0026 -0.9109 0.4126
vn -0.0026 -0.9066 0.4220
vn -0.0083 -0.7705 0.6374
vn -0.0110 -0.5867 0.8097
vn -0.0096 -0.2471 0.9689
vn -0.0096 0.2471 0.9689
vn -0.0110 0.5867 0.8098
vn -0.0083 0.7705 0.6374
vn -0.0026 0.9066 0.4220
vn -0.0026 0.9109 0.4126
vn 0.2173 0.9098 0.3535
vn -0.0199 0.9559 0.2930
vn -0.7068 0.6790 0.1984
vn -0.7577 -0.5570 -0.3400
vn -0.7578 -0.5570 -0.3400
vn -0.8285 -0.4364 -0.3510
vn -0.8815 -0.3120 -0.3544
vn 0.4872 -0.5578 -0.6720
vn 0.2514 -0.5782 -0.7762
vn 0.5246 -0.4482 -0.7238
vn 0.5526 -0.3361 -0.7626
vn 0.5526 -0.3361 -0.7627
vn 0.2725 -0.4707 -0.8392
vn -0.0000 -0.3380 -0.9412
vn -0.0000 -0.3379 -0.9412
vn -0.2725 -0.4706 -0.8392
vn -0.5526 -0.3361 -0.7627
vn -0.5246 -0.4482 -0.7238
vn -0.4872 -0.5577 -0.6720
vn -0.2514 -0.5782 -0.7762
vn 0.7577 -0.5570 -0.3400
vn 0.7578 -0.5569 -0.3400
vn 0.8285 -0.4364 -0.3510
vn 0.8815 -0.3120 -0.3544
vn -0.8815 -0.3120 0.3544
vn -0.8285 -0.4364 0.3510
vn -0.7578 -0.5570 0.3400
vn -0.7577 -0.5570 0.3400
vn -0.5525 -0.3361 0.7627
vn -0.5246 -0.4482 0.7238
vn -0.5526 -0.3361 0.7627
vn -0.2725 -0.4707 0.8392
vn -0.4872 -0.5577 0.6720
vn -0.2514 -0.5785 0.7759
vn -0.0000 -0.3380 0.9412
vn -0.0000 -0.3379 0.9412
vn 0.2725 -0.4707 0.8392
vn 0.2516 -0.5781 0.7762
vn 0.5526 -0.3361 0.7626
vn 0.5526 -0.3361 0.7627
vn 0.5246 -0.4482 0.7238
vn 0.4872 -0.5578 0.6720
vn 0.8815 -0.3120 0.3544
vn 0.8285 -0.4364 0.3510
vn 0.7577 -0.5570 0.3400
vn 0.5570 -0.7577 -0.3400
vn 0.5568 -0.7580 -0.3398
vn 0.4364 -0.8285 -0.3510
vn 0.3120 -0.8815 -0.3544
vn 0.5577 0.4872 -0.6720
vn 0.5784 0.2516 -0.7760
vn 0.4517 0.5214 -0.7240
vn 0.3361 0.5526 -0.7627
vn 0.4707 0.2725 -0.8392
vn 0.3379 -0.0000 -0.9412
vn 0.4707 -0.2725 -0.8392
vn 0.3361 -0.5526 -0.7626
vn 0.3361 -0.5526 -0.7627
vn 0.4517 -0.5214 -0.7240
vn 0.5577 -0.4872 -0.6720
vn 0.5784 -0.2512 -0.7761
vn 0.5570 0.7577 -0.3400
vn 0.4364 0.8285 -0.3510
vn 0.3120 0.8815 -0.3544
vn 0.3120 -0.8815 0.3544
vn 0.4364 -0.8285 0.3510
vn 0.5568 -0.7580 0.3398
vn 0.5570 -0.7577 0.3400
vn 0.3361 -0.5526 0.7627
vn 0.4517 -0.5214 0.7240
vn 0.4707 -0.2725 0.8392
vn 0.5576 -0.4874 0.6719
vn 0.5782 -0.2514 0.7762
vn 0.3379 -0.0000 0.9412
vn 0.4707 0.2725 0.8392
vn 0.5781 0.2514 0.7762
vn 0.3361 0.5526 0.7627
vn 0.4516 0.5214 0.7240
vn 0.5577 0.4872 0.6720
vn 0.3120 0.8815 0.3544
vn 0.4364 0.8285 0.3510
vn 0.3119 0.8815 0.3545
vn 0.5570 0.7577 0.3400
vn -0.7069 -0.6789 -0.1984
vn -0.7146 -0.5690 -0.4069
vn -0.8890 -0.4359 -0.1405
vn -0.8986 -0.3577 -0.2542
vn -0.6925 -0.2225 -0.6862
vn -0.9007 -0.1331 -0.4135
vn -0.6925 0.2225 -0.6862
vn -0.9007 0.1332 -0.4135
vn -0.8986 0.3577 -0.2542
vn -0.8890 0.4359 -0.1406
vn -0.7069 0.6789 -0.1984
vn 0.2947 -0.9187 -0.2629
vn 0.2871 -0.9165 -0.2784
vn -0.0025 -0.9530 -0.3029
vn -0.0025 -0.9530 -0.3030
vn 0.2336 -0.5699 -0.7878
vn 0.1994 -0.5736 -0.7945
vn -0.0028 -0.5859 -0.8104
vn -0.0027 -0.5859 -0.8104
vn 0.1695 -0.0000 -0.9855
vn -0.0019 -0.0000 -1.0000
vn -0.0020 -0.0000 -1.0000
vn 0.2336 0.5699 -0.7878
vn 0.2336 0.5688 -0.7886
vn 0.1994 0.5736 -0.7945
vn -0.0027 0.5859 -0.8104
vn 0.2947 0.9187 -0.2629
vn 0.2871 0.9165 -0.2784
vn -0.0025 0.9530 -0.3029
vn -0.0025 0.9530 -0.3030
vn 0.2871 0.9165 -0.2785
vn -0.0025 0.9531 0.3028
vn 0.2871 0.9165 0.2784
vn -0.0025 0.9530 0.3029
vn 0.2871 0.9165 0.2785
vn -0.7069 -0.6789 0.1984
vn -0.8890 -0.4359 0.1405
vn -0.7146 -0.5690 0.4069
vn -0.8986 -0.3577 0.2542
vn -0.6925 -0.2225 0.6862
vn -0.9007 -0.1331 0.4135
vn -0.6925 0.2225 0.6862
vn -0.9007 0.1332 0.4135
vn -0.8986 0.3577 0.2542
vn -0.7069 0.6789 0.1984
vn -0.8890 0.4359 0.1405
vn -0.0025 -0.9530 0.3029
vn 0.2871 -0.9165 0.2784
vn -0.0025 -0.9530 0.3030
vn 0.2947 -0.9187 0.2629
vn -0.0028 -0.5859 0.8104
vn 0.1994 -0.5736 0.7945
vn -0.0027 -0.5859 0.8104
vn 0.2336 -0.5699 0.7878
vn 0.2336 -0.5689 0.7886
vn -0.0019 -0.0000 1.0000
vn 0.1695 -0.0000 0.9855
vn -0.0020 -0.0000 1.0000
vn 0.1373 -0.1083 0.9846
vn 0.1373 0.1083 0.9846
vn -0.0028 0.5859 0.8104
vn 0.1994 0.5736 0.7945
vn 0.2336 0.5699 0.7878
vt 0.805098 0.125030
vt 0.812424 0.125030
vt 0.812424 0.093284
vt 0.805098 0.093284
vt 0.863462 0.125030
vt 0.873230 0.125030
vt 0.873230 0.093284
vt 0.863462 0.093284
vt 0.125000 0.000000
vt 0.250031 0.125030
vt 0.250031 0.000000
vt 0.375061 0.000000
vt 0.375061 0.125030
vt 0.375061 0.250061
vt 0.250031 0.250061
vt 0.125000 0.250061
vt 0.125000 0.125030
vt 0.874939 0.000000
vt 0.749908 0.000000
vt 0.874939 0.125030
vt 0.749908 0.125030
vt 0.874939 0.250061
vt 0.749908 0.250061
vt 0.625122 0.250061
vt 0.625122 0.125030
vt 0.625122 0.000000
vt 0.375061 0.749939
vt 0.500092 0.874969
vt 0.500092 0.749939
vt 0.625122 0.749939
vt 0.625122 0.874969
vt 0.625122 1.000000
vt 0.500092 1.000000
vt 0.375061 1.000000
vt 0.375061 0.874969
vt 0.375061 0.499878
vt 0.500092 0.624908
vt 0.500092 0.499878
vt 0.625122 0.499878
vt 0.625122 0.624908
vt 0.375061 0.624908
vt 0.500092 0.125030
vt 0.500092 0.000000
vt 0.500092 0.250061
vt 0.812424 0.250061
vt 0.187515 0.250061
vt 0.373535 0.248005
vt 0.343681 0.156247
vt 0.626465 0.064489
vt 0.656319 0.156247
vt 0.548260 0.304782
vt 0.451740 0.304782
vt 0.625000 0.500020
vt 0.625000 0.250020
vt 0.125000 0.003317
vt 0.249908 0.124928
vt 0.249908 0.003317
vt 0.375000 0.003317
vt 0.375000 0.124928
vt 0.375000 0.168518
vt 0.249908 0.168518
vt 0.375000 0.247273
vt 0.249908 0.247273
vt 0.125000 0.247273
vt 0.125000 0.168518
vt 0.125000 0.124928
vt 0.875000 0.003317
vt 0.749909 0.003317
vt 0.875000 0.124928
vt 0.749909 0.124928
vt 0.875000 0.168518
vt 0.749909 0.168518
vt 0.875000 0.247273
vt 0.749909 0.247273
vt 0.625000 0.247273
vt 0.625000 0.168518
vt 0.625000 0.124928
vt 0.625000 0.003317
vt 0.375000 0.624928
vt 0.499908 0.624928
vt 0.375000 0.581522
vt 0.499908 0.581522
vt 0.375000 0.502767
vt 0.499908 0.502767
vt 0.625000 0.502767
vt 0.625000 0.581522
vt 0.625000 0.624928
vt 0.625000 0.746723
vt 0.499908 0.746723
vt 0.375000 0.746723
vt 0.499908 0.124928
vt 0.499908 0.003317
vt 0.499908 0.168518
vt 0.499908 0.247273
vt 0.399969 0.437851
vt 0.425122 0.437851
vt 0.399969 0.553358
vt 0.425122 0.553358
vt 0.575061 0.387302
vt 0.575061 0.358242
vt 0.599970 0.372894
vt 0.599970 0.387302
vt 0.599970 0.358242
vt 0.626343 0.248107
vt 0.548199 0.304762
vt 0.373596 0.064469
vt 0.451740 0.007570
vt 0.548199 0.007570
vt 0.451740 0.304762
vt 0.373596 0.248107
vt 0.626343 0.064469
vt 0.656136 0.156288
vt 0.343803 0.156288
vt 0.500092 0.149939
vt 0.599970 0.688401
vt 0.599970 0.652015
vt 0.624878 0.688401
vt 0.624878 0.652015
vt 0.599970 0.563126
vt 0.624878 0.563126
vt 0.599970 0.558242
vt 0.624878 0.558242
vt 0.599970 0.551404
vt 0.624878 0.551404
vt 0.599970 0.437851
vt 0.624878 0.437851
vt 0.599970 0.335287
vt 0.624878 0.335287
vt 0.599970 0.312576
vt 0.624878 0.312576
vt 0.575061 0.688401
vt 0.575061 0.652015
vt 0.575061 0.563126
vt 0.575061 0.558242
vt 0.575061 0.551404
vt 0.575061 0.437851
vt 0.575061 0.335287
vt 0.575061 0.312576
vt 0.537454 0.688401
vt 0.549908 0.652015
vt 0.549908 0.563126
vt 0.549908 0.558242
vt 0.549908 0.551404
vt 0.549908 0.437851
vt 0.549908 0.335287
vt 0.549908 0.312576
vt 0.525000 0.652015
vt 0.525000 0.563126
vt 0.525000 0.558242
vt 0.525000 0.551404
vt 0.525000 0.437851
vt 0.525000 0.335287
vt 0.525000 0.312576
vt 0.500092 0.688401
vt 0.500092 0.652015
vt 0.500092 0.563126
vt 0.500092 0.558242
vt 0.500092 0.551404
vt 0.500092 0.437851
vt 0.500092 0.335287
vt 0.500092 0.312576
vt 0.474939 0.688401
vt 0.474939 0.652015
vt 0.474939 0.563126
vt 0.474939 0.558242
vt 0.474939 0.551404
vt 0.474939 0.437851
vt 0.474939 0.335287
vt 0.474939 0.312576
vt 0.450031 0.688401
vt 0.450031 0.652015
vt 0.450031 0.563126
vt 0.450031 0.558242
vt 0.450031 0.551404
vt 0.450031 0.437851
vt 0.450031 0.335287
vt 0.450031 0.312576
vt 0.412424 0.688401
vt 0.425122 0.652015
vt 0.425122 0.563126
vt 0.425122 0.558242
vt 0.425122 0.551404
vt 0.425122 0.335287
vt 0.425122 0.312576
vt 0.399969 0.652015
vt 0.399969 0.563126
vt 0.399969 0.558242
vt 0.399969 0.551404
vt 0.399969 0.335287
vt 0.399969 0.312576
vt 0.375061 0.688401
vt 0.375061 0.652015
vt 0.375061 0.563126
vt 0.375061 0.558242
vt 0.375061 0.551404
vt 0.375061 0.437851
vt 0.375061 0.335287
vt 0.375061 0.312576
vt 0.599970 0.556288
vt 0.624878 0.556288
vt 0.599970 0.550183
vt 0.624878 0.550183
vt 0.624878 0.387302
vt 0.624878 0.358242
vt 0.575061 0.556288
vt 0.575061 0.550183
vt 0.549908 0.556288
vt 0.549908 0.550183
vt 0.549908 0.387302
vt 0.549908 0.358242
vt 0.525000 0.556288
vt 0.525000 0.550183
vt 0.525000 0.387302
vt 0.525000 0.358242
vt 0.500092 0.556288
vt 0.500092 0.550183
vt 0.500092 0.387302
vt 0.500092 0.358242
vt 0.474939 0.556288
vt 0.474939 0.550183
vt 0.474939 0.387302
vt 0.474939 0.358242
vt 0.450031 0.556288
vt 0.450031 0.550183
vt 0.450031 0.387302
vt 0.450031 0.358242
vt 0.425122 0.556288
vt 0.425122 0.550183
vt 0.425122 0.387302
vt 0.425122 0.358242
vt 0.399969 0.556288
vt 0.399969 0.550183
vt 0.399969 0.387302
vt 0.399969 0.358242
vt 0.375061 0.556288
vt 0.375061 0.550183
vt 0.375061 0.387302
vt 0.375061 0.358242
vt 0.425122 0.561172
vt 0.399969 0.561172
vt 0.425122 0.562149
vt 0.399969 0.562149
vt 0.399969 0.627106
vt 0.425122 0.627106
vt 0.599970 0.627106
vt 0.624878 0.627106
vt 0.599970 0.562149
vt 0.624878 0.562149
vt 0.599970 0.561172
vt 0.624878 0.561172
vt 0.599970 0.553358
vt 0.624878 0.553358
vt 0.575061 0.627106
vt 0.575061 0.562149
vt 0.575061 0.561172
vt 0.575061 0.553358
vt 0.549908 0.627106
vt 0.549908 0.562149
vt 0.549908 0.561172
vt 0.549908 0.553358
vt 0.525000 0.627106
vt 0.525000 0.562149
vt 0.525000 0.561172
vt 0.525000 0.553358
vt 0.500092 0.627106
vt 0.500092 0.562149
vt 0.500092 0.561172
vt 0.500092 0.553358
vt 0.474939 0.627106
vt 0.474939 0.562149
vt 0.474939 0.561172
vt 0.474939 0.553358
vt 0.450031 0.627106
vt 0.450031 0.562149
vt 0.450031 0.561172
vt 0.450031 0.553358
vt 0.375061 0.627106
vt 0.375061 0.562149
vt 0.375061 0.561172
vt 0.375061 0.553358
vt 0.599970 0.557021
vt 0.624878 0.557021
vt 0.599970 0.549939
vt 0.624878 0.549939
vt 0.575061 0.557021
vt 0.575061 0.549939
vt 0.549908 0.557021
vt 0.549908 0.549939
vt 0.525000 0.557021
vt 0.525000 0.549939
vt 0.500092 0.557021
vt 0.500092 0.549939
vt 0.474939 0.557021
vt 0.474939 0.549939
vt 0.450031 0.557021
vt 0.450031 0.549939
vt 0.425122 0.557021
vt 0.425122 0.549939
vt 0.399969 0.557021
vt 0.399969 0.549939
vt 0.375061 0.557021
vt 0.375061 0.549939
vt 0.599970 0.552625
vt 0.624878 0.552625
vt 0.575061 0.552625
vt 0.549908 0.552625
vt 0.525000 0.552625
vt 0.500092 0.552625
vt 0.474939 0.552625
vt 0.450031 0.552625
vt 0.425122 0.552625
vt 0.399969 0.552625
vt 0.375061 0.552625
vt 0.610470 0.954335
vt 0.500092 0.837607
vt 0.656136 0.843712
vt 0.610470 0.733333
vt 0.500092 0.687424
vt 0.389469 0.733333
vt 0.343803 0.843712
vt 0.389469 0.954335
vt 0.610470 0.266667
vt 0.389469 0.045665
vt 0.389469 0.266667
vt 0.610470 0.045665
vt 0.593865 0.688401
vt 0.593865 0.563126
vt 0.625122 0.688401
vt 0.625122 0.563126
vt 0.593865 0.437851
vt 0.625122 0.437851
vt 0.593865 0.312576
vt 0.625122 0.312576
vt 0.562607 0.688401
vt 0.562607 0.563126
vt 0.562607 0.437851
vt 0.562607 0.312576
vt 0.531349 0.688401
vt 0.531349 0.563126
vt 0.531349 0.437851
vt 0.531349 0.312576
vt 0.468834 0.688401
vt 0.468834 0.563126
vt 0.468834 0.437851
vt 0.468834 0.312576
vt 0.437576 0.688401
vt 0.437576 0.563126
vt 0.437576 0.437851
vt 0.437576 0.312576
vt 0.406319 0.688401
vt 0.406319 0.563126
vt 0.406319 0.437851
vt 0.406319 0.312576
vt 0.625122 0.375092
vt 0.874939 0.000733
vt 0.749908 0.000733
vt 0.749908 0.042247
vt 0.874939 0.042247
vt 0.749908 0.046642
vt 0.874939 0.046642
vt 0.749908 0.083028
vt 0.874939 0.083028
vt 0.749908 0.087179
vt 0.874939 0.087179
vt 0.625122 0.087179
vt 0.625122 0.083028
vt 0.625122 0.046642
vt 0.625122 0.042247
vt 0.625122 0.000733
vt 0.500092 0.749206
vt 0.625122 0.749206
vt 0.500092 0.707692
vt 0.625122 0.707692
vt 0.500092 0.703297
vt 0.625122 0.703297
vt 0.500092 0.666911
vt 0.625122 0.666911
vt 0.500092 0.662759
vt 0.625122 0.662759
vt 0.500092 0.087179
vt 0.500092 0.083028
vt 0.500092 0.046642
vt 0.500092 0.042247
vt 0.500092 0.000733
vt 0.562607 0.398779
vt 0.500092 0.398779
vt 0.500092 0.375092
vt 0.562607 0.375092
vt 0.210226 0.062515
vt 0.210226 0.093284
vt 0.210226 0.078632
vt 0.212424 0.093284
vt 0.212424 0.062515
vt 0.210226 0.187546
vt 0.212424 0.187546
vt 0.212424 0.078632
vt 0.212424 0.125030
vt 0.210226 0.125030
vt 0.375061 0.746764
vt 0.625122 0.746764
vt 0.500092 0.746764
vt 0.874939 0.247131
vt 0.625122 0.247131
vt 0.749908 0.247131
vt 0.874939 0.003175
vt 0.749908 0.003175
vt 0.625122 0.003175
vt 0.500092 0.003175
vt 0.375061 0.003175
vt 0.250031 0.003175
vt 0.125000 0.003175
vt 0.375061 0.247131
vt 0.250031 0.247131
vt 0.125000 0.247131
vt 0.625122 0.502808
vt 0.500092 0.502808
vt 0.375061 0.502808
vt 0.375061 0.375092
vt 0.500092 0.247131
vt 0.562607 0.849573
vt 0.562607 0.850061
vt 0.562607 0.849084
vt 0.562607 0.847863
vt 0.562607 0.851282
vt 0.437576 0.849084
vt 0.437576 0.849573
vt 0.437576 0.850061
vt 0.437576 0.847863
vt 0.437576 0.851282
vt 0.562607 0.849328
vt 0.500092 0.851282
vt 0.500092 0.847863
vt 0.500092 0.850061
vt 0.500092 0.849084
vt 0.500092 0.810501
vt 0.500092 0.812454
vt 0.562607 0.812454
vt 0.562607 0.810501
vt 0.500092 0.751648
vt 0.562607 0.751648
vt 0.562607 0.749939
vt 0.500092 0.437607
vt 0.500092 0.439316
vt 0.562607 0.439316
vt 0.562607 0.437607
vt 0.500092 0.498168
vt 0.562607 0.499878
vt 0.562607 0.498168
vt 0.562607 0.562393
vt 0.500092 0.562393
vt 0.562607 0.624908
vt 0.562607 0.656899
vt 0.500092 0.656899
vt 0.562607 0.671551
vt 0.500092 0.671551
vt 0.562607 0.687424
vt 0.437576 0.687424
vt 0.437576 0.671551
vt 0.437576 0.656899
vt 0.437576 0.624908
vt 0.437576 0.562393
vt 0.437576 0.499878
vt 0.625122 0.562393
vt 0.625122 0.656899
vt 0.625122 0.671551
vt 0.625122 0.687424
vt 0.437576 0.749939
vt 0.375061 0.687424
vt 0.375061 0.671551
vt 0.375061 0.656899
vt 0.375061 0.562393
vt 0.194841 0.093284
vt 0.187515 0.093284
vt 0.194841 0.125030
vt 0.187515 0.125030
vt 0.185562 0.125030
vt 0.185562 0.093284
vt 0.136722 0.125030
vt 0.136722 0.093284
vt 0.136722 0.078632
vt 0.185562 0.078632
vt 0.187515 0.078632
vt 0.194841 0.078632
vt 0.196062 0.078632
vt 0.196062 0.093284
vt 0.196062 0.125030
vt 0.196062 0.187546
vt 0.194841 0.187546
vt 0.187515 0.187546
vt 0.185562 0.187546
vt 0.136722 0.187546
vt 0.126709 0.187546
vt 0.126709 0.125030
vt 0.126709 0.093284
vt 0.126709 0.078632
vt 0.126709 0.062515
vt 0.136722 0.062515
vt 0.185562 0.062515
vt 0.187515 0.062515
vt 0.194841 0.062515
vt 0.196062 0.062515
vt 0.224634 0.125030
vt 0.224634 0.093284
vt 0.224145 0.125030
vt 0.224145 0.093284
vt 0.222924 0.125030
vt 0.222924 0.093284
vt 0.222924 0.078632
vt 0.224145 0.078632
vt 0.224634 0.078632
vt 0.225122 0.078632
vt 0.225122 0.093284
vt 0.225122 0.125030
vt 0.225122 0.187546
vt 0.224634 0.187546
vt 0.224145 0.187546
vt 0.222924 0.187546
vt 0.222924 0.062515
vt 0.224145 0.062515
vt 0.224634 0.062515
vt 0.225122 0.062515
vt 0.226343 0.062515
vt 0.226343 0.078632
vt 0.226343 0.093284
vt 0.226343 0.125030
vt 0.226343 0.187546
vt 0.125000 0.062515
vt 0.125000 0.078632
vt 0.125000 0.093284
vt 0.125000 0.187546
vt 0.126709 0.250061
vt 0.136722 0.250061
vt 0.185562 0.250061
vt 0.194841 0.250061
vt 0.196062 0.250061
vt 0.210226 0.250061
vt 0.212424 0.250061
vt 0.222924 0.250061
vt 0.224145 0.250061
vt 0.224634 0.250061
vt 0.225122 0.250061
vt 0.226343 0.250061
vt 0.250031 0.187546
vt 0.126709 0.000000
vt 0.136722 0.000000
vt 0.185562 0.000000
vt 0.187515 0.000000
vt 0.194841 0.000000
vt 0.196062 0.000000
vt 0.210226 0.000000
vt 0.212424 0.000000
vt 0.222924 0.000000
vt 0.224145 0.000000
vt 0.224634 0.000000
vt 0.225122 0.000000
vt 0.226343 0.000000
vt 0.250031 0.078144
vt 0.250031 0.093284
vt 0.250031 0.070574
vt 0.773840 0.093284
vt 0.775061 0.093284
vt 0.773840 0.078632
vt 0.775061 0.078632
vt 0.775305 0.093284
vt 0.775305 0.078632
vt 0.775794 0.093284
vt 0.775794 0.078632
vt 0.777015 0.093284
vt 0.777015 0.078632
vt 0.787759 0.093284
vt 0.787759 0.078632
vt 0.789713 0.093284
vt 0.789713 0.078632
vt 0.804121 0.093284
vt 0.804121 0.078632
vt 0.805098 0.078632
vt 0.863462 0.078632
vt 0.814377 0.078632
vt 0.814377 0.093284
vt 0.812424 0.078632
vt 0.814377 0.125030
vt 0.804121 0.125030
vt 0.789713 0.125030
vt 0.787759 0.125030
vt 0.777015 0.125030
vt 0.775794 0.125030
vt 0.775305 0.125030
vt 0.775061 0.125030
vt 0.773840 0.125030
vt 0.863462 0.062515
vt 0.814377 0.062515
vt 0.812424 0.062515
vt 0.805098 0.062515
vt 0.804121 0.062515
vt 0.789713 0.062515
vt 0.787759 0.062515
vt 0.777015 0.062515
vt 0.775794 0.062515
vt 0.775305 0.062515
vt 0.775061 0.062515
vt 0.773840 0.062515
vt 0.749908 0.078144
vt 0.873230 0.062515
vt 0.873230 0.078632
vt 0.873230 0.187546
vt 0.863462 0.187546
vt 0.814377 0.187546
vt 0.812424 0.187546
vt 0.805098 0.187546
vt 0.804121 0.187546
vt 0.789713 0.187546
vt 0.787759 0.187546
vt 0.777015 0.187546
vt 0.775794 0.187546
vt 0.775305 0.187546
vt 0.775061 0.187546
vt 0.773840 0.187546
vt 0.749908 0.187546
vt 0.873230 0.000000
vt 0.863462 0.000000
vt 0.814377 0.000000
vt 0.812424 0.000000
vt 0.805098 0.000000
vt 0.804121 0.000000
vt 0.789713 0.000000
vt 0.787759 0.000000
vt 0.777015 0.000000
vt 0.775794 0.000000
vt 0.775305 0.000000
vt 0.775061 0.000000
vt 0.773840 0.000000
vt 0.874939 0.062515
vt 0.874939 0.078632
vt 0.874939 0.093284
vt 0.874939 0.187546
vt 0.873230 0.250061
vt 0.863462 0.250061
vt 0.814377 0.250061
vt 0.805098 0.250061
vt 0.804121 0.250061
vt 0.789713 0.250061
vt 0.787759 0.250061
vt 0.777015 0.250061
vt 0.775794 0.250061
vt 0.775305 0.250061
vt 0.775061 0.250061
vt 0.773840 0.250061
vt 0.437576 0.837363
vt 0.500092 0.837363
vt 0.437576 0.835165
vt 0.500092 0.835165
vt 0.437576 0.821001
vt 0.500092 0.821001
vt 0.437576 0.820024
vt 0.500092 0.820024
vt 0.437576 0.812454
vt 0.437576 0.751648
vt 0.437576 0.761661
vt 0.500092 0.761661
vt 0.562607 0.761661
vt 0.437576 0.810501
vt 0.562607 0.820024
vt 0.562607 0.821001
vt 0.562607 0.835165
vt 0.562607 0.837363
vt 0.437576 0.874969
vt 0.562607 0.874969
vt 0.375061 0.751648
vt 0.375061 0.761661
vt 0.375061 0.810501
vt 0.375061 0.812454
vt 0.375061 0.820024
vt 0.375061 0.821001
vt 0.375061 0.835165
vt 0.375061 0.837363
vt 0.375061 0.847863
vt 0.375061 0.849084
vt 0.375061 0.849573
vt 0.375061 0.850061
vt 0.375061 0.851282
vt 0.625122 0.751648
vt 0.625122 0.761661
vt 0.625122 0.810501
vt 0.625122 0.812454
vt 0.625122 0.820024
vt 0.625122 0.821001
vt 0.625122 0.835165
vt 0.625122 0.837363
vt 0.625122 0.847863
vt 0.625122 0.849084
vt 0.625122 0.849573
vt 0.625122 0.850061
vt 0.625122 0.851282
vt 0.562607 0.400000
vt 0.500092 0.400000
vt 0.562607 0.400488
vt 0.500092 0.400488
vt 0.562607 0.400733
vt 0.500092 0.400733
vt 0.562607 0.401954
vt 0.500092 0.401954
vt 0.562607 0.412698
vt 0.500092 0.412698
vt 0.562607 0.414896
vt 0.500092 0.414896
vt 0.562607 0.429060
vt 0.500092 0.429060
vt 0.562607 0.430037
vt 0.500092 0.430037
vt 0.562607 0.488400
vt 0.500092 0.488400
vt 0.437576 0.488400
vt 0.437576 0.439316
vt 0.437576 0.437607
vt 0.437576 0.430037
vt 0.437576 0.429060
vt 0.437576 0.414896
vt 0.437576 0.412698
vt 0.437576 0.401954
vt 0.437576 0.400733
vt 0.437576 0.400488
vt 0.437576 0.400000
vt 0.437576 0.398779
vt 0.437576 0.375092
vt 0.375061 0.414896
vt 0.375061 0.429060
vt 0.375061 0.430037
vt 0.375061 0.437607
vt 0.375061 0.439316
vt 0.375061 0.488400
vt 0.437576 0.498168
vt 0.375061 0.498168
vt 0.625122 0.498168
vt 0.625122 0.488400
vt 0.625122 0.439316
vt 0.625122 0.437607
vt 0.625122 0.430037
vt 0.625122 0.429060
vt 0.625122 0.414896
vt 0.625122 0.412698
vt 0.625122 0.401954
vt 0.625122 0.400733
vt 0.625122 0.400488
vt 0.625122 0.400000
vt 0.625122 0.398779
vt 0.375061 0.412698
vt 0.375061 0.401954
vt 0.375061 0.400733
vt 0.375061 0.400488
vt 0.375061 0.400000
vt 0.375061 0.398779
vt 0.624947 0.249939
vt 0.500038 0.249939
vt 0.375008 0.249939
vt 0.624947 0.000000
vt 0.624947 0.125031
vt 0.375008 0.125031
vt 0.375008 0.000000
vt 0.500038 0.000000
vt 0.500038 0.125031
vt 0.548268 0.304884
vt 0.451687 0.304884
vt 0.373542 0.248107
vt 0.343750 0.156288
vt 0.626412 0.248107
vt 0.656204 0.156288
vt 0.624947 0.500000
vt 0.500038 0.500000
vt 0.624947 0.374969
vt 0.500038 0.374969
vt 0.626412 0.248076
vt 0.656250 0.156272
vt 0.373588 0.248076
vt 0.451732 0.304853
vt 0.548268 0.304853
vt 0.343750 0.156272
vt 0.500038 0.150014
s 1
usemtl ISSGray2
f 1/1/1 2/2/1 3/1/2
f 4/2/3 5/1/3 6/2/4
f 5/1/3 7/1/4 6/2/4
f 6/2/4 7/1/4 8/2/5
f 7/1/4 9/1/6 8/2/5
f 8/2/5 9/1/6 10/2/7
f 9/1/6 3/1/2 10/2/7
f 3/1/2 2/2/1 10/2/7
s 0
f 11/2/8 12/3/8 13/2/8
f 14/3/8 15/2/8 16/3/8
f 15/2/8 17/2/8 16/3/8
f 16/3/8 17/2/8 18/3/8
f 17/2/8 19/2/8 18/3/8
f 18/3/8 19/2/8 20/3/8
f 19/2/8 13/2/8 20/3/8
f 13/2/8 12/3/8 20/3/8
s 1
f 21/3/9 22/4/10 23/3/11
f 24/4/12 25/3/12 26/4/13
f 25/3/12 27/3/14 26/4/13
f 26/4/13 27/3/14 28/4/15
f 27/3/14 29/3/15 28/4/15
f 28/4/15 29/3/15 30/4/16
f 29/3/15 23/3/11 30/4/16
f 23/3/11 22/4/10 30/4/16
s 0
f 31/4/17 32/1/17 33/4/17
f 34/1/17 35/4/17 36/1/17
f 35/4/17 37/4/17 36/1/17
f 36/1/17 37/4/17 38/1/17
f 37/4/17 39/4/17 38/1/17
f 38/1/17 39/4/17 40/1/17
f 39/4/17 33/4/17 40/1/17
f 33/4/17 32/1/17 40/1/17
s 1
f 41/5/18 42/6/19 43/5/20
f 44/6/21 45/5/22 46/6/23
f 45/5/22 47/5/23 46/6/23
f 46/6/23 47/5/23 48/6/24
f 47/5/23 49/5/24 48/6/24
f 48/6/24 49/5/24 50/6/25
f 49/5/24 43/5/20 50/6/25
f 43/5/20 42/6/19 50/6/25
s 0
f 51/6/8 52/7/8 53/6/8
f 54/7/8 55/6/8 56/7/8
f 55/6/8 57/6/8 56/7/8
f 56/7/8 57/6/8 58/7/8
f 57/6/8 59/6/8 58/7/8
f 58/7/8 59/6/8 60/7/8
f 59/6/8 53/6/8 60/7/8
f 53/6/8 52/7/8 60/7/8
s 1
f 61/7/26 62/8/27 63/7/28
f 64/8/29 65/7/30 66/8/31
f 65/7/30 67/7/31 66/8/31
f 66/8/31 67/7/31 68/8/32
f 67/7/31 69/7/32 68/8/32
f 68/8/32 69/7/32 70/8/33
f 69/7/32 63/7/28 70/8/33
f 63/7/28 62/8/27 70/8/33
s 0
f 71/8/17 72/5/17 73/8/17
f 74/5/17 75/8/17 76/5/17
f 75/8/17 77/8/17 76/5/17
f 76/5/17 77/8/17 78/5/17
f 77/8/17 79/8/17 78/5/17
f 78/5/17 79/8/17 80/5/17
f 79/8/17 73/8/17 80/5/17
f 73/8/17 72/5/17 80/5/17
f 81/4/34 82/1/34 83/3/34
f 82/1/34 84/2/34 83/3/34
f 85/8/34 86/5/34 87/7/34
f 86/5/34 88/6/34 87/7/34
f 89/9/35 90/10/35 91/11/35
f 92/12/35 91/11/35 93/13/35
f 91/11/35 90/10/35 93/13/35
f 93/13/35 90/10/35 94/14/35
f 94/14/35 90/10/35 95/15/35
f 96/16/35 95/15/35 97/17/35
f 95/15/35 90/10/35 97/17/35
f 90/10/35 89/9/35 97/17/35
s 1
f 98/18/34 99/19/34 100/20/36
f 99/19/34 101/21/37 100/20/36
f 100/20/36 101/21/37 102/22/38
f 102/22/38 101/21/37 103/23/39
f 104/24/40 103/23/39 105/25/41
f 103/23/39 101/21/37 105/25/41
f 105/25/41 101/21/37 106/26/34
f 101/21/37 99/19/34 106/26/34
s 0
f 107/27/42 108/28/42 109/29/42
f 110/30/42 109/29/42 111/31/42
f 109/29/42 108/28/42 111/31/42
f 111/31/42 108/28/42 112/32/42
f 112/32/42 108/28/42 113/33/42
f 114/34/42 113/33/42 115/35/42
f 113/33/42 108/28/42 115/35/42
f 108/28/42 107/27/42 115/35/42
f 116/36/8 117/37/8 118/38/8
f 119/39/8 118/38/8 120/40/8
f 118/38/8 117/37/8 120/40/8
f 120/40/8 117/37/8 121/30/8
f 121/30/8 117/37/8 122/29/8
f 123/27/8 122/29/8 124/41/8
f 122/29/8 117/37/8 124/41/8
f 117/37/8 116/36/8 124/41/8
f 125/12/17 126/42/17 127/43/17
f 128/26/17 127/43/17 129/25/17
f 127/43/17 126/42/17 129/25/17
f 129/25/17 126/42/17 130/24/17
f 130/24/17 126/42/17 131/44/17
f 132/14/17 131/44/17 133/13/17
f 131/44/17 126/42/17 133/13/17
f 126/42/17 125/12/17 133/13/17
f 134/9/35 135/10/35 136/11/35
f 137/12/35 136/11/35 138/13/35
f 136/11/35 135/10/35 138/13/35
f 138/13/35 135/10/35 139/14/35
f 139/14/35 135/10/35 140/15/35
f 141/16/35 140/15/35 142/17/35
f 140/15/35 135/10/35 142/17/35
f 135/10/35 134/9/35 142/17/35
f 143/18/34 144/19/34 145/20/34
f 144/19/34 146/21/34 145/20/34
s 1
f 145/20/34 146/21/34 147/22/43
f 147/22/43 146/21/34 148/23/43
f 149/24/43 148/23/43 150/25/34
f 148/23/43 146/21/34 150/25/34
s 0
f 150/25/34 146/21/34 151/26/34
f 146/21/34 144/19/34 151/26/34
f 152/27/42 153/28/42 154/29/42
f 155/30/42 154/29/42 156/31/42
f 154/29/42 153/28/42 156/31/42
f 156/31/42 153/28/42 157/32/42
f 157/32/42 153/28/42 158/33/42
f 159/34/42 158/33/42 160/35/42
f 158/33/42 153/28/42 160/35/42
f 153/28/42 152/27/42 160/35/42
f 161/36/8 162/37/8 163/38/8
f 164/39/8 163/38/8 165/40/8
f 163/38/8 162/37/8 165/40/8
f 165/40/8 162/37/8 166/30/8
f 166/30/8 162/37/8 167/29/8
f 168/27/8 167/29/8 169/41/8
f 167/29/8 162/37/8 169/41/8
f 162/37/8 161/36/8 169/41/8
f 170/12/17 171/42/17 172/43/17
f 173/26/17 172/43/17 174/25/17
f 172/43/17 171/42/17 174/25/17
f 174/25/17 171/42/17 175/24/17
f 175/24/17 171/42/17 176/44/17
f 177/14/17 176/44/17 178/13/17
f 176/44/17 171/42/17 178/13/17
f 171/42/17 170/12/17 178/13/17
f 179/9/35 180/10/35 181/11/35
f 182/12/35 181/11/35 183/13/35
f 181/11/35 180/10/35 183/13/35
f 183/13/35 180/10/35 184/15/35
f 184/15/35 180/10/35 185/17/35
f 180/10/35 179/9/35 185/17/35
f 186/18/34 187/19/34 188/20/34
f 187/19/34 189/21/34 188/20/34
f 188/20/34 189/21/34 190/45/34
f 191/24/34 190/45/34 192/25/34
f 190/45/34 189/21/34 192/25/34
f 192/25/34 189/21/34 193/26/34
f 189/21/34 187/19/34 193/26/34
f 194/27/42 195/28/42 196/29/42
f 197/30/42 196/29/42 198/31/42
f 196/29/42 195/28/42 198/31/42
f 198/31/42 195/28/42 199/32/42
f 199/32/42 195/28/42 200/33/42
f 201/34/42 200/33/42 202/35/42
f 200/33/42 195/28/42 202/35/42
f 195/28/42 194/27/42 202/35/42
s 1
f 203/36/44 204/37/45 205/38/46
f 206/39/47 205/38/46 207/40/48
f 205/38/46 204/37/45 207/40/48
f 207/40/48 204/37/45 208/30/8
f 208/30/8 204/37/45 209/29/8
f 210/27/8 209/29/8 211/41/49
f 209/29/8 204/37/45 211/41/49
f 204/37/45 203/36/44 211/41/49
f 212/12/17 213/42/50 214/43/17
f 215/26/17 214/43/17 216/25/51
f 214/43/17 213/42/50 216/25/51
f 216/25/51 213/42/50 217/24/52
f 217/24/52 213/42/50 218/44/53
f 219/15/54 218/44/53 220/13/55
f 218/44/53 213/42/50 220/13/55
f 213/42/50 212/12/17 220/13/55
f 221/2/3 222/2/4 223/1/3
f 223/1/3 222/2/4 224/1/56
f 222/2/4 225/2/5 224/1/56
f 224/1/56 225/2/5 226/1/5
f 225/2/5 227/2/7 226/1/5
f 226/1/5 227/2/7 228/1/2
f 227/2/7 229/2/57 228/1/2
f 229/2/57 230/1/57 228/1/2
s 0
f 231/3/17 232/3/17 233/2/17
f 233/2/17 232/3/17 234/2/17
f 232/3/17 235/3/17 234/2/17
f 234/2/17 235/3/17 236/2/17
f 235/3/17 237/3/17 236/2/17
f 236/2/17 237/3/17 238/2/17
f 237/3/17 239/3/17 238/2/17
f 239/3/17 240/2/17 238/2/17
s 1
f 241/4/12 242/4/13 243/3/12
f 243/3/12 242/4/13 244/3/14
f 242/4/13 245/4/15 244/3/14
f 244/3/14 245/4/15 246/3/58
f 245/4/15 247/4/16 246/3/58
f 246/3/58 247/4/16 248/3/11
f 247/4/16 249/4/10 248/3/11
f 249/4/10 250/3/9 248/3/11
s 0
f 251/1/8 252/1/8 253/4/8
f 253/4/8 252/1/8 254/4/8
f 252/1/8 255/1/8 254/4/8
f 254/4/8 255/1/8 256/4/8
f 255/1/8 257/1/8 256/4/8
f 256/4/8 257/1/8 258/4/8
f 257/1/8 259/1/8 258/4/8
f 259/1/8 260/4/8 258/4/8
s 1
f 261/6/22 262/6/23 263/5/22
f 263/5/22 262/6/23 264/5/23
f 262/6/23 265/6/24 264/5/23
f 264/5/23 265/6/24 266/5/24
f 265/6/24 267/6/20 266/5/24
f 266/5/24 267/6/20 268/5/59
f 267/6/20 269/6/18 268/5/59
f 269/6/18 270/5/18 268/5/59
s 0
f 271/7/17 272/7/17 273/6/17
f 273/6/17 272/7/17 274/6/17
f 272/7/17 275/7/17 274/6/17
f 274/6/17 275/7/17 276/6/17
f 275/7/17 277/7/17 276/6/17
f 276/6/17 277/7/17 278/6/17
f 277/7/17 279/7/17 278/6/17
f 279/7/17 280/6/17 278/6/17
s 1
f 281/8/29 282/8/31 283/7/29
f 283/7/29 282/8/31 284/7/31
f 282/8/31 285/8/32 284/7/31
f 284/7/31 285/8/32 286/7/32
f 285/8/32 287/8/33 286/7/32
f 286/7/32 287/8/33 288/7/28
f 287/8/33 289/8/27 288/7/28
f 289/8/27 290/7/26 288/7/28
s 0
f 291/5/8 292/5/8 293/8/8
f 293/8/8 292/5/8 294/8/8
f 292/5/8 295/5/8 294/8/8
f 294/8/8 295/5/8 296/8/8
f 295/5/8 297/5/8 296/8/8
f 296/8/8 297/5/8 298/8/8
f 297/5/8 299/5/8 298/8/8
f 299/5/8 300/8/8 298/8/8
f 301/2/34 302/1/34 303/3/34
f 302/1/34 304/4/34 303/3/34
f 305/6/34 306/5/34 307/7/34
f 306/5/34 308/8/34 307/7/34
f 309/9/35 310/10/35 311/17/35
f 312/16/35 311/17/35 313/15/35
f 311/17/35 310/10/35 313/15/35
f 313/15/35 310/10/35 314/14/35
f 314/14/35 310/10/35 315/13/35
f 316/12/35 315/13/35 317/11/35
f 315/13/35 310/10/35 317/11/35
f 310/10/35 309/9/35 317/11/35
s 1
f 318/19/34 319/21/37 320/26/34
f 320/26/34 319/21/37 321/25/60
f 322/24/61 321/25/60 323/23/62
f 321/25/60 319/21/37 323/23/62
f 323/23/62 319/21/37 324/22/63
f 324/22/63 319/21/37 325/20/64
f 319/21/37 318/19/34 325/20/64
f 318/19/34 326/18/34 325/20/64
s 0
f 327/27/42 328/28/42 329/35/42
f 330/34/42 329/35/42 331/33/42
f 329/35/42 328/28/42 331/33/42
f 331/33/42 328/28/42 332/32/42
f 332/32/42 328/28/42 333/31/42
f 334/30/42 333/31/42 335/29/42
f 333/31/42 328/28/42 335/29/42
f 328/28/42 327/27/42 335/29/42
f 336/36/17 337/37/17 338/41/17
f 339/27/17 338/41/17 340/29/17
f 338/41/17 337/37/17 340/29/17
f 340/29/17 337/37/17 341/30/17
f 341/30/17 337/37/17 342/40/17
f 343/39/17 342/40/17 344/38/17
f 342/40/17 337/37/17 344/38/17
f 337/37/17 336/36/17 344/38/17
f 345/12/8 346/42/8 347/13/8
f 348/14/8 347/13/8 349/44/8
f 347/13/8 346/42/8 349/44/8
f 349/44/8 346/42/8 350/24/8
f 350/24/8 346/42/8 351/25/8
f 352/26/8 351/25/8 353/43/8
f 351/25/8 346/42/8 353/43/8
f 346/42/8 345/12/8 353/43/8
f 354/9/35 355/10/35 356/17/35
f 357/16/35 356/17/35 358/15/35
f 356/17/35 355/10/35 358/15/35
f 358/15/35 355/10/35 359/14/35
f 359/14/35 355/10/35 360/13/35
f 361/12/35 360/13/35 362/11/35
f 360/13/35 355/10/35 362/11/35
f 355/10/35 354/9/35 362/11/35
f 363/19/34 364/21/34 365/26/34
f 365/26/34 364/21/34 366/25/34
s 1
f 367/24/43 366/25/34 368/23/43
f 366/25/34 364/21/34 368/23/43
f 368/23/43 364/21/34 369/22/43
f 369/22/43 364/21/34 370/20/34
s 0
f 364/21/34 363/19/34 370/20/34
f 363/19/34 371/18/34 370/20/34
f 372/27/42 373/28/42 374/35/42
f 375/34/42 374/35/42 376/33/42
f 374/35/42 373/28/42 376/33/42
f 376/33/42 373/28/42 377/32/42
f 377/32/42 373/28/42 378/31/42
f 379/30/42 378/31/42 380/29/42
f 378/31/42 373/28/42 380/29/42
f 373/28/42 372/27/42 380/29/42
f 381/36/17 382/37/17 383/41/17
f 384/27/17 383/41/17 385/29/17
f 383/41/17 382/37/17 385/29/17
f 385/29/17 382/37/17 386/30/17
f 386/30/17 382/37/17 387/40/17
f 388/39/17 387/40/17 389/38/17
f 387/40/17 382/37/17 389/38/17
f 382/37/17 381/36/17 389/38/17
f 390/12/8 391/42/8 392/13/8
f 393/14/8 392/13/8 394/44/8
f 392/13/8 391/42/8 394/44/8
f 394/44/8 391/42/8 395/24/8
f 395/24/8 391/42/8 396/25/8
f 397/26/8 396/25/8 398/43/8
f 396/25/8 391/42/8 398/43/8
f 391/42/8 390/12/8 398/43/8
f 399/46/35 400/17/35 401/10/35
f 400/17/35 402/9/35 401/10/35
f 403/14/35 401/10/35 404/13/35
f 405/12/35 404/13/35 406/11/35
f 404/13/35 401/10/35 406/11/35
f 401/10/35 402/9/35 406/11/35
f 407/19/34 408/21/34 409/26/34
f 409/26/34 408/21/34 410/25/34
f 411/24/34 410/25/34 412/45/34
f 410/25/34 408/21/34 412/45/34
f 412/45/34 408/21/34 413/20/34
f 408/21/34 407/19/34 413/20/34
f 407/19/34 414/18/34 413/20/34
f 415/27/42 416/28/42 417/35/42
f 418/34/42 417/35/42 419/33/42
f 417/35/42 416/28/42 419/33/42
f 419/33/42 416/28/42 420/32/42
f 420/32/42 416/28/42 421/31/42
f 422/30/42 421/31/42 423/29/42
f 421/31/42 416/28/42 423/29/42
f 416/28/42 415/27/42 423/29/42
s 1
f 424/36/65 425/37/66 426/41/67
f 427/27/17 426/41/67 428/29/17
f 426/41/67 425/37/66 428/29/17
f 428/29/17 425/37/66 429/30/17
f 429/30/17 425/37/66 430/40/68
f 431/39/69 430/40/68 432/38/70
f 430/40/68 425/37/66 432/38/70
f 425/37/66 424/36/65 432/38/70
f 433/12/8 434/42/71 435/13/72
f 436/14/73 435/13/72 437/44/74
f 435/13/72 434/42/71 437/44/74
f 437/44/74 434/42/71 438/24/75
f 438/24/75 434/42/71 439/25/76
f 440/26/8 439/25/76 441/43/8
f 439/25/76 434/42/71 441/43/8
f 434/42/71 433/12/8 441/43/8
usemtl ISSSolarPanels
f 442/47/77 443/47/78 444/47/77
f 443/47/78 445/47/78 444/47/77
f 446/48/79 447/48/80 448/48/79
f 447/48/80 449/48/80 448/48/79
f 450/49/81 451/49/82 452/49/81
f 451/49/82 453/49/82 452/49/81
f 454/50/83 455/50/84 456/50/83
f 455/50/84 457/50/84 456/50/83
f 458/51/85 459/51/85 460/51/35
f 459/51/85 461/51/35 460/51/35
f 462/52/86 463/52/86 464/52/34
f 463/52/86 465/52/34 464/52/34
f 466/51/35 467/51/87 468/51/35
f 467/51/87 469/51/87 468/51/35
f 470/52/34 471/52/88 472/52/34
f 471/52/88 473/52/88 472/52/34
s 0
f 474/52/89 475/52/89 476/52/89
f 475/52/89 477/52/89 476/52/89
f 478/51/42 479/51/42 480/51/42
f 479/51/42 481/51/42 480/51/42
s 1
f 482/51/90 483/51/90 484/51/91
f 483/51/90 485/51/92 484/51/91
f 486/52/93 487/52/94 488/52/95
f 487/52/94 489/52/95 488/52/95
s 0
f 490/52/89 491/52/89 492/52/89
f 491/52/89 493/52/89 492/52/89
f 494/51/42 495/51/42 496/51/42
f 495/51/42 497/51/42 496/51/42
s 1
f 498/51/96 499/51/97 500/51/98
f 499/51/97 501/51/99 500/51/98
f 502/52/95 503/52/100 504/52/95
f 503/52/100 505/52/101 504/52/95
s 0
f 506/53/42 507/53/42 508/53/42
f 507/53/42 509/53/42 508/53/42
f 510/54/42 511/54/42 512/54/42
f 511/54/42 513/54/42 512/54/42
f 514/53/42 515/53/42 516/53/42
f 515/53/42 517/53/42 516/53/42
f 518/54/42 519/54/42 520/54/42
f 519/54/42 521/54/42 520/54/42
f 522/53/42 523/53/42 524/53/42
f 523/53/42 525/53/42 524/53/42
f 526/54/42 527/54/42 528/54/42
f 527/54/42 529/54/42 528/54/42
f 530/53/42 531/53/42 532/53/42
f 531/53/42 533/53/42 532/53/42
f 534/54/42 535/54/42 536/54/42
f 535/54/42 537/54/42 536/54/42
f 538/55/35 539/56/35 540/57/35
f 541/58/35 540/57/35 542/59/35
f 540/57/35 539/56/35 542/59/35
f 542/59/35 539/56/35 543/60/35
f 539/56/35 544/61/35 543/60/35
f 543/60/35 544/61/35 545/62/35
f 545/62/35 544/61/35 546/63/35
f 547/64/35 546/63/35 548/65/35
f 546/63/35 544/61/35 548/65/35
f 548/65/35 544/61/35 549/66/35
f 544/61/35 539/56/35 549/66/35
f 539/56/35 538/55/35 549/66/35
f 550/67/34 551/68/34 552/69/34
f 551/68/34 553/70/34 552/69/34
f 552/69/34 553/70/34 554/71/34
f 553/70/34 555/72/34 554/71/34
f 554/71/34 555/72/34 556/73/34
f 556/73/34 555/72/34 557/74/34
f 558/75/34 557/74/34 559/76/34
f 557/74/34 555/72/34 559/76/34
f 559/76/34 555/72/34 560/77/34
f 555/72/34 553/70/34 560/77/34
f 560/77/34 553/70/34 561/78/34
f 553/70/34 551/68/34 561/78/34
f 562/79/17 563/80/17 564/81/17
f 563/80/17 565/82/17 564/81/17
f 564/81/17 565/82/17 566/83/17
f 566/83/17 565/82/17 567/84/17
f 568/85/17 567/84/17 569/86/17
f 567/84/17 565/82/17 569/86/17
f 569/86/17 565/82/17 570/87/17
f 565/82/17 563/80/17 570/87/17
f 570/87/17 563/80/17 571/88/17
f 571/88/17 563/80/17 572/89/17
f 563/80/17 562/79/17 572/89/17
f 562/79/17 573/90/17 572/89/17
f 574/58/8 575/91/8 576/92/8
f 577/78/8 576/92/8 578/77/8
f 576/92/8 575/91/8 578/77/8
f 578/77/8 575/91/8 579/76/8
f 575/91/8 580/93/8 579/76/8
f 579/76/8 580/93/8 581/75/8
f 581/75/8 580/93/8 582/94/8
f 583/62/8 582/94/8 584/60/8
f 582/94/8 580/93/8 584/60/8
f 584/60/8 580/93/8 585/59/8
f 580/93/8 575/91/8 585/59/8
f 575/91/8 574/58/8 585/59/8
f 586/55/35 587/56/35 588/57/35
f 589/58/35 588/57/35 590/59/35
f 588/57/35 587/56/35 590/59/35
f 590/59/35 587/56/35 591/60/35
f 587/56/35 592/61/35 591/60/35
f 591/60/35 592/61/35 593/62/35
f 593/62/35 592/61/35 594/63/35
f 595/64/35 594/63/35 596/65/35
f 594/63/35 592/61/35 596/65/35
f 596/65/35 592/61/35 597/66/35
f 592/61/35 587/56/35 597/66/35
f 587/56/35 586/55/35 597/66/35
f 598/67/34 599/68/34 600/69/34
f 599/68/34 601/70/34 600/69/34
f 600/69/34 601/70/34 602/71/34
f 601/70/34 603/72/34 602/71/34
f 602/71/34 603/72/34 604/73/34
f 604/73/34 603/72/34 605/74/34
f 606/75/34 605/74/34 607/76/34
f 605/74/34 603/72/34 607/76/34
f 607/76/34 603/72/34 608/77/34
f 603/72/34 601/70/34 608/77/34
f 608/77/34 601/70/34 609/78/34
f 601/70/34 599/68/34 609/78/34
f 610/79/17 611/80/17 612/81/17
f 611/80/17 613/82/17 612/81/17
f 612/81/17 613/82/17 614/83/17
s 1
f 614/83/17 613/82/17 615/84/102
f 616/85/102 615/84/102 617/86/17
f 615/84/102 613/82/17 617/86/17
s 0
f 617/86/17 613/82/17 618/87/17
f 613/82/17 611/80/17 618/87/17
f 618/87/17 611/80/17 619/88/17
f 619/88/17 611/80/17 620/89/17
f 611/80/17 610/79/17 620/89/17
f 610/79/17 621/90/17 620/89/17
s 1
f 622/58/103 623/91/8 624/92/103
f 625/78/103 624/92/103 626/77/8
f 624/92/103 623/91/8 626/77/8
s 0
f 626/77/8 623/91/8 627/76/8
f 623/91/8 628/93/8 627/76/8
f 627/76/8 628/93/8 629/75/8
f 629/75/8 628/93/8 630/94/8
f 631/62/8 630/94/8 632/60/8
f 630/94/8 628/93/8 632/60/8
f 632/60/8 628/93/8 633/59/8
f 628/93/8 623/91/8 633/59/8
s 1
f 623/91/8 622/58/103 633/59/8
s 0
f 634/55/35 635/56/35 636/57/35
f 637/58/35 636/57/35 638/59/35
f 636/57/35 635/56/35 638/59/35
f 638/59/35 635/56/35 639/60/35
f 635/56/35 640/61/35 639/60/35
f 639/60/35 640/61/35 641/62/35
f 641/62/35 640/61/35 642/63/35
f 643/64/35 642/63/35 644/65/35
f 642/63/35 640/61/35 644/65/35
f 644/65/35 640/61/35 645/66/35
f 640/61/35 635/56/35 645/66/35
f 635/56/35 634/55/35 645/66/35
f 646/67/34 647/68/34 648/69/34
f 647/68/34 649/70/34 648/69/34
f 648/69/34 649/70/34 650/71/34
f 649/70/34 651/72/34 650/71/34
f 650/71/34 651/72/34 652/73/34
f 652/73/34 651/72/34 653/74/34
f 654/75/34 653/74/34 655/76/34
f 653/74/34 651/72/34 655/76/34
f 655/76/34 651/72/34 656/77/34
f 651/72/34 649/70/34 656/77/34
f 656/77/34 649/70/34 657/78/34
f 649/70/34 647/68/34 657/78/34
f 658/79/17 659/80/17 660/81/17
f 659/80/17 661/82/17 660/81/17
f 660/81/17 661/82/17 662/83/17
f 662/83/17 661/82/17 663/84/17
f 664/85/17 663/84/17 665/86/17
f 663/84/17 661/82/17 665/86/17
f 665/86/17 661/82/17 666/87/17
f 661/82/17 659/80/17 666/87/17
f 666/87/17 659/80/17 667/88/17
f 667/88/17 659/80/17 668/89/17
f 659/80/17 658/79/17 668/89/17
f 658/79/17 669/90/17 668/89/17
f 670/58/8 671/91/8 672/92/8
f 673/78/8 672/92/8 674/77/8
f 672/92/8 671/91/8 674/77/8
f 674/77/8 671/91/8 675/76/8
f 671/91/8 676/93/8 675/76/8
f 675/76/8 676/93/8 677/75/8
f 677/75/8 676/93/8 678/94/8
f 679/62/8 678/94/8 680/60/8
f 678/94/8 676/93/8 680/60/8
f 680/60/8 676/93/8 681/59/8
f 676/93/8 671/91/8 681/59/8
f 671/91/8 670/58/8 681/59/8
f 682/55/35 683/56/35 684/57/35
f 685/58/35 684/57/35 686/59/35
f 684/57/35 683/56/35 686/59/35
f 686/59/35 683/56/35 687/60/35
f 683/56/35 688/61/35 687/60/35
f 687/60/35 688/61/35 689/62/35
f 689/62/35 688/61/35 690/63/35
f 691/64/35 690/63/35 692/65/35
f 690/63/35 688/61/35 692/65/35
f 692/65/35 688/61/35 693/66/35
f 688/61/35 683/56/35 693/66/35
f 683/56/35 682/55/35 693/66/35
f 694/67/34 695/68/34 696/69/34
f 695/68/34 697/70/34 696/69/34
f 696/69/34 697/70/34 698/71/34
f 697/70/34 699/72/34 698/71/34
f 698/71/34 699/72/34 700/73/34
f 700/73/34 699/72/34 701/74/34
f 702/75/34 701/74/34 703/76/34
f 701/74/34 699/72/34 703/76/34
f 703/76/34 699/72/34 704/77/34
f 699/72/34 697/70/34 704/77/34
f 704/77/34 697/70/34 705/78/34
f 697/70/34 695/68/34 705/78/34
f 706/79/17 707/80/17 708/81/17
f 707/80/17 709/82/17 708/81/17
f 708/81/17 709/82/17 710/83/17
s 1
f 710/83/17 709/82/17 711/84/102
f 712/85/102 711/84/102 713/86/17
f 711/84/102 709/82/17 713/86/17
s 0
f 713/86/17 709/82/17 714/87/17
f 709/82/17 707/80/17 714/87/17
f 714/87/17 707/80/17 715/88/17
f 715/88/17 707/80/17 716/89/17
f 707/80/17 706/79/17 716/89/17
f 706/79/17 717/90/17 716/89/17
s 1
f 718/58/103 719/91/8 720/92/103
f 721/78/103 720/92/103 722/77/8
f 720/92/103 719/91/8 722/77/8
s 0
f 722/77/8 719/91/8 723/76/8
f 719/91/8 724/93/8 723/76/8
f 723/76/8 724/93/8 725/75/8
f 725/75/8 724/93/8 726/94/8
f 727/62/8 726/94/8 728/60/8
f 726/94/8 724/93/8 728/60/8
f 728/60/8 724/93/8 729/59/8
f 724/93/8 719/91/8 729/59/8
s 1
f 719/91/8 718/58/103 729/59/8
s 0
f 730/55/35 731/56/35 732/57/35
f 733/58/35 732/57/35 734/59/35
f 732/57/35 731/56/35 734/59/35
f 734/59/35 731/56/35 735/60/35
f 731/56/35 736/61/35 735/60/35
f 735/60/35 736/61/35 737/62/35
f 737/62/35 736/61/35 738/63/35
f 739/64/35 738/63/35 740/65/35
f 738/63/35 736/61/35 740/65/35
f 740/65/35 736/61/35 741/66/35
f 736/61/35 731/56/35 741/66/35
f 731/56/35 730/55/35 741/66/35
f 742/67/34 743/68/34 744/69/34
f 743/68/34 745/70/34 744/69/34
f 744/69/34 745/70/34 746/71/34
f 745/70/34 747/72/34 746/71/34
f 746/71/34 747/72/34 748/73/34
f 748/73/34 747/72/34 749/74/34
f 750/75/34 749/74/34 751/76/34
f 749/74/34 747/72/34 751/76/34
f 751/76/34 747/72/34 752/77/34
f 747/72/34 745/70/34 752/77/34
f 752/77/34 745/70/34 753/78/34
f 745/70/34 743/68/34 753/78/34
f 754/79/8 755/80/8 756/81/8
f 755/80/8 757/82/8 756/81/8
f 756/81/8 757/82/8 758/83/8
f 758/83/8 757/82/8 759/84/8
f 760/85/8 759/84/8 761/86/8
f 759/84/8 757/82/8 761/86/8
f 761/86/8 757/82/8 762/87/8
f 757/82/8 755/80/8 762/87/8
f 762/87/8 755/80/8 763/88/8
f 763/88/8 755/80/8 764/89/8
f 755/80/8 754/79/8 764/89/8
f 754/79/8 765/90/8 764/89/8
f 766/58/17 767/91/17 768/92/17
f 769/78/17 768/92/17 770/77/17
f 768/92/17 767/91/17 770/77/17
f 770/77/17 767/91/17 771/76/17
f 767/91/17 772/93/17 771/76/17
f 771/76/17 772/93/17 773/75/17
f 773/75/17 772/93/17 774/94/17
f 775/62/17 774/94/17 776/60/17
f 774/94/17 772/93/17 776/60/17
f 776/60/17 772/93/17 777/59/17
f 772/93/17 767/91/17 777/59/17
f 767/91/17 766/58/17 777/59/17
f 778/55/35 779/56/35 780/57/35
f 781/58/35 780/57/35 782/59/35
f 780/57/35 779/56/35 782/59/35
f 782/59/35 779/56/35 783/60/35
f 779/56/35 784/61/35 783/60/35
f 783/60/35 784/61/35 785/62/35
f 785/62/35 784/61/35 786/63/35
f 787/64/35 786/63/35 788/65/35
f 786/63/35 784/61/35 788/65/35
f 788/65/35 784/61/35 789/66/35
f 784/61/35 779/56/35 789/66/35
f 779/56/35 778/55/35 789/66/35
f 790/67/34 791/68/34 792/69/34
f 791/68/34 793/70/34 792/69/34
f 792/69/34 793/70/34 794/71/34
f 793/70/34 795/72/34 794/71/34
f 794/71/34 795/72/34 796/73/34
f 796/73/34 795/72/34 797/74/34
f 798/75/34 797/74/34 799/76/34
f 797/74/34 795/72/34 799/76/34
f 799/76/34 795/72/34 800/77/34
f 795/72/34 793/70/34 800/77/34
f 800/77/34 793/70/34 801/78/34
f 793/70/34 791/68/34 801/78/34
f 802/79/8 803/80/8 804/81/8
f 803/80/8 805/82/8 804/81/8
f 804/81/8 805/82/8 806/83/8
s 1
f 806/83/8 805/82/8 807/84/104
f 808/85/104 807/84/104 809/86/8
f 807/84/104 805/82/8 809/86/8
s 0
f 809/86/8 805/82/8 810/87/8
f 805/82/8 803/80/8 810/87/8
f 810/87/8 803/80/8 811/88/8
f 811/88/8 803/80/8 812/89/8
f 803/80/8 802/79/8 812/89/8
f 802/79/8 813/90/8 812/89/8
s 1
f 814/58/105 815/91/17 816/92/105
f 817/78/105 816/92/105 818/77/17
f 816/92/105 815/91/17 818/77/17
s 0
f 818/77/17 815/91/17 819/76/17
f 815/91/17 820/93/17 819/76/17
f 819/76/17 820/93/17 821/75/17
f 821/75/17 820/93/17 822/94/17
f 823/62/17 822/94/17 824/60/17
f 822/94/17 820/93/17 824/60/17
f 824/60/17 820/93/17 825/59/17
f 820/93/17 815/91/17 825/59/17
s 1
f 815/91/17 814/58/105 825/59/17
s 0
f 826/55/35 827/56/35 828/57/35
f 829/58/35 828/57/35 830/59/35
f 828/57/35 827/56/35 830/59/35
f 830/59/35 827/56/35 831/60/35
f 827/56/35 832/61/35 831/60/35
f 831/60/35 832/61/35 833/62/35
f 833/62/35 832/61/35 834/63/35
f 835/64/35 834/63/35 836/65/35
f 834/63/35 832/61/35 836/65/35
f 836/65/35 832/61/35 837/66/35
f 832/61/35 827/56/35 837/66/35
f 827/56/35 826/55/35 837/66/35
f 838/67/34 839/68/34 840/69/34
f 839/68/34 841/70/34 840/69/34
f 840/69/34 841/70/34 842/71/34
f 841/70/34 843/72/34 842/71/34
f 842/71/34 843/72/34 844/73/34
f 844/73/34 843/72/34 845/74/34
f 846/75/34 845/74/34 847/76/34
f 845/74/34 843/72/34 847/76/34
f 847/76/34 843/72/34 848/77/34
f 843/72/34 841/70/34 848/77/34
f 848/77/34 841/70/34 849/78/34
f 841/70/34 839/68/34 849/78/34
f 850/79/8 851/80/8 852/81/8
f 851/80/8 853/82/8 852/81/8
f 852/81/8 853/82/8 854/83/8
f 854/83/8 853/82/8 855/84/8
f 856/85/8 855/84/8 857/86/8
f 855/84/8 853/82/8 857/86/8
f 857/86/8 853/82/8 858/87/8
f 853/82/8 851/80/8 858/87/8
f 858/87/8 851/80/8 859/88/8
f 859/88/8 851/80/8 860/89/8
f 851/80/8 850/79/8 860/89/8
f 850/79/8 861/90/8 860/89/8
f 862/58/17 863/91/17 864/92/17
f 865/78/17 864/92/17 866/77/17
f 864/92/17 863/91/17 866/77/17
f 866/77/17 863/91/17 867/76/17
f 863/91/17 868/93/17 867/76/17
f 867/76/17 868/93/17 869/75/17
f 869/75/17 868/93/17 870/94/17
f 871/62/17 870/94/17 872/60/17
f 870/94/17 868/93/17 872/60/17
f 872/60/17 868/93/17 873/59/17
f 868/93/17 863/91/17 873/59/17
f 863/91/17 862/58/17 873/59/17
f 874/55/35 875/56/35 876/57/35
f 877/58/35 876/57/35 878/59/35
f 876/57/35 875/56/35 878/59/35
f 878/59/35 875/56/35 879/60/35
f 875/56/35 880/61/35 879/60/35
f 879/60/35 880/61/35 881/62/35
f 881/62/35 880/61/35 882/63/35
f 883/64/35 882/63/35 884/65/35
f 882/63/35 880/61/35 884/65/35
f 884/65/35 880/61/35 885/66/35
f 880/61/35 875/56/35 885/66/35
f 875/56/35 874/55/35 885/66/35
f 886/67/34 887/68/34 888/69/34
f 887/68/34 889/70/34 888/69/34
f 888/69/34 889/70/34 890/71/34
f 889/70/34 891/72/34 890/71/34
f 890/71/34 891/72/34 892/73/34
f 892/73/34 891/72/34 893/74/34
f 894/75/34 893/74/34 895/76/34
f 893/74/34 891/72/34 895/76/34
f 895/76/34 891/72/34 896/77/34
f 891/72/34 889/70/34 896/77/34
f 896/77/34 889/70/34 897/78/34
f 889/70/34 887/68/34 897/78/34
f 898/79/8 899/80/8 900/81/8
f 899/80/8 901/82/8 900/81/8
f 900/81/8 901/82/8 902/83/8
s 1
f 902/83/8 901/82/8 903/84/104
f 904/85/104 903/84/104 905/86/106
f 903/84/104 901/82/8 905/86/106
s 0
f 905/86/8 901/82/8 906/87/8
f 901/82/8 899/80/8 906/87/8
f 906/87/8 899/80/8 907/88/8
f 907/88/8 899/80/8 908/89/8
f 899/80/8 898/79/8 908/89/8
f 898/79/8 909/90/8 908/89/8
s 1
f 910/58/105 911/91/17 912/92/105
f 913/78/105 912/92/105 914/77/17
f 912/92/105 911/91/17 914/77/17
s 0
f 914/77/17 911/91/17 915/76/17
f 911/91/17 916/93/17 915/76/17
f 915/76/17 916/93/17 917/75/17
f 917/75/17 916/93/17 918/94/17
f 919/62/17 918/94/17 920/60/17
f 918/94/17 916/93/17 920/60/17
f 920/60/17 916/93/17 921/59/17
f 916/93/17 911/91/17 921/59/17
s 1
f 911/91/17 910/58/105 921/59/17
s 0
f 922/55/35 923/56/35 924/66/35
f 923/56/35 925/61/35 924/66/35
f 924/66/35 925/61/35 926/65/35
f 927/64/35 926/65/35 928/63/35
f 926/65/35 925/61/35 928/63/35
f 928/63/35 925/61/35 929/62/35
f 929/62/35 925/61/35 930/60/35
f 925/61/35 923/56/35 930/60/35
f 930/60/35 923/56/35 931/59/35
f 932/58/35 931/59/35 933/57/35
f 931/59/35 923/56/35 933/57/35
f 923/56/35 922/55/35 933/57/35
f 934/68/34 935/70/34 936/78/34
f 936/78/34 935/70/34 937/77/34
f 935/70/34 938/72/34 937/77/34
f 937/77/34 938/72/34 939/76/34
f 940/75/34 939/76/34 941/74/34
f 939/76/34 938/72/34 941/74/34
f 941/74/34 938/72/34 942/73/34
f 942/73/34 938/72/34 943/71/34
f 938/72/34 935/70/34 943/71/34
f 943/71/34 935/70/34 944/69/34
f 935/70/34 934/68/34 944/69/34
f 934/68/34 945/67/34 944/69/34
f 946/90/8 947/79/8 948/89/8
f 947/79/8 949/80/8 948/89/8
f 948/89/8 949/80/8 950/88/8
f 950/88/8 949/80/8 951/87/8
f 949/80/8 952/82/8 951/87/8
f 951/87/8 952/82/8 953/86/8
f 954/85/8 953/86/8 955/84/8
f 953/86/8 952/82/8 955/84/8
f 955/84/8 952/82/8 956/83/8
f 956/83/8 952/82/8 957/81/8
f 952/82/8 949/80/8 957/81/8
f 949/80/8 947/79/8 957/81/8
f 958/58/17 959/91/17 960/59/17
f 959/91/17 961/93/17 960/59/17
f 960/59/17 961/93/17 962/60/17
f 963/62/17 962/60/17 964/94/17
f 962/60/17 961/93/17 964/94/17
f 964/94/17 961/93/17 965/75/17
f 965/75/17 961/93/17 966/76/17
f 961/93/17 959/91/17 966/76/17
f 966/76/17 959/91/17 967/77/17
f 968/78/17 967/77/17 969/92/17
f 967/77/17 959/91/17 969/92/17
f 959/91/17 958/58/17 969/92/17
f 970/55/35 971/56/35 972/66/35
f 971/56/35 973/61/35 972/66/35
f 972/66/35 973/61/35 974/65/35
f 975/64/35 974/65/35 976/63/35
f 974/65/35 973/61/35 976/63/35
f 976/63/35 973/61/35 977/62/35
f 977/62/35 973/61/35 978/60/35
f 973/61/35 971/56/35 978/60/35
f 978/60/35 971/56/35 979/59/35
f 980/58/35 979/59/35 981/57/35
f 979/59/35 971/56/35 981/57/35
f 971/56/35 970/55/35 981/57/35
f 982/68/34 983/70/34 984/78/34
f 984/78/34 983/70/34 985/77/34
f 983/70/34 986/72/34 985/77/34
f 985/77/34 986/72/34 987/76/34
f 988/75/34 987/76/34 989/74/34
f 987/76/34 986/72/34 989/74/34
f 989/74/34 986/72/34 990/73/34
f 990/73/34 986/72/34 991/71/34
f 986/72/34 983/70/34 991/71/34
f 991/71/34 983/70/34 992/69/34
f 983/70/34 982/68/34 992/69/34
f 982/68/34 993/67/34 992/69/34
f 994/90/8 995/79/8 996/89/8
f 995/79/8 997/80/8 996/89/8
f 996/89/8 997/80/8 998/88/8
f 998/88/8 997/80/8 999/87/8
f 997/80/8 1000/82/8 999/87/8
f 999/87/8 1000/82/8 1001/86/8
s 1
f 1002/85/104 1001/86/8 1003/84/104
f 1001/86/8 1000/82/8 1003/84/104
f 1003/84/104 1000/82/8 1004/83/8
s 0
f 1004/83/8 1000/82/8 1005/81/8
f 1000/82/8 997/80/8 1005/81/8
f 997/80/8 995/79/8 1005/81/8
s 1
f 1006/58/107 1007/91/17 1008/59/17
s 0
f 1007/91/17 1009/93/17 1008/59/17
f 1008/59/17 1009/93/17 1010/60/17
f 1011/62/17 1010/60/17 1012/94/17
f 1010/60/17 1009/93/17 1012/94/17
f 1012/94/17 1009/93/17 1013/75/17
f 1013/75/17 1009/93/17 1014/76/17
f 1009/93/17 1007/91/17 1014/76/17
f 1014/76/17 1007/91/17 1015/77/17
s 1
f 1016/78/107 1015/77/17 1017/92/107
f 1015/77/17 1007/91/17 1017/92/107
f 1007/91/17 1006/58/107 1017/92/107
s 0
f 1018/55/35 1019/56/35 1020/66/35
f 1019/56/35 1021/61/35 1020/66/35
f 1020/66/35 1021/61/35 1022/65/35
f 1023/64/35 1022/65/35 1024/63/35
f 1022/65/35 1021/61/35 1024/63/35
f 1024/63/35 1021/61/35 1025/62/35
f 1025/62/35 1021/61/35 1026/60/35
f 1021/61/35 1019/56/35 1026/60/35
f 1026/60/35 1019/56/35 1027/59/35
f 1028/58/35 1027/59/35 1029/57/35
f 1027/59/35 1019/56/35 1029/57/35
f 1019/56/35 1018/55/35 1029/57/35
f 1030/68/34 1031/70/34 1032/78/34
f 1032/78/34 1031/70/34 1033/77/34
f 1031/70/34 1034/72/34 1033/77/34
f 1033/77/34 1034/72/34 1035/76/34
f 1036/75/34 1035/76/34 1037/74/34
f 1035/76/34 1034/72/34 1037/74/34
f 1037/74/34 1034/72/34 1038/73/34
f 1038/73/34 1034/72/34 1039/71/34
f 1034/72/34 1031/70/34 1039/71/34
f 1039/71/34 1031/70/34 1040/69/34
f 1031/70/34 1030/68/34 1040/69/34
f 1030/68/34 1041/67/34 1040/69/34
f 1042/90/8 1043/79/8 1044/89/8
f 1043/79/8 1045/80/8 1044/89/8
f 1044/89/8 1045/80/8 1046/88/8
f 1046/88/8 1045/80/8 1047/87/8
f 1045/80/8 1048/82/8 1047/87/8
f 1047/87/8 1048/82/8 1049/86/8
f 1050/85/8 1049/86/8 1051/84/8
f 1049/86/8 1048/82/8 1051/84/8
f 1051/84/8 1048/82/8 1052/83/8
f 1052/83/8 1048/82/8 1053/81/8
f 1048/82/8 1045/80/8 1053/81/8
f 1045/80/8 1043/79/8 1053/81/8
f 1054/58/17 1055/91/17 1056/59/17
f 1055/91/17 1057/93/17 1056/59/17
f 1056/59/17 1057/93/17 1058/60/17
f 1059/62/17 1058/60/17 1060/94/17
f 1058/60/17 1057/93/17 1060/94/17
f 1060/94/17 1057/93/17 1061/75/17
f 1061/75/17 1057/93/17 1062/76/17
f 1057/93/17 1055/91/17 1062/76/17
f 1062/76/17 1055/91/17 1063/77/17
f 1064/78/17 1063/77/17 1065/92/17
f 1063/77/17 1055/91/17 1065/92/17
f 1055/91/17 1054/58/17 1065/92/17
f 1066/55/35 1067/56/35 1068/66/35
f 1067/56/35 1069/61/35 1068/66/35
f 1068/66/35 1069/61/35 1070/65/35
f 1071/64/35 1070/65/35 1072/63/35
f 1070/65/35 1069/61/35 1072/63/35
f 1072/63/35 1069/61/35 1073/62/35
f 1073/62/35 1069/61/35 1074/60/35
f 1069/61/35 1067/56/35 1074/60/35
f 1074/60/35 1067/56/35 1075/59/35
f 1076/58/35 1075/59/35 1077/57/35
f 1075/59/35 1067/56/35 1077/57/35
f 1067/56/35 1066/55/35 1077/57/35
f 1078/68/34 1079/70/34 1080/78/34
f 1080/78/34 1079/70/34 1081/77/34
f 1079/70/34 1082/72/34 1081/77/34
f 1081/77/34 1082/72/34 1083/76/34
f 1084/75/34 1083/76/34 1085/74/34
f 1083/76/34 1082/72/34 1085/74/34
f 1085/74/34 1082/72/34 1086/73/34
f 1086/73/34 1082/72/34 1087/71/34
f 1082/72/34 1079/70/34 1087/71/34
f 1087/71/34 1079/70/34 1088/69/34
f 1079/70/34 1078/68/34 1088/69/34
f 1078/68/34 1089/67/34 1088/69/34
f 1090/90/8 1091/79/8 1092/89/8
f 1091/79/8 1093/80/8 1092/89/8
f 1092/89/8 1093/80/8 1094/88/8
f 1094/88/8 1093/80/8 1095/87/8
f 1093/80/8 1096/82/8 1095/87/8
f 1095/87/8 1096/82/8 1097/86/8
s 1
f 1098/85/104 1097/86/8 1099/84/104
f 1097/86/8 1096/82/8 1099/84/104
f 1099/84/104 1096/82/8 1100/83/8
s 0
f 1100/83/8 1096/82/8 1101/81/8
f 1096/82/8 1093/80/8 1101/81/8
f 1093/80/8 1091/79/8 1101/81/8
s 1
f 1102/58/107 1103/91/17 1104/59/17
s 0
f 1103/91/17 1105/93/17 1104/59/17
f 1104/59/17 1105/93/17 1106/60/17
f 1107/62/17 1106/60/17 1108/94/17
f 1106/60/17 1105/93/17 1108/94/17
f 1108/94/17 1105/93/17 1109/75/17
f 1109/75/17 1105/93/17 1110/76/17
f 1105/93/17 1103/91/17 1110/76/17
f 1110/76/17 1103/91/17 1111/77/17
s 1
f 1112/78/107 1111/77/17 1113/92/107
f 1111/77/17 1103/91/17 1113/92/107
f 1103/91/17 1102/58/107 1113/92/107
s 0
f 1114/55/35 1115/56/35 1116/66/35
f 1115/56/35 1117/61/35 1116/66/35
f 1116/66/35 1117/61/35 1118/65/35
f 1119/64/35 1118/65/35 1120/63/35
f 1118/65/35 1117/61/35 1120/63/35
f 1120/63/35 1117/61/35 1121/62/35
f 1121/62/35 1117/61/35 1122/60/35
f 1117/61/35 1115/56/35 1122/60/35
f 1122/60/35 1115/56/35 1123/59/35
f 1124/58/35 1123/59/35 1125/57/35
f 1123/59/35 1115/56/35 1125/57/35
f 1115/56/35 1114/55/35 1125/57/35
f 1126/68/34 1127/70/34 1128/78/34
f 1128/78/34 1127/70/34 1129/77/34
f 1127/70/34 1130/72/34 1129/77/34
f 1129/77/34 1130/72/34 1131/76/34
f 1132/75/34 1131/76/34 1133/74/34
f 1131/76/34 1130/72/34 1133/74/34
f 1133/74/34 1130/72/34 1134/73/34
f 1134/73/34 1130/72/34 1135/71/34
f 1130/72/34 1127/70/34 1135/71/34
f 1135/71/34 1127/70/34 1136/69/34
f 1127/70/34 1126/68/34 1136/69/34
f 1126/68/34 1137/67/34 1136/69/34
f 1138/90/17 1139/79/17 1140/89/17
f 1139/79/17 1141/80/17 1140/89/17
f 1140/89/17 1141/80/17 1142/88/17
f 1142/88/17 1141/80/17 1143/87/17
f 1141/80/17 1144/82/17 1143/87/17
f 1143/87/17 1144/82/17 1145/86/17
f 1146/85/17 1145/86/17 1147/84/17
f 1145/86/17 1144/82/17 1147/84/17
f 1147/84/17 1144/82/17 1148/83/17
f 1148/83/17 1144/82/17 1149/81/17
f 1144/82/17 1141/80/17 1149/81/17
f 1141/80/17 1139/79/17 1149/81/17
f 1150/58/8 1151/91/8 1152/59/8
f 1151/91/8 1153/93/8 1152/59/8
f 1152/59/8 1153/93/8 1154/60/8
f 1155/62/8 1154/60/8 1156/94/8
f 1154/60/8 1153/93/8 1156/94/8
f 1156/94/8 1153/93/8 1157/75/8
f 1157/75/8 1153/93/8 1158/76/8
f 1153/93/8 1151/91/8 1158/76/8
f 1158/76/8 1151/91/8 1159/77/8
f 1160/78/8 1159/77/8 1161/92/8
f 1159/77/8 1151/91/8 1161/92/8
f 1151/91/8 1150/58/8 1161/92/8
f 1162/55/35 1163/56/35 1164/66/35
f 1163/56/35 1165/61/35 1164/66/35
f 1164/66/35 1165/61/35 1166/65/35
f 1167/64/35 1166/65/35 1168/63/35
f 1166/65/35 1165/61/35 1168/63/35
f 1168/63/35 1165/61/35 1169/62/35
f 1169/62/35 1165/61/35 1170/60/35
f 1165/61/35 1163/56/35 1170/60/35
f 1170/60/35 1163/56/35 1171/59/35
f 1172/58/35 1171/59/35 1173/57/35
f 1171/59/35 1163/56/35 1173/57/35
f 1163/56/35 1162/55/35 1173/57/35
f 1174/68/34 1175/70/34 1176/78/34
f 1176/78/34 1175/70/34 1177/77/34
f 1175/70/34 1178/72/34 1177/77/34
f 1177/77/34 1178/72/34 1179/76/34
f 1180/75/34 1179/76/34 1181/74/34
f 1179/76/34 1178/72/34 1181/74/34
f 1181/74/34 1178/72/34 1182/73/34
f 1182/73/34 1178/72/34 1183/71/34
f 1178/72/34 1175/70/34 1183/71/34
f 1183/71/34 1175/70/34 1184/69/34
f 1175/70/34 1174/68/34 1184/69/34
f 1174/68/34 1185/67/34 1184/69/34
f 1186/90/17 1187/79/17 1188/89/17
f 1187/79/17 1189/80/17 1188/89/17
f 1188/89/17 1189/80/17 1190/88/17
f 1190/88/17 1189/80/17 1191/87/17
f 1189/80/17 1192/82/17 1191/87/17
f 1191/87/17 1192/82/17 1193/86/17
s 1
f 1194/85/102 1193/86/17 1195/84/102
f 1193/86/17 1192/82/17 1195/84/102
f 1195/84/102 1192/82/17 1196/83/17
s 0
f 1196/83/17 1192/82/17 1197/81/17
f 1192/82/17 1189/80/17 1197/81/17
f 1189/80/17 1187/79/17 1197/81/17
s 1
f 1198/58/108 1199/91/8 1200/59/8
s 0
f 1199/91/8 1201/93/8 1200/59/8
f 1200/59/8 1201/93/8 1202/60/8
f 1203/62/8 1202/60/8 1204/94/8
f 1202/60/8 1201/93/8 1204/94/8
f 1204/94/8 1201/93/8 1205/75/8
f 1205/75/8 1201/93/8 1206/76/8
f 1201/93/8 1199/91/8 1206/76/8
f 1206/76/8 1199/91/8 1207/77/8
s 1
f 1208/78/108 1207/77/8 1209/92/108
f 1207/77/8 1199/91/8 1209/92/108
f 1199/91/8 1198/58/108 1209/92/108
s 0
f 1210/55/35 1211/56/35 1212/66/35
f 1211/56/35 1213/61/35 1212/66/35
f 1212/66/35 1213/61/35 1214/65/35
f 1215/64/35 1214/65/35 1216/63/35
f 1214/65/35 1213/61/35 1216/63/35
f 1216/63/35 1213/61/35 1217/62/35
f 1217/62/35 1213/61/35 1218/60/35
f 1213/61/35 1211/56/35 1218/60/35
f 1218/60/35 1211/56/35 1219/59/35
f 1220/58/35 1219/59/35 1221/57/35
f 1219/59/35 1211/56/35 1221/57/35
f 1211/56/35 1210/55/35 1221/57/35
f 1222/68/34 1223/70/34 1224/78/34
f 1224/78/34 1223/70/34 1225/77/34
f 1223/70/34 1226/72/34 1225/77/34
f 1225/77/34 1226/72/34 1227/76/34
f 1228/75/34 1227/76/34 1229/74/34
f 1227/76/34 1226/72/34 1229/74/34
f 1229/74/34 1226/72/34 1230/73/34
f 1230/73/34 1226/72/34 1231/71/34
f 1226/72/34 1223/70/34 1231/71/34
f 1231/71/34 1223/70/34 1232/69/34
f 1223/70/34 1222/68/34 1232/69/34
f 1222/68/34 1233/67/34 1232/69/34
f 1234/90/17 1235/79/17 1236/89/17
f 1235/79/17 1237/80/17 1236/89/17
f 1236/89/17 1237/80/17 1238/88/17
f 1238/88/17 1237/80/17 1239/87/17
f 1237/80/17 1240/82/17 1239/87/17
f 1239/87/17 1240/82/17 1241/86/17
f 1242/85/17 1241/86/17 1243/84/17
f 1241/86/17 1240/82/17 1243/84/17
f 1243/84/17 1240/82/17 1244/83/17
f 1244/83/17 1240/82/17 1245/81/17
f 1240/82/17 1237/80/17 1245/81/17
f 1237/80/17 1235/79/17 1245/81/17
f 1246/58/8 1247/91/8 1248/59/8
f 1247/91/8 1249/93/8 1248/59/8
f 1248/59/8 1249/93/8 1250/60/8
f 1251/62/8 1250/60/8 1252/94/8
f 1250/60/8 1249/93/8 1252/94/8
f 1252/94/8 1249/93/8 1253/75/8
f 1253/75/8 1249/93/8 1254/76/8
f 1249/93/8 1247/91/8 1254/76/8
f 1254/76/8 1247/91/8 1255/77/8
f 1256/78/8 1255/77/8 1257/92/8
f 1255/77/8 1247/91/8 1257/92/8
f 1247/91/8 1246/58/8 1257/92/8
f 1258/55/35 1259/56/35 1260/66/35
f 1259/56/35 1261/61/35 1260/66/35
f 1260/66/35 1261/61/35 1262/65/35
f 1263/64/35 1262/65/35 1264/63/35
f 1262/65/35 1261/61/35 1264/63/35
f 1264/63/35 1261/61/35 1265/62/35
f 1265/62/35 1261/61/35 1266/60/35
f 1261/61/35 1259/56/35 1266/60/35
f 1266/60/35 1259/56/35 1267/59/35
f 1268/58/35 1267/59/35 1269/57/35
f 1267/59/35 1259/56/35 1269/57/35
f 1259/56/35 1258/55/35 1269/57/35
f 1270/68/34 1271/70/34 1272/78/34
f 1272/78/34 1271/70/34 1273/77/34
f 1271/70/34 1274/72/34 1273/77/34
f 1273/77/34 1274/72/34 1275/76/34
f 1276/75/34 1275/76/34 1277/74/34
f 1275/76/34 1274/72/34 1277/74/34
f 1277/74/34 1274/72/34 1278/73/34
f 1278/73/34 1274/72/34 1279/71/34
f 1274/72/34 1271/70/34 1279/71/34
f 1279/71/34 1271/70/34 1280/69/34
f 1271/70/34 1270/68/34 1280/69/34
f 1270/68/34 1281/67/34 1280/69/34
f 1282/90/17 1283/79/17 1284/89/17
f 1283/79/17 1285/80/17 1284/89/17
f 1284/89/17 1285/80/17 1286/88/17
f 1286/88/17 1285/80/17 1287/87/17
f 1285/80/17 1288/82/17 1287/87/17
f 1287/87/17 1288/82/17 1289/86/17
s 1
f 1290/85/102 1289/86/109 1291/84/102
f 1289/86/109 1288/82/17 1291/84/102
f 1291/84/102 1288/82/17 1292/83/17
s 0
f 1292/83/17 1288/82/17 1293/81/17
f 1288/82/17 1285/80/17 1293/81/17
f 1285/80/17 1283/79/17 1293/81/17
s 1
f 1294/58/108 1295/91/8 1296/59/8
s 0
f 1295/91/8 1297/93/8 1296/59/8
f 1296/59/8 1297/93/8 1298/60/8
f 1299/62/8 1298/60/8 1300/94/8
f 1298/60/8 1297/93/8 1300/94/8
f 1300/94/8 1297/93/8 1301/75/8
f 1301/75/8 1297/93/8 1302/76/8
f 1297/93/8 1295/91/8 1302/76/8
f 1302/76/8 1295/91/8 1303/77/8
s 1
f 1304/78/108 1303/77/8 1305/92/108
f 1303/77/8 1295/91/8 1305/92/108
f 1295/91/8 1294/58/108 1305/92/108
usemtl ISSMetal1
f 1306/95/110 1307/95/110 1308/95/110
f 1307/95/110 1309/95/111 1308/95/110
s 0
f 1310/96/34 1311/96/34 1312/95/34
f 1311/96/34 1313/95/34 1312/95/34
s 1
f 1314/96/112 1315/96/112 1316/96/112
f 1315/96/112 1317/96/112 1316/96/112
s 0
f 1318/95/35 1319/95/35 1320/96/35
f 1319/95/35 1321/96/35 1320/96/35
s 1
f 1322/97/113 1323/97/114 1324/95/113
f 1323/97/114 1325/95/114 1324/95/113
s 0
f 1326/98/34 1327/98/34 1328/97/34
f 1327/98/34 1329/97/34 1328/97/34
s 1
f 1330/96/115 1331/96/115 1332/98/115
f 1331/96/115 1333/98/115 1332/98/115
s 0
f 1334/95/35 1335/95/35 1336/96/35
f 1335/95/35 1337/96/35 1336/96/35
f 1338/95/42 1339/95/42 1340/96/42
f 1339/95/42 1341/96/42 1340/96/42
s 1
f 1342/99/116 1343/99/117 1344/100/118
f 1343/99/117 1345/100/117 1344/100/118
f 1346/101/119 1347/102/120 1348/99/121
f 1347/102/120 1349/99/120 1348/99/121
f 1350/103/122 1351/102/122 1352/101/122
f 1353/101/123 1354/100/118 1355/103/124
f 1354/100/118 1356/100/125 1355/103/124
s 0
f 1357/104/126 1358/104/126 1359/104/126
s 1
f 1360/104/127 1361/105/128 1362/104/34
f 1363/106/129 1364/106/129 1365/107/130
f 1364/106/129 1366/107/131 1365/107/130
f 1367/107/132 1368/107/133 1369/108/134
f 1368/107/133 1370/108/134 1369/108/134
f 1371/104/135 1372/104/135 1373/105/135
f 1372/104/135 1374/105/136 1373/105/135
f 1375/105/137 1376/105/137 1377/109/137
f 1376/105/137 1378/109/137 1377/109/137
f 1379/109/138 1380/109/138 1381/110/138
f 1380/109/138 1382/110/138 1381/110/138
f 1383/111/139 1384/111/140 1385/112/139
f 1385/112/139 1384/111/140 1386/112/140
f 1384/111/140 1387/111/141 1386/112/140
f 1386/112/140 1387/111/141 1388/112/141
f 1387/111/141 1389/111/142 1388/112/141
f 1388/112/141 1389/111/142 1390/112/142
f 1389/111/142 1391/111/143 1390/112/142
f 1391/111/143 1392/112/144 1390/112/142
f 1393/112/145 1394/112/146 1395/104/147
f 1395/104/147 1394/112/146 1396/104/146
f 1394/112/146 1397/112/148 1396/104/146
f 1396/104/146 1397/112/148 1398/104/148
f 1397/112/148 1399/112/149 1398/104/148
f 1398/104/148 1399/112/149 1400/104/149
f 1399/112/149 1401/112/150 1400/104/149
f 1401/112/150 1402/104/150 1400/104/149
f 1403/104/151 1404/104/152 1405/105/153
f 1405/105/153 1404/104/152 1406/105/152
f 1404/104/152 1407/104/154 1406/105/152
f 1406/105/152 1407/104/154 1408/105/154
f 1407/104/154 1409/104/155 1408/105/154
f 1408/105/154 1409/104/155 1410/105/156
f 1409/104/155 1411/104/157 1410/105/156
f 1411/104/157 1412/105/158 1410/105/156
f 1413/105/159 1414/105/160 1415/109/161
f 1415/109/161 1414/105/160 1416/109/160
f 1414/105/160 1417/105/162 1416/109/160
f 1416/109/160 1417/105/162 1418/109/162
f 1417/105/162 1419/105/163 1418/109/162
f 1418/109/162 1419/105/163 1420/109/163
f 1419/105/163 1421/105/164 1420/109/163
f 1421/105/164 1422/109/164 1420/109/163
f 1423/109/165 1424/109/166 1425/110/165
f 1425/110/165 1424/109/166 1426/110/166
f 1424/109/166 1427/109/167 1426/110/166
f 1426/110/166 1427/109/167 1428/110/167
f 1427/109/167 1429/109/168 1428/110/167
f 1428/110/167 1429/109/168 1430/110/169
f 1429/109/168 1431/109/170 1430/110/169
f 1431/109/170 1432/110/171 1430/110/169
f 1433/110/172 1434/110/173 1435/113/174
f 1435/113/174 1434/110/173 1436/113/173
f 1434/110/173 1437/110/175 1436/113/173
f 1436/113/173 1437/110/175 1438/113/175
f 1437/110/175 1439/110/176 1438/113/175
f 1438/113/175 1439/110/176 1440/113/176
f 1439/110/176 1441/110/177 1440/113/176
f 1441/110/177 1442/113/177 1440/113/176
f 1443/113/178 1444/113/179 1445/106/180
f 1445/106/180 1444/113/179 1446/106/179
f 1444/113/179 1447/113/181 1446/106/179
f 1446/106/179 1447/113/181 1448/106/181
f 1447/113/181 1449/113/182 1448/106/181
f 1448/106/181 1449/113/182 1450/106/182
f 1449/113/182 1451/113/183 1450/106/182
f 1451/113/183 1452/106/184 1450/106/182
f 1453/106/185 1454/106/186 1455/107/187
f 1454/106/186 1456/107/185 1455/107/187
f 1457/107/188 1458/107/188 1459/108/189
f 1458/107/188 1460/108/189 1459/108/189
f 1461/108/190 1462/108/191 1463/111/190
f 1463/111/190 1462/108/191 1464/111/192
f 1462/108/191 1465/108/193 1464/111/192
f 1464/111/192 1465/108/193 1466/111/193
f 1465/108/193 1467/108/194 1466/111/193
f 1466/111/193 1467/108/194 1468/111/195
f 1467/108/194 1469/108/196 1468/111/195
f 1469/108/196 1470/111/197 1468/111/195
f 1471/111/82 1472/111/198 1473/111/82
f 1473/111/82 1472/111/198 1474/111/198
f 1472/111/198 1475/111/199 1474/111/198
f 1475/111/199 1476/111/199 1474/111/198
f 1477/112/35 1478/112/200 1479/111/35
f 1479/111/35 1478/112/200 1480/111/201
f 1478/112/200 1481/112/202 1480/111/201
f 1480/111/201 1481/112/202 1482/111/203
f 1481/112/202 1483/112/204 1482/111/203
f 1483/112/204 1484/111/204 1482/111/203
f 1485/112/84 1486/112/205 1487/112/84
f 1487/112/84 1486/112/205 1488/112/205
f 1486/112/205 1489/112/206 1488/112/205
f 1489/112/206 1490/112/206 1488/112/205
f 1491/111/34 1492/111/207 1493/112/34
f 1493/112/34 1492/111/207 1494/112/208
f 1492/111/207 1495/111/209 1494/112/208
f 1494/112/208 1495/111/209 1496/112/209
f 1495/111/209 1497/111/210 1496/112/209
f 1497/111/210 1498/112/210 1496/112/209
f 1499/110/211 1500/110/212 1501/110/211
f 1501/110/211 1500/110/212 1502/110/212
f 1500/110/212 1503/110/213 1502/110/212
f 1503/110/213 1504/110/213 1502/110/212
f 1505/113/35 1506/113/214 1507/110/35
f 1507/110/35 1506/113/214 1508/110/215
f 1506/113/214 1509/113/216 1508/110/215
f 1508/110/215 1509/113/216 1510/110/216
f 1509/113/216 1511/113/217 1510/110/216
f 1511/113/217 1512/110/217 1510/110/216
f 1513/113/80 1514/113/218 1515/113/80
f 1515/113/80 1514/113/218 1516/113/218
f 1514/113/218 1517/113/219 1516/113/218
f 1517/113/219 1518/113/219 1516/113/218
f 1519/110/34 1520/110/220 1521/113/34
f 1521/113/34 1520/110/220 1522/113/221
f 1520/110/220 1523/110/222 1522/113/221
f 1522/113/221 1523/110/222 1524/113/223
f 1523/110/222 1525/110/224 1524/113/223
f 1525/110/224 1526/113/224 1524/113/223
f 1527/111/225 1528/112/225 1529/111/225
f 1528/112/225 1530/112/226 1529/111/225
f 1531/111/141 1532/111/227 1533/111/228
f 1532/111/227 1534/111/229 1533/111/228
f 1535/112/141 1536/112/227 1537/112/230
f 1536/112/227 1538/112/229 1537/112/230
f 1538/112/229 1533/111/228 1537/112/230
f 1533/111/228 1534/111/229 1537/112/230
f 1539/110/231 1540/113/232 1541/110/231
f 1540/113/232 1542/113/231 1541/110/231
s 0
f 1543/112/34 1544/111/34 1545/111/34
f 1545/111/126 1544/111/126 1546/111/126
f 1544/111/126 1547/111/126 1546/111/126
f 1546/111/34 1547/111/34 1548/112/34
f 1547/111/34 1549/112/34 1548/112/34
f 1548/112/126 1549/112/126 1550/112/126
f 1549/112/126 1543/112/126 1550/112/126
f 1543/112/34 1545/111/34 1550/112/34
s 1
f 1551/25/233 1552/25/234 1553/24/235
f 1554/44/236 1555/44/237 1556/14/238
f 1557/13/239 1558/13/240 1559/12/241
f 1560/26/242 1561/43/243 1562/43/244
f 1563/12/245 1562/43/244 1564/12/246
f 1562/43/244 1561/43/243 1564/12/246
f 1561/43/243 1559/12/241 1564/12/246
f 1559/12/241 1558/13/240 1564/12/246
f 1565/12/247 1564/12/246 1566/13/248
f 1564/12/246 1558/13/240 1566/13/248
f 1566/13/248 1558/13/240 1567/14/249
f 1567/14/249 1558/13/240 1568/14/250
f 1558/13/240 1557/13/239 1568/14/250
f 1557/13/239 1556/14/238 1568/14/250
f 1556/14/238 1555/44/237 1568/14/250
f 1569/14/251 1568/14/250 1570/44/252
f 1568/14/250 1555/44/237 1570/44/252
f 1570/44/252 1555/44/237 1571/24/253
f 1571/24/253 1555/44/237 1572/24/254
f 1555/44/237 1554/44/236 1572/24/254
f 1554/44/236 1553/24/235 1572/24/254
f 1553/24/235 1552/25/234 1572/24/254
f 1573/24/255 1572/24/254 1574/25/256
f 1572/24/254 1552/25/234 1574/25/256
f 1574/25/256 1552/25/234 1575/26/257
f 1575/26/257 1552/25/234 1576/26/258
f 1552/25/234 1551/25/233 1576/26/258
f 1551/25/233 1560/26/242 1576/26/258
f 1560/26/242 1562/43/244 1576/26/258
f 1577/26/259 1576/26/258 1578/43/260
f 1576/26/258 1562/43/244 1578/43/260
f 1562/43/244 1563/12/245 1578/43/260
s 0
f 1579/43/34 1580/12/34 1581/12/34
f 1581/12/34 1580/12/34 1582/13/34
f 1580/12/34 1583/13/34 1582/13/34
f 1582/13/34 1583/13/34 1584/14/34
f 1583/13/34 1585/14/34 1584/14/34
f 1584/14/34 1585/14/34 1586/44/34
f 1585/14/34 1587/44/34 1586/44/34
f 1586/44/34 1587/44/34 1588/24/34
f 1587/44/34 1589/24/34 1588/24/34
f 1588/24/34 1589/24/34 1590/25/34
f 1589/24/34 1591/25/34 1590/25/34
f 1590/25/34 1591/25/34 1592/26/34
f 1591/25/34 1593/26/34 1592/26/34
f 1592/26/34 1593/26/34 1594/43/34
f 1593/26/34 1579/43/34 1594/43/34
f 1579/43/34 1581/12/34 1594/43/34
f 1595/108/42 1596/114/42 1597/107/42
f 1597/107/42 1596/114/42 1598/106/42
f 1598/106/42 1596/114/42 1599/113/42
f 1599/113/42 1596/114/42 1600/110/42
f 1600/110/42 1596/114/42 1601/109/42
f 1601/109/42 1596/114/42 1602/105/42
f 1602/105/42 1596/114/42 1603/104/42
f 1603/104/42 1596/114/42 1604/112/42
f 1604/112/42 1596/114/42 1605/111/42
f 1596/114/42 1595/108/42 1605/111/42
s 1
f 1606/115/261 1607/116/262 1608/117/261
f 1608/117/261 1607/116/262 1609/118/263
f 1607/116/262 1610/119/264 1609/118/263
f 1609/118/263 1610/119/264 1611/120/265
f 1610/119/264 1612/121/266 1611/120/265
f 1611/120/265 1612/121/266 1613/122/266
f 1612/121/266 1614/123/267 1613/122/266
f 1613/122/266 1614/123/267 1615/124/267
f 1614/123/267 1616/125/268 1615/124/267
f 1615/124/267 1616/125/268 1617/126/268
f 1616/125/268 1618/127/269 1617/126/268
f 1617/126/268 1618/127/269 1619/128/269
f 1618/127/269 1620/129/270 1619/128/269
f 1620/129/270 1621/130/271 1619/128/269
f 1622/131/272 1623/132/273 1624/115/272
f 1624/115/272 1623/132/273 1625/116/274
f 1623/132/273 1626/133/275 1625/116/274
f 1625/116/274 1626/133/275 1627/119/275
f 1626/133/275 1628/134/276 1627/119/275
f 1627/119/275 1628/134/276 1629/121/276
f 1628/134/276 1630/135/277 1629/121/276
f 1629/121/276 1630/135/277 1631/123/277
f 1630/135/277 1632/136/278 1631/123/277
f 1631/123/277 1632/136/278 1633/125/279
f 1632/136/278 1634/137/280 1633/125/279
f 1633/125/279 1634/137/280 1635/127/280
f 1634/137/280 1636/138/281 1635/127/280
f 1636/138/281 1637/129/282 1635/127/280
f 1638/139/283 1639/140/284 1640/131/283
f 1640/131/283 1639/140/284 1641/132/285
f 1639/140/284 1642/141/286 1641/132/285
f 1641/132/285 1642/141/286 1643/133/287
f 1642/141/286 1644/142/288 1643/133/287
f 1643/133/287 1644/142/288 1645/134/288
f 1644/142/288 1646/143/289 1645/134/288
f 1645/134/288 1646/143/289 1647/135/290
f 1646/143/289 1648/144/291 1647/135/290
f 1647/135/290 1648/144/291 1649/136/292
f 1648/144/291 1650/145/293 1649/136/292
f 1649/136/292 1650/145/293 1651/137/294
f 1650/145/293 1652/146/295 1651/137/294
f 1652/146/295 1653/138/295 1651/137/294
f 1654/139/296 1655/147/297 1656/140/297
f 1655/147/297 1657/148/298 1656/140/297
f 1656/140/297 1657/148/298 1658/141/298
f 1657/148/298 1659/149/299 1658/141/298
f 1658/141/298 1659/149/299 1660/142/299
f 1659/149/299 1661/150/300 1660/142/299
f 1660/142/299 1661/150/300 1662/143/300
f 1661/150/300 1663/151/34 1662/143/300
f 1662/143/300 1663/151/34 1664/144/34
f 1663/151/34 1665/152/301 1664/144/34
f 1664/144/34 1665/152/301 1666/145/301
f 1665/152/301 1667/153/302 1666/145/301
f 1667/153/302 1668/146/302 1666/145/301
f 1669/154/303 1670/155/304 1671/139/303
f 1671/139/303 1670/155/304 1672/147/305
f 1672/147/305 1670/155/304 1673/148/306
f 1670/155/304 1674/156/307 1673/148/306
f 1674/156/307 1675/157/308 1673/148/306
f 1673/148/306 1675/157/308 1676/149/308
f 1675/157/308 1677/158/309 1676/149/308
f 1676/149/308 1677/158/309 1678/150/309
f 1677/158/309 1679/159/310 1678/150/309
f 1678/150/309 1679/159/310 1680/151/311
f 1679/159/310 1681/160/312 1680/151/311
f 1680/151/311 1681/160/312 1682/152/312
f 1681/160/312 1683/161/313 1682/152/312
f 1683/161/313 1684/153/313 1682/152/312
f 1685/162/314 1686/163/315 1687/154/314
f 1687/154/314 1686/163/315 1688/155/316
f 1686/163/315 1689/164/317 1688/155/316
f 1688/155/316 1689/164/317 1690/156/317
f 1689/164/317 1691/165/318 1690/156/317
f 1690/156/317 1691/165/318 1692/157/318
f 1691/165/318 1693/166/319 1692/157/318
f 1692/157/318 1693/166/319 1694/158/319
f 1693/166/319 1695/167/320 1694/158/319
f 1694/158/319 1695/167/320 1696/159/320
f 1695/167/320 1697/168/321 1696/159/320
f 1696/159/320 1697/168/321 1698/160/321
f 1697/168/321 1699/169/322 1698/160/321
f 1699/169/322 1700/161/322 1698/160/321
f 1701/170/323 1702/171/324 1703/162/323
f 1703/162/323 1702/171/324 1704/163/325
f 1702/171/324 1705/172/326 1704/163/325
f 1704/163/325 1705/172/326 1706/164/326
f 1705/172/326 1707/173/327 1706/164/326
f 1706/164/326 1707/173/327 1708/165/327
f 1707/173/327 1709/174/328 1708/165/327
f 1708/165/327 1709/174/328 1710/166/328
f 1709/174/328 1711/175/329 1710/166/328
f 1710/166/328 1711/175/329 1712/167/329
f 1711/175/329 1713/176/330 1712/167/329
f 1712/167/329 1713/176/330 1714/168/330
f 1713/176/330 1715/177/331 1714/168/330
f 1715/177/331 1716/169/332 1714/168/330
f 1717/178/333 1718/179/334 1719/170/333
f 1719/170/333 1718/179/334 1720/171/335
f 1718/179/334 1721/180/336 1720/171/335
f 1720/171/335 1721/180/336 1722/172/336
f 1721/180/336 1723/181/337 1722/172/336
f 1722/172/336 1723/181/337 1724/173/337
f 1723/181/337 1725/182/338 1724/173/337
f 1724/173/337 1725/182/338 1726/174/338
f 1725/182/338 1727/96/339 1726/174/338
f 1726/174/338 1727/96/339 1728/175/340
f 1727/96/339 1729/183/341 1728/175/340
f 1728/175/340 1729/183/341 1730/176/341
f 1729/183/341 1731/184/342 1730/176/341
f 1731/184/342 1732/177/342 1730/176/341
f 1733/178/343 1734/185/344 1735/179/344
f 1734/185/344 1736/186/345 1735/179/344
f 1735/179/344 1736/186/345 1737/180/346
f 1736/186/345 1738/187/347 1737/180/346
f 1737/180/346 1738/187/347 1739/181/347
f 1738/187/347 1740/188/348 1739/181/347
f 1739/181/347 1740/188/348 1741/182/348
f 1740/188/348 1742/95/35 1741/182/348
f 1741/182/348 1742/95/35 1743/96/35
f 1742/95/35 1744/189/349 1743/96/35
f 1743/96/35 1744/189/349 1745/183/349
f 1744/189/349 1746/190/350 1745/183/349
f 1746/190/350 1747/184/351 1745/183/349
f 1748/191/352 1749/192/353 1750/178/352
f 1750/178/352 1749/192/353 1751/185/354
f 1751/185/354 1749/192/353 1752/186/355
f 1749/192/353 1753/193/355 1752/186/355
f 1753/193/355 1754/194/356 1752/186/355
f 1752/186/355 1754/194/356 1755/187/356
f 1754/194/356 1756/195/357 1755/187/356
f 1755/187/356 1756/195/357 1757/188/357
f 1756/195/357 1758/196/358 1757/188/357
f 1757/188/357 1758/196/358 1759/95/358
f 1758/196/358 1760/197/359 1759/95/358
f 1759/95/358 1760/197/359 1761/189/359
f 1760/197/359 1762/198/360 1761/189/359
f 1762/198/360 1763/190/360 1761/189/359
s 0
f 1764/108/8 1765/114/8 1766/107/8
f 1766/107/8 1765/114/8 1767/106/8
f 1767/106/8 1765/114/8 1768/113/8
f 1768/113/8 1765/114/8 1769/110/8
f 1769/110/8 1765/114/8 1770/109/8
f 1770/109/8 1765/114/8 1771/105/8
f 1771/105/8 1765/114/8 1772/104/8
f 1772/104/8 1765/114/8 1773/112/8
f 1773/112/8 1765/114/8 1774/111/8
f 1765/114/8 1764/108/8 1774/111/8
s 1
f 1775/115/361 1776/116/362 1777/117/363
f 1777/117/363 1776/116/362 1778/118/362
f 1776/116/362 1779/119/364 1778/118/362
f 1778/118/362 1779/119/364 1780/120/365
f 1779/119/364 1781/199/366 1780/120/365
f 1780/120/365 1781/199/366 1782/200/366
f 1781/199/366 1783/201/367 1782/200/366
f 1782/200/366 1783/201/367 1784/202/368
f 1783/201/367 1785/125/369 1784/202/368
f 1784/202/368 1785/125/369 1786/126/370
f 1785/125/369 1787/102/369 1786/126/370
f 1786/126/370 1787/102/369 1788/203/370
f 1787/102/369 1789/103/369 1788/203/370
f 1788/203/370 1789/103/369 1790/204/369
f 1789/103/369 1791/127/371 1790/204/369
f 1790/204/369 1791/127/371 1792/128/371
f 1791/127/371 1793/129/372 1792/128/371
f 1793/129/372 1794/130/372 1792/128/371
f 1795/103/373 1796/100/374 1797/100/375
f 1797/100/375 1796/100/374 1798/99/376
f 1796/100/374 1799/99/377 1798/99/376
f 1800/131/378 1801/132/379 1802/115/380
f 1802/115/380 1801/132/379 1803/116/379
f 1801/132/379 1804/133/381 1803/116/379
f 1803/116/379 1804/133/381 1805/119/381
f 1804/133/381 1806/205/382 1805/119/381
f 1805/119/381 1806/205/382 1807/199/382
f 1806/205/382 1808/206/383 1807/199/382
f 1807/199/382 1808/206/383 1809/201/383
f 1808/206/383 1810/136/384 1809/201/383
f 1809/201/383 1810/136/384 1811/125/385
f 1810/136/384 1798/99/376 1811/125/385
f 1811/125/385 1798/99/376 1812/102/386
f 1798/99/376 1799/99/377 1812/102/386
f 1799/99/377 1813/102/387 1812/102/386
f 1812/102/386 1813/102/387 1814/103/388
f 1813/102/387 1795/103/373 1814/103/388
f 1795/103/373 1797/100/375 1814/103/388
f 1797/100/375 1815/137/389 1814/103/388
f 1814/103/388 1815/137/389 1816/127/389
f 1815/137/389 1817/138/390 1816/127/389
f 1817/138/390 1818/129/391 1816/127/389
f 1819/139/392 1820/140/393 1821/131/392
f 1821/131/392 1820/140/393 1822/132/394
f 1820/140/393 1823/141/395 1822/132/394
f 1822/132/394 1823/141/395 1824/133/396
f 1823/141/395 1825/207/397 1824/133/396
f 1824/133/396 1825/207/397 1826/205/397
f 1825/207/397 1827/208/398 1826/205/397
f 1826/205/397 1827/208/398 1828/206/399
f 1827/208/398 1829/144/400 1828/206/399
f 1828/206/399 1829/144/400 1830/136/400
f 1829/144/400 1831/209/400 1830/136/400
f 1830/136/400 1831/209/400 1832/99/400
f 1831/209/400 1833/210/400 1832/99/400
f 1832/99/400 1833/210/400 1834/100/400
f 1833/210/400 1835/145/401 1834/100/400
f 1834/100/400 1835/145/401 1836/137/401
f 1835/145/401 1837/146/402 1836/137/401
f 1837/146/402 1838/138/402 1836/137/401
f 1839/139/403 1840/147/404 1841/140/404
f 1840/147/404 1842/148/405 1841/140/404
f 1841/140/404 1842/148/405 1843/141/405
f 1842/148/405 1844/211/406 1843/141/405
f 1843/141/405 1844/211/406 1845/207/406
f 1844/211/406 1846/212/407 1845/207/406
f 1845/207/406 1846/212/407 1847/208/407
f 1846/212/407 1848/151/34 1847/208/407
f 1847/208/407 1848/151/34 1849/144/34
s 0
f 1848/151/34 1850/213/34 1849/144/34
f 1849/144/34 1850/213/34 1851/209/34
f 1850/213/34 1852/214/34 1851/209/34
f 1851/209/34 1852/214/34 1853/210/34
s 1
f 1852/214/34 1854/152/408 1853/210/34
f 1853/210/34 1854/152/408 1855/145/408
f 1854/152/408 1856/153/409 1855/145/408
f 1856/153/409 1857/146/409 1855/145/408
f 1858/154/410 1859/155/411 1860/139/410
f 1860/139/410 1859/155/411 1861/147/412
f 1861/147/412 1859/155/411 1862/148/413
f 1859/155/411 1863/156/414 1862/148/413
f 1863/156/414 1864/215/415 1862/148/413
f 1862/148/413 1864/215/415 1865/211/415
f 1864/215/415 1866/216/416 1865/211/415
f 1865/211/415 1866/216/416 1867/212/416
f 1866/216/416 1868/159/417 1867/212/416
f 1867/212/416 1868/159/417 1869/151/417
f 1868/159/417 1870/217/418 1869/151/417
f 1869/151/417 1870/217/418 1871/213/418
f 1870/217/418 1872/218/418 1871/213/418
f 1871/213/418 1872/218/418 1873/214/418
f 1872/218/418 1874/160/419 1873/214/418
f 1873/214/418 1874/160/419 1875/152/419
f 1874/160/419 1876/161/420 1875/152/419
f 1876/161/420 1877/153/421 1875/152/419
f 1878/162/422 1879/163/423 1880/154/424
f 1880/154/424 1879/163/423 1881/155/423
f 1879/163/423 1882/164/425 1881/155/423
f 1881/155/423 1882/164/425 1883/156/426
f 1882/164/425 1884/219/427 1883/156/426
f 1883/156/426 1884/219/427 1885/215/427
f 1884/219/427 1886/220/428 1885/215/427
f 1885/215/427 1886/220/428 1887/216/428
f 1886/220/428 1888/167/429 1887/216/428
f 1887/216/428 1888/167/429 1889/159/430
f 1888/167/429 1890/221/430 1889/159/430
f 1889/159/430 1890/221/430 1891/217/429
f 1890/221/430 1892/222/430 1891/217/429
f 1891/217/429 1892/222/430 1893/218/430
f 1892/222/430 1894/168/431 1893/218/430
f 1893/218/430 1894/168/431 1895/160/431
f 1894/168/431 1896/169/432 1895/160/431
f 1896/169/432 1897/161/433 1895/160/431
f 1898/170/434 1899/171/435 1900/162/436
f 1900/162/436 1899/171/435 1901/163/435
f 1899/171/435 1902/172/437 1901/163/435
f 1901/163/435 1902/172/437 1903/164/438
f 1902/172/437 1904/223/439 1903/164/438
f 1903/164/438 1904/223/439 1905/219/439
f 1904/223/439 1906/224/440 1905/219/439
f 1905/219/439 1906/224/440 1907/220/440
f 1906/224/440 1908/175/441 1907/220/440
f 1907/220/440 1908/175/441 1909/167/441
f 1908/175/441 1910/225/441 1909/167/441
f 1909/167/441 1910/225/441 1911/221/442
f 1910/225/441 1912/226/441 1911/221/442
f 1911/221/442 1912/226/441 1913/222/441
f 1912/226/441 1914/176/443 1913/222/441
f 1913/222/441 1914/176/443 1915/168/443
f 1914/176/443 1916/177/444 1915/168/443
f 1916/177/444 1917/169/445 1915/168/443
f 1918/178/446 1919/179/447 1920/170/448
f 1920/170/448 1919/179/447 1921/171/447
f 1919/179/447 1922/180/449 1921/171/447
f 1921/171/447 1922/180/449 1923/172/449
f 1922/180/449 1924/227/450 1923/172/449
f 1923/172/449 1924/227/450 1925/223/450
f 1924/227/450 1926/228/451 1925/223/450
f 1925/223/450 1926/228/451 1927/224/451
f 1926/228/451 1928/96/452 1927/224/451
f 1927/224/451 1928/96/452 1929/175/453
f 1928/96/452 1930/229/453 1929/175/453
f 1929/175/453 1930/229/453 1931/225/452
f 1930/229/453 1932/230/453 1931/225/452
f 1931/225/452 1932/230/453 1933/226/452
f 1932/230/453 1934/183/454 1933/226/452
f 1933/226/452 1934/183/454 1935/176/454
f 1934/183/454 1936/184/455 1935/176/454
f 1936/184/455 1937/177/456 1935/176/454
f 1938/178/457 1939/185/458 1940/179/458
f 1939/185/458 1941/186/459 1940/179/458
f 1940/179/458 1941/186/459 1942/180/459
f 1941/186/459 1943/231/460 1942/180/459
f 1942/180/459 1943/231/460 1944/227/460
f 1943/231/460 1945/232/461 1944/227/460
f 1944/227/460 1945/232/461 1946/228/461
f 1945/232/461 1947/95/35 1946/228/461
f 1946/228/461 1947/95/35 1948/96/35
s 0
f 1947/95/35 1949/233/35 1948/96/35
f 1948/96/35 1949/233/35 1950/229/35
f 1949/233/35 1951/234/35 1950/229/35
f 1950/229/35 1951/234/35 1952/230/35
s 1
f 1951/234/35 1953/189/462 1952/230/35
f 1952/230/35 1953/189/462 1954/183/462
f 1953/189/462 1955/190/463 1954/183/462
f 1955/190/463 1956/184/464 1954/183/462
f 1957/191/465 1958/192/466 1959/178/467
f 1959/178/467 1958/192/466 1960/185/468
f 1960/185/468 1958/192/466 1961/186/469
f 1958/192/466 1962/193/470 1961/186/469
f 1962/193/470 1963/235/471 1961/186/469
f 1961/186/469 1963/235/471 1964/231/471
f 1963/235/471 1965/236/472 1964/231/471
f 1964/231/471 1965/236/472 1966/232/472
f 1965/236/472 1967/196/473 1966/232/472
f 1966/232/472 1967/196/473 1968/95/473
f 1967/196/473 1969/237/474 1968/95/473
f 1968/95/473 1969/237/474 1970/233/473
f 1969/237/474 1971/238/473 1970/233/473
f 1970/233/473 1971/238/473 1972/234/473
f 1971/238/473 1973/197/475 1972/234/473
f 1972/234/473 1973/197/475 1974/189/475
f 1973/197/475 1975/198/476 1974/189/475
f 1975/198/476 1976/190/476 1974/189/475
f 1977/111/477 1978/108/478 1979/108/478
f 1979/108/478 1978/108/478 1980/107/479
f 1978/108/478 1981/107/479 1980/107/479
f 1980/107/479 1981/107/479 1982/106/480
f 1981/107/479 1983/106/481 1982/106/480
f 1982/106/480 1983/106/481 1984/113/482
f 1983/106/481 1985/113/483 1984/113/482
f 1984/113/482 1985/113/483 1986/110/484
f 1985/113/483 1987/110/485 1986/110/484
f 1986/110/484 1987/110/485 1988/109/486
f 1987/110/485 1989/109/487 1988/109/486
f 1988/109/486 1989/109/487 1990/105/488
f 1989/109/487 1991/105/488 1990/105/488
f 1990/105/488 1991/105/488 1992/104/489
f 1991/105/488 1993/104/490 1992/104/489
f 1992/104/489 1993/104/490 1994/112/491
f 1993/104/490 1995/112/491 1994/112/491
f 1994/112/491 1995/112/491 1996/111/492
f 1995/112/491 1977/111/477 1996/111/492
f 1977/111/477 1979/108/478 1996/111/492
f 1997/111/227 1998/111/227 1999/112/227
f 1998/111/227 2000/112/227 1999/112/227
f 2001/110/175 2002/110/175 2003/113/175
f 2002/110/175 2004/113/175 2003/113/175
f 2005/111/493 2006/111/494 2007/112/494
f 2006/111/494 2008/112/494 2007/112/494
f 2009/110/495 2010/110/175 2011/113/175
f 2010/110/175 2012/113/495 2011/113/175
f 2013/111/227 2014/111/496 2015/112/227
f 2015/112/227 2014/111/496 2016/112/496
f 2014/111/496 2017/111/497 2016/112/496
f 2016/112/496 2017/111/497 2018/112/497
f 2017/111/497 2019/111/498 2018/112/497
f 2018/112/497 2019/111/498 2020/112/498
f 2019/111/498 2021/111/227 2020/112/498
f 2021/111/227 2022/112/227 2020/112/498
f 2023/112/499 2024/112/500 2025/104/499
f 2025/104/499 2024/112/500 2026/104/501
f 2024/112/500 2027/112/500 2026/104/501
f 2026/104/501 2027/112/500 2028/104/500
f 2027/112/500 2029/112/502 2028/104/500
f 2028/104/500 2029/112/502 2030/104/502
f 2029/112/502 2031/112/503 2030/104/502
f 2030/104/502 2031/112/503 2032/104/503
f 2031/112/503 2033/112/504 2032/104/503
f 2032/104/503 2033/112/504 2034/104/505
f 2033/112/504 2035/112/499 2034/104/505
f 2035/112/499 2036/104/500 2034/104/505
f 2037/104/506 2038/104/506 2039/105/506
f 2039/105/506 2038/104/506 2040/105/506
f 2038/104/506 2041/104/506 2040/105/506
f 2040/105/506 2041/104/506 2042/105/506
f 2041/104/506 2043/104/507 2042/105/506
f 2042/105/506 2043/104/507 2044/105/507
f 2043/104/507 2045/104/508 2044/105/507
f 2044/105/507 2045/104/508 2046/105/508
f 2045/104/508 2047/104/509 2046/105/508
f 2046/105/508 2047/104/509 2048/105/509
f 2047/104/509 2049/104/506 2048/105/509
f 2049/104/506 2050/105/506 2048/105/509
s 0
f 2051/105/510 2052/105/510 2053/109/510
f 2053/109/510 2052/105/510 2054/109/510
f 2052/105/510 2055/105/510 2054/109/510
f 2054/109/510 2055/105/510 2056/109/510
s 1
f 2055/105/510 2057/105/511 2056/109/510
f 2056/109/510 2057/105/511 2058/109/511
f 2057/105/511 2059/105/512 2058/109/511
f 2058/109/511 2059/105/512 2060/109/512
f 2059/105/512 2061/105/513 2060/109/512
f 2060/109/512 2061/105/513 2062/109/513
f 2061/105/513 2063/105/510 2062/109/513
f 2063/105/510 2064/109/510 2062/109/513
f 2065/109/514 2066/109/515 2067/110/514
f 2067/110/514 2066/109/515 2068/110/514
f 2066/109/515 2069/109/514 2068/110/514
f 2068/110/514 2069/109/514 2070/110/514
f 2069/109/514 2071/109/516 2070/110/514
f 2070/110/514 2071/109/516 2072/110/516
f 2071/109/516 2073/109/517 2072/110/516
f 2072/110/516 2073/109/517 2074/110/517
f 2073/109/517 2075/109/518 2074/110/517
f 2074/110/517 2075/109/518 2076/110/518
f 2075/109/518 2077/109/514 2076/110/518
f 2077/109/514 2078/110/514 2076/110/518
f 2079/110/175 2080/110/175 2081/110/519
f 2080/110/175 2082/110/520 2081/110/519
f 2083/113/175 2084/113/175 2085/113/520
f 2084/113/175 2086/113/519 2085/113/520
f 2086/113/519 2081/110/519 2085/113/520
f 2081/110/519 2082/110/520 2085/113/520
f 2082/110/520 2087/110/521 2085/113/520
f 2085/113/520 2087/110/521 2088/113/521
f 2087/110/521 2089/110/522 2088/113/521
f 2088/113/521 2089/110/522 2090/113/522
f 2089/110/522 2091/110/523 2090/113/522
f 2090/113/522 2091/110/523 2092/113/523
f 2091/110/523 2093/110/175 2092/113/523
f 2093/110/175 2094/113/175 2092/113/523
f 2095/113/524 2096/113/524 2097/106/524
f 2097/106/524 2096/113/524 2098/106/524
f 2096/113/524 2099/113/524 2098/106/524
f 2098/106/524 2099/113/524 2100/106/524
f 2099/113/524 2101/113/525 2100/106/524
f 2100/106/524 2101/113/525 2102/106/525
f 2101/113/525 2103/113/526 2102/106/525
f 2102/106/525 2103/113/526 2104/106/526
f 2103/113/526 2105/113/527 2104/106/526
f 2104/106/526 2105/113/527 2106/106/527
f 2105/113/527 2107/113/524 2106/106/527
f 2107/113/524 2108/106/524 2106/106/527
f 2109/106/528 2110/106/528 2111/107/528
f 2111/107/528 2110/106/528 2112/107/529
f 2110/106/528 2113/106/529 2112/107/529
f 2112/107/529 2113/106/529 2114/107/528
f 2113/106/529 2115/106/530 2114/107/528
f 2114/107/528 2115/106/530 2116/107/530
f 2115/106/530 2117/106/531 2116/107/530
f 2116/107/530 2117/106/531 2118/107/531
f 2117/106/531 2119/106/532 2118/107/531
f 2118/107/531 2119/106/532 2120/107/532
f 2119/106/532 2121/106/528 2120/107/532
f 2121/106/528 2122/107/528 2120/107/532
s 0
f 2123/107/533 2124/107/533 2125/108/533
f 2125/108/533 2124/107/533 2126/108/533
f 2124/107/533 2127/107/533 2126/108/533
f 2126/108/533 2127/107/533 2128/108/533
s 1
f 2127/107/533 2129/107/534 2128/108/533
f 2128/108/533 2129/107/534 2130/108/534
f 2129/107/534 2131/107/535 2130/108/534
f 2130/108/534 2131/107/535 2132/108/535
f 2131/107/535 2133/107/536 2132/108/535
f 2132/108/535 2133/107/536 2134/108/536
f 2133/107/536 2135/107/533 2134/108/536
f 2135/107/533 2136/108/533 2134/108/536
f 2137/108/537 2138/108/537 2139/111/537
f 2139/111/537 2138/108/537 2140/111/537
f 2138/108/537 2141/108/537 2140/111/537
f 2140/111/537 2141/108/537 2142/111/537
f 2141/108/537 2143/108/538 2142/111/537
f 2142/111/537 2143/108/538 2144/111/539
f 2143/108/538 2145/108/540 2144/111/539
f 2144/111/539 2145/108/540 2146/111/540
f 2145/108/540 2147/108/541 2146/111/540
f 2146/111/540 2147/108/541 2148/111/541
f 2147/108/541 2149/108/537 2148/111/541
f 2149/108/537 2150/111/537 2148/111/541
f 2151/111/542 2152/108/543 2153/108/543
f 2153/108/543 2152/108/543 2154/107/544
f 2152/108/543 2155/107/545 2154/107/544
f 2154/107/544 2155/107/545 2156/106/546
f 2155/107/545 2157/106/546 2156/106/546
f 2156/106/546 2157/106/546 2158/113/547
f 2157/106/546 2159/113/548 2158/113/547
f 2158/113/547 2159/113/548 2160/110/549
f 2159/113/548 2161/110/550 2160/110/549
f 2160/110/549 2161/110/550 2162/109/551
f 2161/110/550 2163/109/552 2162/109/551
f 2162/109/551 2163/109/552 2164/105/553
f 2163/109/552 2165/105/554 2164/105/553
f 2164/105/553 2165/105/554 2166/104/555
f 2165/105/554 2167/104/556 2166/104/555
f 2166/104/555 2167/104/556 2168/112/557
f 2167/104/556 2169/112/558 2168/112/557
f 2168/112/557 2169/112/558 2170/111/559
f 2169/112/558 2151/111/542 2170/111/559
f 2151/111/542 2153/108/543 2170/111/559
f 2171/111/560 2172/111/561 2173/112/562
f 2173/112/562 2172/111/561 2174/112/561
f 2172/111/561 2175/111/563 2174/112/561
f 2174/112/561 2175/111/563 2176/112/563
f 2175/111/563 2177/111/563 2176/112/563
f 2176/112/563 2177/111/563 2178/112/563
f 2177/111/563 2179/111/564 2178/112/563
f 2178/112/563 2179/111/564 2180/112/565
f 2179/111/564 2181/111/566 2180/112/565
f 2181/111/566 2182/112/566 2180/112/565
f 2183/112/567 2184/112/568 2185/104/569
f 2185/104/569 2184/112/568 2186/104/568
f 2184/112/568 2187/112/570 2186/104/568
f 2186/104/568 2187/112/570 2188/104/570
f 2187/112/570 2189/112/570 2188/104/570
f 2188/104/570 2189/112/570 2190/104/570
f 2189/112/570 2191/112/571 2190/104/570
f 2190/104/570 2191/112/571 2192/104/571
f 2191/112/571 2193/112/572 2192/104/571
f 2193/112/572 2194/104/572 2192/104/571
f 2195/104/573 2196/104/573 2197/105/573
f 2196/104/573 2198/105/574 2197/105/573
f 2199/105/575 2200/105/575 2201/109/576
f 2200/105/575 2202/109/575 2201/109/576
f 2203/109/577 2204/109/578 2205/110/577
f 2204/109/578 2206/110/577 2205/110/577
f 2207/110/579 2208/110/580 2209/113/579
f 2209/113/579 2208/110/580 2210/113/581
f 2210/113/581 2208/110/580 2211/113/582
f 2208/110/580 2212/110/583 2211/113/582
f 2211/113/582 2212/110/583 2213/113/582
f 2213/113/582 2212/110/583 2214/113/584
f 2212/110/583 2215/110/585 2214/113/584
f 2215/110/585 2216/113/586 2214/113/584
f 2217/113/587 2218/113/588 2219/106/589
f 2219/106/589 2218/113/588 2220/106/588
f 2218/113/588 2221/113/590 2220/106/588
f 2220/106/588 2221/113/590 2222/106/591
f 2221/113/590 2223/113/591 2222/106/591
f 2222/106/591 2223/113/591 2224/106/591
f 2223/113/591 2225/113/592 2224/106/591
f 2224/106/591 2225/113/592 2226/106/592
f 2225/113/592 2227/113/593 2226/106/592
f 2227/113/593 2228/106/593 2226/106/592
f 2229/106/594 2230/106/595 2231/107/594
f 2231/107/594 2230/106/595 2232/107/596
f 2230/106/595 2233/106/597 2232/107/596
f 2232/107/596 2233/106/597 2234/107/597
f 2233/106/597 2235/106/598 2234/107/597
f 2234/107/597 2235/106/598 2236/107/598
f 2235/106/598 2237/106/599 2236/107/598
f 2236/107/598 2237/106/599 2238/107/600
f 2237/106/599 2239/106/601 2238/107/600
f 2239/106/601 2240/107/602 2238/107/600
f 2241/107/603 2242/107/604 2243/108/603
f 2243/108/603 2242/107/604 2244/108/604
f 2242/107/604 2245/107/42 2244/108/604
f 2244/108/604 2245/107/42 2246/108/42
s 0
f 2245/107/42 2247/107/42 2246/108/42
f 2246/108/42 2247/107/42 2248/108/42
s 1
f 2247/107/42 2249/107/605 2248/108/42
f 2248/108/42 2249/107/605 2250/108/605
f 2249/107/605 2251/107/606 2250/108/605
f 2251/107/606 2252/108/606 2250/108/605
f 2253/108/607 2254/108/608 2255/111/609
f 2255/111/609 2254/108/608 2256/111/610
f 2254/108/608 2257/108/611 2256/111/610
f 2256/111/610 2257/108/611 2258/111/611
f 2257/108/611 2259/108/611 2258/111/611
f 2258/111/611 2259/108/611 2260/111/611
f 2259/108/611 2261/108/612 2260/111/611
f 2260/111/611 2261/108/612 2262/111/612
f 2261/108/612 2263/108/613 2262/111/612
f 2263/108/613 2264/111/614 2262/111/612
f 2265/111/615 2266/108/616 2267/108/616
f 2267/108/616 2266/108/616 2268/107/617
f 2266/108/616 2269/107/617 2268/107/617
f 2268/107/617 2269/107/617 2270/106/618
f 2269/107/617 2271/106/619 2270/106/618
f 2270/106/618 2271/106/619 2272/113/620
f 2271/106/619 2273/113/620 2272/113/620
f 2272/113/620 2273/113/620 2274/110/621
f 2273/113/620 2275/110/621 2274/110/621
f 2274/110/621 2275/110/621 2276/109/622
f 2275/110/621 2277/109/622 2276/109/622
f 2276/109/622 2277/109/622 2278/105/623
f 2277/109/622 2279/105/624 2278/105/623
f 2278/105/623 2279/105/624 2280/104/625
f 2279/105/624 2281/104/625 2280/104/625
f 2280/104/625 2281/104/625 2282/112/626
f 2281/104/625 2283/112/627 2282/112/626
f 2282/112/626 2283/112/627 2284/111/615
f 2283/112/627 2265/111/615 2284/111/615
f 2265/111/615 2267/108/616 2284/111/615
s 0
f 2285/96/42 2286/96/42 2287/98/42
f 2286/96/42 2288/98/42 2287/98/42
f 2287/98/42 2288/98/42 2289/97/42
f 2290/95/42 2291/95/42 2292/97/42
f 2291/95/42 2289/97/42 2292/97/42
f 2289/97/42 2288/98/42 2292/97/42
s 1
f 2288/98/42 2293/239/628 2292/97/42
f 2292/97/42 2293/239/628 2294/240/629
f 2293/239/628 2295/241/630 2294/240/629
f 2294/240/629 2295/241/630 2296/242/630
f 2295/241/630 2297/180/631 2296/242/630
f 2296/242/630 2297/180/631 2298/186/631
f 2299/178/632 2300/243/633 2301/244/633
f 2300/243/633 2298/186/631 2301/244/633
f 2298/186/631 2297/180/631 2301/244/633
f 2302/115/634 2303/245/635 2304/117/636
f 2304/117/636 2303/245/635 2305/246/635
f 2303/245/635 2306/119/637 2305/246/635
f 2305/246/635 2306/119/637 2307/120/637
f 2306/119/637 2308/247/638 2307/120/637
f 2307/120/637 2308/247/638 2309/248/638
f 2308/247/638 2310/249/639 2309/248/638
f 2309/248/638 2310/249/639 2311/250/639
f 2310/249/639 2312/251/640 2311/250/639
f 2311/250/639 2312/251/640 2313/252/641
f 2312/251/640 2314/125/640 2313/252/641
f 2313/252/641 2314/125/640 2315/126/641
f 2314/125/640 2316/129/640 2315/126/641
f 2316/129/640 2317/130/640 2315/126/641
f 2318/131/642 2319/253/643 2320/115/644
f 2320/115/644 2319/253/643 2321/245/645
f 2319/253/643 2322/133/646 2321/245/645
f 2321/245/645 2322/133/646 2323/119/646
f 2322/133/646 2324/254/647 2323/119/646
f 2323/119/646 2324/254/647 2325/247/647
f 2324/254/647 2326/255/648 2325/247/647
f 2325/247/647 2326/255/648 2327/249/648
f 2326/255/648 2328/256/649 2327/249/648
f 2327/249/648 2328/256/649 2329/251/650
f 2328/256/649 2330/136/651 2329/251/650
f 2329/251/650 2330/136/651 2331/125/649
f 2330/136/651 2332/138/649 2331/125/649
f 2332/138/649 2333/129/650 2331/125/649
f 2334/139/652 2335/257/653 2336/131/654
f 2336/131/654 2335/257/653 2337/253/653
f 2335/257/653 2338/141/655 2337/253/653
f 2337/253/653 2338/141/655 2339/133/655
f 2338/141/655 2340/258/656 2339/133/655
f 2339/133/655 2340/258/656 2341/254/656
f 2340/258/656 2342/259/657 2341/254/656
f 2341/254/656 2342/259/657 2343/255/657
f 2342/259/657 2344/260/658 2343/255/657
f 2343/255/657 2344/260/658 2345/256/658
f 2344/260/658 2346/144/658 2345/256/658
f 2345/256/658 2346/144/658 2347/136/658
f 2346/144/658 2348/146/658 2347/136/658
f 2348/146/658 2349/138/658 2347/136/658
f 2350/139/659 2351/261/660 2352/257/660
f 2351/261/660 2353/148/661 2352/257/660
f 2352/257/660 2353/148/661 2354/141/661
f 2353/148/661 2355/262/662 2354/141/661
f 2354/141/661 2355/262/662 2356/258/662
f 2355/262/662 2357/263/663 2356/258/662
f 2356/258/662 2357/263/663 2358/259/663
f 2357/263/663 2359/264/89 2358/259/663
f 2358/259/663 2359/264/89 2360/260/89
s 0
f 2359/264/89 2361/151/89 2360/260/89
f 2360/260/89 2361/151/89 2362/144/89
f 2361/151/89 2363/153/89 2362/144/89
f 2363/153/89 2364/146/89 2362/144/89
s 1
f 2365/154/664 2366/265/665 2367/139/666
f 2367/139/666 2366/265/665 2368/261/667
f 2368/261/667 2366/265/665 2369/148/668
f 2366/265/665 2370/156/668 2369/148/668
f 2370/156/668 2371/266/669 2369/148/668
f 2369/148/668 2371/266/669 2372/262/669
f 2371/266/669 2373/267/670 2372/262/669
f 2372/262/669 2373/267/670 2374/263/670
f 2373/267/670 2375/268/671 2374/263/670
f 2374/263/670 2375/268/671 2376/264/672
f 2375/268/671 2377/159/671 2376/264/672
f 2376/264/672 2377/159/671 2378/151/671
f 2377/159/671 2379/161/672 2378/151/671
f 2379/161/672 2380/153/672 2378/151/671
f 2381/162/673 2382/269/674 2383/154/675
f 2383/154/675 2382/269/674 2384/265/674
f 2382/269/674 2385/164/676 2384/265/674
f 2384/265/674 2385/164/676 2386/156/676
f 2385/164/676 2387/270/677 2386/156/676
f 2386/156/676 2387/270/677 2388/266/677
f 2387/270/677 2389/271/678 2388/266/677
f 2388/266/677 2389/271/678 2390/267/678
f 2389/271/678 2391/272/679 2390/267/678
f 2390/267/678 2391/272/679 2392/268/679
f 2391/272/679 2393/167/679 2392/268/679
f 2392/268/679 2393/167/679 2394/159/679
f 2393/167/679 2395/169/679 2394/159/679
f 2395/169/679 2396/161/679 2394/159/679
f 2397/170/680 2398/273/681 2399/162/682
f 2399/162/682 2398/273/681 2400/269/681
f 2398/273/681 2401/172/683 2400/269/681
f 2400/269/681 2401/172/683 2402/164/683
f 2401/172/683 2403/274/684 2402/164/683
f 2402/164/683 2403/274/684 2404/270/684
f 2403/274/684 2405/275/685 2404/270/684
f 2404/270/684 2405/275/685 2406/271/685
f 2405/275/685 2407/276/686 2406/271/685
f 2406/271/685 2407/276/686 2408/272/687
f 2407/276/686 2409/175/687 2408/272/687
f 2408/272/687 2409/175/687 2410/167/686
f 2409/175/687 2411/177/687 2410/167/686
f 2411/177/687 2412/169/687 2410/167/686
f 2413/178/688 2414/244/689 2415/170/688
f 2415/170/688 2414/244/689 2416/273/690
f 2414/244/689 2417/180/691 2416/273/690
f 2416/273/690 2417/180/691 2418/172/691
f 2417/180/691 2419/241/692 2418/172/691
f 2418/172/691 2419/241/692 2420/274/692
f 2419/241/692 2421/239/693 2420/274/692
f 2420/274/692 2421/239/693 2422/275/693
f 2421/239/693 2423/98/694 2422/275/693
f 2422/275/693 2423/98/694 2424/276/694
f 2423/98/694 2425/96/694 2424/276/694
f 2424/276/694 2425/96/694 2426/175/694
f 2425/96/694 2427/184/694 2426/175/694
f 2427/184/694 2428/177/694 2426/175/694
s 0
f 2429/95/42 2430/190/42 2431/96/42
f 2430/190/42 2432/184/42 2431/96/42
s 1
f 2433/191/695 2434/277/696 2435/178/695
f 2435/178/695 2434/277/696 2436/243/696
f 2436/243/696 2434/277/696 2437/186/697
f 2434/277/696 2438/193/697 2437/186/697
f 2438/193/697 2439/278/698 2437/186/697
f 2437/186/697 2439/278/698 2440/242/698
f 2439/278/698 2441/279/699 2440/242/698
f 2440/242/698 2441/279/699 2442/240/699
f 2441/279/699 2443/280/700 2442/240/699
f 2442/240/699 2443/280/700 2444/97/700
f 2443/280/700 2445/196/700 2444/97/700
f 2444/97/700 2445/196/700 2446/95/700
f 2445/196/700 2447/198/700 2446/95/700
f 2447/198/700 2448/190/700 2446/95/700
s 0
f 2449/108/89 2450/114/89 2451/107/89
f 2451/107/89 2450/114/89 2452/106/89
f 2452/106/89 2450/114/89 2453/113/89
f 2453/113/89 2450/114/89 2454/110/89
f 2454/110/89 2450/114/89 2455/109/89
f 2455/109/89 2450/114/89 2456/105/89
f 2456/105/89 2450/114/89 2457/104/89
f 2457/104/89 2450/114/89 2458/112/89
f 2458/112/89 2450/114/89 2459/111/89
f 2450/114/89 2449/108/89 2459/111/89
s 1
f 2460/115/701 2461/116/702 2462/117/703
f 2462/117/703 2461/116/702 2463/118/704
f 2461/116/702 2464/119/705 2463/118/704
f 2463/118/704 2464/119/705 2465/120/706
f 2464/119/705 2466/281/707 2465/120/706
f 2465/120/706 2466/281/707 2467/282/707
f 2466/281/707 2468/283/708 2467/282/707
f 2467/282/707 2468/283/708 2469/284/708
f 2468/283/708 2470/125/709 2469/284/708
f 2469/284/708 2470/125/709 2471/126/709
f 2470/125/709 2472/127/710 2471/126/709
f 2471/126/709 2472/127/710 2473/128/710
f 2472/127/710 2474/129/711 2473/128/710
f 2474/129/711 2475/130/711 2473/128/710
f 2476/131/712 2477/132/713 2478/115/714
f 2478/115/714 2477/132/713 2479/116/715
f 2477/132/713 2480/133/716 2479/116/715
f 2479/116/715 2480/133/716 2481/119/716
f 2480/133/716 2482/285/717 2481/119/716
f 2481/119/716 2482/285/717 2483/281/717
f 2482/285/717 2484/286/718 2483/281/717
f 2483/281/717 2484/286/718 2485/283/718
f 2484/286/718 2486/136/719 2485/283/718
f 2485/283/718 2486/136/719 2487/125/719
f 2486/136/719 2488/137/720 2487/125/719
f 2487/125/719 2488/137/720 2489/127/721
f 2488/137/720 2490/138/722 2489/127/721
f 2490/138/722 2491/129/722 2489/127/721
f 2492/139/723 2493/140/724 2494/131/723
f 2494/131/723 2493/140/724 2495/132/724
f 2493/140/724 2496/141/725 2495/132/724
f 2495/132/724 2496/141/725 2497/133/726
f 2496/141/725 2498/287/727 2497/133/726
f 2497/133/726 2498/287/727 2499/285/727
f 2498/287/727 2500/288/728 2499/285/727
f 2499/285/727 2500/288/728 2501/286/729
f 2500/288/728 2502/144/310 2501/286/729
f 2501/286/729 2502/144/310 2503/136/310
f 2502/144/310 2504/145/730 2503/136/310
f 2503/136/310 2504/145/730 2505/137/730
f 2504/145/730 2506/146/731 2505/137/730
f 2506/146/731 2507/138/731 2505/137/730
f 2508/139/732 2509/147/733 2510/140/733
f 2509/147/733 2511/148/734 2510/140/733
f 2510/140/733 2511/148/734 2512/141/735
f 2511/148/734 2513/289/736 2512/141/735
f 2512/141/735 2513/289/736 2514/287/736
f 2513/289/736 2515/290/737 2514/287/736
f 2514/287/736 2515/290/737 2516/288/737
f 2515/290/737 2517/151/34 2516/288/737
f 2516/288/737 2517/151/34 2518/144/34
f 2517/151/34 2519/152/738 2518/144/34
f 2518/144/34 2519/152/738 2520/145/738
f 2519/152/738 2521/153/739 2520/145/738
f 2521/153/739 2522/146/739 2520/145/738
f 2523/154/740 2524/155/741 2525/139/740
f 2525/139/740 2524/155/741 2526/147/742
f 2526/147/742 2524/155/741 2527/148/743
f 2524/155/741 2528/156/744 2527/148/743
f 2528/156/744 2529/291/745 2527/148/743
f 2527/148/743 2529/291/745 2530/289/745
f 2529/291/745 2531/292/746 2530/289/745
f 2530/289/745 2531/292/746 2532/290/747
f 2531/292/746 2533/159/292 2532/290/747
f 2532/290/747 2533/159/292 2534/151/291
f 2533/159/292 2535/160/748 2534/151/291
f 2534/151/291 2535/160/748 2536/152/748
f 2535/160/748 2537/161/749 2536/152/748
f 2537/161/749 2538/153/749 2536/152/748
f 2539/162/750 2540/163/751 2541/154/752
f 2541/154/752 2540/163/751 2542/155/753
f 2540/163/751 2543/164/754 2542/155/753
f 2542/155/753 2543/164/754 2544/156/755
f 2543/164/754 2545/293/756 2544/156/755
f 2544/156/755 2545/293/756 2546/291/756
f 2545/293/756 2547/294/757 2546/291/756
f 2546/291/756 2547/294/757 2548/292/757
f 2547/294/757 2549/167/279 2548/292/757
f 2548/292/757 2549/167/279 2550/159/279
f 2549/167/279 2551/168/758 2550/159/279
f 2550/159/279 2551/168/758 2552/160/759
f 2551/168/758 2553/169/760 2552/160/759
f 2553/169/760 2554/161/761 2552/160/759
f 2555/170/762 2556/171/763 2557/162/762
f 2557/162/762 2556/171/763 2558/163/763
f 2556/171/763 2559/172/764 2558/163/763
f 2558/163/763 2559/172/764 2560/164/764
f 2559/172/764 2561/295/765 2560/164/764
f 2560/164/764 2561/295/765 2562/293/765
f 2561/295/765 2563/296/766 2562/293/765
f 2562/293/765 2563/296/766 2564/294/766
f 2563/296/766 2565/175/767 2564/294/766
f 2564/294/766 2565/175/767 2566/167/767
f 2565/175/767 2567/176/768 2566/167/767
f 2566/167/767 2567/176/768 2568/168/768
f 2567/176/768 2569/177/769 2568/168/768
f 2569/177/769 2570/169/769 2568/168/768
f 2571/178/770 2572/179/771 2573/170/772
f 2573/170/772 2572/179/771 2574/171/773
f 2572/179/771 2575/180/774 2574/171/773
f 2574/171/773 2575/180/774 2576/172/775
f 2575/180/774 2577/297/776 2576/172/775
f 2576/172/775 2577/297/776 2578/295/776
f 2577/297/776 2579/298/777 2578/295/776
f 2578/295/776 2579/298/777 2580/296/777
f 2579/298/777 2581/96/778 2580/296/777
f 2580/296/777 2581/96/778 2582/175/358
f 2581/96/778 2583/183/779 2582/175/358
f 2582/175/358 2583/183/779 2584/176/779
f 2583/183/779 2585/184/780 2584/176/779
f 2585/184/780 2586/177/780 2584/176/779
f 2587/178/781 2588/185/782 2589/179/782
f 2588/185/782 2590/186/783 2589/179/782
f 2589/179/782 2590/186/783 2591/180/783
f 2590/186/783 2592/299/784 2591/180/783
f 2591/180/783 2592/299/784 2593/297/784
f 2592/299/784 2594/300/785 2593/297/784
f 2593/297/784 2594/300/785 2595/298/785
f 2594/300/785 2596/95/35 2595/298/785
f 2595/298/785 2596/95/35 2597/96/35
f 2596/95/35 2598/189/786 2597/96/35
f 2597/96/35 2598/189/786 2599/183/786
f 2598/189/786 2600/190/787 2599/183/786
f 2600/190/787 2601/184/788 2599/183/786
f 2602/191/789 2603/192/790 2604/178/791
f 2604/178/791 2603/192/790 2605/185/792
f 2605/185/792 2603/192/790 2606/186/793
f 2603/192/790 2607/193/794 2606/186/793
f 2607/193/794 2608/301/795 2606/186/793
f 2606/186/793 2608/301/795 2609/299/795
f 2608/301/795 2610/302/796 2609/299/795
f 2609/299/795 2610/302/796 2611/300/796
f 2610/302/796 2612/196/339 2611/300/796
f 2611/300/796 2612/196/339 2613/95/340
f 2612/196/339 2614/197/797 2613/95/340
f 2613/95/340 2614/197/797 2615/189/798
f 2614/197/797 2616/198/799 2615/189/798
f 2616/198/799 2617/190/800 2615/189/798
s 0
f 2618/108/17 2619/114/17 2620/107/17
f 2620/107/17 2619/114/17 2621/106/17
f 2621/106/17 2619/114/17 2622/113/17
f 2622/113/17 2619/114/17 2623/110/17
f 2623/110/17 2619/114/17 2624/109/17
f 2624/109/17 2619/114/17 2625/105/17
f 2625/105/17 2619/114/17 2626/104/17
f 2626/104/17 2619/114/17 2627/112/17
f 2627/112/17 2619/114/17 2628/111/17
f 2619/114/17 2618/108/17 2628/111/17
s 1
f 2629/115/801 2630/116/802 2631/117/803
f 2631/117/803 2630/116/802 2632/118/804
f 2630/116/802 2633/119/805 2632/118/804
f 2632/118/804 2633/119/805 2634/120/806
f 2633/119/805 2635/121/807 2634/120/806
f 2634/120/806 2635/121/807 2636/122/808
f 2635/121/807 2637/303/809 2636/122/808
f 2636/122/808 2637/303/809 2638/304/809
f 2637/303/809 2639/125/441 2638/304/809
f 2638/304/809 2639/125/441 2640/126/441
f 2639/125/441 2641/127/810 2640/126/441
f 2640/126/441 2641/127/810 2642/128/810
f 2641/127/810 2643/129/811 2642/128/810
f 2643/129/811 2644/130/811 2642/128/810
f 2645/131/812 2646/132/813 2647/115/812
f 2647/115/812 2646/132/813 2648/116/813
f 2646/132/813 2649/133/814 2648/116/813
f 2648/116/813 2649/133/814 2650/119/815
f 2649/133/814 2651/134/816 2650/119/815
f 2650/119/815 2651/134/816 2652/121/816
f 2651/134/816 2653/305/817 2652/121/816
f 2652/121/816 2653/305/817 2654/303/817
f 2653/305/817 2655/136/430 2654/303/817
f 2654/303/817 2655/136/430 2656/125/430
f 2655/136/430 2657/137/818 2656/125/430
f 2656/125/430 2657/137/818 2658/127/818
f 2657/137/818 2659/138/819 2658/127/818
f 2659/138/819 2660/129/819 2658/127/818
f 2661/139/820 2662/140/821 2663/131/820
f 2663/131/820 2662/140/821 2664/132/822
f 2662/140/821 2665/141/823 2664/132/822
f 2664/132/822 2665/141/823 2666/133/823
f 2665/141/823 2667/142/824 2666/133/823
f 2666/133/823 2667/142/824 2668/134/825
f 2667/142/824 2669/306/826 2668/134/825
f 2668/134/825 2669/306/826 2670/305/826
f 2669/306/826 2671/144/418 2670/305/826
f 2670/305/826 2671/144/418 2672/136/417
f 2671/144/418 2673/145/827 2672/136/417
f 2672/136/417 2673/145/827 2674/137/827
f 2673/145/827 2675/146/828 2674/137/827
f 2675/146/828 2676/138/828 2674/137/827
f 2677/139/829 2678/147/830 2679/140/830
f 2678/147/830 2680/148/831 2679/140/830
f 2679/140/830 2680/148/831 2681/141/831
f 2680/148/831 2682/149/832 2681/141/831
f 2681/141/831 2682/149/832 2683/142/832
f 2682/149/832 2684/307/833 2683/142/832
f 2683/142/832 2684/307/833 2685/306/834
f 2684/307/833 2686/151/34 2685/306/834
f 2685/306/834 2686/151/34 2687/144/34
f 2686/151/34 2688/152/835 2687/144/34
f 2687/144/34 2688/152/835 2689/145/835
f 2688/152/835 2690/153/836 2689/145/835
f 2690/153/836 2691/146/836 2689/145/835
f 2692/154/837 2693/155/838 2694/139/837
f 2694/139/837 2693/155/838 2695/147/839
f 2695/147/839 2693/155/838 2696/148/840
f 2693/155/838 2697/156/841 2696/148/840
f 2697/156/841 2698/157/842 2696/148/840
f 2696/148/840 2698/157/842 2699/149/843
f 2698/157/842 2700/308/844 2699/149/843
f 2699/149/843 2700/308/844 2701/307/844
f 2700/308/844 2702/159/400 2701/307/844
f 2701/307/844 2702/159/400 2703/151/400
f 2702/159/400 2704/160/845 2703/151/400
f 2703/151/400 2704/160/845 2705/152/846
f 2704/160/845 2706/161/847 2705/152/846
f 2706/161/847 2707/153/847 2705/152/846
f 2708/162/848 2709/163/849 2710/154/848
f 2710/154/848 2709/163/849 2711/155/850
f 2709/163/849 2712/164/851 2711/155/850
f 2711/155/850 2712/164/851 2713/156/852
f 2712/164/851 2714/165/853 2713/156/852
f 2713/156/852 2714/165/853 2715/157/854
f 2714/165/853 2716/309/855 2715/157/854
f 2715/157/854 2716/309/855 2717/308/855
f 2716/309/855 2718/167/384 2717/308/855
f 2717/308/855 2718/167/384 2719/159/856
f 2718/167/384 2720/168/857 2719/159/856
f 2719/159/856 2720/168/857 2721/160/857
f 2720/168/857 2722/169/858 2721/160/857
f 2722/169/858 2723/161/858 2721/160/857
f 2724/170/859 2725/171/860 2726/162/859
f 2726/162/859 2725/171/860 2727/163/860
f 2725/171/860 2728/172/861 2727/163/860
f 2727/163/860 2728/172/861 2729/164/862
f 2728/172/861 2730/173/863 2729/164/862
f 2729/164/862 2730/173/863 2731/165/864
f 2730/173/863 2732/310/865 2731/165/864
f 2731/165/864 2732/310/865 2733/309/865
f 2732/310/865 2734/175/369 2733/309/865
f 2733/309/865 2734/175/369 2735/167/369
f 2734/175/369 2736/176/866 2735/167/369
f 2735/167/369 2736/176/866 2737/168/866
f 2736/176/866 2738/177/867 2737/168/866
f 2738/177/867 2739/169/867 2737/168/866
f 2740/178/868 2741/179/869 2742/170/870
f 2742/170/870 2741/179/869 2743/171/871
f 2741/179/869 2744/180/872 2743/171/871
f 2743/171/871 2744/180/872 2745/172/872
f 2744/180/872 2746/181/690 2745/172/872
f 2745/172/872 2746/181/690 2747/173/690
f 2746/181/690 2748/311/873 2747/173/690
f 2747/173/690 2748/311/873 2749/310/873
f 2748/311/873 2750/96/473 2749/310/873
f 2749/310/873 2750/96/473 2751/175/473
f 2750/96/473 2752/183/874 2751/175/473
f 2751/175/473 2752/183/874 2753/176/874
f 2752/183/874 2754/184/875 2753/176/874
f 2754/184/875 2755/177/876 2753/176/874
f 2756/178/877 2757/185/620 2758/179/620
f 2757/185/620 2759/186/878 2758/179/620
f 2758/179/620 2759/186/878 2760/180/878
f 2759/186/878 2761/187/879 2760/180/878
f 2760/180/878 2761/187/879 2762/181/879
f 2761/187/879 2763/312/880 2762/181/879
f 2762/181/879 2763/312/880 2764/311/880
f 2763/312/880 2765/95/35 2764/311/880
f 2764/311/880 2765/95/35 2766/96/35
f 2765/95/35 2767/189/881 2766/96/35
f 2766/96/35 2767/189/881 2768/183/881
f 2767/189/881 2769/190/882 2768/183/881
f 2769/190/882 2770/184/882 2768/183/881
f 2771/191/883 2772/192/884 2773/178/883
f 2773/178/883 2772/192/884 2774/185/884
f 2774/185/884 2772/192/884 2775/186/885
f 2772/192/884 2776/193/886 2775/186/885
f 2776/193/886 2777/194/887 2775/186/885
f 2775/186/885 2777/194/887 2778/187/887
f 2777/194/887 2779/313/888 2778/187/887
f 2778/187/887 2779/313/888 2780/312/888
f 2779/313/888 2781/196/453 2780/312/888
f 2780/312/888 2781/196/453 2782/95/453
f 2781/196/453 2783/197/889 2782/95/453
f 2782/95/453 2783/197/889 2784/189/889
f 2783/197/889 2785/198/890 2784/189/889
f 2785/198/890 2786/190/890 2784/189/889
f 2787/109/891 2788/105/891 2789/109/892
f 2788/105/891 2790/105/892 2789/109/892
f 2789/109/892 2790/105/892 2791/109/893
f 2790/105/892 2792/105/893 2791/109/893
f 2793/105/894 2794/109/894 2795/105/895
f 2794/109/894 2796/109/896 2795/105/895
f 2795/105/895 2796/109/896 2797/105/154
f 2796/109/896 2798/109/154 2797/105/154
f 2799/105/897 2800/105/897 2801/105/898
f 2802/105/899 2803/105/899 2804/105/900
f 2803/105/899 2801/105/898 2804/105/900
f 2801/105/898 2800/105/897 2804/105/900
f 2805/109/901 2806/109/902 2807/109/903
f 2808/109/904 2809/109/904 2810/109/903
f 2809/109/904 2807/109/903 2810/109/903
f 2807/109/903 2806/109/902 2810/109/903
f 2811/105/905 2812/105/35 2813/109/905
f 2812/105/35 2814/109/905 2813/109/905
f 2815/109/126 2816/109/34 2817/105/905
f 2816/109/34 2818/105/906 2817/105/905
f 2819/109/907 2820/105/907 2821/109/907
f 2820/105/907 2822/105/907 2821/109/907
f 2823/112/908 2824/104/909 2825/112/910
f 2825/112/910 2824/104/909 2826/104/911
f 2824/104/909 2827/105/912 2826/104/911
f 2826/104/911 2827/105/912 2828/105/913
f 2827/105/912 2829/109/914 2828/105/913
f 2828/105/913 2829/109/914 2830/109/915
f 2829/109/914 2831/110/916 2830/109/915
f 2830/109/915 2831/110/916 2832/110/917
f 2833/113/918 2832/110/917 2834/113/919
f 2832/110/917 2831/110/916 2834/113/919
f 2835/105/920 2836/105/921 2837/105/920
f 2836/105/921 2838/105/922 2837/105/920
f 2839/109/533 2840/109/923 2841/105/533
f 2841/105/533 2840/109/923 2842/105/923
f 2843/105/924 2842/105/923 2844/109/925
f 2842/105/923 2840/109/923 2844/109/925
f 2845/105/926 2846/105/927 2847/109/926
f 2847/109/926 2846/105/927 2848/109/927
f 2849/109/928 2848/109/927 2850/105/929
f 2848/109/927 2846/105/927 2850/105/929
f 2851/109/930 2852/109/931 2853/109/88
f 2853/109/88 2852/109/931 2854/109/932
f 2852/109/931 2855/109/933 2854/109/932
f 2855/109/933 2856/109/933 2854/109/932
f 2857/105/126 2858/109/126 2859/105/35
f 2858/109/126 2860/109/126 2859/105/35
f 2861/109/934 2862/105/935 2863/109/34
f 2862/105/935 2864/105/936 2863/109/34
f 2865/105/937 2866/105/937 2867/109/937
f 2866/105/937 2868/109/938 2867/109/937
f 2869/112/939 2870/112/940 2871/104/941
f 2870/112/940 2872/104/942 2871/104/941
f 2871/104/941 2872/104/942 2873/105/943
f 2872/104/942 2874/105/944 2873/105/943
f 2873/105/943 2874/105/944 2875/109/945
f 2874/105/944 2876/109/946 2875/109/945
f 2875/109/945 2876/109/946 2877/110/947
f 2876/109/946 2878/110/948 2877/110/947
f 2877/110/947 2878/110/948 2879/113/949
f 2878/110/948 2880/113/950 2879/113/949
s 0
f 2881/314/42 2882/315/42 2883/316/42
f 2883/316/42 2882/315/42 2884/317/42
f 2884/317/42 2882/315/42 2885/318/42
f 2885/318/42 2882/315/42 2886/319/42
f 2886/319/42 2882/315/42 2887/320/42
f 2887/320/42 2882/315/42 2888/321/42
f 2888/321/42 2882/315/42 2889/33/42
f 2882/315/42 2881/314/42 2889/33/42
s 1
f 2890/322/118 2891/114/123 2892/114/89
s 0
f 2893/43/89 2892/114/89 2894/323/89
f 2894/323/89 2892/114/89 2895/113/89
f 2895/113/89 2892/114/89 2896/324/89
f 2896/324/89 2892/114/89 2897/161/89
s 1
f 2892/114/89 2891/114/123 2897/161/89
f 2891/114/123 2898/161/951 2897/161/89
f 2897/161/89 2898/161/951 2899/322/89
f 2898/161/951 2890/322/118 2899/322/89
f 2890/322/118 2892/114/89 2899/322/89
s 0
f 2899/322/89 2892/114/89 2900/112/89
f 2900/112/89 2892/114/89 2901/325/89
f 2892/114/89 2893/43/89 2901/325/89
s 1
f 2902/326/952 2903/327/952 2904/328/953
f 2904/328/953 2903/327/952 2905/329/952
f 2903/327/952 2906/330/954 2905/329/952
f 2905/329/952 2906/330/954 2907/331/952
f 2906/330/954 2908/332/952 2907/331/952
f 2908/332/952 2909/333/952 2907/331/952
f 2910/334/955 2911/335/956 2912/326/955
f 2912/326/955 2911/335/956 2913/327/955
f 2911/335/956 2914/336/956 2913/327/955
s 0
f 2913/327/956 2914/336/956 2915/330/956
s 1
f 2914/336/957 2916/337/957 2915/330/957
f 2916/337/957 2917/332/955 2915/330/957
f 2918/338/958 2919/339/959 2920/334/959
f 2920/334/959 2919/339/959 2921/335/958
f 2919/339/959 2922/340/958 2921/335/958
f 2921/335/958 2922/340/958 2923/336/959
f 2922/340/958 2924/341/959 2923/336/959
f 2924/341/959 2925/337/959 2923/336/959
s 0
f 2926/154/960 2927/156/960 2928/338/960
s 1
f 2928/338/961 2927/156/960 2929/339/962
f 2927/156/960 2930/159/962 2929/339/962
f 2929/339/962 2930/159/962 2931/340/961
s 0
f 2930/159/962 2932/161/962 2931/340/962
s 1
f 2932/161/962 2933/341/962 2931/340/962
f 2934/342/963 2935/343/964 2936/154/965
f 2936/154/965 2935/343/964 2937/156/964
f 2935/343/964 2938/344/963 2937/156/964
s 0
f 2937/156/965 2938/344/965 2939/159/965
s 1
f 2938/344/963 2940/345/963 2939/159/964
f 2940/345/963 2941/161/965 2939/159/964
f 2942/346/966 2943/347/966 2944/342/966
f 2944/342/966 2943/347/966 2945/343/967
f 2943/347/966 2946/348/966 2945/343/967
f 2945/343/967 2946/348/966 2947/344/966
f 2946/348/966 2948/349/966 2947/344/966
f 2948/349/966 2949/345/966 2947/344/966
f 2950/350/968 2951/351/968 2952/346/968
s 0
f 2952/346/969 2951/351/969 2953/347/969
f 2951/351/969 2954/352/969 2953/347/969
f 2953/347/969 2954/352/969 2955/348/969
s 1
f 2954/352/968 2956/353/968 2955/348/968
s 0
f 2956/353/969 2957/349/969 2955/348/969
s 1
f 2958/191/970 2959/193/971 2960/350/972
f 2960/350/972 2959/193/971 2961/351/971
f 2959/193/971 2962/196/972 2961/351/971
f 2961/351/971 2962/196/972 2963/352/972
f 2962/196/972 2964/198/973 2963/352/972
f 2964/198/973 2965/353/973 2963/352/972
f 2966/105/89 2967/105/974 2968/105/975
f 2969/105/42 2970/105/42 2971/105/976
f 2970/105/42 2968/105/975 2971/105/976
f 2968/105/975 2967/105/974 2971/105/976
f 2972/109/42 2973/109/42 2974/109/977
f 2975/109/89 2976/109/89 2977/109/978
f 2976/109/89 2974/109/977 2977/109/978
f 2974/109/977 2973/109/42 2977/109/978
f 2978/109/979 2979/105/979 2980/109/980
f 2979/105/979 2981/105/981 2980/109/980
f 2980/109/980 2981/105/981 2982/109/982
f 2981/105/981 2983/105/982 2982/109/982
f 2982/109/982 2983/105/982 2984/109/976
f 2983/105/982 2985/105/983 2984/109/976
f 2986/105/984 2987/109/985 2988/105/986
f 2987/109/985 2989/109/986 2988/105/986
f 2988/105/986 2989/109/986 2990/105/987
f 2989/109/986 2991/109/988 2990/105/987
f 2990/105/987 2991/109/988 2992/105/989
f 2991/109/988 2993/109/990 2992/105/989
f 2994/105/991 2992/105/989 2995/109/992
f 2992/105/989 2993/109/990 2995/109/992
f 2993/109/990 2984/109/976 2995/109/992
f 2995/109/992 2984/109/976 2996/109/993
f 2996/109/993 2984/109/976 2997/105/993
f 2984/109/976 2985/105/983 2997/105/993
f 2985/105/983 2992/105/989 2997/105/993
f 2992/105/989 2994/105/991 2997/105/993
f 2998/109/993 2999/105/993 3000/109/993
f 2999/105/993 3001/105/993 3000/109/993
f 3002/105/994 3003/109/994 3004/105/994
f 3003/109/994 3005/109/994 3004/105/994
f 3006/109/62 3007/105/62 3008/109/62
f 3007/105/62 3009/105/995 3008/109/62
f 3010/105/996 3011/109/997 3012/105/997
f 3011/109/997 3013/109/997 3012/105/997
f 3014/109/998 3015/105/998 3016/109/998
f 3015/105/998 3017/105/998 3016/109/998
f 3018/105/999 3019/105/999 3020/105/1000
f 3021/105/90 3022/105/90 3023/105/1001
f 3022/105/90 3020/105/1000 3023/105/1001
f 3020/105/1000 3019/105/999 3023/105/1001
f 3024/105/1002 3025/109/1002 3026/105/1002
f 3025/109/1002 3027/109/1002 3026/105/1002
f 3028/109/1003 3029/109/1003 3030/109/1004
f 3031/109/94 3032/109/94 3033/109/1004
f 3032/109/94 3030/109/1004 3033/109/1004
f 3030/109/1004 3029/109/1003 3033/109/1004
f 3034/109/1005 3035/105/1005 3036/109/1005
f 3035/105/1005 3037/105/1005 3036/109/1005
f 3038/109/1006 3039/105/1006 3040/109/1006
f 3039/105/1006 3041/105/1006 3040/109/1006
f 3042/104/1007 3043/112/1007 3044/104/1008
f 3045/112/1009 3046/104/1009 3047/112/1008
f 3046/104/1009 3044/104/1008 3047/112/1008
f 3044/104/1008 3043/112/1007 3047/112/1008
f 3048/105/1010 3049/104/1010 3050/105/1011
f 3051/104/1012 3052/105/1012 3053/104/1013
f 3052/105/1012 3050/105/1011 3053/104/1013
f 3050/105/1011 3049/104/1010 3053/104/1013
f 3054/109/17 3055/105/17 3056/109/1014
f 3057/109/1015 3058/109/1016 3056/109/1014
f 3056/109/1014 3058/109/1016 3059/109/1017
f 3058/109/1016 3060/105/1018 3059/109/1017
f 3059/109/1017 3060/105/1018 3061/105/1019
f 3060/105/1018 3062/105/1020 3061/105/1019
f 3061/105/1019 3062/105/1020 3063/105/1021
f 3062/105/1020 3057/109/1015 3063/105/1021
f 3057/109/1015 3056/109/1014 3063/105/1021
f 3056/109/1014 3055/105/17 3063/105/1021
f 3064/110/1022 3065/109/1023 3066/110/1024
f 3067/109/1025 3068/110/1025 3069/109/1026
f 3068/110/1025 3066/110/1024 3069/109/1026
f 3066/110/1024 3065/109/1023 3069/109/1026
f 3070/113/1027 3071/110/1027 3072/113/1028
f 3073/110/1029 3074/113/1029 3075/110/1028
f 3074/113/1029 3072/113/1028 3075/110/1028
f 3072/113/1028 3071/110/1027 3075/110/1028
f 3076/112/1030 3077/104/1031 3078/112/1030
f 3078/112/1030 3077/104/1031 3079/104/1031
f 3077/104/1031 3080/105/1032 3079/104/1031
f 3079/104/1031 3080/105/1032 3081/105/1032
f 3080/105/1032 3082/109/1033 3081/105/1032
f 3081/105/1032 3082/109/1033 3083/109/1033
f 3082/109/1033 3084/110/1034 3083/109/1033
f 3083/109/1033 3084/110/1034 3085/110/1034
f 3086/113/1035 3085/110/1034 3087/113/1035
f 3085/110/1034 3084/110/1034 3087/113/1035
f 3088/105/42 3089/105/1036 3090/105/42
f 3090/105/42 3089/105/1036 3091/105/1037
f 3089/105/1036 3092/105/89 3091/105/1037
f 3092/105/89 3093/105/89 3091/105/1037
f 3094/109/89 3095/109/1038 3096/109/89
f 3096/109/89 3095/109/1038 3097/109/1039
f 3095/109/1038 3098/109/42 3097/109/1039
f 3098/109/42 3099/109/42 3097/109/1039
f 3100/105/1040 3101/105/1041 3102/109/1042
f 3102/109/1042 3101/105/1041 3103/109/1041
f 3101/105/1041 3104/105/1043 3103/109/1041
f 3103/109/1041 3104/105/1043 3105/109/1043
f 3104/105/1043 3106/105/1044 3105/109/1043
f 3106/105/1044 3107/109/1044 3105/109/1043
f 3108/109/1045 3109/109/1046 3110/105/1045
f 3110/105/1045 3109/109/1046 3111/105/1047
f 3109/109/1046 3112/109/1048 3111/105/1047
f 3111/105/1047 3112/109/1048 3113/105/1049
f 3112/109/1048 3114/109/126 3113/105/1049
f 3113/105/1049 3114/109/126 3115/105/1050
f 3116/105/1051 3117/105/1052 3118/105/1053
f 3117/105/1052 3115/105/1050 3118/105/1053
f 3115/105/1050 3114/109/126 3118/105/1053
f 3118/105/1053 3114/109/126 3119/109/1053
f 3119/109/1053 3114/109/126 3120/109/1054
f 3114/109/126 3121/109/1053 3120/109/1054
f 3121/109/1053 3117/105/1052 3120/109/1054
f 3117/105/1052 3116/105/1051 3120/109/1054
f 3122/105/1055 3123/105/1056 3124/109/1056
f 3123/105/1056 3125/109/1055 3124/109/1056
f 3126/109/1057 3127/109/1058 3128/105/1058
f 3127/109/1058 3129/105/1058 3128/105/1058
f 3130/105/39 3131/105/39 3132/109/39
f 3131/105/39 3133/109/39 3132/109/39
f 3134/109/1059 3135/109/1059 3136/105/1059
f 3135/109/1059 3137/105/1060 3136/105/1059
f 3138/105/1061 3139/105/1062 3140/109/1062
f 3139/105/1062 3141/109/1062 3140/109/1062
f 3142/105/97 3143/105/1063 3144/105/97
f 3144/105/97 3143/105/1063 3145/105/1063
f 3143/105/1063 3146/105/1064 3145/105/1063
f 3146/105/1064 3147/105/1064 3145/105/1063
f 3148/109/1065 3149/109/1065 3150/105/1065
f 3149/109/1065 3151/105/1065 3150/105/1065
f 3152/109/100 3153/109/1066 3154/109/100
f 3154/109/100 3153/109/1066 3155/109/1067
f 3153/109/1066 3156/109/1068 3155/109/1067
f 3156/109/1068 3157/109/1069 3155/109/1067
f 3158/105/1070 3159/105/1070 3160/109/1070
f 3159/105/1070 3161/109/1070 3160/109/1070
f 3162/105/1071 3163/105/1072 3164/109/1072
f 3163/105/1072 3165/109/1071 3164/109/1072
f 3166/112/1073 3167/112/1074 3168/104/1073
f 3168/104/1073 3167/112/1074 3169/104/1074
f 3167/112/1074 3170/112/1075 3169/104/1074
f 3170/112/1075 3171/104/1076 3169/104/1074
f 3172/104/1077 3173/104/1078 3174/105/1079
f 3174/105/1079 3173/104/1078 3175/105/1080
f 3173/104/1078 3176/104/1081 3175/105/1080
f 3176/104/1081 3177/105/1081 3175/105/1080
f 3178/109/1082 3179/105/1083 3180/105/1084
f 3180/105/1084 3179/105/1083 3181/105/1085
f 3179/105/1083 3182/105/1086 3181/105/1085
f 3181/105/1085 3182/105/1086 3183/109/1087
f 3182/105/1086 3184/109/1088 3183/109/1087
f 3183/109/1087 3184/109/1088 3185/109/1089
f 3184/109/1088 3178/109/1082 3185/109/1089
f 3178/109/1082 3180/105/1084 3185/109/1089
f 3180/105/1084 3186/105/8 3185/109/1089
f 3186/105/8 3187/109/8 3185/109/1089
f 3188/109/1090 3189/109/1091 3190/110/1090
f 3190/110/1090 3189/109/1091 3191/110/1092
f 3189/109/1091 3192/109/1093 3191/110/1092
f 3192/109/1093 3193/110/1094 3191/110/1092
f 3194/110/1095 3195/110/1096 3196/113/1095
f 3196/113/1095 3195/110/1096 3197/113/1096
f 3195/110/1096 3198/110/1097 3197/113/1096
f 3197/113/1096 3198/110/1097 3199/113/1097
f 3198/110/1097 3200/110/1098 3199/113/1097
f 3200/110/1098 3201/113/1098 3199/113/1097
f 3202/112/1099 3203/112/1100 3204/104/1101
f 3203/112/1100 3205/104/1101 3204/104/1101
f 3204/104/1101 3205/104/1101 3206/105/1102
f 3205/104/1101 3207/105/1103 3206/105/1102
f 3206/105/1102 3207/105/1103 3208/109/1104
f 3207/105/1103 3209/109/1105 3208/109/1104
f 3208/109/1104 3209/109/1105 3210/110/1106
f 3209/109/1105 3211/110/1107 3210/110/1106
f 3210/110/1106 3211/110/1107 3212/113/1108
f 3211/110/1107 3213/113/1108 3212/113/1108
s 0
f 3214/39/1109 3215/39/1109 3216/39/1109
s 1
f 3215/39/1109 3217/39/1109 3216/39/1109
f 3218/39/1110 3219/39/1110 3220/39/1110
f 3219/39/1110 3221/39/1110 3220/39/1110
s 0
f 3222/39/1111 3223/39/1111 3224/39/1111
f 3223/39/1111 3225/39/1111 3224/39/1111
f 3226/39/8 3227/39/8 3228/39/8
f 3227/39/8 3229/39/8 3228/39/8
f 3230/24/1112 3231/24/1112 3232/24/1112
f 3231/24/1112 3233/24/1112 3232/24/1112
s 1
f 3234/24/1113 3235/24/1113 3236/24/1113
f 3235/24/1113 3237/24/1113 3236/24/1113
s 0
f 3238/24/1114 3239/24/1114 3240/24/1114
f 3239/24/1114 3241/24/1114 3240/24/1114
f 3242/24/8 3243/24/8 3244/24/8
f 3243/24/8 3245/24/8 3244/24/8
f 3246/39/34 3247/39/34 3248/39/34
f 3247/39/34 3249/39/34 3248/39/34
f 3250/39/17 3251/39/17 3252/39/17
f 3251/39/17 3253/39/17 3252/39/17
f 3254/39/35 3255/39/35 3256/39/35
f 3255/39/35 3257/39/35 3256/39/35
f 3258/39/8 3259/39/8 3260/39/8
f 3259/39/8 3261/39/8 3260/39/8
s 1
f 3262/24/1115 3263/24/1116 3264/24/1115
f 3263/24/1116 3265/24/1116 3264/24/1115
f 3266/24/1117 3267/24/1117 3268/24/1117
f 3267/24/1117 3269/24/1117 3268/24/1117
f 3270/24/1118 3271/24/1118 3272/24/1118
f 3271/24/1118 3273/24/1118 3272/24/1118
s 0
f 3274/24/8 3275/24/8 3276/24/8
f 3275/24/8 3277/24/8 3276/24/8
f 3278/39/89 3279/39/89 3280/39/89
s 1
f 3279/39/126 3281/39/126 3280/39/126
s 0
f 3281/39/89 3282/39/89 3280/39/89
f 3280/39/89 3282/39/89 3283/39/89
s 1
f 3283/39/89 3282/39/89 3284/39/89
f 3282/39/89 3285/39/89 3284/39/89
s 0
f 3285/39/89 3279/39/89 3284/39/89
f 3279/39/89 3278/39/89 3284/39/89
f 3286/24/89 3287/24/89 3288/24/89
f 3288/24/89 3287/24/89 3289/24/89
f 3287/24/1119 3290/24/1119 3289/24/1119
s 1
f 3289/24/1120 3290/24/1120 3291/24/89
s 0
f 3290/24/89 3292/24/89 3291/24/89
f 3292/24/89 3293/24/89 3291/24/89
s 1
f 3294/24/1121 3295/24/34 3296/24/1122
f 3295/24/34 3297/24/126 3296/24/1122
s 0
f 3298/39/126 3299/39/126 3300/39/126
f 3299/39/126 3301/39/126 3300/39/126
f 3302/39/89 3303/39/89 3304/39/89
f 3304/39/89 3303/39/89 3305/39/89
s 1
f 3305/39/126 3303/39/35 3306/39/126
f 3303/39/35 3307/39/126 3306/39/126
s 0
f 3308/39/89 3306/39/89 3309/39/89
f 3306/39/89 3307/39/89 3309/39/89
s 1
f 3310/24/89 3311/24/1123 3312/24/89
f 3312/24/89 3311/24/1123 3313/24/1124
f 3311/24/1123 3314/24/1125 3313/24/1124
f 3313/24/1124 3314/24/1125 3315/24/1125
f 3314/24/1125 3316/24/89 3315/24/1125
f 3316/24/89 3317/24/89 3315/24/1125
f 3318/24/1126 3319/24/34 3320/24/1127
f 3319/24/34 3321/24/1128 3320/24/1127
s 0
f 3322/39/42 3323/39/42 3324/39/42
f 3323/39/42 3325/39/42 3324/39/42
f 3326/39/1129 3327/39/1129 3328/39/1129
f 3327/39/1129 3329/39/1129 3328/39/1129
f 3330/39/89 3331/39/89 3332/39/89
f 3331/39/89 3333/39/89 3332/39/89
s 1
f 3334/39/1130 3335/39/1130 3336/39/1130
f 3335/39/1130 3337/39/1130 3336/39/1130
s 0
f 3338/24/89 3339/24/89 3340/24/89
f 3339/24/89 3341/24/89 3340/24/89
s 1
f 3342/24/1131 3343/24/1131 3344/24/1131
f 3343/24/1131 3345/24/1131 3344/24/1131
s 0
f 3346/24/42 3347/24/42 3348/24/42
f 3347/24/42 3349/24/42 3348/24/42
s 1
f 3350/24/1132 3351/24/1132 3352/24/1132
f 3351/24/1132 3353/24/1132 3352/24/1132
s 0
f 3354/39/42 3355/39/42 3356/39/42
f 3355/39/42 3357/39/42 3356/39/42
f 3358/39/35 3359/39/35 3360/39/35
f 3359/39/35 3361/39/35 3360/39/35
f 3362/39/89 3363/39/89 3364/39/89
f 3363/39/89 3365/39/89 3364/39/89
f 3366/39/34 3367/39/34 3368/39/34
f 3367/39/34 3369/39/34 3368/39/34
f 3370/24/89 3371/24/89 3372/24/89
f 3371/24/89 3373/24/89 3372/24/89
s 1
f 3374/24/1133 3375/24/1133 3376/24/1133
f 3375/24/1133 3377/24/1133 3376/24/1133
s 0
f 3378/24/42 3379/24/42 3380/24/42
f 3379/24/42 3381/24/42 3380/24/42
s 1
f 3382/24/1134 3383/24/1134 3384/24/1134
f 3383/24/1134 3385/24/1134 3384/24/1134
f 3386/39/1135 3387/39/1136 3388/39/1135
f 3388/39/1135 3387/39/1136 3389/39/1137
f 3387/39/1136 3390/39/1137 3389/39/1137
f 3389/39/1137 3390/39/1137 3391/39/1137
f 3390/39/1137 3392/39/1135 3391/39/1137
f 3391/39/1137 3392/39/1135 3393/39/1135
f 3392/39/1135 3386/39/1135 3393/39/1135
f 3386/39/1135 3388/39/1135 3393/39/1135
f 3394/24/8 3395/24/8 3396/24/89
f 3395/24/8 3397/24/8 3396/24/89
f 3398/24/1138 3399/24/1139 3400/24/1138
f 3400/24/1138 3399/24/1139 3401/24/1140
f 3402/24/1138 3403/24/1139 3404/24/1138
f 3404/24/1138 3403/24/1139 3405/24/1139
f 3403/24/1139 3401/24/1140 3405/24/1139
f 3401/24/1140 3399/24/1139 3405/24/1139
s 0
f 3406/39/8 3407/39/8 3408/39/8
f 3408/39/8 3407/39/8 3409/39/8
s 1
f 3407/39/8 3410/39/8 3409/39/8
s 0
f 3409/39/8 3410/39/8 3411/39/8
f 3410/39/8 3412/39/8 3411/39/8
f 3412/39/8 3413/39/8 3411/39/8
s 1
f 3414/39/17 3415/39/17 3416/39/89
f 3415/39/17 3417/39/17 3416/39/89
s 0
f 3418/24/1037 3419/24/1037 3420/24/1037
f 3419/24/1037 3421/24/1037 3420/24/1037
s 1
f 3422/24/1141 3423/24/1142 3424/24/89
f 3423/24/1142 3425/24/1143 3424/24/89
s 0
f 3426/24/1037 3427/24/1037 3428/24/1037
f 3427/24/1037 3429/24/1037 3428/24/1037
s 1
f 3430/24/1144 3431/24/1145 3432/24/42
f 3431/24/1145 3433/24/1146 3432/24/42
s 0
f 3434/39/1147 3435/39/1147 3436/39/1147
f 3435/39/1147 3437/39/1147 3436/39/1147
f 3438/39/89 3439/39/89 3440/39/89
f 3439/39/89 3441/39/89 3440/39/89
f 3442/39/1148 3443/39/1148 3444/39/1148
f 3443/39/1148 3445/39/1148 3444/39/1148
f 3446/24/89 3447/24/89 3448/24/89
f 3447/24/89 3449/24/89 3448/24/89
f 3450/24/1149 3451/24/1149 3452/24/1149
f 3451/24/1149 3453/24/1149 3452/24/1149
s 1
f 3454/24/1114 3455/24/1150 3456/24/1150
f 3455/24/1150 3457/24/1114 3456/24/1150
s 0
f 3458/39/35 3459/39/35 3460/39/35
f 3459/39/35 3461/39/35 3460/39/35
f 3462/39/89 3463/39/89 3464/39/89
f 3463/39/89 3465/39/89 3464/39/89
f 3466/39/34 3467/39/34 3468/39/34
f 3467/39/34 3469/39/34 3468/39/34
f 3470/24/89 3471/24/89 3472/24/89
f 3471/24/89 3473/24/89 3472/24/89
s 1
f 3474/24/1116 3475/24/1116 3476/24/1151
f 3475/24/1116 3477/24/1115 3476/24/1151
f 3478/24/1118 3479/24/1118 3480/24/1118
f 3479/24/1118 3481/24/1152 3480/24/1118
s 0
f 3482/39/17 3483/39/17 3484/39/17
f 3483/39/17 3485/39/17 3484/39/17
f 3486/39/8 3487/39/8 3488/39/8
s 1
f 3487/39/8 3489/39/8 3488/39/8
s 0
f 3490/39/17 3491/39/17 3492/39/17
f 3491/39/17 3493/39/17 3492/39/17
s 1
f 3494/39/1153 3495/39/42 3496/39/1154
f 3495/39/42 3497/39/1155 3496/39/1154
s 0
f 3498/24/17 3499/24/17 3500/24/17
f 3500/24/17 3499/24/17 3501/24/17
s 1
f 3499/24/17 3502/24/42 3501/24/17
f 3501/24/17 3502/24/42 3503/24/17
s 0
f 3502/24/17 3504/24/17 3503/24/17
f 3504/24/17 3505/24/17 3503/24/17
s 1
f 3506/24/1156 3507/24/89 3508/24/1157
f 3507/24/89 3509/24/1158 3508/24/1157
f 3510/39/1159 3511/39/89 3512/39/1160
f 3511/39/89 3513/39/1161 3512/39/1160
f 3514/24/8 3515/24/89 3516/24/8
f 3515/24/89 3517/24/8 3516/24/8
f 3518/39/1162 3519/39/1110 3520/39/1162
f 3519/39/1110 3521/39/1162 3520/39/1162
s 0
f 3522/39/17 3523/39/17 3524/39/17
f 3523/39/17 3525/39/17 3524/39/17
f 3526/24/17 3527/24/17 3528/24/17
f 3528/24/17 3527/24/17 3529/24/17
f 3530/24/17 3531/24/17 3532/24/17
f 3532/24/17 3531/24/17 3533/24/17
s 1
f 3531/24/17 3529/24/17 3533/24/42
f 3529/24/17 3527/24/17 3533/24/42
s 0
f 3533/24/17 3527/24/17 3534/24/17
f 3527/24/17 3535/24/17 3534/24/17
s 1
f 3536/24/1163 3537/24/1163 3538/24/1163
s 0
f 3537/24/1164 3539/24/1164 3538/24/1164
f 3540/39/17 3541/39/17 3542/39/17
f 3541/39/17 3543/39/17 3542/39/17
f 3544/39/8 3545/39/8 3546/39/8
f 3547/39/8 3548/39/8 3549/39/8
f 3548/39/8 3550/39/8 3549/39/8
f 3549/39/8 3550/39/8 3551/39/8
f 3550/39/8 3546/39/8 3551/39/8
f 3546/39/8 3545/39/8 3551/39/8
s 1
f 3552/24/1117 3553/24/1117 3554/24/1117
f 3553/24/1117 3555/24/1117 3554/24/1117
s 0
f 3556/24/8 3557/24/8 3558/24/8
f 3559/24/8 3560/24/8 3561/24/8
f 3560/24/8 3562/24/8 3561/24/8
f 3561/24/8 3562/24/8 3563/24/8
f 3562/24/8 3558/24/8 3563/24/8
f 3558/24/8 3557/24/8 3563/24/8
f 3564/39/35 3565/39/35 3566/39/35
f 3565/39/35 3567/39/35 3566/39/35
f 3568/24/34 3569/24/34 3570/24/34
f 3569/24/34 3571/24/34 3570/24/34
f 3572/39/42 3573/39/42 3574/39/42
f 3573/39/42 3575/39/42 3574/39/42
f 3574/39/42 3575/39/42 3576/39/42
f 3575/39/42 3577/39/42 3576/39/42
f 3576/39/42 3577/39/42 3578/39/42
f 3577/39/42 3579/39/42 3578/39/42
f 3579/39/42 3580/354/42 3578/39/42
f 3578/39/42 3580/354/42 3581/354/42
f 3582/24/42 3583/24/42 3584/24/42
f 3583/24/42 3585/24/42 3584/24/42
f 3584/24/42 3585/24/42 3586/24/42
f 3585/24/42 3587/24/42 3586/24/42
f 3586/24/42 3587/24/42 3588/24/42
f 3587/24/42 3589/24/42 3588/24/42
f 3589/24/42 3581/354/42 3588/24/42
f 3581/354/42 3580/354/42 3588/24/42
f 3590/24/89 3591/24/89 3592/24/89
f 3591/24/89 3593/24/89 3592/24/89
f 3592/24/89 3593/24/89 3594/24/89
f 3593/24/89 3595/24/89 3594/24/89
f 3594/24/89 3595/24/89 3596/24/89
f 3595/24/89 3597/24/89 3596/24/89
f 3598/39/89 3599/39/89 3600/39/89
f 3599/39/89 3601/39/89 3600/39/89
f 3600/39/89 3601/39/89 3602/39/89
f 3601/39/89 3603/39/89 3602/39/89
f 3602/39/89 3603/39/89 3604/39/89
f 3603/39/89 3605/39/89 3604/39/89
f 3605/39/89 3606/354/89 3604/39/89
f 3604/39/89 3606/354/89 3607/354/89
f 3606/354/89 3596/24/89 3607/354/89
f 3596/24/89 3597/24/89 3607/354/89
f 3608/39/17 3609/39/17 3610/39/17
f 3610/39/17 3609/39/17 3611/39/17
f 3612/39/17 3613/39/17 3614/39/17
f 3614/39/17 3613/39/17 3615/39/17
s 1
f 3613/39/17 3611/39/17 3615/39/42
f 3611/39/17 3609/39/17 3615/39/42
s 0
f 3609/39/17 3616/354/17 3615/39/17
f 3615/39/17 3616/354/17 3617/354/17
f 3616/354/17 3618/24/17 3617/354/17
f 3618/24/17 3619/24/17 3617/354/17
s 1
f 3620/38/1165 3621/39/1165 3622/38/1165
f 3621/39/1165 3623/39/1165 3622/38/1165
s 0
f 3624/24/17 3625/354/17 3626/354/17
f 3627/39/17 3626/354/17 3628/39/17
f 3626/354/17 3625/354/17 3628/39/17
f 3628/39/17 3625/354/17 3629/39/17
f 3629/39/17 3625/354/17 3630/354/17
f 3631/24/17 3630/354/17 3632/24/17
f 3630/354/17 3625/354/17 3632/24/17
f 3625/354/17 3624/24/17 3632/24/17
s 1
f 3633/24/1166 3634/44/1166 3635/24/1166
f 3634/44/1166 3636/44/1167 3635/24/1166
s 0
f 3637/39/42 3638/39/42 3639/38/42
s 1
f 3640/39/126 3641/354/126 3642/39/126
f 3641/354/126 3643/354/126 3642/39/126
s 0
f 3644/354/126 3645/24/126 3646/354/126
f 3645/24/126 3647/24/126 3646/354/126
f 3648/44/42 3649/24/42 3650/24/42
s 1
f 3651/18/1168 3652/19/1169 3653/355/1170
f 3652/19/1169 3654/356/1171 3653/355/1170
f 3654/356/1171 3655/357/1172 3653/355/1170
f 3653/355/1170 3655/357/1172 3656/358/1173
f 3655/357/1172 3657/359/1174 3656/358/1173
f 3656/358/1173 3657/359/1174 3658/360/1175
f 3657/359/1174 3659/361/1176 3658/360/1175
f 3658/360/1175 3659/361/1176 3660/362/1177
f 3659/361/1176 3661/363/1178 3660/362/1177
f 3660/362/1177 3661/363/1178 3662/364/1179
f 3661/363/1178 3663/21/1180 3662/364/1179
f 3662/364/1179 3663/21/1180 3664/20/1181
f 3664/20/1181 3663/21/1180 3665/22/1182
f 3665/22/1182 3663/21/1180 3666/23/1183
f 3667/24/1184 3666/23/1183 3668/25/1185
f 3666/23/1183 3663/21/1180 3668/25/1185
f 3663/21/1180 3661/363/1178 3668/25/1185
f 3668/25/1185 3661/363/1178 3669/365/1186
f 3661/363/1178 3659/361/1176 3669/365/1186
f 3669/365/1186 3659/361/1176 3670/366/1187
f 3659/361/1176 3657/359/1174 3670/366/1187
f 3670/366/1187 3657/359/1174 3671/367/1188
f 3657/359/1174 3655/357/1172 3671/367/1188
f 3671/367/1188 3655/357/1172 3672/368/1189
f 3655/357/1172 3654/356/1171 3672/368/1189
f 3672/368/1189 3654/356/1171 3673/369/1190
f 3673/369/1190 3654/356/1171 3674/26/1191
f 3654/356/1171 3652/19/1169 3674/26/1191
f 3675/39/1192 3676/38/1192 3677/40/1193
f 3678/29/1194 3679/30/1194 3680/370/1195
f 3679/30/1194 3681/371/1195 3680/370/1195
f 3680/370/1195 3681/371/1195 3682/372/1196
f 3681/371/1195 3683/373/1196 3682/372/1196
f 3682/372/1196 3683/373/1196 3684/374/1197
f 3683/373/1196 3685/375/1197 3684/374/1197
f 3684/374/1197 3685/375/1197 3686/376/1198
f 3685/375/1197 3687/377/1199 3686/376/1198
f 3686/376/1198 3687/377/1199 3688/378/1200
f 3687/377/1199 3689/379/1200 3688/378/1200
f 3688/378/1200 3689/379/1200 3690/37/1193
f 3689/379/1200 3677/40/1193 3690/37/1193
f 3677/40/1193 3676/38/1192 3690/37/1193
f 3691/26/1201 3692/43/1202 3693/369/1203
f 3694/44/1204 3695/24/1204 3696/42/1205
f 3695/24/1204 3697/25/1205 3696/42/1205
f 3697/25/1205 3698/365/1206 3696/42/1205
f 3696/42/1205 3698/365/1206 3699/380/1206
f 3698/365/1206 3700/366/1207 3699/380/1206
f 3699/380/1206 3700/366/1207 3701/381/1208
f 3700/366/1207 3702/367/1209 3701/381/1208
f 3701/381/1208 3702/367/1209 3703/382/1209
f 3702/367/1209 3704/368/1210 3703/382/1209
f 3703/382/1209 3704/368/1210 3705/383/1210
f 3704/368/1210 3693/369/1203 3705/383/1210
f 3705/383/1210 3693/369/1203 3706/384/1211
f 3693/369/1203 3692/43/1202 3706/384/1211
f 3707/39/1212 3708/39/1212 3709/39/1212
s 0
f 3708/39/1212 3710/39/1212 3709/39/1212
s 1
f 3711/39/1213 3712/39/1214 3713/39/1214
f 3712/39/1214 3714/39/1213 3713/39/1214
s 0
f 3715/39/1215 3716/39/1215 3717/39/1215
f 3716/39/1215 3718/39/1215 3717/39/1215
f 3719/39/17 3720/39/17 3721/39/17
f 3720/39/17 3722/39/17 3721/39/17
f 3723/24/1216 3724/24/1216 3725/24/1216
f 3724/24/1216 3726/24/1216 3725/24/1216
s 1
f 3727/24/1217 3728/24/1218 3729/24/1218
f 3728/24/1218 3730/24/1217 3729/24/1218
s 0
f 3731/24/1219 3732/24/1219 3733/24/1219
f 3732/24/1219 3734/24/1219 3733/24/1219
f 3735/24/17 3736/24/17 3737/24/17
f 3736/24/17 3738/24/17 3737/24/17
f 3739/39/34 3740/39/34 3741/39/34
f 3740/39/34 3742/39/34 3741/39/34
f 3743/39/8 3744/39/8 3745/39/8
f 3744/39/8 3746/39/8 3745/39/8
f 3747/39/35 3748/39/35 3749/39/35
f 3748/39/35 3750/39/35 3749/39/35
f 3751/39/17 3752/39/17 3753/39/17
f 3752/39/17 3754/39/17 3753/39/17
s 1
f 3755/24/1220 3756/24/1220 3757/24/1221
f 3756/24/1220 3758/24/1221 3757/24/1221
f 3759/24/1222 3760/24/1222 3761/24/1222
f 3760/24/1222 3762/24/1222 3761/24/1222
f 3763/24/1223 3764/24/1224 3765/24/1224
f 3764/24/1224 3766/24/1223 3765/24/1224
s 0
f 3767/24/17 3768/24/17 3769/24/17
f 3768/24/17 3770/24/17 3769/24/17
s 1
f 3771/39/89 3772/39/1225 3773/39/1226
f 3772/39/1225 3774/39/1227 3773/39/1226
f 3774/39/1227 3775/39/1227 3773/39/1226
f 3773/39/1226 3775/39/1227 3776/39/1227
f 3776/39/1227 3775/39/1227 3777/39/89
f 3775/39/1227 3778/39/89 3777/39/89
f 3778/39/89 3772/39/1225 3777/39/89
f 3772/39/1225 3771/39/89 3777/39/89
f 3779/24/89 3780/24/89 3781/24/1228
f 3782/24/89 3783/24/89 3784/24/1228
f 3783/24/89 3785/24/1228 3784/24/1228
f 3784/24/1228 3785/24/1228 3786/24/1228
f 3785/24/1228 3781/24/1228 3786/24/1228
f 3781/24/1228 3780/24/89 3786/24/1228
f 3787/24/126 3788/24/34 3789/24/42
f 3788/24/34 3790/24/42 3789/24/42
s 0
f 3791/39/89 3792/39/89 3793/39/89
f 3792/39/89 3794/39/89 3793/39/89
s 1
f 3794/39/126 3795/39/126 3793/39/126
s 0
f 3793/39/89 3795/39/89 3796/39/89
f 3796/39/89 3795/39/89 3797/39/89
f 3795/39/89 3798/39/89 3797/39/89
s 1
f 3798/39/126 3792/39/126 3797/39/35
f 3792/39/126 3791/39/126 3797/39/35
f 3799/24/89 3800/24/89 3801/24/1125
f 3802/24/89 3803/24/89 3804/24/1125
f 3803/24/89 3805/24/1229 3804/24/1125
f 3804/24/1125 3805/24/1229 3806/24/1125
f 3805/24/1229 3801/24/1125 3806/24/1125
f 3801/24/1125 3800/24/89 3806/24/1125
f 3807/24/42 3808/24/34 3809/24/126
f 3808/24/34 3810/24/126 3809/24/126
s 0
f 3811/39/42 3812/39/42 3813/39/42
f 3812/39/42 3814/39/42 3813/39/42
s 1
f 3815/39/1230 3816/39/1230 3817/39/1230
f 3816/39/1230 3818/39/1230 3817/39/1230
s 0
f 3819/39/89 3820/39/89 3821/39/89
f 3820/39/89 3822/39/89 3821/39/89
f 3823/39/1231 3824/39/1231 3825/39/1231
f 3824/39/1231 3826/39/1231 3825/39/1231
f 3827/24/89 3828/24/89 3829/24/89
f 3828/24/89 3830/24/89 3829/24/89
s 1
f 3831/24/1232 3832/24/1232 3833/24/1232
f 3832/24/1232 3834/24/1232 3833/24/1232
s 0
f 3835/24/42 3836/24/42 3837/24/42
f 3836/24/42 3838/24/42 3837/24/42
s 1
f 3839/24/1233 3840/24/1234 3841/24/1234
f 3840/24/1234 3842/24/1233 3841/24/1234
s 0
f 3843/39/42 3844/39/42 3845/39/42
f 3844/39/42 3846/39/42 3845/39/42
f 3847/39/35 3848/39/35 3849/39/35
f 3848/39/35 3850/39/35 3849/39/35
f 3851/39/89 3852/39/89 3853/39/89
f 3852/39/89 3854/39/89 3853/39/89
f 3855/39/34 3856/39/34 3857/39/34
f 3856/39/34 3858/39/34 3857/39/34
f 3859/24/89 3860/24/89 3861/24/89
f 3860/24/89 3862/24/89 3861/24/89
s 1
f 3863/24/1235 3864/24/1235 3865/24/1235
f 3864/24/1235 3866/24/1235 3865/24/1235
s 0
f 3867/24/42 3868/24/42 3869/24/42
f 3868/24/42 3870/24/42 3869/24/42
s 1
f 3871/24/1236 3872/24/1236 3873/24/1236
f 3872/24/1236 3874/24/1236 3873/24/1236
f 3875/24/17 3876/24/17 3877/24/89
f 3876/24/17 3878/24/17 3877/24/89
f 3879/24/1237 3880/24/1237 3881/24/1238
f 3880/24/1237 3882/24/1238 3881/24/1238
f 3881/24/1238 3882/24/1238 3883/24/1238
f 3884/24/1237 3885/24/1237 3886/24/1238
f 3885/24/1237 3883/24/1238 3886/24/1238
f 3883/24/1238 3882/24/1238 3886/24/1238
s 0
f 3887/39/17 3888/39/17 3889/39/17
f 3888/39/17 3890/39/17 3889/39/17
s 1
f 3891/39/1239 3892/39/1240 3893/39/42
f 3892/39/1240 3894/39/1241 3893/39/42
s 0
f 3895/39/17 3896/39/17 3897/39/17
f 3896/39/17 3898/39/17 3897/39/17
s 1
f 3899/39/8 3900/39/8 3901/39/8
s 0
f 3900/39/8 3902/39/8 3901/39/8
f 3903/24/983 3904/24/983 3905/24/983
f 3904/24/983 3906/24/983 3905/24/983
s 1
f 3907/24/1242 3908/24/1243 3909/24/89
f 3908/24/1243 3910/24/1244 3909/24/89
s 0
f 3911/24/983 3912/24/983 3913/24/983
f 3912/24/983 3914/24/983 3913/24/983
s 1
f 3915/24/8 3916/24/8 3917/24/8
s 0
f 3916/24/8 3918/24/8 3917/24/8
f 3919/39/1215 3920/39/1215 3921/39/1215
s 1
f 3920/39/1215 3922/39/1215 3921/39/1215
s 0
f 3923/39/89 3924/39/89 3925/39/89
f 3924/39/89 3926/39/89 3925/39/89
s 1
f 3927/39/1245 3928/39/1245 3929/39/1246
f 3929/39/1246 3928/39/1245 3930/39/1247
f 3928/39/1245 3931/39/1248 3930/39/1247
f 3930/39/1247 3931/39/1248 3932/39/1248
f 3931/39/1248 3933/39/1248 3932/39/1248
f 3932/39/1248 3933/39/1248 3934/39/1249
f 3933/39/1248 3927/39/1245 3934/39/1249
f 3927/39/1245 3929/39/1246 3934/39/1249
s 0
f 3929/39/1249 3935/39/1249 3934/39/1249
f 3935/39/1249 3936/39/1249 3934/39/1249
f 3937/24/89 3938/24/89 3939/24/89
f 3938/24/89 3940/24/89 3939/24/89
f 3941/24/1250 3942/24/1250 3943/24/1250
f 3942/24/1251 3944/24/1251 3943/24/1251
s 1
f 3945/24/1219 3946/24/1252 3947/24/1252
f 3946/24/1252 3948/24/1219 3947/24/1252
s 0
f 3949/39/35 3950/39/35 3951/39/35
f 3950/39/35 3952/39/35 3951/39/35
f 3953/39/89 3954/39/89 3955/39/89
f 3954/39/89 3956/39/89 3955/39/89
f 3957/39/34 3958/39/34 3959/39/34
f 3958/39/34 3960/39/34 3959/39/34
f 3961/24/89 3962/24/89 3963/24/89
f 3962/24/89 3964/24/89 3963/24/89
s 1
f 3965/24/1221 3966/24/1221 3967/24/1220
f 3966/24/1221 3968/24/1221 3967/24/1220
f 3969/24/1253 3970/24/1253 3971/24/1224
f 3970/24/1253 3972/24/1253 3971/24/1224
s 0
f 3973/39/8 3974/39/8 3975/39/8
f 3974/39/8 3976/39/8 3975/39/8
s 1
f 3977/39/17 3978/39/17 3979/39/17
s 0
f 3978/39/17 3980/39/17 3979/39/17
f 3981/39/8 3982/39/8 3983/39/8
f 3982/39/8 3984/39/8 3983/39/8
s 1
f 3985/39/1254 3986/39/42 3987/39/1255
f 3986/39/42 3988/39/1256 3987/39/1255
f 3989/39/1257 3990/39/89 3991/39/1258
f 3990/39/89 3992/39/1259 3991/39/1258
f 3993/39/1214 3994/39/1214 3995/39/1214
s 0
f 3994/39/1260 3996/39/1260 3995/39/1260
f 3997/39/8 3998/39/8 3999/39/8
f 3998/39/8 4000/39/8 3999/39/8
s 1
f 4001/24/1218 4002/24/1218 4003/24/1218
f 4002/24/1218 4004/24/1261 4003/24/1218
s 0
f 4005/39/8 4006/39/8 4007/39/8
f 4006/39/8 4008/39/8 4007/39/8
f 4009/39/17 4010/39/17 4011/39/17
f 4011/39/17 4010/39/17 4012/39/17
f 4010/39/17 4013/39/17 4012/39/17
f 4012/39/17 4013/39/17 4014/39/17
f 4013/39/17 4015/39/17 4014/39/17
f 4015/39/17 4016/39/17 4014/39/17
s 1
f 4017/24/1222 4018/24/1222 4019/24/1222
s 0
f 4018/24/1262 4020/24/1262 4019/24/1262
f 4021/24/17 4022/24/17 4023/24/17
f 4023/24/17 4022/24/17 4024/24/17
f 4022/24/17 4025/24/17 4024/24/17
f 4024/24/17 4025/24/17 4026/24/17
f 4025/24/17 4027/24/17 4026/24/17
f 4027/24/17 4028/24/17 4026/24/17
f 4029/39/35 4030/39/35 4031/39/35
f 4030/39/35 4032/39/35 4031/39/35
f 4033/24/34 4034/24/34 4035/24/34
f 4034/24/34 4036/24/34 4035/24/34
f 4037/39/42 4038/39/42 4039/39/42
f 4039/39/42 4038/39/42 4040/39/42
f 4038/39/42 4041/39/42 4040/39/42
f 4040/39/42 4041/39/42 4042/39/42
f 4041/39/42 4043/39/42 4042/39/42
f 4042/39/42 4043/39/42 4044/39/42
f 4044/39/42 4043/39/42 4045/354/42
f 4043/39/42 4046/354/42 4045/354/42
f 4045/354/42 4046/354/42 4047/24/42
f 4048/24/42 4049/24/42 4050/24/42
f 4050/24/42 4049/24/42 4051/24/42
f 4049/24/42 4052/24/42 4051/24/42
f 4051/24/42 4052/24/42 4053/24/42
f 4052/24/42 4047/24/42 4053/24/42
f 4053/24/42 4047/24/42 4054/24/42
f 4047/24/42 4046/354/42 4054/24/42
f 4055/24/89 4056/24/89 4057/24/89
f 4057/24/89 4056/24/89 4058/24/89
f 4056/24/89 4059/24/89 4058/24/89
f 4058/24/89 4059/24/89 4060/24/89
f 4059/24/89 4061/24/89 4060/24/89
f 4060/24/89 4061/24/89 4062/24/89
f 4062/24/89 4061/24/89 4063/354/89
f 4064/39/89 4065/39/89 4066/39/89
f 4066/39/89 4065/39/89 4067/39/89
f 4065/39/89 4068/39/89 4067/39/89
f 4067/39/89 4068/39/89 4069/39/89
f 4068/39/89 4070/39/89 4069/39/89
f 4069/39/89 4070/39/89 4071/39/89
f 4071/39/89 4070/39/89 4072/354/89
f 4070/39/89 4063/354/89 4072/354/89
f 4063/354/89 4061/24/89 4072/354/89
s 1
f 4073/24/8 4074/24/8 4075/24/89
s 0
f 4075/24/8 4074/24/8 4076/24/8
f 4074/24/8 4077/24/8 4076/24/8
s 1
f 4078/24/8 4079/24/8 4080/24/89
s 0
f 4080/24/8 4079/24/8 4081/24/8
f 4079/24/8 4082/24/8 4081/24/8
s 1
f 4081/24/8 4082/24/8 4083/24/42
f 4082/24/8 4084/24/8 4083/24/42
s 0
f 4083/24/8 4084/24/8 4085/24/8
f 4084/24/8 4078/24/8 4085/24/8
s 1
f 4078/24/8 4080/24/89 4085/24/8
s 0
f 4080/24/8 4076/24/8 4085/24/8
f 4085/24/8 4076/24/8 4086/24/8
f 4076/24/8 4077/24/8 4086/24/8
s 1
f 4077/24/8 4087/24/8 4086/24/8
s 0
f 4086/24/8 4087/24/8 4088/24/8
f 4087/24/8 4073/24/8 4088/24/8
s 1
f 4073/24/8 4075/24/89 4088/24/8
s 0
f 4088/24/8 4075/24/8 4089/354/8
f 4090/39/8 4091/39/8 4092/39/8
f 4091/39/8 4093/39/8 4092/39/8
s 1
f 4092/39/8 4093/39/42 4094/39/8
s 0
f 4095/39/8 4096/39/8 4097/39/8
f 4096/39/8 4094/39/8 4097/39/8
s 1
f 4094/39/8 4093/39/42 4097/39/8
s 0
f 4097/39/8 4093/39/8 4098/354/8
f 4093/39/8 4089/354/8 4098/354/8
f 4089/354/8 4075/24/8 4098/354/8
s 1
f 4099/39/1263 4100/39/1263 4101/38/1263
f 4100/39/1263 4102/38/1264 4101/38/1263
s 0
f 4103/24/8 4104/354/8 4105/24/8
f 4106/24/8 4105/24/8 4107/354/8
f 4105/24/8 4104/354/8 4107/354/8
f 4107/354/8 4104/354/8 4108/39/8
f 4108/39/8 4104/354/8 4109/39/8
f 4110/39/8 4109/39/8 4111/354/8
f 4109/39/8 4104/354/8 4111/354/8
f 4104/354/8 4103/24/8 4111/354/8
s 1
f 4112/44/1265 4113/44/1266 4114/24/1266
f 4113/44/1266 4115/24/1266 4114/24/1266
s 0
f 4116/39/42 4117/38/42 4118/39/42
s 1
f 4119/24/34 4120/24/1267 4121/354/34
s 0
f 4122/39/126 4123/39/126 4124/354/126
f 4123/39/126 4121/354/126 4124/354/126
f 4121/354/126 4120/24/126 4124/354/126
f 4125/44/42 4126/24/42 4127/24/42
s 1
f 4128/19/1268 4129/356/1269 4130/26/1270
f 4130/26/1270 4129/356/1269 4131/369/1271
f 4129/356/1269 4132/357/1272 4131/369/1271
f 4131/369/1271 4132/357/1272 4133/368/1273
f 4132/357/1272 4134/359/1274 4133/368/1273
f 4133/368/1273 4134/359/1274 4135/367/1275
f 4134/359/1274 4136/361/1276 4135/367/1275
f 4135/367/1275 4136/361/1276 4137/366/1277
f 4136/361/1276 4138/363/1278 4137/366/1277
f 4137/366/1277 4138/363/1278 4139/365/1279
f 4138/363/1278 4140/21/1280 4139/365/1279
f 4139/365/1279 4140/21/1280 4141/25/1281
f 4142/24/1282 4141/25/1281 4143/23/1283
f 4141/25/1281 4140/21/1280 4143/23/1283
f 4143/23/1283 4140/21/1280 4144/22/1284
f 4144/22/1284 4140/21/1280 4145/20/1285
f 4140/21/1280 4138/363/1278 4145/20/1285
f 4145/20/1285 4138/363/1278 4146/364/1286
f 4138/363/1278 4136/361/1276 4146/364/1286
f 4146/364/1286 4136/361/1276 4147/362/1287
f 4136/361/1276 4134/359/1274 4147/362/1287
f 4147/362/1287 4134/359/1274 4148/360/1288
f 4134/359/1274 4132/357/1272 4148/360/1288
f 4148/360/1288 4132/357/1272 4149/358/1289
f 4132/357/1272 4129/356/1269 4149/358/1289
f 4149/358/1289 4129/356/1269 4150/355/1290
f 4129/356/1269 4128/19/1268 4150/355/1290
f 4128/19/1268 4151/18/1291 4150/355/1290
f 4152/29/1292 4153/370/1293 4154/30/1292
f 4154/30/1292 4153/370/1293 4155/371/1293
f 4153/370/1293 4156/372/1294 4155/371/1293
f 4155/371/1293 4156/372/1294 4157/373/1294
f 4156/372/1294 4158/374/1295 4157/373/1294
f 4157/373/1294 4158/374/1295 4159/375/1295
f 4158/374/1295 4160/376/1296 4159/375/1295
f 4159/375/1295 4160/376/1296 4161/377/1296
f 4160/376/1296 4162/378/1297 4161/377/1296
f 4161/377/1296 4162/378/1297 4163/379/1297
f 4162/378/1297 4164/37/1298 4163/379/1297
f 4163/379/1297 4164/37/1298 4165/40/1299
f 4164/37/1298 4166/38/1300 4165/40/1299
f 4166/38/1300 4167/39/1300 4165/40/1299
f 4168/44/1301 4169/42/1302 4170/24/1301
f 4170/24/1301 4169/42/1302 4171/25/1302
f 4169/42/1302 4172/380/1303 4171/25/1302
f 4171/25/1302 4172/380/1303 4173/365/1303
f 4172/380/1303 4174/381/1304 4173/365/1303
f 4173/365/1303 4174/381/1304 4175/366/1305
f 4174/381/1304 4176/382/1306 4175/366/1305
f 4175/366/1305 4176/382/1306 4177/367/1306
f 4176/382/1306 4178/383/1307 4177/367/1306
f 4177/367/1306 4178/383/1307 4179/368/1308
f 4178/383/1307 4180/384/1309 4179/368/1308
f 4179/368/1308 4180/384/1309 4181/369/1309
f 4180/384/1309 4182/43/1310 4181/369/1309
f 4182/43/1310 4183/26/1310 4181/369/1309
s 0
f 4184/385/1311 4185/385/1311 4186/386/1311
f 4185/385/1311 4187/386/1311 4186/386/1311
s 1
f 4188/387/113 4189/387/1312 4190/388/113
f 4189/387/1312 4191/388/1312 4190/388/113
f 4192/386/1313 4193/386/1314 4194/387/1313
f 4194/387/1313 4193/386/1314 4195/387/1315
f 4193/386/1314 4196/386/17 4195/387/1315
f 4196/386/17 4197/387/35 4195/387/1315
f 4198/388/1316 4199/388/1317 4200/385/1316
f 4200/385/1316 4199/388/1317 4201/385/1318
f 4199/388/1317 4202/388/8 4201/385/1318
f 4202/388/8 4203/385/35 4201/385/1318
f 4204/389/1319 4205/389/1320 4206/389/1319
f 4206/389/1319 4205/389/1320 4207/389/1320
f 4208/389/1321 4207/389/1320 4209/389/1321
f 4207/389/1320 4205/389/1320 4209/389/1321
f 4210/390/1322 4211/391/1323 4212/390/1322
f 4212/390/1322 4211/391/1323 4213/391/1323
f 4214/389/1324 4213/391/1323 4215/389/1324
f 4213/391/1323 4211/391/1323 4215/389/1324
f 4216/390/1325 4217/390/1325 4218/390/1326
f 4217/390/1325 4219/390/1326 4218/390/1326
f 4219/390/1326 4220/390/1327 4218/390/1326
f 4220/390/1327 4221/390/1327 4218/390/1326
f 4222/390/1328 4223/390/1328 4224/391/1329
f 4223/390/1328 4225/391/1329 4224/391/1329
f 4225/391/1329 4226/389/1330 4224/391/1329
f 4226/389/1330 4227/389/1330 4224/391/1329
s 0
f 4228/390/17 4229/390/17 4230/391/17
f 4229/390/17 4231/391/17 4230/391/17
f 4231/391/17 4232/389/17 4230/391/17
f 4232/389/17 4233/389/17 4230/391/17
s 1
f 4234/390/1331 4235/390/1332 4236/390/1333
f 4237/389/1334 4238/391/1335 4239/389/1336
f 4239/389/1336 4238/391/1335 4240/391/1337
f 4238/391/1335 4236/390/1333 4240/391/1337
f 4236/390/1333 4235/390/1332 4240/391/1337
f 4240/391/1337 4235/390/1332 4241/390/1338
f 4235/390/1332 4234/390/1331 4241/390/1338
f 4234/390/1331 4242/390/1339 4241/390/1338
f 4241/390/1338 4242/390/1339 4243/390/1340
f 4243/390/1340 4242/390/1339 4244/391/1341
f 4242/390/1339 4245/391/1342 4244/391/1341
f 4245/391/1342 4246/389/1343 4244/391/1341
f 4244/391/1341 4246/389/1343 4247/389/1344
f 4246/389/1343 4248/389/1345 4247/389/1344
f 4247/389/1344 4248/389/1345 4249/389/1346
f 4248/389/1345 4237/389/1334 4249/389/1346
f 4237/389/1334 4239/389/1336 4249/389/1346
f 4239/389/1336 4240/391/1337 4249/389/1346
f 4249/389/1346 4240/391/1337 4250/391/35
f 4240/391/1337 4241/390/1338 4250/391/35
f 4241/390/1338 4243/390/1340 4250/391/35
f 4243/390/1340 4244/391/1341 4250/391/35
f 4244/391/1341 4247/389/1344 4250/391/35
s 0
f 4251/389/34 4252/391/34 4253/389/34
f 4252/391/34 4254/391/34 4253/389/34
f 4253/389/34 4254/391/34 4255/389/34
f 4255/389/34 4254/391/34 4256/391/34
f 4257/390/34 4256/391/34 4258/390/34
f 4256/391/34 4254/391/34 4258/390/34
f 4258/390/34 4254/391/34 4259/390/34
f 4254/391/34 4252/391/34 4259/390/34
f 4260/390/89 4261/390/89 4262/390/89
f 4262/390/89 4261/390/89 4263/390/89
f 4264/390/89 4263/390/89 4265/390/89
f 4263/390/89 4261/390/89 4265/390/89
f 4266/390/89 4265/390/89 4267/390/89
f 4265/390/89 4261/390/89 4267/390/89
f 4261/390/89 4260/390/89 4267/390/89
f 4260/390/89 4268/390/89 4267/390/89
f 4268/390/89 4269/392/89 4267/390/89
f 4269/392/89 4270/392/89 4267/390/89
f 4271/389/42 4272/389/42 4273/389/42
f 4273/389/42 4272/389/42 4274/389/42
f 4275/389/42 4274/389/42 4276/389/42
f 4274/389/42 4272/389/42 4276/389/42
f 4277/389/42 4276/389/42 4278/389/42
f 4276/389/42 4272/389/42 4278/389/42
f 4278/389/42 4272/389/42 4279/389/42
f 4272/389/42 4271/389/42 4279/389/42
f 4280/393/42 4279/389/42 4281/393/42
f 4279/389/42 4271/389/42 4281/393/42
f 4282/389/8 4283/391/8 4284/389/8
f 4283/391/8 4285/391/8 4284/389/8
f 4284/389/8 4285/391/8 4286/389/8
f 4286/389/8 4285/391/8 4287/391/8
f 4288/390/8 4287/391/8 4289/390/8
f 4287/391/8 4285/391/8 4289/390/8
f 4289/390/8 4285/391/8 4290/390/8
f 4285/391/8 4283/391/8 4290/390/8
f 4291/394/34 4292/395/34 4293/394/34
f 4292/395/34 4294/395/34 4293/394/34
f 4295/389/35 4296/393/35 4297/389/35
f 4296/393/35 4298/393/35 4297/389/35
f 4299/393/34 4300/389/34 4301/393/34
f 4300/389/34 4302/389/34 4301/393/34
s 1
f 4303/394/1347 4304/395/1347 4305/394/1347
f 4304/395/1347 4306/395/1347 4305/394/1347
s 0
f 4307/393/17 4308/396/17 4309/396/17
f 4309/396/17 4308/396/17 4310/392/17
f 4311/395/17 4312/395/17 4313/395/17
f 4312/395/17 4314/395/17 4313/395/17
f 4314/395/17 4315/397/17 4313/395/17
f 4313/395/17 4315/397/17 4316/397/17
f 4315/397/17 4310/392/17 4316/397/17
f 4316/397/17 4310/392/17 4317/392/17
f 4310/392/17 4308/396/17 4317/392/17
f 4318/392/17 4317/392/17 4319/396/17
f 4317/392/17 4308/396/17 4319/396/17
f 4320/393/17 4319/396/17 4321/393/17
f 4319/396/17 4308/396/17 4321/393/17
f 4308/396/17 4307/393/17 4321/393/17
f 4321/393/17 4307/393/17 4322/393/17
f 4322/393/17 4307/393/17 4323/393/17
f 4324/393/42 4325/389/42 4326/393/42
f 4325/389/42 4327/389/42 4326/393/42
f 4328/394/8 4329/394/8 4330/394/8
f 4329/394/8 4331/394/8 4330/394/8
f 4331/394/8 4332/398/8 4330/394/8
f 4330/394/8 4332/398/8 4333/398/8
f 4332/398/8 4334/390/8 4333/398/8
f 4333/398/8 4334/390/8 4335/390/8
f 4334/390/8 4336/391/8 4335/390/8
f 4335/390/8 4336/391/8 4337/391/8
f 4338/389/8 4339/389/8 4340/389/8
f 4339/389/8 4341/389/8 4340/389/8
f 4341/389/8 4337/391/8 4340/389/8
f 4337/391/8 4336/391/8 4340/389/8
f 4342/394/35 4343/395/35 4344/394/35
f 4343/395/35 4345/395/35 4344/394/35
f 4345/395/35 4346/397/35 4344/394/35
f 4344/394/35 4346/397/35 4347/398/35
f 4348/390/35 4347/398/35 4349/392/35
f 4347/398/35 4346/397/35 4349/392/35
f 4350/392/35 4351/396/35 4352/390/35
f 4352/390/35 4351/396/35 4353/391/35
f 4354/389/35 4353/391/35 4355/393/35
f 4353/391/35 4351/396/35 4355/393/35
f 4356/399/35 4357/27/35 4358/399/35
f 4357/27/35 4359/27/35 4358/399/35
f 4360/30/34 4361/400/34 4362/30/34
f 4361/400/34 4363/400/34 4362/30/34
s 1
f 4364/399/1259 4365/401/1259 4366/399/42
f 4366/399/42 4365/401/1259 4367/401/42
f 4368/400/42 4367/401/42 4369/400/1259
f 4367/401/42 4365/401/1259 4369/400/1259
s 0
f 4370/22/35 4371/402/35 4372/22/35
f 4371/402/35 4373/402/35 4372/22/35
f 4374/22/42 4375/22/42 4376/22/42
f 4375/22/42 4377/22/42 4376/22/42
f 4376/22/42 4377/22/42 4378/22/42
f 4377/22/42 4379/22/42 4378/22/42
f 4378/22/42 4379/22/42 4380/22/42
f 4379/22/42 4381/22/42 4380/22/42
f 4382/24/42 4383/23/42 4384/24/42
f 4384/24/42 4383/23/42 4385/23/42
f 4383/23/42 4380/22/42 4385/23/42
f 4380/22/42 4381/22/42 4385/23/42
s 1
f 4386/22/1348 4387/402/102 4388/22/102
f 4387/402/102 4389/402/102 4388/22/102
s 0
f 4390/403/89 4391/404/89 4392/403/89
f 4392/403/89 4391/404/89 4393/404/89
f 4394/402/89 4395/402/89 4396/402/89
f 4395/402/89 4397/402/89 4396/402/89
f 4396/402/89 4397/402/89 4398/402/89
f 4397/402/89 4399/402/89 4398/402/89
f 4398/402/89 4399/402/89 4400/402/89
f 4399/402/89 4401/402/89 4400/402/89
f 4401/402/89 4393/404/89 4400/402/89
f 4393/404/89 4391/404/89 4400/402/89
f 4402/18/34 4403/19/34 4404/405/34
f 4404/405/34 4403/19/34 4405/406/34
f 4403/19/34 4406/26/34 4405/406/34
f 4406/26/34 4407/407/34 4405/406/34
f 4408/26/8 4409/43/8 4410/407/8
f 4410/407/8 4409/43/8 4411/408/8
f 4409/43/8 4412/12/8 4411/408/8
f 4412/12/8 4413/409/8 4411/408/8
f 4414/12/35 4415/11/35 4416/409/35
f 4416/409/35 4415/11/35 4417/410/35
f 4415/11/35 4418/9/35 4417/410/35
f 4418/9/35 4419/411/35 4417/410/35
f 4420/412/35 4421/413/35 4422/14/35
f 4422/14/35 4421/413/35 4423/15/35
f 4421/413/35 4424/414/35 4423/15/35
f 4424/414/35 4425/16/35 4423/15/35
f 4426/24/34 4427/23/34 4428/403/34
f 4428/403/34 4427/23/34 4429/404/34
f 4430/22/34 4431/402/34 4432/22/34
f 4431/402/34 4433/402/34 4432/22/34
f 4432/22/34 4433/402/34 4434/22/34
f 4433/402/34 4435/402/34 4434/22/34
f 4434/22/34 4435/402/34 4436/22/34
f 4435/402/34 4437/402/34 4436/22/34
f 4437/402/34 4429/404/34 4436/22/34
f 4429/404/34 4427/23/34 4436/22/34
f 4438/27/89 4439/28/89 4440/29/89
f 4441/30/89 4442/29/89 4443/30/89
f 4442/29/89 4440/29/89 4443/30/89
f 4443/30/89 4440/29/89 4444/31/89
f 4440/29/89 4439/28/89 4444/31/89
f 4444/31/89 4439/28/89 4445/32/89
f 4445/32/89 4439/28/89 4446/33/89
f 4447/34/89 4446/33/89 4448/35/89
f 4446/33/89 4439/28/89 4448/35/89
f 4439/28/89 4438/27/89 4448/35/89
f 4449/39/17 4450/38/17 4451/415/17
f 4451/415/17 4450/38/17 4452/416/17
f 4450/38/17 4453/36/17 4452/416/17
f 4453/36/17 4454/417/17 4452/416/17
f 4455/14/42 4456/387/42 4457/44/42
f 4458/24/42 4457/44/42 4459/354/42
f 4457/44/42 4456/387/42 4459/354/42
f 4459/354/42 4456/387/42 4460/39/42
f 4460/39/42 4456/387/42 4461/38/42
f 4462/36/42 4461/38/42 4463/418/42
f 4461/38/42 4456/387/42 4463/418/42
f 4456/387/42 4455/14/42 4463/418/42
f 4464/24/8 4465/403/8 4466/24/8
f 4465/403/8 4467/403/8 4466/24/8
f 4467/403/8 4468/419/8 4466/24/8
f 4466/24/8 4468/419/8 4469/44/8
f 4468/419/8 4470/412/8 4469/44/8
f 4470/412/8 4471/14/8 4469/44/8
f 4472/18/34 4473/19/34 4474/405/34
f 4474/405/34 4473/19/34 4475/406/34
f 4473/19/34 4476/26/34 4475/406/34
f 4476/26/34 4477/407/34 4475/406/34
f 4478/12/35 4479/11/35 4480/409/35
f 4480/409/35 4479/11/35 4481/410/35
f 4479/11/35 4482/9/35 4481/410/35
f 4482/9/35 4483/411/35 4481/410/35
f 4484/27/17 4485/29/17 4486/399/17
f 4486/399/17 4485/29/17 4487/401/17
f 4488/400/17 4487/401/17 4489/30/17
f 4487/401/17 4485/29/17 4489/30/17
f 4490/412/35 4491/413/35 4492/14/35
f 4492/14/35 4491/413/35 4493/15/35
f 4491/413/35 4494/414/35 4493/15/35
f 4494/414/35 4495/16/35 4493/15/35
f 4496/27/89 4497/28/89 4498/29/89
f 4499/30/89 4498/29/89 4500/31/89
f 4498/29/89 4497/28/89 4500/31/89
f 4500/31/89 4497/28/89 4501/32/89
f 4501/32/89 4497/28/89 4502/33/89
f 4503/34/89 4502/33/89 4504/35/89
f 4502/33/89 4497/28/89 4504/35/89
f 4497/28/89 4496/27/89 4504/35/89
s 1
f 4505/39/1348 4506/38/102 4507/415/102
f 4507/415/102 4506/38/102 4508/416/102
f 4506/38/102 4509/36/17 4508/416/102
f 4509/36/17 4510/417/17 4508/416/102
s 0
f 4511/14/42 4512/387/42 4513/44/42
f 4514/24/42 4513/44/42 4515/354/42
f 4513/44/42 4512/387/42 4515/354/42
f 4515/354/42 4512/387/42 4516/39/42
f 4516/39/42 4512/387/42 4517/38/42
f 4518/36/42 4517/38/42 4519/418/42
f 4517/38/42 4512/387/42 4519/418/42
f 4512/387/42 4511/14/42 4519/418/42
f 4520/403/8 4521/419/8 4522/24/8
f 4522/24/8 4521/419/8 4523/44/8
f 4521/419/8 4524/412/8 4523/44/8
f 4524/412/8 4525/14/8 4523/44/8
f 4526/420/89 4527/420/89 4528/421/89
f 4528/421/89 4527/420/89 4529/421/89
f 4530/421/89 4529/421/89 4531/420/89
f 4529/421/89 4527/420/89 4531/420/89
f 4531/420/89 4527/420/89 4532/422/89
f 4532/422/89 4527/420/89 4533/422/89
f 4527/420/89 4526/420/89 4533/422/89
f 4533/422/89 4526/420/89 4534/422/89
f 4535/423/89 4534/422/89 4536/422/89
f 4536/422/89 4534/422/89 4537/420/89
f 4534/422/89 4526/420/89 4537/420/89
f 4537/420/89 4526/420/89 4538/421/89
f 4526/420/89 4528/421/89 4538/421/89
f 4538/421/89 4528/421/89 4539/424/89
f 4539/424/89 4528/421/89 4540/424/89
f 4528/421/89 4529/421/89 4540/424/89
f 4540/424/89 4529/421/89 4541/424/89
f 4529/421/89 4530/421/89 4541/424/89
f 4541/424/89 4530/421/89 4542/424/89
f 4543/424/89 4542/424/89 4544/421/89
f 4542/424/89 4530/421/89 4544/421/89
f 4544/421/89 4530/421/89 4545/420/89
f 4530/421/89 4531/420/89 4545/420/89
f 4545/420/89 4531/420/89 4546/422/89
f 4531/420/89 4532/422/89 4546/422/89
f 4547/423/89 4546/422/89 4548/423/89
f 4546/422/89 4532/422/89 4548/423/89
f 4548/423/89 4532/422/89 4549/423/89
f 4532/422/89 4533/422/89 4549/423/89
f 4549/423/89 4533/422/89 4550/423/89
f 4533/422/89 4534/422/89 4550/423/89
f 4534/422/89 4535/423/89 4550/423/89
f 4551/425/89 4552/426/89 4553/425/89
f 4553/425/89 4552/426/89 4554/426/89
f 4555/427/89 4554/426/89 4556/427/89
f 4554/426/89 4552/426/89 4556/427/89
f 4556/427/89 4552/426/89 4557/427/89
f 4557/427/89 4552/426/89 4558/426/89
f 4552/426/89 4551/425/89 4558/426/89
f 4558/426/89 4551/425/89 4559/425/89
f 4560/428/89 4561/425/89 4562/428/89
f 4561/425/89 4559/425/89 4562/428/89
f 4562/428/89 4559/425/89 4563/428/89
f 4559/425/89 4551/425/89 4563/428/89
f 4563/428/89 4551/425/89 4564/428/89
f 4551/425/89 4553/425/89 4564/428/89
f 4564/428/89 4553/425/89 4565/428/89
f 4565/428/89 4553/425/89 4566/425/89
f 4553/425/89 4554/426/89 4566/425/89
f 4566/425/89 4554/426/89 4567/426/89
f 4554/426/89 4555/427/89 4567/426/89
f 4567/426/89 4555/427/89 4568/427/89
f 4569/429/89 4568/427/89 4570/429/89
f 4568/427/89 4555/427/89 4570/429/89
f 4570/429/89 4555/427/89 4571/429/89
f 4555/427/89 4556/427/89 4571/429/89
f 4571/429/89 4556/427/89 4572/429/89
f 4556/427/89 4557/427/89 4572/429/89
f 4572/429/89 4557/427/89 4573/429/89
f 4573/429/89 4557/427/89 4574/427/89
f 4557/427/89 4558/426/89 4574/427/89
f 4574/427/89 4558/426/89 4575/426/89
f 4558/426/89 4559/425/89 4575/426/89
f 4559/425/89 4561/425/89 4575/426/89
f 4576/424/34 4577/424/34 4578/421/34
f 4577/424/34 4579/421/34 4578/421/34
f 4578/421/34 4579/421/34 4580/430/34
f 4579/421/34 4581/420/34 4580/430/34
f 4581/420/34 4582/422/34 4580/430/34
f 4582/422/34 4583/423/34 4580/430/34
f 4583/423/34 4584/423/34 4580/430/34
f 4585/429/35 4586/427/35 4587/429/35
f 4587/429/35 4586/427/35 4588/427/35
f 4586/427/35 4589/426/35 4588/427/35
f 4588/427/35 4589/426/35 4590/426/35
f 4589/426/35 4591/425/35 4590/426/35
f 4590/426/35 4591/425/35 4592/425/35
f 4593/428/35 4592/425/35 4594/428/35
f 4592/425/35 4591/425/35 4594/428/35
f 4595/424/17 4596/424/17 4597/424/17
f 4596/424/17 4598/424/17 4597/424/17
f 4597/424/17 4598/424/17 4599/424/17
f 4598/424/17 4600/424/17 4599/424/17
f 4599/424/17 4600/424/17 4601/424/17
f 4600/424/17 4602/424/17 4601/424/17
f 4601/424/17 4602/424/17 4603/424/17
f 4602/424/17 4604/424/17 4603/424/17
f 4604/424/17 4605/431/17 4603/424/17
f 4603/424/17 4605/431/17 4606/431/17
f 4607/429/17 4608/429/17 4609/429/17
f 4608/429/17 4610/429/17 4609/429/17
f 4609/429/17 4610/429/17 4611/429/17
f 4610/429/17 4612/429/17 4611/429/17
f 4611/429/17 4612/429/17 4613/429/17
f 4612/429/17 4614/429/17 4613/429/17
f 4613/429/17 4614/429/17 4615/429/17
f 4614/429/17 4616/429/17 4615/429/17
f 4616/429/17 4606/431/17 4615/429/17
f 4606/431/17 4605/431/17 4615/429/17
f 4617/428/8 4618/428/8 4619/428/8
f 4618/428/8 4620/428/8 4619/428/8
f 4619/428/8 4620/428/8 4621/428/8
f 4620/428/8 4622/428/8 4621/428/8
f 4621/428/8 4622/428/8 4623/428/8
f 4622/428/8 4624/428/8 4623/428/8
f 4623/428/8 4624/428/8 4625/428/8
f 4624/428/8 4626/428/8 4625/428/8
f 4627/423/8 4628/423/8 4629/423/8
f 4628/423/8 4630/423/8 4629/423/8
f 4629/423/8 4630/423/8 4631/423/8
f 4630/423/8 4632/423/8 4631/423/8
f 4631/423/8 4632/423/8 4633/423/8
f 4632/423/8 4634/423/8 4633/423/8
f 4633/423/8 4634/423/8 4635/423/8
f 4634/423/8 4636/423/8 4635/423/8
f 4636/423/8 4637/432/8 4635/423/8
f 4635/423/8 4637/432/8 4638/432/8
f 4637/432/8 4625/428/8 4638/432/8
f 4625/428/8 4626/428/8 4638/432/8
s 1
f 4639/425/1349 4640/425/1350 4641/426/1351
f 4641/426/1351 4642/427/1352 4643/427/1353
f 4644/421/1354 4645/421/1355 4646/420/1356
f 4646/420/1356 4645/421/1355 4647/421/42
s 0
f 4648/424/42 4649/421/42 4650/424/42
f 4649/421/42 4651/421/42 4650/424/42
f 4650/424/42 4651/421/42 4652/424/42
f 4651/421/42 4647/421/42 4652/424/42
f 4652/424/42 4647/421/42 4653/424/42
s 1
f 4647/421/42 4645/421/1355 4653/424/42
f 4653/424/42 4645/421/1355 4654/424/42
f 4645/421/1355 4644/421/1354 4654/424/42
f 4644/421/1354 4655/433/42 4654/424/42
s 0
f 4654/424/42 4655/433/42 4656/431/42
s 1
f 4655/433/42 4643/427/1353 4656/431/42
f 4656/431/42 4643/427/1353 4657/429/42
f 4643/427/1353 4642/427/1352 4657/429/42
f 4657/429/42 4642/427/1352 4658/429/42
s 0
f 4659/429/42 4660/429/42 4661/427/42
f 4661/427/42 4660/429/42 4662/427/42
f 4660/429/42 4663/429/42 4662/427/42
f 4662/427/42 4663/429/42 4664/427/42
f 4663/429/42 4658/429/42 4664/427/42
s 1
f 4658/429/42 4642/427/1352 4664/427/42
f 4664/427/42 4642/427/1352 4665/426/42
f 4642/427/1352 4641/426/1351 4665/426/42
f 4665/426/42 4641/426/1351 4666/425/42
f 4641/426/1351 4640/425/1350 4666/425/42
s 0
f 4667/428/42 4668/425/42 4669/428/42
f 4668/425/42 4670/425/42 4669/428/42
f 4669/428/42 4670/425/42 4671/428/42
f 4670/425/42 4666/425/42 4671/428/42
f 4671/428/42 4666/425/42 4672/428/42
s 1
f 4666/425/42 4640/425/1350 4672/428/42
f 4672/428/42 4640/425/1350 4673/428/42
f 4640/425/1350 4639/425/1349 4673/428/42
f 4674/423/42 4675/422/1357 4676/423/42
s 0
f 4677/430/42 4678/423/42 4679/422/42
f 4678/423/42 4680/423/42 4679/422/42
f 4679/422/42 4680/423/42 4681/430/42
f 4680/423/42 4676/423/42 4681/430/42
s 1
f 4676/423/42 4675/422/1357 4681/430/42
f 4681/430/42 4675/422/1357 4682/420/1356
f 4682/420/1356 4675/422/1357 4683/422/1358
f 4675/422/1357 4674/423/42 4683/422/1358
f 4674/423/42 4684/423/42 4683/422/1358
f 4684/423/42 4685/432/42 4683/422/1358
f 4683/422/1358 4685/432/42 4686/434/42
s 0
f 4685/432/42 4673/428/42 4686/434/42
s 1
f 4673/428/42 4639/425/1349 4686/434/42
f 4687/435/35 4688/436/35 4689/435/1359
f 4690/436/1360 4691/435/1361 4692/436/1362
f 4691/435/1361 4689/435/1359 4692/436/1362
f 4689/435/1359 4688/436/35 4692/436/1362
f 4693/436/17 4694/437/17 4695/436/1363
f 4696/437/1364 4697/436/1364 4698/437/1363
f 4697/436/1364 4695/436/1363 4698/437/1363
f 4695/436/1363 4694/437/17 4698/437/1363
f 4699/437/34 4700/438/34 4701/437/252
f 4702/438/1365 4703/437/1365 4704/438/252
f 4703/437/1365 4701/437/252 4704/438/252
f 4701/437/252 4700/438/34 4704/438/252
f 4705/438/8 4706/435/8 4707/438/499
f 4708/435/1366 4709/438/1366 4710/435/499
f 4709/438/1366 4707/438/499 4710/435/499
f 4707/438/499 4706/435/8 4710/435/499
f 4711/29/35 4712/439/35 4713/29/1367
f 4714/439/1368 4715/29/1368 4716/439/1367
f 4715/29/1368 4713/29/1367 4716/439/1367
f 4713/29/1367 4712/439/35 4716/439/1367
f 4717/439/17 4718/440/17 4719/439/1369
f 4720/440/1370 4721/439/1370 4722/440/1369
f 4721/439/1370 4719/439/1369 4722/440/1369
f 4719/439/1369 4718/440/17 4722/440/1369
f 4723/440/34 4724/441/34 4725/440/1371
f 4726/441/1372 4727/440/1373 4728/441/1371
f 4727/440/1373 4725/440/1371 4728/441/1371
f 4725/440/1371 4724/441/34 4728/441/1371
f 4729/442/35 4730/443/35 4731/442/1374
f 4732/443/1375 4733/442/1375 4734/443/1374
f 4733/442/1375 4731/442/1374 4734/443/1374
f 4731/442/1374 4730/443/35 4734/443/1374
f 4735/443/8 4736/444/8 4737/443/1376
f 4738/444/1075 4739/443/1075 4740/444/1376
f 4739/443/1075 4737/443/1376 4740/444/1376
f 4737/443/1376 4736/444/8 4740/444/1376
f 4741/444/34 4742/445/34 4743/444/1377
f 4744/445/1378 4745/444/1378 4746/445/1377
f 4745/444/1378 4743/444/1377 4746/445/1377
f 4743/444/1377 4742/445/34 4746/445/1377
f 4747/445/17 4748/442/17 4749/445/1379
f 4750/442/1380 4751/445/1380 4752/442/1379
f 4751/445/1380 4749/445/1379 4752/442/1379
f 4749/445/1379 4748/442/17 4752/442/1379
f 4753/446/35 4754/38/35 4755/446/1374
f 4756/38/1375 4757/446/1375 4758/38/1374
f 4757/446/1375 4755/446/1374 4758/38/1374
f 4755/446/1374 4754/38/35 4758/38/1374
f 4759/447/34 4760/448/34 4761/447/1377
f 4762/448/1381 4763/447/1382 4764/448/1377
f 4763/447/1382 4761/447/1377 4764/448/1377
f 4761/447/1377 4760/448/34 4764/448/1377
f 4765/448/17 4766/446/17 4767/448/1383
f 4768/446/1384 4769/448/1385 4770/446/1383
f 4769/448/1385 4767/448/1383 4770/446/1383
f 4767/448/1383 4766/446/17 4770/446/1383
s 0
f 4771/449/8 4772/450/8 4773/451/8
f 4772/450/8 4774/37/8 4773/451/8
f 4773/451/8 4774/37/8 4775/452/8
f 4774/37/8 4776/453/8 4775/452/8
f 4775/452/8 4776/453/8 4777/454/8
f 4776/453/8 4778/455/8 4777/454/8
f 4777/454/8 4778/455/8 4779/456/8
f 4779/456/8 4778/455/8 4780/318/8
f 4781/457/8 4780/318/8 4782/458/8
f 4780/318/8 4778/455/8 4782/458/8
f 4782/458/8 4778/455/8 4783/459/8
f 4778/455/8 4776/453/8 4783/459/8
f 4783/459/8 4776/453/8 4784/460/8
f 4776/453/8 4774/37/8 4784/460/8
f 4784/460/8 4774/37/8 4785/461/8
f 4774/37/8 4772/450/8 4785/461/8
f 4786/36/8 4785/461/8 4787/462/8
f 4785/461/8 4772/450/8 4787/462/8
f 4787/462/8 4772/450/8 4788/38/8
f 4772/450/8 4771/449/8 4788/38/8
s 1
f 4789/447/1386 4790/38/1386 4791/447/1387
f 4790/38/1386 4792/38/1387 4791/447/1387
f 4791/447/1387 4792/38/1387 4793/447/8
f 4792/38/1387 4788/38/8 4793/447/8
s 0
f 4788/38/8 4771/449/8 4793/447/8
f 4794/39/8 4793/447/8 4795/463/8
f 4793/447/8 4771/449/8 4795/463/8
f 4795/463/8 4771/449/8 4796/40/8
f 4771/449/8 4773/451/8 4796/40/8
f 4796/40/8 4773/451/8 4797/464/8
f 4773/451/8 4775/452/8 4797/464/8
f 4797/464/8 4775/452/8 4798/465/8
f 4775/452/8 4777/454/8 4798/465/8
f 4798/465/8 4777/454/8 4799/466/8
f 4777/454/8 4779/456/8 4799/466/8
f 4799/466/8 4779/456/8 4800/30/8
f 4800/30/8 4779/456/8 4801/441/8
f 4779/456/8 4780/318/8 4801/441/8
s 1
f 4802/29/1388 4803/441/1389 4804/29/1390
f 4803/441/1389 4805/441/1390 4804/29/1390
f 4804/29/1390 4805/441/1390 4806/29/8
f 4805/441/1390 4801/441/8 4806/29/8
s 0
f 4801/441/8 4780/318/8 4806/29/8
f 4780/318/8 4781/457/8 4806/29/8
f 4806/29/8 4781/457/8 4807/467/8
f 4808/27/8 4807/467/8 4809/468/8
f 4807/467/8 4781/457/8 4809/468/8
f 4809/468/8 4781/457/8 4810/469/8
f 4781/457/8 4782/458/8 4810/469/8
f 4810/469/8 4782/458/8 4811/470/8
f 4782/458/8 4783/459/8 4811/470/8
f 4811/470/8 4783/459/8 4812/41/8
f 4783/459/8 4784/460/8 4812/41/8
f 4812/41/8 4784/460/8 4813/471/8
f 4784/460/8 4785/461/8 4813/471/8
f 4785/461/8 4786/36/8 4813/471/8
f 4814/399/35 4815/27/35 4816/399/35
f 4815/27/35 4817/27/35 4816/399/35
f 4818/30/34 4819/400/34 4820/30/34
f 4819/400/34 4821/400/34 4820/30/34
s 1
f 4822/399/1259 4823/401/1259 4824/399/42
f 4824/399/42 4823/401/1259 4825/401/42
f 4826/400/42 4825/401/42 4827/400/1259
f 4825/401/42 4823/401/1259 4827/400/1259
s 0
f 4828/22/35 4829/402/35 4830/22/35
f 4829/402/35 4831/402/35 4830/22/35
f 4832/22/42 4833/22/42 4834/22/42
f 4833/22/42 4835/22/42 4834/22/42
f 4834/22/42 4835/22/42 4836/22/42
f 4835/22/42 4837/22/42 4836/22/42
f 4836/22/42 4837/22/42 4838/22/42
f 4837/22/42 4839/22/42 4838/22/42
f 4840/24/42 4841/23/42 4842/24/42
f 4842/24/42 4841/23/42 4843/23/42
f 4841/23/42 4838/22/42 4843/23/42
f 4838/22/42 4839/22/42 4843/23/42
s 1
f 4844/22/1348 4845/402/102 4846/22/102
f 4845/402/102 4847/402/102 4846/22/102
s 0
f 4848/403/89 4849/404/89 4850/403/89
f 4850/403/89 4849/404/89 4851/404/89
f 4852/402/89 4853/402/89 4854/402/89
f 4853/402/89 4855/402/89 4854/402/89
f 4854/402/89 4855/402/89 4856/402/89
f 4855/402/89 4857/402/89 4856/402/89
f 4856/402/89 4857/402/89 4858/402/89
f 4857/402/89 4859/402/89 4858/402/89
f 4859/402/89 4851/404/89 4858/402/89
f 4851/404/89 4849/404/89 4858/402/89
f 4860/18/34 4861/19/34 4862/405/34
f 4862/405/34 4861/19/34 4863/406/34
f 4861/19/34 4864/26/34 4863/406/34
f 4864/26/34 4865/407/34 4863/406/34
f 4866/26/8 4867/43/8 4868/407/8
f 4868/407/8 4867/43/8 4869/408/8
f 4867/43/8 4870/12/8 4869/408/8
f 4870/12/8 4871/409/8 4869/408/8
f 4872/12/35 4873/11/35 4874/409/35
f 4874/409/35 4873/11/35 4875/410/35
f 4873/11/35 4876/9/35 4875/410/35
f 4876/9/35 4877/411/35 4875/410/35
f 4878/412/35 4879/413/35 4880/14/35
f 4880/14/35 4879/413/35 4881/15/35
f 4879/413/35 4882/414/35 4881/15/35
f 4882/414/35 4883/16/35 4881/15/35
f 4884/24/34 4885/23/34 4886/403/34
f 4886/403/34 4885/23/34 4887/404/34
f 4888/22/34 4889/402/34 4890/22/34
f 4889/402/34 4891/402/34 4890/22/34
f 4890/22/34 4891/402/34 4892/22/34
f 4891/402/34 4893/402/34 4892/22/34
f 4892/22/34 4893/402/34 4894/22/34
f 4893/402/34 4895/402/34 4894/22/34
f 4895/402/34 4887/404/34 4894/22/34
f 4887/404/34 4885/23/34 4894/22/34
s 1
f 4896/27/1391 4897/28/89 4898/29/1372
f 4899/30/89 4900/29/1392 4901/30/89
f 4900/29/1392 4898/29/1372 4901/30/89
f 4901/30/89 4898/29/1372 4902/31/89
f 4898/29/1372 4897/28/89 4902/31/89
s 0
f 4902/31/89 4897/28/89 4903/32/89
f 4903/32/89 4897/28/89 4904/33/89
f 4905/34/89 4904/33/89 4906/35/89
f 4904/33/89 4897/28/89 4906/35/89
s 1
f 4897/28/89 4896/27/1391 4906/35/89
s 0
f 4907/39/17 4908/38/17 4909/415/17
f 4909/415/17 4908/38/17 4910/416/17
f 4908/38/17 4911/36/17 4910/416/17
f 4911/36/17 4912/417/17 4910/416/17
f 4913/14/42 4914/387/42 4915/44/42
f 4916/24/42 4915/44/42 4917/354/42
f 4915/44/42 4914/387/42 4917/354/42
f 4917/354/42 4914/387/42 4918/39/42
f 4918/39/42 4914/387/42 4919/38/42
f 4920/36/42 4919/38/42 4921/418/42
f 4919/38/42 4914/387/42 4921/418/42
f 4914/387/42 4913/14/42 4921/418/42
f 4922/24/8 4923/403/8 4924/24/8
f 4923/403/8 4925/403/8 4924/24/8
f 4925/403/8 4926/419/8 4924/24/8
f 4924/24/8 4926/419/8 4927/44/8
f 4926/419/8 4928/412/8 4927/44/8
f 4928/412/8 4929/14/8 4927/44/8
f 4930/18/34 4931/19/34 4932/405/34
f 4932/405/34 4931/19/34 4933/406/34
f 4931/19/34 4934/26/34 4933/406/34
f 4934/26/34 4935/407/34 4933/406/34
f 4936/12/35 4937/11/35 4938/409/35
f 4938/409/35 4937/11/35 4939/410/35
f 4937/11/35 4940/9/35 4939/410/35
f 4940/9/35 4941/411/35 4939/410/35
f 4942/27/17 4943/29/17 4944/399/17
f 4944/399/17 4943/29/17 4945/401/17
f 4946/400/17 4945/401/17 4947/30/17
f 4945/401/17 4943/29/17 4947/30/17
f 4948/412/35 4949/413/35 4950/14/35
f 4950/14/35 4949/413/35 4951/15/35
f 4949/413/35 4952/414/35 4951/15/35
f 4952/414/35 4953/16/35 4951/15/35
f 4954/27/89 4955/28/89 4956/29/89
f 4957/30/89 4956/29/89 4958/31/89
f 4956/29/89 4955/28/89 4958/31/89
f 4958/31/89 4955/28/89 4959/32/89
f 4959/32/89 4955/28/89 4960/33/89
f 4961/34/89 4960/33/89 4962/35/89
f 4960/33/89 4955/28/89 4962/35/89
f 4955/28/89 4954/27/89 4962/35/89
s 1
f 4963/39/1348 4964/38/102 4965/415/102
f 4965/415/102 4964/38/102 4966/416/102
f 4964/38/102 4967/36/17 4966/416/102
f 4967/36/17 4968/417/17 4966/416/102
s 0
f 4969/14/42 4970/387/42 4971/44/42
f 4972/24/42 4971/44/42 4973/354/42
f 4971/44/42 4970/387/42 4973/354/42
f 4973/354/42 4970/387/42 4974/39/42
f 4974/39/42 4970/387/42 4975/38/42
f 4976/36/42 4975/38/42 4977/418/42
f 4975/38/42 4970/387/42 4977/418/42
f 4970/387/42 4969/14/42 4977/418/42
f 4978/403/8 4979/419/8 4980/24/8
f 4980/24/8 4979/419/8 4981/44/8
f 4979/419/8 4982/412/8 4981/44/8
f 4982/412/8 4983/14/8 4981/44/8
f 4984/399/35 4985/27/35 4986/399/35
f 4985/27/35 4987/27/35 4986/399/35
f 4988/30/34 4989/400/34 4990/30/34
f 4989/400/34 4991/400/34 4990/30/34
s 1
f 4992/399/1393 4993/401/1393 4994/399/89
f 4994/399/89 4993/401/1393 4995/401/89
f 4996/400/89 4995/401/89 4997/400/1393
f 4995/401/89 4993/401/1393 4997/400/1393
s 0
f 4998/22/35 4999/402/35 5000/22/35
f 4999/402/35 5001/402/35 5000/22/35
f 5002/22/89 5003/22/89 5004/22/89
f 5003/22/89 5005/22/89 5004/22/89
f 5004/22/89 5005/22/89 5006/22/89
f 5005/22/89 5007/22/89 5006/22/89
f 5006/22/89 5007/22/89 5008/22/89
f 5007/22/89 5009/22/89 5008/22/89
f 5010/24/89 5011/23/89 5012/24/89
f 5012/24/89 5011/23/89 5013/23/89
f 5011/23/89 5008/22/89 5013/23/89
f 5008/22/89 5009/22/89 5013/23/89
s 1
f 5014/22/1394 5015/402/104 5016/22/104
f 5015/402/104 5017/402/104 5016/22/104
s 0
f 5018/403/42 5019/404/42 5020/403/42
f 5020/403/42 5019/404/42 5021/404/42
f 5022/402/42 5023/402/42 5024/402/42
f 5023/402/42 5025/402/42 5024/402/42
f 5024/402/42 5025/402/42 5026/402/42
f 5025/402/42 5027/402/42 5026/402/42
f 5026/402/42 5027/402/42 5028/402/42
f 5027/402/42 5029/402/42 5028/402/42
f 5029/402/42 5021/404/42 5028/402/42
f 5021/404/42 5019/404/42 5028/402/42
f 5030/18/34 5031/19/34 5032/405/34
f 5032/405/34 5031/19/34 5033/406/34
f 5031/19/34 5034/26/34 5033/406/34
f 5034/26/34 5035/407/34 5033/406/34
f 5036/26/17 5037/43/17 5038/407/17
f 5038/407/17 5037/43/17 5039/408/17
f 5037/43/17 5040/12/17 5039/408/17
f 5040/12/17 5041/409/17 5039/408/17
f 5042/12/35 5043/11/35 5044/409/35
f 5044/409/35 5043/11/35 5045/410/35
f 5043/11/35 5046/9/35 5045/410/35
f 5046/9/35 5047/411/35 5045/410/35
f 5048/412/35 5049/413/35 5050/14/35
f 5050/14/35 5049/413/35 5051/15/35
f 5049/413/35 5052/414/35 5051/15/35
f 5052/414/35 5053/16/35 5051/15/35
f 5054/24/34 5055/23/34 5056/403/34
f 5056/403/34 5055/23/34 5057/404/34
f 5058/22/34 5059/402/34 5060/22/34
f 5059/402/34 5061/402/34 5060/22/34
f 5060/22/34 5061/402/34 5062/22/34
f 5061/402/34 5063/402/34 5062/22/34
f 5062/22/34 5063/402/34 5064/22/34
f 5063/402/34 5065/402/34 5064/22/34
f 5065/402/34 5057/404/34 5064/22/34
f 5057/404/34 5055/23/34 5064/22/34
f 5066/27/42 5067/28/42 5068/29/42
f 5069/30/42 5070/29/42 5071/30/42
f 5070/29/42 5068/29/42 5071/30/42
f 5071/30/42 5068/29/42 5072/31/42
f 5068/29/42 5067/28/42 5072/31/42
f 5072/31/42 5067/28/42 5073/32/42
f 5073/32/42 5067/28/42 5074/33/42
f 5075/34/42 5074/33/42 5076/35/42
f 5074/33/42 5067/28/42 5076/35/42
f 5067/28/42 5066/27/42 5076/35/42
f 5077/39/8 5078/38/8 5079/415/8
f 5079/415/8 5078/38/8 5080/416/8
f 5078/38/8 5081/36/8 5080/416/8
f 5081/36/8 5082/417/8 5080/416/8
f 5083/14/89 5084/387/89 5085/44/89
f 5086/24/89 5085/44/89 5087/354/89
f 5085/44/89 5084/387/89 5087/354/89
f 5087/354/89 5084/387/89 5088/39/89
f 5088/39/89 5084/387/89 5089/38/89
f 5090/36/89 5089/38/89 5091/418/89
f 5089/38/89 5084/387/89 5091/418/89
f 5084/387/89 5083/14/89 5091/418/89
f 5092/24/17 5093/403/17 5094/24/17
f 5093/403/17 5095/403/17 5094/24/17
f 5095/403/17 5096/419/17 5094/24/17
f 5094/24/17 5096/419/17 5097/44/17
f 5096/419/17 5098/412/17 5097/44/17
f 5098/412/17 5099/14/17 5097/44/17
f 5100/18/34 5101/19/34 5102/405/34
f 5102/405/34 5101/19/34 5103/406/34
f 5101/19/34 5104/26/34 5103/406/34
f 5104/26/34 5105/407/34 5103/406/34
f 5106/12/35 5107/11/35 5108/409/35
f 5108/409/35 5107/11/35 5109/410/35
f 5107/11/35 5110/9/35 5109/410/35
f 5110/9/35 5111/411/35 5109/410/35
f 5112/27/8 5113/29/8 5114/399/8
f 5114/399/8 5113/29/8 5115/401/8
f 5116/400/8 5115/401/8 5117/30/8
f 5115/401/8 5113/29/8 5117/30/8
f 5118/412/35 5119/413/35 5120/14/35
f 5120/14/35 5119/413/35 5121/15/35
f 5119/413/35 5122/414/35 5121/15/35
f 5122/414/35 5123/16/35 5121/15/35
f 5124/27/42 5125/28/42 5126/29/42
f 5127/30/42 5126/29/42 5128/31/42
f 5126/29/42 5125/28/42 5128/31/42
f 5128/31/42 5125/28/42 5129/32/42
f 5129/32/42 5125/28/42 5130/33/42
f 5131/34/42 5130/33/42 5132/35/42
f 5130/33/42 5125/28/42 5132/35/42
f 5125/28/42 5124/27/42 5132/35/42
s 1
f 5133/39/1394 5134/38/104 5135/415/104
f 5135/415/104 5134/38/104 5136/416/104
f 5134/38/104 5137/36/8 5136/416/104
f 5137/36/8 5138/417/8 5136/416/104
s 0
f 5139/14/89 5140/387/89 5141/44/89
f 5142/24/89 5141/44/89 5143/354/89
f 5141/44/89 5140/387/89 5143/354/89
f 5143/354/89 5140/387/89 5144/39/89
f 5144/39/89 5140/387/89 5145/38/89
f 5146/36/89 5145/38/89 5147/418/89
f 5145/38/89 5140/387/89 5147/418/89
f 5140/387/89 5139/14/89 5147/418/89
f 5148/403/17 5149/419/17 5150/24/17
f 5150/24/17 5149/419/17 5151/44/17
f 5149/419/17 5152/412/17 5151/44/17
f 5152/412/17 5153/14/17 5151/44/17
f 5154/399/35 5155/27/35 5156/399/35
f 5155/27/35 5157/27/35 5156/399/35
f 5158/30/34 5159/400/34 5160/30/34
f 5159/400/34 5161/400/34 5160/30/34
s 1
f 5162/399/1393 5163/401/1393 5164/399/89
f 5164/399/89 5163/401/1393 5165/401/89
f 5166/400/89 5165/401/89 5167/400/1393
f 5165/401/89 5163/401/1393 5167/400/1393
s 0
f 5168/22/35 5169/402/35 5170/22/35
f 5169/402/35 5171/402/35 5170/22/35
f 5172/22/89 5173/22/89 5174/22/89
f 5173/22/89 5175/22/89 5174/22/89
f 5174/22/89 5175/22/89 5176/22/89
f 5175/22/89 5177/22/89 5176/22/89
f 5176/22/89 5177/22/89 5178/22/89
f 5177/22/89 5179/22/89 5178/22/89
f 5180/24/89 5181/23/89 5182/24/89
f 5182/24/89 5181/23/89 5183/23/89
f 5181/23/89 5178/22/89 5183/23/89
f 5178/22/89 5179/22/89 5183/23/89
s 1
f 5184/22/1394 5185/402/104 5186/22/104
f 5185/402/104 5187/402/104 5186/22/104
s 0
f 5188/403/42 5189/404/42 5190/403/42
f 5190/403/42 5189/404/42 5191/404/42
f 5192/402/42 5193/402/42 5194/402/42
f 5193/402/42 5195/402/42 5194/402/42
f 5194/402/42 5195/402/42 5196/402/42
f 5195/402/42 5197/402/42 5196/402/42
f 5196/402/42 5197/402/42 5198/402/42
f 5197/402/42 5199/402/42 5198/402/42
f 5199/402/42 5191/404/42 5198/402/42
f 5191/404/42 5189/404/42 5198/402/42
f 5200/18/34 5201/19/34 5202/405/34
f 5202/405/34 5201/19/34 5203/406/34
f 5201/19/34 5204/26/34 5203/406/34
f 5204/26/34 5205/407/34 5203/406/34
f 5206/26/17 5207/43/17 5208/407/17
f 5208/407/17 5207/43/17 5209/408/17
f 5207/43/17 5210/12/17 5209/408/17
f 5210/12/17 5211/409/17 5209/408/17
f 5212/12/35 5213/11/35 5214/409/35
f 5214/409/35 5213/11/35 5215/410/35
f 5213/11/35 5216/9/35 5215/410/35
f 5216/9/35 5217/411/35 5215/410/35
f 5218/412/35 5219/413/35 5220/14/35
f 5220/14/35 5219/413/35 5221/15/35
f 5219/413/35 5222/414/35 5221/15/35
f 5222/414/35 5223/16/35 5221/15/35
f 5224/24/34 5225/23/34 5226/403/34
f 5226/403/34 5225/23/34 5227/404/34
f 5228/22/34 5229/402/34 5230/22/34
f 5229/402/34 5231/402/34 5230/22/34
f 5230/22/34 5231/402/34 5232/22/34
f 5231/402/34 5233/402/34 5232/22/34
f 5232/22/34 5233/402/34 5234/22/34
f 5233/402/34 5235/402/34 5234/22/34
f 5235/402/34 5227/404/34 5234/22/34
f 5227/404/34 5225/23/34 5234/22/34
s 1
f 5236/27/1384 5237/28/42 5238/29/1395
f 5239/30/42 5240/29/1396 5241/30/42
f 5240/29/1396 5238/29/1395 5241/30/42
f 5241/30/42 5238/29/1395 5242/31/42
f 5238/29/1395 5237/28/42 5242/31/42
s 0
f 5242/31/42 5237/28/42 5243/32/42
f 5243/32/42 5237/28/42 5244/33/42
f 5245/34/42 5244/33/42 5246/35/42
f 5244/33/42 5237/28/42 5246/35/42
s 1
f 5237/28/42 5236/27/1384 5246/35/42
s 0
f 5247/39/8 5248/38/8 5249/415/8
f 5249/415/8 5248/38/8 5250/416/8
f 5248/38/8 5251/36/8 5250/416/8
f 5251/36/8 5252/417/8 5250/416/8
f 5253/14/89 5254/387/89 5255/44/89
f 5256/24/89 5255/44/89 5257/354/89
f 5255/44/89 5254/387/89 5257/354/89
f 5257/354/89 5254/387/89 5258/39/89
f 5258/39/89 5254/387/89 5259/38/89
f 5260/36/89 5259/38/89 5261/418/89
f 5259/38/89 5254/387/89 5261/418/89
f 5254/387/89 5253/14/89 5261/418/89
f 5262/24/17 5263/403/17 5264/24/17
f 5263/403/17 5265/403/17 5264/24/17
f 5265/403/17 5266/419/17 5264/24/17
f 5264/24/17 5266/419/17 5267/44/17
f 5266/419/17 5268/412/17 5267/44/17
f 5268/412/17 5269/14/17 5267/44/17
f 5270/18/34 5271/19/34 5272/405/34
f 5272/405/34 5271/19/34 5273/406/34
f 5271/19/34 5274/26/34 5273/406/34
f 5274/26/34 5275/407/34 5273/406/34
f 5276/12/35 5277/11/35 5278/409/35
f 5278/409/35 5277/11/35 5279/410/35
f 5277/11/35 5280/9/35 5279/410/35
f 5280/9/35 5281/411/35 5279/410/35
f 5282/27/8 5283/29/8 5284/399/8
f 5284/399/8 5283/29/8 5285/401/8
f 5286/400/8 5285/401/8 5287/30/8
f 5285/401/8 5283/29/8 5287/30/8
f 5288/412/35 5289/413/35 5290/14/35
f 5290/14/35 5289/413/35 5291/15/35
f 5289/413/35 5292/414/35 5291/15/35
f 5292/414/35 5293/16/35 5291/15/35
f 5294/27/42 5295/28/42 5296/29/42
f 5297/30/42 5296/29/42 5298/31/42
f 5296/29/42 5295/28/42 5298/31/42
f 5298/31/42 5295/28/42 5299/32/42
f 5299/32/42 5295/28/42 5300/33/42
f 5301/34/42 5300/33/42 5302/35/42
f 5300/33/42 5295/28/42 5302/35/42
f 5295/28/42 5294/27/42 5302/35/42
s 1
f 5303/39/1394 5304/38/104 5305/415/104
f 5305/415/104 5304/38/104 5306/416/104
f 5304/38/104 5307/36/8 5306/416/104
f 5307/36/8 5308/417/8 5306/416/104
s 0
f 5309/14/89 5310/387/89 5311/44/89
f 5312/24/89 5311/44/89 5313/354/89
f 5311/44/89 5310/387/89 5313/354/89
f 5313/354/89 5310/387/89 5314/39/89
f 5314/39/89 5310/387/89 5315/38/89
f 5316/36/89 5315/38/89 5317/418/89
f 5315/38/89 5310/387/89 5317/418/89
f 5310/387/89 5309/14/89 5317/418/89
f 5318/403/17 5319/419/17 5320/24/17
f 5320/24/17 5319/419/17 5321/44/17
f 5319/419/17 5322/412/17 5321/44/17
f 5322/412/17 5323/14/17 5321/44/17
s 1
f 5324/389/1397 5325/389/1397 5326/389/1398
f 5325/389/1397 5327/389/1398 5326/389/1398
f 5326/389/1398 5327/389/1398 5328/389/1399
f 5327/389/1398 5329/389/1399 5328/389/1399
f 5330/390/1328 5331/390/1328 5332/391/1329
f 5331/390/1328 5333/391/1329 5332/391/1329
f 5332/391/1329 5333/391/1329 5334/389/1330
f 5333/391/1329 5335/389/1330 5334/389/1330
f 5336/390/1400 5337/390/1400 5338/390/1401
f 5339/390/1402 5338/390/1401 5340/390/1402
f 5340/390/1402 5338/390/1401 5341/390/1401
f 5338/390/1401 5337/390/1400 5341/390/1401
f 5342/389/1324 5343/389/1324 5344/391/1323
f 5345/390/1403 5344/391/1323 5346/390/1322
f 5346/390/1322 5344/391/1323 5347/391/1323
f 5344/391/1323 5343/389/1324 5347/391/1323
s 0
f 5348/389/8 5349/389/8 5350/391/8
f 5351/390/8 5350/391/8 5352/390/8
f 5352/390/8 5350/391/8 5353/391/8
f 5350/391/8 5349/389/8 5353/391/8
s 1
f 5354/389/1404 5355/389/1405 5356/391/1342
f 5357/390/1406 5358/390/1407 5359/390/1408
f 5360/390/1409 5361/390/1410 5362/390/1338
f 5361/390/1410 5359/390/1408 5362/390/1338
f 5359/390/1408 5358/390/1407 5362/390/1338
f 5362/390/1338 5358/390/1407 5363/391/1341
f 5358/390/1407 5357/390/1406 5363/391/1341
f 5357/390/1406 5356/391/1342 5363/391/1341
f 5356/391/1342 5355/389/1405 5363/391/1341
f 5363/391/1341 5355/389/1405 5364/389/1346
f 5355/389/1405 5354/389/1404 5364/389/1346
f 5354/389/1404 5365/389/1411 5364/389/1346
f 5364/389/1346 5365/389/1411 5366/389/1412
f 5365/389/1411 5367/389/1413 5366/389/1412
f 5366/389/1412 5367/389/1413 5368/391/1337
f 5367/389/1413 5369/391/1335 5368/391/1337
f 5369/391/1335 5361/390/1410 5368/391/1337
f 5361/390/1410 5360/390/1409 5368/391/1337
f 5368/391/1337 5360/390/1409 5370/391/35
f 5360/390/1409 5362/390/1338 5370/391/35
f 5362/390/1338 5363/391/1341 5370/391/35
f 5363/391/1341 5364/389/1346 5370/391/35
f 5364/389/1346 5366/389/1412 5370/391/35
s 0
f 5371/391/34 5372/391/34 5373/390/34
f 5373/390/34 5372/391/34 5374/390/34
f 5375/390/34 5374/390/34 5376/391/34
f 5374/390/34 5372/391/34 5376/391/34
f 5376/391/34 5372/391/34 5377/389/34
f 5377/389/34 5372/391/34 5378/389/34
f 5372/391/34 5371/391/34 5378/389/34
f 5371/391/34 5379/389/34 5378/389/34
f 5380/392/89 5381/392/89 5382/390/89
f 5383/390/89 5382/390/89 5384/390/89
f 5382/390/89 5385/390/89 5384/390/89
f 5386/390/89 5384/390/89 5387/390/89
f 5384/390/89 5385/390/89 5387/390/89
f 5387/390/89 5385/390/89 5388/390/89
f 5388/390/89 5385/390/89 5389/390/89
f 5385/390/89 5382/390/89 5389/390/89
f 5389/390/89 5382/390/89 5390/390/89
f 5382/390/89 5381/392/89 5390/390/89
f 5391/389/42 5392/389/42 5393/389/42
f 5394/389/42 5393/389/42 5395/389/42
f 5393/389/42 5392/389/42 5395/389/42
f 5396/389/42 5395/389/42 5397/389/42
f 5395/389/42 5392/389/42 5397/389/42
f 5397/389/42 5392/389/42 5398/389/42
f 5398/389/42 5392/389/42 5399/389/42
f 5392/389/42 5391/389/42 5399/389/42
f 5399/389/42 5391/389/42 5400/393/42
f 5391/389/42 5401/393/42 5400/393/42
f 5402/391/17 5403/391/17 5404/390/17
f 5404/390/17 5403/391/17 5405/390/17
f 5406/390/17 5405/390/17 5407/391/17
f 5405/390/17 5403/391/17 5407/391/17
f 5407/391/17 5403/391/17 5408/389/17
f 5408/389/17 5403/391/17 5409/389/17
f 5403/391/17 5402/391/17 5409/389/17
f 5402/391/17 5410/389/17 5409/389/17
f 5411/395/34 5412/395/34 5413/394/34
f 5412/395/34 5414/394/34 5413/394/34
f 5415/393/35 5416/393/35 5417/389/35
f 5416/393/35 5418/389/35 5417/389/35
f 5419/389/34 5420/389/34 5421/393/34
f 5420/389/34 5422/393/34 5421/393/34
s 1
f 5423/395/1347 5424/395/1347 5425/394/1347
f 5424/395/1347 5426/394/1347 5425/394/1347
s 0
f 5427/393/8 5428/393/8 5429/393/8
f 5429/393/8 5428/393/8 5430/393/8
f 5428/393/8 5431/396/8 5430/393/8
f 5432/393/8 5430/393/8 5433/396/8
f 5430/393/8 5431/396/8 5433/396/8
f 5434/392/8 5433/396/8 5435/392/8
f 5433/396/8 5431/396/8 5435/392/8
f 5436/395/8 5437/395/8 5438/395/8
f 5438/395/8 5437/395/8 5439/395/8
f 5439/395/8 5437/395/8 5440/397/8
f 5437/395/8 5441/397/8 5440/397/8
f 5440/397/8 5441/397/8 5442/392/8
f 5441/397/8 5435/392/8 5442/392/8
f 5435/392/8 5431/396/8 5442/392/8
f 5442/392/8 5431/396/8 5443/396/8
f 5431/396/8 5428/393/8 5443/396/8
f 5444/389/42 5445/389/42 5446/393/42
f 5445/389/42 5447/393/42 5446/393/42
f 5448/394/17 5449/394/17 5450/394/17
f 5450/394/17 5449/394/17 5451/394/17
f 5451/394/17 5449/394/17 5452/398/17
f 5449/394/17 5453/398/17 5452/398/17
f 5452/398/17 5453/398/17 5454/390/17
f 5453/398/17 5455/390/17 5454/390/17
f 5454/390/17 5455/390/17 5456/391/17
f 5455/390/17 5457/391/17 5456/391/17
f 5456/391/17 5457/391/17 5458/389/17
f 5459/389/17 5458/389/17 5460/389/17
f 5460/389/17 5458/389/17 5461/389/17
f 5458/389/17 5457/391/17 5461/389/17
f 5462/394/35 5463/394/35 5464/395/35
f 5464/395/35 5463/394/35 5465/395/35
f 5465/395/35 5463/394/35 5466/397/35
f 5463/394/35 5467/398/35 5466/397/35
f 5466/397/35 5467/398/35 5468/392/35
f 5467/398/35 5469/390/35 5468/392/35
f 5470/392/35 5471/390/35 5472/396/35
f 5471/390/35 5473/391/35 5472/396/35
f 5472/396/35 5473/391/35 5474/393/35
f 5473/391/35 5475/389/35 5474/393/35
f 5476/27/35 5477/27/35 5478/399/35
f 5477/27/35 5479/399/35 5478/399/35
f 5480/400/34 5481/400/34 5482/30/34
f 5481/400/34 5483/30/34 5482/30/34
s 1
f 5484/399/1414 5485/399/42 5486/401/1414
f 5485/399/42 5487/401/42 5486/401/1414
f 5486/401/1414 5487/401/42 5488/400/1414
f 5487/401/42 5489/400/42 5488/400/1414
s 0
f 5490/402/35 5491/402/35 5492/22/35
f 5491/402/35 5493/22/35 5492/22/35
f 5494/22/42 5495/22/42 5496/22/42
f 5496/22/42 5495/22/42 5497/22/42
f 5495/22/42 5498/22/42 5497/22/42
f 5497/22/42 5498/22/42 5499/22/42
f 5498/22/42 5500/22/42 5499/22/42
f 5499/22/42 5500/22/42 5501/22/42
f 5501/22/42 5500/22/42 5502/23/42
f 5503/24/42 5504/24/42 5505/23/42
f 5504/24/42 5502/23/42 5505/23/42
f 5502/23/42 5500/22/42 5505/23/42
s 1
f 5506/402/104 5507/402/104 5508/22/104
f 5507/402/104 5509/22/1394 5508/22/104
s 0
f 5510/403/89 5511/403/89 5512/404/89
f 5511/403/89 5513/404/89 5512/404/89
f 5512/404/89 5513/404/89 5514/402/89
f 5515/402/89 5516/402/89 5517/402/89
f 5517/402/89 5516/402/89 5518/402/89
f 5516/402/89 5519/402/89 5518/402/89
f 5518/402/89 5519/402/89 5520/402/89
f 5519/402/89 5514/402/89 5520/402/89
f 5520/402/89 5514/402/89 5521/402/89
f 5514/402/89 5513/404/89 5521/402/89
f 5522/407/34 5523/26/34 5524/406/34
f 5525/18/34 5526/405/34 5527/19/34
f 5526/405/34 5524/406/34 5527/19/34
f 5524/406/34 5523/26/34 5527/19/34
f 5528/409/17 5529/12/17 5530/408/17
f 5531/26/17 5532/407/17 5533/43/17
f 5532/407/17 5530/408/17 5533/43/17
f 5530/408/17 5529/12/17 5533/43/17
f 5534/411/35 5535/9/35 5536/410/35
f 5537/12/35 5538/409/35 5539/11/35
f 5538/409/35 5536/410/35 5539/11/35
f 5536/410/35 5535/9/35 5539/11/35
f 5540/16/35 5541/414/35 5542/15/35
f 5543/412/35 5544/14/35 5545/413/35
f 5544/14/35 5542/15/35 5545/413/35
f 5542/15/35 5541/414/35 5545/413/35
f 5546/24/34 5547/403/34 5548/23/34
f 5547/403/34 5549/404/34 5548/23/34
f 5548/23/34 5549/404/34 5550/22/34
f 5551/22/34 5552/22/34 5553/402/34
f 5553/402/34 5552/22/34 5554/402/34
f 5552/22/34 5555/22/34 5554/402/34
f 5554/402/34 5555/22/34 5556/402/34
f 5555/22/34 5550/22/34 5556/402/34
f 5556/402/34 5550/22/34 5557/402/34
f 5550/22/34 5549/404/34 5557/402/34
f 5558/27/89 5559/28/89 5560/35/89
f 5561/34/89 5560/35/89 5562/33/89
f 5560/35/89 5559/28/89 5562/33/89
f 5562/33/89 5559/28/89 5563/32/89
f 5563/32/89 5559/28/89 5564/31/89
f 5565/30/89 5566/30/89 5567/29/89
f 5567/29/89 5566/30/89 5568/29/89
f 5566/30/89 5564/31/89 5568/29/89
f 5564/31/89 5559/28/89 5568/29/89
f 5559/28/89 5558/27/89 5568/29/89
f 5569/417/8 5570/36/8 5571/416/8
f 5572/39/8 5573/415/8 5574/38/8
f 5573/415/8 5571/416/8 5574/38/8
f 5571/416/8 5570/36/8 5574/38/8
f 5575/14/42 5576/387/42 5577/418/42
f 5578/36/42 5577/418/42 5579/38/42
f 5577/418/42 5576/387/42 5579/38/42
f 5579/38/42 5576/387/42 5580/39/42
f 5580/39/42 5576/387/42 5581/354/42
f 5582/24/42 5581/354/42 5583/44/42
f 5581/354/42 5576/387/42 5583/44/42
f 5576/387/42 5575/14/42 5583/44/42
f 5584/14/17 5585/412/17 5586/44/17
f 5587/24/17 5588/24/17 5589/403/17
f 5589/403/17 5588/24/17 5590/403/17
f 5590/403/17 5588/24/17 5591/419/17
f 5588/24/17 5586/44/17 5591/419/17
f 5586/44/17 5585/412/17 5591/419/17
f 5592/407/34 5593/26/34 5594/406/34
f 5595/18/34 5596/405/34 5597/19/34
f 5596/405/34 5594/406/34 5597/19/34
f 5594/406/34 5593/26/34 5597/19/34
f 5598/411/35 5599/9/35 5600/410/35
f 5601/12/35 5602/409/35 5603/11/35
f 5602/409/35 5600/410/35 5603/11/35
f 5600/410/35 5599/9/35 5603/11/35
f 5604/27/8 5605/399/8 5606/29/8
f 5605/399/8 5607/401/8 5606/29/8
f 5606/29/8 5607/401/8 5608/30/8
f 5607/401/8 5609/400/8 5608/30/8
f 5610/16/35 5611/414/35 5612/15/35
f 5613/412/35 5614/14/35 5615/413/35
f 5614/14/35 5612/15/35 5615/413/35
f 5612/15/35 5611/414/35 5615/413/35
f 5616/27/89 5617/28/89 5618/35/89
f 5619/34/89 5618/35/89 5620/33/89
f 5618/35/89 5617/28/89 5620/33/89
f 5620/33/89 5617/28/89 5621/32/89
f 5621/32/89 5617/28/89 5622/31/89
f 5623/30/89 5622/31/89 5624/29/89
f 5622/31/89 5617/28/89 5624/29/89
f 5617/28/89 5616/27/89 5624/29/89
s 1
f 5625/417/8 5626/36/8 5627/416/104
f 5628/39/1394 5629/415/104 5630/38/104
f 5629/415/104 5627/416/104 5630/38/104
f 5627/416/104 5626/36/8 5630/38/104
s 0
f 5631/14/42 5632/387/42 5633/418/42
f 5634/36/42 5633/418/42 5635/38/42
f 5633/418/42 5632/387/42 5635/38/42
f 5635/38/42 5632/387/42 5636/39/42
f 5636/39/42 5632/387/42 5637/354/42
f 5638/24/42 5637/354/42 5639/44/42
f 5637/354/42 5632/387/42 5639/44/42
f 5632/387/42 5631/14/42 5639/44/42
f 5640/14/17 5641/412/17 5642/44/17
f 5643/403/17 5644/24/17 5645/419/17
f 5644/24/17 5642/44/17 5645/419/17
f 5642/44/17 5641/412/17 5645/419/17
f 5646/422/89 5647/420/89 5648/422/89
f 5648/422/89 5647/420/89 5649/420/89
f 5650/421/89 5649/420/89 5651/421/89
f 5649/420/89 5647/420/89 5651/421/89
f 5651/421/89 5647/420/89 5652/421/89
f 5652/421/89 5647/420/89 5653/420/89
f 5647/420/89 5646/422/89 5653/420/89
f 5653/420/89 5646/422/89 5654/422/89
f 5655/423/89 5654/422/89 5656/423/89
f 5654/422/89 5646/422/89 5656/423/89
f 5656/423/89 5646/422/89 5657/423/89
f 5646/422/89 5648/422/89 5657/423/89
f 5657/423/89 5648/422/89 5658/423/89
f 5659/423/89 5658/423/89 5660/422/89
f 5658/423/89 5648/422/89 5660/422/89
f 5648/422/89 5649/420/89 5660/422/89
f 5660/422/89 5649/420/89 5661/420/89
f 5649/420/89 5650/421/89 5661/420/89
f 5661/420/89 5650/421/89 5662/421/89
f 5663/424/89 5662/421/89 5664/424/89
f 5662/421/89 5650/421/89 5664/424/89
f 5664/424/89 5650/421/89 5665/424/89
f 5650/421/89 5651/421/89 5665/424/89
f 5665/424/89 5651/421/89 5666/424/89
f 5651/421/89 5652/421/89 5666/424/89
f 5666/424/89 5652/421/89 5667/424/89
f 5667/424/89 5652/421/89 5668/421/89
f 5652/421/89 5653/420/89 5668/421/89
f 5668/421/89 5653/420/89 5669/420/89
f 5653/420/89 5654/422/89 5669/420/89
f 5669/420/89 5654/422/89 5670/422/89
f 5654/422/89 5655/423/89 5670/422/89
f 5671/426/89 5672/426/89 5673/427/89
f 5673/427/89 5672/426/89 5674/427/89
f 5675/427/89 5674/427/89 5676/426/89
f 5674/427/89 5672/426/89 5676/426/89
f 5676/426/89 5672/426/89 5677/425/89
f 5677/425/89 5672/426/89 5678/425/89
f 5672/426/89 5671/426/89 5678/425/89
f 5678/425/89 5671/426/89 5679/425/89
f 5680/425/89 5679/425/89 5681/426/89
f 5679/425/89 5671/426/89 5681/426/89
f 5681/426/89 5671/426/89 5682/427/89
f 5671/426/89 5673/427/89 5682/427/89
f 5682/427/89 5673/427/89 5683/429/89
f 5683/429/89 5673/427/89 5684/429/89
f 5673/427/89 5674/427/89 5684/429/89
f 5684/429/89 5674/427/89 5685/429/89
f 5674/427/89 5675/427/89 5685/429/89
f 5685/429/89 5675/427/89 5686/429/89
f 5687/429/89 5686/429/89 5688/427/89
f 5686/429/89 5675/427/89 5688/427/89
f 5688/427/89 5675/427/89 5689/426/89
f 5675/427/89 5676/426/89 5689/426/89
f 5689/426/89 5676/426/89 5690/425/89
f 5676/426/89 5677/425/89 5690/425/89
f 5690/425/89 5677/425/89 5691/428/89
f 5691/428/89 5677/425/89 5692/428/89
f 5677/425/89 5678/425/89 5692/428/89
f 5692/428/89 5678/425/89 5693/428/89
f 5678/425/89 5679/425/89 5693/428/89
f 5693/428/89 5679/425/89 5694/428/89
f 5679/425/89 5680/425/89 5694/428/89
f 5680/425/89 5695/428/89 5694/428/89
f 5696/423/34 5697/423/34 5698/430/34
f 5699/424/34 5700/421/34 5701/424/34
f 5701/424/34 5700/421/34 5702/421/34
f 5700/421/34 5698/430/34 5702/421/34
f 5702/421/34 5698/430/34 5703/420/34
f 5703/420/34 5698/430/34 5704/422/34
f 5698/430/34 5697/423/34 5704/422/34
f 5705/429/35 5706/429/35 5707/427/35
f 5706/429/35 5708/427/35 5707/427/35
f 5707/427/35 5708/427/35 5709/426/35
f 5708/427/35 5710/426/35 5709/426/35
f 5709/426/35 5710/426/35 5711/425/35
f 5710/426/35 5712/425/35 5711/425/35
f 5711/425/35 5712/425/35 5713/428/35
f 5712/425/35 5714/428/35 5713/428/35
f 5715/424/8 5716/424/8 5717/424/8
f 5717/424/8 5716/424/8 5718/424/8
f 5716/424/8 5719/424/8 5718/424/8
f 5718/424/8 5719/424/8 5720/424/8
f 5719/424/8 5721/424/8 5720/424/8
f 5720/424/8 5721/424/8 5722/424/8
f 5721/424/8 5723/424/8 5722/424/8
f 5722/424/8 5723/424/8 5724/424/8
f 5724/424/8 5723/424/8 5725/431/8
f 5723/424/8 5726/431/8 5725/431/8
f 5725/431/8 5726/431/8 5727/429/8
f 5728/429/8 5729/429/8 5730/429/8
f 5730/429/8 5729/429/8 5731/429/8
f 5729/429/8 5732/429/8 5731/429/8
f 5731/429/8 5732/429/8 5733/429/8
f 5732/429/8 5734/429/8 5733/429/8
f 5733/429/8 5734/429/8 5735/429/8
f 5734/429/8 5727/429/8 5735/429/8
f 5735/429/8 5727/429/8 5736/429/8
f 5727/429/8 5726/431/8 5736/429/8
f 5737/428/17 5738/428/17 5739/428/17
f 5739/428/17 5738/428/17 5740/428/17
f 5738/428/17 5741/428/17 5740/428/17
f 5740/428/17 5741/428/17 5742/428/17
f 5741/428/17 5743/428/17 5742/428/17
f 5742/428/17 5743/428/17 5744/428/17
f 5743/428/17 5745/428/17 5744/428/17
f 5744/428/17 5745/428/17 5746/428/17
f 5746/428/17 5745/428/17 5747/432/17
f 5748/423/17 5749/423/17 5750/423/17
f 5750/423/17 5749/423/17 5751/423/17
f 5749/423/17 5752/423/17 5751/423/17
f 5751/423/17 5752/423/17 5753/423/17
f 5752/423/17 5754/423/17 5753/423/17
f 5753/423/17 5754/423/17 5755/423/17
f 5754/423/17 5756/423/17 5755/423/17
f 5755/423/17 5756/423/17 5757/423/17
f 5757/423/17 5756/423/17 5758/432/17
f 5756/423/17 5747/432/17 5758/432/17
f 5747/432/17 5745/428/17 5758/432/17
s 1
f 5759/422/1415 5760/422/1357 5761/420/1356
f 5762/427/1416 5763/427/1417 5764/426/1418
f 5764/426/1418 5765/425/1419 5766/425/1420
f 5767/434/42 5766/425/1420 5768/428/42
f 5766/425/1420 5765/425/1419 5768/428/42
f 5768/428/42 5765/425/1419 5769/428/42
s 0
f 5770/428/42 5771/428/42 5772/425/42
f 5772/425/42 5771/428/42 5773/425/42
f 5771/428/42 5774/428/42 5773/425/42
f 5773/425/42 5774/428/42 5775/425/42
f 5774/428/42 5769/428/42 5775/425/42
s 1
f 5769/428/42 5765/425/1419 5775/425/42
f 5765/425/1419 5764/426/1418 5775/425/42
f 5775/425/42 5764/426/1418 5776/426/42
f 5764/426/1418 5763/427/1417 5776/426/42
f 5776/426/42 5763/427/1417 5777/427/42
s 0
f 5778/429/42 5779/427/42 5780/429/42
f 5779/427/42 5781/427/42 5780/429/42
f 5780/429/42 5781/427/42 5782/429/42
f 5781/427/42 5777/427/42 5782/429/42
f 5782/429/42 5777/427/42 5783/429/42
s 1
f 5777/427/42 5763/427/1417 5783/429/42
f 5783/429/42 5763/427/1417 5784/429/42
f 5763/427/1417 5762/427/1416 5784/429/42
f 5784/429/42 5762/427/1416 5785/431/42
f 5762/427/1416 5786/433/42 5785/431/42
s 0
f 5785/431/42 5786/433/42 5787/424/42
s 1
f 5786/433/42 5788/421/1354 5787/424/42
s 0
f 5789/424/42 5790/424/42 5791/421/42
f 5791/421/42 5790/424/42 5792/421/42
f 5790/424/42 5793/424/42 5792/421/42
f 5792/421/42 5793/424/42 5794/421/42
f 5793/424/42 5795/424/42 5794/421/42
s 1
f 5794/421/42 5795/424/42 5796/421/1355
f 5795/424/42 5787/424/42 5796/421/1355
f 5787/424/42 5788/421/1354 5796/421/1355
f 5788/421/1354 5761/420/1356 5796/421/1355
f 5796/421/1355 5761/420/1356 5797/430/42
f 5761/420/1356 5760/422/1357 5797/430/42
s 0
f 5798/430/42 5799/422/42 5800/423/42
f 5800/423/42 5799/422/42 5801/423/42
f 5799/422/42 5797/430/42 5801/423/42
f 5801/423/42 5797/430/42 5802/423/42
s 1
f 5797/430/42 5760/422/1357 5802/423/42
f 5802/423/42 5760/422/1357 5803/423/42
f 5760/422/1357 5759/422/1415 5803/423/42
f 5803/423/42 5759/422/1415 5804/423/42
f 5804/423/42 5759/422/1415 5805/432/42
f 5759/422/1415 5767/434/42 5805/432/42
s 0
f 5767/434/42 5768/428/42 5805/432/42
s 1
f 5806/436/1360 5807/436/1362 5808/435/1360
f 5808/435/1360 5807/436/1362 5809/435/1359
f 5807/436/1362 5810/436/35 5809/435/1359
f 5810/436/35 5811/435/35 5809/435/1359
f 5812/437/1421 5813/437/1422 5814/436/1421
f 5814/436/1421 5813/437/1422 5815/436/1422
f 5813/437/1422 5816/437/8 5815/436/1422
f 5816/437/8 5817/436/8 5815/436/1422
f 5818/438/1365 5819/438/252 5820/437/1365
f 5820/437/1365 5819/438/252 5821/437/252
f 5819/438/252 5822/438/34 5821/437/252
f 5822/438/34 5823/437/34 5821/437/252
f 5824/435/1423 5825/435/1424 5826/438/1423
f 5826/438/1423 5825/435/1424 5827/438/1424
f 5825/435/1424 5828/435/17 5827/438/1424
f 5828/435/17 5829/438/17 5827/438/1424
f 5830/439/1368 5831/439/1367 5832/29/1425
f 5832/29/1425 5831/439/1367 5833/29/1367
f 5831/439/1367 5834/439/35 5833/29/1367
f 5834/439/35 5835/29/35 5833/29/1367
f 5836/440/1426 5837/440/1427 5838/439/1426
f 5838/439/1426 5837/440/1427 5839/439/1427
f 5837/440/1427 5840/440/8 5839/439/1427
f 5840/440/8 5841/439/8 5839/439/1427
f 5842/441/1428 5843/441/1371 5844/440/1429
f 5844/440/1429 5843/441/1371 5845/440/1371
f 5843/441/1371 5846/441/34 5845/440/1371
f 5846/441/34 5847/440/34 5845/440/1371
f 5848/443/1375 5849/443/1374 5850/442/1375
f 5850/442/1375 5849/443/1374 5851/442/1374
f 5849/443/1374 5852/443/35 5851/442/1374
f 5852/443/35 5853/442/35 5851/442/1374
f 5854/444/1007 5855/444/1430 5856/443/1007
f 5856/443/1007 5855/444/1430 5857/443/1430
f 5855/444/1430 5858/444/17 5857/443/1430
f 5858/444/17 5859/443/17 5857/443/1430
f 5860/445/1378 5861/445/1377 5862/444/1378
f 5862/444/1378 5861/445/1377 5863/444/1377
f 5861/445/1377 5864/445/34 5863/444/1377
f 5864/445/34 5865/444/34 5863/444/1377
f 5866/442/1386 5867/442/1387 5868/445/1386
f 5868/445/1386 5867/442/1387 5869/445/1387
f 5867/442/1387 5870/442/8 5869/445/1387
f 5870/442/8 5871/445/8 5869/445/1387
f 5872/38/1375 5873/38/1374 5874/446/1375
f 5874/446/1375 5873/38/1374 5875/446/1374
f 5873/38/1374 5876/38/35 5875/446/1374
f 5876/38/35 5877/446/35 5875/446/1374
f 5878/448/1431 5879/448/1377 5880/447/1432
f 5880/447/1432 5879/448/1377 5881/447/1377
f 5879/448/1377 5882/448/34 5881/447/1377
f 5882/448/34 5883/447/34 5881/447/1377
f 5884/446/1433 5885/446/1434 5886/448/1435
f 5886/448/1435 5885/446/1434 5887/448/1434
f 5885/446/1434 5888/446/8 5887/448/1434
f 5888/446/8 5889/448/8 5887/448/1434
s 0
f 5890/472/35 5891/473/35 5892/474/35
f 5892/474/35 5891/473/35 5893/475/35
f 5893/475/35 5891/473/35 5894/476/35
f 5891/473/35 5895/477/35 5894/476/35
f 5894/476/35 5895/477/35 5896/478/35
f 5896/478/35 5895/477/35 5897/479/35
f 5897/479/35 5895/477/35 5898/480/35
f 5898/480/35 5895/477/35 5899/481/35
f 5895/477/35 5891/473/35 5899/481/35
f 5899/481/35 5891/473/35 5900/482/35
f 5891/473/35 5890/472/35 5900/482/35
f 5900/482/35 5890/472/35 5901/483/35
f 5902/484/35 5901/483/35 5903/485/35
f 5901/483/35 5890/472/35 5903/485/35
f 5903/485/35 5890/472/35 5904/486/35
f 5890/472/35 5892/474/35 5904/486/35
s 1
f 5904/486/35 5892/474/35 5905/487/1436
f 5905/487/1436 5892/474/35 5906/488/1437
f 5892/474/35 5893/475/35 5906/488/1437
f 5906/488/1437 5893/475/35 5907/489/35
s 0
f 5907/489/35 5893/475/35 5908/490/35
f 5893/475/35 5894/476/35 5908/490/35
f 5908/490/35 5894/476/35 5909/491/35
f 5894/476/35 5896/478/35 5909/491/35
f 5909/491/35 5896/478/35 5910/492/35
f 5910/492/35 5896/478/35 5911/493/35
f 5896/478/35 5897/479/35 5911/493/35
f 5911/493/35 5897/479/35 5912/494/35
f 5912/494/35 5897/479/35 5913/495/35
f 5897/479/35 5898/480/35 5913/495/35
f 5914/496/35 5913/495/35 5915/497/35
f 5913/495/35 5898/480/35 5915/497/35
f 5915/497/35 5898/480/35 5916/498/35
f 5898/480/35 5899/481/35 5916/498/35
f 5899/481/35 5900/482/35 5916/498/35
f 5916/498/35 5900/482/35 5917/499/35
f 5900/482/35 5901/483/35 5917/499/35
s 1
f 5917/499/35 5901/483/35 5918/500/1438
f 5901/483/35 5902/484/35 5918/500/1438
f 5918/500/1438 5902/484/35 5919/501/1439
f 5920/389/1440 5919/501/1439 5921/391/35
f 5919/501/1439 5902/484/35 5921/391/35
s 0
f 5921/391/35 5902/484/35 5922/390/35
f 5902/484/35 5903/485/35 5922/390/35
f 5922/390/35 5903/485/35 5923/398/35
f 5903/485/35 5904/486/35 5923/398/35
s 1
f 5923/398/35 5904/486/35 5924/394/1441
f 5904/486/35 5905/487/1436 5924/394/1441
s 0
f 5925/502/35 5926/503/35 5927/504/35
f 5926/503/35 5928/505/35 5927/504/35
f 5927/504/35 5928/505/35 5929/506/35
f 5929/506/35 5928/505/35 5930/507/35
f 5931/508/35 5930/507/35 5932/509/35
f 5930/507/35 5928/505/35 5932/509/35
f 5932/509/35 5928/505/35 5933/510/35
f 5928/505/35 5926/503/35 5933/510/35
f 5933/510/35 5926/503/35 5934/511/35
f 5934/511/35 5926/503/35 5935/512/35
f 5926/503/35 5925/502/35 5935/512/35
f 5935/512/35 5925/502/35 5936/513/35
s 1
f 5937/514/1442 5936/513/35 5938/515/1442
f 5936/513/35 5925/502/35 5938/515/1442
f 5938/515/1442 5925/502/35 5939/516/1442
f 5925/502/35 5927/504/35 5939/516/1442
f 5939/516/1442 5927/504/35 5940/517/1442
f 5927/504/35 5929/506/35 5940/517/1442
f 5940/517/1442 5929/506/35 5941/395/1441
f 5941/395/1441 5929/506/35 5942/397/35
s 0
f 5929/506/35 5930/507/35 5942/397/35
f 5942/397/35 5930/507/35 5943/392/35
f 5930/507/35 5931/508/35 5943/392/35
f 5943/392/35 5931/508/35 5944/396/35
s 1
f 5945/393/1440 5944/396/35 5946/518/1359
f 5944/396/35 5931/508/35 5946/518/1359
f 5946/518/1359 5931/508/35 5947/519/1362
f 5931/508/35 5932/509/35 5947/519/1362
f 5947/519/1362 5932/509/35 5948/520/1359
f 5932/509/35 5933/510/35 5948/520/1359
f 5948/520/1359 5933/510/35 5949/521/1359
f 5933/510/35 5934/511/35 5949/521/1359
f 5949/521/1359 5934/511/35 5950/522/1443
f 5950/522/1443 5934/511/35 5951/523/35
s 0
f 5934/511/35 5935/512/35 5951/523/35
f 5951/523/35 5935/512/35 5952/524/35
f 5935/512/35 5936/513/35 5952/524/35
f 5952/524/35 5936/513/35 5953/525/35
s 1
f 5936/513/35 5937/514/1442 5953/525/35
f 5953/525/35 5937/514/1442 5954/526/1442
s 0
f 5955/502/35 5956/504/35 5957/503/35
f 5956/504/35 5958/505/35 5957/503/35
f 5959/511/35 5957/503/35 5960/510/35
f 5957/503/35 5958/505/35 5960/510/35
f 5960/510/35 5958/505/35 5961/509/35
f 5962/508/35 5961/509/35 5963/507/35
f 5961/509/35 5958/505/35 5963/507/35
f 5963/507/35 5958/505/35 5964/506/35
f 5958/505/35 5956/504/35 5964/506/35
s 1
f 5964/506/35 5956/504/35 5965/517/1442
f 5965/517/1442 5956/504/35 5966/516/1442
f 5956/504/35 5955/502/35 5966/516/1442
f 5966/516/1442 5955/502/35 5967/515/1442
f 5968/526/1442 5969/514/1442 5970/525/35
f 5970/525/35 5969/514/1442 5971/513/35
f 5969/514/1442 5967/515/1442 5971/513/35
f 5967/515/1442 5955/502/35 5971/513/35
s 0
f 5971/513/35 5955/502/35 5972/512/35
f 5955/502/35 5957/503/35 5972/512/35
f 5957/503/35 5959/511/35 5972/512/35
f 5972/512/35 5959/511/35 5973/523/35
s 1
f 5973/523/35 5959/511/35 5974/522/1443
f 5974/522/1443 5959/511/35 5975/521/1359
f 5959/511/35 5960/510/35 5975/521/1359
f 5975/521/1359 5960/510/35 5976/520/1362
f 5960/510/35 5961/509/35 5976/520/1362
f 5976/520/1362 5961/509/35 5977/519/1359
f 5961/509/35 5962/508/35 5977/519/1359
f 5977/519/1359 5962/508/35 5978/518/1359
f 5979/393/1444 5978/518/1359 5980/396/35
f 5978/518/1359 5962/508/35 5980/396/35
s 0
f 5980/396/35 5962/508/35 5981/392/35
f 5962/508/35 5963/507/35 5981/392/35
f 5981/392/35 5963/507/35 5982/397/35
f 5963/507/35 5964/506/35 5982/397/35
s 1
f 5982/397/35 5964/506/35 5983/395/1441
f 5964/506/35 5965/517/1442 5983/395/1441
s 0
f 5984/479/35 5985/477/35 5986/478/35
f 5986/478/35 5985/477/35 5987/476/35
f 5985/477/35 5988/473/35 5987/476/35
f 5987/476/35 5988/473/35 5989/475/35
f 5989/475/35 5988/473/35 5990/474/35
f 5988/473/35 5991/472/35 5990/474/35
f 5990/474/35 5991/472/35 5992/486/35
f 5992/486/35 5991/472/35 5993/485/35
f 5994/484/35 5993/485/35 5995/483/35
f 5993/485/35 5991/472/35 5995/483/35
f 5995/483/35 5991/472/35 5996/482/35
f 5991/472/35 5988/473/35 5996/482/35
f 5996/482/35 5988/473/35 5997/481/35
f 5988/473/35 5985/477/35 5997/481/35
f 5997/481/35 5985/477/35 5998/480/35
f 5985/477/35 5984/479/35 5998/480/35
f 5998/480/35 5984/479/35 5999/495/35
f 5999/495/35 5984/479/35 6000/494/35
f 6000/494/35 5984/479/35 6001/493/35
f 5984/479/35 5986/478/35 6001/493/35
f 6001/493/35 5986/478/35 6002/492/35
f 6002/492/35 5986/478/35 6003/491/35
f 5986/478/35 5987/476/35 6003/491/35
f 6003/491/35 5987/476/35 6004/490/35
f 5987/476/35 5989/475/35 6004/490/35
f 6004/490/35 5989/475/35 6005/489/35
s 1
f 6005/489/35 5989/475/35 6006/488/1445
f 5989/475/35 5990/474/35 6006/488/1445
f 6006/488/1445 5990/474/35 6007/487/1446
f 5990/474/35 5992/486/35 6007/487/1446
f 6007/487/1446 5992/486/35 6008/394/1441
f 6008/394/1441 5992/486/35 6009/398/35
s 0
f 5992/486/35 5993/485/35 6009/398/35
f 6009/398/35 5993/485/35 6010/390/35
f 5993/485/35 5994/484/35 6010/390/35
f 6010/390/35 5994/484/35 6011/391/35
s 1
f 6012/389/1440 6011/391/35 6013/501/1447
f 6011/391/35 5994/484/35 6013/501/1447
f 6013/501/1447 5994/484/35 6014/500/1448
f 5994/484/35 5995/483/35 6014/500/1448
f 6014/500/1448 5995/483/35 6015/499/35
s 0
f 5995/483/35 5996/482/35 6015/499/35
f 6015/499/35 5996/482/35 6016/498/35
f 5996/482/35 5997/481/35 6016/498/35
f 5997/481/35 5998/480/35 6016/498/35
f 6016/498/35 5998/480/35 6017/497/35
f 5998/480/35 5999/495/35 6017/497/35
f 6017/497/35 5999/495/35 6018/496/35
f 6019/9/35 6018/496/35 6020/527/35
f 6018/496/35 5999/495/35 6020/527/35
f 6020/527/35 5999/495/35 6021/528/35
f 5999/495/35 6000/494/35 6021/528/35
f 6021/528/35 6000/494/35 6022/529/35
f 6000/494/35 6001/493/35 6022/529/35
f 6022/529/35 6001/493/35 6023/17/35
f 6001/493/35 6002/492/35 6023/17/35
f 6023/17/35 6002/492/35 6024/530/35
f 6025/16/35 6024/530/35 6026/531/35
f 6024/530/35 6002/492/35 6026/531/35
f 6002/492/35 6003/491/35 6026/531/35
f 6026/531/35 6003/491/35 6027/532/35
f 6003/491/35 6004/490/35 6027/532/35
f 6027/532/35 6004/490/35 6028/533/35
f 6004/490/35 6005/489/35 6028/533/35
f 6028/533/35 6005/489/35 6029/46/35
s 1
f 6029/46/35 6005/489/35 6030/534/1449
f 6005/489/35 6006/488/1445 6030/534/1449
f 6030/534/1449 6006/488/1445 6031/535/1450
f 6006/488/1445 6007/487/1446 6031/535/1450
f 6031/535/1450 6007/487/1446 6032/536/1451
f 6007/487/1446 6008/394/1441 6032/536/1451
f 6008/394/1441 5983/395/1441 6032/536/1451
f 6032/536/1451 5983/395/1441 6033/537/1451
f 5983/395/1441 5965/517/1442 6033/537/1451
f 6033/537/1451 5965/517/1442 6034/538/1451
f 5965/517/1442 5966/516/1442 6034/538/1451
f 6034/538/1451 5966/516/1442 6035/539/1451
f 5966/516/1442 5967/515/1442 6035/539/1451
f 6035/539/1451 5967/515/1442 6036/540/1451
f 5967/515/1442 5969/514/1442 6036/540/1451
f 6036/540/1451 5969/514/1442 6037/541/1451
f 5969/514/1442 5968/526/1442 6037/541/1451
f 6037/541/1451 5968/526/1442 6038/542/1451
f 5968/526/1442 6039/543/1442 6038/542/1451
f 6038/542/1451 6039/543/1442 6040/15/1451
f 6040/15/1451 6039/543/1442 6041/542/1451
f 6039/543/1442 5954/526/1442 6041/542/1451
f 6041/542/1451 5954/526/1442 6042/541/1451
f 5954/526/1442 5937/514/1442 6042/541/1451
f 6042/541/1451 5937/514/1442 6043/540/1451
f 5937/514/1442 5938/515/1442 6043/540/1451
f 6043/540/1451 5938/515/1442 6044/539/1451
f 5938/515/1442 5939/516/1442 6044/539/1451
f 6044/539/1451 5939/516/1442 6045/538/1451
f 5939/516/1442 5940/517/1442 6045/538/1451
f 6045/538/1451 5940/517/1442 6046/537/1451
f 5940/517/1442 5941/395/1441 6046/537/1451
f 6046/537/1451 5941/395/1441 6047/536/1451
f 5941/395/1441 5924/394/1441 6047/536/1451
f 5924/394/1441 5905/487/1436 6047/536/1451
f 6047/536/1451 5905/487/1436 6048/535/1452
f 5905/487/1436 5906/488/1437 6048/535/1452
f 6048/535/1452 5906/488/1437 6049/534/1453
f 5906/488/1437 5907/489/35 6049/534/1453
f 6049/534/1453 5907/489/35 6050/46/35
s 0
f 6050/46/35 5907/489/35 6051/533/35
f 5907/489/35 5908/490/35 6051/533/35
f 6051/533/35 5908/490/35 6052/532/35
f 5908/490/35 5909/491/35 6052/532/35
f 6052/532/35 5909/491/35 6053/531/35
f 5909/491/35 5910/492/35 6053/531/35
f 6054/16/35 6053/531/35 6055/530/35
f 6053/531/35 5910/492/35 6055/530/35
f 6055/530/35 5910/492/35 6056/17/35
f 5910/492/35 5911/493/35 6056/17/35
f 6056/17/35 5911/493/35 6057/529/35
f 5911/493/35 5912/494/35 6057/529/35
f 6057/529/35 5912/494/35 6058/528/35
f 5912/494/35 5913/495/35 6058/528/35
f 6058/528/35 5913/495/35 6059/527/35
f 5913/495/35 5914/496/35 6059/527/35
f 6059/527/35 5914/496/35 6060/9/35
f 6060/9/35 5914/496/35 6061/544/35
f 6061/544/35 5914/496/35 6062/545/35
f 5914/496/35 5915/497/35 6062/545/35
f 6062/545/35 5915/497/35 6063/546/35
f 5915/497/35 5916/498/35 6063/546/35
f 6063/546/35 5916/498/35 6064/547/35
f 5916/498/35 5917/499/35 6064/547/35
s 1
f 5917/499/35 5918/500/1438 6064/547/35
f 6064/547/35 5918/500/1438 6065/548/1454
f 5918/500/1438 5919/501/1439 6065/548/1454
f 6065/548/1454 5919/501/1439 6066/549/1455
f 5919/501/1439 5920/389/1440 6066/549/1455
f 6066/549/1455 5920/389/1440 6067/550/1360
f 6067/550/1360 5920/389/1440 6068/551/1360
f 5920/389/1440 5945/393/1440 6068/551/1360
f 6068/551/1360 5945/393/1440 6069/552/1360
f 5945/393/1440 5946/518/1359 6069/552/1360
f 6069/552/1360 5946/518/1359 6070/553/1360
f 5946/518/1359 5947/519/1362 6070/553/1360
f 6070/553/1360 5947/519/1362 6071/554/1360
f 5947/519/1362 5948/520/1359 6071/554/1360
f 6071/554/1360 5948/520/1359 6072/555/1360
f 5948/520/1359 5949/521/1359 6072/555/1360
f 6072/555/1360 5949/521/1359 6073/556/1456
f 5949/521/1359 5950/522/1443 6073/556/1456
f 6073/556/1456 5950/522/1443 6074/11/1457
f 6074/11/1457 5950/522/1443 6075/557/1458
f 5950/522/1443 5951/523/35 6075/557/1458
f 5951/523/35 5952/524/35 6075/557/1458
f 5952/524/35 5953/525/35 6075/557/1458
f 6075/557/1458 5953/525/35 6076/10/35
f 5953/525/35 5954/526/1442 6076/10/35
f 5954/526/1442 6039/543/1442 6076/10/35
f 6039/543/1442 5968/526/1442 6076/10/35
f 5968/526/1442 5970/525/35 6076/10/35
f 6076/10/35 5970/525/35 6077/558/1458
f 6077/558/1458 5970/525/35 6078/524/35
s 0
f 5970/525/35 5971/513/35 6078/524/35
f 5971/513/35 5972/512/35 6078/524/35
f 5972/512/35 5973/523/35 6078/524/35
s 1
f 6078/524/35 5973/523/35 6079/559/1458
f 5973/523/35 5974/522/1443 6079/559/1458
f 6079/559/1458 5974/522/1443 6080/11/1457
f 6080/11/1457 5974/522/1443 6081/556/1459
f 5974/522/1443 5975/521/1359 6081/556/1459
f 6081/556/1459 5975/521/1359 6082/555/1360
f 5975/521/1359 5976/520/1362 6082/555/1360
f 6082/555/1360 5976/520/1362 6083/554/1360
f 5976/520/1362 5977/519/1359 6083/554/1360
f 6083/554/1360 5977/519/1359 6084/553/1360
f 5977/519/1359 5978/518/1359 6084/553/1360
f 6084/553/1360 5978/518/1359 6085/552/1360
f 5978/518/1359 5979/393/1444 6085/552/1360
f 6085/552/1360 5979/393/1444 6086/551/1360
f 5979/393/1444 6012/389/1440 6086/551/1360
f 6086/551/1360 6012/389/1440 6087/550/1360
f 6087/550/1360 6012/389/1440 6088/549/1460
f 6012/389/1440 6013/501/1447 6088/549/1460
f 6088/549/1460 6013/501/1447 6089/548/1461
f 6013/501/1447 6014/500/1448 6089/548/1461
f 6089/548/1461 6014/500/1448 6090/547/35
f 6014/500/1448 6015/499/35 6090/547/35
s 0
f 6015/499/35 6016/498/35 6090/547/35
f 6090/547/35 6016/498/35 6091/546/35
f 6016/498/35 6017/497/35 6091/546/35
f 6091/546/35 6017/497/35 6092/545/35
f 6017/497/35 6018/496/35 6092/545/35
f 6092/545/35 6018/496/35 6093/544/35
f 6018/496/35 6019/9/35 6093/544/35
f 6094/560/34 6095/561/34 6096/562/34
f 6096/562/34 6095/561/34 6097/563/34
f 6095/561/34 6098/564/34 6097/563/34
f 6097/563/34 6098/564/34 6099/565/34
f 6098/564/34 6100/566/34 6099/565/34
f 6099/565/34 6100/566/34 6101/567/34
f 6100/566/34 6102/568/34 6101/567/34
f 6101/567/34 6102/568/34 6103/569/34
f 6102/568/34 6104/570/34 6103/569/34
f 6103/569/34 6104/570/34 6105/571/34
f 6104/570/34 6106/572/34 6105/571/34
f 6105/571/34 6106/572/34 6107/573/34
f 6106/572/34 6108/574/34 6107/573/34
f 6107/573/34 6108/574/34 6109/575/34
f 6109/575/34 6108/574/34 6110/576/34
f 6111/577/34 6112/578/34 6113/579/34
f 6112/578/34 6114/580/34 6113/579/34
f 6115/2/34 6116/581/34 6117/3/34
f 6116/581/34 6113/579/34 6117/3/34
f 6113/579/34 6114/580/34 6117/3/34
f 6117/3/34 6114/580/34 6118/4/34
f 6114/580/34 6110/576/34 6118/4/34
f 6110/576/34 6108/574/34 6118/4/34
f 6119/1/34 6118/4/34 6120/582/34
f 6118/4/34 6108/574/34 6120/582/34
f 6108/574/34 6106/572/34 6120/582/34
f 6120/582/34 6106/572/34 6121/583/34
f 6106/572/34 6104/570/34 6121/583/34
f 6121/583/34 6104/570/34 6122/584/34
f 6104/570/34 6102/568/34 6122/584/34
f 6122/584/34 6102/568/34 6123/585/34
f 6102/568/34 6100/566/34 6123/585/34
f 6123/585/34 6100/566/34 6124/586/34
f 6100/566/34 6098/564/34 6124/586/34
f 6124/586/34 6098/564/34 6125/587/34
f 6098/564/34 6095/561/34 6125/587/34
f 6125/587/34 6095/561/34 6126/588/34
f 6095/561/34 6094/560/34 6126/588/34
f 6126/588/34 6094/560/34 6127/589/34
f 6128/576/34 6129/574/34 6130/575/34
f 6130/575/34 6129/574/34 6131/573/34
f 6129/574/34 6132/572/34 6131/573/34
f 6131/573/34 6132/572/34 6133/571/34
f 6132/572/34 6134/570/34 6133/571/34
f 6133/571/34 6134/570/34 6135/569/34
f 6134/570/34 6136/568/34 6135/569/34
f 6135/569/34 6136/568/34 6137/567/34
f 6136/568/34 6138/566/34 6137/567/34
f 6137/567/34 6138/566/34 6139/565/34
f 6138/566/34 6140/564/34 6139/565/34
f 6139/565/34 6140/564/34 6141/563/34
f 6140/564/34 6142/561/34 6141/563/34
f 6141/563/34 6142/561/34 6143/562/34
f 6143/562/34 6142/561/34 6144/560/34
f 6145/589/34 6144/560/34 6146/588/34
f 6144/560/34 6142/561/34 6146/588/34
f 6146/588/34 6142/561/34 6147/587/34
f 6142/561/34 6140/564/34 6147/587/34
f 6147/587/34 6140/564/34 6148/586/34
f 6140/564/34 6138/566/34 6148/586/34
f 6148/586/34 6138/566/34 6149/585/34
f 6138/566/34 6136/568/34 6149/585/34
f 6149/585/34 6136/568/34 6150/584/34
f 6136/568/34 6134/570/34 6150/584/34
f 6150/584/34 6134/570/34 6151/583/34
f 6134/570/34 6132/572/34 6151/583/34
f 6151/583/34 6132/572/34 6152/582/34
f 6132/572/34 6129/574/34 6152/582/34
f 6153/1/34 6152/582/34 6154/4/34
f 6152/582/34 6129/574/34 6154/4/34
f 6129/574/34 6128/576/34 6154/4/34
f 6128/576/34 6155/580/34 6154/4/34
f 6154/4/34 6155/580/34 6156/3/34
f 6157/2/34 6156/3/34 6158/581/34
f 6158/581/34 6156/3/34 6159/579/34
f 6156/3/34 6155/580/34 6159/579/34
f 6155/580/34 6160/578/34 6159/579/34
f 6159/579/34 6160/578/34 6161/577/34
f 6161/577/34 6160/578/34 6162/590/34
f 6162/590/34 6160/578/34 6163/591/34
f 6163/591/34 6160/578/34 6164/592/34
f 6160/578/34 6155/580/34 6164/592/34
f 6155/580/34 6128/576/34 6164/592/34
s 1
f 6164/592/34 6128/576/34 6165/593/1462
f 6128/576/34 6130/575/34 6165/593/1462
f 6165/593/1462 6130/575/34 6166/594/1463
f 6166/594/1463 6130/575/34 6167/595/1464
f 6130/575/34 6131/573/34 6167/595/1464
f 6167/595/1464 6131/573/34 6168/596/1464
f 6131/573/34 6133/571/34 6168/596/1464
f 6168/596/1464 6133/571/34 6169/597/1464
f 6133/571/34 6135/569/34 6169/597/1464
f 6169/597/1464 6135/569/34 6170/598/1464
f 6135/569/34 6137/567/34 6170/598/1464
f 6170/598/1464 6137/567/34 6171/599/1464
f 6137/567/34 6139/565/34 6171/599/1464
f 6171/599/1464 6139/565/34 6172/600/1464
f 6139/565/34 6141/563/34 6172/600/1464
f 6172/600/1464 6141/563/34 6173/601/1396
f 6141/563/34 6143/562/34 6173/601/1396
f 6173/601/1396 6143/562/34 6174/602/1465
f 6143/562/34 6144/560/34 6174/602/1465
f 6144/560/34 6145/589/34 6174/602/1465
f 6145/589/34 6175/21/34 6174/602/1465
f 6175/21/34 6127/589/34 6174/602/1465
f 6127/589/34 6094/560/34 6174/602/1465
f 6094/560/34 6096/562/34 6174/602/1465
f 6174/602/1465 6096/562/34 6176/601/1396
f 6096/562/34 6097/563/34 6176/601/1396
f 6176/601/1396 6097/563/34 6177/600/1464
f 6097/563/34 6099/565/34 6177/600/1464
f 6177/600/1464 6099/565/34 6178/599/1464
f 6099/565/34 6101/567/34 6178/599/1464
f 6178/599/1464 6101/567/34 6179/598/1464
f 6101/567/34 6103/569/34 6179/598/1464
f 6179/598/1464 6103/569/34 6180/597/1464
f 6103/569/34 6105/571/34 6180/597/1464
f 6180/597/1464 6105/571/34 6181/596/1464
f 6105/571/34 6107/573/34 6181/596/1464
f 6181/596/1464 6107/573/34 6182/595/1464
f 6107/573/34 6109/575/34 6182/595/1464
f 6182/595/1464 6109/575/34 6183/594/1466
f 6183/594/1466 6109/575/34 6184/593/1467
f 6109/575/34 6110/576/34 6184/593/1467
f 6184/593/1467 6110/576/34 6185/592/34
s 0
f 6110/576/34 6114/580/34 6185/592/34
f 6114/580/34 6112/578/34 6185/592/34
f 6185/592/34 6112/578/34 6186/591/34
f 6186/591/34 6112/578/34 6187/590/34
f 6112/578/34 6111/577/34 6187/590/34
f 6187/590/34 6111/577/34 6188/603/34
f 6188/603/34 6111/577/34 6189/604/34
f 6190/7/34 6189/604/34 6191/8/34
f 6189/604/34 6111/577/34 6191/8/34
f 6111/577/34 6113/579/34 6191/8/34
f 6113/579/34 6116/581/34 6191/8/34
f 6191/8/34 6116/581/34 6192/5/34
f 6193/605/34 6194/6/34 6195/606/34
f 6194/6/34 6192/5/34 6195/606/34
f 6195/606/34 6192/5/34 6196/607/34
f 6192/5/34 6116/581/34 6196/607/34
f 6116/581/34 6115/2/34 6196/607/34
f 6196/607/34 6115/2/34 6197/608/34
s 1
f 6197/608/34 6115/2/34 6198/609/1468
f 6115/2/34 6119/1/34 6198/609/1468
f 6198/609/1468 6119/1/34 6199/610/1469
f 6119/1/34 6120/582/34 6199/610/1469
f 6120/582/34 6121/583/34 6199/610/1469
f 6199/610/1469 6121/583/34 6200/611/1470
f 6121/583/34 6122/584/34 6200/611/1470
f 6200/611/1470 6122/584/34 6201/612/1470
f 6122/584/34 6123/585/34 6201/612/1470
f 6201/612/1470 6123/585/34 6202/613/1470
f 6123/585/34 6124/586/34 6202/613/1470
f 6202/613/1470 6124/586/34 6203/614/1470
f 6124/586/34 6125/587/34 6203/614/1470
f 6203/614/1470 6125/587/34 6204/615/1470
f 6125/587/34 6126/588/34 6204/615/1470
f 6204/615/1470 6126/588/34 6205/616/1470
f 6126/588/34 6127/589/34 6205/616/1470
f 6205/616/1470 6127/589/34 6206/617/1470
f 6127/589/34 6175/21/34 6206/617/1470
f 6206/617/1470 6175/21/34 6207/618/1470
f 6207/618/1470 6175/21/34 6208/617/1470
f 6175/21/34 6145/589/34 6208/617/1470
f 6208/617/1470 6145/589/34 6209/616/1470
f 6145/589/34 6146/588/34 6209/616/1470
f 6209/616/1470 6146/588/34 6210/615/1470
f 6146/588/34 6147/587/34 6210/615/1470
f 6210/615/1470 6147/587/34 6211/614/1470
f 6147/587/34 6148/586/34 6211/614/1470
f 6211/614/1470 6148/586/34 6212/613/1470
f 6148/586/34 6149/585/34 6212/613/1470
f 6212/613/1470 6149/585/34 6213/612/1470
f 6149/585/34 6150/584/34 6213/612/1470
f 6213/612/1470 6150/584/34 6214/611/1470
f 6150/584/34 6151/583/34 6214/611/1470
f 6214/611/1470 6151/583/34 6215/610/1471
f 6151/583/34 6152/582/34 6215/610/1471
f 6152/582/34 6153/1/34 6215/610/1471
f 6215/610/1471 6153/1/34 6216/609/1472
f 6153/1/34 6157/2/34 6216/609/1472
f 6216/609/1472 6157/2/34 6217/608/34
s 0
f 6217/608/34 6157/2/34 6218/607/34
f 6157/2/34 6158/581/34 6218/607/34
f 6219/605/34 6220/606/34 6221/6/34
f 6221/6/34 6220/606/34 6222/5/34
f 6220/606/34 6218/607/34 6222/5/34
f 6218/607/34 6158/581/34 6222/5/34
f 6222/5/34 6158/581/34 6223/8/34
f 6158/581/34 6159/579/34 6223/8/34
f 6159/579/34 6161/577/34 6223/8/34
f 6224/7/34 6223/8/34 6225/604/34
f 6223/8/34 6161/577/34 6225/604/34
f 6225/604/34 6161/577/34 6226/603/34
f 6161/577/34 6162/590/34 6226/603/34
f 6226/603/34 6162/590/34 6227/619/34
f 6227/619/34 6162/590/34 6228/620/34
f 6162/590/34 6163/591/34 6228/620/34
f 6228/620/34 6163/591/34 6229/621/34
f 6229/621/34 6163/591/34 6230/622/34
f 6163/591/34 6164/592/34 6230/622/34
s 1
f 6164/592/34 6165/593/1462 6230/622/34
f 6230/622/34 6165/593/1462 6231/623/1473
f 6165/593/1462 6166/594/1463 6231/623/1473
f 6231/623/1473 6166/594/1463 6232/624/1474
f 6166/594/1463 6167/595/1464 6232/624/1474
f 6232/624/1474 6167/595/1464 6233/625/1475
f 6167/595/1464 6168/596/1464 6233/625/1475
f 6233/625/1475 6168/596/1464 6234/626/1475
f 6234/626/1475 6168/596/1464 6235/627/1475
f 6168/596/1464 6169/597/1464 6235/627/1475
f 6235/627/1475 6169/597/1464 6236/628/1475
f 6169/597/1464 6170/598/1464 6236/628/1475
f 6236/628/1475 6170/598/1464 6237/629/1475
f 6170/598/1464 6171/599/1464 6237/629/1475
f 6237/629/1475 6171/599/1464 6238/630/1475
f 6171/599/1464 6172/600/1464 6238/630/1475
f 6238/630/1475 6172/600/1464 6239/631/1476
f 6172/600/1464 6173/601/1396 6239/631/1476
f 6239/631/1476 6173/601/1396 6240/19/1477
f 6173/601/1396 6174/602/1465 6240/19/1477
f 6174/602/1465 6176/601/1396 6240/19/1477
f 6240/19/1477 6176/601/1396 6241/631/1478
f 6176/601/1396 6177/600/1464 6241/631/1478
f 6241/631/1478 6177/600/1464 6242/630/1475
f 6177/600/1464 6178/599/1464 6242/630/1475
f 6242/630/1475 6178/599/1464 6243/629/1475
f 6178/599/1464 6179/598/1464 6243/629/1475
f 6243/629/1475 6179/598/1464 6244/628/1475
f 6179/598/1464 6180/597/1464 6244/628/1475
f 6244/628/1475 6180/597/1464 6245/627/1475
f 6180/597/1464 6181/596/1464 6245/627/1475
f 6245/627/1475 6181/596/1464 6246/626/1475
f 6246/626/1475 6181/596/1464 6247/625/1475
f 6181/596/1464 6182/595/1464 6247/625/1475
f 6247/625/1475 6182/595/1464 6248/624/1479
f 6182/595/1464 6183/594/1466 6248/624/1479
f 6248/624/1479 6183/594/1466 6249/623/1480
f 6183/594/1466 6184/593/1467 6249/623/1480
f 6249/623/1480 6184/593/1467 6250/622/34
f 6184/593/1467 6185/592/34 6250/622/34
s 0
f 6185/592/34 6186/591/34 6250/622/34
f 6250/622/34 6186/591/34 6251/621/34
f 6251/621/34 6186/591/34 6252/620/34
f 6186/591/34 6187/590/34 6252/620/34
f 6252/620/34 6187/590/34 6253/619/34
f 6187/590/34 6188/603/34 6253/619/34
f 6254/18/34 6253/619/34 6255/632/34
f 6253/619/34 6188/603/34 6255/632/34
f 6255/632/34 6188/603/34 6256/633/34
f 6188/603/34 6189/604/34 6256/633/34
f 6256/633/34 6189/604/34 6257/634/34
f 6189/604/34 6190/7/34 6257/634/34
f 6257/634/34 6190/7/34 6258/20/34
f 6190/7/34 6194/6/34 6258/20/34
f 6194/6/34 6193/605/34 6258/20/34
f 6258/20/34 6193/605/34 6259/635/34
f 6259/635/34 6193/605/34 6260/22/34
f 6260/22/34 6193/605/34 6261/636/34
f 6261/636/34 6193/605/34 6262/637/34
f 6193/605/34 6195/606/34 6262/637/34
f 6262/637/34 6195/606/34 6263/638/34
f 6195/606/34 6196/607/34 6263/638/34
f 6196/607/34 6197/608/34 6263/638/34
f 6263/638/34 6197/608/34 6264/45/34
s 1
f 6264/45/34 6197/608/34 6265/639/1481
f 6197/608/34 6198/609/1468 6265/639/1481
f 6265/639/1481 6198/609/1468 6266/640/1482
f 6198/609/1468 6199/610/1469 6266/640/1482
f 6199/610/1469 6200/611/1470 6266/640/1482
f 6266/640/1482 6200/611/1470 6267/641/1483
f 6200/611/1470 6201/612/1470 6267/641/1483
f 6267/641/1483 6201/612/1470 6268/642/1483
f 6201/612/1470 6202/613/1470 6268/642/1483
f 6268/642/1483 6202/613/1470 6269/643/1483
f 6202/613/1470 6203/614/1470 6269/643/1483
f 6269/643/1483 6203/614/1470 6270/644/1483
f 6203/614/1470 6204/615/1470 6270/644/1483
f 6270/644/1483 6204/615/1470 6271/645/1483
f 6204/615/1470 6205/616/1470 6271/645/1483
f 6271/645/1483 6205/616/1470 6272/646/1483
f 6205/616/1470 6206/617/1470 6272/646/1483
f 6272/646/1483 6206/617/1470 6273/647/1483
f 6206/617/1470 6207/618/1470 6273/647/1483
f 6273/647/1483 6207/618/1470 6274/23/1483
f 6274/23/1483 6207/618/1470 6275/647/1483
f 6207/618/1470 6208/617/1470 6275/647/1483
f 6275/647/1483 6208/617/1470 6276/646/1483
f 6208/617/1470 6209/616/1470 6276/646/1483
f 6276/646/1483 6209/616/1470 6277/645/1483
f 6209/616/1470 6210/615/1470 6277/645/1483
f 6277/645/1483 6210/615/1470 6278/644/1483
f 6210/615/1470 6211/614/1470 6278/644/1483
f 6278/644/1483 6211/614/1470 6279/643/1483
f 6211/614/1470 6212/613/1470 6279/643/1483
f 6279/643/1483 6212/613/1470 6280/642/1483
f 6212/613/1470 6213/612/1470 6280/642/1483
f 6280/642/1483 6213/612/1470 6281/641/1483
f 6213/612/1470 6214/611/1470 6281/641/1483
f 6281/641/1483 6214/611/1470 6282/640/1484
f 6214/611/1470 6215/610/1471 6282/640/1484
f 6215/610/1471 6216/609/1472 6282/640/1484
f 6282/640/1484 6216/609/1472 6283/639/1485
f 6216/609/1472 6217/608/34 6283/639/1485
f 6283/639/1485 6217/608/34 6284/45/34
s 0
f 6284/45/34 6217/608/34 6285/638/34
f 6217/608/34 6218/607/34 6285/638/34
f 6218/607/34 6220/606/34 6285/638/34
f 6285/638/34 6220/606/34 6286/637/34
f 6220/606/34 6219/605/34 6286/637/34
f 6286/637/34 6219/605/34 6287/636/34
f 6287/636/34 6219/605/34 6288/22/34
f 6288/22/34 6219/605/34 6289/635/34
f 6289/635/34 6219/605/34 6290/20/34
f 6219/605/34 6221/6/34 6290/20/34
f 6221/6/34 6224/7/34 6290/20/34
f 6290/20/34 6224/7/34 6291/634/34
f 6224/7/34 6225/604/34 6291/634/34
f 6291/634/34 6225/604/34 6292/633/34
f 6225/604/34 6226/603/34 6292/633/34
f 6292/633/34 6226/603/34 6293/632/34
f 6226/603/34 6227/619/34 6293/632/34
f 6227/619/34 6294/18/34 6293/632/34
s 1
f 6295/648/1486 6296/649/42 6297/650/1487
f 6296/649/42 6298/651/42 6297/650/1487
f 6297/650/1487 6298/651/42 6299/652/1488
f 6298/651/42 6300/653/42 6299/652/1488
f 6299/652/1488 6300/653/42 6301/654/1489
f 6300/653/42 6302/655/42 6301/654/1489
f 6301/654/1489 6302/655/42 6303/656/42
s 0
f 6304/657/42 6305/658/42 6306/659/42
f 6307/660/42 6306/659/42 6308/438/42
f 6308/438/42 6306/659/42 6309/435/42
f 6306/659/42 6305/658/42 6309/435/42
f 6305/658/42 6310/661/42 6309/435/42
f 6309/435/42 6310/661/42 6311/436/42
f 6310/661/42 6303/656/42 6311/436/42
f 6303/656/42 6302/655/42 6311/436/42
s 1
f 6312/437/42 6311/436/42 6313/662/1490
f 6311/436/42 6302/655/42 6313/662/1490
f 6313/662/1490 6302/655/42 6314/663/1491
f 6302/655/42 6300/653/42 6314/663/1491
f 6314/663/1491 6300/653/42 6315/664/1492
f 6300/653/42 6298/651/42 6315/664/1492
f 6315/664/1492 6298/651/42 6316/665/1492
f 6298/651/42 6296/649/42 6316/665/1492
f 6316/665/1492 6296/649/42 6317/423/1493
f 6317/423/1493 6296/649/42 6318/432/42
f 6296/649/42 6295/648/1486 6318/432/42
f 6318/432/42 6295/648/1486 6319/428/1494
f 6320/666/1486 6321/28/42 6322/429/1494
f 6322/429/1494 6321/28/42 6323/431/42
f 6324/424/1493 6323/431/42 6325/667/1492
f 6323/431/42 6321/28/42 6325/667/1492
f 6326/424/1493 6325/667/1492 6327/431/42
f 6325/667/1492 6321/28/42 6327/431/42
f 6327/431/42 6321/28/42 6328/429/1494
f 6321/28/42 6320/666/1486 6328/429/1494
f 6329/656/42 6330/655/42 6331/654/1495
f 6330/655/42 6332/653/42 6331/654/1495
f 6331/654/1495 6332/653/42 6333/652/1496
f 6332/653/42 6334/651/42 6333/652/1496
f 6333/652/1496 6334/651/42 6335/650/1487
f 6334/651/42 6336/649/42 6335/650/1487
f 6335/650/1487 6336/649/42 6337/648/1486
f 6338/428/1497 6337/648/1486 6339/432/42
f 6337/648/1486 6336/649/42 6339/432/42
f 6339/432/42 6336/649/42 6340/423/1493
f 6340/423/1493 6336/649/42 6341/665/1498
f 6336/649/42 6334/651/42 6341/665/1498
f 6341/665/1498 6334/651/42 6342/664/1492
f 6334/651/42 6332/653/42 6342/664/1492
f 6342/664/1492 6332/653/42 6343/663/1499
f 6332/653/42 6330/655/42 6343/663/1499
f 6343/663/1499 6330/655/42 6344/662/1500
f 6345/437/42 6344/662/1500 6346/436/42
f 6344/662/1500 6330/655/42 6346/436/42
s 0
f 6330/655/42 6329/656/42 6346/436/42
f 6329/656/42 6347/661/42 6346/436/42
f 6346/436/42 6347/661/42 6348/435/42
f 6347/661/42 6349/658/42 6348/435/42
f 6350/660/42 6351/438/42 6352/659/42
f 6351/438/42 6348/435/42 6352/659/42
f 6348/435/42 6349/658/42 6352/659/42
f 6352/659/42 6349/658/42 6353/657/42
f 6354/27/42 6353/657/42 6355/668/42
f 6353/657/42 6349/658/42 6355/668/42
f 6355/668/42 6349/658/42 6356/669/42
f 6349/658/42 6347/661/42 6356/669/42
f 6356/669/42 6347/661/42 6357/670/42
f 6347/661/42 6329/656/42 6357/670/42
f 6357/670/42 6329/656/42 6358/671/42
s 1
f 6329/656/42 6331/654/1495 6358/671/42
f 6358/671/42 6331/654/1495 6359/672/1501
f 6331/654/1495 6333/652/1496 6359/672/1501
f 6359/672/1501 6333/652/1496 6360/673/1502
f 6333/652/1496 6335/650/1487 6360/673/1502
f 6360/673/1502 6335/650/1487 6361/674/1503
f 6335/650/1487 6337/648/1486 6361/674/1503
f 6361/674/1503 6337/648/1486 6362/675/1503
f 6337/648/1486 6338/428/1497 6362/675/1503
f 6362/675/1503 6338/428/1497 6363/676/1503
f 6338/428/1497 6364/425/1503 6363/676/1503
f 6363/676/1503 6364/425/1503 6365/677/1503
f 6364/425/1503 6366/426/1504 6365/677/1503
f 6365/677/1503 6366/426/1504 6367/678/1503
f 6366/426/1504 6368/427/1503 6367/678/1503
f 6367/678/1503 6368/427/1503 6369/679/1504
f 6368/427/1503 6328/429/1494 6369/679/1504
f 6369/679/1504 6328/429/1494 6370/680/1503
f 6328/429/1494 6320/666/1486 6370/680/1503
f 6370/680/1503 6320/666/1486 6371/35/1503
f 6371/35/1503 6320/666/1486 6372/680/1503
f 6320/666/1486 6322/429/1494 6372/680/1503
f 6372/680/1503 6322/429/1494 6373/679/1504
f 6322/429/1494 6374/427/1503 6373/679/1504
f 6373/679/1504 6374/427/1503 6375/678/1503
f 6374/427/1503 6376/426/1503 6375/678/1503
f 6375/678/1503 6376/426/1503 6377/677/1503
f 6376/426/1503 6378/425/1503 6377/677/1503
f 6377/677/1503 6378/425/1503 6379/676/1504
f 6378/425/1503 6319/428/1494 6379/676/1504
f 6379/676/1504 6319/428/1494 6380/675/1504
f 6319/428/1494 6295/648/1486 6380/675/1504
f 6380/675/1504 6295/648/1486 6381/674/1503
f 6295/648/1486 6297/650/1487 6381/674/1503
f 6381/674/1503 6297/650/1487 6382/673/1505
f 6297/650/1487 6299/652/1488 6382/673/1505
f 6382/673/1505 6299/652/1488 6383/672/1506
f 6299/652/1488 6301/654/1489 6383/672/1506
f 6383/672/1506 6301/654/1489 6384/671/42
f 6301/654/1489 6303/656/42 6384/671/42
s 0
f 6384/671/42 6303/656/42 6385/670/42
f 6303/656/42 6310/661/42 6385/670/42
f 6385/670/42 6310/661/42 6386/669/42
f 6310/661/42 6305/658/42 6386/669/42
f 6386/669/42 6305/658/42 6387/668/42
f 6305/658/42 6304/657/42 6387/668/42
f 6387/668/42 6304/657/42 6388/27/42
f 6388/27/42 6304/657/42 6389/467/42
f 6390/29/42 6389/467/42 6391/439/42
f 6389/467/42 6304/657/42 6391/439/42
f 6304/657/42 6306/659/42 6391/439/42
f 6306/659/42 6307/660/42 6391/439/42
f 6391/439/42 6307/660/42 6392/440/42
f 6393/30/42 6394/441/42 6395/681/42
f 6394/441/42 6392/440/42 6395/681/42
f 6395/681/42 6392/440/42 6396/682/42
f 6392/440/42 6307/660/42 6396/682/42
f 6396/682/42 6307/660/42 6397/683/42
f 6307/660/42 6308/438/42 6397/683/42
f 6397/683/42 6308/438/42 6398/684/42
f 6308/438/42 6312/437/42 6398/684/42
s 1
f 6398/684/42 6312/437/42 6399/685/1507
f 6312/437/42 6313/662/1490 6399/685/1507
f 6399/685/1507 6313/662/1490 6400/686/1508
f 6313/662/1490 6314/663/1491 6400/686/1508
f 6400/686/1508 6314/663/1491 6401/687/1509
f 6314/663/1491 6315/664/1492 6401/687/1509
f 6401/687/1509 6315/664/1492 6402/688/1509
f 6315/664/1492 6316/665/1492 6402/688/1509
f 6402/688/1509 6316/665/1492 6403/689/1510
f 6316/665/1492 6317/423/1493 6403/689/1510
f 6403/689/1510 6317/423/1493 6404/690/1510
f 6317/423/1493 6405/422/1510 6404/690/1510
f 6404/690/1510 6405/422/1510 6406/691/1510
f 6405/422/1510 6407/420/1509 6406/691/1510
f 6406/691/1510 6407/420/1509 6408/692/1509
f 6407/420/1509 6409/421/1509 6408/692/1509
f 6408/692/1509 6409/421/1509 6410/693/1510
f 6409/421/1509 6324/424/1493 6410/693/1510
f 6410/693/1510 6324/424/1493 6411/31/1510
f 6324/424/1493 6325/667/1492 6411/31/1510
f 6325/667/1492 6326/424/1493 6411/31/1510
f 6411/31/1510 6326/424/1493 6412/693/1510
f 6326/424/1493 6413/421/1509 6412/693/1510
f 6412/693/1510 6413/421/1509 6414/692/1510
f 6413/421/1509 6415/420/1510 6414/692/1510
f 6414/692/1510 6415/420/1510 6416/691/1510
f 6415/420/1510 6417/422/1510 6416/691/1510
f 6416/691/1510 6417/422/1510 6418/690/1510
f 6417/422/1510 6340/423/1493 6418/690/1510
f 6418/690/1510 6340/423/1493 6419/689/1510
f 6340/423/1493 6341/665/1498 6419/689/1510
f 6419/689/1510 6341/665/1498 6420/688/1510
f 6341/665/1498 6342/664/1492 6420/688/1510
f 6420/688/1510 6342/664/1492 6421/687/1509
f 6342/664/1492 6343/663/1499 6421/687/1509
f 6421/687/1509 6343/663/1499 6422/686/1511
f 6343/663/1499 6344/662/1500 6422/686/1511
f 6422/686/1511 6344/662/1500 6423/685/1512
f 6344/662/1500 6345/437/42 6423/685/1512
f 6423/685/1512 6345/437/42 6424/684/42
s 0
f 6345/437/42 6351/438/42 6424/684/42
f 6424/684/42 6351/438/42 6425/683/42
f 6351/438/42 6350/660/42 6425/683/42
f 6425/683/42 6350/660/42 6426/682/42
f 6427/30/42 6428/681/42 6429/441/42
f 6429/441/42 6428/681/42 6430/440/42
f 6428/681/42 6426/682/42 6430/440/42
f 6426/682/42 6350/660/42 6430/440/42
f 6430/440/42 6350/660/42 6431/439/42
f 6350/660/42 6352/659/42 6431/439/42
f 6352/659/42 6353/657/42 6431/439/42
f 6432/29/42 6431/439/42 6433/467/42
f 6431/439/42 6353/657/42 6433/467/42
f 6353/657/42 6354/27/42 6433/467/42
f 6434/37/17 6435/453/17 6436/460/17
f 6436/460/17 6435/453/17 6437/459/17
f 6435/453/17 6438/455/17 6437/459/17
f 6437/459/17 6438/455/17 6439/458/17
f 6440/457/17 6439/458/17 6441/318/17
f 6439/458/17 6438/455/17 6441/318/17
f 6441/318/17 6438/455/17 6442/456/17
f 6442/456/17 6438/455/17 6443/454/17
f 6438/455/17 6435/453/17 6443/454/17
f 6443/454/17 6435/453/17 6444/452/17
f 6435/453/17 6434/37/17 6444/452/17
f 6444/452/17 6434/37/17 6445/451/17
f 6446/449/17 6445/451/17 6447/450/17
f 6445/451/17 6434/37/17 6447/450/17
f 6447/450/17 6434/37/17 6448/461/17
f 6434/37/17 6436/460/17 6448/461/17
f 6449/36/17 6448/461/17 6450/471/17
f 6448/461/17 6436/460/17 6450/471/17
f 6450/471/17 6436/460/17 6451/41/17
f 6436/460/17 6437/459/17 6451/41/17
f 6451/41/17 6437/459/17 6452/470/17
f 6437/459/17 6439/458/17 6452/470/17
f 6452/470/17 6439/458/17 6453/469/17
f 6439/458/17 6440/457/17 6453/469/17
f 6453/469/17 6440/457/17 6454/468/17
f 6455/27/17 6454/468/17 6456/467/17
f 6454/468/17 6440/457/17 6456/467/17
f 6456/467/17 6440/457/17 6457/29/17
f 6440/457/17 6441/318/17 6457/29/17
s 1
f 6458/29/1513 6459/29/1514 6460/441/1428
f 6460/441/1428 6459/29/1514 6461/441/1514
f 6459/29/1514 6457/29/17 6461/441/1514
f 6461/441/1514 6457/29/17 6462/441/17
s 0
f 6457/29/17 6441/318/17 6462/441/17
f 6441/318/17 6442/456/17 6462/441/17
f 6462/441/17 6442/456/17 6463/30/17
f 6463/30/17 6442/456/17 6464/466/17
f 6442/456/17 6443/454/17 6464/466/17
f 6464/466/17 6443/454/17 6465/465/17
f 6443/454/17 6444/452/17 6465/465/17
f 6465/465/17 6444/452/17 6466/464/17
f 6444/452/17 6445/451/17 6466/464/17
f 6466/464/17 6445/451/17 6467/40/17
f 6445/451/17 6446/449/17 6467/40/17
f 6467/40/17 6446/449/17 6468/463/17
f 6469/39/17 6468/463/17 6470/447/17
f 6468/463/17 6446/449/17 6470/447/17
s 1
f 6471/447/1380 6472/447/1379 6473/38/1380
f 6473/38/1380 6472/447/1379 6474/38/1379
f 6472/447/1379 6470/447/17 6474/38/1379
f 6474/38/1379 6470/447/17 6475/38/17
s 0
f 6470/447/17 6446/449/17 6475/38/17
f 6446/449/17 6447/450/17 6475/38/17
f 6475/38/17 6447/450/17 6476/462/17
f 6447/450/17 6448/461/17 6476/462/17
f 6448/461/17 6449/36/17 6476/462/17
s 1
f 6477/385/1515 6478/386/89 6479/694/1516
f 6478/386/89 6480/695/89 6479/694/1516
f 6479/694/1516 6480/695/89 6481/696/1516
f 6480/695/89 6482/697/89 6481/696/1516
f 6481/696/1516 6482/697/89 6483/698/1517
f 6482/697/89 6484/699/89 6483/698/1517
f 6483/698/1517 6484/699/89 6485/700/1517
f 6484/699/89 6486/701/89 6485/700/1517
f 6485/700/1517 6486/701/89 6487/702/1516
f 6486/701/89 6488/703/89 6487/702/1516
f 6487/702/1516 6488/703/89 6489/704/1517
f 6488/703/89 6490/705/89 6489/704/1517
f 6489/704/1517 6490/705/89 6491/706/1518
f 6490/705/89 6492/707/89 6491/706/1518
f 6491/706/1518 6492/707/89 6493/708/1519
f 6492/707/89 6494/709/89 6493/708/1519
f 6493/708/1519 6494/709/89 6495/445/89
s 0
f 6495/445/89 6494/709/89 6496/442/89
f 6497/444/89 6498/443/89 6499/710/89
f 6499/710/89 6498/443/89 6500/711/89
f 6501/712/89 6500/711/89 6502/713/89
f 6500/711/89 6498/443/89 6502/713/89
f 6502/713/89 6498/443/89 6503/714/89
f 6498/443/89 6496/442/89 6503/714/89
s 1
f 6503/714/89 6496/442/89 6504/715/1520
f 6496/442/89 6494/709/89 6504/715/1520
f 6504/715/1520 6494/709/89 6505/716/1521
f 6494/709/89 6492/707/89 6505/716/1521
f 6505/716/1521 6492/707/89 6506/717/1522
f 6492/707/89 6490/705/89 6506/717/1522
f 6506/717/1522 6490/705/89 6507/718/1522
f 6490/705/89 6488/703/89 6507/718/1522
f 6507/718/1522 6488/703/89 6508/719/1522
f 6488/703/89 6486/701/89 6508/719/1522
f 6508/719/1522 6486/701/89 6509/720/1522
f 6486/701/89 6484/699/89 6509/720/1522
f 6509/720/1522 6484/699/89 6510/721/1522
f 6484/699/89 6482/697/89 6510/721/1522
f 6510/721/1522 6482/697/89 6511/722/1522
f 6482/697/89 6480/695/89 6511/722/1522
f 6511/722/1522 6480/695/89 6512/723/1522
f 6480/695/89 6478/386/89 6512/723/1522
f 6512/723/1522 6478/386/89 6513/724/1522
f 6514/707/89 6515/709/89 6516/716/1523
f 6516/716/1523 6515/709/89 6517/715/1524
s 0
f 6518/712/89 6519/713/89 6520/711/89
f 6521/444/89 6522/710/89 6523/443/89
f 6522/710/89 6520/711/89 6523/443/89
f 6520/711/89 6519/713/89 6523/443/89
f 6519/713/89 6524/714/89 6523/443/89
f 6523/443/89 6524/714/89 6525/442/89
s 1
f 6524/714/89 6517/715/1524 6525/442/89
f 6517/715/1524 6515/709/89 6525/442/89
s 0
f 6525/442/89 6515/709/89 6526/445/89
s 1
f 6526/445/89 6515/709/89 6527/708/1525
f 6515/709/89 6514/707/89 6527/708/1525
f 6527/708/1525 6514/707/89 6528/706/1526
f 6514/707/89 6529/705/89 6528/706/1526
f 6528/706/1526 6529/705/89 6530/704/1517
f 6529/705/89 6531/703/89 6530/704/1517
f 6530/704/1517 6531/703/89 6532/702/1516
f 6531/703/89 6533/701/89 6532/702/1516
f 6532/702/1516 6533/701/89 6534/700/1527
f 6533/701/89 6535/699/89 6534/700/1527
f 6534/700/1527 6535/699/89 6536/698/1517
f 6535/699/89 6537/697/89 6536/698/1517
f 6536/698/1517 6537/697/89 6538/696/1517
f 6539/694/1516 6538/696/1517 6540/695/89
f 6538/696/1517 6537/697/89 6540/695/89
f 6541/723/1522 6540/695/89 6542/722/1522
f 6540/695/89 6537/697/89 6542/722/1522
f 6542/722/1522 6537/697/89 6543/721/1522
f 6537/697/89 6535/699/89 6543/721/1522
f 6543/721/1522 6535/699/89 6544/720/1528
f 6535/699/89 6533/701/89 6544/720/1528
f 6544/720/1528 6533/701/89 6545/719/1522
f 6533/701/89 6531/703/89 6545/719/1522
f 6545/719/1522 6531/703/89 6546/718/1522
f 6531/703/89 6529/705/89 6546/718/1522
f 6546/718/1522 6529/705/89 6547/717/1522
f 6529/705/89 6514/707/89 6547/717/1522
f 6514/707/89 6516/716/1523 6547/717/1522
f 6547/717/1522 6516/716/1523 6548/725/1529
f 6548/725/1529 6516/716/1523 6549/726/1530
f 6516/716/1523 6517/715/1524 6549/726/1530
f 6549/726/1530 6517/715/1524 6550/727/1531
f 6517/715/1524 6524/714/89 6550/727/1531
f 6550/727/1531 6524/714/89 6551/728/89
s 0
f 6524/714/89 6519/713/89 6551/728/89
f 6551/728/89 6519/713/89 6552/729/89
f 6519/713/89 6518/712/89 6552/729/89
f 6552/729/89 6518/712/89 6553/730/89
f 6518/712/89 6554/731/89 6553/730/89
f 6553/730/89 6554/731/89 6555/732/89
f 6556/36/89 6555/732/89 6557/462/89
f 6555/732/89 6554/731/89 6557/462/89
f 6557/462/89 6554/731/89 6558/38/89
f 6558/38/89 6554/731/89 6559/446/89
f 6554/731/89 6518/712/89 6559/446/89
f 6518/712/89 6520/711/89 6559/446/89
f 6559/446/89 6520/711/89 6560/448/89
f 6520/711/89 6522/710/89 6560/448/89
f 6561/447/89 6560/448/89 6562/39/89
f 6562/39/89 6560/448/89 6563/733/89
f 6560/448/89 6522/710/89 6563/733/89
f 6563/733/89 6522/710/89 6564/734/89
f 6522/710/89 6521/444/89 6564/734/89
f 6564/734/89 6521/444/89 6565/735/89
f 6521/444/89 6526/445/89 6565/735/89
f 6565/735/89 6526/445/89 6566/736/89
s 1
f 6526/445/89 6527/708/1525 6566/736/89
f 6566/736/89 6527/708/1525 6567/737/1532
f 6527/708/1525 6528/706/1526 6567/737/1532
f 6567/737/1532 6528/706/1526 6568/738/1533
f 6528/706/1526 6530/704/1517 6568/738/1533
f 6568/738/1533 6530/704/1517 6569/739/1534
f 6530/704/1517 6532/702/1516 6569/739/1534
f 6569/739/1534 6532/702/1516 6570/740/1534
f 6532/702/1516 6534/700/1527 6570/740/1534
f 6570/740/1534 6534/700/1527 6571/741/1535
f 6534/700/1527 6536/698/1517 6571/741/1535
f 6571/741/1535 6536/698/1517 6572/742/1535
f 6536/698/1517 6538/696/1517 6572/742/1535
f 6572/742/1535 6538/696/1517 6573/743/1534
f 6538/696/1517 6539/694/1516 6573/743/1534
f 6573/743/1534 6539/694/1516 6574/744/1535
f 6575/354/1534 6576/745/1534 6577/388/1534
f 6577/388/1534 6576/745/1534 6578/385/1516
f 6576/745/1534 6574/744/1535 6578/385/1516
f 6574/744/1535 6539/694/1516 6578/385/1516
f 6579/385/89 6578/385/1516 6580/386/89
f 6580/386/89 6578/385/1516 6581/386/89
f 6578/385/1516 6539/694/1516 6581/386/89
f 6539/694/1516 6540/695/89 6581/386/89
f 6540/695/89 6541/723/1522 6581/386/89
f 6541/723/1522 6513/724/1522 6581/386/89
f 6581/386/89 6513/724/1522 6582/387/89
f 6513/724/1522 6478/386/89 6582/387/89
f 6478/386/89 6477/385/1515 6582/387/89
s 0
f 6583/387/89 6582/387/89 6584/388/89
s 1
f 6584/388/89 6582/387/89 6585/388/1536
f 6582/387/89 6477/385/1515 6585/388/1536
f 6586/354/1534 6585/388/1536 6587/745/1534
f 6585/388/1536 6477/385/1515 6587/745/1534
f 6587/745/1534 6477/385/1515 6588/744/1535
f 6477/385/1515 6479/694/1516 6588/744/1535
f 6588/744/1535 6479/694/1516 6589/743/1534
f 6479/694/1516 6481/696/1516 6589/743/1534
f 6589/743/1534 6481/696/1516 6590/742/1534
f 6481/696/1516 6483/698/1517 6590/742/1534
f 6590/742/1534 6483/698/1517 6591/741/1535
f 6483/698/1517 6485/700/1517 6591/741/1535
f 6591/741/1535 6485/700/1517 6592/740/1534
f 6485/700/1517 6487/702/1516 6592/740/1534
f 6592/740/1534 6487/702/1516 6593/739/1535
f 6487/702/1516 6489/704/1517 6593/739/1535
f 6593/739/1535 6489/704/1517 6594/738/1537
f 6489/704/1517 6491/706/1518 6594/738/1537
f 6594/738/1537 6491/706/1518 6595/737/1538
f 6491/706/1518 6493/708/1519 6595/737/1538
f 6595/737/1538 6493/708/1519 6596/736/89
f 6493/708/1519 6495/445/89 6596/736/89
s 0
f 6596/736/89 6495/445/89 6597/735/89
f 6495/445/89 6497/444/89 6597/735/89
f 6597/735/89 6497/444/89 6598/734/89
f 6497/444/89 6499/710/89 6598/734/89
f 6598/734/89 6499/710/89 6599/733/89
f 6600/447/89 6601/39/89 6602/448/89
f 6601/39/89 6599/733/89 6602/448/89
f 6599/733/89 6499/710/89 6602/448/89
f 6499/710/89 6500/711/89 6602/448/89
f 6602/448/89 6500/711/89 6603/446/89
f 6500/711/89 6501/712/89 6603/446/89
f 6501/712/89 6604/731/89 6603/446/89
f 6603/446/89 6604/731/89 6605/38/89
f 6605/38/89 6604/731/89 6606/462/89
f 6607/36/89 6606/462/89 6608/732/89
f 6606/462/89 6604/731/89 6608/732/89
f 6608/732/89 6604/731/89 6609/730/89
f 6604/731/89 6501/712/89 6609/730/89
f 6609/730/89 6501/712/89 6610/729/89
f 6501/712/89 6502/713/89 6610/729/89
f 6610/729/89 6502/713/89 6611/728/89
f 6502/713/89 6503/714/89 6611/728/89
s 1
f 6611/728/89 6503/714/89 6612/727/1539
f 6503/714/89 6504/715/1520 6612/727/1539
f 6612/727/1539 6504/715/1520 6613/726/1540
f 6504/715/1520 6505/716/1521 6613/726/1540
f 6613/726/1540 6505/716/1521 6614/725/1529
f 6505/716/1521 6506/717/1522 6614/725/1529
f 6614/725/1529 6506/717/1522 6615/746/1541
f 6506/717/1522 6507/718/1522 6615/746/1541
f 6615/746/1541 6507/718/1522 6616/747/1541
f 6507/718/1522 6508/719/1522 6616/747/1541
f 6616/747/1541 6508/719/1522 6617/748/1541
f 6508/719/1522 6509/720/1522 6617/748/1541
f 6617/748/1541 6509/720/1522 6618/749/1529
f 6509/720/1522 6510/721/1522 6618/749/1529
f 6618/749/1529 6510/721/1522 6619/750/1529
f 6510/721/1522 6511/722/1522 6619/750/1529
f 6619/750/1529 6511/722/1522 6620/751/1541
f 6511/722/1522 6512/723/1522 6620/751/1541
f 6620/751/1541 6512/723/1522 6621/418/1529
f 6512/723/1522 6513/724/1522 6621/418/1529
f 6513/724/1522 6541/723/1522 6621/418/1529
f 6621/418/1529 6541/723/1522 6622/751/1529
f 6541/723/1522 6542/722/1522 6622/751/1529
f 6622/751/1529 6542/722/1522 6623/750/1541
f 6542/722/1522 6543/721/1522 6623/750/1541
f 6623/750/1541 6543/721/1522 6624/749/1541
f 6543/721/1522 6544/720/1528 6624/749/1541
f 6624/749/1541 6544/720/1528 6625/748/1541
f 6544/720/1528 6545/719/1522 6625/748/1541
f 6625/748/1541 6545/719/1522 6626/747/1529
f 6545/719/1522 6546/718/1522 6626/747/1529
f 6626/747/1529 6546/718/1522 6627/746/1541
f 6546/718/1522 6547/717/1522 6627/746/1541
f 6547/717/1522 6548/725/1529 6627/746/1541
s 0
f 6628/27/35 6629/27/35 6630/399/35
f 6629/27/35 6631/399/35 6630/399/35
f 6632/400/34 6633/400/34 6634/30/34
f 6633/400/34 6635/30/34 6634/30/34
s 1
f 6636/399/1414 6637/399/42 6638/401/1414
f 6637/399/42 6639/401/42 6638/401/1414
f 6638/401/1414 6639/401/42 6640/400/1414
f 6639/401/42 6641/400/42 6640/400/1414
s 0
f 6642/402/35 6643/402/35 6644/22/35
f 6643/402/35 6645/22/35 6644/22/35
f 6646/22/42 6647/22/42 6648/22/42
f 6648/22/42 6647/22/42 6649/22/42
f 6647/22/42 6650/22/42 6649/22/42
f 6649/22/42 6650/22/42 6651/22/42
f 6650/22/42 6652/22/42 6651/22/42
f 6651/22/42 6652/22/42 6653/22/42
f 6653/22/42 6652/22/42 6654/23/42
f 6655/24/42 6656/24/42 6657/23/42
f 6656/24/42 6654/23/42 6657/23/42
f 6654/23/42 6652/22/42 6657/23/42
s 1
f 6658/402/104 6659/402/104 6660/22/104
f 6659/402/104 6661/22/1394 6660/22/104
s 0
f 6662/403/89 6663/403/89 6664/404/89
f 6663/403/89 6665/404/89 6664/404/89
f 6664/404/89 6665/404/89 6666/402/89
f 6667/402/89 6668/402/89 6669/402/89
f 6669/402/89 6668/402/89 6670/402/89
f 6668/402/89 6671/402/89 6670/402/89
f 6670/402/89 6671/402/89 6672/402/89
f 6671/402/89 6666/402/89 6672/402/89
f 6672/402/89 6666/402/89 6673/402/89
f 6666/402/89 6665/404/89 6673/402/89
f 6674/407/34 6675/26/34 6676/406/34
f 6677/18/34 6678/405/34 6679/19/34
f 6678/405/34 6676/406/34 6679/19/34
f 6676/406/34 6675/26/34 6679/19/34
f 6680/409/17 6681/12/17 6682/408/17
f 6683/26/17 6684/407/17 6685/43/17
f 6684/407/17 6682/408/17 6685/43/17
f 6682/408/17 6681/12/17 6685/43/17
f 6686/411/35 6687/9/35 6688/410/35
f 6689/12/35 6690/409/35 6691/11/35
f 6690/409/35 6688/410/35 6691/11/35
f 6688/410/35 6687/9/35 6691/11/35
f 6692/16/35 6693/414/35 6694/15/35
f 6695/412/35 6696/14/35 6697/413/35
f 6696/14/35 6694/15/35 6697/413/35
f 6694/15/35 6693/414/35 6697/413/35
f 6698/24/34 6699/403/34 6700/23/34
f 6699/403/34 6701/404/34 6700/23/34
f 6700/23/34 6701/404/34 6702/22/34
f 6703/22/34 6704/22/34 6705/402/34
f 6705/402/34 6704/22/34 6706/402/34
f 6704/22/34 6707/22/34 6706/402/34
f 6706/402/34 6707/22/34 6708/402/34
f 6707/22/34 6702/22/34 6708/402/34
f 6708/402/34 6702/22/34 6709/402/34
f 6702/22/34 6701/404/34 6709/402/34
s 1
f 6710/27/1513 6711/28/89 6712/35/89
s 0
f 6713/34/89 6712/35/89 6714/33/89
f 6712/35/89 6711/28/89 6714/33/89
f 6714/33/89 6711/28/89 6715/32/89
f 6715/32/89 6711/28/89 6716/31/89
s 1
f 6717/30/89 6718/30/89 6719/29/1392
f 6719/29/1392 6718/30/89 6720/29/1428
f 6718/30/89 6716/31/89 6720/29/1428
f 6716/31/89 6711/28/89 6720/29/1428
f 6711/28/89 6710/27/1513 6720/29/1428
s 0
f 6721/417/8 6722/36/8 6723/416/8
f 6724/39/8 6725/415/8 6726/38/8
f 6725/415/8 6723/416/8 6726/38/8
f 6723/416/8 6722/36/8 6726/38/8
f 6727/14/42 6728/387/42 6729/418/42
f 6730/36/42 6729/418/42 6731/38/42
f 6729/418/42 6728/387/42 6731/38/42
f 6731/38/42 6728/387/42 6732/39/42
f 6732/39/42 6728/387/42 6733/354/42
f 6734/24/42 6733/354/42 6735/44/42
f 6733/354/42 6728/387/42 6735/44/42
f 6728/387/42 6727/14/42 6735/44/42
f 6736/14/17 6737/412/17 6738/44/17
f 6739/24/17 6740/24/17 6741/403/17
f 6741/403/17 6740/24/17 6742/403/17
f 6742/403/17 6740/24/17 6743/419/17
f 6740/24/17 6738/44/17 6743/419/17
f 6738/44/17 6737/412/17 6743/419/17
f 6744/407/34 6745/26/34 6746/406/34
f 6747/18/34 6748/405/34 6749/19/34
f 6748/405/34 6746/406/34 6749/19/34
f 6746/406/34 6745/26/34 6749/19/34
f 6750/411/35 6751/9/35 6752/410/35
f 6753/12/35 6754/409/35 6755/11/35
f 6754/409/35 6752/410/35 6755/11/35
f 6752/410/35 6751/9/35 6755/11/35
f 6756/27/8 6757/399/8 6758/29/8
f 6757/399/8 6759/401/8 6758/29/8
f 6758/29/8 6759/401/8 6760/30/8
f 6759/401/8 6761/400/8 6760/30/8
f 6762/16/35 6763/414/35 6764/15/35
f 6765/412/35 6766/14/35 6767/413/35
f 6766/14/35 6764/15/35 6767/413/35
f 6764/15/35 6763/414/35 6767/413/35
f 6768/27/89 6769/28/89 6770/35/89
f 6771/34/89 6770/35/89 6772/33/89
f 6770/35/89 6769/28/89 6772/33/89
f 6772/33/89 6769/28/89 6773/32/89
f 6773/32/89 6769/28/89 6774/31/89
f 6775/30/89 6774/31/89 6776/29/89
f 6774/31/89 6769/28/89 6776/29/89
f 6769/28/89 6768/27/89 6776/29/89
s 1
f 6777/417/8 6778/36/8 6779/416/104
f 6780/39/1394 6781/415/104 6782/38/104
f 6781/415/104 6779/416/104 6782/38/104
f 6779/416/104 6778/36/8 6782/38/104
s 0
f 6783/14/42 6784/387/42 6785/418/42
f 6786/36/42 6785/418/42 6787/38/42
f 6785/418/42 6784/387/42 6787/38/42
f 6787/38/42 6784/387/42 6788/39/42
f 6788/39/42 6784/387/42 6789/354/42
f 6790/24/42 6789/354/42 6791/44/42
f 6789/354/42 6784/387/42 6791/44/42
f 6784/387/42 6783/14/42 6791/44/42
f 6792/14/17 6793/412/17 6794/44/17
f 6795/403/17 6796/24/17 6797/419/17
f 6796/24/17 6794/44/17 6797/419/17
f 6794/44/17 6793/412/17 6797/419/17
f 6798/27/35 6799/27/35 6800/399/35
f 6799/27/35 6801/399/35 6800/399/35
f 6802/400/34 6803/400/34 6804/30/34
f 6803/400/34 6805/30/34 6804/30/34
s 1
f 6806/399/1542 6807/399/89 6808/401/1542
f 6807/399/89 6809/401/89 6808/401/1542
f 6808/401/1542 6809/401/89 6810/400/1542
f 6809/401/89 6811/400/89 6810/400/1542
s 0
f 6812/402/35 6813/402/35 6814/22/35
f 6813/402/35 6815/22/35 6814/22/35
f 6816/22/89 6817/22/89 6818/22/89
f 6818/22/89 6817/22/89 6819/22/89
f 6817/22/89 6820/22/89 6819/22/89
f 6819/22/89 6820/22/89 6821/22/89
f 6820/22/89 6822/22/89 6821/22/89
f 6821/22/89 6822/22/89 6823/22/89
f 6823/22/89 6822/22/89 6824/23/89
f 6825/24/89 6826/24/89 6827/23/89
f 6826/24/89 6824/23/89 6827/23/89
f 6824/23/89 6822/22/89 6827/23/89
s 1
f 6828/402/102 6829/402/102 6830/22/102
f 6829/402/102 6831/22/1348 6830/22/102
s 0
f 6832/403/42 6833/403/42 6834/404/42
f 6833/403/42 6835/404/42 6834/404/42
f 6834/404/42 6835/404/42 6836/402/42
f 6837/402/42 6838/402/42 6839/402/42
f 6839/402/42 6838/402/42 6840/402/42
f 6838/402/42 6841/402/42 6840/402/42
f 6840/402/42 6841/402/42 6842/402/42
f 6841/402/42 6836/402/42 6842/402/42
f 6842/402/42 6836/402/42 6843/402/42
f 6836/402/42 6835/404/42 6843/402/42
f 6844/407/34 6845/26/34 6846/406/34
f 6847/18/34 6848/405/34 6849/19/34
f 6848/405/34 6846/406/34 6849/19/34
f 6846/406/34 6845/26/34 6849/19/34
f 6850/409/8 6851/12/8 6852/408/8
f 6853/26/8 6854/407/8 6855/43/8
f 6854/407/8 6852/408/8 6855/43/8
f 6852/408/8 6851/12/8 6855/43/8
f 6856/411/35 6857/9/35 6858/410/35
f 6859/12/35 6860/409/35 6861/11/35
f 6860/409/35 6858/410/35 6861/11/35
f 6858/410/35 6857/9/35 6861/11/35
f 6862/16/35 6863/414/35 6864/15/35
f 6865/412/35 6866/14/35 6867/413/35
f 6866/14/35 6864/15/35 6867/413/35
f 6864/15/35 6863/414/35 6867/413/35
f 6868/24/34 6869/403/34 6870/23/34
f 6869/403/34 6871/404/34 6870/23/34
f 6870/23/34 6871/404/34 6872/22/34
f 6873/22/34 6874/22/34 6875/402/34
f 6875/402/34 6874/22/34 6876/402/34
f 6874/22/34 6877/22/34 6876/402/34
f 6876/402/34 6877/22/34 6878/402/34
f 6877/22/34 6872/22/34 6878/402/34
f 6878/402/34 6872/22/34 6879/402/34
f 6872/22/34 6871/404/34 6879/402/34
f 6880/27/42 6881/28/42 6882/35/42
f 6883/34/42 6882/35/42 6884/33/42
f 6882/35/42 6881/28/42 6884/33/42
f 6884/33/42 6881/28/42 6885/32/42
f 6885/32/42 6881/28/42 6886/31/42
f 6887/30/42 6888/30/42 6889/29/42
f 6889/29/42 6888/30/42 6890/29/42
f 6888/30/42 6886/31/42 6890/29/42
f 6886/31/42 6881/28/42 6890/29/42
f 6881/28/42 6880/27/42 6890/29/42
f 6891/417/17 6892/36/17 6893/416/17
f 6894/39/17 6895/415/17 6896/38/17
f 6895/415/17 6893/416/17 6896/38/17
f 6893/416/17 6892/36/17 6896/38/17
f 6897/14/89 6898/387/89 6899/418/89
f 6900/36/89 6899/418/89 6901/38/89
f 6899/418/89 6898/387/89 6901/38/89
f 6901/38/89 6898/387/89 6902/39/89
f 6902/39/89 6898/387/89 6903/354/89
f 6904/24/89 6903/354/89 6905/44/89
f 6903/354/89 6898/387/89 6905/44/89
f 6898/387/89 6897/14/89 6905/44/89
f 6906/14/8 6907/412/8 6908/44/8
f 6909/24/8 6910/24/8 6911/403/8
f 6911/403/8 6910/24/8 6912/403/8
f 6912/403/8 6910/24/8 6913/419/8
f 6910/24/8 6908/44/8 6913/419/8
f 6908/44/8 6907/412/8 6913/419/8
f 6914/407/34 6915/26/34 6916/406/34
f 6917/18/34 6918/405/34 6919/19/34
f 6918/405/34 6916/406/34 6919/19/34
f 6916/406/34 6915/26/34 6919/19/34
f 6920/411/35 6921/9/35 6922/410/35
f 6923/12/35 6924/409/35 6925/11/35
f 6924/409/35 6922/410/35 6925/11/35
f 6922/410/35 6921/9/35 6925/11/35
f 6926/27/17 6927/399/17 6928/29/17
f 6927/399/17 6929/401/17 6928/29/17
f 6928/29/17 6929/401/17 6930/30/17
f 6929/401/17 6931/400/17 6930/30/17
f 6932/16/35 6933/414/35 6934/15/35
f 6935/412/35 6936/14/35 6937/413/35
f 6936/14/35 6934/15/35 6937/413/35
f 6934/15/35 6933/414/35 6937/413/35
f 6938/27/42 6939/28/42 6940/35/42
f 6941/34/42 6940/35/42 6942/33/42
f 6940/35/42 6939/28/42 6942/33/42
f 6942/33/42 6939/28/42 6943/32/42
f 6943/32/42 6939/28/42 6944/31/42
f 6945/30/42 6944/31/42 6946/29/42
f 6944/31/42 6939/28/42 6946/29/42
f 6939/28/42 6938/27/42 6946/29/42
s 1
f 6947/417/17 6948/36/17 6949/416/102
f 6950/39/1348 6951/415/102 6952/38/102
f 6951/415/102 6949/416/102 6952/38/102
f 6949/416/102 6948/36/17 6952/38/102
s 0
f 6953/14/89 6954/387/89 6955/418/89
f 6956/36/89 6955/418/89 6957/38/89
f 6955/418/89 6954/387/89 6957/38/89
f 6957/38/89 6954/387/89 6958/39/89
f 6958/39/89 6954/387/89 6959/354/89
f 6960/24/89 6959/354/89 6961/44/89
f 6959/354/89 6954/387/89 6961/44/89
f 6954/387/89 6953/14/89 6961/44/89
f 6962/14/8 6963/412/8 6964/44/8
f 6965/403/8 6966/24/8 6967/419/8
f 6966/24/8 6964/44/8 6967/419/8
f 6964/44/8 6963/412/8 6967/419/8
f 6968/27/35 6969/27/35 6970/399/35
f 6969/27/35 6971/399/35 6970/399/35
f 6972/400/34 6973/400/34 6974/30/34
f 6973/400/34 6975/30/34 6974/30/34
s 1
f 6976/399/1542 6977/399/89 6978/401/1542
f 6977/399/89 6979/401/89 6978/401/1542
f 6978/401/1542 6979/401/89 6980/400/1542
f 6979/401/89 6981/400/89 6980/400/1542
s 0
f 6982/402/35 6983/402/35 6984/22/35
f 6983/402/35 6985/22/35 6984/22/35
f 6986/22/89 6987/22/89 6988/22/89
f 6988/22/89 6987/22/89 6989/22/89
f 6987/22/89 6990/22/89 6989/22/89
f 6989/22/89 6990/22/89 6991/22/89
f 6990/22/89 6992/22/89 6991/22/89
f 6991/22/89 6992/22/89 6993/22/89
f 6993/22/89 6992/22/89 6994/23/89
f 6995/24/89 6996/24/89 6997/23/89
f 6996/24/89 6994/23/89 6997/23/89
f 6994/23/89 6992/22/89 6997/23/89
s 1
f 6998/402/102 6999/402/102 7000/22/102
f 6999/402/102 7001/22/1348 7000/22/102
s 0
f 7002/403/42 7003/403/42 7004/404/42
f 7003/403/42 7005/404/42 7004/404/42
f 7004/404/42 7005/404/42 7006/402/42
f 7007/402/42 7008/402/42 7009/402/42
f 7009/402/42 7008/402/42 7010/402/42
f 7008/402/42 7011/402/42 7010/402/42
f 7010/402/42 7011/402/42 7012/402/42
f 7011/402/42 7006/402/42 7012/402/42
f 7012/402/42 7006/402/42 7013/402/42
f 7006/402/42 7005/404/42 7013/402/42
f 7014/407/34 7015/26/34 7016/406/34
f 7017/18/34 7018/405/34 7019/19/34
f 7018/405/34 7016/406/34 7019/19/34
f 7016/406/34 7015/26/34 7019/19/34
f 7020/409/8 7021/12/8 7022/408/8
f 7023/26/8 7024/407/8 7025/43/8
f 7024/407/8 7022/408/8 7025/43/8
f 7022/408/8 7021/12/8 7025/43/8
f 7026/411/35 7027/9/35 7028/410/35
f 7029/12/35 7030/409/35 7031/11/35
f 7030/409/35 7028/410/35 7031/11/35
f 7028/410/35 7027/9/35 7031/11/35
f 7032/16/35 7033/414/35 7034/15/35
f 7035/412/35 7036/14/35 7037/413/35
f 7036/14/35 7034/15/35 7037/413/35
f 7034/15/35 7033/414/35 7037/413/35
f 7038/24/34 7039/403/34 7040/23/34
f 7039/403/34 7041/404/34 7040/23/34
f 7040/23/34 7041/404/34 7042/22/34
f 7043/22/34 7044/22/34 7045/402/34
f 7045/402/34 7044/22/34 7046/402/34
f 7044/22/34 7047/22/34 7046/402/34
f 7046/402/34 7047/22/34 7048/402/34
f 7047/22/34 7042/22/34 7048/402/34
f 7048/402/34 7042/22/34 7049/402/34
f 7042/22/34 7041/404/34 7049/402/34
s 1
f 7050/27/1433 7051/28/42 7052/35/42
s 0
f 7053/34/42 7052/35/42 7054/33/42
f 7052/35/42 7051/28/42 7054/33/42
f 7054/33/42 7051/28/42 7055/32/42
f 7055/32/42 7051/28/42 7056/31/42
s 1
f 7057/30/42 7058/30/42 7059/29/1396
f 7059/29/1396 7058/30/42 7060/29/1543
f 7058/30/42 7056/31/42 7060/29/1543
f 7056/31/42 7051/28/42 7060/29/1543
f 7051/28/42 7050/27/1433 7060/29/1543
s 0
f 7061/417/17 7062/36/17 7063/416/17
f 7064/39/17 7065/415/17 7066/38/17
f 7065/415/17 7063/416/17 7066/38/17
f 7063/416/17 7062/36/17 7066/38/17
f 7067/14/89 7068/387/89 7069/418/89
f 7070/36/89 7069/418/89 7071/38/89
f 7069/418/89 7068/387/89 7071/38/89
f 7071/38/89 7068/387/89 7072/39/89
f 7072/39/89 7068/387/89 7073/354/89
f 7074/24/89 7073/354/89 7075/44/89
f 7073/354/89 7068/387/89 7075/44/89
f 7068/387/89 7067/14/89 7075/44/89
f 7076/14/8 7077/412/8 7078/44/8
f 7079/24/8 7080/24/8 7081/403/8
f 7081/403/8 7080/24/8 7082/403/8
f 7082/403/8 7080/24/8 7083/419/8
f 7080/24/8 7078/44/8 7083/419/8
f 7078/44/8 7077/412/8 7083/419/8
f 7084/407/34 7085/26/34 7086/406/34
f 7087/18/34 7088/405/34 7089/19/34
f 7088/405/34 7086/406/34 7089/19/34
f 7086/406/34 7085/26/34 7089/19/34
f 7090/411/35 7091/9/35 7092/410/35
f 7093/12/35 7094/409/35 7095/11/35
f 7094/409/35 7092/410/35 7095/11/35
f 7092/410/35 7091/9/35 7095/11/35
f 7096/27/17 7097/399/17 7098/29/17
f 7097/399/17 7099/401/17 7098/29/17
f 7098/29/17 7099/401/17 7100/30/17
f 7099/401/17 7101/400/17 7100/30/17
f 7102/16/35 7103/414/35 7104/15/35
f 7105/412/35 7106/14/35 7107/413/35
f 7106/14/35 7104/15/35 7107/413/35
f 7104/15/35 7103/414/35 7107/413/35
f 7108/27/42 7109/28/42 7110/35/42
f 7111/34/42 7110/35/42 7112/33/42
f 7110/35/42 7109/28/42 7112/33/42
f 7112/33/42 7109/28/42 7113/32/42
f 7113/32/42 7109/28/42 7114/31/42
f 7115/30/42 7114/31/42 7116/29/42
f 7114/31/42 7109/28/42 7116/29/42
f 7109/28/42 7108/27/42 7116/29/42
s 1
f 7117/417/17 7118/36/17 7119/416/102
f 7120/39/1348 7121/415/102 7122/38/102
f 7121/415/102 7119/416/102 7122/38/102
f 7119/416/102 7118/36/17 7122/38/102
s 0
f 7123/14/89 7124/387/89 7125/418/89
f 7126/36/89 7125/418/89 7127/38/89
f 7125/418/89 7124/387/89 7127/38/89
f 7127/38/89 7124/387/89 7128/39/89
f 7128/39/89 7124/387/89 7129/354/89
f 7130/24/89 7129/354/89 7131/44/89
f 7129/354/89 7124/387/89 7131/44/89
f 7124/387/89 7123/14/89 7131/44/89
f 7132/14/8 7133/412/8 7134/44/8
f 7135/403/8 7136/24/8 7137/419/8
f 7136/24/8 7134/44/8 7137/419/8
f 7134/44/8 7133/412/8 7137/419/8
s 1
f 5368/391/1337 5370/391/35 5366/389/1412
f 4249/389/1346 4250/391/35 4247/389/1344
usemtl ISSDarkMetal
f 7138/752/1544 7139/752/1545 7140/753/1544
f 7140/753/1544 7139/752/1545 7141/753/1546
f 7139/752/1545 7142/752/1547 7141/753/1546
f 7142/752/1547 7143/753/1548 7141/753/1546
f 7144/753/1549 7141/753/1546 7145/754/1549
f 7145/754/1549 7141/753/1546 7146/754/1550
f 7141/753/1546 7143/753/1548 7146/754/1550
f 7143/753/1548 7147/754/1551 7146/754/1550
f 7148/755/1552 7149/755/1553 7150/756/1552
f 7150/756/1552 7149/755/1553 7151/756/1554
f 7149/755/1553 7152/755/1555 7151/756/1554
f 7153/756/1556 7151/756/1554 7154/752/1556
f 7154/752/1556 7151/756/1554 7155/752/1557
f 7156/752/1558 7155/752/1557 7157/756/1559
f 7155/752/1557 7151/756/1554 7157/756/1559
f 7151/756/1554 7152/755/1555 7157/756/1559
f 7158/754/1560 7159/754/1561 7160/757/1560
f 7160/757/1560 7159/754/1561 7161/757/1562
f 7159/754/1561 7162/754/1563 7161/757/1562
f 7162/754/1563 7163/757/1564 7161/757/1562
f 7164/757/1565 7161/757/1562 7165/758/1566
f 7165/758/1566 7161/757/1562 7166/758/1567
f 7161/757/1562 7163/757/1564 7166/758/1567
f 7163/757/1564 7167/758/1568 7166/758/1567
f 7168/758/1569 7169/758/1570 7170/759/1569
f 7170/759/1569 7169/758/1570 7171/759/1571
f 7169/758/1570 7172/758/1572 7171/759/1571
f 7173/759/1366 7171/759/1571 7174/755/1366
f 7174/755/1366 7171/759/1571 7175/755/1573
f 7176/755/1574 7175/755/1573 7177/759/1575
f 7175/755/1573 7171/759/1571 7177/759/1575
f 7171/759/1571 7172/758/1572 7177/759/1575
s 0
f 7178/758/34 7179/760/34 7180/757/34
f 7181/754/34 7180/757/34 7182/753/34
f 7180/757/34 7179/760/34 7182/753/34
f 7182/753/34 7179/760/34 7183/752/34
f 7183/752/34 7179/760/34 7184/756/34
f 7185/755/34 7184/756/34 7186/759/34
f 7184/756/34 7179/760/34 7186/759/34
f 7179/760/34 7178/758/34 7186/759/34
s 1
f 7187/761/1576 7188/762/1576 7189/761/1577
f 7188/762/1576 7190/762/1577 7189/761/1577
f 7191/762/905 7192/761/905 7193/762/1578
f 7192/761/905 7194/761/1578 7193/762/1578
f 7195/761/1579 7196/761/905 7197/761/905
f 7196/761/905 7198/761/905 7197/761/905
f 7199/762/905 7200/762/1580 7201/762/905
f 7200/762/1580 7202/762/905 7201/762/905
f 7203/762/1581 7204/763/1582 7205/763/1583
f 7205/763/1583 7204/763/1582 7206/764/1584
f 7206/764/1584 7204/763/1582 7207/764/1585
f 7207/764/1585 7204/763/1582 7208/763/1586
f 7209/762/1587 7208/763/1586 7210/762/1588
f 7208/763/1586 7204/763/1582 7210/762/1588
f 7204/763/1582 7203/762/1581 7210/762/1588
f 7203/762/1581 7211/761/1589 7210/762/1588
f 7210/762/1588 7211/761/1589 7212/761/906
f 7211/761/1589 7213/765/1590 7212/761/906
f 7213/765/1590 7214/765/1591 7212/761/906
f 7212/761/906 7214/765/1591 7215/761/1592
f 7215/761/1592 7214/765/1591 7216/765/1593
f 7217/766/1594 7216/765/1593 7218/766/1595
f 7216/765/1593 7214/765/1591 7218/766/1595
f 7218/766/1595 7214/765/1591 7219/766/1596
f 7214/765/1591 7213/765/1590 7219/766/1596
f 7220/766/1597 7219/766/1596 7221/765/1598
f 7219/766/1596 7213/765/1590 7221/765/1598
f 7221/765/1598 7213/765/1590 7222/761/1599
f 7213/765/1590 7211/761/1589 7222/761/1599
f 7222/761/1599 7211/761/1589 7223/762/914
f 7211/761/1589 7203/762/1581 7223/762/914
f 7223/762/914 7203/762/1581 7224/763/1600
f 7203/762/1581 7205/763/1583 7224/763/1600
f 7224/763/1600 7205/763/1583 7225/764/919
f 7225/764/919 7205/763/1583 7226/764/1601
f 7205/763/1583 7206/764/1584 7226/764/1601
f 7227/761/1602 7228/761/1603 7229/761/1604
f 7228/761/1603 7230/761/1603 7229/761/1604
f 7231/762/1605 7232/762/1606 7233/761/1605
f 7232/762/1606 7234/761/1606 7233/761/1605
f 7235/761/1607 7236/761/8 7237/762/1607
f 7236/761/8 7238/762/8 7237/762/1607
f 7239/761/1608 7240/761/1608 7241/761/1608
f 7240/761/1608 7242/761/1609 7241/761/1608
f 7243/762/1608 7244/762/1610 7245/762/1608
f 7244/762/1610 7246/762/1608 7245/762/1608
f 7247/763/1611 7248/762/1612 7249/763/1613
f 7250/764/949 7251/764/1614 7252/763/1615
f 7251/764/1614 7249/763/1613 7252/763/1615
f 7252/763/1615 7249/763/1613 7253/762/1616
f 7249/763/1613 7248/762/1612 7253/762/1616
f 7253/762/1616 7248/762/1612 7254/761/943
f 7248/762/1612 7255/761/1617 7254/761/943
f 7254/761/943 7255/761/1617 7256/765/1618
f 7255/761/1617 7257/765/1619 7256/765/1618
f 7256/765/1618 7257/765/1619 7258/766/1620
f 7258/766/1620 7257/765/1619 7259/766/1621
f 7257/765/1619 7260/765/1622 7259/766/1621
f 7259/766/1621 7260/765/1622 7261/766/1623
f 7262/766/1624 7261/766/1623 7263/765/1625
f 7261/766/1623 7260/765/1622 7263/765/1625
f 7263/765/1625 7260/765/1622 7264/761/1626
f 7264/761/1626 7260/765/1622 7265/761/1609
f 7260/765/1622 7257/765/1619 7265/761/1609
f 7257/765/1619 7255/761/1617 7265/761/1609
f 7265/761/1609 7255/761/1617 7266/762/1610
f 7255/761/1617 7248/762/1612 7266/762/1610
f 7248/762/1612 7247/763/1611 7266/762/1610
f 7267/762/1627 7266/762/1610 7268/763/1628
f 7266/762/1610 7247/763/1611 7268/763/1628
f 7268/763/1628 7247/763/1611 7269/764/1629
f 7269/764/1629 7247/763/1611 7270/764/1630
f 7247/763/1611 7249/763/1613 7270/764/1630
f 7249/763/1613 7251/764/1614 7270/764/1630
f 7271/763/1631 7272/763/1632 7273/762/1633
f 7274/765/1634 7275/761/1635 7276/765/1636
f 7276/765/1636 7275/761/1635 7277/761/1637
f 7275/761/1635 7273/762/1633 7277/761/1637
f 7277/761/1637 7273/762/1633 7278/762/1638
f 7273/762/1633 7272/763/1632 7278/762/1638
f 7278/762/1638 7272/763/1632 7279/763/1639
f 7280/764/1640 7281/763/1641 7282/764/1642
f 7281/763/1641 7279/763/1639 7282/764/1642
f 7282/764/1642 7279/763/1639 7283/764/1643
f 7279/763/1639 7272/763/1632 7283/764/1643
f 7283/764/1643 7272/763/1632 7284/764/1644
f 7272/763/1632 7271/763/1631 7284/764/1644
f 7284/764/1644 7271/763/1631 7285/764/1645
f 7285/764/1645 7271/763/1631 7286/763/1646
f 7287/762/1647 7286/763/1646 7288/762/1648
f 7286/763/1646 7271/763/1631 7288/762/1648
f 7271/763/1631 7273/762/1633 7288/762/1648
f 7273/762/1633 7275/761/1635 7288/762/1648
f 7288/762/1648 7275/761/1635 7289/761/1649
f 7275/761/1635 7274/765/1634 7289/761/1649
f 7274/765/1634 7290/765/1650 7289/761/1649
f 7289/761/1649 7290/765/1650 7291/761/1651
f 7291/761/1651 7290/765/1650 7292/765/1652
f 7293/766/1653 7292/765/1652 7294/766/1654
f 7292/765/1652 7290/765/1650 7294/766/1654
f 7294/766/1654 7290/765/1650 7295/766/1655
f 7290/765/1650 7274/765/1634 7295/766/1655
f 7295/766/1655 7274/765/1634 7296/766/1656
f 7274/765/1634 7276/765/1636 7296/766/1656
f 7296/766/1656 7276/765/1636 7297/766/1657
f 7297/766/1657 7276/765/1636 7298/765/1658
f 7276/765/1636 7277/761/1637 7298/765/1658
f 7298/765/1658 7277/761/1637 7299/761/1659
f 7277/761/1637 7278/762/1638 7299/761/1659
f 7299/761/1659 7278/762/1638 7300/762/1660
f 7278/762/1638 7279/763/1639 7300/762/1660
f 7279/763/1639 7281/763/1641 7300/762/1660
f 7301/765/1661 7302/765/1662 7303/761/1663
f 7302/765/1662 7304/761/1664 7303/761/1663
f 7303/761/1663 7304/761/1664 7305/762/1665
f 7304/761/1664 7306/762/1666 7305/762/1665
f 7307/763/1667 7305/762/1665 7308/763/1668
f 7305/762/1665 7306/762/1666 7308/763/1668
f 7308/763/1668 7306/762/1666 7309/763/1669
f 7310/763/1670 7309/763/1669 7311/762/1671
f 7309/763/1669 7306/762/1666 7311/762/1671
f 7311/762/1671 7306/762/1666 7312/761/1672
f 7306/762/1666 7304/761/1664 7312/761/1672
f 7312/761/1672 7304/761/1664 7313/765/1673
f 7304/761/1664 7302/765/1662 7313/765/1673
f 7313/765/1673 7302/765/1662 7314/766/1674
f 7314/766/1674 7302/765/1662 7315/766/1675
f 7302/765/1662 7301/765/1661 7315/766/1675
f 7315/766/1675 7301/765/1661 7316/766/1676
f 7301/765/1661 7317/765/1677 7316/766/1676
f 7316/766/1676 7317/765/1677 7318/766/1678
f 7319/766/1679 7318/766/1678 7320/765/1680
f 7318/766/1678 7317/765/1677 7320/765/1680
f 7320/765/1680 7317/765/1677 7321/761/1681
f 7321/761/1681 7317/765/1677 7322/761/1682
f 7317/765/1677 7301/765/1661 7322/761/1682
f 7301/765/1661 7303/761/1663 7322/761/1682
f 7322/761/1682 7303/761/1663 7323/762/1683
f 7303/761/1663 7305/762/1665 7323/762/1683
f 7305/762/1665 7307/763/1667 7323/762/1683
f 7324/762/1684 7323/762/1683 7325/763/1685
f 7323/762/1683 7307/763/1667 7325/763/1685
f 7325/763/1685 7307/763/1667 7326/764/1686
f 7326/764/1686 7307/763/1667 7327/764/1687
f 7307/763/1667 7308/763/1668 7327/764/1687
f 7327/764/1687 7308/763/1668 7328/764/1688
f 7308/763/1668 7309/763/1669 7328/764/1688
f 7328/764/1688 7309/763/1669 7329/764/1689
f 7309/763/1669 7310/763/1670 7329/764/1689
f 7310/763/1670 7330/764/1690 7329/764/1689
s 0
f 7331/767/35 7332/768/35 7333/767/35
f 7334/767/35 7333/767/35 7335/768/35
f 7333/767/35 7332/768/35 7335/768/35
f 7336/767/35 7335/768/35 7337/767/35
f 7335/768/35 7332/768/35 7337/767/35
f 7337/767/35 7332/768/35 7338/767/35
f 7338/767/35 7332/768/35 7339/768/35
f 7332/768/35 7331/767/35 7339/768/35
f 7340/752/34 7341/753/34 7342/752/34
f 7341/753/34 7343/753/34 7342/752/34
f 7342/752/34 7343/753/34 7344/752/34
f 7344/752/34 7343/753/34 7345/753/34
f 7345/753/34 7343/753/34 7346/752/34
f 7346/752/34 7343/753/34 7347/752/34
f 7343/753/34 7341/753/34 7347/752/34
f 7341/753/34 7348/752/34 7347/752/34
f 7349/752/42 7350/753/42 7351/769/42
f 7350/753/42 7352/770/42 7351/769/42
f 7351/769/42 7352/770/42 7353/767/42
f 7353/767/42 7352/770/42 7354/768/42
f 7354/768/42 7352/770/42 7355/767/42
f 7355/767/42 7352/770/42 7356/769/42
f 7352/770/42 7350/753/42 7356/769/42
f 7350/753/42 7357/752/42 7356/769/42
s 1
usemtl ISSWhiteMetal
f 7358/771/1691 7359/772/1692 7360/771/1693
f 7361/772/1694 7362/771/1694 7363/772/1693
f 7362/771/1694 7360/771/1693 7363/772/1693
f 7360/771/1693 7359/772/1692 7363/772/1693
f 7364/773/1695 7365/774/1696 7366/773/1697
f 7367/774/1698 7368/773/1699 7369/774/1700
f 7368/773/1699 7366/773/1697 7369/774/1700
f 7366/773/1697 7365/774/1696 7369/774/1700
f 7370/775/1701 7371/774/1702 7372/775/1703
f 7371/774/1702 7369/774/1700 7372/775/1703
f 7373/771/1704 7374/775/1704 7375/771/1705
f 7374/775/1704 7372/775/1703 7375/771/1705
f 7375/771/1705 7372/775/1703 7376/771/1706
f 7376/771/1706 7372/775/1703 7377/775/1707
f 7372/775/1703 7369/774/1700 7377/775/1707
f 7369/774/1700 7365/774/1696 7377/775/1707
f 7378/776/1708 7379/773/1709 7380/776/1710
f 7381/773/1711 7382/776/1711 7383/773/1710
f 7382/776/1711 7380/776/1710 7383/773/1710
f 7380/776/1710 7379/773/1709 7383/773/1710
f 7384/772/1712 7385/772/1713 7386/771/1712
f 7386/771/1712 7385/772/1713 7387/771/1713
f 7385/772/1713 7388/772/1714 7387/771/1713
f 7388/772/1714 7389/771/1715 7387/771/1713
f 7390/771/1716 7391/771/1717 7392/775/1718
f 7392/775/1718 7391/771/1717 7393/775/1719
f 7391/771/1717 7394/771/1720 7393/775/1719
f 7394/771/1720 7395/775/1721 7393/775/1719
f 7396/775/1722 7393/775/1719 7397/774/1723
f 7397/774/1723 7393/775/1719 7398/774/1724
f 7393/775/1719 7395/775/1721 7398/774/1724
f 7395/775/1721 7399/774/1725 7398/774/1724
f 7400/774/1726 7398/774/1724 7401/773/1727
f 7401/773/1727 7398/774/1724 7402/773/1728
f 7398/774/1724 7399/774/1725 7402/773/1728
f 7399/774/1725 7403/773/1729 7402/773/1728
f 7404/773/1730 7405/773/1731 7406/776/1730
f 7406/776/1730 7405/773/1731 7407/776/1731
f 7405/773/1731 7408/773/1732 7407/776/1731
f 7408/773/1732 7409/776/1732 7407/776/1731
s 0
f 7410/773/89 7411/777/89 7412/774/89
f 7412/774/89 7411/777/89 7413/775/89
f 7413/775/89 7411/777/89 7414/771/89
f 7414/771/89 7411/777/89 7415/772/89
f 7415/772/89 7411/777/89 7416/771/89
f 7416/771/89 7411/777/89 7417/775/89
f 7417/775/89 7411/777/89 7418/774/89
f 7418/774/89 7411/777/89 7419/773/89
f 7419/773/89 7411/777/89 7420/776/89
f 7411/777/89 7410/773/89 7420/776/89
s 1
f 7421/771/1733 7422/772/1734 7423/771/1735
f 7424/772/1736 7425/771/1736 7426/772/1735
f 7425/771/1736 7423/771/1735 7426/772/1735
f 7423/771/1735 7422/772/1734 7426/772/1735
f 7427/773/1737 7428/774/1738 7429/773/1739
f 7430/774/1740 7431/773/1740 7432/774/1741
f 7431/773/1740 7429/773/1739 7432/774/1741
f 7429/773/1739 7428/774/1738 7432/774/1741
f 7433/775/1742 7434/774/1742 7435/775/1743
f 7434/774/1742 7432/774/1741 7435/775/1743
f 7436/771/1744 7437/775/1745 7438/771/1746
f 7437/775/1745 7435/775/1743 7438/771/1746
f 7438/771/1746 7435/775/1743 7439/771/1747
f 7439/771/1747 7435/775/1743 7440/775/1748
f 7435/775/1743 7432/774/1741 7440/775/1748
f 7432/774/1741 7428/774/1738 7440/775/1748
f 7441/776/1749 7442/773/1749 7443/776/1750
f 7444/773/1751 7445/776/1751 7446/773/1750
f 7445/776/1751 7443/776/1750 7446/773/1750
f 7443/776/1750 7442/773/1749 7446/773/1750
f 7447/772/1752 7448/772/1753 7449/771/1752
f 7449/771/1752 7448/772/1753 7450/771/1753
f 7448/772/1753 7451/772/1754 7450/771/1753
f 7451/772/1754 7452/771/1755 7450/771/1753
f 7453/771/1756 7454/771/1757 7455/775/1756
f 7455/775/1756 7454/771/1757 7456/775/1758
f 7454/771/1757 7457/771/1759 7456/775/1758
f 7457/771/1759 7458/775/1760 7456/775/1758
f 7459/775/1761 7456/775/1758 7460/774/1761
f 7460/774/1761 7456/775/1758 7461/774/1762
f 7456/775/1758 7458/775/1760 7461/774/1762
f 7458/775/1760 7462/774/1763 7461/774/1762
f 7463/774/1764 7461/774/1762 7464/773/1764
f 7464/773/1764 7461/774/1762 7465/773/1765
f 7461/774/1762 7462/774/1763 7465/773/1765
f 7462/774/1763 7466/773/1766 7465/773/1765
f 7467/773/1767 7468/773/1768 7469/776/1769
f 7469/776/1769 7468/773/1768 7470/776/1768
f 7468/773/1768 7471/773/1770 7470/776/1768
f 7471/773/1770 7472/776/1770 7470/776/1768
s 0
f 7473/773/35 7474/777/35 7475/774/35
f 7475/774/35 7474/777/35 7476/775/35
f 7476/775/35 7474/777/35 7477/771/35
f 7477/771/35 7474/777/35 7478/772/35
f 7478/772/35 7474/777/35 7479/771/35
f 7479/771/35 7474/777/35 7480/775/35
f 7480/775/35 7474/777/35 7481/774/35
f 7481/774/35 7474/777/35 7482/773/35
f 7482/773/35 7474/777/35 7483/776/35
f 7474/777/35 7473/773/35 7483/776/35
s 1
usemtl Brown
f 7484/772/1771 7485/771/1772 7486/772/1773
f 7486/772/1773 7485/771/1772 7487/771/1774
f 7485/771/1772 7488/775/1775 7487/771/1774
f 7487/771/1774 7488/775/1775 7489/775/1776
f 7488/775/1775 7490/774/1777 7489/775/1776
f 7489/775/1776 7490/774/1777 7491/774/1778
f 7490/774/1777 7492/773/1641 7491/774/1778
f 7491/774/1778 7492/773/1641 7493/773/1779
f 7494/776/1780 7493/773/1779 7495/776/1781
f 7493/773/1779 7492/773/1641 7495/776/1781
f 7496/771/1782 7497/772/1782 7498/771/1783
f 7499/772/1784 7500/771/1785 7501/772/1783
f 7500/771/1785 7498/771/1783 7501/772/1783
f 7498/771/1783 7497/772/1782 7501/772/1783
f 7502/775/1786 7503/771/1786 7504/775/1787
f 7505/771/1788 7506/775/1789 7507/771/1787
f 7506/775/1789 7504/775/1787 7507/771/1787
f 7504/775/1787 7503/771/1786 7507/771/1787
f 7508/774/1017 7509/775/1019 7510/774/1790
f 7511/775/1791 7512/774/1792 7513/775/1790
f 7512/774/1792 7510/774/1790 7513/775/1790
f 7510/774/1790 7509/775/1019 7513/775/1790
f 7514/773/1793 7515/774/1794 7516/773/1795
f 7517/774/1796 7518/773/1796 7519/774/1795
f 7518/773/1796 7516/773/1795 7519/774/1795
f 7516/773/1795 7515/774/1794 7519/774/1795
f 7520/776/1797 7521/773/1797 7522/776/1798
f 7523/773/1799 7524/776/1800 7525/773/1801
f 7524/776/1800 7522/776/1798 7525/773/1801
f 7522/776/1798 7521/773/1797 7525/773/1801
f 7526/773/1802 7527/773/1803 7528/776/1804
f 7527/773/1803 7529/776/1805 7528/776/1804
f 7530/772/1806 7531/772/1807 7532/771/1808
f 7531/772/1807 7533/771/1809 7532/771/1808
f 7532/771/1808 7533/771/1809 7534/775/1810
f 7533/771/1809 7535/775/1811 7534/775/1810
f 7534/775/1810 7535/775/1811 7536/774/1812
f 7535/775/1811 7537/774/1813 7536/774/1812
f 7536/774/1812 7537/774/1813 7538/773/1670
f 7537/774/1813 7539/773/1814 7538/773/1670
f 7538/773/1670 7539/773/1814 7540/776/1815
f 7539/773/1814 7541/776/1816 7540/776/1815
f 7542/772/1817 7543/772/1818 7544/771/1819
f 7544/771/1819 7543/772/1818 7545/771/1818
f 7543/772/1818 7546/772/1820 7545/771/1818
f 7546/772/1820 7547/771/1820 7545/771/1818
f 7548/771/1821 7549/771/1822 7550/775/1823
f 7550/775/1823 7549/771/1822 7551/775/1822
f 7549/771/1822 7552/771/1824 7551/775/1822
f 7552/771/1824 7553/775/1825 7551/775/1822
f 7554/775/1826 7555/775/1827 7556/774/1828
f 7556/774/1828 7555/775/1827 7557/774/1827
f 7555/775/1827 7558/775/1829 7557/774/1827
f 7558/775/1829 7559/774/1830 7557/774/1827
f 7560/774/1831 7561/774/1832 7562/773/1831
f 7562/773/1831 7561/774/1832 7563/773/1832
f 7561/774/1832 7564/774/1833 7563/773/1832
f 7564/774/1833 7565/773/1833 7563/773/1832
