mtllib material.mtl
usemtl ISSSolarPanels
v -15.00554600 0.41500700 -11.49631300
v -15.00554700 0.20850200 -2.96269300
v -11.68320400 0.41500700 -11.49631300
v -11.68320500 0.20850200 -2.96269300
v -11.68320400 0.14776400 -11.50238600
v -11.68320500 -0.05874400 -2.96876800
v -15.00554600 0.14776300 -11.50238600
v -15.00554700 -0.05874400 -2.96876800
v -15.00554800 -0.41101900 11.49283200
v -15.00554700 -0.20451400 2.91669500
v -11.68320600 -0.41101900 11.49283200
v -11.68320500 -0.20451400 2.91669600
v -11.68320600 -0.14984700 11.49890700
v -11.68320500 0.06273300 2.92277100
v -15.00554800 -0.14984700 11.49890700
v -15.00554700 0.06273200 2.92277000
v -6.46585400 4.44190500 -1.59002800
v -6.46585400 6.70134200 -1.55965900
v -6.46585400 4.55730500 -9.60130200
v -6.46585400 6.81066700 -9.56486200
v -6.14394500 6.70134200 -1.55965900
v -6.14394500 4.44190500 -1.59002800
v -6.14394400 6.81066700 -9.56486100
v -6.14394400 4.55730500 -9.60130100
v -6.46585500 6.81066900 9.56745300
v -6.46585500 6.70134200 1.55617500
v -6.46585500 4.55730700 9.59782300
v -6.46585500 4.44190500 1.59261900
v -6.14394600 4.55730700 9.59782400
v -6.14394500 4.44190500 1.59261900
v -6.14394600 6.81066900 9.56745400
v -6.14394500 6.70134200 1.55617500
v -43.21811700 0.15991000 -1.56573100
v -40.95868300 0.15991000 -1.60217500
v -43.18774800 0.15990900 -9.56486300
v -40.93438700 0.15991000 -9.60130400
v -40.95868300 -0.16199900 -1.60217500
v -43.21811700 -0.16199900 -1.56573100
v -40.93438700 -0.16200000 -9.60130400
v -43.18774800 -0.16200000 -9.56486300
v -25.53743000 -0.12555500 -3.46681800
v -29.59469400 -0.17414600 -3.47896300
v -25.55564900 -0.12555600 -16.53145400
v -29.66150700 -0.17414700 -16.56789400
v -29.59469400 0.17205800 -3.47896300
v -25.53743000 0.12954200 -3.46681800
v -29.66150700 0.17205700 -16.56789400
v -25.55564900 0.12954100 -16.53145400
v -40.93438700 0.15991100 9.59782100
v -40.95868300 0.15991100 1.59869100
v -43.18774800 0.15991100 9.56745200
v -43.21811700 0.15991000 1.56832200
v -43.18774800 -0.16199800 9.56745200
v -43.21811700 -0.16199900 1.56832200
v -40.93438700 -0.16199800 9.59782100
v -40.95868300 -0.16199900 1.59869100
v -29.66151000 -0.17414400 16.57048600
v -29.59469400 -0.17414500 3.48155600
v -25.55565300 -0.12555300 16.52797300
v -25.53743000 -0.12555400 3.46333200
v -25.55565300 0.12954300 16.52797300
v -25.53743000 0.12954200 3.46333200
v -29.66151000 0.17205900 16.57048600
v -29.59469400 0.17205800 3.48155600
v -24.62029300 -28.75114300 -1.29241100
v -27.24415200 -28.75114300 -1.29241100
v -25.28233100 -28.75114400 -12.69891300
v -27.88796800 -28.75114400 -12.38307800
v -13.59643700 -28.75114100 -1.29241000
v -16.38428700 -28.75114100 -1.29241000
v -12.87973100 -28.75114300 -12.40737300
v -15.65543600 -28.75114300 -12.67461700
v -20.79990400 -28.75114100 -1.29241100
v -23.30228800 -28.75114300 -1.29241100
v -20.79990400 -28.75114300 -12.54099500
v -23.30228800 -28.75114400 -12.54099500
v -17.39253000 -28.75114100 -1.29241000
v -20.04675900 -28.75114100 -1.29241100
v -17.13135700 -28.75114300 -12.52277500
v -19.78558700 -28.75114300 -12.55314400
v -27.88797000 -28.75114100 12.38567400
v -27.24415200 -28.75114300 1.28893500
v -25.28233300 -28.75114100 12.69543500
v -24.62029300 -28.75114300 1.28893500
v -15.65543700 -28.75113900 12.67114200
v -16.38428700 -28.75114100 1.28893600
v -12.87973300 -28.75113900 12.40997000
v -13.59643700 -28.75114100 1.28893600
v -23.30229000 -28.75114100 12.53751900
v -23.30228800 -28.75114300 1.28893500
v -20.79990600 -28.75113900 12.53751900
v -20.79990400 -28.75114100 1.28893500
v -19.78558900 -28.75113900 12.55573900
v -20.04675900 -28.75114100 1.28893500
v -17.13135900 -28.75113900 12.52537200
v -17.39253000 -28.75114100 1.28893600
v 0.88338200 -9.05396300 33.48588200
v 0.88338300 -22.71382900 35.13187400
v 0.88338200 -9.05396300 35.13187000
v 0.88338200 -9.05396300 36.77785500
v 0.88338300 -22.71382900 36.77785900
v 0.88338300 -27.59104900 36.77785900
v 0.88338300 -27.59104900 35.13187400
v 0.88338300 -36.42835600 36.77785900
v 0.88338400 -36.42835600 35.13187400
v 0.88338400 -36.42835600 33.48588600
v 0.88338300 -27.59104900 33.48588600
v 0.88338300 -22.71382900 33.48588600
v 1.20529200 -9.05396300 33.48588200
v 1.20529200 -9.05396300 35.13187000
v 1.20529300 -22.71382900 33.48588600
v 1.20529200 -22.71382900 35.13187400
v 1.20529300 -27.59104900 33.48588600
v 1.20529300 -27.59104900 35.13187400
v 1.20529300 -36.42835600 33.48588600
v 1.20529300 -36.42835600 35.13187400
v 1.20529300 -36.42835600 36.77785900
v 1.20529300 -27.59104900 36.77785900
v 1.20529200 -22.71382900 36.77785900
v 1.20529200 -9.05396300 36.77785500
v 0.88338300 -22.71382900 33.48588600
v 1.04737300 -22.71382900 33.48588600
v 0.88338300 -27.59104900 33.48588600
v 1.04737300 -27.59104900 33.48588600
v 0.88338400 -36.42835600 33.48588600
v 1.04737300 -36.42835600 33.48588600
v 1.20529300 -36.42835600 33.48588600
v 1.20529300 -27.59104900 33.48588600
v 1.20529300 -22.71382900 33.48588600
v 1.20529200 -9.05396300 33.48588200
v 1.04737200 -9.05396300 33.48588200
v 0.88338200 -9.05396300 33.48588200
v 0.88338200 -9.05396300 36.77785500
v 1.04737200 -22.71382900 36.77785900
v 1.04737200 -9.05396300 36.77785500
v 1.20529200 -9.05396300 36.77785500
v 1.20529200 -22.71382900 36.77785900
v 1.20529300 -27.59104900 36.77785900
v 1.04737300 -27.59104900 36.77785900
v 1.20529300 -36.42835600 36.77785900
v 1.04737300 -36.42835600 36.77785900
v 0.88338300 -36.42835600 36.77785900
v 0.88338300 -27.59104900 36.77785900
v 0.88338300 -22.71382900 36.77785900
v 0.88338300 -9.05396300 28.22601300
v 0.88338300 -22.71383100 29.87200200
v 0.88338300 -9.05396300 29.87200000
v 0.88338300 -9.05396300 31.51798600
v 0.88338300 -22.71383100 31.51798800
v 0.88338300 -27.59105100 31.51798800
v 0.88338400 -27.59105100 29.87200200
v 0.88338400 -36.42835600 31.51799000
v 0.88338400 -36.42835600 29.87200400
v 0.88338400 -36.42835600 28.22601700
v 0.88338400 -27.59105100 28.22601500
v 0.88338300 -22.71383100 28.22601500
v 1.20529200 -9.05396300 28.22601300
v 1.20529200 -9.05396300 29.87200000
v 1.20529300 -22.71383100 28.22601500
v 1.20529300 -22.71383100 29.87200200
v 1.20529300 -27.59105100 28.22601500
v 1.20529300 -27.59105100 29.87200200
v 1.20529400 -36.42835600 28.22601700
v 1.20529300 -36.42835600 29.87200400
v 1.20529300 -36.42835600 31.51799000
v 1.20529300 -27.59105100 31.51798800
v 1.20529300 -22.71383100 31.51798800
v 1.20529200 -9.05396300 31.51798600
v 0.88338300 -22.71383100 28.22601500
v 1.04737300 -22.71383100 28.22601500
v 0.88338400 -27.59105100 28.22601500
v 1.04737300 -27.59105100 28.22601500
v 0.88338400 -36.42835600 28.22601700
v 1.04737400 -36.42835600 28.22601700
v 1.20529400 -36.42835600 28.22601700
v 1.20529300 -27.59105100 28.22601500
v 1.20529300 -22.71383100 28.22601500
v 1.20529200 -9.05396300 28.22601300
v 1.04737200 -9.05396300 28.22601300
v 0.88338300 -9.05396300 28.22601300
v 0.88338300 -9.05396300 31.51798600
v 1.04737300 -22.71383100 31.51798800
v 1.04737200 -9.05396300 31.51798600
v 1.20529200 -9.05396300 31.51798600
v 1.20529300 -22.71383100 31.51798800
v 1.20529300 -27.59105100 31.51798800
v 1.04737300 -27.59105100 31.51798800
v 1.20529300 -36.42835600 31.51799000
v 1.04737300 -36.42835600 31.51799000
v 0.88338400 -36.42835600 31.51799000
v 0.88338300 -27.59105100 31.51798800
v 0.88338300 -22.71383100 31.51798800
v 0.88338100 -9.10255300 46.46549200
v 0.88338200 -22.76241700 48.11148100
v 0.88338100 -9.10255300 48.11147700
v 0.88338100 -9.10255200 49.75746500
v 0.88338200 -22.76241700 49.75746900
v 0.88338200 -27.63963900 49.75746900
v 0.88338200 -27.63963900 48.11148100
v 0.88338200 -36.47694400 49.75746900
v 0.88338300 -36.47694400 48.11148100
v 0.88338300 -36.47694400 46.46549600
v 0.88338200 -27.63963900 46.46549600
v 0.88338200 -22.76241700 46.46549600
v 1.20529100 -9.10255300 46.46549200
v 1.20529100 -9.10255300 48.11147700
v 1.20529200 -22.76241700 46.46549600
v 1.20529200 -22.76241700 48.11148100
v 1.20529200 -27.63963900 46.46549600
v 1.20529200 -27.63963900 48.11148100
v 1.20529200 -36.47694400 46.46549600
v 1.20529200 -36.47694400 48.11148100
v 1.20529200 -36.47694400 49.75746900
v 1.20529200 -27.63963900 49.75746900
v 1.20529100 -22.76241700 49.75746900
v 1.20529100 -9.10255200 49.75746500
v 0.88338200 -22.76241700 46.46549600
v 1.04737200 -22.76241700 46.46549600
v 0.88338200 -27.63963900 46.46549600
v 1.04737200 -27.63963900 46.46549600
v 0.88338300 -36.47694400 46.46549600
v 1.04737200 -36.47694400 46.46549600
v 1.20529200 -36.47694400 46.46549600
v 1.20529200 -27.63963900 46.46549600
v 1.20529200 -22.76241700 46.46549600
v 1.20529100 -9.10255300 46.46549200
v 1.04737100 -9.10255300 46.46549200
v 0.88338100 -9.10255300 46.46549200
v 0.88338100 -9.10255200 49.75746500
v 1.04737200 -22.76241700 49.75746900
v 1.04737100 -9.10255200 49.75746500
v 1.20529100 -9.10255200 49.75746500
v 1.20529100 -22.76241700 49.75746900
v 1.20529200 -27.63963900 49.75746900
v 1.04737200 -27.63963900 49.75746900
v 1.20529200 -36.47694400 49.75746900
v 1.04737200 -36.47694400 49.75746900
v 0.88338200 -36.47694400 49.75746900
v 0.88338200 -27.63963900 49.75746900
v 0.88338200 -22.76241700 49.75746900
v 0.88338200 -9.10255300 41.20562400
v 0.88338200 -22.76241700 42.85161200
v 0.88338200 -9.10255300 42.85160800
v 0.88338200 -9.10255300 44.49759700
v 0.88338200 -22.76241700 44.49760100
v 0.88338200 -27.63963900 44.49760100
v 0.88338300 -27.63963900 42.85161200
v 0.88338300 -36.47694400 44.49760100
v 0.88338300 -36.47694400 42.85161200
v 0.88338300 -36.47694400 41.20562700
v 0.88338300 -27.63963900 41.20562700
v 0.88338200 -22.76241700 41.20562700
v 1.20529100 -9.10255300 41.20562400
v 1.20529100 -9.10255300 42.85160800
v 1.20529200 -22.76241700 41.20562700
v 1.20529200 -22.76241700 42.85161200
v 1.20529200 -27.63963900 41.20562700
v 1.20529200 -27.63963900 42.85161200
v 1.20529300 -36.47694400 41.20562700
v 1.20529200 -36.47694400 42.85161200
v 1.20529200 -36.47694400 44.49760100
v 1.20529200 -27.63963900 44.49760100
v 1.20529200 -22.76241700 44.49760100
v 1.20529100 -9.10255300 44.49759700
v 0.88338200 -22.76241700 41.20562700
v 1.04737200 -22.76241700 41.20562700
v 0.88338300 -27.63963900 41.20562700
v 1.04737200 -27.63963900 41.20562700
v 0.88338300 -36.47694400 41.20562700
v 1.04737300 -36.47694400 41.20562700
v 1.20529300 -36.47694400 41.20562700
v 1.20529200 -27.63963900 41.20562700
v 1.20529200 -22.76241700 41.20562700
v 1.20529100 -9.10255300 41.20562400
v 1.04737200 -9.10255300 41.20562400
v 0.88338200 -9.10255300 41.20562400
v 0.88338200 -9.10255300 44.49759700
v 1.04737200 -22.76241700 44.49760100
v 1.04737100 -9.10255300 44.49759700
v 1.20529100 -9.10255300 44.49759700
v 1.20529200 -22.76241700 44.49760100
v 1.20529200 -27.63963900 44.49760100
v 1.04737200 -27.63963900 44.49760100
v 1.20529200 -36.47694400 44.49760100
v 1.04737200 -36.47694400 44.49760100
v 0.88338300 -36.47694400 44.49760100
v 0.88338200 -27.63963900 44.49760100
v 0.88338200 -22.76241700 44.49760100
v 0.88338200 -2.47002000 31.40258600
v 0.88338200 11.18984400 29.75659800
v 0.88338200 -2.47002000 29.75659900
v 0.88338300 -2.47002000 28.10453800
v 0.88338200 11.18984400 28.10453600
v 0.88338200 16.07313900 28.10453600
v 0.88338200 16.07313900 29.75659800
v 0.88338100 24.91044800 28.10453600
v 0.88338100 24.91044800 29.75659800
v 0.88338100 24.91044800 31.40258400
v 0.88338100 16.07313900 31.40258400
v 0.88338200 11.18984400 31.40258400
v 1.20529200 -2.47002000 31.40258600
v 1.20529200 -2.47002000 29.75659900
v 1.20529100 11.18984400 31.40258400
v 1.20529100 11.18984400 29.75659800
v 1.20529100 16.07313900 31.40258400
v 1.20529100 16.07313900 29.75659800
v 1.20529100 24.91044800 31.40258400
v 1.20529100 24.91044800 29.75659800
v 1.20529100 24.91044800 28.10453600
v 1.20529100 16.07313900 28.10453600
v 1.20529200 11.18984400 28.10453600
v 1.20529200 -2.47002000 28.10453800
v 0.88338200 11.18984400 31.40258400
v 1.04737100 11.18984400 31.40258400
v 0.88338100 16.07313900 31.40258400
v 1.04737100 16.07313900 31.40258400
v 0.88338100 24.91044800 31.40258400
v 1.04737100 24.91044800 31.40258400
v 1.20529100 24.91044800 31.40258400
v 1.20529100 16.07313900 31.40258400
v 1.20529100 11.18984400 31.40258400
v 1.20529200 -2.47002000 31.40258600
v 1.04737200 -2.47002000 31.40258600
v 0.88338200 -2.47002000 31.40258600
v 0.88338300 -2.47002000 28.10453800
v 1.04737200 11.18984400 28.10453600
v 1.04737200 -2.47002000 28.10453800
v 1.20529200 -2.47002000 28.10453800
v 1.20529200 11.18984400 28.10453600
v 1.20529100 16.07313900 28.10453600
v 1.04737100 16.07313900 28.10453600
v 1.20529100 24.91044800 28.10453600
v 1.04737100 24.91044800 28.10453600
v 0.88338100 24.91044800 28.10453600
v 0.88338200 16.07313900 28.10453600
v 0.88338200 11.18984400 28.10453600
v 0.88338200 -2.47001900 36.66244900
v 0.88338100 11.18984400 35.01646400
v 0.88338200 -2.47001900 35.01646400
v 0.88338200 -2.47002000 33.36440700
v 0.88338200 11.18984400 33.36440700
v 0.88338100 16.07314100 33.36440700
v 0.88338100 16.07314100 35.01646400
v 0.88338100 24.91045000 33.36440300
v 0.88338100 24.91045000 35.01646000
v 0.88338100 24.91045000 36.66244500
v 0.88338100 16.07314100 36.66244900
v 0.88338100 11.18984400 36.66244900
v 1.20529200 -2.47001900 36.66244900
v 1.20529200 -2.47001900 35.01646400
v 1.20529100 11.18984400 36.66244900
v 1.20529100 11.18984400 35.01646400
v 1.20529100 16.07314100 36.66244900
v 1.20529100 16.07314100 35.01646400
v 1.20529000 24.91045000 36.66244500
v 1.20529000 24.91045000 35.01039100
v 1.20529100 24.91045000 33.36440300
v 1.20529100 16.07314100 33.36440700
v 1.20529100 11.18984400 33.36440700
v 1.20529200 -2.47002000 33.36440700
v 0.88338100 11.18984400 36.66244900
v 1.04737100 11.18984400 36.66244900
v 0.88338100 16.07314100 36.66244900
v 1.04737100 16.07314100 36.66244900
v 0.88338100 24.91045000 36.66244500
v 1.04737000 24.91045000 36.66244500
v 1.20529000 24.91045000 36.66244500
v 1.20529100 16.07314100 36.66244900
v 1.20529100 11.18984400 36.66244900
v 1.20529200 -2.47001900 36.66244900
v 1.04737200 -2.47001900 36.66244900
v 0.88338200 -2.47001900 36.66244900
v 0.88338200 -2.47002000 33.36440700
v 1.04737100 11.18984400 33.36440700
v 1.04737200 -2.47002000 33.36440700
v 1.20529200 -2.47002000 33.36440700
v 1.20529100 11.18984400 33.36440700
v 1.20529100 16.07314100 33.36440700
v 1.04737100 16.07314100 33.36440700
v 1.20529100 24.91045000 33.36440300
v 1.04737100 24.91045000 33.36440300
v 0.88338100 24.91045000 33.36440300
v 0.88338100 16.07314100 33.36440700
v 0.88338200 11.18984400 33.36440700
v 0.88338100 -2.47001900 44.38219100
v 0.88338100 11.18984500 42.73013300
v 0.88338100 -2.47001900 42.73013300
v 0.88338200 -2.47001900 41.08414500
v 0.88338100 11.18984500 41.08414500
v 0.88338100 16.07314100 41.08414500
v 0.88338100 16.07314100 42.73013300
v 0.88338000 24.91045000 41.08414100
v 0.88338000 24.91045000 42.73012900
v 0.88338000 24.91045000 44.38218700
v 0.88338100 16.07314100 44.38219100
v 0.88338100 11.18984500 44.38219100
v 1.20529100 -2.47001900 44.38219100
v 1.20529100 -2.47001900 42.73013300
v 1.20529000 11.18984500 44.38219100
v 1.20529000 11.18984500 42.73013300
v 1.20529000 16.07314100 44.38219100
v 1.20529000 16.07314100 42.73013300
v 1.20529000 24.91045000 44.38218700
v 1.20529000 24.91045000 42.73012900
v 1.20529000 24.91045000 41.08414100
v 1.20529000 16.07314100 41.08414500
v 1.20529100 11.18984500 41.08414500
v 1.20529100 -2.47001900 41.08414500
v 0.88338100 11.18984500 44.38219100
v 1.04737000 11.18984500 44.38219100
v 0.88338100 16.07314100 44.38219100
v 1.04737000 16.07314100 44.38219100
v 0.88338000 24.91045000 44.38218700
v 1.04737000 24.91045000 44.38218700
v 1.20529000 24.91045000 44.38218700
v 1.20529000 16.07314100 44.38219100
v 1.20529000 11.18984500 44.38219100
v 1.20529100 -2.47001900 44.38219100
v 1.04737100 -2.47001900 44.38219100
v 0.88338100 -2.47001900 44.38219100
v 0.88338200 -2.47001900 41.08414500
v 1.04737100 11.18984500 41.08414500
v 1.04737100 -2.47001900 41.08414500
v 1.20529100 -2.47001900 41.08414500
v 1.20529100 11.18984500 41.08414500
v 1.20529000 16.07314100 41.08414500
v 1.04737000 16.07314100 41.08414500
v 1.20529000 24.91045000 41.08414100
v 1.04737000 24.91045000 41.08414100
v 0.88338000 24.91045000 41.08414100
v 0.88338100 16.07314100 41.08414500
v 0.88338100 11.18984500 41.08414500
v 0.88338100 -2.47001800 49.64205900
v 0.88338000 11.18984500 47.99000200
v 0.88338100 -2.47001800 47.99000200
v 0.88338100 -2.47001800 46.34401700
v 0.88338100 11.18984500 46.34401700
v 0.88338000 16.07314100 46.34401700
v 0.88338000 16.07314100 47.99000200
v 0.88338000 24.91045000 46.34401300
v 0.88338000 24.91045000 47.98999800
v 0.88338000 24.91045000 49.64205600
v 0.88338000 16.07314100 49.64205900
v 0.88338000 11.18984600 49.64205900
v 1.20529000 -2.47001800 49.64205900
v 1.20529100 -2.47001800 47.99000200
v 1.20529000 11.18984600 49.64205900
v 1.20529000 11.18984500 47.99000200
v 1.20529000 16.07314100 49.64205900
v 1.20529000 16.07314100 47.99000200
v 1.20528900 24.91045000 49.63598300
v 1.20528900 24.91045000 47.98999800
v 1.20529000 24.91045000 46.34401300
v 1.20529000 16.07314100 46.34401700
v 1.20529000 11.18984500 46.34401700
v 1.20529100 -2.47001800 46.34401700
v 0.88338000 11.18984600 49.64205900
v 1.04737000 11.18984600 49.64205900
v 0.88338000 16.07314100 49.64205900
v 1.04737000 16.07314100 49.64205900
v 0.88338000 24.91045000 49.64205600
v 1.04736900 24.91045000 49.64205600
v 1.20528900 24.91045000 49.63598300
v 1.20529000 16.07314100 49.64205900
v 1.20529000 16.07314100 49.64205900
v 1.20529000 11.18984600 49.64205900
v 1.20529000 -2.47001800 49.64205900
v 1.04737100 -2.47001800 49.64205900
v 0.88338100 -2.47001800 49.64205900
v 0.88338100 -2.47001800 46.34401700
v 1.04737000 11.18984500 46.34401700
v 1.04737100 -2.47001800 46.34401700
v 1.20529100 -2.47001800 46.34401700
v 1.20529000 11.18984500 46.34401700
v 1.20529000 16.07314100 46.34401700
v 1.04737000 16.07314100 46.34401700
v 1.20529000 24.91045000 46.34401300
v 1.04737000 24.91045000 46.34401300
v 0.88338000 24.91045000 46.34401300
v 0.88338000 16.07314100 46.34401700
v 0.88338100 11.18984500 46.34401700
v 0.88338800 -9.05396800 -33.47721500
v 0.88338800 -22.71383700 -35.12319900
v 0.88338800 -22.71383700 -33.47721100
v 0.88338800 -27.59105700 -35.12319900
v 0.88338800 -27.59105700 -33.47721100
v 0.88338900 -36.42836400 -33.47721100
v 0.88338900 -36.42836400 -35.12319900
v 0.88338900 -36.42836400 -36.76918400
v 0.88338900 -27.59105700 -36.76918400
v 0.88338800 -22.71383700 -36.76918400
v 0.88338800 -9.05396800 -36.76918800
v 0.88338800 -9.05396800 -35.12320300
v 1.20529700 -9.05396800 -35.12320300
v 1.20529800 -22.71383700 -35.12319900
v 1.20529700 -9.05396800 -36.76918800
v 1.20529800 -22.71383700 -36.76918400
v 1.20529800 -27.59105700 -35.12319900
v 1.20529800 -27.59105700 -36.76918400
v 1.20529900 -36.42836400 -36.76918400
v 1.20529800 -36.42836400 -35.12319900
v 1.20529800 -36.42836400 -33.47721100
v 1.20529800 -27.59105700 -33.47721100
v 1.20529800 -22.71383700 -33.47721100
v 1.20529700 -9.05396800 -33.47721500
v 0.88338800 -9.05396800 -33.47721500
v 0.88338800 -22.71383700 -33.47721100
v 1.04737700 -9.05396800 -33.47721500
v 1.04737800 -22.71383700 -33.47721100
v 1.20529700 -9.05396800 -33.47721500
v 1.20529800 -22.71383700 -33.47721100
v 1.04737800 -27.59105700 -33.47721100
v 1.20529800 -27.59105700 -33.47721100
v 1.20529800 -36.42836400 -33.47721100
v 1.04737800 -36.42836400 -33.47721100
v 0.88338900 -36.42836400 -33.47721100
v 0.88338800 -27.59105700 -33.47721100
v 0.88338800 -9.05396800 -36.76918800
v 1.04737800 -22.71383700 -36.76918400
v 0.88338800 -22.71383700 -36.76918400
v 1.04737800 -27.59105700 -36.76918400
v 0.88338900 -27.59105700 -36.76918400
v 0.88338900 -36.42836400 -36.76918400
v 1.04737900 -36.42836400 -36.76918400
v 1.20529900 -36.42836400 -36.76918400
v 1.20529800 -27.59105700 -36.76918400
v 1.20529800 -22.71383700 -36.76918400
v 1.20529700 -9.05396800 -36.76918800
v 1.04737700 -9.05396800 -36.76918800
v 0.88338700 -9.05396800 -28.21734600
v 0.88338800 -22.71383500 -29.86333100
v 0.88338800 -22.71383500 -28.21734400
v 0.88338800 -27.59105500 -29.86333100
v 0.88338800 -27.59105500 -28.21734400
v 0.88338800 -36.42836400 -28.21734200
v 0.88338800 -36.42836400 -29.86332900
v 0.88338900 -36.42836400 -31.50931500
v 0.88338800 -27.59105500 -31.50931700
v 0.88338800 -22.71383500 -31.50931700
v 0.88338700 -9.05396800 -31.50931900
v 0.88338700 -9.05396800 -29.86333300
v 1.20529700 -9.05396800 -29.86333300
v 1.20529700 -22.71383500 -29.86333100
v 1.20529700 -9.05396800 -31.50931900
v 1.20529700 -22.71383500 -31.50931700
v 1.20529800 -27.59105500 -29.86333100
v 1.20529800 -27.59105500 -31.50931700
v 1.20529800 -36.42836400 -31.50931500
v 1.20529800 -36.42836400 -29.86332900
v 1.20529800 -36.42836400 -28.21734200
v 1.20529700 -27.59105500 -28.21734400
v 1.20529700 -22.71383500 -28.21734400
v 1.20529700 -9.05396800 -28.21734600
v 0.88338700 -9.05396800 -28.21734600
v 0.88338800 -22.71383500 -28.21734400
v 1.04737700 -9.05396800 -28.21734600
v 1.04737700 -22.71383500 -28.21734400
v 1.20529700 -9.05396800 -28.21734600
v 1.20529700 -22.71383500 -28.21734400
v 1.04737800 -27.59105500 -28.21734400
v 1.20529700 -27.59105500 -28.21734400
v 1.20529800 -36.42836400 -28.21734200
v 1.04737800 -36.42836400 -28.21734200
v 0.88338800 -36.42836400 -28.21734200
v 0.88338800 -27.59105500 -28.21734400
v 0.88338700 -9.05396800 -31.50931900
v 1.04737800 -22.71383500 -31.50931700
v 0.88338800 -22.71383500 -31.50931700
v 1.04737800 -27.59105500 -31.50931700
v 0.88338800 -27.59105500 -31.50931700
v 0.88338900 -36.42836400 -31.50931500
v 1.04737800 -36.42836400 -31.50931500
v 1.20529800 -36.42836400 -31.50931500
v 1.20529800 -27.59105500 -31.50931700
v 1.20529700 -22.71383500 -31.50931700
v 1.20529700 -9.05396800 -31.50931900
v 1.04737700 -9.05396800 -31.50931900
v 0.88338900 -9.10256100 -46.45681800
v 0.88338900 -22.76242400 -48.10280200
v 0.88338900 -22.76242400 -46.45681400
v 0.88338900 -27.63964700 -48.10280200
v 0.88338900 -27.63964700 -46.45681400
v 0.88339000 -36.47695200 -46.45681400
v 0.88339000 -36.47695200 -48.10280200
v 0.88339000 -36.47695200 -49.74878700
v 0.88339000 -27.63964700 -49.74878700
v 0.88338900 -22.76242400 -49.74878700
v 0.88338900 -9.10256200 -49.74879100
v 0.88338900 -9.10256100 -48.10280600
v 1.20529800 -9.10256100 -48.10280600
v 1.20529900 -22.76242400 -48.10280200
v 1.20529800 -9.10256200 -49.74879100
v 1.20529900 -22.76242400 -49.74878700
v 1.20529900 -27.63964700 -48.10280200
v 1.20529900 -27.63964700 -49.74878700
v 1.20529900 -36.47695200 -49.74878700
v 1.20529900 -36.47695200 -48.10280200
v 1.20529900 -36.47695200 -46.45681400
v 1.20529900 -27.63964700 -46.45681400
v 1.20529900 -22.76242400 -46.45681400
v 1.20529800 -9.10256100 -46.45681800
v 0.88338900 -9.10256100 -46.45681800
v 0.88338900 -22.76242400 -46.45681400
v 1.04737800 -9.10256100 -46.45681800
v 1.04737900 -22.76242400 -46.45681400
v 1.20529800 -9.10256100 -46.45681800
v 1.20529900 -22.76242400 -46.45681400
v 1.04737900 -27.63964700 -46.45681400
v 1.20529900 -27.63964700 -46.45681400
v 1.20529900 -36.47695200 -46.45681400
v 1.04737900 -36.47695200 -46.45681400
v 0.88339000 -36.47695200 -46.45681400
v 0.88338900 -27.63964700 -46.45681400
v 0.88338900 -9.10256200 -49.74879100
v 1.04737900 -22.76242400 -49.74878700
v 0.88338900 -22.76242400 -49.74878700
v 1.04737900 -27.63964700 -49.74878700
v 0.88339000 -27.63964700 -49.74878700
v 0.88339000 -36.47695200 -49.74878700
v 1.04738000 -36.47695200 -49.74878700
v 1.20529900 -36.47695200 -49.74878700
v 1.20529900 -27.63964700 -49.74878700
v 1.20529900 -22.76242400 -49.74878700
v 1.20529800 -9.10256200 -49.74879100
v 1.04737800 -9.10256200 -49.74879100
v 0.88338800 -9.10256100 -41.19694900
v 0.88338900 -22.76242400 -42.84293400
v 0.88338900 -22.76242400 -41.19694500
v 0.88338900 -27.63964700 -42.84293400
v 0.88338900 -27.63964700 -41.19694500
v 0.88338900 -36.47695200 -41.19694500
v 0.88338900 -36.47695200 -42.84293400
v 0.88339000 -36.47695200 -44.48891800
v 0.88338900 -27.63964700 -44.48891800
v 0.88338900 -22.76242400 -44.48891800
v 0.88338800 -9.10256100 -44.48892200
v 0.88338800 -9.10256100 -42.84293700
v 1.20529800 -9.10256100 -42.84293700
v 1.20529800 -22.76242400 -42.84293400
v 1.20529800 -9.10256100 -44.48892200
v 1.20529900 -22.76242400 -44.48891800
v 1.20529900 -27.63964700 -42.84293400
v 1.20529900 -27.63964700 -44.48891800
v 1.20529900 -36.47695200 -44.48891800
v 1.20529900 -36.47695200 -42.84293400
v 1.20529900 -36.47695200 -41.19694500
v 1.20529800 -27.63964700 -41.19694500
v 1.20529800 -22.76242400 -41.19694500
v 1.20529800 -9.10256100 -41.19694900
v 0.88338800 -9.10256100 -41.19694900
v 0.88338900 -22.76242400 -41.19694500
v 1.04737800 -9.10256100 -41.19694900
v 1.04737800 -22.76242400 -41.19694500
v 1.20529800 -9.10256100 -41.19694900
v 1.20529800 -22.76242400 -41.19694500
v 1.04737900 -27.63964700 -41.19694500
v 1.20529800 -27.63964700 -41.19694500
v 1.20529900 -36.47695200 -41.19694500
v 1.04737900 -36.47695200 -41.19694500
v 0.88338900 -36.47695200 -41.19694500
v 0.88338900 -27.63964700 -41.19694500
v 0.88338800 -9.10256100 -44.48892200
v 1.04737900 -22.76242400 -44.48891800
v 0.88338900 -22.76242400 -44.48891800
v 1.04737900 -27.63964700 -44.48891800
v 0.88338900 -27.63964700 -44.48891800
v 0.88339000 -36.47695200 -44.48891800
v 1.04737900 -36.47695200 -44.48891800
v 1.20529900 -36.47695200 -44.48891800
v 1.20529900 -27.63964700 -44.48891800
v 1.20529900 -22.76242400 -44.48891800
v 1.20529800 -9.10256100 -44.48892200
v 1.04737800 -9.10256100 -44.48892200
v 0.88338700 -2.47002500 -31.39391900
v 0.88338600 11.18983800 -29.74793400
v 0.88338600 11.18983800 -31.39392100
v 0.88338600 16.07313500 -29.74793400
v 0.88338600 16.07313500 -31.39392100
v 0.88338600 24.91044400 -31.39392100
v 0.88338600 24.91044400 -29.74793400
v 0.88338600 24.91044400 -28.09587500
v 0.88338600 16.07313500 -28.09587500
v 0.88338600 11.18983800 -28.09587500
v 0.88338700 -2.47002500 -28.09587300
v 0.88338700 -2.47002500 -29.74793200
v 1.20529700 -2.47002500 -29.74793200
v 1.20529600 11.18983800 -29.74793400
v 1.20529600 -2.47002500 -28.09587300
v 1.20529600 11.18983800 -28.09587500
v 1.20529600 16.07313500 -29.74793400
v 1.20529600 16.07313500 -28.09587500
v 1.20529500 24.91044400 -28.09587500
v 1.20529500 24.91044400 -29.74793400
v 1.20529500 24.91044400 -31.39392100
v 1.20529600 16.07313500 -31.39392100
v 1.20529600 11.18983800 -31.39392100
v 1.20529700 -2.47002500 -31.39391900
v 0.88338700 -2.47002500 -31.39391900
v 0.88338600 11.18983800 -31.39392100
v 1.04737700 -2.47002500 -31.39391900
v 1.04737600 11.18983800 -31.39392100
v 1.20529700 -2.47002500 -31.39391900
v 1.20529600 11.18983800 -31.39392100
v 1.04737600 16.07313500 -31.39392100
v 1.20529600 16.07313500 -31.39392100
v 1.20529500 24.91044400 -31.39392100
v 1.04737600 24.91044400 -31.39392100
v 0.88338600 24.91044400 -31.39392100
v 0.88338600 16.07313500 -31.39392100
v 0.88338700 -2.47002500 -28.09587300
v 1.04737600 11.18983800 -28.09587500
v 0.88338600 11.18983800 -28.09587500
v 1.04737600 16.07313500 -28.09587500
v 0.88338600 16.07313500 -28.09587500
v 0.88338600 24.91044400 -28.09587500
v 1.04737500 24.91044400 -28.09587500
v 1.20529500 24.91044400 -28.09587500
v 1.20529600 16.07313500 -28.09587500
v 1.20529600 11.18983800 -28.09587500
v 1.20529600 -2.47002500 -28.09587300
v 1.04737700 -2.47002500 -28.09587300
v 0.88338700 -2.47002600 -36.65378600
v 0.88338700 11.18983800 -35.00780100
v 0.88338700 11.18983800 -36.65378600
v 0.88338700 16.07313300 -35.00780100
v 0.88338700 16.07313300 -36.65378600
v 0.88338600 24.91044200 -36.65379000
v 0.88338600 24.91044200 -35.00780500
v 0.88338600 24.91044200 -33.35574300
v 0.88338600 16.07313300 -33.35574000
v 0.88338700 11.18983800 -33.35574000
v 0.88338700 -2.47002500 -33.35574000
v 0.88338700 -2.47002600 -35.00780100
v 1.20529700 -2.47002600 -35.00780100
v 1.20529600 11.18983800 -35.00780100
v 1.20529700 -2.47002500 -33.35574000
v 1.20529600 11.18983800 -33.35574000
v 1.20529600 16.07313300 -35.00780100
v 1.20529600 16.07313300 -33.35574000
v 1.20529600 24.91044200 -33.35574300
v 1.20529600 24.91044200 -35.00172800
v 1.20529600 24.91044200 -36.65379000
v 1.20529600 16.07313300 -36.65378600
v 1.20529600 11.18983800 -36.65378600
v 1.20529700 -2.47002600 -36.65378600
v 0.88338700 -2.47002600 -36.65378600
v 0.88338700 11.18983800 -36.65378600
v 1.04737700 -2.47002600 -36.65378600
v 1.04737700 11.18983800 -36.65378600
v 1.20529700 -2.47002600 -36.65378600
v 1.20529600 11.18983800 -36.65378600
v 1.04737600 16.07313300 -36.65378600
v 1.20529600 16.07313300 -36.65378600
v 1.20529600 24.91044200 -36.65379000
v 1.04737600 24.91044200 -36.65379000
v 0.88338600 24.91044200 -36.65379000
v 0.88338700 16.07313300 -36.65378600
v 0.88338700 -2.47002500 -33.35574000
v 1.04737600 11.18983800 -33.35574000
v 0.88338700 11.18983800 -33.35574000
v 1.04737600 16.07313300 -33.35574000
v 0.88338600 16.07313300 -33.35574000
v 0.88338600 24.91044200 -33.35574300
v 1.04737600 24.91044200 -33.35574300
v 1.20529600 24.91044200 -33.35574300
v 1.20529600 16.07313300 -33.35574000
v 1.20529600 11.18983800 -33.35574000
v 1.20529700 -2.47002500 -33.35574000
v 1.04737700 -2.47002500 -33.35574000
v 0.88338800 -2.47002600 -44.37352000
v 0.88338700 11.18983700 -42.72146600
v 0.88338700 11.18983700 -44.37352000
v 0.88338700 16.07313300 -42.72146600
v 0.88338700 16.07313300 -44.37352000
v 0.88338700 24.91044200 -44.37352400
v 0.88338700 24.91044200 -42.72147000
v 0.88338700 24.91044200 -41.07548100
v 0.88338700 16.07313300 -41.07547800
v 0.88338700 11.18983700 -41.07547800
v 0.88338800 -2.47002600 -41.07547800
v 0.88338800 -2.47002600 -42.72146600
v 1.20529700 -2.47002600 -42.72146600
v 1.20529700 11.18983700 -42.72146600
v 1.20529700 -2.47002600 -41.07547800
v 1.20529700 11.18983700 -41.07547800
v 1.20529700 16.07313300 -42.72146600
v 1.20529700 16.07313300 -41.07547800
v 1.20529600 24.91044200 -41.07548100
v 1.20529600 24.91044200 -42.72147000
v 1.20529600 24.91044200 -44.37352400
v 1.20529700 16.07313300 -44.37352000
v 1.20529700 11.18983700 -44.37352000
v 1.20529800 -2.47002600 -44.37352000
v 0.88338800 -2.47002600 -44.37352000
v 0.88338700 11.18983700 -44.37352000
v 1.04737800 -2.47002600 -44.37352000
v 1.04737700 11.18983700 -44.37352000
v 1.20529800 -2.47002600 -44.37352000
v 1.20529700 11.18983700 -44.37352000
v 1.04737700 16.07313300 -44.37352000
v 1.20529700 16.07313300 -44.37352000
v 1.20529600 24.91044200 -44.37352400
v 1.04737700 24.91044200 -44.37352400
v 0.88338700 24.91044200 -44.37352400
v 0.88338700 16.07313300 -44.37352000
v 0.88338800 -2.47002600 -41.07547800
v 1.04737700 11.18983700 -41.07547800
v 0.88338700 11.18983700 -41.07547800
v 1.04737700 16.07313300 -41.07547800
v 0.88338700 16.07313300 -41.07547800
v 0.88338700 24.91044200 -41.07548100
v 1.04737600 24.91044200 -41.07548100
v 1.20529600 24.91044200 -41.07548100
v 1.20529700 16.07313300 -41.07547800
v 1.20529700 11.18983700 -41.07547800
v 1.20529700 -2.47002600 -41.07547800
v 1.04737700 -2.47002600 -41.07547800
v 0.88338800 -2.47002700 -49.63339200
v 0.88338800 11.18983700 -47.98133100
v 0.88338800 11.18983700 -49.63339200
v 0.88338800 16.07313300 -47.98133100
v 0.88338800 16.07313300 -49.63339200
v 0.88338700 24.91044200 -49.63339600
v 0.88338700 24.91044200 -47.98133500
v 0.88338700 24.91044200 -46.33534600
v 0.88338700 16.07313300 -46.33534200
v 0.88338800 11.18983700 -46.33534200
v 0.88338800 -2.47002600 -46.33534200
v 0.88338800 -2.47002700 -47.98133100
v 1.20529800 -2.47002700 -47.98133100
v 1.20529700 11.18983700 -47.98133100
v 1.20529800 -2.47002600 -46.33534200
v 1.20529700 11.18983700 -46.33534200
v 1.20529700 16.07313300 -47.98133100
v 1.20529700 16.07313300 -46.33534200
v 1.20529700 24.91044200 -46.33534600
v 1.20529700 24.91044200 -47.98133500
v 1.20529700 24.91044200 -49.62731900
v 1.20529700 16.07313300 -49.63339200
v 1.20529700 11.18983700 -49.63339200
v 1.20529800 -2.47002700 -49.63339200
v 0.88338800 -2.47002700 -49.63339200
v 0.88338800 11.18983700 -49.63339200
v 1.04737800 -2.47002700 -49.63339200
v 1.04737700 11.18983700 -49.63339200
v 1.20529800 -2.47002700 -49.63339200
v 1.20529700 11.18983700 -49.63339200
v 1.04737700 16.07313300 -49.63339200
v 1.20529700 16.07313300 -49.63339200
v 1.20529700 16.07313300 -49.63339200
v 1.20529700 24.91044200 -49.62731900
v 1.04737700 24.91044200 -49.63339600
v 0.88338700 24.91044200 -49.63339600
v 0.88338800 16.07313300 -49.63339200
v 0.88338800 -2.47002600 -46.33534200
v 1.04737700 11.18983700 -46.33534200
v 0.88338800 11.18983700 -46.33534200
v 1.04737700 16.07313300 -46.33534200
v 0.88338700 16.07313300 -46.33534200
v 0.88338700 24.91044200 -46.33534600
v 1.04737700 24.91044200 -46.33534600
v 1.20529700 24.91044200 -46.33534600
v 1.20529700 16.07313300 -46.33534200
v 1.20529700 11.18983700 -46.33534200
v 1.20529800 -2.47002600 -46.33534200
v 1.04737800 -2.47002600 -46.33534200
vn -0.00000000 0.99970000 0.02420000
vn -0.00000000 0.99970000 0.02610000
vn -0.00000000 0.99970000 0.02420000
vn -0.00000000 0.99970000 0.02610000
vn -0.00000000 -0.99970000 -0.02420000
vn -0.00000000 -0.99970000 -0.02610000
vn -0.00000000 -0.99970000 -0.02420000
vn -0.00000000 -0.99970000 -0.02610000
vn -0.00000000 -0.99970000 -0.02410000
vn -0.00000000 -0.99980000 -0.02200000
vn -0.00000000 -0.99970000 -0.02410000
vn -0.00000000 -0.99980000 -0.02200000
vn -0.00000000 0.99970000 0.02410000
vn -0.00000000 0.99980000 0.02200000
vn -0.00000000 0.99970000 0.02410000
vn -0.00000000 0.99980000 0.02200000
vn -0.99390000 -0.00220000 0.11040000
vn -0.99390000 -0.00220000 0.11040000
vn -1.00000000 -0.00000000 -0.00000000
vn -1.00000000 -0.00000000 -0.00000000
vn 0.99390000 -0.00220000 0.11040000
vn 0.99390000 -0.00220000 0.11040000
vn 1.00000000 -0.00000000 -0.00000000
vn 1.00000000 -0.00000000 -0.00000000
vn -1.00000000 -0.00000000 -0.00000000
vn -0.99390000 -0.00220000 -0.11040000
vn -1.00000000 -0.00000000 -0.00000000
vn -0.99390000 -0.00220000 -0.11040000
vn 1.00000000 -0.00000000 -0.00000000
vn 0.99390000 -0.00220000 -0.11040000
vn 1.00000000 -0.00000000 -0.00000000
vn 0.99390000 -0.00220000 -0.11040000
vn -0.00000000 1.00000000 -0.00000000
vn -0.00000000 1.00000000 -0.00000000
vn -0.00000000 1.00000000 -0.00000000
vn -0.00000000 1.00000000 -0.00000000
vn -0.00000000 -1.00000000 -0.00000000
vn -0.00000000 -1.00000000 -0.00000000
vn -0.00000000 -1.00000000 -0.00000000
vn -0.00000000 -1.00000000 -0.00000000
vn 0.01590000 -0.99990000 0.00200000
vn 0.01590000 -0.99990000 0.00200000
vn 0.01190000 -0.99990000 -0.00010000
vn 0.01180000 -0.99990000 -0.00010000
vn 0.01600000 0.99990000 0.00200000
vn 0.01590000 0.99990000 0.00200000
vn 0.01190000 0.99990000 -0.00000000
vn 0.01190000 0.99990000 -0.00000000
vn -0.00000000 1.00000000 -0.00000000
vn -0.00000000 1.00000000 -0.00000000
vn -0.00000000 1.00000000 -0.00000000
vn -0.00000000 1.00000000 -0.00000000
vn -0.00000000 -1.00000000 -0.00000000
vn -0.00000000 -1.00000000 -0.00000000
vn -0.00000000 -1.00000000 -0.00000000
vn -0.00000000 -1.00000000 -0.00000000
vn 0.01180000 -0.99990000 0.00010000
vn 0.01590000 -0.99990000 -0.00200000
vn 0.01190000 -0.99990000 0.00010000
vn 0.01600000 -0.99990000 -0.00200000
vn 0.01190000 0.99990000 -0.00000000
vn 0.01590000 0.99990000 -0.00200000
vn 0.01190000 0.99990000 -0.00000000
vn 0.01600000 0.99990000 -0.00200000
vn -0.00000000 -1.00000000 -0.00000000
vn -0.00000000 -1.00000000 -0.00000000
vn -0.00000000 -1.00000000 -0.00000000
vn -0.00000000 -1.00000000 -0.00000000
vn -0.00000000 -1.00000000 -0.00000000
vn -0.00000000 -1.00000000 -0.00000000
vn -0.00000000 -1.00000000 -0.00000000
vn -0.00000000 -1.00000000 -0.00000000
vn -0.00000000 -1.00000000 -0.00000000
vn -0.00000000 -1.00000000 -0.00000000
vn -0.00000000 -1.00000000 -0.00000000
vn -0.00000000 -1.00000000 -0.00000000
vn -0.00000000 -1.00000000 -0.00000000
vn -0.00000000 -1.00000000 -0.00000000
vn -0.00000000 -1.00000000 -0.00000000
vn -0.00000000 -1.00000000 -0.00000000
vn -0.00000000 -1.00000000 -0.00000000
vn -0.00000000 -1.00000000 -0.00000000
vn -0.00000000 -1.00000000 -0.00000000
vn -0.00000000 -1.00000000 -0.00000000
vn -0.00000000 -1.00000000 -0.00000000
vn -0.00000000 -1.00000000 -0.00000000
vn -0.00000000 -1.00000000 -0.00000000
vn -0.00000000 -1.00000000 -0.00000000
vn -0.00000000 -1.00000000 -0.00000000
vn -0.00000000 -1.00000000 -0.00000000
vn -0.00000000 -1.00000000 -0.00000000
vn -0.00000000 -1.00000000 -0.00000000
vn -0.00000000 -1.00000000 -0.00000000
vn -0.00000000 -1.00000000 -0.00000000
vn -0.00000000 -1.00000000 -0.00000000
vn -0.00000000 -1.00000000 -0.00000000
vn -1.00000000 -0.00000000 -0.00000000
vn -1.00000000 -0.00000000 -0.00000000
vn -1.00000000 -0.00000000 -0.00000000
vn -1.00000000 -0.00000000 -0.00000000
vn -1.00000000 -0.00000000 -0.00000000
vn -1.00000000 -0.00000000 -0.00000000
vn -1.00000000 -0.00000000 -0.00000000
vn -1.00000000 -0.00000000 -0.00000000
vn -1.00000000 -0.00000000 -0.00000000
vn -1.00000000 -0.00000000 -0.00000000
vn -1.00000000 -0.00000000 -0.00000000
vn -1.00000000 -0.00000000 -0.00000000
vn 1.00000000 -0.00000000 -0.00000000
vn 1.00000000 -0.00000000 -0.00000000
vn 1.00000000 -0.00000000 -0.00000000
vn 1.00000000 -0.00000000 -0.00000000
vn 1.00000000 -0.00000000 -0.00000000
vn 1.00000000 -0.00000000 -0.00000000
vn 1.00000000 -0.00000000 -0.00000000
vn 1.00000000 -0.00000000 -0.00000000
vn 1.00000000 -0.00000000 -0.00000000
vn 1.00000000 -0.00000000 -0.00000000
vn 1.00000000 -0.00000000 -0.00000000
vn 1.00000000 -0.00000000 -0.00000000
vn -0.00000000 -0.00000000 -1.00000000
vn -0.00000000 -0.00000000 -1.00000000
vn -0.00000000 -0.00000000 -1.00000000
vn -0.00000000 -0.00000000 -1.00000000
vn -0.00000000 -0.00000000 -1.00000000
vn -0.00000000 -0.00000000 -1.00000000
vn -0.00000000 -0.00000000 -1.00000000
vn -0.00000000 -0.00000000 -1.00000000
vn -0.00000000 -0.00000000 -1.00000000
vn -0.00000000 -0.00000000 -1.00000000
vn -0.00000000 -0.00000000 -1.00000000
vn -0.00000000 -0.00000000 -1.00000000
vn -0.00000000 -0.00000000 1.00000000
vn -0.00000000 -0.00000000 1.00000000
vn -0.00000000 -0.00000000 1.00000000
vn -0.00000000 -0.00000000 1.00000000
vn -0.00000000 -0.00000000 1.00000000
vn -0.00000000 -0.00000000 1.00000000
vn -0.00000000 -0.00000000 1.00000000
vn -0.00000000 -0.00000000 1.00000000
vn -0.00000000 -0.00000000 1.00000000
vn -0.00000000 -0.00000000 1.00000000
vn -0.00000000 -0.00000000 1.00000000
vn -0.00000000 -0.00000000 1.00000000
vn -1.00000000 -0.00000000 -0.00000000
vn -1.00000000 -0.00000000 -0.00000000
vn -1.00000000 -0.00000000 -0.00000000
vn -1.00000000 -0.00000000 -0.00000000
vn -1.00000000 -0.00000000 -0.00000000
vn -1.00000000 -0.00000000 -0.00000000
vn -1.00000000 -0.00000000 -0.00000000
vn -1.00000000 -0.00000000 -0.00000000
vn -1.00000000 -0.00000000 -0.00000000
vn -1.00000000 -0.00000000 -0.00000000
vn -1.00000000 -0.00000000 -0.00000000
vn -1.00000000 -0.00000000 -0.00000000
vn 1.00000000 -0.00000000 -0.00000000
vn 1.00000000 -0.00000000 -0.00000000
vn 1.00000000 -0.00000000 -0.00000000
vn 1.00000000 -0.00000000 -0.00000000
vn 1.00000000 -0.00000000 -0.00000000
vn 1.00000000 -0.00000000 -0.00000000
vn 1.00000000 -0.00000000 -0.00000000
vn 1.00000000 -0.00000000 -0.00000000
vn 1.00000000 -0.00000000 -0.00000000
vn 1.00000000 -0.00000000 -0.00000000
vn 1.00000000 -0.00000000 -0.00000000
vn 1.00000000 -0.00000000 -0.00000000
vn -0.00000000 -0.00000000 -1.00000000
vn -0.00000000 -0.00000000 -1.00000000
vn -0.00000000 -0.00000000 -1.00000000
vn -0.00000000 -0.00000000 -1.00000000
vn -0.00000000 -0.00000000 -1.00000000
vn 0.00200000 -0.00000000 -1.00000000
vn 0.00200000 -0.00000000 -1.00000000
vn -0.00000000 -0.00000000 -1.00000000
vn -0.00000000 -0.00000000 -1.00000000
vn -0.00000000 -0.00000000 -1.00000000
vn -0.00000000 -0.00000000 -1.00000000
vn -0.00000000 -0.00000000 -1.00000000
vn -0.00000000 -0.70580000 0.70840000
vn -0.00000000 -0.00000000 1.00000000
vn -0.00000000 -0.70580000 0.70840000
vn -0.00000000 -0.70580000 0.70840000
vn -0.00000000 -0.00000000 1.00000000
vn -0.00000000 -0.00000000 1.00000000
vn -0.00000000 -0.00000000 1.00000000
vn -0.00000000 -0.00000000 1.00000000
vn -0.00000000 -0.00000000 1.00000000
vn -0.00000000 -0.00000000 1.00000000
vn -0.00000000 -0.00000000 1.00000000
vn -0.00000000 -0.00000000 1.00000000
vn -1.00000000 -0.00000000 -0.00000000
vn -1.00000000 -0.00000000 -0.00000000
vn -1.00000000 -0.00000000 -0.00000000
vn -1.00000000 -0.00000000 -0.00000000
vn -1.00000000 -0.00000000 -0.00000000
vn -1.00000000 -0.00000000 -0.00000000
vn -1.00000000 -0.00000000 -0.00000000
vn -1.00000000 -0.00000000 -0.00000000
vn -1.00000000 -0.00000000 -0.00000000
vn -1.00000000 -0.00000000 -0.00000000
vn -1.00000000 -0.00000000 -0.00000000
vn -1.00000000 -0.00000000 -0.00000000
vn 1.00000000 -0.00000000 -0.00000000
vn 1.00000000 -0.00000000 -0.00000000
vn 1.00000000 -0.00000000 -0.00000000
vn 1.00000000 -0.00000000 -0.00000000
vn 1.00000000 -0.00000000 -0.00000000
vn 1.00000000 -0.00000000 -0.00000000
vn 1.00000000 -0.00000000 -0.00000000
vn 1.00000000 -0.00000000 -0.00000000
vn 1.00000000 -0.00000000 -0.00000000
vn 1.00000000 -0.00000000 -0.00000000
vn 1.00000000 -0.00000000 -0.00000000
vn 1.00000000 -0.00000000 -0.00000000
vn -0.00000000 -0.00000000 -1.00000000
vn -0.00000000 -0.00000000 -1.00000000
vn -0.00000000 -0.00000000 -1.00000000
vn -0.00000000 -0.00000000 -1.00000000
vn -0.00000000 -0.00000000 -1.00000000
vn -0.00000000 -0.00000000 -1.00000000
vn -0.00000000 -0.00000000 -1.00000000
vn -0.00000000 -0.00000000 -1.00000000
vn -0.00000000 -0.00000000 -1.00000000
vn -0.00000000 -0.00000000 -1.00000000
vn -0.00000000 -0.00000000 -1.00000000
vn -0.00000000 -0.00000000 -1.00000000
vn -0.00000000 -0.00000000 1.00000000
vn -0.00000000 -0.00000000 1.00000000
vn -0.00000000 -0.00000000 1.00000000
vn -0.00000000 -0.00000000 1.00000000
vn -0.00000000 -0.00000000 1.00000000
vn -0.00000000 -0.00000000 1.00000000
vn -0.00000000 -0.00000000 1.00000000
vn -0.00000000 -0.00000000 1.00000000
vn -0.00000000 -0.00000000 1.00000000
vn -0.00000000 -0.00000000 1.00000000
vn -0.00000000 -0.00000000 1.00000000
vn -0.00000000 -0.00000000 1.00000000
vn -1.00000000 -0.00000000 -0.00000000
vn -1.00000000 -0.00000000 -0.00000000
vn -1.00000000 -0.00000000 -0.00000000
vn -1.00000000 -0.00000000 -0.00000000
vn -1.00000000 -0.00000000 -0.00000000
vn -1.00000000 -0.00000000 -0.00000000
vn -1.00000000 -0.00000000 -0.00000000
vn -1.00000000 -0.00000000 -0.00000000
vn -1.00000000 -0.00000000 -0.00000000
vn -1.00000000 -0.00000000 -0.00000000
vn -1.00000000 -0.00000000 -0.00000000
vn -1.00000000 -0.00000000 -0.00000000
vn 1.00000000 -0.00000000 -0.00000000
vn 1.00000000 -0.00000000 -0.00000000
vn 1.00000000 -0.00000000 -0.00000000
vn 1.00000000 -0.00000000 -0.00000000
vn 1.00000000 -0.00000000 -0.00000000
vn 1.00000000 -0.00000000 -0.00000000
vn 1.00000000 -0.00000000 -0.00000000
vn 1.00000000 -0.00000000 -0.00000000
vn 1.00000000 -0.00000000 -0.00000000
vn 1.00000000 -0.00000000 -0.00000000
vn 1.00000000 -0.00000000 -0.00000000
vn 1.00000000 -0.00000000 -0.00000000
vn -0.00000000 -0.00000000 -1.00000000
vn -0.00000000 -0.00000000 -1.00000000
vn -0.00000000 -0.00000000 -1.00000000
vn -0.00000000 -0.00000000 -1.00000000
vn -0.00000000 -0.00000000 -1.00000000
vn 0.00200000 -0.00000000 -1.00000000
vn 0.00200000 -0.00000000 -1.00000000
vn -0.00000000 -0.00000000 -1.00000000
vn -0.00000000 -0.00000000 -1.00000000
vn -0.00000000 -0.00000000 -1.00000000
vn -0.00000000 -0.00000000 -1.00000000
vn -0.00000000 -0.00000000 -1.00000000
vn -0.00000000 -0.70580000 0.70840000
vn -0.00000000 -0.00000000 1.00000000
vn -0.00000000 -0.70580000 0.70840000
vn -0.00000000 -0.70580000 0.70840000
vn -0.00000000 -0.00000000 1.00000000
vn -0.00000000 -0.00000000 1.00000000
vn -0.00000000 -0.00000000 1.00000000
vn -0.00000000 -0.00000000 1.00000000
vn -0.00000000 -0.00000000 1.00000000
vn -0.00000000 -0.00000000 1.00000000
vn -0.00000000 -0.00000000 1.00000000
vn -0.00000000 -0.00000000 1.00000000
vn -1.00000000 -0.00000000 -0.00000000
vn -1.00000000 -0.00000000 -0.00000000
vn -1.00000000 -0.00000000 -0.00000000
vn -1.00000000 -0.00000000 -0.00000000
vn -1.00000000 -0.00000000 -0.00000000
vn -1.00000000 -0.00000000 -0.00000000
vn -1.00000000 -0.00000000 -0.00000000
vn -1.00000000 -0.00000000 -0.00000000
vn -1.00000000 -0.00000000 -0.00000000
vn -1.00000000 -0.00000000 -0.00000000
vn -1.00000000 -0.00000000 -0.00000000
vn -1.00000000 -0.00000000 -0.00000000
vn 1.00000000 -0.00000000 -0.00000000
vn 1.00000000 -0.00000000 -0.00000000
vn 1.00000000 -0.00000000 -0.00000000
vn 1.00000000 -0.00000000 -0.00000000
vn 1.00000000 -0.00000000 -0.00000000
vn 1.00000000 -0.00000000 -0.00000000
vn 1.00000000 -0.00000000 -0.00000000
vn 1.00000000 -0.00000000 -0.00000000
vn 1.00000000 -0.00000000 -0.00000000
vn 1.00000000 -0.00000000 -0.00000000
vn 1.00000000 -0.00000000 -0.00000000
vn 1.00000000 -0.00000000 -0.00000000
vn -0.00000000 -0.00000000 1.00000000
vn -0.00000000 -0.00000000 1.00000000
vn -0.00000000 -0.00000000 1.00000000
vn -0.00000000 -0.00000000 1.00000000
vn -0.00000000 -0.00000000 1.00000000
vn -0.00000000 -0.00000000 1.00000000
vn -0.00000000 -0.00000000 1.00000000
vn -0.00000000 -0.00000000 1.00000000
vn -0.00000000 -0.00000000 1.00000000
vn -0.00000000 -0.00000000 1.00000000
vn -0.00000000 -0.00000000 1.00000000
vn -0.00000000 -0.00000000 1.00000000
vn -0.00000000 -0.00000000 -1.00000000
vn -0.00000000 -0.00000000 -1.00000000
vn -0.00000000 -0.00000000 -1.00000000
vn -0.00000000 -0.00000000 -1.00000000
vn -0.00000000 -0.00000000 -1.00000000
vn -0.00000000 -0.00000000 -1.00000000
vn -0.00000000 -0.00000000 -1.00000000
vn -0.00000000 -0.00000000 -1.00000000
vn -0.00000000 -0.00000000 -1.00000000
vn -0.00000000 -0.00000000 -1.00000000
vn -0.00000000 -0.00000000 -1.00000000
vn -0.00000000 -0.00000000 -1.00000000
vn -1.00000000 -0.00000000 -0.00000000
vn -1.00000000 -0.00000000 -0.00000000
vn -1.00000000 -0.00000000 -0.00000000
vn -1.00000000 -0.00000000 -0.00000000
vn -1.00000000 -0.00000000 -0.00000000
vn -1.00000000 -0.00000000 -0.00000000
vn -1.00000000 -0.00000000 -0.00000000
vn -1.00000000 -0.00000000 -0.00000000
vn -1.00000000 -0.00000000 -0.00000000
vn -1.00000000 -0.00000000 -0.00000000
vn -1.00000000 -0.00000000 -0.00000000
vn -1.00000000 -0.00000000 -0.00000000
vn 1.00000000 -0.00000000 -0.00000000
vn 1.00000000 -0.00000000 -0.00000000
vn 1.00000000 -0.00000000 -0.00000000
vn 1.00000000 -0.00000000 -0.00000000
vn 1.00000000 -0.00000000 -0.00000000
vn 1.00000000 -0.00000000 -0.00000000
vn 1.00000000 -0.00000000 -0.00000000
vn 1.00000000 -0.00000000 -0.00000000
vn 1.00000000 -0.00000000 -0.00000000
vn 1.00000000 -0.00000000 -0.00000000
vn 1.00000000 -0.00000000 -0.00000000
vn 1.00000000 -0.00000000 -0.00000000
vn -0.00000000 -0.00000000 1.00000000
vn -0.00000000 -0.00000000 1.00000000
vn -0.00000000 -0.00000000 1.00000000
vn -0.00000000 -0.00000000 1.00000000
vn -0.00000000 -0.00000000 1.00000000
vn 0.00200000 -0.00000000 1.00000000
vn 0.00200000 -0.00000000 1.00000000
vn -0.00000000 -0.00000000 1.00000000
vn -0.00000000 -0.00000000 1.00000000
vn -0.00000000 -0.00000000 1.00000000
vn -0.00000000 -0.00000000 1.00000000
vn -0.00000000 -0.00000000 1.00000000
vn -0.00000000 0.70850000 -0.70570000
vn -0.00000000 -0.00000000 -1.00000000
vn -0.00000000 0.70850000 -0.70570000
vn -0.00000000 0.70850000 -0.70570000
vn -0.00000000 -0.00000000 -1.00000000
vn -0.00000000 -0.00000000 -1.00000000
vn -0.00000000 -0.00000000 -1.00000000
vn -0.00000000 -0.00000000 -1.00000000
vn -0.00000000 -0.00000000 -1.00000000
vn -0.00000000 -0.00000000 -1.00000000
vn -0.00000000 -0.00000000 -1.00000000
vn -0.00000000 -0.00000000 -1.00000000
vn -1.00000000 -0.00000000 -0.00000000
vn -1.00000000 -0.00000000 -0.00000000
vn -1.00000000 -0.00000000 -0.00000000
vn -1.00000000 -0.00000000 -0.00000000
vn -1.00000000 -0.00000000 -0.00000000
vn -1.00000000 -0.00000000 -0.00000000
vn -1.00000000 -0.00000000 -0.00000000
vn -1.00000000 -0.00000000 -0.00000000
vn -1.00000000 -0.00000000 -0.00000000
vn -1.00000000 -0.00000000 -0.00000000
vn -1.00000000 -0.00000000 -0.00000000
vn -1.00000000 -0.00000000 -0.00000000
vn 1.00000000 -0.00000000 -0.00000000
vn 1.00000000 -0.00000000 -0.00000000
vn 1.00000000 -0.00000000 -0.00000000
vn 1.00000000 -0.00000000 -0.00000000
vn 1.00000000 -0.00000000 -0.00000000
vn 1.00000000 -0.00000000 -0.00000000
vn 1.00000000 -0.00000000 -0.00000000
vn 1.00000000 -0.00000000 -0.00000000
vn 1.00000000 -0.00000000 -0.00000000
vn 1.00000000 -0.00000000 -0.00000000
vn 1.00000000 -0.00000000 -0.00000000
vn 1.00000000 -0.00000000 -0.00000000
vn -0.00000000 -0.00000000 1.00000000
vn -0.00000000 -0.00000000 1.00000000
vn -0.00000000 -0.00000000 1.00000000
vn -0.00000000 -0.00000000 1.00000000
vn -0.00000000 -0.00000000 1.00000000
vn -0.00000000 -0.00000000 1.00000000
vn -0.00000000 -0.00000000 1.00000000
vn -0.00000000 -0.00000000 1.00000000
vn -0.00000000 -0.00000000 1.00000000
vn -0.00000000 -0.00000000 1.00000000
vn -0.00000000 -0.00000000 1.00000000
vn -0.00000000 -0.00000000 1.00000000
vn -0.00000000 -0.00000000 -1.00000000
vn -0.00000000 -0.00000000 -1.00000000
vn -0.00000000 -0.00000000 -1.00000000
vn -0.00000000 -0.00000000 -1.00000000
vn -0.00000000 -0.00000000 -1.00000000
vn -0.00000000 -0.00000000 -1.00000000
vn -0.00000000 -0.00000000 -1.00000000
vn -0.00000000 -0.00000000 -1.00000000
vn -0.00000000 -0.00000000 -1.00000000
vn -0.00000000 -0.00000000 -1.00000000
vn -0.00000000 -0.00000000 -1.00000000
vn -0.00000000 -0.00000000 -1.00000000
vn -1.00000000 -0.00000000 -0.00000000
vn -1.00000000 -0.00000000 -0.00000000
vn -1.00000000 -0.00000000 -0.00000000
vn -1.00000000 -0.00000000 -0.00000000
vn -1.00000000 -0.00000000 -0.00000000
vn -1.00000000 -0.00000000 -0.00000000
vn -1.00000000 -0.00000000 -0.00000000
vn -1.00000000 -0.00000000 -0.00000000
vn -1.00000000 -0.00000000 -0.00000000
vn -1.00000000 -0.00000000 -0.00000000
vn -1.00000000 -0.00000000 -0.00000000
vn -1.00000000 -0.00000000 -0.00000000
vn 1.00000000 -0.00000000 -0.00000000
vn 1.00000000 -0.00000000 -0.00000000
vn 1.00000000 -0.00000000 -0.00000000
vn 1.00000000 -0.00000000 -0.00000000
vn 1.00000000 -0.00000000 -0.00000000
vn 1.00000000 -0.00000000 -0.00000000
vn 1.00000000 -0.00000000 -0.00000000
vn 1.00000000 -0.00000000 -0.00000000
vn 1.00000000 -0.00000000 -0.00000000
vn 1.00000000 -0.00000000 -0.00000000
vn 1.00000000 -0.00000000 -0.00000000
vn 1.00000000 -0.00000000 -0.00000000
vn -0.00000000 -0.00000000 1.00000000
vn -0.00000000 -0.00000000 1.00000000
vn -0.00000000 -0.00000000 1.00000000
vn -0.00000000 -0.00000000 1.00000000
vn -0.00000000 -0.00000000 1.00000000
vn 0.00200000 -0.00000000 1.00000000
vn 0.00200000 -0.00000000 1.00000000
vn -0.00000000 -0.00000000 1.00000000
vn 0.00010000 -0.00000000 1.00000000
vn -0.00000000 -0.00000000 1.00000000
vn -0.00000000 -0.00000000 1.00000000
vn -0.00000000 -0.00000000 1.00000000
vn -0.00000000 -0.00000000 1.00000000
vn -0.00000000 0.70850000 -0.70570000
vn -0.00000000 -0.00000000 -1.00000000
vn -0.00000000 0.70850000 -0.70570000
vn -0.00000000 0.70850000 -0.70570000
vn -0.00000000 -0.00000000 -1.00000000
vn -0.00000000 -0.00000000 -1.00000000
vn -0.00000000 -0.00000000 -1.00000000
vn -0.00000000 -0.00000000 -1.00000000
vn -0.00000000 -0.00000000 -1.00000000
vn -0.00000000 -0.00000000 -1.00000000
vn -0.00000000 -0.00000000 -1.00000000
vn -0.00000000 -0.00000000 -1.00000000
vn -1.00000000 -0.00000000 -0.00000000
vn -1.00000000 -0.00000000 -0.00000000
vn -1.00000000 -0.00000000 -0.00000000
vn -1.00000000 -0.00000000 -0.00000000
vn -1.00000000 -0.00000000 -0.00000000
vn -1.00000000 -0.00000000 -0.00000000
vn -1.00000000 -0.00000000 -0.00000000
vn -1.00000000 -0.00000000 -0.00000000
vn -1.00000000 -0.00000000 -0.00000000
vn -1.00000000 -0.00000000 -0.00000000
vn -1.00000000 -0.00000000 -0.00000000
vn -1.00000000 -0.00000000 -0.00000000
vn 1.00000000 -0.00000000 -0.00000000
vn 1.00000000 -0.00000000 -0.00000000
vn 1.00000000 -0.00000000 -0.00000000
vn 1.00000000 -0.00000000 -0.00000000
vn 1.00000000 -0.00000000 -0.00000000
vn 1.00000000 -0.00000000 -0.00000000
vn 1.00000000 -0.00000000 -0.00000000
vn 1.00000000 -0.00000000 -0.00000000
vn 1.00000000 -0.00000000 -0.00000000
vn 1.00000000 -0.00000000 -0.00000000
vn 1.00000000 -0.00000000 -0.00000000
vn 1.00000000 -0.00000000 -0.00000000
vn -0.00000000 -0.00000000 1.00000000
vn -0.00000000 -0.00000000 1.00000000
vn -0.00000000 -0.00000000 1.00000000
vn -0.00000000 -0.00000000 1.00000000
vn -0.00000000 -0.00000000 1.00000000
vn -0.00000000 -0.00000000 1.00000000
vn -0.00000000 -0.00000000 1.00000000
vn -0.00000000 -0.00000000 1.00000000
vn -0.00000000 -0.00000000 1.00000000
vn -0.00000000 -0.00000000 1.00000000
vn -0.00000000 -0.00000000 1.00000000
vn -0.00000000 -0.00000000 1.00000000
vn -0.00000000 -0.00000000 -1.00000000
vn -0.00000000 -0.00000000 -1.00000000
vn -0.00000000 -0.00000000 -1.00000000
vn -0.00000000 -0.00000000 -1.00000000
vn -0.00000000 -0.00000000 -1.00000000
vn -0.00000000 -0.00000000 -1.00000000
vn -0.00000000 -0.00000000 -1.00000000
vn -0.00000000 -0.00000000 -1.00000000
vn -0.00000000 -0.00000000 -1.00000000
vn -0.00000000 -0.00000000 -1.00000000
vn -0.00000000 -0.00000000 -1.00000000
vn -0.00000000 -0.00000000 -1.00000000
vn -1.00000000 -0.00000000 -0.00000000
vn -1.00000000 -0.00000000 -0.00000000
vn -1.00000000 -0.00000000 -0.00000000
vn -1.00000000 -0.00000000 -0.00000000
vn -1.00000000 -0.00000000 -0.00000000
vn -1.00000000 -0.00000000 -0.00000000
vn -1.00000000 -0.00000000 -0.00000000
vn -1.00000000 -0.00000000 -0.00000000
vn -1.00000000 -0.00000000 -0.00000000
vn -1.00000000 -0.00000000 -0.00000000
vn -1.00000000 -0.00000000 -0.00000000
vn -1.00000000 -0.00000000 -0.00000000
vn 1.00000000 -0.00000000 -0.00000000
vn 1.00000000 -0.00000000 -0.00000000
vn 1.00000000 -0.00000000 -0.00000000
vn 1.00000000 -0.00000000 -0.00000000
vn 1.00000000 -0.00000000 -0.00000000
vn 1.00000000 -0.00000000 -0.00000000
vn 1.00000000 -0.00000000 -0.00000000
vn 1.00000000 -0.00000000 -0.00000000
vn 1.00000000 -0.00000000 -0.00000000
vn 1.00000000 -0.00000000 -0.00000000
vn 1.00000000 -0.00000000 -0.00000000
vn 1.00000000 -0.00000000 -0.00000000
vn -0.00000000 -0.00000000 1.00000000
vn -0.00000000 -0.00000000 1.00000000
vn -0.00000000 -0.00000000 1.00000000
vn -0.00000000 -0.00000000 1.00000000
vn -0.00000000 -0.00000000 1.00000000
vn -0.00000000 -0.00000000 1.00000000
vn -0.00000000 -0.00000000 1.00000000
vn -0.00000000 -0.00000000 1.00000000
vn 0.00200000 -0.00000000 1.00000000
vn 0.00200000 -0.00000000 1.00000000
vn -0.00000000 -0.00000000 1.00000000
vn -0.00000000 -0.00000000 1.00000000
vn -0.00000000 -0.70850000 -0.70570000
vn -0.00000000 -0.00000000 -1.00000000
vn -0.00000000 -0.00000000 -1.00000000
vn -0.00000000 -0.00000000 -1.00000000
vn -0.00000000 -0.00000000 -1.00000000
vn -0.00000000 -0.00000000 -1.00000000
vn -0.00000000 -0.00000000 -1.00000000
vn -0.00000000 -0.00000000 -1.00000000
vn -0.00000000 -0.00000000 -1.00000000
vn -0.00000000 -0.00000000 -1.00000000
vn -0.00000000 -0.70850000 -0.70570000
vn -0.00000000 -0.70850000 -0.70570000
vn -1.00000000 -0.00000000 -0.00000000
vn -1.00000000 -0.00000000 -0.00000000
vn -1.00000000 -0.00000000 -0.00000000
vn -1.00000000 -0.00000000 -0.00000000
vn -1.00000000 -0.00000000 -0.00000000
vn -1.00000000 -0.00000000 -0.00000000
vn -1.00000000 -0.00000000 -0.00000000
vn -1.00000000 -0.00000000 -0.00000000
vn -1.00000000 -0.00000000 -0.00000000
vn -1.00000000 -0.00000000 -0.00000000
vn -1.00000000 -0.00000000 -0.00000000
vn -1.00000000 -0.00000000 -0.00000000
vn 1.00000000 -0.00000000 -0.00000000
vn 1.00000000 -0.00000000 -0.00000000
vn 1.00000000 -0.00000000 -0.00000000
vn 1.00000000 -0.00000000 -0.00000000
vn 1.00000000 -0.00000000 -0.00000000
vn 1.00000000 -0.00000000 -0.00000000
vn 1.00000000 -0.00000000 -0.00000000
vn 1.00000000 -0.00000000 -0.00000000
vn 1.00000000 -0.00000000 -0.00000000
vn 1.00000000 -0.00000000 -0.00000000
vn 1.00000000 -0.00000000 -0.00000000
vn 1.00000000 -0.00000000 -0.00000000
vn -0.00000000 -0.00000000 1.00000000
vn -0.00000000 -0.00000000 1.00000000
vn -0.00000000 -0.00000000 1.00000000
vn -0.00000000 -0.00000000 1.00000000
vn -0.00000000 -0.00000000 1.00000000
vn -0.00000000 -0.00000000 1.00000000
vn -0.00000000 -0.00000000 1.00000000
vn -0.00000000 -0.00000000 1.00000000
vn -0.00000000 -0.00000000 1.00000000
vn -0.00000000 -0.00000000 1.00000000
vn -0.00000000 -0.00000000 1.00000000
vn -0.00000000 -0.00000000 1.00000000
vn -0.00000000 -0.00000000 -1.00000000
vn -0.00000000 -0.00000000 -1.00000000
vn -0.00000000 -0.00000000 -1.00000000
vn -0.00000000 -0.00000000 -1.00000000
vn -0.00000000 -0.00000000 -1.00000000
vn -0.00000000 -0.00000000 -1.00000000
vn -0.00000000 -0.00000000 -1.00000000
vn -0.00000000 -0.00000000 -1.00000000
vn -0.00000000 -0.00000000 -1.00000000
vn -0.00000000 -0.00000000 -1.00000000
vn -0.00000000 -0.00000000 -1.00000000
vn -0.00000000 -0.00000000 -1.00000000
vn -1.00000000 -0.00000000 -0.00000000
vn -1.00000000 -0.00000000 -0.00000000
vn -1.00000000 -0.00000000 -0.00000000
vn -1.00000000 -0.00000000 -0.00000000
vn -1.00000000 -0.00000000 -0.00000000
vn -1.00000000 -0.00000000 -0.00000000
vn -1.00000000 -0.00000000 -0.00000000
vn -1.00000000 -0.00000000 -0.00000000
vn -1.00000000 -0.00000000 -0.00000000
vn -1.00000000 -0.00000000 -0.00000000
vn -1.00000000 -0.00000000 -0.00000000
vn -1.00000000 -0.00000000 -0.00000000
vn 1.00000000 -0.00000000 -0.00000000
vn 1.00000000 -0.00000000 -0.00000000
vn 1.00000000 -0.00000000 -0.00000000
vn 1.00000000 -0.00000000 -0.00000000
vn 1.00000000 -0.00000000 -0.00000000
vn 1.00000000 -0.00000000 -0.00000000
vn 1.00000000 -0.00000000 -0.00000000
vn 1.00000000 -0.00000000 -0.00000000
vn 1.00000000 -0.00000000 -0.00000000
vn 1.00000000 -0.00000000 -0.00000000
vn 1.00000000 -0.00000000 -0.00000000
vn 1.00000000 -0.00000000 -0.00000000
vn -0.00000000 -0.00000000 1.00000000
vn -0.00000000 -0.00000000 1.00000000
vn -0.00000000 -0.00000000 1.00000000
vn -0.00000000 -0.00000000 1.00000000
vn -0.00000000 -0.00000000 1.00000000
vn -0.00000000 -0.00000000 1.00000000
vn -0.00000000 -0.00000000 1.00000000
vn -0.00000000 -0.00000000 1.00000000
vn 0.00200000 -0.00000000 1.00000000
vn 0.00200000 -0.00000000 1.00000000
vn -0.00000000 -0.00000000 1.00000000
vn -0.00000000 -0.00000000 1.00000000
vn -0.00000000 -0.70850000 -0.70570000
vn -0.00000000 -0.00000000 -1.00000000
vn -0.00000000 -0.00000000 -1.00000000
vn -0.00000000 -0.00000000 -1.00000000
vn -0.00000000 -0.00000000 -1.00000000
vn -0.00000000 -0.00000000 -1.00000000
vn -0.00000000 -0.00000000 -1.00000000
vn -0.00000000 -0.00000000 -1.00000000
vn -0.00000000 -0.00000000 -1.00000000
vn -0.00000000 -0.00000000 -1.00000000
vn -0.00000000 -0.70850000 -0.70570000
vn -0.00000000 -0.70850000 -0.70570000
vn -1.00000000 -0.00000000 -0.00000000
vn -1.00000000 -0.00000000 -0.00000000
vn -1.00000000 -0.00000000 -0.00000000
vn -1.00000000 -0.00000000 -0.00000000
vn -1.00000000 -0.00000000 -0.00000000
vn -1.00000000 -0.00000000 -0.00000000
vn -1.00000000 -0.00000000 -0.00000000
vn -1.00000000 -0.00000000 -0.00000000
vn -1.00000000 -0.00000000 -0.00000000
vn -1.00000000 -0.00000000 -0.00000000
vn -1.00000000 -0.00000000 -0.00000000
vn -1.00000000 -0.00000000 -0.00000000
vn 1.00000000 -0.00000000 -0.00000000
vn 1.00000000 -0.00000000 -0.00000000
vn 1.00000000 -0.00000000 -0.00000000
vn 1.00000000 -0.00000000 -0.00000000
vn 1.00000000 -0.00000000 -0.00000000
vn 1.00000000 -0.00000000 -0.00000000
vn 1.00000000 -0.00000000 -0.00000000
vn 1.00000000 -0.00000000 -0.00000000
vn 1.00000000 -0.00000000 -0.00000000
vn 1.00000000 -0.00000000 -0.00000000
vn 1.00000000 -0.00000000 -0.00000000
vn 1.00000000 -0.00000000 -0.00000000
vn -0.00000000 -0.00000000 -1.00000000
vn -0.00000000 -0.00000000 -1.00000000
vn -0.00000000 -0.00000000 -1.00000000
vn -0.00000000 -0.00000000 -1.00000000
vn -0.00000000 -0.00000000 -1.00000000
vn -0.00000000 -0.00000000 -1.00000000
vn -0.00000000 -0.00000000 -1.00000000
vn -0.00000000 -0.00000000 -1.00000000
vn -0.00000000 -0.00000000 -1.00000000
vn -0.00000000 -0.00000000 -1.00000000
vn -0.00000000 -0.00000000 -1.00000000
vn -0.00000000 -0.00000000 -1.00000000
vn -0.00000000 -0.00000000 1.00000000
vn -0.00000000 -0.00000000 1.00000000
vn -0.00000000 -0.00000000 1.00000000
vn -0.00000000 -0.00000000 1.00000000
vn -0.00000000 -0.00000000 1.00000000
vn -0.00000000 -0.00000000 1.00000000
vn -0.00000000 -0.00000000 1.00000000
vn -0.00000000 -0.00000000 1.00000000
vn -0.00000000 -0.00000000 1.00000000
vn -0.00000000 -0.00000000 1.00000000
vn -0.00000000 -0.00000000 1.00000000
vn -0.00000000 -0.00000000 1.00000000
vn -1.00000000 -0.00000000 -0.00000000
vn -1.00000000 -0.00000000 -0.00000000
vn -1.00000000 -0.00000000 -0.00000000
vn -1.00000000 -0.00000000 -0.00000000
vn -1.00000000 -0.00000000 -0.00000000
vn -1.00000000 -0.00000000 -0.00000000
vn -1.00000000 -0.00000000 -0.00000000
vn -1.00000000 -0.00000000 -0.00000000
vn -1.00000000 -0.00000000 -0.00000000
vn -1.00000000 -0.00000000 -0.00000000
vn -1.00000000 -0.00000000 -0.00000000
vn -1.00000000 -0.00000000 -0.00000000
vn 1.00000000 -0.00000000 -0.00000000
vn 1.00000000 -0.00000000 -0.00000000
vn 1.00000000 -0.00000000 -0.00000000
vn 1.00000000 -0.00000000 -0.00000000
vn 1.00000000 -0.00000000 -0.00000000
vn 1.00000000 -0.00000000 -0.00000000
vn 1.00000000 -0.00000000 -0.00000000
vn 1.00000000 -0.00000000 -0.00000000
vn 1.00000000 -0.00000000 -0.00000000
vn 1.00000000 -0.00000000 -0.00000000
vn 1.00000000 -0.00000000 -0.00000000
vn 1.00000000 -0.00000000 -0.00000000
vn -0.00000000 -0.00000000 -1.00000000
vn -0.00000000 -0.00000000 -1.00000000
vn -0.00000000 -0.00000000 -1.00000000
vn -0.00000000 -0.00000000 -1.00000000
vn -0.00000000 -0.00000000 -1.00000000
vn -0.00000000 -0.00000000 -1.00000000
vn -0.00000000 -0.00000000 -1.00000000
vn -0.00000000 -0.00000000 -1.00000000
vn 0.00200000 -0.00000000 -1.00000000
vn 0.00200000 -0.00000000 -1.00000000
vn -0.00000000 -0.00000000 -1.00000000
vn -0.00000000 -0.00000000 -1.00000000
vn -0.00000000 0.70580000 0.70840000
vn -0.00000000 -0.00000000 1.00000000
vn -0.00000000 -0.00000000 1.00000000
vn -0.00000000 -0.00000000 1.00000000
vn -0.00000000 -0.00000000 1.00000000
vn -0.00000000 -0.00000000 1.00000000
vn -0.00000000 -0.00000000 1.00000000
vn -0.00000000 -0.00000000 1.00000000
vn -0.00000000 -0.00000000 1.00000000
vn -0.00000000 -0.00000000 1.00000000
vn -0.00000000 0.70580000 0.70840000
vn -0.00000000 0.70580000 0.70840000
vn -1.00000000 -0.00000000 -0.00000000
vn -1.00000000 -0.00000000 -0.00000000
vn -1.00000000 -0.00000000 -0.00000000
vn -1.00000000 -0.00000000 -0.00000000
vn -1.00000000 -0.00000000 -0.00000000
vn -1.00000000 -0.00000000 -0.00000000
vn -1.00000000 -0.00000000 -0.00000000
vn -1.00000000 -0.00000000 -0.00000000
vn -1.00000000 -0.00000000 -0.00000000
vn -1.00000000 -0.00000000 -0.00000000
vn -1.00000000 -0.00000000 -0.00000000
vn -1.00000000 -0.00000000 -0.00000000
vn 1.00000000 -0.00000000 -0.00000000
vn 1.00000000 -0.00000000 -0.00000000
vn 1.00000000 -0.00000000 -0.00000000
vn 1.00000000 -0.00000000 -0.00000000
vn 1.00000000 -0.00000000 -0.00000000
vn 1.00000000 -0.00000000 -0.00000000
vn 1.00000000 -0.00000000 -0.00000000
vn 1.00000000 -0.00000000 -0.00000000
vn 1.00000000 -0.00000000 -0.00000000
vn 1.00000000 -0.00000000 -0.00000000
vn 1.00000000 -0.00000000 -0.00000000
vn 1.00000000 -0.00000000 -0.00000000
vn -0.00000000 -0.00000000 -1.00000000
vn -0.00000000 -0.00000000 -1.00000000
vn -0.00000000 -0.00000000 -1.00000000
vn -0.00000000 -0.00000000 -1.00000000
vn -0.00000000 -0.00000000 -1.00000000
vn -0.00000000 -0.00000000 -1.00000000
vn -0.00000000 -0.00000000 -1.00000000
vn -0.00000000 -0.00000000 -1.00000000
vn -0.00000000 -0.00000000 -1.00000000
vn -0.00000000 -0.00000000 -1.00000000
vn -0.00000000 -0.00000000 -1.00000000
vn -0.00000000 -0.00000000 -1.00000000
vn -0.00000000 -0.00000000 1.00000000
vn -0.00000000 -0.00000000 1.00000000
vn -0.00000000 -0.00000000 1.00000000
vn -0.00000000 -0.00000000 1.00000000
vn -0.00000000 -0.00000000 1.00000000
vn -0.00000000 -0.00000000 1.00000000
vn -0.00000000 -0.00000000 1.00000000
vn -0.00000000 -0.00000000 1.00000000
vn -0.00000000 -0.00000000 1.00000000
vn -0.00000000 -0.00000000 1.00000000
vn -0.00000000 -0.00000000 1.00000000
vn -0.00000000 -0.00000000 1.00000000
vn -1.00000000 -0.00000000 -0.00000000
vn -1.00000000 -0.00000000 -0.00000000
vn -1.00000000 -0.00000000 -0.00000000
vn -1.00000000 -0.00000000 -0.00000000
vn -1.00000000 -0.00000000 -0.00000000
vn -1.00000000 -0.00000000 -0.00000000
vn -1.00000000 -0.00000000 -0.00000000
vn -1.00000000 -0.00000000 -0.00000000
vn -1.00000000 -0.00000000 -0.00000000
vn -1.00000000 -0.00000000 -0.00000000
vn -1.00000000 -0.00000000 -0.00000000
vn -1.00000000 -0.00000000 -0.00000000
vn 1.00000000 -0.00000000 -0.00000000
vn 1.00000000 -0.00000000 -0.00000000
vn 1.00000000 -0.00000000 -0.00000000
vn 1.00000000 -0.00000000 -0.00000000
vn 1.00000000 -0.00000000 -0.00000000
vn 1.00000000 -0.00000000 -0.00000000
vn 1.00000000 -0.00000000 -0.00000000
vn 1.00000000 -0.00000000 -0.00000000
vn 1.00000000 -0.00000000 -0.00000000
vn 1.00000000 -0.00000000 -0.00000000
vn 1.00000000 -0.00000000 -0.00000000
vn 1.00000000 -0.00000000 -0.00000000
vn -0.00000000 -0.00000000 -1.00000000
vn -0.00000000 -0.00000000 -1.00000000
vn -0.00000000 -0.00000000 -1.00000000
vn -0.00000000 -0.00000000 -1.00000000
vn -0.00000000 -0.00000000 -1.00000000
vn -0.00000000 -0.00000000 -1.00000000
vn -0.00000000 -0.00000000 -1.00000000
vn -0.00000000 -0.00000000 -1.00000000
vn 0.00010000 -0.00000000 -1.00000000
vn 0.00200000 -0.00000000 -1.00000000
vn 0.00200000 -0.00000000 -1.00000000
vn -0.00000000 -0.00000000 -1.00000000
vn -0.00000000 -0.00000000 -1.00000000
vn -0.00000000 0.70580000 0.70840000
vn -0.00000000 -0.00000000 1.00000000
vn -0.00000000 -0.00000000 1.00000000
vn -0.00000000 -0.00000000 1.00000000
vn -0.00000000 -0.00000000 1.00000000
vn -0.00000000 -0.00000000 1.00000000
vn -0.00000000 -0.00000000 1.00000000
vn -0.00000000 -0.00000000 1.00000000
vn -0.00000000 -0.00000000 1.00000000
vn -0.00000000 -0.00000000 1.00000000
vn -0.00000000 0.70580000 0.70840000
vn -0.00000000 0.70580000 0.70840000
vt 0.37353500 0.24800500
vt 0.37353500 0.24800500
vt 0.37353500 0.24800500
vt 0.37353500 0.24800500
vt 0.34368100 0.15624700
vt 0.34368100 0.15624700
vt 0.34368100 0.15624700
vt 0.34368100 0.15624700
vt 0.62646500 0.06448900
vt 0.62646500 0.06448900
vt 0.62646500 0.06448900
vt 0.62646500 0.06448900
vt 0.65631900 0.15624700
vt 0.65631900 0.15624700
vt 0.65631900 0.15624700
vt 0.65631900 0.15624700
vt 0.54826000 0.30478200
vt 0.54826000 0.30478200
vt 0.54826000 0.30478200
vt 0.54826000 0.30478200
vt 0.45174000 0.30478200
vt 0.45174000 0.30478200
vt 0.45174000 0.30478200
vt 0.45174000 0.30478200
vt 0.54826000 0.30478200
vt 0.54826000 0.30478200
vt 0.54826000 0.30478200
vt 0.54826000 0.30478200
vt 0.45174000 0.30478200
vt 0.45174000 0.30478200
vt 0.45174000 0.30478200
vt 0.45174000 0.30478200
vt 0.45174000 0.30478200
vt 0.45174000 0.30478200
vt 0.45174000 0.30478200
vt 0.45174000 0.30478200
vt 0.54826000 0.30478200
vt 0.54826000 0.30478200
vt 0.54826000 0.30478200
vt 0.54826000 0.30478200
vt 0.54826000 0.30478200
vt 0.54826000 0.30478200
vt 0.54826000 0.30478200
vt 0.54826000 0.30478200
vt 0.45174000 0.30478200
vt 0.45174000 0.30478200
vt 0.45174000 0.30478200
vt 0.45174000 0.30478200
vt 0.45174000 0.30478200
vt 0.45174000 0.30478200
vt 0.45174000 0.30478200
vt 0.45174000 0.30478200
vt 0.54826000 0.30478200
vt 0.54826000 0.30478200
vt 0.54826000 0.30478200
vt 0.54826000 0.30478200
vt 0.54826000 0.30478200
vt 0.54826000 0.30478200
vt 0.54826000 0.30478200
vt 0.54826000 0.30478200
vt 0.45174000 0.30478200
vt 0.45174000 0.30478200
vt 0.45174000 0.30478200
vt 0.45174000 0.30478200
vt 0.62500000 0.50002000
vt 0.62500000 0.50002000
vt 0.62500000 0.50002000
vt 0.62500000 0.50002000
vt 0.62500000 0.25002000
vt 0.62500000 0.25002000
vt 0.62500000 0.25002000
vt 0.62500000 0.25002000
vt 0.62500000 0.50002000
vt 0.62500000 0.50002000
vt 0.62500000 0.50002000
vt 0.62500000 0.50002000
vt 0.62500000 0.25002000
vt 0.62500000 0.25002000
vt 0.62500000 0.25002000
vt 0.62500000 0.25002000
vt 0.62500000 0.50002000
vt 0.62500000 0.50002000
vt 0.62500000 0.50002000
vt 0.62500000 0.50002000
vt 0.62500000 0.25002000
vt 0.62500000 0.25002000
vt 0.62500000 0.25002000
vt 0.62500000 0.25002000
vt 0.62500000 0.50002000
vt 0.62500000 0.50002000
vt 0.62500000 0.50002000
vt 0.62500000 0.50002000
vt 0.62500000 0.25002000
vt 0.62500000 0.25002000
vt 0.62500000 0.25002000
vt 0.62500000 0.25002000
vt 0.12500000 0.00331700
vt 0.24990800 0.12492800
vt 0.24990800 0.00331700
vt 0.37500000 0.00331700
vt 0.37500000 0.12492800
vt 0.37500000 0.16851800
vt 0.24990800 0.16851800
vt 0.37500000 0.24727300
vt 0.24990800 0.24727300
vt 0.12500000 0.24727300
vt 0.12500000 0.16851800
vt 0.12500000 0.12492800
vt 0.87500000 0.00331700
vt 0.74990900 0.00331700
vt 0.87500000 0.12492800
vt 0.74990900 0.12492800
vt 0.87500000 0.16851800
vt 0.74990900 0.16851800
vt 0.87500000 0.24727300
vt 0.74990900 0.24727300
vt 0.62500000 0.24727300
vt 0.62500000 0.16851800
vt 0.62500000 0.12492800
vt 0.62500000 0.00331700
vt 0.37500000 0.62492800
vt 0.49990800 0.62492800
vt 0.37500000 0.58152200
vt 0.49990800 0.58152200
vt 0.37500000 0.50276700
vt 0.49990800 0.50276700
vt 0.62500000 0.50276700
vt 0.62500000 0.58152200
vt 0.62500000 0.62492800
vt 0.62500000 0.74672300
vt 0.49990800 0.74672300
vt 0.37500000 0.74672300
vt 0.37500000 0.00331700
vt 0.49990800 0.12492800
vt 0.49990800 0.00331700
vt 0.62500000 0.00331700
vt 0.62500000 0.12492800
vt 0.62500000 0.16851800
vt 0.49990800 0.16851800
vt 0.62500000 0.24727300
vt 0.49990800 0.24727300
vt 0.37500000 0.24727300
vt 0.37500000 0.16851800
vt 0.37500000 0.12492800
vt 0.12500000 0.00331700
vt 0.24990800 0.12492800
vt 0.24990800 0.00331700
vt 0.37500000 0.00331700
vt 0.37500000 0.12492800
vt 0.37500000 0.16851800
vt 0.24990800 0.16851800
vt 0.37500000 0.24727300
vt 0.24990800 0.24727300
vt 0.12500000 0.24727300
vt 0.12500000 0.16851800
vt 0.12500000 0.12492800
vt 0.87500000 0.00331700
vt 0.74990900 0.00331700
vt 0.87500000 0.12492800
vt 0.74990900 0.12492800
vt 0.87500000 0.16851800
vt 0.74990900 0.16851800
vt 0.87500000 0.24727300
vt 0.74990900 0.24727300
vt 0.62500000 0.24727300
vt 0.62500000 0.16851800
vt 0.62500000 0.12492800
vt 0.62500000 0.00331700
vt 0.37500000 0.62492800
vt 0.49990800 0.62492800
vt 0.37500000 0.58152200
vt 0.49990800 0.58152200
vt 0.37500000 0.50276700
vt 0.49990800 0.50276700
vt 0.62500000 0.50276700
vt 0.62500000 0.58152200
vt 0.62500000 0.62492800
vt 0.62500000 0.74672300
vt 0.49990800 0.74672300
vt 0.37500000 0.74672300
vt 0.37500000 0.00331700
vt 0.49990800 0.12492800
vt 0.49990800 0.00331700
vt 0.62500000 0.00331700
vt 0.62500000 0.12492800
vt 0.62500000 0.16851800
vt 0.49990800 0.16851800
vt 0.62500000 0.24727300
vt 0.49990800 0.24727300
vt 0.37500000 0.24727300
vt 0.37500000 0.16851800
vt 0.37500000 0.12492800
vt 0.12500000 0.00331700
vt 0.24990800 0.12492800
vt 0.24990800 0.00331700
vt 0.37500000 0.00331700
vt 0.37500000 0.12492800
vt 0.37500000 0.16851800
vt 0.24990800 0.16851800
vt 0.37500000 0.24727300
vt 0.24990800 0.24727300
vt 0.12500000 0.24727300
vt 0.12500000 0.16851800
vt 0.12500000 0.12492800
vt 0.87500000 0.00331700
vt 0.74990900 0.00331700
vt 0.87500000 0.12492800
vt 0.74990900 0.12492800
vt 0.87500000 0.16851800
vt 0.74990900 0.16851800
vt 0.87500000 0.24727300
vt 0.74990900 0.24727300
vt 0.62500000 0.24727300
vt 0.62500000 0.16851800
vt 0.62500000 0.12492800
vt 0.62500000 0.00331700
vt 0.37500000 0.62492800
vt 0.49990800 0.62492800
vt 0.37500000 0.58152200
vt 0.49990800 0.58152200
vt 0.37500000 0.50276700
vt 0.49990800 0.50276700
vt 0.62500000 0.50276700
vt 0.62500000 0.58152200
vt 0.62500000 0.62492800
vt 0.62500000 0.74672300
vt 0.49990800 0.74672300
vt 0.37500000 0.74672300
vt 0.37500000 0.00331700
vt 0.49990800 0.12492800
vt 0.49990800 0.00331700
vt 0.62500000 0.00331700
vt 0.62500000 0.12492800
vt 0.62500000 0.16851800
vt 0.49990800 0.16851800
vt 0.62500000 0.24727300
vt 0.49990800 0.24727300
vt 0.37500000 0.24727300
vt 0.37500000 0.16851800
vt 0.37500000 0.12492800
vt 0.12500000 0.00331700
vt 0.24990800 0.12492800
vt 0.24990800 0.00331700
vt 0.37500000 0.00331700
vt 0.37500000 0.12492800
vt 0.37500000 0.16851800
vt 0.24990800 0.16851800
vt 0.37500000 0.24727300
vt 0.24990800 0.24727300
vt 0.12500000 0.24727300
vt 0.12500000 0.16851800
vt 0.12500000 0.12492800
vt 0.87500000 0.00331700
vt 0.74990900 0.00331700
vt 0.87500000 0.12492800
vt 0.74990900 0.12492800
vt 0.87500000 0.16851800
vt 0.74990900 0.16851800
vt 0.87500000 0.24727300
vt 0.74990900 0.24727300
vt 0.62500000 0.24727300
vt 0.62500000 0.16851800
vt 0.62500000 0.12492800
vt 0.62500000 0.00331700
vt 0.37500000 0.62492800
vt 0.49990800 0.62492800
vt 0.37500000 0.58152200
vt 0.49990800 0.58152200
vt 0.37500000 0.50276700
vt 0.49990800 0.50276700
vt 0.62500000 0.50276700
vt 0.62500000 0.58152200
vt 0.62500000 0.62492800
vt 0.62500000 0.74672300
vt 0.49990800 0.74672300
vt 0.37500000 0.74672300
vt 0.37500000 0.00331700
vt 0.49990800 0.12492800
vt 0.49990800 0.00331700
vt 0.62500000 0.00331700
vt 0.62500000 0.12492800
vt 0.62500000 0.16851800
vt 0.49990800 0.16851800
vt 0.62500000 0.24727300
vt 0.49990800 0.24727300
vt 0.37500000 0.24727300
vt 0.37500000 0.16851800
vt 0.37500000 0.12492800
vt 0.12500000 0.00331700
vt 0.24990800 0.12492800
vt 0.24990800 0.00331700
vt 0.37500000 0.00331700
vt 0.37500000 0.12492800
vt 0.37500000 0.16851800
vt 0.24990800 0.16851800
vt 0.37500000 0.24727300
vt 0.24990800 0.24727300
vt 0.12500000 0.24727300
vt 0.12500000 0.16851800
vt 0.12500000 0.12492800
vt 0.87500000 0.00331700
vt 0.74990900 0.00331700
vt 0.87500000 0.12492800
vt 0.74990900 0.12492800
vt 0.87500000 0.16851800
vt 0.74990900 0.16851800
vt 0.87500000 0.24727300
vt 0.74990900 0.24727300
vt 0.62500000 0.24727300
vt 0.62500000 0.16851800
vt 0.62500000 0.12492800
vt 0.62500000 0.00331700
vt 0.37500000 0.62492800
vt 0.49990800 0.62492800
vt 0.37500000 0.58152200
vt 0.49990800 0.58152200
vt 0.37500000 0.50276700
vt 0.49990800 0.50276700
vt 0.62500000 0.50276700
vt 0.62500000 0.58152200
vt 0.62500000 0.62492800
vt 0.62500000 0.74672300
vt 0.49990800 0.74672300
vt 0.37500000 0.74672300
vt 0.37500000 0.00331700
vt 0.49990800 0.12492800
vt 0.49990800 0.00331700
vt 0.62500000 0.00331700
vt 0.62500000 0.12492800
vt 0.62500000 0.16851800
vt 0.49990800 0.16851800
vt 0.62500000 0.24727300
vt 0.49990800 0.24727300
vt 0.37500000 0.24727300
vt 0.37500000 0.16851800
vt 0.37500000 0.12492800
vt 0.12500000 0.00331700
vt 0.24990800 0.12492800
vt 0.24990800 0.00331700
vt 0.37500000 0.00331700
vt 0.37500000 0.12492800
vt 0.37500000 0.16851800
vt 0.24990800 0.16851800
vt 0.37500000 0.24727300
vt 0.24990800 0.24727300
vt 0.12500000 0.24727300
vt 0.12500000 0.16851800
vt 0.12500000 0.12492800
vt 0.87500000 0.00331700
vt 0.74990900 0.00331700
vt 0.87500000 0.12492800
vt 0.74990900 0.12492800
vt 0.87500000 0.16851800
vt 0.74990900 0.16851800
vt 0.87500000 0.24727300
vt 0.74990900 0.24727300
vt 0.62500000 0.24727300
vt 0.62500000 0.16851800
vt 0.62500000 0.12492800
vt 0.62500000 0.00331700
vt 0.37500000 0.62492800
vt 0.49990800 0.62492800
vt 0.37500000 0.58152200
vt 0.49990800 0.58152200
vt 0.37500000 0.50276700
vt 0.49990800 0.50276700
vt 0.62500000 0.50276700
vt 0.62500000 0.58152200
vt 0.62500000 0.62492800
vt 0.62500000 0.74672300
vt 0.49990800 0.74672300
vt 0.37500000 0.74672300
vt 0.37500000 0.00331700
vt 0.49990800 0.12492800
vt 0.49990800 0.00331700
vt 0.62500000 0.00331700
vt 0.62500000 0.12492800
vt 0.62500000 0.16851800
vt 0.49990800 0.16851800
vt 0.62500000 0.24727300
vt 0.49990800 0.24727300
vt 0.37500000 0.24727300
vt 0.37500000 0.16851800
vt 0.37500000 0.12492800
vt 0.12500000 0.00331700
vt 0.24990800 0.12492800
vt 0.24990800 0.00331700
vt 0.37500000 0.00331700
vt 0.37500000 0.12492800
vt 0.37500000 0.16851800
vt 0.24990800 0.16851800
vt 0.37500000 0.24727300
vt 0.24990800 0.24727300
vt 0.12500000 0.24727300
vt 0.12500000 0.16851800
vt 0.12500000 0.12492800
vt 0.87500000 0.00331700
vt 0.74990900 0.00331700
vt 0.87500000 0.12492800
vt 0.74990900 0.12492800
vt 0.87500000 0.16851800
vt 0.74990900 0.16851800
vt 0.87500000 0.24727300
vt 0.74990900 0.24727300
vt 0.62500000 0.24727300
vt 0.62500000 0.16851800
vt 0.62500000 0.12492800
vt 0.62500000 0.00331700
vt 0.37500000 0.62492800
vt 0.49990800 0.62492800
vt 0.37500000 0.58152200
vt 0.49990800 0.58152200
vt 0.37500000 0.50276700
vt 0.49990800 0.50276700
vt 0.62500000 0.50276700
vt 0.62500000 0.58152200
vt 0.62500000 0.62492800
vt 0.62500000 0.74672300
vt 0.49990800 0.74672300
vt 0.37500000 0.74672300
vt 0.37500000 0.00331700
vt 0.49990800 0.12492800
vt 0.49990800 0.00331700
vt 0.62500000 0.00331700
vt 0.62500000 0.12492800
vt 0.62500000 0.16851800
vt 0.49990800 0.16851800
vt 0.62500000 0.24727300
vt 0.49990800 0.24727300
vt 0.37500000 0.24727300
vt 0.37500000 0.16851800
vt 0.37500000 0.12492800
vt 0.12500000 0.00331700
vt 0.24990800 0.12492800
vt 0.24990800 0.00331700
vt 0.37500000 0.00331700
vt 0.37500000 0.12492800
vt 0.37500000 0.16851800
vt 0.24990800 0.16851800
vt 0.37500000 0.24727300
vt 0.24990800 0.24727300
vt 0.12500000 0.24727300
vt 0.12500000 0.16851800
vt 0.12500000 0.12492800
vt 0.87500000 0.00331700
vt 0.74990900 0.00331700
vt 0.87500000 0.12492800
vt 0.74990900 0.12492800
vt 0.87500000 0.16851800
vt 0.74990900 0.16851800
vt 0.87500000 0.24727300
vt 0.74990900 0.24727300
vt 0.62500000 0.24727300
vt 0.62500000 0.16851800
vt 0.62500000 0.12492800
vt 0.62500000 0.00331700
vt 0.37500000 0.62492800
vt 0.49990800 0.62492800
vt 0.37500000 0.58152200
vt 0.49990800 0.58152200
vt 0.37500000 0.50276700
vt 0.49990800 0.50276700
vt 0.62500000 0.50276700
vt 0.62500000 0.58152200
vt 0.62500000 0.58152200
vt 0.62500000 0.62492800
vt 0.62500000 0.74672300
vt 0.49990800 0.74672300
vt 0.37500000 0.74672300
vt 0.37500000 0.00331700
vt 0.49990800 0.12492800
vt 0.49990800 0.00331700
vt 0.62500000 0.00331700
vt 0.62500000 0.12492800
vt 0.62500000 0.16851800
vt 0.49990800 0.16851800
vt 0.62500000 0.24727300
vt 0.49990800 0.24727300
vt 0.37500000 0.24727300
vt 0.37500000 0.16851800
vt 0.37500000 0.12492800
vt 0.12500000 0.00331700
vt 0.24990800 0.12492800
vt 0.12500000 0.12492800
vt 0.24990800 0.16851800
vt 0.12500000 0.16851800
vt 0.12500000 0.24727300
vt 0.24990800 0.24727300
vt 0.37500000 0.24727300
vt 0.37500000 0.16851800
vt 0.37500000 0.12492800
vt 0.37500000 0.00331700
vt 0.24990800 0.00331700
vt 0.74990900 0.00331700
vt 0.74990900 0.12492800
vt 0.62500000 0.00331700
vt 0.62500000 0.12492800
vt 0.74990900 0.16851800
vt 0.62500000 0.16851800
vt 0.62500000 0.24727300
vt 0.74990900 0.24727300
vt 0.87500000 0.24727300
vt 0.87500000 0.16851800
vt 0.87500000 0.12492800
vt 0.87500000 0.00331700
vt 0.37500000 0.74672300
vt 0.37500000 0.62492800
vt 0.49990800 0.74672300
vt 0.49990800 0.62492800
vt 0.62500000 0.74672300
vt 0.62500000 0.62492800
vt 0.49990800 0.58152200
vt 0.62500000 0.58152200
vt 0.62500000 0.50276700
vt 0.49990800 0.50276700
vt 0.37500000 0.50276700
vt 0.37500000 0.58152200
vt 0.37500000 0.00331700
vt 0.49990800 0.12492800
vt 0.37500000 0.12492800
vt 0.49990800 0.16851800
vt 0.37500000 0.16851800
vt 0.37500000 0.24727300
vt 0.49990800 0.24727300
vt 0.62500000 0.24727300
vt 0.62500000 0.16851800
vt 0.62500000 0.12492800
vt 0.62500000 0.00331700
vt 0.49990800 0.00331700
vt 0.12500000 0.00331700
vt 0.24990800 0.12492800
vt 0.12500000 0.12492800
vt 0.24990800 0.16851800
vt 0.12500000 0.16851800
vt 0.12500000 0.24727300
vt 0.24990800 0.24727300
vt 0.37500000 0.24727300
vt 0.37500000 0.16851800
vt 0.37500000 0.12492800
vt 0.37500000 0.00331700
vt 0.24990800 0.00331700
vt 0.74990900 0.00331700
vt 0.74990900 0.12492800
vt 0.62500000 0.00331700
vt 0.62500000 0.12492800
vt 0.74990900 0.16851800
vt 0.62500000 0.16851800
vt 0.62500000 0.24727300
vt 0.74990900 0.24727300
vt 0.87500000 0.24727300
vt 0.87500000 0.16851800
vt 0.87500000 0.12492800
vt 0.87500000 0.00331700
vt 0.37500000 0.74672300
vt 0.37500000 0.62492800
vt 0.49990800 0.74672300
vt 0.49990800 0.62492800
vt 0.62500000 0.74672300
vt 0.62500000 0.62492800
vt 0.49990800 0.58152200
vt 0.62500000 0.58152200
vt 0.62500000 0.50276700
vt 0.49990800 0.50276700
vt 0.37500000 0.50276700
vt 0.37500000 0.58152200
vt 0.37500000 0.00331700
vt 0.49990800 0.12492800
vt 0.37500000 0.12492800
vt 0.49990800 0.16851800
vt 0.37500000 0.16851800
vt 0.37500000 0.24727300
vt 0.49990800 0.24727300
vt 0.62500000 0.24727300
vt 0.62500000 0.16851800
vt 0.62500000 0.12492800
vt 0.62500000 0.00331700
vt 0.49990800 0.00331700
vt 0.12500000 0.00331700
vt 0.24990800 0.12492800
vt 0.12500000 0.12492800
vt 0.24990800 0.16851800
vt 0.12500000 0.16851800
vt 0.12500000 0.24727300
vt 0.24990800 0.24727300
vt 0.37500000 0.24727300
vt 0.37500000 0.16851800
vt 0.37500000 0.12492800
vt 0.37500000 0.00331700
vt 0.24990800 0.00331700
vt 0.74990900 0.00331700
vt 0.74990900 0.12492800
vt 0.62500000 0.00331700
vt 0.62500000 0.12492800
vt 0.74990900 0.16851800
vt 0.62500000 0.16851800
vt 0.62500000 0.24727300
vt 0.74990900 0.24727300
vt 0.87500000 0.24727300
vt 0.87500000 0.16851800
vt 0.87500000 0.12492800
vt 0.87500000 0.00331700
vt 0.37500000 0.74672300
vt 0.37500000 0.62492800
vt 0.49990800 0.74672300
vt 0.49990800 0.62492800
vt 0.62500000 0.74672300
vt 0.62500000 0.62492800
vt 0.49990800 0.58152200
vt 0.62500000 0.58152200
vt 0.62500000 0.50276700
vt 0.49990800 0.50276700
vt 0.37500000 0.50276700
vt 0.37500000 0.58152200
vt 0.37500000 0.00331700
vt 0.49990800 0.12492800
vt 0.37500000 0.12492800
vt 0.49990800 0.16851800
vt 0.37500000 0.16851800
vt 0.37500000 0.24727300
vt 0.49990800 0.24727300
vt 0.62500000 0.24727300
vt 0.62500000 0.16851800
vt 0.62500000 0.12492800
vt 0.62500000 0.00331700
vt 0.49990800 0.00331700
vt 0.12500000 0.00331700
vt 0.24990800 0.12492800
vt 0.12500000 0.12492800
vt 0.24990800 0.16851800
vt 0.12500000 0.16851800
vt 0.12500000 0.24727300
vt 0.24990800 0.24727300
vt 0.37500000 0.24727300
vt 0.37500000 0.16851800
vt 0.37500000 0.12492800
vt 0.37500000 0.00331700
vt 0.24990800 0.00331700
vt 0.74990900 0.00331700
vt 0.74990900 0.12492800
vt 0.62500000 0.00331700
vt 0.62500000 0.12492800
vt 0.74990900 0.16851800
vt 0.62500000 0.16851800
vt 0.62500000 0.24727300
vt 0.74990900 0.24727300
vt 0.87500000 0.24727300
vt 0.87500000 0.16851800
vt 0.87500000 0.12492800
vt 0.87500000 0.00331700
vt 0.37500000 0.74672300
vt 0.37500000 0.62492800
vt 0.49990800 0.74672300
vt 0.49990800 0.62492800
vt 0.62500000 0.74672300
vt 0.62500000 0.62492800
vt 0.49990800 0.58152200
vt 0.62500000 0.58152200
vt 0.62500000 0.50276700
vt 0.49990800 0.50276700
vt 0.37500000 0.50276700
vt 0.37500000 0.58152200
vt 0.37500000 0.00331700
vt 0.49990800 0.12492800
vt 0.37500000 0.12492800
vt 0.49990800 0.16851800
vt 0.37500000 0.16851800
vt 0.37500000 0.24727300
vt 0.49990800 0.24727300
vt 0.62500000 0.24727300
vt 0.62500000 0.16851800
vt 0.62500000 0.12492800
vt 0.62500000 0.00331700
vt 0.49990800 0.00331700
vt 0.12500000 0.00331700
vt 0.24990800 0.12492800
vt 0.12500000 0.12492800
vt 0.24990800 0.16851800
vt 0.12500000 0.16851800
vt 0.12500000 0.24727300
vt 0.24990800 0.24727300
vt 0.37500000 0.24727300
vt 0.37500000 0.16851800
vt 0.37500000 0.12492800
vt 0.37500000 0.00331700
vt 0.24990800 0.00331700
vt 0.74990900 0.00331700
vt 0.74990900 0.12492800
vt 0.62500000 0.00331700
vt 0.62500000 0.12492800
vt 0.74990900 0.16851800
vt 0.62500000 0.16851800
vt 0.62500000 0.24727300
vt 0.74990900 0.24727300
vt 0.87500000 0.24727300
vt 0.87500000 0.16851800
vt 0.87500000 0.12492800
vt 0.87500000 0.00331700
vt 0.37500000 0.74672300
vt 0.37500000 0.62492800
vt 0.49990800 0.74672300
vt 0.49990800 0.62492800
vt 0.62500000 0.74672300
vt 0.62500000 0.62492800
vt 0.49990800 0.58152200
vt 0.62500000 0.58152200
vt 0.62500000 0.50276700
vt 0.49990800 0.50276700
vt 0.37500000 0.50276700
vt 0.37500000 0.58152200
vt 0.37500000 0.00331700
vt 0.49990800 0.12492800
vt 0.37500000 0.12492800
vt 0.49990800 0.16851800
vt 0.37500000 0.16851800
vt 0.37500000 0.24727300
vt 0.49990800 0.24727300
vt 0.62500000 0.24727300
vt 0.62500000 0.16851800
vt 0.62500000 0.12492800
vt 0.62500000 0.00331700
vt 0.49990800 0.00331700
vt 0.12500000 0.00331700
vt 0.24990800 0.12492800
vt 0.12500000 0.12492800
vt 0.24990800 0.16851800
vt 0.12500000 0.16851800
vt 0.12500000 0.24727300
vt 0.24990800 0.24727300
vt 0.37500000 0.24727300
vt 0.37500000 0.16851800
vt 0.37500000 0.12492800
vt 0.37500000 0.00331700
vt 0.24990800 0.00331700
vt 0.74990900 0.00331700
vt 0.74990900 0.12492800
vt 0.62500000 0.00331700
vt 0.62500000 0.12492800
vt 0.74990900 0.16851800
vt 0.62500000 0.16851800
vt 0.62500000 0.24727300
vt 0.74990900 0.24727300
vt 0.87500000 0.24727300
vt 0.87500000 0.16851800
vt 0.87500000 0.12492800
vt 0.87500000 0.00331700
vt 0.37500000 0.74672300
vt 0.37500000 0.62492800
vt 0.49990800 0.74672300
vt 0.49990800 0.62492800
vt 0.62500000 0.74672300
vt 0.62500000 0.62492800
vt 0.49990800 0.58152200
vt 0.62500000 0.58152200
vt 0.62500000 0.50276700
vt 0.49990800 0.50276700
vt 0.37500000 0.50276700
vt 0.37500000 0.58152200
vt 0.37500000 0.00331700
vt 0.49990800 0.12492800
vt 0.37500000 0.12492800
vt 0.49990800 0.16851800
vt 0.37500000 0.16851800
vt 0.37500000 0.24727300
vt 0.49990800 0.24727300
vt 0.62500000 0.24727300
vt 0.62500000 0.16851800
vt 0.62500000 0.12492800
vt 0.62500000 0.00331700
vt 0.49990800 0.00331700
vt 0.12500000 0.00331700
vt 0.24990800 0.12492800
vt 0.12500000 0.12492800
vt 0.24990800 0.16851800
vt 0.12500000 0.16851800
vt 0.12500000 0.24727300
vt 0.24990800 0.24727300
vt 0.37500000 0.24727300
vt 0.37500000 0.16851800
vt 0.37500000 0.12492800
vt 0.37500000 0.00331700
vt 0.24990800 0.00331700
vt 0.74990900 0.00331700
vt 0.74990900 0.12492800
vt 0.62500000 0.00331700
vt 0.62500000 0.12492800
vt 0.74990900 0.16851800
vt 0.62500000 0.16851800
vt 0.62500000 0.24727300
vt 0.74990900 0.24727300
vt 0.87500000 0.24727300
vt 0.87500000 0.16851800
vt 0.87500000 0.12492800
vt 0.87500000 0.00331700
vt 0.37500000 0.74672300
vt 0.37500000 0.62492800
vt 0.49990800 0.74672300
vt 0.49990800 0.62492800
vt 0.62500000 0.74672300
vt 0.62500000 0.62492800
vt 0.49990800 0.58152200
vt 0.62500000 0.58152200
vt 0.62500000 0.50276700
vt 0.49990800 0.50276700
vt 0.37500000 0.50276700
vt 0.37500000 0.58152200
vt 0.37500000 0.00331700
vt 0.49990800 0.12492800
vt 0.37500000 0.12492800
vt 0.49990800 0.16851800
vt 0.37500000 0.16851800
vt 0.37500000 0.24727300
vt 0.49990800 0.24727300
vt 0.62500000 0.24727300
vt 0.62500000 0.16851800
vt 0.62500000 0.12492800
vt 0.62500000 0.00331700
vt 0.49990800 0.00331700
vt 0.12500000 0.00331700
vt 0.24990800 0.12492800
vt 0.12500000 0.12492800
vt 0.24990800 0.16851800
vt 0.12500000 0.16851800
vt 0.12500000 0.24727300
vt 0.24990800 0.24727300
vt 0.37500000 0.24727300
vt 0.37500000 0.16851800
vt 0.37500000 0.12492800
vt 0.37500000 0.00331700
vt 0.24990800 0.00331700
vt 0.74990900 0.00331700
vt 0.74990900 0.12492800
vt 0.62500000 0.00331700
vt 0.62500000 0.12492800
vt 0.74990900 0.16851800
vt 0.62500000 0.16851800
vt 0.62500000 0.24727300
vt 0.74990900 0.24727300
vt 0.87500000 0.24727300
vt 0.87500000 0.16851800
vt 0.87500000 0.12492800
vt 0.87500000 0.00331700
vt 0.37500000 0.74672300
vt 0.37500000 0.62492800
vt 0.49990800 0.74672300
vt 0.49990800 0.62492800
vt 0.62500000 0.74672300
vt 0.62500000 0.62492800
vt 0.49990800 0.58152200
vt 0.62500000 0.58152200
vt 0.62500000 0.58152200
vt 0.62500000 0.50276700
vt 0.49990800 0.50276700
vt 0.37500000 0.50276700
vt 0.37500000 0.58152200
vt 0.37500000 0.00331700
vt 0.49990800 0.12492800
vt 0.37500000 0.12492800
vt 0.49990800 0.16851800
vt 0.37500000 0.16851800
vt 0.37500000 0.24727300
vt 0.49990800 0.24727300
vt 0.62500000 0.24727300
vt 0.62500000 0.16851800
vt 0.62500000 0.12492800
vt 0.62500000 0.00331700
vt 0.49990800 0.00331700
f 1/1/1 2/2/2 3/3/3
f 2/2/2 4/4/4 3/3/3
f 5/5/5 6/6/6 7/7/7
f 6/6/6 8/8/8 7/7/7
f 9/9/9 10/10/10 11/11/11
f 10/10/10 12/12/12 11/11/11
f 13/13/13 14/14/14 15/15/15
f 14/14/14 16/16/16 15/15/15
f 17/17/17 18/18/18 19/19/19
f 18/18/18 20/20/20 19/19/19
f 21/21/21 22/22/22 23/23/23
f 22/22/22 24/24/24 23/23/23
f 25/25/25 26/26/26 27/27/27
f 26/26/26 28/28/28 27/27/27
f 29/29/29 30/30/30 31/31/31
f 30/30/30 32/32/32 31/31/31
f 33/33/33 34/34/34 35/35/35
f 34/34/34 36/36/36 35/35/35
f 37/37/37 38/38/38 39/39/39
f 38/38/38 40/40/40 39/39/39
f 41/41/41 42/42/42 43/43/43
f 42/42/42 44/44/44 43/43/43
f 45/45/45 46/46/46 47/47/47
f 46/46/46 48/48/48 47/47/47
f 49/49/49 50/50/50 51/51/51
f 50/50/50 52/52/52 51/51/51
f 53/53/53 54/54/54 55/55/55
f 54/54/54 56/56/56 55/55/55
f 57/57/57 58/58/58 59/59/59
f 58/58/58 60/60/60 59/59/59
f 61/61/61 62/62/62 63/63/63
f 62/62/62 64/64/64 63/63/63
f 65/65/65 66/66/66 67/67/67
f 66/66/66 68/68/68 67/67/67
f 69/69/69 70/70/70 71/71/71
f 70/70/70 72/72/72 71/71/71
f 73/73/73 74/74/74 75/75/75
f 74/74/74 76/76/76 75/75/75
f 77/77/77 78/78/78 79/79/79
f 78/78/78 80/80/80 79/79/79
f 81/81/81 82/82/82 83/83/83
f 82/82/82 84/84/84 83/83/83
f 85/85/85 86/86/86 87/87/87
f 86/86/86 88/88/88 87/87/87
f 89/89/89 90/90/90 91/91/91
f 90/90/90 92/92/92 91/91/91
f 93/93/93 94/94/94 95/95/95
f 94/94/94 96/96/96 95/95/95
f 97/97/97 98/98/98 99/99/99
f 100/100/100 99/99/99 101/101/101
f 99/99/99 98/98/98 101/101/101
f 101/101/101 98/98/98 102/102/102
f 98/98/98 103/103/103 102/102/102
f 102/102/102 103/103/103 104/104/104
f 104/104/104 103/103/103 105/105/105
f 106/106/106 105/105/105 107/107/107
f 105/105/105 103/103/103 107/107/107
f 107/107/107 103/103/103 108/108/108
f 103/103/103 98/98/98 108/108/108
f 98/98/98 97/97/97 108/108/108
f 109/109/109 110/110/110 111/111/111
f 110/110/110 112/112/112 111/111/111
f 111/111/111 112/112/112 113/113/113
f 112/112/112 114/114/114 113/113/113
f 113/113/113 114/114/114 115/115/115
f 115/115/115 114/114/114 116/116/116
f 117/117/117 116/116/116 118/118/118
f 116/116/116 114/114/114 118/118/118
f 118/118/118 114/114/114 119/119/119
f 114/114/114 112/112/112 119/119/119
f 119/119/119 112/112/112 120/120/120
f 112/112/112 110/110/110 120/120/120
f 121/121/121 122/122/122 123/123/123
f 122/122/122 124/124/124 123/123/123
f 123/123/123 124/124/124 125/125/125
f 125/125/125 124/124/124 126/126/126
f 127/127/127 126/126/126 128/128/128
f 126/126/126 124/124/124 128/128/128
f 128/128/128 124/124/124 129/129/129
f 124/124/124 122/122/122 129/129/129
f 129/129/129 122/122/122 130/130/130
f 130/130/130 122/122/122 131/131/131
f 122/122/122 121/121/121 131/131/131
f 121/121/121 132/132/132 131/131/131
f 133/133/133 134/134/134 135/135/135
f 136/136/136 135/135/135 137/137/137
f 135/135/135 134/134/134 137/137/137
f 137/137/137 134/134/134 138/138/138
f 134/134/134 139/139/139 138/138/138
f 138/138/138 139/139/139 140/140/140
f 140/140/140 139/139/139 141/141/141
f 142/142/142 141/141/141 143/143/143
f 141/141/141 139/139/139 143/143/143
f 143/143/143 139/139/139 144/144/144
f 139/139/139 134/134/134 144/144/144
f 134/134/134 133/133/133 144/144/144
f 145/145/145 146/146/146 147/147/147
f 148/148/148 147/147/147 149/149/149
f 147/147/147 146/146/146 149/149/149
f 149/149/149 146/146/146 150/150/150
f 146/146/146 151/151/151 150/150/150
f 150/150/150 151/151/151 152/152/152
f 152/152/152 151/151/151 153/153/153
f 154/154/154 153/153/153 155/155/155
f 153/153/153 151/151/151 155/155/155
f 155/155/155 151/151/151 156/156/156
f 151/151/151 146/146/146 156/156/156
f 146/146/146 145/145/145 156/156/156
f 157/157/157 158/158/158 159/159/159
f 158/158/158 160/160/160 159/159/159
f 159/159/159 160/160/160 161/161/161
f 160/160/160 162/162/162 161/161/161
f 161/161/161 162/162/162 163/163/163
f 163/163/163 162/162/162 164/164/164
f 165/165/165 164/164/164 166/166/166
f 164/164/164 162/162/162 166/166/166
f 166/166/166 162/162/162 167/167/167
f 162/162/162 160/160/160 167/167/167
f 167/167/167 160/160/160 168/168/168
f 160/160/160 158/158/158 168/168/168
f 169/169/169 170/170/170 171/171/171
f 170/170/170 172/172/172 171/171/171
f 171/171/171 172/172/172 173/173/173
f 173/173/173 172/172/172 174/174/174
f 175/175/175 174/174/174 176/176/176
f 174/174/174 172/172/172 176/176/176
f 176/176/176 172/172/172 177/177/177
f 172/172/172 170/170/170 177/177/177
f 177/177/177 170/170/170 178/178/178
f 178/178/178 170/170/170 179/179/179
f 170/170/170 169/169/169 179/179/179
f 169/169/169 180/180/180 179/179/179
f 181/181/181 182/182/182 183/183/183
f 184/184/184 183/183/183 185/185/185
f 183/183/183 182/182/182 185/185/185
f 185/185/185 182/182/182 186/186/186
f 182/182/182 187/187/187 186/186/186
f 186/186/186 187/187/187 188/188/188
f 188/188/188 187/187/187 189/189/189
f 190/190/190 189/189/189 191/191/191
f 189/189/189 187/187/187 191/191/191
f 191/191/191 187/187/187 192/192/192
f 187/187/187 182/182/182 192/192/192
f 182/182/182 181/181/181 192/192/192
f 193/193/193 194/194/194 195/195/195
f 196/196/196 195/195/195 197/197/197
f 195/195/195 194/194/194 197/197/197
f 197/197/197 194/194/194 198/198/198
f 194/194/194 199/199/199 198/198/198
f 198/198/198 199/199/199 200/200/200
f 200/200/200 199/199/199 201/201/201
f 202/202/202 201/201/201 203/203/203
f 201/201/201 199/199/199 203/203/203
f 203/203/203 199/199/199 204/204/204
f 199/199/199 194/194/194 204/204/204
f 194/194/194 193/193/193 204/204/204
f 205/205/205 206/206/206 207/207/207
f 206/206/206 208/208/208 207/207/207
f 207/207/207 208/208/208 209/209/209
f 208/208/208 210/210/210 209/209/209
f 209/209/209 210/210/210 211/211/211
f 211/211/211 210/210/210 212/212/212
f 213/213/213 212/212/212 214/214/214
f 212/212/212 210/210/210 214/214/214
f 214/214/214 210/210/210 215/215/215
f 210/210/210 208/208/208 215/215/215
f 215/215/215 208/208/208 216/216/216
f 208/208/208 206/206/206 216/216/216
f 217/217/217 218/218/218 219/219/219
f 218/218/218 220/220/220 219/219/219
f 219/219/219 220/220/220 221/221/221
f 221/221/221 220/220/220 222/222/222
f 223/223/223 222/222/222 224/224/224
f 222/222/222 220/220/220 224/224/224
f 224/224/224 220/220/220 225/225/225
f 220/220/220 218/218/218 225/225/225
f 225/225/225 218/218/218 226/226/226
f 226/226/226 218/218/218 227/227/227
f 218/218/218 217/217/217 227/227/227
f 217/217/217 228/228/228 227/227/227
f 229/229/229 230/230/230 231/231/231
f 232/232/232 231/231/231 233/233/233
f 231/231/231 230/230/230 233/233/233
f 233/233/233 230/230/230 234/234/234
f 230/230/230 235/235/235 234/234/234
f 234/234/234 235/235/235 236/236/236
f 236/236/236 235/235/235 237/237/237
f 238/238/238 237/237/237 239/239/239
f 237/237/237 235/235/235 239/239/239
f 239/239/239 235/235/235 240/240/240
f 235/235/235 230/230/230 240/240/240
f 230/230/230 229/229/229 240/240/240
f 241/241/241 242/242/242 243/243/243
f 244/244/244 243/243/243 245/245/245
f 243/243/243 242/242/242 245/245/245
f 245/245/245 242/242/242 246/246/246
f 242/242/242 247/247/247 246/246/246
f 246/246/246 247/247/247 248/248/248
f 248/248/248 247/247/247 249/249/249
f 250/250/250 249/249/249 251/251/251
f 249/249/249 247/247/247 251/251/251
f 251/251/251 247/247/247 252/252/252
f 247/247/247 242/242/242 252/252/252
f 242/242/242 241/241/241 252/252/252
f 253/253/253 254/254/254 255/255/255
f 254/254/254 256/256/256 255/255/255
f 255/255/255 256/256/256 257/257/257
f 256/256/256 258/258/258 257/257/257
f 257/257/257 258/258/258 259/259/259
f 259/259/259 258/258/258 260/260/260
f 261/261/261 260/260/260 262/262/262
f 260/260/260 258/258/258 262/262/262
f 262/262/262 258/258/258 263/263/263
f 258/258/258 256/256/256 263/263/263
f 263/263/263 256/256/256 264/264/264
f 256/256/256 254/254/254 264/264/264
f 265/265/265 266/266/266 267/267/267
f 266/266/266 268/268/268 267/267/267
f 267/267/267 268/268/268 269/269/269
f 269/269/269 268/268/268 270/270/270
f 271/271/271 270/270/270 272/272/272
f 270/270/270 268/268/268 272/272/272
f 272/272/272 268/268/268 273/273/273
f 268/268/268 266/266/266 273/273/273
f 273/273/273 266/266/266 274/274/274
f 274/274/274 266/266/266 275/275/275
f 266/266/266 265/265/265 275/275/275
f 265/265/265 276/276/276 275/275/275
f 277/277/277 278/278/278 279/279/279
f 280/280/280 279/279/279 281/281/281
f 279/279/279 278/278/278 281/281/281
f 281/281/281 278/278/278 282/282/282
f 278/278/278 283/283/283 282/282/282
f 282/282/282 283/283/283 284/284/284
f 284/284/284 283/283/283 285/285/285
f 286/286/286 285/285/285 287/287/287
f 285/285/285 283/283/283 287/287/287
f 287/287/287 283/283/283 288/288/288
f 283/283/283 278/278/278 288/288/288
f 278/278/278 277/277/277 288/288/288
f 289/289/289 290/290/290 291/291/291
f 292/292/292 291/291/291 293/293/293
f 291/291/291 290/290/290 293/293/293
f 293/293/293 290/290/290 294/294/294
f 290/290/290 295/295/295 294/294/294
f 294/294/294 295/295/295 296/296/296
f 296/296/296 295/295/295 297/297/297
f 298/298/298 297/297/297 299/299/299
f 297/297/297 295/295/295 299/299/299
f 299/299/299 295/295/295 300/300/300
f 295/295/295 290/290/290 300/300/300
f 290/290/290 289/289/289 300/300/300
f 301/301/301 302/302/302 303/303/303
f 302/302/302 304/304/304 303/303/303
f 303/303/303 304/304/304 305/305/305
f 304/304/304 306/306/306 305/305/305
f 305/305/305 306/306/306 307/307/307
f 307/307/307 306/306/306 308/308/308
f 309/309/309 308/308/308 310/310/310
f 308/308/308 306/306/306 310/310/310
f 310/310/310 306/306/306 311/311/311
f 306/306/306 304/304/304 311/311/311
f 311/311/311 304/304/304 312/312/312
f 304/304/304 302/302/302 312/312/312
f 313/313/313 314/314/314 315/315/315
f 314/314/314 316/316/316 315/315/315
f 315/315/315 316/316/316 317/317/317
f 317/317/317 316/316/316 318/318/318
f 319/319/319 318/318/318 320/320/320
f 318/318/318 316/316/316 320/320/320
f 320/320/320 316/316/316 321/321/321
f 316/316/316 314/314/314 321/321/321
f 321/321/321 314/314/314 322/322/322
f 322/322/322 314/314/314 323/323/323
f 314/314/314 313/313/313 323/323/323
f 313/313/313 324/324/324 323/323/323
f 325/325/325 326/326/326 327/327/327
f 328/328/328 327/327/327 329/329/329
f 327/327/327 326/326/326 329/329/329
f 329/329/329 326/326/326 330/330/330
f 326/326/326 331/331/331 330/330/330
f 330/330/330 331/331/331 332/332/332
f 332/332/332 331/331/331 333/333/333
f 334/334/334 333/333/333 335/335/335
f 333/333/333 331/331/331 335/335/335
f 335/335/335 331/331/331 336/336/336
f 331/331/331 326/326/326 336/336/336
f 326/326/326 325/325/325 336/336/336
f 337/337/337 338/338/338 339/339/339
f 340/340/340 339/339/339 341/341/341
f 339/339/339 338/338/338 341/341/341
f 341/341/341 338/338/338 342/342/342
f 338/338/338 343/343/343 342/342/342
f 342/342/342 343/343/343 344/344/344
f 344/344/344 343/343/343 345/345/345
f 346/346/346 345/345/345 347/347/347
f 345/345/345 343/343/343 347/347/347
f 347/347/347 343/343/343 348/348/348
f 343/343/343 338/338/338 348/348/348
f 338/338/338 337/337/337 348/348/348
f 349/349/349 350/350/350 351/351/351
f 350/350/350 352/352/352 351/351/351
f 351/351/351 352/352/352 353/353/353
f 352/352/352 354/354/354 353/353/353
f 353/353/353 354/354/354 355/355/355
f 355/355/355 354/354/354 356/356/356
f 357/357/357 356/356/356 358/358/358
f 356/356/356 354/354/354 358/358/358
f 358/358/358 354/354/354 359/359/359
f 354/354/354 352/352/352 359/359/359
f 359/359/359 352/352/352 360/360/360
f 352/352/352 350/350/350 360/360/360
f 361/361/361 362/362/362 363/363/363
f 362/362/362 364/364/364 363/363/363
f 363/363/363 364/364/364 365/365/365
f 365/365/365 364/364/364 366/366/366
f 367/367/367 366/366/366 368/368/368
f 366/366/366 364/364/364 368/368/368
f 368/368/368 364/364/364 369/369/369
f 364/364/364 362/362/362 369/369/369
f 369/369/369 362/362/362 370/370/370
f 370/370/370 362/362/362 371/371/371
f 362/362/362 361/361/361 371/371/371
f 361/361/361 372/372/372 371/371/371
f 373/373/373 374/374/374 375/375/375
f 376/376/376 375/375/375 377/377/377
f 375/375/375 374/374/374 377/377/377
f 377/377/377 374/374/374 378/378/378
f 374/374/374 379/379/379 378/378/378
f 378/378/378 379/379/379 380/380/380
f 380/380/380 379/379/379 381/381/381
f 382/382/382 381/381/381 383/383/383
f 381/381/381 379/379/379 383/383/383
f 383/383/383 379/379/379 384/384/384
f 379/379/379 374/374/374 384/384/384
f 374/374/374 373/373/373 384/384/384
f 385/385/385 386/386/386 387/387/387
f 388/388/388 387/387/387 389/389/389
f 387/387/387 386/386/386 389/389/389
f 389/389/389 386/386/386 390/390/390
f 386/386/386 391/391/391 390/390/390
f 390/390/390 391/391/391 392/392/392
f 392/392/392 391/391/391 393/393/393
f 394/394/394 393/393/393 395/395/395
f 393/393/393 391/391/391 395/395/395
f 395/395/395 391/391/391 396/396/396
f 391/391/391 386/386/386 396/396/396
f 386/386/386 385/385/385 396/396/396
f 397/397/397 398/398/398 399/399/399
f 398/398/398 400/400/400 399/399/399
f 399/399/399 400/400/400 401/401/401
f 400/400/400 402/402/402 401/401/401
f 401/401/401 402/402/402 403/403/403
f 403/403/403 402/402/402 404/404/404
f 405/405/405 404/404/404 406/406/406
f 404/404/404 402/402/402 406/406/406
f 406/406/406 402/402/402 407/407/407
f 402/402/402 400/400/400 407/407/407
f 407/407/407 400/400/400 408/408/408
f 400/400/400 398/398/398 408/408/408
f 409/409/409 410/410/410 411/411/411
f 410/410/410 412/412/412 411/411/411
f 411/411/411 412/412/412 413/413/413
f 413/413/413 412/412/412 414/414/414
f 415/415/415 414/414/414 416/416/416
f 414/414/414 412/412/412 416/416/416
f 416/416/416 412/412/412 417/417/417
f 412/412/412 410/410/410 417/417/417
f 417/417/417 410/410/410 418/418/418
f 418/418/418 410/410/410 419/419/419
f 410/410/410 409/409/409 419/419/419
f 409/409/409 420/420/420 419/419/419
f 421/421/421 422/422/422 423/423/423
f 424/424/424 423/423/423 425/425/425
f 423/423/423 422/422/422 425/425/425
f 425/425/425 422/422/422 426/426/426
f 422/422/422 427/427/427 426/426/426
f 426/426/426 427/427/427 428/428/428
f 428/428/428 427/427/427 429/429/429
f 430/430/430 429/429/429 431/431/431
f 429/429/429 427/427/427 431/431/431
f 431/431/431 427/427/427 432/432/432
f 427/427/427 422/422/422 432/432/432
f 422/422/422 421/421/421 432/432/432
f 433/433/433 434/434/434 435/435/435
f 436/436/436 435/435/435 437/437/437
f 435/435/435 434/434/434 437/437/437
f 437/437/437 434/434/434 438/438/438
f 434/434/434 439/439/439 438/438/438
f 438/438/438 439/439/439 440/440/440
f 440/440/440 439/439/439 441/441/441
f 442/442/442 441/441/441 443/443/443
f 441/441/441 439/439/439 443/443/443
f 443/443/443 439/439/439 444/444/444
f 439/439/439 434/434/434 444/444/444
f 434/434/434 433/433/433 444/444/444
f 445/445/445 446/446/446 447/447/447
f 446/446/446 448/448/448 447/447/447
f 447/447/447 448/448/448 449/449/449
f 448/448/448 450/450/450 449/449/449
f 449/449/449 450/450/450 451/451/451
f 451/451/451 450/450/450 452/452/452
f 453/453/453 452/452/452 454/454/454
f 452/452/452 450/450/450 454/454/454
f 454/454/454 450/450/450 455/455/455
f 450/450/450 448/448/448 455/455/455
f 455/455/455 448/448/448 456/456/456
f 448/448/448 446/446/446 456/456/456
f 457/457/457 458/458/458 459/459/459
f 458/458/458 460/460/460 459/459/459
f 459/459/459 460/460/460 461/461/461
f 461/461/461 460/460/460 462/462/462
f 463/463/463 462/462/462 465/465/465
f 462/462/462 460/460/460 465/465/465
f 464/464/464 460/460/460 466/466/466
f 460/460/460 458/458/458 466/466/466
f 466/466/466 458/458/458 467/467/467
f 467/467/467 458/458/458 468/468/468
f 458/458/458 457/457/457 468/468/468
f 457/457/457 469/469/469 468/468/468
f 470/470/470 471/471/471 472/472/472
f 473/473/473 472/472/472 474/474/474
f 472/472/472 471/471/471 474/474/474
f 474/474/474 471/471/471 475/475/475
f 471/471/471 476/476/476 475/475/475
f 475/475/475 476/476/476 477/477/477
f 477/477/477 476/476/476 478/478/478
f 479/479/479 478/478/478 480/480/480
f 478/478/478 476/476/476 480/480/480
f 480/480/480 476/476/476 481/481/481
f 476/476/476 471/471/471 481/481/481
f 471/471/471 470/470/470 481/481/481
f 482/482/482 483/483/483 484/484/484
f 483/483/483 485/485/485 484/484/484
f 484/484/484 485/485/485 486/486/486
f 487/487/487 486/486/486 488/488/488
f 486/486/486 485/485/485 488/488/488
f 488/488/488 485/485/485 489/489/489
f 489/489/489 485/485/485 490/490/490
f 485/485/485 483/483/483 490/490/490
f 490/490/490 483/483/483 491/491/491
f 492/492/492 491/491/491 493/493/493
f 491/491/491 483/483/483 493/493/493
f 483/483/483 482/482/482 493/493/493
f 494/494/494 495/495/495 496/496/496
f 496/496/496 495/495/495 497/497/497
f 495/495/495 498/498/498 497/497/497
f 497/497/497 498/498/498 499/499/499
f 500/500/500 499/499/499 501/501/501
f 499/499/499 498/498/498 501/501/501
f 501/501/501 498/498/498 502/502/502
f 502/502/502 498/498/498 503/503/503
f 498/498/498 495/495/495 503/503/503
f 503/503/503 495/495/495 504/504/504
f 495/495/495 494/494/494 504/504/504
f 494/494/494 505/505/505 504/504/504
f 506/506/506 507/507/507 508/508/508
f 507/507/507 509/509/509 508/508/508
f 508/508/508 509/509/509 510/510/510
f 510/510/510 509/509/509 511/511/511
f 509/509/509 512/512/512 511/511/511
f 511/511/511 512/512/512 513/513/513
f 514/514/514 513/513/513 515/515/515
f 513/513/513 512/512/512 515/515/515
f 515/515/515 512/512/512 516/516/516
f 516/516/516 512/512/512 517/517/517
f 512/512/512 509/509/509 517/517/517
f 509/509/509 507/507/507 517/517/517
f 518/518/518 519/519/519 520/520/520
f 519/519/519 521/521/521 520/520/520
f 520/520/520 521/521/521 522/522/522
f 523/523/523 522/522/522 524/524/524
f 522/522/522 521/521/521 524/524/524
f 524/524/524 521/521/521 525/525/525
f 525/525/525 521/521/521 526/526/526
f 521/521/521 519/519/519 526/526/526
f 526/526/526 519/519/519 527/527/527
f 528/528/528 527/527/527 529/529/529
f 527/527/527 519/519/519 529/529/529
f 519/519/519 518/518/518 529/529/529
f 530/530/530 531/531/531 532/532/532
f 531/531/531 533/533/533 532/532/532
f 532/532/532 533/533/533 534/534/534
f 535/535/535 534/534/534 536/536/536
f 534/534/534 533/533/533 536/536/536
f 536/536/536 533/533/533 537/537/537
f 537/537/537 533/533/533 538/538/538
f 533/533/533 531/531/531 538/538/538
f 538/538/538 531/531/531 539/539/539
f 540/540/540 539/539/539 541/541/541
f 539/539/539 531/531/531 541/541/541
f 531/531/531 530/530/530 541/541/541
f 542/542/542 543/543/543 544/544/544
f 544/544/544 543/543/543 545/545/545
f 543/543/543 546/546/546 545/545/545
f 545/545/545 546/546/546 547/547/547
f 548/548/548 547/547/547 549/549/549
f 547/547/547 546/546/546 549/549/549
f 549/549/549 546/546/546 550/550/550
f 550/550/550 546/546/546 551/551/551
f 546/546/546 543/543/543 551/551/551
f 551/551/551 543/543/543 552/552/552
f 543/543/543 542/542/542 552/552/552
f 542/542/542 553/553/553 552/552/552
f 554/554/554 555/555/555 556/556/556
f 555/555/555 557/557/557 556/556/556
f 556/556/556 557/557/557 558/558/558
f 558/558/558 557/557/557 559/559/559
f 557/557/557 560/560/560 559/559/559
f 559/559/559 560/560/560 561/561/561
f 562/562/562 561/561/561 563/563/563
f 561/561/561 560/560/560 563/563/563
f 563/563/563 560/560/560 564/564/564
f 564/564/564 560/560/560 565/565/565
f 560/560/560 557/557/557 565/565/565
f 557/557/557 555/555/555 565/565/565
f 566/566/566 567/567/567 568/568/568
f 567/567/567 569/569/569 568/568/568
f 568/568/568 569/569/569 570/570/570
f 571/571/571 570/570/570 572/572/572
f 570/570/570 569/569/569 572/572/572
f 572/572/572 569/569/569 573/573/573
f 573/573/573 569/569/569 574/574/574
f 569/569/569 567/567/567 574/574/574
f 574/574/574 567/567/567 575/575/575
f 576/576/576 575/575/575 577/577/577
f 575/575/575 567/567/567 577/577/577
f 567/567/567 566/566/566 577/577/577
f 578/578/578 579/579/579 580/580/580
f 579/579/579 581/581/581 580/580/580
f 580/580/580 581/581/581 582/582/582
f 583/583/583 582/582/582 584/584/584
f 582/582/582 581/581/581 584/584/584
f 584/584/584 581/581/581 585/585/585
f 585/585/585 581/581/581 586/586/586
f 581/581/581 579/579/579 586/586/586
f 586/586/586 579/579/579 587/587/587
f 588/588/588 587/587/587 589/589/589
f 587/587/587 579/579/579 589/589/589
f 579/579/579 578/578/578 589/589/589
f 590/590/590 591/591/591 592/592/592
f 592/592/592 591/591/591 593/593/593
f 591/591/591 594/594/594 593/593/593
f 593/593/593 594/594/594 595/595/595
f 596/596/596 595/595/595 597/597/597
f 595/595/595 594/594/594 597/597/597
f 597/597/597 594/594/594 598/598/598
f 598/598/598 594/594/594 599/599/599
f 594/594/594 591/591/591 599/599/599
f 599/599/599 591/591/591 600/600/600
f 591/591/591 590/590/590 600/600/600
f 590/590/590 601/601/601 600/600/600
f 602/602/602 603/603/603 604/604/604
f 603/603/603 605/605/605 604/604/604
f 604/604/604 605/605/605 606/606/606
f 606/606/606 605/605/605 607/607/607
f 605/605/605 608/608/608 607/607/607
f 607/607/607 608/608/608 609/609/609
f 610/610/610 609/609/609 611/611/611
f 609/609/609 608/608/608 611/611/611
f 611/611/611 608/608/608 612/612/612
f 612/612/612 608/608/608 613/613/613
f 608/608/608 605/605/605 613/613/613
f 605/605/605 603/603/603 613/613/613
f 614/614/614 615/615/615 616/616/616
f 615/615/615 617/617/617 616/616/616
f 616/616/616 617/617/617 618/618/618
f 619/619/619 618/618/618 620/620/620
f 618/618/618 617/617/617 620/620/620
f 620/620/620 617/617/617 621/621/621
f 621/621/621 617/617/617 622/622/622
f 617/617/617 615/615/615 622/622/622
f 622/622/622 615/615/615 623/623/623
f 624/624/624 623/623/623 625/625/625
f 623/623/623 615/615/615 625/625/625
f 615/615/615 614/614/614 625/625/625
f 626/626/626 627/627/627 628/628/628
f 627/627/627 629/629/629 628/628/628
f 628/628/628 629/629/629 630/630/630
f 631/631/631 630/630/630 632/632/632
f 630/630/630 629/629/629 632/632/632
f 632/632/632 629/629/629 633/633/633
f 633/633/633 629/629/629 634/634/634
f 629/629/629 627/627/627 634/634/634
f 634/634/634 627/627/627 635/635/635
f 636/636/636 635/635/635 637/637/637
f 635/635/635 627/627/627 637/637/637
f 627/627/627 626/626/626 637/637/637
f 638/638/638 639/639/639 640/640/640
f 640/640/640 639/639/639 641/641/641
f 639/639/639 642/642/642 641/641/641
f 641/641/641 642/642/642 643/643/643
f 644/644/644 643/643/643 645/645/645
f 643/643/643 642/642/642 645/645/645
f 645/645/645 642/642/642 646/646/646
f 646/646/646 642/642/642 647/647/647
f 642/642/642 639/639/639 647/647/647
f 647/647/647 639/639/639 648/648/648
f 639/639/639 638/638/638 648/648/648
f 638/638/638 649/649/649 648/648/648
f 650/650/650 651/651/651 652/652/652
f 651/651/651 653/653/653 652/652/652
f 652/652/652 653/653/653 654/654/654
f 654/654/654 653/653/653 655/655/655
f 653/653/653 656/656/656 655/655/655
f 655/655/655 656/656/656 657/657/657
f 658/658/658 657/657/657 659/659/659
f 657/657/657 656/656/656 659/659/659
f 659/659/659 656/656/656 660/660/660
f 660/660/660 656/656/656 661/661/661
f 656/656/656 653/653/653 661/661/661
f 653/653/653 651/651/651 661/661/661
f 662/662/662 663/663/663 664/664/664
f 663/663/663 665/665/665 664/664/664
f 664/664/664 665/665/665 666/666/666
f 667/667/667 666/666/666 668/668/668
f 666/666/666 665/665/665 668/668/668
f 668/668/668 665/665/665 669/669/669
f 669/669/669 665/665/665 670/670/670
f 665/665/665 663/663/663 670/670/670
f 670/670/670 663/663/663 671/671/671
f 672/672/672 671/671/671 673/673/673
f 671/671/671 663/663/663 673/673/673
f 663/663/663 662/662/662 673/673/673
f 674/674/674 675/675/675 676/676/676
f 675/675/675 677/677/677 676/676/676
f 676/676/676 677/677/677 678/678/678
f 679/679/679 678/678/678 680/680/680
f 678/678/678 677/677/677 680/680/680
f 680/680/680 677/677/677 681/681/681
f 681/681/681 677/677/677 682/682/682
f 677/677/677 675/675/675 682/682/682
f 682/682/682 675/675/675 683/683/683
f 684/684/684 683/683/683 685/685/685
f 683/683/683 675/675/675 685/685/685
f 675/675/675 674/674/674 685/685/685
f 686/686/686 687/687/687 688/688/688
f 688/688/688 687/687/687 689/689/689
f 687/687/687 690/690/690 689/689/689
f 689/689/689 690/690/690 691/691/691
f 692/692/692 691/691/691 693/693/693
f 691/691/691 690/690/690 693/693/693
f 693/693/693 690/690/690 694/694/694
f 694/694/694 690/690/690 695/695/695
f 690/690/690 687/687/687 695/695/695
f 695/695/695 687/687/687 696/696/696
f 687/687/687 686/686/686 696/696/696
f 686/686/686 697/697/697 696/696/696
f 698/698/698 699/699/699 700/700/700
f 699/699/699 701/701/701 700/700/700
f 700/700/700 701/701/701 702/702/702
f 702/702/702 701/701/701 703/703/703
f 701/701/701 704/704/704 703/703/703
f 703/703/703 704/704/704 705/705/705
f 706/706/706 705/705/705 707/707/707
f 705/705/705 704/704/704 707/707/707
f 707/707/707 704/704/704 708/708/708
f 708/708/708 704/704/704 709/709/709
f 704/704/704 701/701/701 709/709/709
f 701/701/701 699/699/699 709/709/709
f 710/710/710 711/711/711 712/712/712
f 711/711/711 713/713/713 712/712/712
f 712/712/712 713/713/713 714/714/714
f 715/715/715 714/714/714 716/716/716
f 714/714/714 713/713/713 716/716/716
f 716/716/716 713/713/713 717/717/717
f 717/717/717 713/713/713 718/718/718
f 713/713/713 711/711/711 718/718/718
f 718/718/718 711/711/711 719/719/719
f 720/720/720 719/719/719 721/721/721
f 719/719/719 711/711/711 721/721/721
f 711/711/711 710/710/710 721/721/721
f 722/722/722 723/723/723 724/724/724
f 723/723/723 725/725/725 724/724/724
f 724/724/724 725/725/725 726/726/726
f 727/727/727 726/726/726 728/728/728
f 726/726/726 725/725/725 728/728/728
f 728/728/728 725/725/725 729/729/729
f 729/729/729 725/725/725 730/730/730
f 725/725/725 723/723/723 730/730/730
f 730/730/730 723/723/723 731/731/731
f 732/732/732 731/731/731 733/733/733
f 731/731/731 723/723/723 733/733/733
f 723/723/723 722/722/722 733/733/733
f 734/734/734 735/735/735 736/736/736
f 736/736/736 735/735/735 737/737/737
f 735/735/735 738/738/738 737/737/737
f 737/737/737 738/738/738 739/739/739
f 740/740/740 739/739/739 741/741/741
f 739/739/739 738/738/738 741/741/741
f 741/741/741 738/738/738 742/742/742
f 742/742/742 738/738/738 743/743/743
f 738/738/738 735/735/735 743/743/743
f 743/743/743 735/735/735 744/744/744
f 735/735/735 734/734/734 744/744/744
f 734/734/734 745/745/745 744/744/744
f 746/746/746 747/747/747 748/748/748
f 747/747/747 749/749/749 748/748/748
f 748/748/748 749/749/749 750/750/750
f 750/750/750 749/749/749 751/751/751
f 749/749/749 752/752/752 751/751/751
f 751/751/751 752/752/752 753/753/753
f 754/754/754 753/753/753 755/755/755
f 753/753/753 752/752/752 755/755/755
f 755/755/755 752/752/752 756/756/756
f 756/756/756 752/752/752 757/757/757
f 752/752/752 749/749/749 757/757/757
f 749/749/749 747/747/747 757/757/757
f 758/758/758 759/759/759 760/760/760
f 759/759/759 761/761/761 760/760/760
f 760/760/760 761/761/761 762/762/762
f 763/763/763 762/762/762 764/764/764
f 762/762/762 761/761/761 764/764/764
f 764/764/764 761/761/761 765/765/765
f 765/765/765 761/761/761 766/766/766
f 761/761/761 759/759/759 766/766/766
f 766/766/766 759/759/759 767/767/767
f 768/768/768 767/767/767 769/769/769
f 767/767/767 759/759/759 769/769/769
f 759/759/759 758/758/758 769/769/769
f 770/770/770 771/771/771 772/772/772
f 771/771/771 773/773/773 772/772/772
f 772/772/772 773/773/773 774/774/774
f 775/775/775 774/774/774 776/776/776
f 774/774/774 773/773/773 776/776/776
f 776/776/776 773/773/773 777/777/777
f 777/777/777 773/773/773 778/778/778
f 773/773/773 771/771/771 778/778/778
f 778/778/778 771/771/771 779/779/779
f 780/780/780 779/779/779 781/781/781
f 779/779/779 771/771/771 781/781/781
f 771/771/771 770/770/770 781/781/781
f 782/782/782 783/783/783 784/784/784
f 784/784/784 783/783/783 785/785/785
f 783/783/783 786/786/786 785/785/785
f 785/785/785 786/786/786 787/787/787
f 788/788/788 787/787/787 789/789/789
f 787/787/787 786/786/786 789/789/789
f 789/789/789 786/786/786 790/790/790
f 790/790/790 786/786/786 791/791/791
f 786/786/786 783/783/783 791/791/791
f 791/791/791 783/783/783 792/792/792
f 783/783/783 782/782/782 792/792/792
f 782/782/782 793/793/793 792/792/792
f 794/794/794 795/795/795 796/796/796
f 795/795/795 797/797/797 796/796/796
f 796/796/796 797/797/797 798/798/798
f 798/798/798 797/797/797 799/799/799
f 797/797/797 800/800/800 799/799/799
f 799/799/799 800/800/800 801/801/801
f 802/802/802 801/801/801 803/803/803
f 801/801/801 800/800/800 803/803/803
f 803/803/803 800/800/800 804/804/804
f 804/804/804 800/800/800 805/805/805
f 800/800/800 797/797/797 805/805/805
f 797/797/797 795/795/795 805/805/805
f 806/806/806 807/807/807 808/808/808
f 807/807/807 809/809/809 808/808/808
f 808/808/808 809/809/809 810/810/810
f 811/811/811 810/810/810 812/812/812
f 810/810/810 809/809/809 812/812/812
f 812/812/812 809/809/809 813/813/813
f 813/813/813 809/809/809 814/814/814
f 809/809/809 807/807/807 814/814/814
f 814/814/814 807/807/807 815/815/815
f 816/816/816 815/815/815 817/817/817
f 815/815/815 807/807/807 817/817/817
f 807/807/807 806/806/806 817/817/817
f 818/818/818 819/819/819 820/820/820
f 819/819/819 821/821/821 820/820/820
f 820/820/820 821/821/821 822/822/822
f 823/823/823 822/822/822 824/824/824
f 822/822/822 821/821/821 824/824/824
f 824/824/824 821/821/821 825/825/825
f 825/825/825 821/821/821 826/826/826
f 821/821/821 819/819/819 826/826/826
f 826/826/826 819/819/819 827/827/827
f 828/828/828 827/827/827 829/829/829
f 827/827/827 819/819/819 829/829/829
f 819/819/819 818/818/818 829/829/829
f 830/830/830 831/831/831 832/832/832
f 832/832/832 831/831/831 833/833/833
f 831/831/831 834/834/834 833/833/833
f 833/833/833 834/834/834 835/835/835
f 836/836/836 835/835/835 837/837/837
f 835/835/835 834/834/834 837/837/837
f 837/837/837 834/834/834 838/838/838
f 838/838/838 834/834/834 839/839/839
f 834/834/834 831/831/831 839/839/839
f 839/839/839 831/831/831 840/840/840
f 831/831/831 830/830/830 840/840/840
f 830/830/830 841/841/841 840/840/840
f 842/842/842 843/843/843 844/844/844
f 843/843/843 845/845/845 844/844/844
f 844/844/844 845/845/845 846/846/846
f 846/846/846 845/845/845 847/847/847
f 845/845/845 848/848/848 847/847/847
f 847/847/847 848/848/848 849/849/849
f 851/851/851 850/850/850 852/852/852
f 850/850/850 848/848/848 852/852/852
f 852/852/852 848/848/848 853/853/853
f 853/853/853 848/848/848 854/854/854
f 848/848/848 845/845/845 854/854/854
f 845/845/845 843/843/843 854/854/854
f 855/855/855 856/856/856 857/857/857
f 856/856/856 858/858/858 857/857/857
f 857/857/857 858/858/858 859/859/859
f 860/860/860 859/859/859 861/861/861
f 859/859/859 858/858/858 861/861/861
f 861/861/861 858/858/858 862/862/862
f 862/862/862 858/858/858 863/863/863
f 858/858/858 856/856/856 863/863/863
f 863/863/863 856/856/856 864/864/864
f 865/865/865 864/864/864 866/866/866
f 864/864/864 856/856/856 866/866/866
f 856/856/856 855/855/855 866/866/866

