mtllib material.mtl
usemtl ISSMetal1
v 0.59791900 -4.35623000 1.05205800
v 0.59791900 -2.50373500 0.56008400
v -1.84372900 -4.35623000 1.51973700
v -1.84372900 -2.50373500 0.81518000
v 0.59791900 -4.35623000 -1.04945900
v 0.59791900 -2.50373500 -0.56356000
v 0.59791900 -4.35623000 1.05205800
v 0.59791900 -2.50373500 0.56008400
v -1.84372900 -4.35623000 -1.51713900
v -1.84372900 -2.50373500 -0.81258700
v 0.59791900 -4.35623000 -1.04945900
v 0.59791900 -2.50373500 -0.56356000
v -1.84372900 -4.35623000 1.51973700
v -1.84372900 -2.50373500 0.81518000
v -1.84372900 -4.35623000 -1.51713900
v -1.84372900 -2.50373500 -0.81258700
v 1.52112900 -2.84993900 0.55400900
v 1.52112900 -2.50373500 0.56008400
v 0.59791900 -2.84993900 0.55400900
v 0.59791900 -2.50373500 0.56008400
v 1.52112900 -2.84993900 -0.55141500
v 1.52112900 -2.50373500 -0.56356000
v 1.52112900 -2.84993900 0.55400900
v 1.52112900 -2.50373500 0.56008400
v 0.59791900 -2.84993900 -0.55141500
v 0.59791900 -2.50373500 -0.56356000
v 1.52112900 -2.84993900 -0.55141500
v 1.52112900 -2.50373500 -0.56356000
v 0.59791900 -2.84993900 0.55400900
v 0.59791900 -2.50373500 0.56008400
v 0.59791900 -2.84993900 -0.55141500
v 0.59791900 -2.50373500 -0.56356000
v 0.59791900 -4.35623000 1.05205800
v -1.84372900 -4.35623000 1.51973700
v 0.59791900 -4.35623000 -1.04945900
v -1.84372900 -4.35623000 -1.51713900
v 8.90680800 -2.78312700 12.79261700
v 8.43305300 -2.35188900 12.68936500
v 8.54845400 -2.78312700 13.66116300
v 8.43305300 -2.35188900 13.47287500
v 7.67990800 -2.78312700 12.79261700
v 7.68598300 -2.59484100 12.68936500
v 8.90680800 -2.78312700 12.79261700
v 8.43305300 -2.35188900 12.68936500
v 7.68598300 -2.59484100 13.47287500
v 7.68598300 -2.59484100 12.68936500
v 7.67990800 -2.78312700 12.79261700
v 7.67990800 -2.78312700 12.79261700
v 8.54845400 -2.78312700 13.66116300
v 7.68598300 -2.59484100 13.47287500
v 8.43305300 -2.35188900 13.47287500
v -5.66411800 0.82467900 0.88806200
v -5.31184100 0.82467900 0.88806200
v -5.31184100 0.82467900 0.88806200
v -5.31184100 0.82467900 0.88806200
v -5.31184100 0.80645900 0.34142500
v -5.31184100 0.82467900 0.88806200
v -21.34654200 -0.58443100 -0.39957200
v -21.26151100 -0.79093900 -0.87332200
v -21.34654200 -0.73627400 0.00129500
v -21.26151100 -0.79701200 -0.03514900
v -21.34654200 -0.73627400 0.00129500
v -21.26151100 -0.79701200 -0.03514900
v -21.34654200 -0.60265300 0.42038600
v -21.26151100 -0.81523400 0.81517800
v -7.23721900 0.43595900 0.59652600
v -7.16433400 0.82467900 0.88806200
v -7.23721900 0.70320500 0.22602300
v -7.16433400 0.80645900 0.34142500
v -7.23721900 0.70320500 0.22602300
v -7.16433400 0.80645900 0.34142500
v -7.23721900 0.70320500 -0.22950700
v -7.16433400 0.80645900 -0.33883300
v -7.23721900 0.70320500 -0.22950700
v -7.16433400 0.80645900 -0.33883300
v -7.23721900 0.42988600 -0.59393000
v -6.78776400 0.82467900 -0.89154500
v -21.34654200 -0.24430200 0.69370200
v -21.26151100 -0.32933400 0.90628500
v -21.34654200 0.21123100 0.70585200
v -21.26151100 0.28411600 0.92450500
v -20.45977400 -0.32933400 0.90628500
v -20.45977400 0.28411600 0.92450500
v -19.60944900 -0.32933400 0.90628500
v -19.60944900 0.28411600 0.92450500
v -19.53049300 -0.24430200 0.69370200
v -19.53049300 0.21123100 0.70585200
v -21.34654200 0.21123100 0.70585200
v -21.26151100 0.28411600 0.92450500
v -21.34654200 0.58172900 0.44468000
v -21.26151100 0.78823700 0.86984100
v -20.45977400 0.28411600 0.92450500
v -20.45977400 0.78823700 0.86984200
v -19.60944900 0.28411600 0.92450500
v -19.60944900 0.78823700 0.86984200
v -19.53049300 0.21123100 0.70585200
v -19.53049300 0.58172900 0.44468000
v -21.34654200 0.58172900 0.44468000
v -21.26151100 0.78823700 0.86984100
v -21.34654200 0.73357400 0.01951900
v -21.26151100 0.80038400 0.03773900
v -20.45977400 0.78823700 0.86984200
v -20.45977400 0.80038400 0.03773900
v -19.60944900 0.78823700 0.86984200
v -19.60944900 0.80038400 0.03773900
v -19.53049300 0.58172900 0.44468000
v -19.53049300 0.73357400 0.01951900
v -21.34654200 0.73357400 0.01951900
v -21.26151100 0.80038400 0.03773900
v -21.34654200 0.60602500 -0.41779200
v -21.26151100 0.81860600 -0.81258900
v -20.45977400 0.80038400 0.03773900
v -20.45977400 0.81860600 -0.81258900
v -19.60944900 0.80038400 0.03773900
v -19.60944900 0.81860600 -0.81258900
v -19.53049300 0.73357400 0.01951900
v -19.53049300 0.60602500 -0.41779200
v -21.34654200 0.60602500 -0.41779200
v -21.26151100 0.81860600 -0.81258900
v -21.34654200 0.21123000 -0.64251900
v -21.26151100 0.33270400 -0.90976600
v -20.45977400 0.81860600 -0.81258900
v -20.45977400 0.33270400 -0.90976600
v -19.60944900 0.81860600 -0.81258900
v -19.60944900 0.33270400 -0.90976500
v -19.53049300 0.60602500 -0.41779200
v -19.53049300 0.24160000 -0.69111300
v -21.34654200 0.21123000 -0.64251900
v -21.26151100 0.33270400 -0.90976600
v -21.34654200 -0.20785800 -0.64251900
v -21.26151100 -0.28074400 -0.92191500
v -20.45977400 0.33270400 -0.90976600
v -20.45977400 -0.28074400 -0.92191500
v -19.60944900 0.33270400 -0.90976500
v -19.60944900 -0.28074400 -0.92191500
v -19.53049300 0.24160000 -0.69111300
v -19.53049300 -0.20785800 -0.70325700
v -21.34654200 -0.20785800 -0.64251900
v -21.26151100 -0.28074400 -0.92191500
v -21.34654200 -0.58443100 -0.39957200
v -21.26151100 -0.79093900 -0.87332200
v -20.45977400 -0.28074400 -0.92191500
v -20.45977400 -0.79093900 -0.87332200
v -19.60944900 -0.28074400 -0.92191500
v -19.60944900 -0.79093900 -0.87332200
v -19.53049300 -0.20785800 -0.70325700
v -19.53049300 -0.58443100 -0.44816000
v -19.60944900 -0.79093900 -0.87332200
v -19.53049300 -0.58443100 -0.44816000
v -19.60944900 -0.81523400 -0.04121900
v -19.53049300 -0.73627400 -0.01692400
v -19.60944900 -0.81523400 -0.04121900
v -19.53049300 -0.73627400 -0.01692400
v -19.60944900 -0.81523300 0.81517800
v -19.53049300 -0.60265300 0.42038600
v -21.34654200 -0.60265300 0.42038600
v -21.26151100 -0.81523400 0.81517800
v -21.34654200 -0.24430200 0.69370200
v -21.26151100 -0.32933400 0.90628500
v -20.45977400 -0.81523400 0.81517800
v -20.45977400 -0.32933400 0.90628500
v -19.60944900 -0.81523300 0.81517800
v -19.60944900 -0.32933400 0.90628500
v -19.53049300 -0.60265300 0.42038600
v -19.53049300 -0.24430200 0.69370200
v -15.00554700 -0.20178300 2.91669500
v -13.60858400 -0.19571100 2.50975400
v -11.68320500 -0.20178300 2.91669600
v -13.08016700 -0.19571100 2.50975400
v -15.00554700 -0.19571100 2.49153400
v -11.68320500 -0.19571100 2.49153400
v -15.00554800 -0.15319400 11.49890700
v -15.00554700 0.05938600 2.92277000
v -15.00554800 -0.41436500 11.49283200
v -15.00554700 -0.20178300 2.91669500
v -13.60858400 0.06546100 2.51582900
v -13.60858400 -0.19571100 2.50975400
v -15.00554700 0.07153600 2.49760900
v -15.00554700 -0.19571100 2.49153400
v -11.68320500 0.05938600 2.92277100
v -13.08016700 0.06546100 2.51582900
v -15.00554700 0.05938600 2.92277000
v -13.60858400 0.06546100 2.51582900
v -11.68320500 0.07153600 2.49760900
v -15.00554700 0.07153600 2.49760900
v -11.68320600 -0.41436500 11.49283200
v -11.68320500 -0.20178300 2.91669600
v -11.68320600 -0.15319400 11.49890700
v -11.68320500 0.05938600 2.92277100
v -13.08016700 -0.19571100 2.50975400
v -13.08016700 0.06546100 2.51582900
v -11.68320500 -0.19571100 2.49153400
v -11.68320500 0.07153600 2.49760900
v -15.00554700 0.20515600 -2.96269300
v -13.60858400 0.19300900 -2.51930800
v -11.68320500 0.20515600 -2.96269300
v -13.08016700 0.19300900 -2.51930800
v -15.00554700 0.19300900 -2.49501400
v -11.68320500 0.19300900 -2.49501300
v -15.00554600 0.15049200 -11.50238600
v -15.00554700 -0.05601600 -2.96876800
v -15.00554600 0.41166300 -11.49631300
v -15.00554700 0.20515600 -2.96269300
v -13.60858400 -0.06816300 -2.52538300
v -13.60858400 0.19300900 -2.51930800
v -15.00554700 -0.06816300 -2.50108800
v -15.00554700 0.19300900 -2.49501400
v -11.68320500 -0.05601600 -2.96876800
v -13.08016700 -0.06816300 -2.52538300
v -15.00554700 -0.05601600 -2.96876800
v -13.60858400 -0.06816300 -2.52538300
v -11.68320500 -0.06816300 -2.50108800
v -15.00554700 -0.06816300 -2.50108800
v -11.68320400 0.41166300 -11.49631300
v -11.68320500 0.20515600 -2.96269300
v -11.68320400 0.15049200 -11.50238600
v -11.68320500 -0.05601600 -2.96876800
v -13.08016700 0.19300900 -2.51930800
v -13.08016700 -0.06816300 -2.52538300
v -11.68320500 0.19300900 -2.49501300
v -11.68320500 -0.06816300 -2.50108800
v -15.00554700 -0.19571100 2.49153400
v -15.00554700 0.07153600 2.49760900
v -15.00554700 -0.86989600 2.47331500
v -15.00554700 0.75179400 2.51582800
v -15.00554700 -0.19571100 2.49153400
v -15.00554700 -0.86989600 2.47331500
v -11.68320500 -0.19571100 2.49153400
v -11.68320500 -0.86989600 2.47331500
v -15.00554700 0.75179400 2.51582800
v -15.00554700 0.07153600 2.49760900
v -11.68320500 0.75179400 2.51582900
v -11.68320500 0.07153600 2.49760900
v -15.00554700 0.19300900 -2.49501400
v -15.00554700 -0.06816300 -2.50108800
v -15.00554700 0.87326900 -2.47679400
v -15.00554700 -0.74842300 -2.51323800
v -11.68320500 0.75179400 2.51582900
v -11.68320500 0.75179400 2.51582900
v -11.68320500 -0.86989600 2.47331500
v -11.68320500 -0.86989600 2.47331500
v -11.68320500 -0.86989600 2.47331500
v -11.68320500 -0.86989600 2.47331500
v -15.00554700 -0.86989600 2.47331500
v -15.00554700 -0.86989600 2.47331500
v -15.00554700 -0.86989600 2.47331500
v -15.00554700 -0.86989600 2.47331500
v -15.00554700 0.75179400 2.51582800
v -15.00554700 0.75179400 2.51582800
v -15.00554700 0.75179400 2.51582800
v -15.00554700 0.75179400 2.51582800
v -11.68320500 0.75179400 2.51582900
v -11.68320500 0.75179400 2.51582900
v 10.82611200 -0.00134900 0.90628800
v 10.61960800 -0.00134900 1.52580800
v 10.82611200 -0.76664100 0.77873700
v 10.82611200 -0.89419200 -0.00477800
v 10.61960800 -1.50764000 -0.00477800
v 10.82611200 -0.76664100 -0.78221700
v 10.82611200 -0.00134900 -0.91583800
v 10.61960800 -0.00134900 -1.53536300
v 10.82611200 0.76394400 -0.78221700
v 10.82611200 0.77001600 0.77873700
v 10.82611200 0.89756500 -0.00477800
v 10.61960800 1.50494000 -0.00477800
v 10.20659200 1.74788900 -1.76009100
v 10.61960800 1.09192600 -1.11627200
v 10.20659200 1.74788900 -1.76009100
v 10.20659200 -0.00134900 -2.45857300
v 10.20659200 -1.75058900 -1.75401600
v 10.61960800 -1.09462600 -1.11627100
v 10.20659200 -1.75058900 -1.75401600
v 10.20659200 -2.44907200 -0.00477700
v 10.20659200 -1.75058900 1.75054000
v 10.61960800 -1.09462500 1.11279600
v 10.20659200 -1.75058900 1.75054000
v 10.20659200 -0.00134800 2.44901800
v 10.20659200 1.74789000 1.74446500
v 10.61960800 1.09799800 1.10672100
v 10.20659200 1.74789000 1.74446500
v 10.20659200 2.45244700 -0.00477800
v 10.20659200 2.45244700 -0.00477800
v 10.20659200 1.74788900 -1.76009100
v 10.20659200 2.64680500 -2.64685700
v 10.20659200 -0.00134900 -2.64685700
v 10.20659200 -0.00134900 -2.45857300
v 10.20659200 -2.64343000 -2.64685700
v 10.20659200 -1.75058900 -1.75401600
v 10.20659200 -2.64343000 0.00129700
v 10.20659200 -2.44907200 -0.00477700
v 10.20659200 -2.64343000 2.63123200
v 10.20659200 -1.75058900 1.75054000
v 10.20659200 -0.00134800 2.63123200
v 10.20659200 -0.00134800 2.44901800
v 10.20659200 2.64680600 2.63123100
v 10.20659200 1.74789000 1.74446500
v 10.20659200 2.64680500 -0.01084800
v 6.69596600 -12.61652900 -0.28416800
v 7.61310100 -12.61652900 0.01344800
v 6.69596600 -12.61652900 0.31105800
v 7.04217000 -12.61652900 0.79696200
v 7.61310100 -12.61652900 0.97917100
v 8.17795800 -12.61652900 0.79696200
v 8.53023700 -12.61652900 0.31105800
v 8.53023700 -12.61652900 -0.28416800
v 8.17795800 -12.61652900 -0.77006700
v 7.61310100 -12.61652900 -0.95228100
v 7.04217000 -12.61652900 -0.77006700
v 7.55843800 -2.64343100 -2.64685700
v 7.61310100 -2.77097900 -2.62256300
v 4.91027900 -2.64343100 -2.64685700
v 5.24433900 -2.77097900 -2.48286700
v 7.61310100 -3.02607800 -2.62256300
v 6.06429100 -3.02607800 -2.11843900
v 7.61310100 -3.03822500 -1.48676900
v 6.73240500 -3.03822500 -1.20130400
v 7.61310100 -3.59093700 -2.62256300
v 6.06429100 -3.59093700 -2.11843900
v 7.61310100 -9.09982900 -2.62256200
v 6.06429100 -9.09982900 -2.11843800
v 7.61310200 -12.16099900 -2.62256200
v 6.06429100 -12.16099900 -2.11843800
v 7.61310100 -12.61652900 -0.95228100
v 7.04217000 -12.61652900 -0.77006700
v 10.20659200 -2.64343000 -2.64685700
v 9.90290200 -2.77097900 -2.48286700
v 7.55843800 -2.64343100 -2.64685700
v 7.61310100 -2.77097900 -2.62256300
v 9.16190500 -3.02607800 -2.11843900
v 7.61310100 -3.02607800 -2.62256300
v 8.49379300 -3.03822500 -1.20130400
v 7.61310100 -3.03822500 -1.48676900
v 9.16190500 -3.59093700 -2.11843900
v 7.61310100 -3.59093700 -2.62256300
v 9.16190600 -9.09982900 -2.11843800
v 7.61310100 -9.09982900 -2.62256200
v 9.16190600 -12.16099900 -2.11843800
v 7.61310200 -12.16099900 -2.62256200
v 8.17795800 -12.61652900 -0.77006700
v 7.61310100 -12.61652900 -0.95228100
v 10.20659200 -2.64343000 0.00129700
v 10.17622300 -2.77097900 -0.22343000
v 10.20659200 -2.64343000 -2.64685700
v 9.90290200 -2.77097900 -2.48286700
v 10.11548400 -3.02607800 -0.80043700
v 9.16190500 -3.02607800 -2.11843900
v 9.04042900 -3.03822500 -0.44815800
v 8.49379300 -3.03822500 -1.20130400
v 10.11548400 -3.59093700 -0.80043600
v 9.16190500 -3.59093700 -2.11843900
v 10.11548400 -9.09982900 -0.80043600
v 9.16190600 -9.09982900 -2.11843800
v 10.11548500 -12.16099900 -0.80043600
v 9.16190600 -12.16099900 -2.11843800
v 8.53023700 -12.61652900 -0.28416800
v 8.17795800 -12.61652900 -0.77006700
v 10.20659200 -2.64343000 0.00129700
v 10.17622300 -2.77097900 0.25032400
v 10.17622300 -2.77097900 -0.22343000
v 10.11548400 -3.02607800 0.82733100
v 10.11548400 -3.02607800 -0.80043700
v 9.04042900 -3.03822500 0.47505200
v 9.04042900 -3.03822500 -0.44815800
v 10.11548400 -3.59093700 0.82733100
v 10.11548400 -3.59093700 -0.80043600
v 10.11548400 -9.09982900 0.82733100
v 10.11548400 -9.09982900 -0.80043600
v 10.11548400 -12.16099900 0.82733100
v 10.11548500 -12.16099900 -0.80043600
v 8.53023700 -12.61652900 0.31105800
v 8.53023700 -12.61652900 -0.28416800
v 10.20659200 -2.64343000 2.63123200
v 9.90290200 -2.77097800 2.50975600
v 10.20659200 -2.64343000 0.00129700
v 10.17622300 -2.77097900 0.25032400
v 10.11548400 -3.02607800 0.82733100
v 9.16190500 -3.02607800 2.14533300
v 8.49379300 -3.03822500 1.22819700
v 9.04042900 -3.03822500 0.47505200
v 9.16190500 -3.59093700 2.14533300
v 10.11548400 -3.59093700 0.82733100
v 9.16190500 -9.09982900 2.14533300
v 10.11548400 -9.09982900 0.82733100
v 9.16190500 -12.16099900 2.14533300
v 10.11548400 -12.16099900 0.82733100
v 8.17795800 -12.61652900 0.79696200
v 8.53023700 -12.61652900 0.31105800
v 7.61310100 -2.63735800 2.64945100
v 7.57665700 -2.77097900 2.64945100
v 10.20659200 -2.64343000 2.63123200
v 9.90290200 -2.77097800 2.50975600
v 7.61310100 -3.02607800 2.64945100
v 9.16190500 -3.02607800 2.14533300
v 7.61310100 -3.03822500 1.51366300
v 8.49379300 -3.03822500 1.22819700
v 7.61310100 -3.59093700 2.64945100
v 9.16190500 -3.59093700 2.14533300
v 7.61310100 -9.09982900 2.64945100
v 9.16190500 -9.09982900 2.14533300
v 7.61310100 -12.16099900 2.64945200
v 9.16190500 -12.16099900 2.14533300
v 7.61310100 -12.61652900 0.97917100
v 8.17795800 -12.61652900 0.79696200
v 4.91027900 -2.64343000 2.63730600
v 5.24433800 -2.77097900 2.50975600
v 7.61310100 -2.63735800 2.64945100
v 7.57665700 -2.77097900 2.64945100
v 6.06429100 -3.02607800 2.14533200
v 7.61310100 -3.02607800 2.64945100
v 6.73240500 -3.03822500 1.22819700
v 7.61310100 -3.03822500 1.51366300
v 6.06429100 -3.59093700 2.14533200
v 7.61310100 -3.59093700 2.64945100
v 6.06429100 -9.09982900 2.14533300
v 7.61310100 -9.09982900 2.64945100
v 6.06429100 -12.16099900 2.14533300
v 7.61310100 -12.16099900 2.64945200
v 7.04217000 -12.61652900 0.79696200
v 7.61310100 -12.61652900 0.97917100
v 4.91027900 -2.64343000 0.01344700
v 4.97101700 -2.77097900 0.25032400
v 4.91027900 -2.64343000 2.63730600
v 5.24433800 -2.77097900 2.50975600
v 5.10464200 -3.02607800 0.82733000
v 6.06429100 -3.02607800 2.14533200
v 6.18576700 -3.03822500 0.47505200
v 6.73240500 -3.03822500 1.22819700
v 5.10464200 -3.59093700 0.82733000
v 6.06429100 -3.59093700 2.14533200
v 5.10464300 -9.09982900 0.82733100
v 6.06429100 -9.09982900 2.14533300
v 5.10464300 -12.16099900 0.82733100
v 6.06429100 -12.16099900 2.14533300
v 6.69596600 -12.61652900 0.31105800
v 7.04217000 -12.61652900 0.79696200
v 4.91027900 -2.64343000 0.01344700
v 4.97101700 -2.77097900 -0.22343100
v 4.97101700 -2.77097900 0.25032400
v 5.10464200 -3.02607800 -0.80043700
v 5.10464200 -3.02607800 0.82733000
v 6.18576700 -3.03822500 -0.44815800
v 6.18576700 -3.03822500 0.47505200
v 5.10464200 -3.59093700 -0.80043700
v 5.10464200 -3.59093700 0.82733000
v 5.10464300 -9.09982900 -0.80043600
v 5.10464300 -9.09982900 0.82733100
v 5.10464300 -12.16099900 -0.80043600
v 5.10464300 -12.16099900 0.82733100
v 6.69596600 -12.61652900 -0.28416800
v 6.69596600 -12.61652900 0.31105800
v 4.91027900 -2.64343100 -2.64685700
v 5.24433900 -2.77097900 -2.48286700
v 4.91027900 -2.64343000 0.01344700
v 4.97101700 -2.77097900 -0.22343100
v 5.10464200 -3.02607800 -0.80043700
v 6.06429100 -3.02607800 -2.11843900
v 6.73240500 -3.03822500 -1.20130400
v 6.18576700 -3.03822500 -0.44815800
v 6.06429100 -3.59093700 -2.11843900
v 5.10464200 -3.59093700 -0.80043700
v 6.06429100 -9.09982900 -2.11843800
v 5.10464300 -9.09982900 -0.80043600
v 6.06429100 -12.16099900 -2.11843800
v 5.10464300 -12.16099900 -0.80043600
v 7.04217000 -12.61652900 -0.77006700
v 6.69596600 -12.61652900 -0.28416800
v 6.69596500 -0.29896300 15.29500000
v 7.61310000 -0.00134700 15.29500000
v 6.69596500 0.29626500 15.29500000
v 7.04216900 0.78216500 15.29500000
v 7.61310000 0.96437900 15.29500000
v 8.17795700 0.78216500 15.29500000
v 8.53023500 0.29626500 15.29500000
v 8.53023500 -0.29896300 15.29500000
v 8.17795700 -0.77879000 15.29500000
v 7.61310000 -0.96707400 15.29500000
v 7.04216900 -0.77879000 15.29500000
v 7.61310100 -2.63735800 2.64945100
v 7.61310100 -2.63735800 2.81952000
v 4.91027900 -2.64343000 2.63730600
v 5.24433800 -2.49766000 2.81952000
v 7.61310100 -2.63735800 3.07461700
v 6.06429100 -2.13323700 3.07461700
v 7.61310100 -1.25254300 3.07461700
v 6.87210000 -1.01566600 3.07461700
v 7.61310100 -2.63735800 3.70021200
v 6.06429100 -2.13323700 3.70021200
v 7.61310100 -2.63735700 9.14229000
v 6.06429100 -2.13323600 9.14228900
v 7.61310000 -2.63735700 11.94228900
v 6.06429000 -2.13323600 11.94228800
v 7.61310000 -2.63735700 13.56398100
v 6.06429000 -2.13323600 13.56398000
v 7.61310000 -2.63735700 14.83947000
v 6.06429000 -2.13323600 14.83946900
v 7.61310000 -0.96707400 15.29500000
v 7.04216900 -0.77879000 15.29500000
v 7.68598300 -2.59484100 13.47287500
v 8.43305300 -2.35188900 13.47287500
v 9.16190400 -2.13323600 13.56398100
v 9.16190400 -2.13323600 11.94228900
v 8.43305300 -2.35188900 12.68936500
v 10.20659200 -2.64343000 2.63123200
v 9.90290200 -2.49766000 2.81952100
v 7.61310100 -2.63735800 2.64945100
v 7.61310100 -2.63735800 2.81952000
v 9.16190500 -2.13323700 3.07461700
v 7.61310100 -2.63735800 3.07461700
v 8.34802200 -1.01566600 3.07461700
v 7.61310100 -1.25254300 3.07461700
v 9.16190500 -2.13323700 3.70021200
v 7.61310100 -2.63735800 3.70021200
v 9.16190400 -2.13323600 9.14229000
v 7.61310100 -2.63735700 9.14229000
v 7.61310000 -2.63735700 11.94228900
v 7.68598300 -2.59484100 12.68936500
v 7.61310000 -2.63735700 13.56398100
v 9.16190400 -2.13323600 14.83947000
v 7.61310000 -2.63735700 14.83947000
v 8.17795700 -0.77879000 15.29500000
v 7.61310000 -0.96707400 15.29500000
v 10.20659200 -0.00134800 2.63123200
v 10.17622300 -0.23822600 2.81952000
v 10.20659200 -2.64343000 2.63123200
v 9.90290200 -2.49766000 2.81952100
v 10.11548400 -0.81523200 3.07461700
v 9.16190500 -2.13323700 3.07461700
v 8.80355700 -0.39006800 3.07461700
v 8.34802200 -1.01566600 3.07461700
v 10.11548400 -0.81523200 3.70021200
v 9.16190500 -2.13323700 3.70021200
v 10.11548300 -0.81523200 9.14229000
v 9.16190400 -2.13323600 9.14229000
v 10.11548300 -0.81523100 11.94228900
v 9.16190400 -2.13323600 11.94228900
v 10.11548300 -0.81523100 13.56398100
v 9.16190400 -2.13323600 13.56398100
v 10.11548300 -0.81523100 14.83947000
v 9.16190400 -2.13323600 14.83947000
v 8.53023500 -0.29896300 15.29500000
v 8.17795700 -0.77879000 15.29500000
v 10.20659200 -0.00134800 2.63123200
v 10.17622300 0.23552600 2.81952000
v 10.17622300 -0.23822600 2.81952000
v 10.11548400 0.81253300 3.07461700
v 10.11548400 -0.81523200 3.07461700
v 8.80355700 0.38737100 3.07461700
v 8.80355700 -0.39006800 3.07461700
v 10.11548400 0.81253300 3.70021200
v 10.11548400 -0.81523200 3.70021200
v 10.11548300 0.81253300 9.14229000
v 10.11548300 -0.81523200 9.14229000
v 10.11548300 0.81253300 11.94228900
v 10.11548300 -0.81523100 11.94228900
v 10.11548300 0.81253400 13.56398100
v 10.11548300 -0.81523100 13.56398100
v 10.11548300 0.81253400 14.83947000
v 10.11548300 -0.81523100 14.83947000
v 8.53023500 0.29626500 15.29500000
v 8.53023500 -0.29896300 15.29500000
v 10.20659200 2.64680600 2.63123100
v 9.90290200 2.49496300 2.81952000
v 10.20659200 -0.00134800 2.63123200
v 10.17622300 0.23552600 2.81952000
v 10.11548400 0.81253300 3.07461700
v 9.16190500 2.13053700 3.07461700
v 8.34802200 1.01296600 3.07461700
v 8.80355700 0.38737100 3.07461700
v 9.16190500 2.13053700 3.70021200
v 10.11548400 0.81253300 3.70021200
v 9.16190400 2.13053800 9.14229000
v 10.11548300 0.81253300 9.14229000
v 9.16190400 2.13053800 11.94228900
v 10.11548300 0.81253300 11.94228900
v 9.16190400 2.13053800 13.56398100
v 10.11548300 0.81253400 13.56398100
v 9.16190400 2.13053800 14.83947000
v 10.11548300 0.81253400 14.83947000
v 8.17795700 0.78216500 15.29500000
v 8.53023500 0.29626500 15.29500000
v 7.61310100 2.64680500 2.64338100
v 7.57665600 2.63465800 2.81952000
v 10.20659200 2.64680600 2.63123100
v 9.90290200 2.49496300 2.81952000
v 7.61310100 2.63465800 3.07461700
v 9.16190500 2.13053700 3.07461700
v 7.61310100 1.25591600 3.07461700
v 8.34802200 1.01296600 3.07461700
v 7.61310100 2.63465800 3.70021100
v 9.16190500 2.13053700 3.70021200
v 7.61310000 2.63465900 9.14229000
v 9.16190400 2.13053800 9.14229000
v 7.61310000 2.63465900 11.94228900
v 9.16190400 2.13053800 11.94228900
v 7.61310000 2.63465900 13.56398100
v 9.16190400 2.13053800 13.56398100
v 7.61310000 2.63465900 14.83947000
v 9.16190400 2.13053800 14.83947000
v 7.61310000 0.96437900 15.29500000
v 8.17795700 0.78216500 15.29500000
v 4.91027800 2.64680500 2.63730600
v 5.24433800 2.49496300 2.81952000
v 7.61310100 2.64680500 2.64338100
v 7.57665600 2.63465800 2.81952000
v 6.06429100 2.13053700 3.07461700
v 7.61310100 2.63465800 3.07461700
v 6.87209900 1.01296600 3.07461700
v 7.61310100 1.25591600 3.07461700
v 6.06429100 2.13053700 3.70021100
v 7.61310100 2.63465800 3.70021100
v 6.06429000 2.13053800 9.14228900
v 7.61310000 2.63465900 9.14229000
v 6.06429000 2.13053800 11.94228800
v 7.61310000 2.63465900 11.94228900
v 6.06429000 2.13053800 13.56398000
v 7.61310000 2.63465900 13.56398100
v 6.06429000 2.13053800 14.83946900
v 7.61310000 2.63465900 14.83947000
v 7.04216900 0.78216500 15.29500000
v 7.61310000 0.96437900 15.29500000
v 4.91027900 -0.00134900 2.63730600
v 4.97101700 0.23552600 2.81952000
v 4.91027800 2.64680500 2.63730600
v 5.24433800 2.49496300 2.81952000
v 5.10464200 0.81253200 3.07461700
v 6.06429100 2.13053700 3.07461700
v 6.41656900 0.38737100 3.07461700
v 6.87209900 1.01296600 3.07461700
v 5.10464200 0.81253200 3.70021200
v 6.06429100 2.13053700 3.70021100
v 5.10464100 0.81253300 9.14228900
v 6.06429000 2.13053800 9.14228900
v 5.10464100 0.81253300 11.94228800
v 6.06429000 2.13053800 11.94228800
v 5.10464100 0.81253300 13.56398000
v 6.06429000 2.13053800 13.56398000
v 5.10464100 0.81253300 14.83946900
v 6.06429000 2.13053800 14.83946900
v 6.69596500 0.29626500 15.29500000
v 7.04216900 0.78216500 15.29500000
v 4.91027900 -0.00134900 2.63730600
v 4.97101700 -0.23822600 2.81952000
v 4.97101700 0.23552600 2.81952000
v 5.10464200 -0.81523200 3.07461700
v 5.10464200 0.81253200 3.07461700
v 6.41657000 -0.39006800 3.07461700
v 6.41656900 0.38737100 3.07461700
v 5.10464200 -0.81523200 3.70021200
v 5.10464200 0.81253200 3.70021200
v 5.10464200 -0.81523200 9.14228900
v 5.10464100 0.81253300 9.14228900
v 5.10464100 -0.81523100 11.94228800
v 5.10464100 0.81253300 11.94228800
v 5.10464100 -0.81523100 13.56398000
v 5.10464100 0.81253300 13.56398000
v 5.10464100 -0.81523100 14.83946900
v 5.10464100 0.81253300 14.83946900
v 6.69596500 -0.29896300 15.29500000
v 6.69596500 0.29626500 15.29500000
v 4.91027900 -2.64343000 2.63730600
v 5.24433800 -2.49766000 2.81952000
v 4.91027900 -0.00134900 2.63730600
v 4.97101700 -0.23822600 2.81952000
v 5.10464200 -0.81523200 3.07461700
v 6.06429100 -2.13323700 3.07461700
v 6.87210000 -1.01566600 3.07461700
v 6.41657000 -0.39006800 3.07461700
v 6.06429100 -2.13323700 3.70021200
v 5.10464200 -0.81523200 3.70021200
v 6.06429100 -2.13323600 9.14228900
v 5.10464200 -0.81523200 9.14228900
v 6.06429000 -2.13323600 11.94228800
v 5.10464100 -0.81523100 11.94228800
v 6.06429000 -2.13323600 13.56398000
v 5.10464100 -0.81523100 13.56398000
v 6.06429000 -2.13323600 14.83946900
v 5.10464100 -0.81523100 14.83946900
v 7.04216900 -0.77879000 15.29500000
v 6.69596500 -0.29896300 15.29500000
v -19.53049300 -0.24430200 0.69370200
v -19.53049300 -0.60265300 0.42038600
v -18.07886500 -2.16360700 1.48936700
v -18.07886500 -2.62521200 -0.06551300
v -19.53049300 -0.73627400 -0.01692400
v -18.07886500 -2.08464700 -1.59609800
v -19.53049300 -0.58443100 -0.44816000
v -18.07886500 -0.74842300 -2.51323800
v -19.53049300 -0.20785800 -0.70325700
v -18.07886500 0.87326900 -2.47679400
v -19.53049300 0.24160000 -0.69111300
v -18.07886500 2.16090500 -1.49284700
v -19.53049300 0.60602500 -0.41779200
v -18.07886500 2.62251000 0.06203300
v -19.53049300 0.73357400 0.01951900
v -18.07886500 2.08802000 1.59261800
v -19.53049300 0.58172900 0.44468000
v -18.07886500 0.75179300 2.51582800
v -19.53049300 0.21123100 0.70585200
v -18.07886500 -0.86989600 2.47331500
v -18.07886500 -0.86989600 2.47331500
v -15.00554700 -0.86989600 2.47331500
v -18.07886500 0.75179300 2.51582800
v -15.00554700 0.75179400 2.51582800
v -18.07886500 0.87326900 -2.47679400
v -15.00554700 0.87326900 -2.47679400
v -18.07886500 -0.74842300 -2.51323800
v -15.00554700 -0.74842300 -2.51323800
v -15.00554800 -0.41436500 11.49283200
v -11.68320600 -0.41436500 11.49283200
v -15.00554800 -0.15319400 11.49890700
v -11.68320600 -0.15319400 11.49890700
v -15.00554600 0.41166300 -11.49631300
v -11.68320400 0.41166300 -11.49631300
v -15.00554600 0.15049200 -11.50238600
v -11.68320400 0.15049200 -11.50238600
v -11.68320500 -0.86989600 2.47331500
v -11.19730600 -0.86989600 2.47331500
v -11.68320500 0.75179400 2.51582900
v -11.19730600 0.75179400 2.51582900
v -10.91791200 -0.77271700 2.18784500
v -10.91791200 0.66068900 2.22428800
v -10.57778300 -0.86989600 2.47331500
v -10.57778300 0.75179400 2.51582900
v -8.22116700 -0.86989600 2.47331500
v -8.22116700 0.75179400 2.51582900
v -18.07886500 0.75179300 2.51582800
v -15.00554700 0.75179400 2.51582800
v -18.07886500 2.08802000 1.59261800
v -15.00554700 2.08802000 1.59261800
v -11.68320500 0.75179400 2.51582900
v -11.68320500 2.08802000 1.59261900
v -11.19730600 0.75179400 2.51582900
v -11.19730600 2.08802000 1.59261900
v -10.91791200 0.66068900 2.22428800
v -10.91791200 1.84507000 1.41040500
v -10.57778300 0.75179400 2.51582900
v -10.57778300 2.08802000 1.59261900
v -8.22116700 0.75179400 2.51582900
v -8.22116700 2.08802000 1.59261900
v -18.07886500 2.08802000 1.59261800
v -15.00554700 2.08802000 1.59261800
v -18.07886500 2.62251000 0.06203300
v -15.00554700 2.62251000 0.06203300
v -11.68320500 2.08802000 1.59261900
v -11.68320500 2.62251000 0.06203300
v -11.19730600 2.08802000 1.59261900
v -11.19730600 2.62251000 0.06203300
v -10.91791200 1.84507000 1.41040500
v -10.91791200 2.31882200 0.05595900
v -10.57778300 2.08802000 1.59261900
v -10.57778300 2.62251000 0.06203300
v -8.22116700 2.08802000 1.59261900
v -8.22116700 2.62251000 0.06203400
v -18.07886500 2.62251000 0.06203300
v -15.00554700 2.62251000 0.06203300
v -18.07886500 2.16090500 -1.49284700
v -15.00554700 2.16090500 -1.49284600
v -11.68320500 2.62251000 0.06203300
v -11.68320500 2.16090500 -1.49284600
v -11.19730600 2.62251000 0.06203300
v -11.19730600 2.16090500 -1.49284600
v -10.91791200 2.31882200 0.05595900
v -10.91791200 1.91188100 -1.31670700
v -10.57778300 2.62251000 0.06203300
v -10.57778300 2.16090500 -1.49284600
v -8.22116700 2.62251000 0.06203400
v -8.22116700 2.16090500 -1.49284600
v -18.07886500 2.16090500 -1.49284700
v -15.00554700 2.16090500 -1.49284600
v -18.07886500 0.87326900 -2.47679400
v -15.00554700 0.87326900 -2.47679400
v -11.68320500 2.16090500 -1.49284600
v -11.68320500 0.87326900 -2.47679400
v -11.19730600 2.16090500 -1.49284600
v -11.19730600 0.87326900 -2.47679400
v -10.91791200 1.91188100 -1.31670700
v -10.91791200 0.77001500 -2.18525300
v -10.57778300 2.16090500 -1.49284600
v -10.57778300 0.87326900 -2.47679400
v -8.22116700 2.16090500 -1.49284600
v -8.22116700 0.87326900 -2.47679400
v -15.00554700 0.19300900 -2.49501400
v -15.00554700 0.87326900 -2.47679400
v -11.68320500 0.19300900 -2.49501300
v -11.68320500 0.87326900 -2.47679400
v -15.00554700 -0.74842300 -2.51323800
v -15.00554700 -0.06816300 -2.50108800
v -11.68320500 -0.74842300 -2.51323800
v -11.68320500 -0.06816300 -2.50108800
v -11.19730600 0.87326900 -2.47679400
v -11.19730600 -0.74842300 -2.51323800
v -10.91791200 0.77001500 -2.18525300
v -10.91791200 -0.66339100 -2.22169700
v -10.57778300 0.87326900 -2.47679400
v -10.57778300 -0.74842300 -2.51323800
v -8.22116700 0.87326900 -2.47679400
v -8.22116700 -0.74842300 -2.51323800
v -18.07886500 -0.74842300 -2.51323800
v -15.00554700 -0.74842300 -2.51323800
v -18.07886500 -2.08464700 -1.59609800
v -15.00554700 -2.08464700 -1.59609800
v -11.68320500 -0.74842300 -2.51323800
v -11.68320500 -2.08464700 -1.59609700
v -11.19730600 -0.74842300 -2.51323800
v -11.19730600 -2.08464700 -1.59609700
v -10.91791200 -0.66339100 -2.22169700
v -10.91791200 -1.84169700 -1.40781400
v -10.57778300 -0.74842300 -2.51323800
v -10.57778300 -2.08464700 -1.59609700
v -8.22116700 -0.74842300 -2.51323800
v -8.22116700 -2.08464700 -1.59609700
v -18.07886500 -2.08464700 -1.59609800
v -15.00554700 -2.08464700 -1.59609800
v -18.07886500 -2.62521200 -0.06551300
v -15.00554700 -2.62521200 -0.06551200
v -11.68320500 -2.08464700 -1.59609700
v -11.68320500 -2.62521200 -0.06551200
v -11.19730600 -2.08464700 -1.59609700
v -11.19730600 -2.62521200 -0.06551200
v -10.91791200 -1.84169700 -1.40781400
v -10.91791200 -2.32152400 -0.05944200
v -10.57778300 -2.08464700 -1.59609700
v -10.57778300 -2.62521200 -0.06551200
v -8.22116700 -2.08464700 -1.59609700
v -8.22116700 -2.62521200 -0.06551200
v -18.07886500 -2.62521200 -0.06551300
v -15.00554700 -2.62521200 -0.06551200
v -18.07886500 -2.16360700 1.48936700
v -15.00554700 -2.16360700 1.48936700
v -11.68320500 -2.62521200 -0.06551200
v -11.68320500 -2.16360700 1.48936700
v -11.19730600 -2.62521200 -0.06551200
v -11.19730600 -2.16360700 1.48936700
v -10.91791200 -2.32152400 -0.05944200
v -10.91791200 -1.90850700 1.31930300
v -10.57778300 -2.62521200 -0.06551200
v -10.57778300 -2.16360700 1.48936700
v -8.22116700 -2.62521200 -0.06551200
v -8.22116700 -2.16360700 1.48936800
v -18.07886500 -2.16360700 1.48936700
v -15.00554700 -2.16360700 1.48936700
v -18.07886500 -0.86989600 2.47331500
v -15.00554700 -0.86989600 2.47331500
v -11.68320500 -2.16360700 1.48936700
v -11.68320500 -0.86989600 2.47331500
v -11.19730600 -2.16360700 1.48936700
v -11.19730600 -0.86989600 2.47331500
v -10.91791200 -1.90850700 1.31930300
v -10.91791200 -0.77271700 2.18784500
v -10.57778300 -2.16360700 1.48936700
v -10.57778300 -0.86989600 2.47331500
v -8.22116700 -2.16360700 1.48936800
v -8.22116700 -0.86989600 2.47331500
v -8.22116700 -0.86989600 2.47331500
v -8.22116700 -2.16360700 1.48936800
v -7.23721900 -0.69983200 0.22602400
v -7.23721900 -0.69983200 -0.22950700
v -8.22116700 -2.62521200 -0.06551200
v -7.23721900 -0.43258500 -0.59393000
v -8.22116700 -2.08464700 -1.59609700
v -7.23721900 -0.00135000 -0.73970000
v -8.22116700 -0.74842300 -2.51323800
v -7.23721900 0.42988600 -0.59393000
v -8.22116700 0.87326900 -2.47679400
v -7.23721900 0.70320500 -0.22950700
v -8.22116700 2.16090500 -1.49284600
v -7.23721900 0.70320500 0.22602300
v -8.22116700 2.62251000 0.06203400
v -7.23721900 0.43595900 0.59652600
v -8.22116700 2.08802000 1.59261900
v -7.23721900 -0.00134900 0.73622200
v -8.22116700 0.75179400 2.51582900
v -7.23721900 -0.43258500 0.59652700
v -7.23721900 -0.43258500 0.59652700
v -7.16433400 -0.82130800 0.88806200
v -7.23721900 -0.00134900 0.73622200
v -7.16433400 -0.00134900 0.91236100
v -6.78776400 -0.82130800 0.88806200
v -6.78776400 -0.00134900 0.91236100
v -5.66411800 -0.82130800 0.88806200
v -5.66411800 -0.00134900 0.91236100
v -5.31184100 -0.82130800 0.88806200
v -5.31184100 -0.00134900 0.91236100
v -5.24502900 -0.43258500 0.59652700
v -5.24502900 -0.00134900 0.73622200
v -7.23721900 -0.00134900 0.73622200
v -7.16433400 -0.00134900 0.91236100
v -7.23721900 0.43595900 0.59652600
v -7.16433400 0.82467900 0.88806200
v -6.78776400 -0.00134900 0.91236100
v -6.78776400 0.82467900 0.88806200
v -5.66411800 -0.00134900 0.91236100
v -5.66411800 0.82467900 0.88806200
v -5.31184100 -0.00134900 0.91236100
v -5.31184100 0.82467900 0.88806200
v -5.24502900 -0.00134900 0.73622200
v -5.24502900 0.43595900 0.59652700
v -5.31184100 0.82467900 0.88806200
v -5.24502900 0.43595900 0.59652700
v -5.31184100 0.80645900 0.34142500
v -5.24502900 0.70320500 0.22602400
v -5.31184100 0.80645900 0.34142500
v -5.24502900 0.70320500 0.22602400
v -5.31184100 0.80645900 -0.33883300
v -5.24502900 0.70320500 -0.22950700
v -5.31184100 0.80645900 -0.33883300
v -5.24502900 0.70320500 -0.22950700
v -5.66411800 0.82467900 -0.89154500
v -5.24502900 0.43595900 -0.59393000
v -7.23721900 0.42988600 -0.59393000
v -6.78776400 0.82467900 -0.89154500
v -7.23721900 -0.00135000 -0.73970000
v -7.16433400 -0.00135000 -0.91583900
v -6.78776400 -0.00134900 -0.91583900
v -5.66411800 0.82467900 -0.89154500
v -5.66411800 -0.00134900 -0.91583900
v -5.31184100 -0.00134900 -0.91583900
v -5.24502900 0.43595900 -0.59393000
v -5.24502900 -0.00134900 -0.73970000
v -7.23721900 -0.00135000 -0.73970000
v -7.16433400 -0.00135000 -0.91583900
v -7.23721900 -0.43258500 -0.59393000
v -7.16433400 -0.82738000 -0.89154500
v -6.78776400 -0.00134900 -0.91583900
v -6.78776400 -0.82738000 -0.89154500
v -5.66411800 -0.00134900 -0.91583900
v -5.66411800 -0.82130800 -0.89154500
v -5.31184100 -0.00134900 -0.91583900
v -5.31184100 -0.82130800 -0.89154500
v -5.24502900 -0.00134900 -0.73970000
v -5.24502900 -0.43258500 -0.59393000
v -7.23721900 -0.43258500 -0.59393000
v -7.16433400 -0.82738000 -0.89154500
v -7.23721900 -0.69983200 -0.22950700
v -7.16433400 -0.80308600 -0.33883300
v -6.78776400 -0.82738000 -0.89154500
v -6.78776400 -0.80308600 -0.33883300
v -5.66411800 -0.82130800 -0.89154500
v -5.66411800 -0.80308600 -0.33883300
v -5.31184100 -0.82130800 -0.89154500
v -5.31184100 -0.80308600 -0.33883300
v -5.24502900 -0.43258500 -0.59393000
v -5.24502900 -0.69983200 -0.22950600
v -7.23721900 -0.69983200 -0.22950700
v -7.16433400 -0.80308600 -0.33883300
v -7.23721900 -0.69983200 0.22602400
v -7.16433400 -0.80308600 0.34142500
v -6.78776400 -0.80308600 -0.33883300
v -6.78776400 -0.80308600 0.34142500
v -5.66411800 -0.80308600 -0.33883300
v -5.66411800 -0.80308600 0.34142500
v -5.31184100 -0.80308600 -0.33883300
v -5.31184100 -0.80308600 0.34142500
v -5.24502900 -0.69983200 -0.22950600
v -5.24502900 -0.69983200 0.22602400
v -7.23721900 -0.69983200 0.22602400
v -7.16433400 -0.80308600 0.34142500
v -7.23721900 -0.43258500 0.59652700
v -7.16433400 -0.82130800 0.88806200
v -6.78776400 -0.80308600 0.34142500
v -6.78776400 -0.82130800 0.88806200
v -5.66411800 -0.80308600 0.34142500
v -5.66411800 -0.82130800 0.88806200
v -5.31184100 -0.80308600 0.34142500
v -5.31184100 -0.82130800 0.88806200
v -5.24502900 -0.69983200 0.22602400
v -5.24502900 -0.43258500 0.59652700
v -5.24502900 -0.43258500 0.59652700
v -5.24502900 -0.69983200 0.22602400
v -4.32181900 -2.50373600 0.81518000
v -4.32181900 -2.50373600 -0.81258700
v -5.24502900 -0.69983200 -0.22950600
v -4.32181900 -1.55015700 -2.13058900
v -5.24502900 -0.43258500 -0.59393000
v -4.32181900 -0.00135000 -2.63470800
v -5.24502900 -0.00134900 -0.73970000
v -4.32181900 1.54745500 -2.13059000
v -5.24502900 0.43595900 -0.59393000
v -4.32181900 2.50710900 -0.81258800
v -5.24502900 0.70320500 -0.22950700
v -4.32181900 2.50710900 0.81517900
v -5.24502900 0.70320500 0.22602400
v -4.32181900 1.54745600 2.13318200
v -5.24502900 0.43595900 0.59652700
v -4.32181900 -0.00134900 2.63730500
v -5.24502900 -0.00134900 0.73622200
v -4.32181900 -1.55015600 2.13318200
v 0.59791900 -2.50373500 -0.56356000
v -1.84372900 -2.50373500 -0.81258700
v 1.52112900 -2.50373500 -0.56356000
v 1.55757300 -2.50373500 -0.81258700
v 1.52112900 -2.50373500 0.56008400
v -1.84372900 -2.50373500 0.81518000
v 0.59791900 -2.50373500 0.56008400
v 1.55757300 -2.50373500 0.81518000
v 3.91418600 -2.50373500 -0.81258700
v 3.91418600 -2.50373500 0.81518000
v 4.45474900 -1.18573000 -0.38742100
v 4.45474900 -1.18573000 0.38394400
v 4.48511700 -2.50373500 -0.81258700
v 4.48511700 -2.50373500 0.81518000
v 4.91027900 -2.64343000 0.01344700
v 4.65518200 -2.57662000 0.39609400
v 4.65518200 -2.57662000 -0.39957000
v 4.91027900 -0.00134900 2.63730600
v 4.65518200 -0.00134900 2.63730600
v 4.91027900 -2.64343000 2.63730600
v 4.65518200 -2.10894000 2.39435400
v 4.48511700 -0.00134900 2.63730600
v 4.48511700 -1.55015600 2.13318300
v 4.45474900 -0.00134900 1.24641600
v 4.45474900 -0.73627300 1.00953900
v 3.91418600 -0.00134900 2.63730600
v 3.91418600 -1.55015600 2.13318300
v 1.55757200 -0.00134900 2.63730600
v 1.55757300 -1.55015600 2.13318200
v -1.84372900 -0.00134900 2.63730500
v -1.84372900 -1.55015600 2.13318200
v -4.32181900 -0.00134900 2.63730500
v -4.32181900 -1.55015600 2.13318200
v 4.91027800 2.64680500 2.63730600
v 4.65518100 2.11231500 2.39435400
v 4.91027900 -0.00134900 2.63730600
v 4.65518200 -0.00134900 2.63730600
v 4.48511700 1.54745600 2.13318200
v 4.48511700 -0.00134900 2.63730600
v 4.45474900 0.73357500 1.00953900
v 4.45474900 -0.00134900 1.24641600
v 3.91418600 1.54745600 2.13318200
v 3.91418600 -0.00134900 2.63730600
v 1.55757200 1.54745600 2.13318200
v 1.55757200 -0.00134900 2.63730600
v -1.84372900 1.54745600 2.13318200
v -1.84372900 -0.00134900 2.63730500
v -4.32181900 1.54745600 2.13318200
v -4.32181900 -0.00134900 2.63730500
v 4.91027900 2.64680500 -0.01084800
v 4.65518200 2.57999500 0.39609400
v 4.91027800 2.64680500 2.63730600
v 4.65518100 2.11231500 2.39435400
v 4.48511700 2.50711000 0.81518000
v 4.48511700 1.54745600 2.13318200
v 4.45474900 1.18910500 0.38394400
v 4.45474900 0.73357500 1.00953900
v 3.91418600 2.50711000 0.81518000
v 3.91418600 1.54745600 2.13318200
v 1.55757300 2.50710900 0.81518000
v 1.55757200 1.54745600 2.13318200
v -1.84372900 2.50710900 0.81518000
v -1.84372900 1.54745600 2.13318200
v -4.32181900 2.50710900 0.81517900
v -4.32181900 1.54745600 2.13318200
v 4.91027900 2.64680500 -0.01084800
v 4.65518200 2.57999500 -0.39957000
v 4.65518200 2.57999500 0.39609400
v 4.48511700 2.50711000 -0.81258700
v 4.48511700 2.50711000 0.81518000
v 4.45474900 1.18910500 -0.38742100
v 4.45474900 1.18910500 0.38394400
v 3.91418600 2.50711000 -0.81258700
v 3.91418600 2.50711000 0.81518000
v 1.55757300 2.50710900 -0.81258700
v 1.55757300 2.50710900 0.81518000
v -1.84372900 2.50710900 -0.81258800
v -1.84372900 2.50710900 0.81518000
v -4.32181900 2.50710900 -0.81258800
v -4.32181900 2.50710900 0.81517900
v 4.91027900 2.64680500 -2.65900700
v 4.65518200 2.11231500 -2.39176100
v 4.91027900 2.64680500 -0.01084800
v 4.65518200 2.57999500 -0.39957000
v 4.48511700 2.50711000 -0.81258700
v 4.48511700 1.54745600 -2.13058900
v 4.45474900 0.73357500 -1.01302000
v 4.45474900 1.18910500 -0.38742100
v 3.91418600 1.54745500 -2.13058900
v 3.91418600 2.50711000 -0.81258700
v 1.55757300 1.54745500 -2.13058900
v 1.55757300 2.50710900 -0.81258700
v -1.84372900 1.54745500 -2.13059000
v -1.84372900 2.50710900 -0.81258800
v -4.32181900 1.54745500 -2.13059000
v -4.32181900 2.50710900 -0.81258800
v 4.91027900 -0.00134900 -2.63470700
v 4.65518200 -0.00134900 -2.63470800
v 4.91027900 2.64680500 -2.65900700
v 4.65518200 2.11231500 -2.39176100
v 4.48511700 -0.00134900 -2.63470800
v 4.48511700 1.54745600 -2.13058900
v 4.45474900 -0.00134900 -1.24989300
v 4.45474900 0.73357500 -1.01302000
v 3.91418600 -0.00134900 -2.63470800
v 3.91418600 1.54745500 -2.13058900
v 1.55757300 -0.00134900 -2.63470800
v 1.55757300 1.54745500 -2.13058900
v -1.84372900 -0.00134900 -2.63470800
v -1.84372900 1.54745500 -2.13059000
v -4.32181900 -0.00135000 -2.63470800
v -4.32181900 1.54745500 -2.13059000
v 4.91027900 -2.64343100 -2.64685700
v 4.65518200 -2.10894100 -2.39176000
v 4.91027900 -0.00134900 -2.63470700
v 4.65518200 -0.00134900 -2.63470800
v 4.48511700 -1.55015600 -2.13058900
v 4.48511700 -0.00134900 -2.63470800
v 4.45474900 -0.73627300 -1.01302000
v 4.45474900 -0.00134900 -1.24989300
v 3.91418600 -1.55015600 -2.13058900
v 3.91418600 -0.00134900 -2.63470800
v 1.55757300 -1.55015600 -2.13058900
v 1.55757300 -0.00134900 -2.63470800
v -1.84372900 -1.55015700 -2.13058900
v -1.84372900 -0.00134900 -2.63470800
v -4.32181900 -1.55015700 -2.13058900
v -4.32181900 -0.00135000 -2.63470800
v 4.91027900 -2.64343000 0.01344700
v 4.65518200 -2.57662000 -0.39957000
v 4.91027900 -2.64343100 -2.64685700
v 4.65518200 -2.10894100 -2.39176000
v 4.48511700 -2.50373500 -0.81258700
v 4.48511700 -1.55015600 -2.13058900
v 4.45474900 -1.18573000 -0.38742100
v 4.45474900 -0.73627300 -1.01302000
v 3.91418600 -2.50373500 -0.81258700
v 3.91418600 -1.55015600 -2.13058900
v 1.55757300 -2.50373500 -0.81258700
v 1.55757300 -1.55015600 -2.13058900
v -1.84372900 -2.50373500 -0.81258700
v -1.84372900 -1.55015700 -2.13058900
v -4.32181900 -2.50373600 -0.81258700
v -4.32181900 -1.55015700 -2.13058900
v -1.84372900 -2.50373500 0.81518000
v -4.32181900 -2.50373600 0.81518000
v -1.84372900 -2.50373500 -0.81258700
v -4.32181900 -2.50373600 -0.81258700
v 4.91027900 -2.64343000 2.63730600
v 4.65518200 -2.10894000 2.39435400
v 4.91027900 -2.64343000 0.01344700
v 4.65518200 -2.57662000 0.39609400
v 4.48511700 -2.50373500 0.81518000
v 4.48511700 -1.55015600 2.13318300
v 4.45474900 -0.73627300 1.00953900
v 4.45474900 -1.18573000 0.38394400
v 3.91418600 -1.55015600 2.13318300
v 3.91418600 -2.50373500 0.81518000
v 1.55757300 -1.55015600 2.13318200
v 1.55757300 -2.50373500 0.81518000
v -1.84372900 -1.55015600 2.13318200
v -1.84372900 -2.50373500 0.81518000
v -4.32181900 -1.55015600 2.13318200
v -4.32181900 -2.50373600 0.81518000
v 6.69596500 12.57738500 0.28676100
v 7.61310100 12.57738500 -0.01084900
v 6.69596500 12.57738500 -0.30846400
v 7.04216900 12.57738500 -0.79436300
v 7.61310100 12.57738500 -0.97657700
v 8.17795700 12.57738500 -0.79436300
v 8.53023500 12.57738500 -0.30846400
v 8.53023500 12.57738500 0.28676200
v 8.17795700 12.57738500 0.76659100
v 7.61310100 12.57738500 0.95487500
v 7.04216900 12.57738500 0.76659100
v 7.61310100 2.64680500 2.64338100
v 7.61310100 2.73183800 2.61908700
v 4.91027800 2.64680500 2.63730600
v 5.24433800 2.73183800 2.48546100
v 7.61310100 2.98086200 2.61908700
v 6.06429100 2.98086200 2.12103800
v 7.61310100 3.01123100 1.38611200
v 6.79314200 3.01123100 1.11886500
v 7.61310100 3.62467900 2.61908700
v 6.06429100 3.62467900 2.12103800
v 7.61310100 9.05461400 2.61908600
v 6.06429100 9.05461400 2.12103700
v 7.61310000 12.11578000 2.61908600
v 6.06429100 12.11578000 2.12103700
v 7.61310100 12.57738500 0.95487500
v 7.04216900 12.57738500 0.76659100
v 10.20659200 2.64680600 2.63123100
v 9.90290200 2.73183800 2.48546100
v 7.61310100 2.64680500 2.64338100
v 7.61310100 2.73183800 2.61908700
v 9.16190500 2.98086200 2.12103800
v 7.61310100 2.98086200 2.61908700
v 8.43305400 3.01123100 1.11886500
v 7.61310100 3.01123100 1.38611200
v 9.16190500 3.62467900 2.12103800
v 7.61310100 3.62467900 2.61908700
v 9.16190400 9.05461400 2.12103700
v 7.61310100 9.05461400 2.61908600
v 9.16190400 12.11578000 2.12103700
v 7.61310000 12.11578000 2.61908600
v 8.17795700 12.57738500 0.76659100
v 7.61310100 12.57738500 0.95487500
v 10.20659200 2.64680500 -0.01084800
v 10.17622300 2.73183800 0.22602500
v 10.20659200 2.64680600 2.63123100
v 9.90290200 2.73183800 2.48546100
v 10.11548400 2.98086200 0.80303100
v 9.16190500 2.98086200 2.12103800
v 8.94325300 3.01123100 0.42038800
v 8.43305400 3.01123100 1.11886500
v 10.11548400 3.62467900 0.80303100
v 9.16190500 3.62467900 2.12103800
v 10.11548400 9.05461400 0.80303000
v 9.16190400 9.05461400 2.12103700
v 10.11548300 12.11578000 0.80303000
v 9.16190400 12.11578000 2.12103700
v 8.53023500 12.57738500 0.28676200
v 8.17795700 12.57738500 0.76659100
v 10.20659200 2.64680500 -0.01084800
v 10.17622300 2.73183800 -0.24772500
v 10.17622300 2.73183800 0.22602500
v 10.11548400 2.98086200 -0.82473100
v 10.11548400 2.98086200 0.80303100
v 8.94325300 3.01123100 -0.44208400
v 8.94325300 3.01123100 0.42038800
v 10.11548400 3.62467900 -0.82473100
v 10.11548400 3.62467900 0.80303100
v 10.11548400 9.05461400 -0.82473200
v 10.11548400 9.05461400 0.80303000
v 10.11548400 12.11578000 -0.82473200
v 10.11548300 12.11578000 0.80303000
v 8.53023500 12.57738500 -0.30846400
v 8.53023500 12.57738500 0.28676200
v 10.20659200 2.64680500 -2.64685700
v 9.90290200 2.73183700 -2.50716200
v 10.20659200 2.64680500 -0.01084800
v 10.17622300 2.73183800 -0.24772500
v 10.11548400 2.98086200 -0.82473100
v 9.16190500 2.98086200 -2.14273900
v 8.43305400 3.01123100 -1.14056600
v 8.94325300 3.01123100 -0.44208400
v 9.16190500 3.62467800 -2.14273900
v 10.11548400 3.62467900 -0.82473100
v 9.16190500 9.05461400 -2.14273900
v 10.11548400 9.05461400 -0.82473200
v 9.16190500 12.11578000 -2.14273900
v 10.11548400 12.11578000 -0.82473200
v 8.17795700 12.57738500 -0.79436300
v 8.53023500 12.57738500 -0.30846400
v 7.61310100 2.63465800 -2.64685700
v 7.57665700 2.73183700 -2.64685700
v 10.20659200 2.64680500 -2.64685700
v 9.90290200 2.73183700 -2.50716200
v 7.61310100 2.98086100 -2.64685700
v 9.16190500 2.98086200 -2.14273900
v 7.61310100 3.01123000 -1.40781200
v 8.43305400 3.01123100 -1.14056600
v 7.61310100 3.62467800 -2.64685700
v 9.16190500 3.62467800 -2.14273900
v 7.61310100 9.05461400 -2.64685800
v 9.16190500 9.05461400 -2.14273900
v 7.61310100 12.11578000 -2.64685800
v 9.16190500 12.11578000 -2.14273900
v 7.61310100 12.57738500 -0.97657700
v 8.17795700 12.57738500 -0.79436300
v 4.91027900 2.64680500 -2.65900700
v 5.24433800 2.73183700 -2.50716200
v 7.61310100 2.63465800 -2.64685700
v 7.57665700 2.73183700 -2.64685700
v 6.06429100 2.98086100 -2.14273900
v 7.61310100 2.98086100 -2.64685700
v 6.79314200 3.01123100 -1.14056600
v 7.61310100 3.01123000 -1.40781200
v 6.06429100 3.62467800 -2.14273900
v 7.61310100 3.62467800 -2.64685700
v 6.06429100 9.05461400 -2.14273900
v 7.61310100 9.05461400 -2.64685800
v 6.06429100 12.11578000 -2.14274000
v 7.61310100 12.11578000 -2.64685800
v 7.04216900 12.57738500 -0.79436300
v 7.61310100 12.57738500 -0.97657700
v 4.91027900 2.64680500 -0.01084800
v 4.97101700 2.73183700 -0.24772500
v 4.91027900 2.64680500 -2.65900700
v 5.24433800 2.73183700 -2.50716200
v 5.10464200 2.98086200 -0.82473200
v 6.06429100 2.98086100 -2.14273900
v 6.28294900 3.01123100 -0.44208400
v 6.79314200 3.01123100 -1.14056600
v 5.10464200 3.62467800 -0.82473200
v 6.06429100 3.62467800 -2.14273900
v 5.10464200 9.05461400 -0.82473200
v 6.06429100 9.05461400 -2.14273900
v 5.10464200 12.11578000 -0.82473200
v 6.06429100 12.11578000 -2.14274000
v 6.69596500 12.57738500 -0.30846400
v 7.04216900 12.57738500 -0.79436300
v 4.91027900 2.64680500 -0.01084800
v 4.97101700 2.73183700 0.22602400
v 4.97101700 2.73183700 -0.24772500
v 5.10464200 2.98086200 0.80303000
v 5.10464200 2.98086200 -0.82473200
v 6.28294900 3.01123100 0.42038800
v 6.28294900 3.01123100 -0.44208400
v 5.10464200 3.62467800 0.80303000
v 5.10464200 3.62467800 -0.82473200
v 5.10464200 9.05461400 0.80303000
v 5.10464200 9.05461400 -0.82473200
v 5.10464200 12.11578000 0.80303000
v 5.10464200 12.11578000 -0.82473200
v 6.69596500 12.57738500 0.28676100
v 6.69596500 12.57738500 -0.30846400
v 4.91027800 2.64680500 2.63730600
v 5.24433800 2.73183800 2.48546100
v 4.91027900 2.64680500 -0.01084800
v 4.97101700 2.73183700 0.22602400
v 5.10464200 2.98086200 0.80303000
v 6.06429100 2.98086200 2.12103800
v 6.79314200 3.01123100 1.11886500
v 6.28294900 3.01123100 0.42038800
v 6.06429100 3.62467900 2.12103800
v 5.10464200 3.62467800 0.80303000
v 6.06429100 9.05461400 2.12103700
v 5.10464200 9.05461400 0.80303000
v 6.06429100 12.11578000 2.12103700
v 5.10464200 12.11578000 0.80303000
v 7.04216900 12.57738500 0.76659100
v 6.69596500 12.57738500 0.28676100
v 6.69596700 0.29626300 -11.45379500
v 7.61310200 -0.00135000 -11.45379500
v 6.69596700 -0.29896500 -11.45379500
v 7.04217100 -0.77879200 -11.45379500
v 7.61310200 -0.96707600 -11.45379500
v 8.17795800 -0.77879200 -11.45379500
v 8.53023700 -0.29896500 -11.45379500
v 8.53023700 0.29626300 -11.45379500
v 8.17795800 0.78216200 -11.45379500
v 7.61310200 0.96437600 -11.45379500
v 7.04217100 0.78216200 -11.45379500
v 7.61310100 2.63465800 -2.64685700
v 7.61310100 2.63465800 -2.78047800
v 4.91027900 2.64680500 -2.65900700
v 5.24433800 2.49496200 -2.78047800
v 7.61310100 2.63465800 -3.03558000
v 6.06429100 2.13053700 -3.03558000
v 7.61310100 1.20732700 -3.08416800
v 6.90246900 0.97652400 -3.08416800
v 7.61310100 2.63465800 -3.53969800
v 6.06429100 2.13053700 -3.53969800
v 7.61310100 2.63465700 -7.93102000
v 6.06429100 2.13053600 -7.93102000
v 7.61310100 2.63465700 -10.99219000
v 6.06429200 2.13053600 -10.99219100
v 7.61310200 0.96437600 -11.45379500
v 7.04217100 0.78216200 -11.45379500
v 10.20659200 2.64680500 -2.64685700
v 9.90290200 2.49496200 -2.78047800
v 7.61310100 2.63465800 -2.64685700
v 7.61310100 2.63465800 -2.78047800
v 9.16190500 2.13053700 -3.03557900
v 7.61310100 2.63465800 -3.03558000
v 8.32372800 0.97652400 -3.08416800
v 7.61310100 1.20732700 -3.08416800
v 9.16190500 2.13053700 -3.53969800
v 7.61310100 2.63465800 -3.53969800
v 9.16190600 2.13053600 -7.93102000
v 7.61310100 2.63465700 -7.93102000
v 9.16190600 2.13053600 -10.99219000
v 7.61310100 2.63465700 -10.99219000
v 8.17795800 0.78216200 -11.45379500
v 7.61310200 0.96437600 -11.45379500
v 10.20659200 -0.00134900 -2.64685700
v 10.17622300 0.23552600 -2.78047800
v 10.20659200 2.64680500 -2.64685700
v 9.90290200 2.49496200 -2.78047800
v 10.11548400 0.81253200 -3.03557900
v 9.16190500 2.13053700 -3.03557900
v 8.76103900 0.37522400 -3.08416800
v 8.32372800 0.97652400 -3.08416800
v 10.11548400 0.81253200 -3.53969800
v 9.16190500 2.13053700 -3.53969800
v 10.11548500 0.81253200 -7.93102000
v 9.16190600 2.13053600 -7.93102000
v 10.11548500 0.81253100 -10.99219000
v 9.16190600 2.13053600 -10.99219000
v 8.53023700 0.29626300 -11.45379500
v 8.17795800 0.78216200 -11.45379500
v 10.20659200 -0.00134900 -2.64685700
v 10.17622300 -0.23822600 -2.78047800
v 10.17622300 0.23552600 -2.78047800
v 10.11548400 -0.81523300 -3.03557900
v 10.11548400 0.81253200 -3.03557900
v 8.76103900 -0.37184900 -3.08416800
v 8.76103900 0.37522400 -3.08416800
v 10.11548400 -0.81523300 -3.53969800
v 10.11548400 0.81253200 -3.53969800
v 10.11548500 -0.81523300 -7.93102000
v 10.11548500 0.81253200 -7.93102000
v 10.11548500 -0.81523300 -10.99219000
v 10.11548500 0.81253100 -10.99219000
v 8.53023700 -0.29896500 -11.45379500
v 8.53023700 0.29626300 -11.45379500
v 10.20659200 -2.64343000 -2.64685700
v 9.90290200 -2.49766000 -2.78047700
v 10.20659200 -0.00134900 -2.64685700
v 10.17622300 -0.23822600 -2.78047800
v 10.11548400 -0.81523300 -3.03557900
v 9.16190500 -2.13323700 -3.03557900
v 8.32372800 -0.97922500 -3.08416800
v 8.76103900 -0.37184900 -3.08416800
v 9.16190500 -2.13323700 -3.53969800
v 10.11548400 -0.81523300 -3.53969800
v 9.16190600 -2.13323800 -7.93102000
v 10.11548500 -0.81523300 -7.93102000
v 9.16190600 -2.13323800 -10.99219000
v 10.11548500 -0.81523300 -10.99219000
v 8.17795800 -0.77879200 -11.45379500
v 8.53023700 -0.29896500 -11.45379500
v 7.55843800 -2.64343100 -2.64685700
v 7.57665700 -2.63735800 -2.78047800
v 10.20659200 -2.64343000 -2.64685700
v 9.90290200 -2.49766000 -2.78047700
v 7.61310100 -2.63735800 -3.03557900
v 9.16190500 -2.13323700 -3.03557900
v 7.61310100 -1.21002700 -3.08416800
v 8.32372800 -0.97922500 -3.08416800
v 7.61310100 -2.63735800 -3.53969800
v 9.16190500 -2.13323700 -3.53969800
v 7.61310100 -2.63735900 -7.93102000
v 9.16190600 -2.13323800 -7.93102000
v 7.61310200 -2.63735900 -10.99219000
v 9.16190600 -2.13323800 -10.99219000
v 7.61310200 -0.96707600 -11.45379500
v 8.17795800 -0.77879200 -11.45379500
v 4.91027900 -2.64343100 -2.64685700
v 5.24433900 -2.49766000 -2.78047800
v 7.55843800 -2.64343100 -2.64685700
v 7.57665700 -2.63735800 -2.78047800
v 6.06429100 -2.13323700 -3.03557900
v 7.61310100 -2.63735800 -3.03557900
v 6.90247000 -0.97922500 -3.08416800
v 7.61310100 -1.21002700 -3.08416800
v 6.06429100 -2.13323700 -3.53969800
v 7.61310100 -2.63735800 -3.53969800
v 6.06429100 -2.13323800 -7.93102000
v 7.61310100 -2.63735900 -7.93102000
v 6.06429200 -2.13323800 -10.99219100
v 7.61310200 -2.63735900 -10.99219000
v 7.04217100 -0.77879200 -11.45379500
v 7.61310200 -0.96707600 -11.45379500
v 4.91027900 -0.00134900 -2.64685700
v 4.97101700 -0.23822600 -2.78047800
v 4.91027900 -2.64343100 -2.64685700
v 5.24433900 -2.49766000 -2.78047800
v 5.10464300 -0.81523300 -3.03557900
v 6.06429100 -2.13323700 -3.03557900
v 6.45908900 -0.37185000 -3.08416800
v 6.90247000 -0.97922500 -3.08416800
v 5.10464300 -0.81523300 -3.53969800
v 6.06429100 -2.13323700 -3.53969800
v 5.10464300 -0.81523300 -7.93102000
v 6.06429100 -2.13323800 -7.93102000
v 5.10464300 -0.81523300 -10.99219100
v 6.06429200 -2.13323800 -10.99219100
v 6.69596700 -0.29896500 -11.45379500
v 7.04217100 -0.77879200 -11.45379500
v 4.91027900 -0.00134900 -2.64685700
v 4.97101700 0.23552600 -2.78047800
v 4.97101700 -0.23822600 -2.78047800
v 5.10464200 0.81253200 -3.03557900
v 5.10464300 -0.81523300 -3.03557900
v 6.45908800 0.37522400 -3.08416800
v 6.45908900 -0.37185000 -3.08416800
v 5.10464200 0.81253200 -3.53969800
v 5.10464300 -0.81523300 -3.53969800
v 5.10464300 0.81253100 -7.93102000
v 5.10464300 -0.81523300 -7.93102000
v 5.10464300 0.81253100 -10.99219100
v 5.10464300 -0.81523300 -10.99219100
v 6.69596700 0.29626300 -11.45379500
v 6.69596700 -0.29896500 -11.45379500
v 4.91027900 2.64680500 -2.65900700
v 5.24433800 2.49496200 -2.78047800
v 4.91027900 -0.00134900 -2.64685700
v 4.97101700 0.23552600 -2.78047800
v 5.10464200 0.81253200 -3.03557900
v 6.06429100 2.13053700 -3.03558000
v 6.90246900 0.97652400 -3.08416800
v 6.45908800 0.37522400 -3.08416800
v 6.06429100 2.13053700 -3.53969800
v 5.10464200 0.81253200 -3.53969800
v 6.06429100 2.13053600 -7.93102000
v 5.10464300 0.81253100 -7.93102000
v 6.06429200 2.13053600 -10.99219100
v 5.10464300 0.81253100 -10.99219100
v 7.04217100 0.78216200 -11.45379500
v 6.69596700 0.29626300 -11.45379500
v -6.22897700 5.05808400 -1.18916100
v -6.37474700 5.05808400 -1.18916100
v -6.14394500 4.43856100 -1.59002800
v -6.46585400 4.43856100 -1.59002800
v -6.14394400 4.55396100 -9.60130100
v -6.46585400 4.55396100 -9.60130200
v -6.37474700 6.07240100 -1.17093600
v -6.22897700 6.07240100 -1.17093600
v -6.46585400 6.69799500 -1.55965900
v -6.14394500 6.69799500 -1.55965900
v -6.46585400 6.81339600 -9.56486200
v -6.14394400 6.81339600 -9.56486100
v -6.46585400 4.43856100 -1.18916100
v -6.46585400 6.69192000 -1.15271700
v -6.37474700 5.05808400 -1.18916100
v -6.46585400 6.69799500 -1.55965900
v -6.46585400 4.43856100 -1.59002800
v -6.37474700 6.07240100 -1.17093600
v -6.14394500 6.69192000 -1.15271700
v -6.14394500 4.43856100 -1.18916100
v -6.22897700 6.07240100 -1.17093600
v -6.14394500 4.43856100 -1.59002800
v -6.14394500 6.69799500 -1.55965900
v -6.22897700 5.05808400 -1.18916100
v -6.46585400 6.69192000 -1.15271700
v -6.76954200 6.69192000 -1.15271700
v -6.14394500 6.69192000 -1.15271700
v -5.83418500 6.69192000 -1.15271700
v -6.14394500 4.43856100 -1.18916100
v -5.83418500 4.43856100 -1.18916100
v -6.46585400 4.43856100 -1.18916100
v -6.76954200 4.43856100 -1.18916100
v -6.14394400 4.55396100 -9.60130100
v -6.46585400 4.55396100 -9.60130200
v -6.14394400 6.81339600 -9.56486100
v -6.46585400 6.81339600 -9.56486200
v -6.78168900 0.83682800 0.17136000
v -6.76954200 0.83682800 -0.20521300
v -7.16433400 0.80645900 0.34142500
v -7.16433400 0.80645900 -0.33883300
v -6.54481200 0.84897500 -0.50889800
v -6.78776400 0.82467900 -0.89154500
v -5.93136400 0.84897500 -0.50889800
v -5.66411800 0.82467900 -0.89154500
v -5.71270800 0.83682800 -0.20521200
v -5.31184100 0.80645900 -0.33883300
v -5.31184100 0.80645900 0.34142500
v -5.70056200 0.83682800 0.17136000
v -6.46585500 6.69799500 1.55617500
v -6.37474700 6.07240100 1.17353200
v -6.46585500 4.43856100 1.59261900
v -6.37474700 5.05808400 1.18567700
v -6.22897700 5.05808400 1.18567700
v -6.14394500 4.43856100 1.59261900
v -6.37474700 5.05808400 1.18567700
v -6.46585500 4.43856100 1.59261900
v -6.46585500 4.55396300 9.59782300
v -6.14394600 4.55396300 9.59782400
v -6.37474700 6.07240100 1.17353200
v -6.46585500 6.69799500 1.55617500
v -6.22897700 6.07240100 1.17353200
v -6.14394500 6.69799500 1.55617500
v -6.14394600 6.81339700 9.56745400
v -6.46585500 6.81339700 9.56745300
v -6.14394500 4.43856100 1.59261900
v -6.22897700 5.05808400 1.18567700
v -6.14394500 6.69799500 1.55617500
v -6.22897700 6.07240100 1.17353200
v -6.14394500 4.43856100 1.18567700
v -6.14394500 6.69192000 1.15530800
v -6.46585500 6.69192000 1.15530800
v -6.14394500 6.69192000 1.15530800
v -6.76954200 6.69192000 1.15530800
v -5.83418500 6.69192000 1.15530800
v -6.14394500 4.43856100 1.18567700
v -6.46585500 4.43856100 1.18567700
v -5.83418500 4.43856100 1.18567700
v -6.76954200 4.43856100 1.18567700
v -6.46585500 6.81339700 9.56745300
v -6.46585500 4.55396300 9.59782300
v -6.14394600 6.81339700 9.56745400
v -6.14394600 4.55396300 9.59782400
v -6.78168900 0.83682800 0.17136000
v -7.16433400 0.80645900 0.34142500
v -6.76954200 0.84897500 0.48112500
v -7.16433400 0.82467900 0.88806200
v -6.54481200 0.84897500 0.51149400
v -6.78776400 0.82467900 0.88806200
v -5.93136400 0.84897600 0.51149400
v -5.66411800 0.82467900 0.88806200
v -5.71270800 0.84897600 0.48112500
v -5.31184100 0.82467900 0.88806200
v -5.70056200 0.83682800 0.17136000
v -5.31184100 0.80645900 0.34142500
v 5.68164800 -5.75926300 14.62081700
v 7.54628800 -5.75926300 12.75617400
v 7.54628700 -5.75926300 15.39218300
v 9.40485700 -5.75926300 14.62081800
v 10.17622200 -5.75926300 12.75617400
v 9.40485700 -5.75926300 10.89760900
v 7.54628800 -5.75926300 10.12623900
v 5.68164800 -5.75926300 10.89760800
v 4.91027800 -5.75926400 12.75617300
v 8.54845400 -2.78312700 13.66116300
v 7.67990800 -2.78312700 12.79261700
v 7.54628700 -2.78312700 12.75617300
v 4.91027800 -2.78312700 12.75617200
v 5.68164800 -2.78312800 10.89760700
v 7.54628800 -2.78312800 10.12623800
v 9.40485700 -2.78312700 10.89760800
v 10.17622200 -2.78312700 12.75617300
v 8.90680800 -2.78312700 12.79261700
v 9.40485700 -2.78312700 14.62081700
v 7.54628700 -2.78312700 15.39218200
v 5.68164800 -2.78312700 14.62081600
v 7.54628700 -5.75926300 15.39218300
v 7.54628700 -4.76924200 15.39218200
v 5.68164800 -5.75926300 14.62081700
v 5.68164800 -4.76924200 14.62081600
v 7.54628700 -3.77314700 15.39218200
v 5.68164800 -3.77314800 14.62081600
v 7.54628700 -2.78312700 15.39218200
v 5.68164800 -2.78312700 14.62081600
v 9.40485700 -5.75926300 14.62081800
v 9.40485700 -4.76924200 14.62081700
v 7.54628700 -5.75926300 15.39218300
v 7.54628700 -4.76924200 15.39218200
v 7.54628700 -4.76924200 15.39218200
v 9.40485700 -3.77314700 14.62081700
v 9.40485700 -3.77314700 14.62081700
v 7.54628700 -3.77314700 15.39218200
v 7.54628700 -3.77314700 15.39218200
v 9.40485700 -2.78312700 14.62081700
v 7.54628700 -2.78312700 15.39218200
v 10.17622200 -5.75926300 12.75617400
v 10.17622200 -4.76924300 12.75617300
v 9.40485700 -5.75926300 14.62081800
v 9.40485700 -4.76924200 14.62081700
v 10.17622200 -3.77314700 12.75617300
v 9.40485700 -3.77314700 14.62081700
v 10.17622200 -2.78312700 12.75617300
v 9.40485700 -2.78312700 14.62081700
v 9.40485700 -5.75926300 10.89760900
v 9.40485700 -4.76924300 10.89760800
v 10.17622200 -5.75926300 12.75617400
v 10.17622200 -5.75926300 12.75617400
v 10.17622200 -4.76924300 12.75617300
v 9.40485700 -3.77314800 10.89760800
v 10.17622200 -3.77314700 12.75617300
v 10.17622200 -3.77314700 12.75617300
v 9.40485700 -2.78312700 10.89760800
v 10.17622200 -2.78312700 12.75617300
v 7.54628800 -5.75926300 10.12623900
v 7.54628800 -4.76924300 10.12623800
v 9.40485700 -5.75926300 10.89760900
v 9.40485700 -4.76924300 10.89760800
v 9.40485700 -4.76924300 10.89760800
v 7.54628800 -3.77314800 10.12623800
v 7.54628800 -3.77314800 10.12623800
v 9.40485700 -3.77314800 10.89760800
v 9.40485700 -3.77314800 10.89760800
v 7.54628800 -2.78312800 10.12623800
v 9.40485700 -2.78312700 10.89760800
v 5.68164800 -5.75926300 10.89760800
v 5.68164800 -4.76924300 10.89760700
v 7.54628800 -5.75926300 10.12623900
v 7.54628800 -4.76924300 10.12623800
v 5.68164800 -3.77314800 10.89760700
v 7.54628800 -3.77314800 10.12623800
v 5.68164800 -2.78312800 10.89760700
v 7.54628800 -2.78312800 10.12623800
v 4.91027800 -5.75926400 12.75617300
v 4.91027800 -4.76924300 12.75617200
v 4.91027800 -4.76924300 12.75617200
v 5.68164800 -5.75926300 10.89760800
v 5.68164800 -5.75926300 10.89760800
v 5.68164800 -4.76924300 10.89760700
v 4.91027800 -3.77314800 12.75617200
v 4.91027800 -3.77314800 12.75617200
v 5.68164800 -3.77314800 10.89760700
v 5.68164800 -3.77314800 10.89760700
v 4.91027800 -2.78312700 12.75617200
v 4.91027800 -2.78312700 12.75617200
v 5.68164800 -2.78312800 10.89760700
v 5.68164800 -5.75926300 14.62081700
v 5.68164800 -4.76924200 14.62081600
v 4.91027800 -5.75926400 12.75617300
v 4.91027800 -4.76924300 12.75617200
v 5.68164800 -3.77314800 14.62081600
v 4.91027800 -3.77314800 12.75617200
v 5.68164800 -2.78312700 14.62081600
v 4.91027800 -2.78312700 12.75617200
v -40.81291200 -0.15926800 -1.18916300
v -43.07234600 -0.16534300 -1.15271900
v -41.71789900 -0.15926800 -1.16486400
v -43.21811700 -0.16534300 -1.56573100
v -40.95868300 -0.15926800 -1.60217500
v -42.16735500 -0.16534300 -1.15879400
v -43.07234600 0.16263900 -1.15271900
v -40.81291200 0.16263900 -1.18916300
v -42.16735500 0.16263900 -1.15879400
v -40.95868300 0.16263900 -1.60217500
v -43.21811700 0.16263900 -1.56573100
v -41.71789900 0.16263900 -1.16486400
v -43.18774800 0.16263800 -9.56486300
v -43.18774800 -0.16534400 -9.56486300
v -43.21811700 0.16263900 -1.56573100
v -43.21811700 -0.16534300 -1.56573100
v -42.16735500 0.16263900 -1.15879400
v -42.16735500 -0.16534300 -1.15879400
v -43.07234600 0.16263900 -1.15271900
v -43.07234600 -0.16534300 -1.15271900
v -40.93438700 -0.15926900 -9.60130400
v -40.93438700 0.16263800 -9.60130400
v -40.95868300 -0.15926800 -1.60217500
v -40.95868300 0.16263900 -1.60217500
v -41.71789900 -0.15926800 -1.16486400
v -41.71789900 0.16263900 -1.16486400
v -40.81291200 -0.15926800 -1.18916300
v -40.81291200 0.16263900 -1.18916300
v -40.81291200 -0.46903100 -1.18916300
v -40.81291200 0.46632600 -1.18916300
v -43.07234600 0.46632600 -1.15271900
v -43.07234600 -0.46903100 -1.15271900
v -40.93438700 0.16263800 -9.60130400
v -40.93438700 -0.15926900 -9.60130400
v -43.18774800 0.16263800 -9.56486300
v -43.18774800 -0.16534400 -9.56486300
v -29.59469400 -0.17141800 -3.47896300
v -29.59469400 0.17478600 -3.47896300
v -29.66150700 -0.17141900 -16.56789400
v -29.66150700 0.17478500 -16.56789400
v -25.53743000 0.12619800 -3.46681800
v -25.53743000 -0.12890100 -3.46681800
v -25.55564900 0.12619700 -16.53145400
v -25.55564900 -0.12890300 -16.53145400
v -28.00944700 -0.17141800 -2.98091400
v -28.00944700 0.17478600 -2.98091400
v -29.59469400 -0.17141800 -3.47896300
v -29.59469400 0.17478600 -3.47896300
v -27.36562700 0.12619800 -2.87766200
v -27.36562700 -0.12890100 -2.87766200
v -25.53743000 0.12619800 -3.46681800
v -25.53743000 -0.12890100 -3.46681800
v -27.40207100 -0.12890100 -2.65900900
v -28.04589100 -0.17141800 -2.76226100
v -27.36562700 -0.12890100 -2.87766200
v -29.59469400 -0.17141800 -3.47896300
v -25.53743000 -0.12890100 -3.46681800
v -28.00944700 -0.17141800 -2.98091400
v -28.04589100 -0.17141800 -2.76226100
v -28.04589100 0.17478600 -2.76226100
v -28.00944700 -0.17141800 -2.98091400
v -28.00944700 0.17478600 -2.98091400
v -28.04589100 0.17478600 -2.76226100
v -27.40207100 0.12619800 -2.65900900
v -28.00944700 0.17478600 -2.98091400
v -25.53743000 0.12619800 -3.46681800
v -29.59469400 0.17478600 -3.47896300
v -27.36562700 0.12619800 -2.87766200
v -27.40207100 0.12619800 -2.65900900
v -27.40207100 -0.12890100 -2.65900900
v -27.36562700 0.12619800 -2.87766200
v -27.36562700 -0.12890100 -2.87766200
v -25.55564900 0.12619700 -16.53145400
v -25.55564900 -0.12890300 -16.53145400
v -29.66150700 0.17478500 -16.56789400
v -29.66150700 -0.17141900 -16.56789400
v -22.87712900 -1.94495200 -1.41388900
v -22.87712900 -2.40655700 0.00129500
v -25.08190000 -1.94495200 -1.41388900
v -30.18992200 -2.43692600 0.00129400
v -30.18992200 -1.96924700 -1.82690100
v -25.08190000 -2.40655700 0.00129500
v -22.87712900 -0.74234900 -2.28850600
v -22.87712900 -1.94495200 -1.41388900
v -25.08190000 -0.74234900 -2.28850600
v -30.18992200 -1.96924700 -1.82690100
v -30.18992200 -0.75449600 -2.71367300
v -25.08190000 -1.94495200 -1.41388900
v -22.87712900 0.74572000 -2.28850600
v -22.87712900 -0.74234900 -2.28850600
v -25.08190000 0.74572000 -2.28850600
v -27.40207100 0.12619800 -2.65900900
v -28.04589100 0.17478600 -2.76226100
v -30.18992200 0.75179200 -2.71367300
v -28.04589100 -0.17141800 -2.76226100
v -30.18992200 -0.75449600 -2.71367300
v -27.40207100 -0.12890100 -2.65900900
v -25.08190000 -0.74234900 -2.28850600
v -22.87712900 1.94832400 -1.41388900
v -22.87712900 0.74572000 -2.28850600
v -25.08190000 1.94832400 -1.41389000
v -30.18992200 0.75179200 -2.71367300
v -30.18992200 1.97261800 -1.82690200
v -25.08190000 0.74572000 -2.28850600
v -22.87712900 2.40385400 0.00129400
v -22.87712900 1.94832400 -1.41388900
v -25.08190000 2.40385400 0.00129400
v -30.18992200 1.97261800 -1.82690200
v -30.18992200 2.44029500 0.00129400
v -25.08190000 1.94832400 -1.41389000
v -22.87712900 -2.40655700 0.00129500
v -22.87712900 -1.94495200 -1.41388900
v -21.34654200 -0.73627400 0.00129500
v -21.34654200 -0.58443100 -0.39957200
v -22.87712900 -0.74234900 -2.28850600
v -21.34654200 -0.20785800 -0.64251900
v -22.87712900 0.74572000 -2.28850600
v -21.34654200 0.21123000 -0.64251900
v -22.87712900 1.94832400 -1.41388900
v -21.34654200 0.60602500 -0.41779200
v -21.34654200 0.73357400 0.01951900
v -22.87712900 2.40385400 0.00129400
v -43.21811700 -0.16534300 1.56832200
v -42.16735500 -0.16534300 1.16138000
v -40.95868300 -0.15926800 1.59869100
v -41.71789900 -0.15926800 1.16138100
v -43.07234600 -0.16534300 1.15530600
v -40.81291200 -0.15926800 1.18567500
v -40.95868300 0.16263900 1.59869100
v -41.71789900 0.16263900 1.16138100
v -43.21811700 0.16263900 1.56832200
v -42.16735500 0.16263900 1.16138000
v -40.81291200 0.16263900 1.18567500
v -43.07234600 0.16263900 1.15530600
v -40.93438700 -0.15926700 9.59782100
v -40.95868300 -0.15926800 1.59869100
v -40.93438700 0.16264000 9.59782100
v -40.95868300 0.16263900 1.59869100
v -41.71789900 -0.15926800 1.16138100
v -41.71789900 0.16263900 1.16138100
v -40.81291200 -0.15926800 1.18567500
v -40.81291200 0.16263900 1.18567500
v -43.18774800 0.16263900 9.56745200
v -43.21811700 0.16263900 1.56832200
v -43.18774800 -0.16534200 9.56745200
v -43.21811700 -0.16534300 1.56832200
v -42.16735500 0.16263900 1.16138000
v -42.16735500 -0.16534300 1.16138000
v -43.07234600 0.16263900 1.15530600
v -43.07234600 -0.16534300 1.15530600
v -40.81291200 -0.46903100 1.18567500
v -40.81291200 -0.15926800 1.18567500
v -43.07234600 -0.46903100 1.15530600
v -43.07234600 0.46632600 1.15530600
v -40.81291200 0.46632600 1.18567500
v -40.81291200 0.16263900 1.18567500
v -43.18774800 -0.16534200 9.56745200
v -40.93438700 -0.15926700 9.59782100
v -43.18774800 0.16263900 9.56745200
v -40.93438700 0.16264000 9.59782100
v -29.66151000 0.17478800 16.57048600
v -29.59469400 0.17478700 3.48155600
v -29.66151000 -0.17141600 16.57048600
v -29.59469400 -0.17141700 3.48155600
v -25.55565300 -0.12890000 16.52797300
v -25.53743000 -0.12890100 3.46333200
v -25.55565300 0.12620000 16.52797300
v -25.53743000 0.12619800 3.46333200
v -29.59469400 0.17478700 3.48155600
v -28.00944700 0.17478700 2.98350700
v -29.59469400 -0.17141700 3.48155600
v -28.00944700 -0.17141700 2.98350700
v -25.53743000 -0.12890100 3.46333200
v -27.36562700 -0.12890100 2.87418100
v -25.53743000 0.12619800 3.46333200
v -27.36562700 0.12619800 2.87418100
v -29.59469400 -0.17141700 3.48155600
v -28.00944700 -0.17141700 2.98350700
v -25.53743000 -0.12890100 3.46333200
v -27.36562700 -0.12890100 2.87418100
v -28.04589100 -0.17141700 2.76484900
v -27.40207100 -0.12890100 2.66159800
v -28.00944700 0.17478700 2.98350700
v -28.04589100 0.17478700 2.76484900
v -28.00944700 -0.17141700 2.98350700
v -28.04589100 -0.17141700 2.76484900
v -25.53743000 0.12619800 3.46333200
v -27.36562700 0.12619800 2.87418100
v -29.59469400 0.17478700 3.48155600
v -28.00944700 0.17478700 2.98350700
v -27.40207100 0.12619800 2.66159800
v -28.04589100 0.17478700 2.76484900
v -27.36562700 -0.12890100 2.87418100
v -27.40207100 -0.12890100 2.66159800
v -27.36562700 0.12619800 2.87418100
v -27.40207100 0.12619800 2.66159800
v -29.66151000 -0.17141600 16.57048600
v -25.55565300 -0.12890000 16.52797300
v -29.66151000 0.17478800 16.57048600
v -25.55565300 0.12620000 16.52797300
v -30.18992200 -2.43692600 0.00129400
v -25.08190000 -2.40655700 0.00129500
v -30.18992200 -1.96924600 1.82949500
v -25.08190000 -1.94495200 1.41647900
v -22.87712900 -2.40655700 0.00129500
v -22.87712900 -1.94495200 1.41647900
v -30.18992200 -1.96924600 1.82949500
v -25.08190000 -1.94495200 1.41647900
v -30.18992200 -0.75449600 2.71626100
v -25.08190000 -0.74234800 2.29110000
v -22.87712900 -1.94495200 1.41647900
v -22.87712900 -0.74234800 2.29110000
v -27.40207100 0.12619800 2.66159800
v -27.40207100 -0.12890100 2.66159800
v -25.08190000 -0.74234800 2.29110000
v -30.18992200 -0.75449600 2.71626100
v -28.04589100 -0.17141700 2.76484900
v -30.18992200 0.75179300 2.71626100
v -28.04589100 0.17478700 2.76484900
v -25.08190000 0.74572100 2.29110000
v -22.87712900 -0.74234800 2.29110000
v -22.87712900 0.74572100 2.29110000
v -30.18992200 0.75179300 2.71626100
v -25.08190000 0.74572100 2.29110000
v -30.18992200 1.97261800 1.82949500
v -25.08190000 1.94832400 1.41647800
v -22.87712900 0.74572100 2.29110000
v -22.87712900 1.94832400 1.41647900
v -31.20423700 2.58606600 1.91452700
v -30.18992200 1.97261800 1.82949500
v -31.20423700 3.19951500 0.00129400
v -30.18992200 2.44029500 0.00129400
v -25.08190000 1.94832400 1.41647800
v -25.08190000 2.40385400 0.00129400
v -22.87712900 1.94832400 1.41647900
v -22.87712900 2.40385400 0.00129400
v -22.87712900 -2.40655700 0.00129500
v -21.34654200 -0.73627400 0.00129500
v -22.87712900 -1.94495200 1.41647900
v -21.34654200 -0.60265300 0.42038600
v -22.87712900 -0.74234800 2.29110000
v -21.34654200 -0.24430200 0.69370200
v -22.87712900 0.74572100 2.29110000
v -21.34654200 0.21123100 0.70585200
v -22.87712900 1.94832400 1.41647900
v -21.34654200 0.58172900 0.44468000
v -22.87712900 2.40385400 0.00129400
v -21.34654200 0.73357400 0.01951900
v -25.53135500 -28.51153800 -1.29241100
v -26.18731900 -28.51153900 -12.58958600
v -25.53135500 -28.06815100 -1.29241100
v -26.18731900 -28.06815300 -12.58958600
v -26.18731900 -28.51153900 -12.58958600
v -26.98298100 -28.51153900 -12.49240700
v -26.18731900 -28.06815300 -12.58958600
v -26.98298100 -28.06815300 -12.49240700
v -26.98298100 -28.51153900 -12.49240700
v -26.33309000 -28.51153800 -1.29241100
v -26.98298100 -28.06815300 -12.49240700
v -26.33309000 -28.06815100 -1.29241100
v -26.33309000 -28.51153800 -1.29241100
v -25.53135500 -28.51153800 -1.29241100
v -26.33309000 -28.06815100 -1.29241100
v -25.53135500 -28.06815100 -1.29241100
v -14.56216200 -28.51153600 -1.29241000
v -13.83938500 -28.51153800 -12.49847800
v -14.56216200 -28.06815000 -1.29241000
v -13.83938500 -28.06815100 -12.49847800
v -13.83938500 -28.51153800 -12.49847800
v -14.68971000 -28.51153800 -12.58351000
v -13.83938500 -28.06815100 -12.49847800
v -14.68971000 -28.06815100 -12.58351000
v -14.68971000 -28.51153800 -12.58351000
v -15.41856000 -28.51153600 -1.29241000
v -14.68971000 -28.06815100 -12.58351000
v -15.41856000 -28.06815000 -1.29241000
v -15.41856000 -28.51153600 -1.29241000
v -14.56216200 -28.51153600 -1.29241000
v -15.41856000 -28.06815000 -1.29241000
v -14.56216200 -28.06815000 -1.29241000
v -21.66844700 -28.51153600 -1.29241100
v -21.66844700 -28.51153800 -12.54099500
v -21.66844700 -28.06815000 -1.29241100
v -21.66844700 -28.06815100 -12.54099500
v -21.66844700 -28.51153800 -12.54099500
v -22.43374100 -28.51153900 -12.54099500
v -21.66844700 -28.06815100 -12.54099500
v -22.43374100 -28.06815300 -12.54099500
v -22.43374100 -28.51153900 -12.54099500
v -22.43374100 -28.51153800 -1.29241100
v -22.43374100 -28.06815300 -12.54099500
v -22.43374100 -28.06815100 -1.29241100
v -22.43374100 -28.51153800 -1.29241100
v -21.66844700 -28.51153600 -1.29241100
v -22.43374100 -28.06815100 -1.29241100
v -21.66844700 -28.06815000 -1.29241100
v -18.30966400 -28.51153600 -1.29241000
v -18.04849200 -28.51153800 -12.53492200
v -18.30966400 -28.06815000 -1.29241000
v -18.04849200 -28.06815100 -12.53492200
v -18.04849200 -28.51153800 -12.53492200
v -18.86237700 -28.51153800 -12.54099400
v -18.04849200 -28.06815100 -12.53492200
v -18.86237700 -28.06815100 -12.54099400
v -18.86237700 -28.51153800 -12.54099400
v -19.12354900 -28.51153600 -1.29241000
v -18.86237700 -28.06815100 -12.54099400
v -19.12354900 -28.06815000 -1.29241000
v -19.12354900 -28.51153600 -1.29241000
v -18.30966400 -28.51153600 -1.29241000
v -19.12354900 -28.06815000 -1.29241000
v -18.30966400 -28.06815000 -1.29241000
v -24.62029300 -28.51153800 -1.29241100
v -25.53135500 -28.51153800 -1.29241100
v -25.53135500 -28.51153800 -1.29241100
v -27.24415200 -28.51153800 -1.29241100
v -27.24415200 -28.51153800 -1.29241100
v -26.33309000 -28.51153800 -1.29241100
v -26.33309000 -28.51153800 -1.29241100
v -26.98298100 -28.51153900 -12.49240700
v -27.88796800 -28.51153900 -12.38307800
v -25.28233100 -28.51153900 -12.69891300
v -26.18731900 -28.51153900 -12.58958600
v -13.59643700 -28.51153600 -1.29241000
v -12.87973100 -28.51153800 -12.40737300
v -12.87973100 -28.51153800 -12.40737300
v -14.56216200 -28.51153600 -1.29241000
v -13.83938500 -28.51153800 -12.49847800
v -13.83938500 -28.51153800 -12.49847800
v -13.83938500 -28.51153800 -12.49847800
v -15.65543600 -28.51153800 -12.67461700
v -15.65543600 -28.51153800 -12.67461700
v -15.65543600 -28.51153800 -12.67461700
v -14.68971000 -28.51153800 -12.58351000
v -16.38428700 -28.51153600 -1.29241000
v -15.41856000 -28.51153600 -1.29241000
v -16.38428700 -28.51153600 -1.29241000
v -13.59643700 -28.51153600 -1.29241000
v -15.41856000 -28.51153600 -1.29241000
v -14.56216200 -28.51153600 -1.29241000
v -21.66844700 -28.51153800 -12.54099500
v -20.79990400 -28.51153800 -12.54099500
v -22.43374100 -28.51153900 -12.54099500
v -23.30228800 -28.51153900 -12.54099500
v -23.30228800 -28.51153900 -12.54099500
v -23.30228800 -28.51153800 -1.29241100
v -23.30228800 -28.51153800 -1.29241100
v -22.43374100 -28.51153900 -12.54099500
v -22.43374100 -28.51153800 -1.29241100
v -22.43374100 -28.51153800 -1.29241100
v -21.66844700 -28.51153600 -1.29241100
v -21.66844700 -28.51153600 -1.29241100
v -20.79990400 -28.51153600 -1.29241100
v -20.79990400 -28.51153600 -1.29241100
v -21.66844700 -28.51153800 -12.54099500
v -20.79990400 -28.51153800 -12.54099500
v -17.39253000 -28.51153600 -1.29241000
v -17.13135700 -28.51153800 -12.52277500
v -18.30966400 -28.51153600 -1.29241000
v -18.04849200 -28.51153800 -12.53492200
v -19.78558700 -28.51153800 -12.55314400
v -18.86237700 -28.51153800 -12.54099400
v -20.04675900 -28.51153600 -1.29241100
v -19.12354900 -28.51153600 -1.29241000
v -20.04675900 -28.51153600 -1.29241100
v -17.39253000 -28.51153600 -1.29241000
v -19.12354900 -28.51153600 -1.29241000
v -18.30966400 -28.51153600 -1.29241000
v -25.28233100 -28.86381500 -12.69891300
v -27.88796800 -28.86381500 -12.38307800
v -25.36736300 -28.86381500 -13.39739500
v -27.97300100 -28.86381500 -13.08763500
v -27.88796800 -28.86381500 -12.38307800
v -27.88796800 -28.40221000 -12.38307800
v -27.97300100 -28.86381500 -13.08763500
v -27.97300100 -28.40221000 -13.08763500
v -27.88796800 -28.40221000 -12.38307800
v -25.28233100 -28.40221000 -12.69891300
v -27.97300100 -28.40221000 -13.08763500
v -25.36736300 -28.40221000 -13.39739500
v -25.28233100 -28.40221000 -12.69891300
v -25.28233100 -28.86381500 -12.69891300
v -25.36736300 -28.40221000 -13.39739500
v -25.36736300 -28.86381500 -13.39739500
v -15.65543600 -28.40220800 -12.67461700
v -12.87973100 -28.40220800 -12.40737300
v -15.58862600 -28.40220800 -13.37309900
v -12.81292100 -28.40220800 -13.11192800
v -12.87973100 -28.40220800 -12.40737300
v -12.87973100 -28.86381300 -12.40737300
v -12.81292100 -28.40220800 -13.11192800
v -12.81292100 -28.86381300 -13.11192800
v -12.87973100 -28.86381300 -12.40737300
v -15.65543600 -28.86381300 -12.67461700
v -12.81292100 -28.86381300 -13.11192800
v -15.58862600 -28.86381300 -13.37309900
v -15.65543600 -28.86381300 -12.67461700
v -15.65543600 -28.40220800 -12.67461700
v -15.58862600 -28.86381300 -13.37309900
v -15.58862600 -28.40220800 -13.37309900
v -20.79990400 -28.86381300 -12.54099500
v -23.30228800 -28.86381500 -12.54099500
v -20.79990400 -28.86381300 -13.24555200
v -23.30228800 -28.86381500 -13.24555200
v -23.30228800 -28.86381500 -12.54099500
v -23.30228800 -28.40221000 -12.54099500
v -23.30228800 -28.86381500 -13.24555200
v -23.30228800 -28.40221000 -13.24555200
v -23.30228800 -28.40221000 -12.54099500
v -20.79990400 -28.40220800 -12.54099500
v -23.30228800 -28.40221000 -13.24555200
v -20.79990400 -28.40220800 -13.24555200
v -20.79990400 -28.40220800 -12.54099500
v -20.79990400 -28.86381300 -12.54099500
v -20.79990400 -28.40220800 -13.24555200
v -20.79990400 -28.86381300 -13.24555200
v -19.78558700 -28.40220800 -12.55314400
v -17.13135700 -28.40220800 -12.52277500
v -19.77343900 -28.40220800 -13.26377200
v -17.11921100 -28.40220800 -13.22732900
v -17.13135700 -28.40220800 -12.52277500
v -17.13135700 -28.86381300 -12.52277500
v -17.11921100 -28.40220800 -13.22732900
v -17.11921100 -28.86381300 -13.22732900
v -17.13135700 -28.86381300 -12.52277500
v -19.78558700 -28.86381300 -12.55314400
v -17.11921100 -28.86381300 -13.22732900
v -19.77343900 -28.86381300 -13.26377200
v -19.78558700 -28.86381300 -12.55314400
v -19.78558700 -28.40220800 -12.55314400
v -19.77343900 -28.86381300 -13.26377200
v -19.77343900 -28.40220800 -13.26377200
v -25.28233100 -28.75448800 -12.69891300
v -27.88796800 -28.75448800 -12.38307800
v -25.28233100 -28.86381500 -12.69891300
v -27.88796800 -28.86381500 -12.38307800
v -27.88796800 -28.51153900 -12.38307800
v -27.88796800 -28.40221000 -12.38307800
v -25.28233100 -28.51153900 -12.69891300
v -25.28233100 -28.40221000 -12.69891300
v -12.87973100 -28.51153800 -12.40737300
v -12.87973100 -28.75448600 -12.40737300
v -12.87973100 -28.40220800 -12.40737300
v -12.87973100 -28.86381300 -12.40737300
v -12.87973100 -28.40220800 -12.40737300
v -15.65543600 -28.40220800 -12.67461700
v -12.87973100 -28.51153800 -12.40737300
v -15.65543600 -28.51153800 -12.67461700
v -12.87973100 -28.75448600 -12.40737300
v -15.65543600 -28.75448600 -12.67461700
v -12.87973100 -28.86381300 -12.40737300
v -15.65543600 -28.86381300 -12.67461700
v -20.79990400 -28.75448600 -12.54099500
v -23.30228800 -28.75448800 -12.54099500
v -20.79990400 -28.86381300 -12.54099500
v -23.30228800 -28.86381500 -12.54099500
v -23.30228800 -28.51153900 -12.54099500
v -23.30228800 -28.40221000 -12.54099500
v -20.79990400 -28.51153800 -12.54099500
v -20.79990400 -28.40220800 -12.54099500
v -20.79990400 -28.51153800 -12.54099500
v -20.79990400 -28.75448600 -12.54099500
v -20.79990400 -28.40220800 -12.54099500
v -20.79990400 -28.86381300 -12.54099500
v -19.78558700 -28.51153800 -12.55314400
v -17.13135700 -28.51153800 -12.52277500
v -19.78558700 -28.40220800 -12.55314400
v -17.13135700 -28.40220800 -12.52277500
v -17.13135700 -28.51153800 -12.52277500
v -17.13135700 -28.75448600 -12.52277500
v -17.13135700 -28.40220800 -12.52277500
v -17.13135700 -28.86381300 -12.52277500
v -17.13135700 -28.75448600 -12.52277500
v -19.78558700 -28.75448600 -12.55314400
v -17.13135700 -28.86381300 -12.52277500
v -19.78558700 -28.86381300 -12.55314400
v -19.78558700 -28.75448600 -12.55314400
v -19.78558700 -28.51153800 -12.55314400
v -19.78558700 -28.86381300 -12.55314400
v -19.78558700 -28.40220800 -12.55314400
v -27.24415200 -28.75448600 -1.29241100
v -27.24415200 -28.51153800 -1.29241100
v -27.88796800 -28.75448800 -12.38307800
v -27.88796800 -28.51153900 -12.38307800
v -26.33309000 -28.06815100 -1.29241100
v -25.53135500 -28.06815100 -1.29241100
v -26.98298100 -28.06815300 -12.49240700
v -26.18731900 -28.06815300 -12.58958600
v -24.62029300 -28.51153800 -1.29241100
v -24.62029300 -28.75448600 -1.29241100
v -25.28233100 -28.51153900 -12.69891300
v -25.28233100 -28.75448800 -12.69891300
v -15.41856000 -28.06815000 -1.29241000
v -14.56216200 -28.06815000 -1.29241000
v -14.68971000 -28.06815100 -12.58351000
v -13.83938500 -28.06815100 -12.49847800
v -13.59643700 -28.51153600 -1.29241000
v -13.59643700 -28.75448400 -1.29241000
v -12.87973100 -28.51153800 -12.40737300
v -12.87973100 -28.75448600 -12.40737300
v -16.38428700 -28.75448400 -1.29241000
v -16.38428700 -28.51153600 -1.29241000
v -15.65543600 -28.75448600 -12.67461700
v -15.65543600 -28.51153800 -12.67461700
v -23.30228800 -28.75448600 -1.29241100
v -23.30228800 -28.51153800 -1.29241100
v -23.30228800 -28.75448800 -12.54099500
v -23.30228800 -28.51153900 -12.54099500
v -22.43374100 -28.06815100 -1.29241100
v -21.66844700 -28.06815000 -1.29241100
v -22.43374100 -28.06815300 -12.54099500
v -21.66844700 -28.06815100 -12.54099500
v -20.79990400 -28.51153600 -1.29241100
v -20.79990400 -28.75448400 -1.29241100
v -20.79990400 -28.51153800 -12.54099500
v -20.79990400 -28.75448600 -12.54099500
v -19.12354900 -28.06815000 -1.29241000
v -18.30966400 -28.06815000 -1.29241000
v -18.86237700 -28.06815100 -12.54099400
v -18.04849200 -28.06815100 -12.53492200
v -17.39253000 -28.51153600 -1.29241000
v -17.39253000 -28.75448400 -1.29241000
v -17.13135700 -28.51153800 -12.52277500
v -17.13135700 -28.75448600 -12.52277500
v -20.04675900 -28.75448400 -1.29241100
v -20.04675900 -28.51153600 -1.29241100
v -19.78558700 -28.75448600 -12.55314400
v -19.78558700 -28.51153800 -12.55314400
v -24.62029300 -28.90632800 -1.29241100
v -27.24415200 -28.90632800 -1.29241100
v -24.62029300 -28.75448600 -1.29241100
v -27.24415200 -28.75448600 -1.29241100
v -27.24415200 -28.90632800 -1.29241100
v -27.24415200 -28.35969200 -1.29241100
v -27.24415200 -28.75448600 -1.29241100
v -27.24415200 -28.51153800 -1.29241100
v -27.24415200 -28.35969200 -1.29241100
v -24.62029300 -28.35969200 -1.29241100
v -27.24415200 -28.51153800 -1.29241100
v -24.62029300 -28.51153800 -1.29241100
v -24.62029300 -28.35969200 -1.29241100
v -24.62029300 -28.90632800 -1.29241100
v -24.62029300 -28.51153800 -1.29241100
v -24.62029300 -28.75448600 -1.29241100
v -16.38428700 -28.35969000 -1.29241000
v -13.59643700 -28.35969000 -1.29241000
v -16.38428700 -28.51153600 -1.29241000
v -13.59643700 -28.51153600 -1.29241000
v -13.59643700 -28.90632600 -1.29241000
v -13.59643700 -28.90632600 -1.29241000
v -13.59643700 -28.75448400 -1.29241000
v -16.38428700 -28.90632600 -1.29241000
v -16.38428700 -28.75448400 -1.29241000
v -16.38428700 -28.90632600 -1.29241000
v -16.38428700 -28.35969000 -1.29241000
v -16.38428700 -28.75448400 -1.29241000
v -16.38428700 -28.51153600 -1.29241000
v -23.30228800 -28.90632800 -1.29241100
v -23.30228800 -28.35969200 -1.29241100
v -23.30228800 -28.75448600 -1.29241100
v -23.30228800 -28.51153800 -1.29241100
v -20.04675900 -28.90632600 -1.29241100
v -20.04675900 -28.35969000 -1.29241100
v -20.04675900 -28.75448400 -1.29241100
v -20.04675900 -28.51153600 -1.29241100
v -25.36736300 -28.40221000 -13.39739500
v -25.36736300 -28.86381500 -13.39739500
v -27.97300100 -28.40221000 -13.08763500
v -27.97300100 -28.86381500 -13.08763500
v -23.30228800 -28.35969200 -1.29241100
v -23.30228800 -28.90632800 -1.29241100
v -24.62029300 -28.35969200 -1.29241100
v -24.62029300 -28.90632800 -1.29241100
v -20.04675900 -28.35969000 -1.29241100
v -17.39253000 -28.35969000 -1.29241000
v -20.04675900 -28.51153600 -1.29241100
v -17.39253000 -28.51153600 -1.29241000
v -20.04675900 -28.75448400 -1.29241100
v -17.39253000 -28.75448400 -1.29241000
v -20.04675900 -28.90632600 -1.29241100
v -17.39253000 -28.90632600 -1.29241000
v -17.39253000 -28.90632600 -1.29241000
v -16.38428700 -28.90632600 -1.29241000
v -16.38428700 -28.35969000 -1.29241000
v -15.58862600 -28.86381300 -13.37309900
v -15.58862600 -28.40220800 -13.37309900
v -15.58862600 -28.40220800 -13.37309900
v -12.81292100 -28.86381300 -13.11192800
v -12.81292100 -28.86381300 -13.11192800
v -12.81292100 -28.40220800 -13.11192800
v -20.79990400 -28.40220800 -13.24555200
v -20.79990400 -28.86381300 -13.24555200
v -23.30228800 -28.40221000 -13.24555200
v -23.30228800 -28.86381500 -13.24555200
v -20.79990400 -28.90632600 -0.82473100
v -20.79990400 -28.35969000 -0.82473100
v -23.30228800 -28.90632800 -0.82473100
v -27.24415200 -28.35969200 -0.82473100
v -27.24415200 -28.90632800 -0.82473100
v -24.62029300 -28.35969200 -0.82473100
v -24.62029300 -28.90632800 -0.82473100
v -23.30228800 -28.35969200 -0.82473100
v -19.77343900 -28.86381300 -13.26377200
v -19.77343900 -28.40220800 -13.26377200
v -17.11921100 -28.86381300 -13.22732900
v -17.11921100 -28.40220800 -13.22732900
v -20.04675900 -28.35969000 -0.82473100
v -20.04675900 -28.90632600 -0.82473100
v -17.39253000 -28.35969000 -0.82473100
v -13.59643700 -28.90632600 -0.82473000
v -13.59643700 -28.35969000 -0.82473000
v -16.38428700 -28.90632600 -0.82473100
v -16.38428700 -28.35969000 -0.82473100
v -17.39253000 -28.90632600 -0.82473100
v -27.24415200 -28.90632800 -0.82473100
v -27.24415200 -28.35969200 -0.82473100
v -27.24415200 -28.90632800 -1.29241100
v -27.24415200 -28.35969200 -1.29241100
v -13.59643700 -28.35969000 -0.82473000
v -13.59643700 -28.90632600 -0.82473000
v -13.59643700 -28.35969000 -1.29241000
v -13.59643700 -28.90632600 -1.29241000
v -27.24415200 -28.90632800 -0.82473100
v -27.24415200 -28.90632800 -1.29241100
v -24.62029300 -28.90632800 -0.82473100
v -24.62029300 -28.90632800 -1.29241100
v -23.30228800 -28.90632800 -0.82473100
v -23.30228800 -28.90632800 -1.29241100
v -20.79990400 -28.90632600 -0.82473100
v -20.79990400 -28.90632600 -1.29241100
v -20.42333000 -28.90632600 -1.29241100
v -20.42333000 -28.90632600 -0.82473100
v -13.59643700 -28.90632600 -1.29241000
v -13.59643700 -28.90632600 -0.82473000
v -16.38428700 -28.90632600 -1.29241000
v -16.38428700 -28.90632600 -0.82473100
v -17.39253000 -28.90632600 -1.29241000
v -17.39253000 -28.90632600 -0.82473100
v -20.04675900 -28.90632600 -1.29241100
v -20.04675900 -28.90632600 -0.82473100
v -13.59643700 -28.35969000 -0.82473000
v -13.59643700 -28.35969000 -1.29241000
v -16.38428700 -28.35969000 -0.82473100
v -16.38428700 -28.35969000 -1.29241000
v -17.39253000 -28.35969000 -0.82473100
v -17.39253000 -28.35969000 -1.29241000
v -20.04675900 -28.35969000 -0.82473100
v -20.04675900 -28.35969000 -1.29241100
v -27.24415200 -28.35969200 -1.29241100
v -27.24415200 -28.35969200 -0.82473100
v -24.62029300 -28.35969200 -1.29241100
v -24.62029300 -28.35969200 -0.82473100
v -23.30228800 -28.35969200 -1.29241100
v -23.30228800 -28.35969200 -0.82473100
v -20.79990400 -28.35969000 -1.29241100
v -20.79990400 -28.35969000 -0.82473100
v -20.42333000 -28.35969000 -0.82473100
v -20.42333000 -28.35969000 -1.29241100
v -23.30228800 -28.35969200 -1.29241100
v -20.79990400 -28.35969000 -1.29241100
v -23.30228800 -28.51153800 -1.29241100
v -20.79990400 -28.51153600 -1.29241100
v -23.30228800 -28.75448600 -1.29241100
v -20.79990400 -28.75448400 -1.29241100
v -23.30228800 -28.90632800 -1.29241100
v -20.79990400 -28.90632600 -1.29241100
v -20.79990400 -28.90632600 -1.29241100
v -20.42333000 -28.35969000 -1.29241100
v -20.42333000 -28.90632600 -1.29241100
v -20.04675900 -28.35969000 -1.29241100
v -20.04675900 -28.90632600 -1.29241100
v -21.13395900 -26.96880000 0.00129700
v -21.02463200 -26.96880000 -0.82473100
v -20.79990400 -27.29071000 0.00129700
v -20.79990400 -27.29071000 -0.82473100
v -19.81595600 -26.96880000 -0.82473100
v -20.42333000 -27.29071000 -0.82473100
v -20.42333000 -26.96880000 -0.82473100
v -21.02463200 -26.96880000 -0.82473100
v -20.79990400 -27.29071000 -0.82473100
v -20.79990400 -28.35969000 -0.82473100
v -20.42333000 -28.35969000 -0.82473100
v -20.04675900 -28.35969000 -0.82473100
v -20.04675900 -27.29071000 -0.82473100
v -19.81595600 -26.96880000 -0.82473100
v -19.70662700 -26.96880000 0.00129700
v -20.04675900 -27.29071000 -0.82473100
v -20.04675900 -27.29071000 0.00129700
v -21.24935900 -26.96880000 -0.82473100
v -21.02463200 -26.96880000 -0.82473100
v -21.13395900 -26.96880000 0.00129700
v -21.24935900 -26.96880000 -0.82473100
v -20.42333000 -26.96880000 -0.82473100
v -21.02463200 -26.96880000 -0.82473100
v -20.42333000 -26.96880000 -0.82473100
v -20.42333000 -26.96880000 -0.82473100
v -19.59122500 -26.96880000 -0.82473100
v -20.42333000 -26.96880000 -0.82473100
v -19.81595600 -26.96880000 -0.82473100
v -19.70662700 -26.96880000 0.00129700
v -19.81595600 -26.96880000 -0.82473100
v -19.59122500 -26.96880000 -0.82473100
v -21.26151100 -0.79093900 -0.87332200
v -20.45977400 -0.79093900 -0.87332200
v -21.24936100 -2.07250000 -0.82473300
v -20.42333200 -2.07250000 -1.28633800
v -20.42333200 -10.12021800 -1.28633700
v -21.24936100 -10.12021800 -0.82473200
v -20.42333200 -10.60004500 -1.75401700
v -21.64415600 -10.60004500 -1.12842300
v -20.42333200 -18.39266600 -1.75401700
v -21.64415600 -18.39266600 -1.12842200
v -20.42333200 -18.81782900 -1.28633700
v -21.24936100 -18.81782900 -0.82473200
v -20.42333000 -26.13669800 -1.28633600
v -21.24935900 -26.13669800 -0.82473100
v -21.24935900 -26.96880000 -0.82473100
v -20.42333000 -26.96880000 -0.82473100
v -19.59122500 -26.96880000 -0.82473100
v -19.59122500 -26.13669800 -0.82473100
v -19.59122700 -18.81782900 -0.82473200
v -19.19643600 -18.39266600 -1.12842200
v -19.19643600 -10.60004500 -1.12842200
v -19.59122700 -10.12021800 -0.82473200
v -19.59122700 -2.07250000 -0.82473300
v -19.60944900 -0.79093900 -0.87332200
v -21.24935900 -26.96880000 -0.82473100
v -21.13395900 -26.96880000 0.00129700
v -21.24935900 -26.13669800 -0.82473100
v -21.26151100 -0.79701200 -0.03514900
v -21.26151100 -0.79093900 -0.87332200
v -21.48623800 -2.07250000 0.00129500
v -21.24936100 -2.07250000 -0.82473300
v -21.48623800 -10.12021800 0.00129600
v -21.24936100 -10.12021800 -0.82473200
v -21.99643500 -10.60004500 0.00129600
v -21.64415600 -10.60004500 -1.12842300
v -21.99643500 -18.39266800 0.00129600
v -21.64415600 -18.39266600 -1.12842200
v -21.48623800 -18.81782900 0.00129600
v -21.24936100 -18.81782900 -0.82473200
v -21.48623700 -26.13669800 0.00129700
v -19.60944900 -0.79093900 -0.87332200
v -19.60944900 -0.81523400 -0.04121900
v -19.59122700 -2.07250000 -0.82473300
v -19.70662700 -26.96880000 0.00129700
v -19.59122500 -26.96880000 -0.82473100
v -19.35435100 -26.13669800 0.00129700
v -19.59122500 -26.13669800 -0.82473100
v -19.59122700 -18.81782900 -0.82473200
v -19.35435300 -18.81782900 0.00129700
v -19.19643600 -18.39266600 -1.12842200
v -18.84415600 -18.39266600 0.00129700
v -19.19643600 -10.60004500 -1.12842200
v -18.84415600 -10.60004500 0.00129600
v -19.59122700 -10.12021800 -0.82473200
v -19.35435300 -10.12021800 0.00129600
v -19.35435300 -2.07250000 0.00129500
v -26.18732100 -28.06815000 12.58610800
v -26.18732100 -28.51153600 12.58610800
v -25.53135500 -28.06815100 1.28893500
v -25.53135500 -28.51153800 1.28893500
v -26.98298300 -28.06815000 12.49500100
v -26.98298300 -28.51153600 12.49500100
v -26.18732100 -28.06815000 12.58610800
v -26.18732100 -28.51153600 12.58610800
v -26.33309000 -28.06815100 1.28893500
v -26.33309000 -28.51153800 1.28893500
v -26.98298300 -28.06815000 12.49500100
v -26.98298300 -28.51153600 12.49500100
v -25.53135500 -28.06815100 1.28893500
v -25.53135500 -28.51153800 1.28893500
v -26.33309000 -28.06815100 1.28893500
v -26.33309000 -28.51153800 1.28893500
v -13.83938700 -28.06814800 12.50107700
v -13.83938700 -28.51153400 12.50107700
v -14.56216200 -28.06815000 1.28893600
v -14.56216200 -28.51153600 1.28893600
v -14.68971200 -28.06814800 12.58003400
v -14.68971200 -28.51153400 12.58003400
v -13.83938700 -28.06814800 12.50107700
v -13.83938700 -28.51153400 12.50107700
v -15.41856000 -28.06815000 1.28893600
v -15.41856000 -28.51153600 1.28893600
v -14.68971200 -28.06814800 12.58003400
v -14.68971200 -28.51153400 12.58003400
v -14.56216200 -28.06815000 1.28893600
v -14.56216200 -28.51153600 1.28893600
v -15.41856000 -28.06815000 1.28893600
v -15.41856000 -28.51153600 1.28893600
v -21.66844900 -28.06814800 12.53751900
v -21.66844900 -28.51153400 12.53751900
v -21.66844700 -28.06815000 1.28893500
v -21.66844700 -28.51153600 1.28893500
v -22.43374300 -28.06815000 12.53751900
v -22.43374300 -28.51153600 12.53751900
v -21.66844900 -28.06814800 12.53751900
v -21.66844900 -28.51153400 12.53751900
v -22.43374100 -28.06815100 1.28893500
v -22.43374100 -28.51153800 1.28893500
v -22.43374300 -28.06815000 12.53751900
v -22.43374300 -28.51153600 12.53751900
v -21.66844700 -28.06815000 1.28893500
v -21.66844700 -28.51153600 1.28893500
v -22.43374100 -28.06815100 1.28893500
v -22.43374100 -28.51153800 1.28893500
v -18.04849400 -28.06814800 12.53144600
v -18.04849400 -28.51153400 12.53144600
v -18.30966400 -28.06815000 1.28893600
v -18.30966400 -28.51153600 1.28893600
v -18.86237900 -28.06814800 12.54359500
v -18.86237900 -28.51153400 12.54359500
v -18.04849400 -28.06814800 12.53144600
v -18.04849400 -28.51153400 12.53144600
v -19.12354900 -28.06815000 1.28893600
v -19.12354900 -28.51153600 1.28893600
v -18.86237900 -28.06814800 12.54359500
v -18.86237900 -28.51153400 12.54359500
v -18.30966400 -28.06815000 1.28893600
v -18.30966400 -28.51153600 1.28893600
v -19.12354900 -28.06815000 1.28893600
v -19.12354900 -28.51153600 1.28893600
v -24.62029300 -28.51153800 1.28893500
v -25.53135500 -28.51153800 1.28893500
v -25.28233300 -28.51153600 12.69543500
v -26.18732100 -28.51153600 12.58610800
v -26.98298300 -28.51153600 12.49500100
v -27.88797000 -28.51153600 12.38567400
v -27.24415200 -28.51153800 1.28893500
v -26.33309000 -28.51153800 1.28893500
v -15.41856000 -28.51153600 1.28893600
v -16.38428700 -28.51153600 1.28893600
v -14.68971200 -28.51153400 12.58003400
v -13.59643700 -28.51153600 1.28893600
v -14.56216200 -28.51153600 1.28893600
v -12.87973300 -28.51153400 12.40997000
v -13.83938700 -28.51153400 12.50107700
v -15.65543700 -28.51153400 12.67114200
v -14.56216200 -28.51153600 1.28893600
v -13.59643700 -28.51153600 1.28893600
v -15.41856000 -28.51153600 1.28893600
v -16.38428700 -28.51153600 1.28893600
v -20.79990400 -28.51153600 1.28893500
v -20.79990400 -28.51153600 1.28893500
v -21.66844700 -28.51153600 1.28893500
v -21.66844700 -28.51153600 1.28893500
v -20.79990600 -28.51153400 12.53751900
v -20.79990600 -28.51153400 12.53751900
v -21.66844900 -28.51153400 12.53751900
v -21.66844900 -28.51153400 12.53751900
v -22.43374300 -28.51153600 12.53751900
v -22.43374300 -28.51153600 12.53751900
v -23.30229000 -28.51153600 12.53751900
v -23.30228800 -28.51153800 1.28893500
v -23.30228800 -28.51153800 1.28893500
v -22.43374100 -28.51153800 1.28893500
v -22.43374100 -28.51153800 1.28893500
v -19.12354900 -28.51153600 1.28893600
v -20.04675900 -28.51153600 1.28893500
v -18.86237900 -28.51153400 12.54359500
v -17.39253000 -28.51153600 1.28893600
v -18.30966400 -28.51153600 1.28893600
v -17.13135900 -28.51153400 12.52537200
v -18.04849400 -28.51153400 12.53144600
v -19.78558900 -28.51153400 12.55573900
v -18.30966400 -28.51153600 1.28893600
v -17.39253000 -28.51153600 1.28893600
v -19.12354900 -28.51153600 1.28893600
v -20.04675900 -28.51153600 1.28893500
v -27.97300300 -28.86381100 13.08415700
v -27.88797000 -28.86381100 12.38567400
v -25.36736500 -28.86381100 13.39999200
v -25.28233300 -28.86381100 12.69543500
v -27.97300300 -28.40220600 13.08415700
v -27.88797000 -28.40220600 12.38567400
v -27.97300300 -28.86381100 13.08415700
v -27.88797000 -28.86381100 12.38567400
v -25.36736500 -28.40220600 13.39999200
v -25.28233300 -28.40220600 12.69543500
v -27.97300300 -28.40220600 13.08415700
v -27.88797000 -28.40220600 12.38567400
v -25.36736500 -28.86381100 13.39999200
v -25.28233300 -28.86381100 12.69543500
v -25.36736500 -28.40220600 13.39999200
v -25.28233300 -28.40220600 12.69543500
v -12.81292200 -28.40220500 13.10845200
v -12.87973300 -28.40220500 12.40997000
v -15.58862800 -28.40220500 13.37569900
v -15.65543700 -28.40220500 12.67114200
v -12.81292200 -28.86381000 13.10845200
v -12.87973300 -28.86381000 12.40997000
v -12.81292200 -28.40220500 13.10845200
v -12.87973300 -28.40220500 12.40997000
v -15.58862800 -28.86381000 13.37569900
v -15.65543700 -28.86381000 12.67114200
v -12.81292200 -28.86381000 13.10845200
v -12.87973300 -28.86381000 12.40997000
v -15.58862800 -28.40220500 13.37569900
v -15.65543700 -28.40220500 12.67114200
v -15.58862800 -28.86381000 13.37569900
v -15.65543700 -28.86381000 12.67114200
v -23.30229000 -28.86381100 13.24207200
v -23.30229000 -28.86381100 12.53751900
v -20.79990600 -28.86381000 13.24207200
v -20.79990600 -28.86381000 12.53751900
v -23.30229000 -28.40220600 13.24207200
v -23.30229000 -28.40220600 12.53751900
v -23.30229000 -28.86381100 13.24207200
v -23.30229000 -28.86381100 12.53751900
v -20.79990600 -28.40220500 13.24207200
v -20.79990600 -28.40220500 12.53751900
v -23.30229000 -28.40220600 13.24207200
v -23.30229000 -28.40220600 12.53751900
v -20.79990600 -28.86381000 13.24207200
v -20.79990600 -28.86381000 12.53751900
v -20.79990600 -28.40220500 13.24207200
v -20.79990600 -28.40220500 12.53751900
v -17.11921300 -28.40220500 13.22992800
v -17.13135900 -28.40220500 12.52537200
v -19.77344100 -28.40220500 13.26029700
v -19.78558900 -28.40220500 12.55573900
v -17.11921300 -28.86381000 13.22992800
v -17.13135900 -28.86381000 12.52537200
v -17.11921300 -28.40220500 13.22992800
v -17.13135900 -28.40220500 12.52537200
v -19.77344100 -28.86381000 13.26029700
v -19.78558900 -28.86381000 12.55573900
v -17.11921300 -28.86381000 13.22992800
v -17.13135900 -28.86381000 12.52537200
v -19.77344100 -28.40220500 13.26029700
v -19.78558900 -28.40220500 12.55573900
v -19.77344100 -28.86381000 13.26029700
v -19.78558900 -28.86381000 12.55573900
v -12.87973300 -28.86381000 12.40997000
v -12.87973300 -28.75448200 12.40997000
v -12.87973300 -28.40220500 12.40997000
v -12.87973300 -28.51153400 12.40997000
v -12.87973300 -28.40220500 12.40997000
v -12.87973300 -28.51153400 12.40997000
v -15.65543700 -28.40220500 12.67114200
v -15.65543700 -28.51153400 12.67114200
v -15.65543700 -28.86381000 12.67114200
v -12.87973300 -28.75448200 12.40997000
v -12.87973300 -28.86381000 12.40997000
v -15.65543700 -28.75448200 12.67114200
v -23.30229000 -28.86381100 12.53751900
v -23.30229000 -28.75448400 12.53751900
v -20.79990600 -28.86381000 12.53751900
v -20.79990600 -28.75448200 12.53751900
v -23.30229000 -28.40220600 12.53751900
v -23.30229000 -28.51153600 12.53751900
v -23.30229000 -28.86381100 12.53751900
v -23.30229000 -28.75448400 12.53751900
v -20.79990600 -28.40220500 12.53751900
v -20.79990600 -28.51153400 12.53751900
v -23.30229000 -28.40220600 12.53751900
v -23.30229000 -28.51153600 12.53751900
v -20.79990600 -28.86381000 12.53751900
v -20.79990600 -28.75448200 12.53751900
v -20.79990600 -28.40220500 12.53751900
v -20.79990600 -28.51153400 12.53751900
v -17.13135900 -28.40220500 12.52537200
v -17.13135900 -28.51153400 12.52537200
v -19.78558900 -28.40220500 12.55573900
v -19.78558900 -28.51153400 12.55573900
v -17.13135900 -28.86381000 12.52537200
v -17.13135900 -28.75448200 12.52537200
v -17.13135900 -28.40220500 12.52537200
v -17.13135900 -28.51153400 12.52537200
v -19.78558900 -28.86381000 12.55573900
v -19.78558900 -28.75448200 12.55573900
v -17.13135900 -28.86381000 12.52537200
v -17.13135900 -28.75448200 12.52537200
v -19.78558900 -28.40220500 12.55573900
v -19.78558900 -28.51153400 12.55573900
v -19.78558900 -28.86381000 12.55573900
v -19.78558900 -28.75448200 12.55573900
v -27.88797000 -28.51153600 12.38567400
v -27.24415200 -28.51153800 1.28893500
v -27.88797000 -28.75448400 12.38567400
v -27.24415200 -28.75448600 1.28893500
v -26.18732100 -28.06815000 12.58610800
v -25.53135500 -28.06815100 1.28893500
v -26.98298300 -28.06815000 12.49500100
v -26.33309000 -28.06815100 1.28893500
v -25.28233300 -28.40220600 12.69543500
v -25.28233300 -28.86381100 12.69543500
v -25.28233300 -28.75448400 12.69543500
v -25.28233300 -28.75448400 12.69543500
v -27.88797000 -28.75448400 12.38567400
v -27.88797000 -28.86381100 12.38567400
v -27.88797000 -28.51153600 12.38567400
v -27.88797000 -28.40220600 12.38567400
v -25.28233300 -28.51153600 12.69543500
v -24.62029300 -28.75448600 1.28893500
v -24.62029300 -28.51153800 1.28893500
v -13.83938700 -28.06814800 12.50107700
v -14.56216200 -28.06815000 1.28893600
v -14.68971200 -28.06814800 12.58003400
v -15.41856000 -28.06815000 1.28893600
v -12.87973300 -28.75448200 12.40997000
v -13.59643700 -28.75448400 1.28893600
v -13.59643700 -28.75448400 1.28893600
v -12.87973300 -28.51153400 12.40997000
v -12.87973300 -28.51153400 12.40997000
v -13.59643700 -28.51153600 1.28893600
v -15.65543700 -28.51153400 12.67114200
v -16.38428700 -28.51153600 1.28893600
v -15.65543700 -28.75448200 12.67114200
v -16.38428700 -28.75448400 1.28893600
v -23.30229000 -28.51153600 12.53751900
v -23.30228800 -28.51153800 1.28893500
v -23.30229000 -28.75448400 12.53751900
v -23.30228800 -28.75448600 1.28893500
v -21.66844900 -28.06814800 12.53751900
v -21.66844700 -28.06815000 1.28893500
v -22.43374300 -28.06815000 12.53751900
v -22.43374100 -28.06815100 1.28893500
v -20.79990600 -28.75448200 12.53751900
v -20.79990400 -28.75448400 1.28893500
v -20.79990600 -28.51153400 12.53751900
v -20.79990400 -28.51153600 1.28893500
v -18.04849400 -28.06814800 12.53144600
v -18.30966400 -28.06815000 1.28893600
v -18.86237900 -28.06814800 12.54359500
v -19.12354900 -28.06815000 1.28893600
v -17.13135900 -28.75448200 12.52537200
v -17.39253000 -28.75448400 1.28893600
v -17.13135900 -28.51153400 12.52537200
v -17.39253000 -28.51153600 1.28893600
v -19.78558900 -28.51153400 12.55573900
v -20.04675900 -28.51153600 1.28893500
v -19.78558900 -28.75448200 12.55573900
v -20.04675900 -28.75448400 1.28893500
v -27.24415200 -28.75448600 1.28893500
v -27.24415200 -28.90632800 1.28893500
v -24.62029300 -28.75448600 1.28893500
v -24.62029300 -28.90632800 1.28893500
v -27.24415200 -28.51153800 1.28893500
v -27.24415200 -28.35969200 1.28893500
v -27.24415200 -28.75448600 1.28893500
v -27.24415200 -28.90632800 1.28893500
v -24.62029300 -28.51153800 1.28893500
v -24.62029300 -28.35969200 1.28893500
v -27.24415200 -28.51153800 1.28893500
v -27.24415200 -28.35969200 1.28893500
v -24.62029300 -28.75448600 1.28893500
v -24.62029300 -28.90632800 1.28893500
v -24.62029300 -28.51153800 1.28893500
v -24.62029300 -28.35969200 1.28893500
v -23.30228800 -28.51153800 1.28893500
v -23.30228800 -28.35969200 1.28893500
v -23.30228800 -28.75448600 1.28893500
v -23.30228800 -28.90632800 1.28893500
v -27.97300300 -28.86381100 13.08415700
v -25.36736500 -28.86381100 13.39999200
v -25.36736500 -28.86381100 13.39999200
v -27.97300300 -28.40220600 13.08415700
v -27.97300300 -28.40220600 13.08415700
v -25.36736500 -28.40220600 13.39999200
v -24.62029300 -28.90632800 1.28893500
v -23.30228800 -28.90632800 1.28893500
v -24.62029300 -28.35969200 1.28893500
v -23.30228800 -28.35969200 1.28893500
v -12.81292200 -28.40220500 13.10845200
v -15.58862800 -28.40220500 13.37569900
v -12.81292200 -28.86381000 13.10845200
v -15.58862800 -28.86381000 13.37569900
v -23.30229000 -28.86381100 13.24207200
v -20.79990600 -28.86381000 13.24207200
v -23.30229000 -28.40220600 13.24207200
v -20.79990600 -28.40220500 13.24207200
v -27.24415200 -28.35969200 0.82733000
v -24.62029300 -28.35969200 0.82733000
v -27.24415200 -28.90632800 0.82733000
v -24.62029300 -28.90632800 0.82733000
v -23.30228800 -28.35969200 0.82733000
v -23.30228800 -28.90632800 0.82733000
v -20.79990400 -28.35969000 0.82733000
v -20.79990400 -28.90632600 0.82733000
v -17.11921300 -28.40220500 13.22992800
v -19.77344100 -28.40220500 13.26029700
v -19.77344100 -28.40220500 13.26029700
v -17.11921300 -28.86381000 13.22992800
v -17.11921300 -28.86381000 13.22992800
v -19.77344100 -28.86381000 13.26029700
v -13.59643700 -28.90632600 0.82733100
v -16.38428700 -28.90632600 0.82733100
v -13.59643700 -28.35969000 0.82733100
v -16.38428700 -28.35969000 0.82733100
v -17.39253000 -28.90632600 0.82733100
v -17.39253000 -28.35969000 0.82733100
v -20.04675900 -28.90632600 0.82733100
v -20.04675900 -28.35969000 0.82733100
v -27.24415200 -28.35969200 1.28893500
v -27.24415200 -28.35969200 0.82733000
v -27.24415200 -28.90632800 1.28893500
v -27.24415200 -28.90632800 0.82733000
v -13.59643700 -28.90632600 1.28893600
v -13.59643700 -28.90632600 0.82733100
v -13.59643700 -28.35969000 1.28893600
v -13.59643700 -28.35969000 0.82733100
v -27.24415200 -28.90632800 0.82733000
v -24.62029300 -28.90632800 0.82733000
v -27.24415200 -28.90632800 1.28893500
v -24.62029300 -28.90632800 1.28893500
v -23.30228800 -28.90632800 0.82733000
v -23.30228800 -28.90632800 1.28893500
v -20.79990400 -28.90632600 0.82733000
v -20.79990400 -28.90632600 1.28893500
v -20.42333000 -28.90632600 1.28893500
v -20.42333000 -28.90632600 0.82733000
v -20.04675900 -28.90632600 1.28893500
v -13.59643700 -28.90632600 1.28893600
v -16.38428700 -28.90632600 1.28893600
v -13.59643700 -28.90632600 0.82733100
v -16.38428700 -28.90632600 0.82733100
v -17.39253000 -28.90632600 1.28893600
v -17.39253000 -28.90632600 0.82733100
v -20.04675900 -28.90632600 0.82733100
v -13.59643700 -28.35969000 0.82733100
v -16.38428700 -28.35969000 0.82733100
v -13.59643700 -28.35969000 1.28893600
v -16.38428700 -28.35969000 1.28893600
v -17.39253000 -28.35969000 0.82733100
v -17.39253000 -28.35969000 1.28893600
v -20.04675900 -28.35969000 0.82733100
v -20.04675900 -28.35969000 1.28893500
v -20.42333000 -28.35969000 1.28893500
v -27.24415200 -28.35969200 1.28893500
v -24.62029300 -28.35969200 1.28893500
v -27.24415200 -28.35969200 0.82733000
v -24.62029300 -28.35969200 0.82733000
v -23.30228800 -28.35969200 1.28893500
v -23.30228800 -28.35969200 0.82733000
v -20.79990400 -28.35969000 1.28893500
v -20.79990400 -28.35969000 0.82733000
v -20.42333000 -28.35969000 0.82733000
v -20.04675900 -28.75448400 1.28893500
v -20.04675900 -28.51153600 1.28893500
v -20.04675900 -28.35969000 1.28893500
v -20.04675900 -28.35969000 1.28893500
v -17.39253000 -28.35969000 1.28893600
v -17.39253000 -28.51153600 1.28893600
v -16.38428700 -28.75448400 1.28893600
v -16.38428700 -28.51153600 1.28893600
v -16.38428700 -28.35969000 1.28893600
v -16.38428700 -28.35969000 1.28893600
v -13.59643700 -28.35969000 1.28893600
v -13.59643700 -28.51153600 1.28893600
v -13.59643700 -28.90632600 1.28893600
v -13.59643700 -28.90632600 1.28893600
v -13.59643700 -28.75448400 1.28893600
v -16.38428700 -28.90632600 1.28893600
v -17.39253000 -28.90632600 1.28893600
v -17.39253000 -28.75448400 1.28893600
v -20.04675900 -28.90632600 1.28893500
v -20.42333000 -28.90632600 1.28893500
v -23.30228800 -28.75448600 1.28893500
v -23.30228800 -28.90632800 1.28893500
v -20.79990400 -28.75448400 1.28893500
v -20.79990400 -28.90632600 1.28893500
v -20.79990400 -28.90632600 1.28893500
v -20.79990400 -28.51153600 1.28893500
v -23.30228800 -28.35969200 1.28893500
v -23.30228800 -28.51153800 1.28893500
v -20.79990400 -28.35969000 1.28893500
v -20.42333000 -28.35969000 1.28893500
v -20.79990400 -27.29071000 0.82733000
v -21.02463200 -26.96880000 0.82733000
v -20.79990400 -27.29071000 0.00129700
v -21.13395900 -26.96880000 0.00129700
v -19.81595600 -26.96880000 0.82733000
v -20.42333000 -27.29071000 0.82733000
v -20.04675900 -27.29071000 0.82733000
v -20.04675900 -28.35969000 0.82733100
v -20.42333000 -28.35969000 0.82733000
v -20.79990400 -28.35969000 0.82733000
v -20.79990400 -27.29071000 0.82733000
v -21.02463200 -26.96880000 0.82733000
v -20.42333000 -26.96880000 0.82733000
v -20.04675900 -27.29071000 0.00129700
v -19.70662700 -26.96880000 0.00129700
v -20.04675900 -27.29071000 0.82733000
v -19.81595600 -26.96880000 0.82733000
v -21.24935900 -26.96880000 0.82733000
v -21.13395900 -26.96880000 0.00129700
v -21.02463200 -26.96880000 0.82733000
v -19.81595600 -26.96880000 0.82733000
v -19.59122500 -26.96880000 0.82733000
v -19.59122500 -26.96880000 0.82733000
v -20.42333000 -26.96880000 0.82733000
v -20.42333000 -26.96880000 0.82733000
v -21.24935900 -26.96880000 0.82733000
v -21.02463200 -26.96880000 0.82733000
v -20.42333000 -26.96880000 0.82733000
v -19.70662700 -26.96880000 0.00129700
v -19.59122500 -26.96880000 0.82733000
v -19.81595600 -26.96880000 0.82733000
v -20.45977400 -0.81523400 0.81517800
v -20.42333200 -2.07250000 1.28893300
v -19.60944900 -0.81523300 0.81517800
v -19.59122700 -2.07250000 0.82732800
v -20.42333200 -10.12021800 1.28893400
v -19.59122700 -10.12021800 0.82732900
v -20.42333200 -10.60004500 1.75053900
v -19.19643600 -10.60004500 1.12493900
v -20.42333200 -18.39266600 1.75054000
v -19.19643600 -18.39266600 1.12494000
v -20.42333200 -18.81782900 1.28893500
v -19.59122700 -18.81782900 0.82733000
v -20.42333000 -26.13669800 1.28893500
v -19.59122500 -26.13669800 0.82733000
v -19.59122500 -26.96880000 0.82733000
v -20.42333000 -26.96880000 0.82733000
v -21.24935900 -26.96880000 0.82733000
v -21.24935900 -26.13669800 0.82733000
v -21.24936100 -18.81782900 0.82733000
v -21.64415600 -18.39266600 1.12494000
v -21.64415600 -10.60004500 1.12493900
v -21.24936100 -10.12021800 0.82732900
v -21.24936100 -2.07250000 0.82732800
v -21.26151100 -0.81523400 0.81517800
v -21.26151100 -0.79701200 -0.03514900
v -21.48623800 -2.07250000 0.00129500
v -21.26151100 -0.81523400 0.81517800
v -21.24936100 -2.07250000 0.82732800
v -21.48623800 -10.12021800 0.00129600
v -21.24936100 -10.12021800 0.82732900
v -21.99643500 -10.60004500 0.00129600
v -21.64415600 -10.60004500 1.12493900
v -21.99643500 -18.39266800 0.00129600
v -21.64415600 -18.39266600 1.12494000
v -21.48623800 -18.81782900 0.00129600
v -21.24936100 -18.81782900 0.82733000
v -21.48623700 -26.13669800 0.00129700
v -21.24935900 -26.13669800 0.82733000
v -21.13395900 -26.96880000 0.00129700
v -21.24935900 -26.96880000 0.82733000
v -19.70662700 -26.96880000 0.00129700
v -19.35435100 -26.13669800 0.00129700
v -19.59122500 -26.96880000 0.82733000
v -19.59122500 -26.13669800 0.82733000
v -19.35435300 -18.81782900 0.00129700
v -19.59122700 -18.81782900 0.82733000
v -18.84415600 -18.39266600 0.00129700
v -19.19643600 -18.39266600 1.12494000
v -18.84415600 -10.60004500 0.00129600
v -19.19643600 -10.60004500 1.12493900
v -19.35435300 -10.12021800 0.00129600
v -19.59122700 -10.12021800 0.82732900
v -19.35435300 -2.07250000 0.00129500
v -19.59122700 -2.07250000 0.82732800
v -19.60944900 -0.81523400 -0.04121900
v -19.60944900 -0.81523300 0.81517800
v 1.52112900 -2.84993900 -0.55141500
v 1.35713900 -4.46555700 -0.54534000
v 0.59791900 -2.84993900 -0.55141500
v 0.69509600 -4.46555700 -0.54534000
v 0.59791900 -2.84993900 0.55400900
v 0.69509600 -4.46555700 0.52364000
v 1.52112900 -2.84993900 0.55400900
v 1.35713900 -4.46555700 0.52364000
v 0.59791900 -2.84993900 -0.55141500
v 0.69509600 -4.46555700 -0.54534000
v 0.59791900 -2.84993900 0.55400900
v 0.69509600 -4.46555700 0.52364000
v 0.69509700 -4.46555800 -12.91756900
v 0.69509600 -4.46555700 0.76659200
v 1.52112900 -2.84993900 0.55400900
v 1.35713900 -4.46555700 0.52364000
v 1.52112900 -2.84993900 -0.55141500
v 1.35713900 -4.46555700 -0.54534000
v 1.35713900 -4.46555700 0.76659200
v 1.35714000 -4.46555800 -12.91756900
v -2.59080100 -6.75535800 19.88068000
v -2.59080100 -6.91327500 19.43122500
v -2.35999900 -6.43952300 19.57699600
v -2.35999900 -6.43952300 19.41907500
v -2.35999900 -6.43952300 19.24901000
v -2.59080100 -6.75535800 18.94532600
v -2.59080100 -5.66208300 19.88068000
v -2.59080100 -6.18442600 20.08111400
v -2.35999900 -5.97791800 19.57699600
v -2.35999900 -6.19657300 19.57699600
v -2.35999900 -6.43952300 19.57699600
v -2.59080100 -6.75535800 19.88068000
v -2.59080100 -5.66208300 19.88068000
v -2.35999900 -5.97791800 19.57699600
v -2.59080100 -5.50416600 19.43122500
v -2.35999900 -5.97791800 19.41907500
v -2.35999900 -5.97791800 19.24901000
v -2.59080100 -5.66208400 18.94532600
v -2.59080100 -5.66208400 18.94532600
v -2.35999900 -5.97791800 19.24901000
v -2.59080100 -6.18442700 18.74489200
v -2.35999900 -6.19657300 19.24901000
v -2.35999900 -6.43952300 19.24901000
v -2.59080100 -6.75535800 18.94532600
v -2.35999900 -5.97791800 19.24901000
v -2.20815600 -5.97791800 19.24901000
v -2.35999900 -6.19657300 19.24901000
v -2.20815600 -6.19657300 19.24901000
v -2.20815600 -6.43952300 19.24901000
v -2.35999900 -6.43952300 19.24901000
v -2.59080100 -5.50416600 19.43122500
v -2.48755000 -6.09331900 19.51625600
v -2.59080100 -5.66208300 19.88068000
v -2.59080100 -6.75535800 19.88068000
v -2.59080100 -6.18442600 20.08111400
v -2.48755000 -6.33019600 19.51625600
v -2.48755000 -6.20264800 19.51625600
v -2.48755000 -6.09331900 19.41907500
v -2.59080100 -5.66208400 18.94532600
v -2.48755000 -6.09331900 19.30975000
v -2.48755000 -6.20264800 19.30975000
v -2.59080100 -6.18442700 18.74489200
v -2.59080100 -6.75535800 18.94532600
v -2.48755000 -6.33019600 19.30975000
v -2.59080100 -6.91327500 19.43122500
v -2.48755000 -6.33019600 19.41907500
v -2.48755000 -6.20264800 19.41907500
v -1.97127900 -6.43952300 19.24901000
v -1.97127900 -6.19657300 19.24901000
v -1.97127900 -6.43952300 19.41907500
v -1.97127900 -6.19657300 19.41907500
v -1.97127900 -6.43952300 19.57699600
v -1.97127900 -6.19657300 19.57699600
v -1.97127900 -5.97791800 19.57699600
v -1.97127900 -5.97791800 19.41907500
v -1.97127900 -5.97791800 19.24901000
v -1.97127900 -5.97791800 19.41907500
v -2.20815600 -5.97791800 19.41907500
v -1.97127900 -5.97791800 19.57699600
v -2.20815600 -5.97791800 19.57699600
v -2.35999900 -5.97791800 19.57699600
v -2.35999900 -5.97791800 19.41907500
v -2.35999900 -5.97791800 19.24901000
v -2.20815600 -5.97791800 19.24901000
v -1.97127900 -5.97791800 19.24901000
v -1.97127900 -5.97791900 18.82992400
v -2.20815600 -5.97791900 18.82992400
v -2.20815600 -6.43952300 19.24901000
v -2.20815600 -6.43952300 19.41907500
v -2.35999900 -6.43952300 19.24901000
v -2.35999900 -6.43952300 19.41907500
v -2.35999900 -6.43952300 19.57699600
v -2.20815600 -6.43952300 19.57699600
v -1.97127900 -6.43952300 19.57699600
v -1.97127900 -6.43952300 19.41907500
v -1.97127900 -6.43952300 19.24901000
v -1.97127900 -6.43952300 18.82992400
v -2.20815600 -6.43952300 18.82992400
v -1.97127900 -6.43952300 19.57699600
v -1.97127900 -6.19657300 19.57699600
v -2.20815600 -6.43952300 19.57699600
v -2.20815600 -6.19657300 19.57699600
v -2.35999900 -6.43952300 19.57699600
v -2.35999900 -6.19657300 19.57699600
v -2.35999900 -5.97791800 19.57699600
v -2.20815600 -5.97791800 19.57699600
v -1.97127900 -5.97791800 19.57699600
v -0.62290800 -5.12152100 19.24901000
v -0.62290800 -5.12152100 18.82992400
v -0.62290800 -4.09505700 19.24901000
v -0.62290800 -4.09505700 18.82992400
v -1.97127900 -6.43952300 19.24901000
v -1.97127900 -6.43952300 18.82992400
v -1.97127900 -7.63605200 19.24901000
v -1.97127900 -7.63605200 18.82992400
v -0.62290800 -6.43952300 18.82992400
v -0.62290800 -6.43952300 19.24901000
v -0.62290800 -7.63605200 18.82992400
v -0.62290800 -7.63605200 19.24901000
v -0.62290800 -4.09505700 19.24901000
v -0.62290800 -4.09505700 18.82992400
v -1.97127900 -4.10112900 19.24901000
v -1.97127900 -4.10113000 18.82992400
v -0.62290800 -6.43952300 18.82992400
v -1.97127900 -6.19657400 18.82992400
v -0.62290800 -6.26945900 18.82992400
v -0.62290800 -6.11761700 18.82992400
v -1.97127900 -4.10113000 18.82992400
v -0.62290800 -4.09505700 18.82992400
v -1.97127900 -5.12759400 18.82992400
v -0.62290800 -5.12152100 18.82992400
v -0.62290800 -5.77748500 18.82992400
v -1.97127900 -5.77748500 18.82992400
v -1.97127900 -5.97791900 18.82992400
v -2.20815600 -5.97791900 18.82992400
v -2.20815600 -6.19657400 18.82992400
v -2.20815600 -6.43952300 18.82992400
v -1.97127900 -6.43952300 18.82992400
v -1.97127900 -7.63605200 18.82992400
v -0.62290800 -7.63605200 18.82992400
v -0.62290800 -7.63605200 18.82992400
v -0.62290800 -7.63605200 19.24901000
v -1.97127900 -7.63605200 18.82992400
v -1.97127900 -7.63605200 19.24901000
v -0.62290800 -4.09505700 19.24901000
v -1.97127900 -4.10112900 19.24901000
v -0.62290800 -5.12152100 19.24901000
v -1.97127900 -5.12759300 19.24901000
v -1.97127900 -5.77748400 19.24901000
v -0.62290800 -5.77748400 19.24901000
v -1.97127900 -5.97791800 19.24901000
v -0.62290800 -6.11761600 19.24901000
v -1.97127900 -6.19657300 19.24901000
v -0.62290800 -6.26945800 19.24901000
v -1.97127900 -7.63605200 19.24901000
v -0.62290800 -7.63605200 19.24901000
v -1.97127900 -6.43952300 19.24901000
v -0.62290800 -6.43952300 19.24901000
v -1.97127900 -4.10112900 19.24901000
v -1.97127900 -4.10113000 18.82992400
v -1.97127900 -5.12759300 19.24901000
v -1.97127900 -5.12759400 18.82992400
v -1.97127900 -5.77748500 18.82992400
v -1.97127900 -5.77748400 19.24901000
v -1.97127900 -5.97791800 19.24901000
v -1.97127900 -5.97791900 18.82992400
v -2.20815600 -5.97791900 18.82992400
v -2.20815600 -6.19657400 18.82992400
v -2.20815600 -5.97791800 19.24901000
v -2.20815600 -6.19657300 19.24901000
v -2.20815600 -6.43952300 19.24901000
v -2.20815600 -6.43952300 18.82992400
v 0.88338200 -9.05730900 33.48588200
v 0.88338200 -8.68680900 33.48588200
v 0.88338300 -9.05730900 31.51798600
v 0.88338300 -8.68680900 31.51798600
v 1.20529200 -8.68680900 33.48588200
v 1.20529200 -9.05730900 33.48588200
v 1.20529200 -8.68680900 31.51798600
v 1.20529200 -9.05730900 31.51798600
v 0.88338300 -9.05730900 31.51798600
v 1.04737200 -9.05730900 31.51798600
v 0.88338200 -9.05730900 33.48588200
v 1.04737200 -9.05730900 33.48588200
v 1.20529200 -9.05730900 33.48588200
v 1.20529200 -9.05730900 31.51798600
v 1.20529300 -36.74146300 33.48588600
v 1.20529300 -36.43170200 33.48588600
v 1.20529300 -36.74146300 31.51799000
v 1.20529300 -36.43170200 31.51799000
v 1.20529400 -36.74146300 28.22601700
v 1.41787200 -36.74146300 28.22601700
v 1.20529400 -36.74146300 29.87200400
v 1.41787200 -36.74146300 29.87200400
v 1.20529300 -36.74146300 31.51799000
v 1.41787100 -36.74146300 31.51799000
v 1.20529300 -36.74146300 33.48588600
v 1.41787100 -36.74146300 33.48588600
v 1.20529300 -36.74146300 36.77785900
v 1.20529300 -36.74146300 35.13187400
v 1.41787100 -36.74146300 36.77785900
v 1.41787100 -36.74146300 35.13187400
v 1.20529400 -36.74146300 28.22601700
v 1.20529400 -36.43170200 28.22601700
v 1.41787200 -36.74146300 28.22601700
v 1.41787200 -36.43170200 28.22601700
v 1.41787100 -36.43170200 36.77785900
v 1.41787100 -36.43170200 35.13187400
v 1.20529300 -36.43170200 36.77785900
v 1.20529300 -36.43170200 35.13187400
v 1.41787200 -36.43170200 28.22601700
v 1.20529400 -36.43170200 28.22601700
v 1.41787100 -36.43170200 29.87200400
v 1.20529300 -36.43170200 29.87200400
v 1.41787100 -36.43170200 31.51799000
v 1.20529300 -36.43170200 31.51799000
v 1.41787100 -36.43170200 33.48588600
v 1.20529300 -36.43170200 33.48588600
v 1.20529200 -8.68680900 33.48588200
v 1.20529200 -8.68680900 35.13187000
v 1.20529200 -9.05730900 33.48588200
v 1.20529200 -9.05730900 35.13187000
v 1.20529200 -8.68680900 36.77785500
v 1.20529200 -9.05730900 36.77785500
v 1.20529200 -8.68680900 36.77785500
v 1.04737200 -8.68680900 36.77785500
v 1.20529200 -9.05730900 36.77785500
v 1.04737200 -9.05730900 36.77785500
v 0.88338200 -8.68680900 36.77785500
v 0.88338200 -9.05730900 36.77785500
v 0.88338200 -8.68680900 36.77785500
v 0.88338200 -8.68680900 35.13187000
v 0.88338200 -9.05730900 36.77785500
v 0.88338200 -9.05730900 35.13187000
v 0.88338200 -8.68680900 33.48588200
v 0.88338200 -9.05730900 33.48588200
v 0.88338300 -36.43170200 36.77785900
v 0.88338400 -36.43170200 35.13187400
v 0.88338300 -36.74146300 36.77785900
v 0.88338400 -36.74146300 35.13187400
v 0.88338400 -36.43170200 33.48588600
v 0.88338400 -36.74146300 33.48588600
v 1.41787100 -36.74146300 36.77785900
v 1.41787100 -36.74146300 35.13187400
v 1.41787100 -36.43170200 36.77785900
v 1.41787100 -36.43170200 35.13187400
v 1.41787200 -36.74146300 28.22601700
v 1.41787200 -36.43170200 28.22601700
v 1.41787200 -36.74146300 29.87200400
v 1.41787100 -36.43170200 29.87200400
v 1.41787100 -36.74146300 31.51799000
v 1.41787100 -36.43170200 31.51799000
v 1.41787100 -36.74146300 33.48588600
v 1.41787100 -36.43170200 33.48588600
v 0.88338200 -8.68680900 33.48588200
v 1.04737200 -8.68680900 35.13187000
v 1.04737200 -8.68680900 33.48588200
v 1.20529200 -8.68680900 31.51798600
v 1.04737200 -8.68680900 31.51798600
v 1.20529200 -8.68680900 33.48588200
v 1.20529200 -8.68680900 35.13187000
v 1.20529200 -8.68680900 36.77785500
v 1.04737200 -8.68680900 36.77785500
v 0.88338200 -8.68680900 36.77785500
v 0.88338200 -8.68680900 35.13187000
v 1.20529300 -36.74146300 33.48588600
v 1.04737300 -36.74146300 33.48588600
v 1.20529300 -36.43170200 33.48588600
v 1.04737300 -36.43170200 33.48588600
v 0.88338400 -36.74146300 33.48588600
v 0.88338400 -36.43170200 33.48588600
v 0.88338300 -36.74146300 36.77785900
v 1.04737300 -36.74146300 35.13187400
v 1.04737300 -36.74146300 36.77785900
v 1.20529300 -36.74146300 36.77785900
v 1.20529300 -36.74146300 35.13187400
v 1.20529300 -36.74146300 33.48588600
v 1.04737300 -36.74146300 33.48588600
v 0.88338400 -36.74146300 33.48588600
v 0.88338400 -36.74146300 35.13187400
v 1.41787100 -36.74146300 36.77785900
v 1.41787100 -36.43170200 36.77785900
v 1.20529300 -36.74146300 36.77785900
v 1.20529300 -36.43170200 36.77785900
v 1.04737300 -36.43170200 36.77785900
v 1.04737300 -36.74146300 36.77785900
v 0.88338300 -36.43170200 36.77785900
v 0.88338300 -36.74146300 36.77785900
v 1.20529200 -8.68680900 28.22601300
v 1.20529200 -8.68680900 29.87200000
v 1.20529200 -9.05730900 28.22601300
v 1.20529200 -9.05730900 29.87200000
v 1.20529200 -8.68680900 31.51798600
v 1.20529200 -9.05730900 31.51798600
v 0.88338300 -8.68680900 31.51798600
v 0.88338300 -8.68680900 29.87200000
v 0.88338300 -9.05730900 31.51798600
v 0.88338300 -9.05730900 29.87200000
v 0.88338300 -8.68680900 28.22601300
v 0.88338300 -9.05730900 28.22601300
v 0.88338300 -8.68680900 28.22601300
v 1.04737200 -8.68680900 28.22601300
v 0.88338300 -9.05730900 28.22601300
v 1.04737200 -9.05730900 28.22601300
v 1.20529200 -9.05730900 28.22601300
v 1.20529200 -8.68680900 28.22601300
v 0.88338400 -36.43170200 31.51799000
v 0.88338400 -36.43170200 29.87200400
v 0.88338400 -36.74146300 31.51799000
v 0.88338400 -36.74146300 29.87200400
v 0.88338400 -36.43170200 28.22601700
v 0.88338400 -36.74146300 28.22601700
v 0.88338300 -8.68680900 28.22601300
v 1.04737200 -8.68680900 29.87200000
v 1.04737200 -8.68680900 28.22601300
v 1.20529200 -8.68680900 28.22601300
v 1.20529200 -8.68680900 29.87200000
v 1.20529200 -8.68680900 31.51798600
v 1.04737200 -8.68680900 31.51798600
v 0.88338300 -8.68680900 31.51798600
v 0.88338300 -8.68680900 29.87200000
v 1.20529400 -36.74146300 28.22601700
v 1.04737400 -36.74146300 28.22601700
v 1.20529400 -36.43170200 28.22601700
v 1.04737400 -36.43170200 28.22601700
v 0.88338400 -36.74146300 28.22601700
v 0.88338400 -36.43170200 28.22601700
v 0.88338400 -36.74146300 31.51799000
v 1.04737400 -36.74146300 29.87200400
v 1.04737400 -36.74146300 31.51799000
v 1.20529300 -36.74146300 31.51799000
v 1.20529400 -36.74146300 29.87200400
v 1.20529400 -36.74146300 28.22601700
v 1.04737400 -36.74146300 28.22601700
v 0.88338400 -36.74146300 28.22601700
v 0.88338400 -36.74146300 29.87200400
v 1.20529300 -36.43170200 31.51799000
v 1.04737300 -36.43170200 31.51799000
v 1.20529300 -36.74146300 31.51799000
v 1.04737400 -36.74146300 31.51799000
v 0.88338400 -36.43170200 31.51799000
v 0.88338400 -36.74146300 31.51799000
v 1.75193100 -7.09549000 13.60042600
v 2.55366500 -7.09549000 13.60042600
v 1.75193100 -7.09549000 13.41821100
v 2.55366500 -7.09549000 13.41821100
v 3.62872000 -7.09549000 13.41821100
v 3.62872000 -7.09549000 13.59435100
v 3.62872000 -7.09549000 13.78264000
v 2.55366500 -7.09549000 13.78264000
v 1.75193100 -7.09549000 13.78264000
v 1.35713900 -7.09549000 14.27461300
v 1.35713900 -7.09549000 13.78264000
v 1.35713900 -7.09549000 13.60042600
v 1.35713900 -7.09549000 13.41821100
v 1.35713900 -7.09549000 12.92623700
v 1.75193100 -7.09549000 12.92623700
v 2.55366500 -7.09549000 12.92623700
v 3.62872000 -7.09549000 12.92623700
v 4.66733100 -7.09549000 12.92623700
v 4.66733100 -7.09549000 13.41821100
v 4.66733100 -7.09549000 13.59435100
v 4.66733100 -7.09549000 13.78264000
v 4.66733100 -7.09549000 14.27461300
v 3.62872000 -7.09549000 14.27461300
v 2.55366500 -7.09549000 14.27461300
v 1.75193100 -7.09549000 14.27461300
v -1.15739700 -7.09549000 13.78264000
v -1.15739700 -7.09549000 13.60042600
v -2.22030300 -7.09549000 13.78264000
v -2.22030300 -7.09549000 13.60042600
v -2.22030300 -7.09549000 13.41821100
v -1.15739700 -7.09549000 13.41821100
v -0.37388500 -7.09549000 13.41821100
v -0.37388500 -7.09549000 13.60042600
v -0.37388500 -7.09549000 13.78264000
v 0.03913100 -7.09549000 14.27461300
v 0.03913100 -7.09549000 13.78264000
v -0.37388500 -7.09549000 14.27461300
v -1.15739700 -7.09549000 14.27461300
v -2.22030300 -7.09549000 14.27461300
v -3.27713600 -7.09549000 14.27461300
v -3.27713600 -7.09549000 13.78264000
v -3.27713600 -7.09549000 13.60042600
v -3.27713600 -7.09549000 13.41821100
v -3.27713600 -7.09549000 12.92623700
v -2.22030300 -7.09549000 12.92623700
v -1.15739700 -7.09549000 12.92623700
v -0.37388500 -7.09549000 12.92623700
v 0.03913100 -7.09549000 12.92623700
v 0.03913100 -7.09549000 13.41821100
v 0.03913100 -7.09549000 13.60042600
v 4.66733100 -7.19874400 12.92623700
v 4.66733100 -7.09549000 12.92623700
v 4.66733100 -7.19874400 13.41821100
v 4.66733100 -7.09549000 13.41821100
v 4.66733100 -7.19874400 13.71582700
v 4.66733100 -7.09549000 13.59435100
v 4.66733100 -7.09549000 13.78264000
v 4.66733100 -7.09549000 14.27461300
v 4.66733100 -7.19874400 14.27461300
v -3.27713600 -7.19874400 12.92623700
v -3.27713600 -7.19874400 13.51539300
v -3.27713600 -7.09549000 12.92623700
v -3.27713600 -7.09549000 13.41821100
v -3.27713600 -7.19874400 13.60042600
v -3.27713600 -7.09549000 13.60042600
v -3.27713600 -7.19874400 13.66723800
v -3.27713600 -7.09549000 13.78264000
v -3.27713600 -7.09549000 14.27461300
v -3.27713600 -7.19874400 14.27461300
v 4.66733100 -7.09549000 12.92623700
v 4.66733100 -7.19874400 12.92623700
v 3.62872000 -7.09549000 12.92623700
v 3.62872000 -7.19874400 12.92623700
v 2.55366500 -7.09549000 12.92623700
v 2.55366500 -7.19874400 12.92623700
v 1.75193100 -7.09549000 12.92623700
v 1.75193100 -7.19874400 12.92623700
v 1.35713900 -7.09549000 12.92623700
v 1.35713900 -7.19874400 12.92623700
v 0.69509500 -7.19874400 12.92623700
v 0.69509500 -7.09549000 12.92623700
v -3.27713600 -7.19874400 12.92623700
v -3.27713600 -7.09549000 12.92623700
v -2.22030300 -7.19874400 12.92623700
v -2.22030300 -7.09549000 12.92623700
v -1.15739700 -7.19874400 12.92623700
v -1.15739700 -7.09549000 12.92623700
v -0.37388500 -7.19874400 12.92623700
v -0.37388500 -7.09549000 12.92623700
v 0.03913100 -7.19874400 12.92623700
v 0.03913100 -7.09549000 12.92623700
v -3.27713600 -7.09549000 14.27461300
v -3.27713600 -7.19874400 14.27461300
v -2.22030300 -7.09549000 14.27461300
v -2.22030300 -7.19874400 14.27461300
v -1.15739700 -7.09549000 14.27461300
v -1.15739700 -7.19874400 14.27461300
v -0.37388500 -7.09549000 14.27461300
v -0.37388500 -7.19874400 14.27461300
v 0.03913100 -7.09549000 14.27461300
v 0.03913100 -7.19874400 14.27461300
v 4.66733100 -7.19874400 14.27461300
v 4.66733100 -7.09549000 14.27461300
v 3.62872000 -7.19874400 14.27461300
v 3.62872000 -7.09549000 14.27461300
v 2.55366500 -7.19874400 14.27461300
v 2.55366500 -7.09549000 14.27461300
v 1.75193100 -7.19874400 14.27461300
v 1.75193100 -7.09549000 14.27461300
v 1.35713900 -7.19874400 14.27461300
v 1.35713900 -7.09549000 14.27461300
v 0.69509500 -7.09549000 14.27461300
v 0.69509500 -7.19874400 14.27461300
v -0.37388500 -7.19874400 13.66723800
v -0.37388500 -7.19874400 13.78264000
v -0.37388500 -7.19874400 13.60042600
v -0.37388500 -7.19874400 13.41821100
v -0.37388500 -7.19874400 13.51539300
v 1.75193100 -7.19874400 13.51539300
v 1.75193100 -7.19874400 13.41821100
v 1.75193100 -7.19874400 13.60042600
v 2.55366500 -7.19874400 13.60042600
v 4.66733100 -7.19874400 12.92623700
v 4.66733100 -7.19874400 13.41821100
v 3.62872000 -7.19874400 12.92623700
v 3.62872000 -7.19874400 13.41821100
v 2.55366500 -7.19874400 12.92623700
v 1.75193100 -7.19874400 12.92623700
v 1.35713900 -7.19874400 12.92623700
v 0.69509500 -7.19874400 13.51539300
v 0.69509500 -7.19874400 12.92623700
v 0.03913100 -7.19874400 12.92623700
v -0.37388500 -7.19874400 12.92623700
v -3.27713600 -7.19874400 12.92623700
v -2.22030300 -7.19874400 12.92623700
v -3.27713600 -7.19874400 13.51539300
v -2.22030300 -7.19874400 13.51539300
v -1.15739700 -7.19874400 12.92623700
v -1.16347000 -7.19874400 13.51539300
v -1.15739700 -7.19874400 13.60042600
v -1.16347000 -7.19874400 13.66723800
v -3.27713600 -7.19874400 14.27461300
v -3.27713600 -7.19874400 13.66723800
v -2.22030300 -7.19874400 14.27461300
v -2.22030300 -7.19874400 13.66723800
v -1.15739700 -7.19874400 14.27461300
v -0.37388500 -7.19874400 14.27461300
v 0.03913100 -7.19874400 14.27461300
v 1.75193100 -7.19874400 14.27461300
v 1.75193100 -7.19874400 13.78264000
v 2.55366500 -7.19874400 14.27461300
v 4.66733100 -7.19874400 13.71582700
v 4.66733100 -7.19874400 14.27461300
v 3.62872000 -7.19874400 13.78264000
v 3.62872000 -7.19874400 14.27461300
v 2.55366500 -7.19874400 13.60042600
v 1.75193100 -7.19874400 13.60042600
v 1.75193100 -7.19874400 13.66723800
v 1.35713900 -7.19874400 14.27461300
v 0.69509500 -7.19874400 14.27461300
v 0.69509500 -7.19874400 13.66723800
v 0.69509400 -7.09548800 32.75703000
v 0.69509400 -7.09548800 32.15573100
v 0.69509400 -8.41349000 32.75703000
v 0.88338300 -8.68680900 31.51798600
v 0.88338200 -8.68680900 33.48588200
v 0.69509400 -8.41349000 32.15573100
v 0.69509400 -7.09548800 32.15573100
v 1.35713700 -7.09548800 32.15573100
v 0.69509400 -8.41349000 32.15573100
v 1.04737200 -8.68680900 31.51798600
v 0.88338300 -8.68680900 31.51798600
v 1.35713700 -8.41349000 32.15573100
v 1.35713700 -7.09548800 32.15573100
v 1.35713700 -7.09548800 32.75703000
v 1.35713700 -8.41349000 32.15573100
v 1.04737200 -8.68680900 33.48588200
v 1.04737200 -8.68680900 31.51798600
v 1.35713700 -8.41349000 32.75703000
v 1.35713700 -7.09548800 32.75703000
v 0.69509400 -7.09548800 32.75703000
v 1.35713700 -8.41349000 32.75703000
v 0.88338200 -8.68680900 33.48588200
v 1.04737200 -8.68680900 33.48588200
v 0.69509400 -8.41349000 32.75703000
v 0.69509200 -7.09548700 45.59693900
v 0.69509300 -7.09548700 45.03207800
v 0.69509300 -8.41348900 45.59693900
v 0.88338200 -8.73539900 44.49759700
v 0.88338100 -8.73539900 46.46549200
v 0.69509300 -8.41348900 45.03207800
v 0.69509300 -7.09548700 45.03207800
v 1.35713600 -7.09548700 45.03207800
v 0.69509300 -8.41348900 45.03207800
v 1.04737100 -8.73539900 44.49759700
v 0.88338200 -8.73539900 44.49759700
v 1.35713600 -8.41348900 45.03207800
v 1.35713600 -7.09548700 45.03207800
v 1.35713600 -7.09548700 45.59693900
v 1.35713600 -8.41348900 45.03207800
v 1.04737100 -8.73539900 46.46549200
v 1.04737100 -8.73539900 44.49759700
v 1.35713600 -8.41348900 45.59693900
v 0.69509300 -4.46555400 32.15573100
v 0.69509300 -4.46555400 32.75703000
v 0.69509300 -3.03214800 32.15573100
v 0.88338200 -2.83778900 33.36440700
v 0.88338200 -2.83778900 31.40258600
v 0.69509300 -3.03214800 32.75703000
v 0.69509300 -4.46555400 32.75703000
v 1.35713700 -4.46555400 32.75703000
v 0.69509300 -3.03214800 32.75703000
v 1.04737200 -2.83778900 33.36440700
v 0.88338200 -2.83778900 33.36440700
v 1.35713700 -3.03214800 32.75703000
v 1.35713700 -4.46555400 32.75703000
v 1.35713700 -4.46555400 32.15573100
v 1.35713700 -3.03214800 32.75703000
v 1.04737200 -2.83778900 31.40258600
v 1.04737200 -2.83778900 33.36440700
v 1.35713700 -3.03214800 32.15573100
v 1.35713700 -4.46555400 32.15573100
v 0.69509300 -4.46555400 32.15573100
v 1.35713700 -3.03214800 32.15573100
v 0.88338200 -2.83778900 31.40258600
v 1.04737200 -2.83778900 31.40258600
v 0.69509300 -3.03214800 32.15573100
v 0.69509200 -4.46555300 45.03207800
v 0.69509200 -4.46555300 45.59693900
v 0.69509200 -3.03214600 45.03207800
v 0.88338100 -2.83778800 46.34401700
v 0.88338100 -2.83778800 44.38219100
v 0.69509200 -3.03214600 45.59693900
v 1.35713600 -4.46555300 45.59693900
v 1.35713600 -4.46555300 45.03207800
v 1.35713600 -3.03214600 45.59693900
v 1.04737100 -2.83778800 44.38219100
v 1.04737100 -2.83778800 46.34401700
v 1.35713600 -3.03214600 45.03207800
v 1.35713600 -4.46555300 45.03207800
v 0.69509200 -4.46555300 45.03207800
v 1.35713600 -3.03214600 45.03207800
v 0.88338100 -2.83778800 44.38219100
v 1.04737100 -2.83778800 44.38219100
v 0.69509200 -3.03214600 45.03207800
v 1.35713600 -5.12151900 45.59693900
v 0.69509200 -5.12151900 45.59693900
v 1.35713600 -5.77748300 45.59693900
v 0.69509200 -5.77748300 45.59693900
v 1.35713600 -6.11761400 45.59693900
v 0.69509200 -6.11761400 45.59693900
v 1.35713600 -6.26945600 45.59693900
v 0.69509200 -6.26945600 45.59693900
v 1.35713600 -6.43952100 45.59693900
v 0.69509200 -6.43952100 45.59693900
v 0.03912900 -6.43952100 45.59693900
v 0.03912900 -6.26945600 45.59693900
v 0.03912900 -6.11761400 45.59693900
v 0.03912900 -5.77748300 45.59693900
v 0.03912900 -5.12151900 45.59693900
v -0.62291000 -4.46555300 45.59693900
v 0.03912900 -4.46555300 45.59693900
v 0.69509200 -4.46555300 45.59693900
v 1.04737100 -2.83778800 46.34401700
v 0.88338100 -2.83778800 46.34401700
v 1.35713600 -3.03214600 45.59693900
v 0.69509200 -3.03214600 45.59693900
v 1.35713600 -4.46555300 45.59693900
v 2.01309900 -4.46555300 45.59693900
v 2.01310000 -5.12151900 45.59693900
v 2.01310000 -5.77748300 45.59693900
v 2.01310000 -6.11761400 45.59693900
v 2.01310000 -6.26945600 45.59693900
v 2.01310000 -6.43952100 45.59693900
v 2.01310000 -7.09548700 45.59693900
v 1.35713600 -7.09548700 45.59693900
v 0.88338100 -8.73539900 46.46549200
v 1.04737100 -8.73539900 46.46549200
v 0.69509300 -8.41348900 45.59693900
v 1.35713600 -8.41348900 45.59693900
v 0.69509200 -7.09548700 45.59693900
v 0.03912900 -7.09548700 45.59693900
v -0.62291000 -7.09548700 45.59693900
v -0.62291000 -6.43952100 45.59693900
v -0.62291000 -6.26945600 45.59693900
v -0.62291000 -6.11761400 45.59693900
v -0.62291000 -5.77748300 45.59693900
v -0.62291000 -5.12151900 45.59693900
v 0.88338100 -9.09982500 46.46549200
v 0.88338100 -8.73539900 46.46549200
v 0.88338200 -9.09982500 44.49759700
v 0.88338200 -8.73539900 44.49759700
v 1.20529100 -8.73539900 46.46549200
v 1.20529100 -9.09982500 46.46549200
v 1.20529100 -8.73539900 44.49759700
v 1.20529100 -9.09982500 44.49759700
v 0.88338200 -9.09982500 44.49759700
v 1.04737100 -9.09982500 44.49759700
v 0.88338100 -9.09982500 46.46549200
v 1.04737100 -9.09982500 46.46549200
v 1.20529100 -9.09982500 46.46549200
v 1.20529100 -9.09982500 44.49759700
v 1.20529200 -36.79005100 46.46549600
v 1.20529200 -36.47421600 46.46549600
v 1.20529200 -36.79005100 44.49760100
v 1.20529200 -36.47421600 44.49760100
v 1.20529300 -36.79005100 41.20562700
v 1.41787100 -36.79005100 41.20562700
v 1.20529200 -36.79005100 42.85161200
v 1.41787100 -36.79005100 42.85161200
v 1.20529200 -36.79005100 44.49760100
v 1.41787000 -36.79005100 44.49760100
v 1.20529200 -36.79005100 46.46549600
v 1.41787000 -36.79005100 46.46549600
v 1.20529200 -36.79005100 49.75746900
v 1.20529200 -36.79005100 48.11148100
v 1.41787000 -36.79005100 49.75746900
v 1.41787000 -36.79005100 48.11148100
v 1.20529300 -36.79005100 41.20562700
v 1.20529300 -36.47421600 41.20562700
v 1.41787100 -36.79005100 41.20562700
v 1.41787100 -36.47421600 41.20562700
v 1.41787000 -36.47421600 49.75746900
v 1.41787000 -36.47421600 48.11148100
v 1.20529200 -36.47421600 49.75746900
v 1.20529200 -36.47421600 48.11148100
v 1.41787100 -36.47421600 41.20562700
v 1.20529300 -36.47421600 41.20562700
v 1.41787100 -36.47421600 42.85161200
v 1.20529200 -36.47421600 42.85161200
v 1.41787000 -36.47421600 44.49760100
v 1.20529200 -36.47421600 44.49760100
v 1.41787000 -36.47421600 46.46549600
v 1.20529200 -36.47421600 46.46549600
v 1.20529100 -8.73539900 46.46549200
v 1.20529100 -8.73539900 48.11147700
v 1.20529100 -9.09982500 46.46549200
v 1.20529100 -9.09982500 48.11147700
v 1.20529100 -8.73539800 49.75746500
v 1.20529100 -9.09982400 49.75746500
v 1.20529100 -8.73539800 49.75746500
v 1.04737100 -8.73539800 49.75746500
v 1.20529100 -9.09982400 49.75746500
v 1.04737100 -9.09982400 49.75746500
v 0.88338100 -8.73539800 49.75746500
v 0.88338100 -9.09982400 49.75746500
v 0.88338100 -8.73539800 49.75746500
v 0.88338100 -8.73539900 48.11147700
v 0.88338100 -9.09982400 49.75746500
v 0.88338100 -9.09982500 48.11147700
v 0.88338100 -8.73539900 46.46549200
v 0.88338100 -9.09982500 46.46549200
v 0.88338200 -36.47421600 49.75746900
v 0.88338300 -36.47421600 48.11148100
v 0.88338200 -36.79005100 49.75746900
v 0.88338300 -36.79005100 48.11148100
v 0.88338300 -36.47421600 46.46549600
v 0.88338300 -36.79005100 46.46549600
v 1.41787000 -36.79005100 49.75746900
v 1.41787000 -36.79005100 48.11148100
v 1.41787000 -36.47421600 49.75746900
v 1.41787000 -36.47421600 48.11148100
v 1.41787100 -36.79005100 41.20562700
v 1.41787100 -36.47421600 41.20562700
v 1.41787100 -36.79005100 42.85161200
v 1.41787100 -36.47421600 42.85161200
v 1.41787000 -36.79005100 44.49760100
v 1.41787000 -36.47421600 44.49760100
v 1.41787000 -36.79005100 46.46549600
v 1.41787000 -36.47421600 46.46549600
v 0.88338100 -8.73539900 46.46549200
v 1.04737100 -8.73539900 48.11147700
v 1.04737100 -8.73539900 46.46549200
v 1.20529100 -8.73539900 44.49759700
v 1.04737100 -8.73539900 44.49759700
v 1.20529100 -8.73539900 46.46549200
v 1.20529100 -8.73539900 48.11147700
v 1.20529100 -8.73539800 49.75746500
v 1.04737100 -8.73539800 49.75746500
v 0.88338100 -8.73539800 49.75746500
v 0.88338100 -8.73539900 48.11147700
v 1.20529200 -36.79005100 46.46549600
v 1.04737200 -36.79005100 46.46549600
v 1.20529200 -36.47421600 46.46549600
v 1.04737200 -36.47421600 46.46549600
v 0.88338300 -36.79005100 46.46549600
v 0.88338300 -36.47421600 46.46549600
v 0.88338200 -36.79005100 49.75746900
v 1.04737200 -36.79005100 48.11148100
v 1.04737200 -36.79005100 49.75746900
v 1.20529200 -36.79005100 49.75746900
v 1.20529200 -36.79005100 48.11148100
v 1.20529200 -36.79005100 46.46549600
v 1.04737200 -36.79005100 46.46549600
v 0.88338300 -36.79005100 46.46549600
v 0.88338300 -36.79005100 48.11148100
v 1.41787000 -36.79005100 49.75746900
v 1.41787000 -36.47421600 49.75746900
v 1.20529200 -36.79005100 49.75746900
v 1.20529200 -36.47421600 49.75746900
v 1.04737200 -36.47421600 49.75746900
v 1.04737200 -36.79005100 49.75746900
v 0.88338200 -36.47421600 49.75746900
v 0.88338200 -36.79005100 49.75746900
v 1.20529100 -8.73539900 41.20562400
v 1.20529100 -8.73539900 42.85160800
v 1.20529100 -9.09982500 41.20562400
v 1.20529100 -9.09982500 42.85160800
v 1.20529100 -8.73539900 44.49759700
v 1.20529100 -9.09982500 44.49759700
v 0.88338200 -8.73539900 44.49759700
v 0.88338200 -8.73539900 42.85160800
v 0.88338200 -9.09982500 44.49759700
v 0.88338200 -9.09982500 42.85160800
v 0.88338200 -8.73539900 41.20562400
v 0.88338200 -9.09982500 41.20562400
v 0.88338200 -8.73539900 41.20562400
v 1.04737200 -8.73539900 41.20562400
v 0.88338200 -9.09982500 41.20562400
v 1.04737200 -9.09982500 41.20562400
v 1.20529100 -9.09982500 41.20562400
v 1.20529100 -8.73539900 41.20562400
v 0.88338300 -36.47421600 44.49760100
v 0.88338300 -36.47421600 42.85161200
v 0.88338300 -36.79005100 44.49760100
v 0.88338300 -36.79005100 42.85161200
v 0.88338300 -36.47421600 41.20562700
v 0.88338300 -36.79005100 41.20562700
v 0.88338200 -8.73539900 41.20562400
v 1.04737100 -8.73539900 42.85160800
v 1.04737200 -8.73539900 41.20562400
v 1.20529100 -8.73539900 41.20562400
v 1.20529100 -8.73539900 42.85160800
v 1.20529100 -8.73539900 44.49759700
v 1.04737100 -8.73539900 44.49759700
v 0.88338200 -8.73539900 44.49759700
v 0.88338200 -8.73539900 42.85160800
v 1.20529300 -36.79005100 41.20562700
v 1.04737300 -36.79005100 41.20562700
v 1.20529300 -36.47421600 41.20562700
v 1.04737300 -36.47421600 41.20562700
v 0.88338300 -36.79005100 41.20562700
v 0.88338300 -36.47421600 41.20562700
v 0.88338300 -36.79005100 44.49760100
v 1.04737300 -36.79005100 42.85161200
v 1.04737200 -36.79005100 44.49760100
v 1.20529200 -36.79005100 44.49760100
v 1.20529200 -36.79005100 42.85161200
v 1.20529300 -36.79005100 41.20562700
v 1.04737300 -36.79005100 41.20562700
v 0.88338300 -36.79005100 41.20562700
v 0.88338300 -36.79005100 42.85161200
v 1.20529200 -36.47421600 44.49760100
v 1.04737200 -36.47421600 44.49760100
v 1.20529200 -36.79005100 44.49760100
v 1.04737200 -36.79005100 44.49760100
v 0.88338300 -36.47421600 44.49760100
v 0.88338300 -36.79005100 44.49760100
v 0.88338200 -2.46728800 31.40258600
v 0.88338200 -2.83778900 31.40258600
v 0.88338200 -2.46728800 33.36440700
v 0.88338200 -2.83778900 33.36440700
v 1.20529200 -2.83778900 31.40258600
v 1.20529200 -2.46728800 31.40258600
v 1.20529200 -2.83778900 33.36440700
v 1.20529200 -2.46728800 33.36440700
v 0.88338200 -2.46728800 33.36440700
v 1.04737200 -2.46728800 33.36440700
v 0.88338200 -2.46728800 31.40258600
v 1.04737200 -2.46728800 31.40258600
v 1.20529200 -2.46728800 31.40258600
v 1.20529200 -2.46728800 33.36440700
v 1.20529100 25.22293500 31.40258400
v 1.20529100 24.90710100 31.40258400
v 1.20529100 25.22293700 33.36440300
v 1.20529100 24.90710300 33.36440300
v 1.20529000 25.22293700 36.66244500
v 1.41786800 25.22293700 36.66244500
v 1.20529000 25.22293700 35.01039100
v 1.41786800 25.22293700 35.01039100
v 1.20529100 25.22293700 33.36440300
v 1.41786900 25.22293700 33.36440300
v 1.20529100 25.22293500 31.40258400
v 1.41786900 25.22293500 31.40258400
v 1.20529100 25.22293500 28.10453600
v 1.20529100 25.22293500 29.75659800
v 1.41786900 25.22293500 28.10453600
v 1.41786900 25.22293500 29.75659800
v 1.20529000 25.22293700 36.66244500
v 1.20529000 24.90710300 36.66244500
v 1.41786800 25.22293700 36.66244500
v 1.41786800 24.90710300 36.66244500
v 1.41786900 24.90710100 28.10453600
v 1.41786900 24.90710100 29.75659800
v 1.20529100 24.90710100 28.10453600
v 1.20529100 24.90710100 29.75659800
v 1.41786800 24.90710300 36.66244500
v 1.20529000 24.90710300 36.66244500
v 1.41786800 24.90710300 35.01039100
v 1.20529000 24.90710300 35.01039100
v 1.41786900 24.90710300 33.36440300
v 1.20529100 24.90710300 33.36440300
v 1.41786900 24.90710100 31.40258400
v 1.20529100 24.90710100 31.40258400
v 1.20529200 -2.83778900 31.40258600
v 1.20529200 -2.83778900 29.75659900
v 1.20529200 -2.46728800 31.40258600
v 1.20529200 -2.46728900 29.75659900
v 1.20529200 -2.83779000 28.10453800
v 1.20529200 -2.46728900 28.10453800
v 1.20529200 -2.83779000 28.10453800
v 1.04737200 -2.83779000 28.10453800
v 1.20529200 -2.46728900 28.10453800
v 1.04737200 -2.46728900 28.10453800
v 0.88338300 -2.83779000 28.10453800
v 0.88338300 -2.46728900 28.10453800
v 0.88338300 -2.83779000 28.10453800
v 0.88338200 -2.83778900 29.75659900
v 0.88338300 -2.46728900 28.10453800
v 0.88338200 -2.46728900 29.75659900
v 0.88338200 -2.83778900 31.40258600
v 0.88338200 -2.46728800 31.40258600
v 0.88338100 24.90710100 28.10453600
v 0.88338100 24.90710100 29.75659800
v 0.88338100 25.22293500 28.10453600
v 0.88338100 25.22293500 29.75659800
v 0.88338100 24.90710100 31.40258400
v 0.88338100 25.22293500 31.40258400
v 1.41786900 25.22293500 28.10453600
v 1.41786900 25.22293500 29.75659800
v 1.41786900 24.90710100 28.10453600
v 1.41786900 24.90710100 29.75659800
v 1.41786800 25.22293700 36.66244500
v 1.41786800 24.90710300 36.66244500
v 1.41786800 25.22293700 35.01039100
v 1.41786800 24.90710300 35.01039100
v 1.41786900 25.22293700 33.36440300
v 1.41786900 24.90710300 33.36440300
v 1.41786900 25.22293500 31.40258400
v 1.41786900 24.90710100 31.40258400
v 0.88338200 -2.83778900 31.40258600
v 1.04737200 -2.83778900 29.75659900
v 1.04737200 -2.83778900 31.40258600
v 1.20529200 -2.83778900 33.36440700
v 1.04737200 -2.83778900 33.36440700
v 1.20529200 -2.83778900 31.40258600
v 1.20529200 -2.83778900 29.75659900
v 1.20529200 -2.83779000 28.10453800
v 1.04737200 -2.83779000 28.10453800
v 0.88338300 -2.83779000 28.10453800
v 0.88338200 -2.83778900 29.75659900
v 1.20529100 25.22293500 31.40258400
v 1.04737100 25.22293500 31.40258400
v 1.20529100 24.90710100 31.40258400
v 1.04737100 24.90710100 31.40258400
v 0.88338100 25.22293500 31.40258400
v 0.88338100 24.90710100 31.40258400
v 0.88338100 25.22293500 28.10453600
v 1.04737100 25.22293500 29.75659800
v 1.04737100 25.22293500 28.10453600
v 1.20529100 25.22293500 28.10453600
v 1.20529100 25.22293500 29.75659800
v 1.20529100 25.22293500 31.40258400
v 1.04737100 25.22293500 31.40258400
v 0.88338100 25.22293500 31.40258400
v 0.88338100 25.22293500 29.75659800
v 1.41786900 25.22293500 28.10453600
v 1.41786900 24.90710100 28.10453600
v 1.20529100 25.22293500 28.10453600
v 1.20529100 24.90710100 28.10453600
v 1.04737100 24.90710100 28.10453600
v 1.04737100 25.22293500 28.10453600
v 0.88338100 24.90710100 28.10453600
v 0.88338100 25.22293500 28.10453600
v 1.20529200 -2.83778900 36.66244900
v 1.20529200 -2.83778900 35.01646400
v 1.20529200 -2.46728800 36.66244900
v 1.20529200 -2.46728800 35.01646400
v 1.20529200 -2.83778900 33.36440700
v 1.20529200 -2.46728800 33.36440700
v 0.88338200 -2.83778900 33.36440700
v 0.88338200 -2.83778900 35.01646400
v 0.88338200 -2.46728800 33.36440700
v 0.88338200 -2.46728800 35.01646400
v 0.88338200 -2.83778900 36.66244900
v 0.88338200 -2.46728800 36.66244900
v 0.88338200 -2.83778900 36.66244900
v 1.04737200 -2.83778900 36.66244900
v 0.88338200 -2.46728800 36.66244900
v 1.04737200 -2.46728800 36.66244900
v 1.20529200 -2.46728800 36.66244900
v 1.20529200 -2.83778900 36.66244900
v 0.88338100 24.90710300 33.36440300
v 0.88338100 24.90710300 35.01646000
v 0.88338100 25.22293700 33.36440300
v 0.88338100 25.22293700 35.01646000
v 0.88338100 24.90710300 36.66244500
v 0.88338100 25.22293700 36.66244500
v 0.88338200 -2.83778900 36.66244900
v 1.04737200 -2.83778900 35.01646400
v 1.04737200 -2.83778900 36.66244900
v 1.20529200 -2.83778900 36.66244900
v 1.20529200 -2.83778900 35.01646400
v 1.20529200 -2.83778900 33.36440700
v 1.04737200 -2.83778900 33.36440700
v 0.88338200 -2.83778900 33.36440700
v 0.88338200 -2.83778900 35.01646400
v 1.20529000 25.22293700 36.66244500
v 1.04737000 25.22293700 36.66244500
v 1.20529000 24.90710300 36.66244500
v 1.04737000 24.90710300 36.66244500
v 0.88338100 25.22293700 36.66244500
v 0.88338100 24.90710300 36.66244500
v 0.88338100 25.22293700 33.36440300
v 1.04737100 25.22293700 35.01646000
v 1.04737100 25.22293700 33.36440300
v 1.20529100 25.22293700 33.36440300
v 1.20529000 25.22293700 35.01039100
v 1.20529000 25.22293700 36.66244500
v 1.04737000 25.22293700 36.66244500
v 0.88338100 25.22293700 36.66244500
v 0.88338100 25.22293700 35.01646000
v 1.20529100 24.90710300 33.36440300
v 1.04737100 24.90710300 33.36440300
v 1.20529100 25.22293700 33.36440300
v 1.04737100 25.22293700 33.36440300
v 0.88338100 24.90710300 33.36440300
v 0.88338100 25.22293700 33.36440300
v 0.88338100 -2.46728800 44.38219100
v 0.88338100 -2.83778800 44.38219100
v 0.88338100 -2.46728700 46.34401700
v 0.88338100 -2.83778800 46.34401700
v 1.20529100 -2.83778800 44.38219100
v 1.20529100 -2.46728800 44.38219100
v 1.20529100 -2.83778800 46.34401700
v 1.20529100 -2.46728700 46.34401700
v 0.88338100 -2.46728700 46.34401700
v 1.04737100 -2.46728700 46.34401700
v 0.88338100 -2.46728800 44.38219100
v 1.04737100 -2.46728800 44.38219100
v 1.20529100 -2.46728800 44.38219100
v 1.20529100 -2.46728700 46.34401700
v 1.20529000 25.22293700 44.38218700
v 1.20529000 24.90710300 44.38218700
v 1.20528900 25.22293700 46.34401300
v 1.20529000 24.90710300 46.34401300
v 1.20528900 25.22293700 49.63598300
v 1.41786700 25.22293700 49.63598300
v 1.20528900 25.22293700 47.98999800
v 1.41786700 25.22293700 47.98999800
v 1.20528900 25.22293700 46.34401300
v 1.41786800 25.22293700 46.34401300
v 1.20529000 25.22293700 44.38218700
v 1.41786800 25.22293700 44.38218700
v 1.20529000 25.22293700 41.08414100
v 1.20529000 25.22293700 42.73012900
v 1.41786800 25.22293700 41.08414100
v 1.41786800 25.22293700 42.73012900
v 1.20528900 25.22293700 49.63598300
v 1.20528900 24.90710300 49.63598300
v 1.41786700 25.22293700 49.63598300
v 1.41786700 24.90710300 49.63598300
v 1.41786800 24.90710300 41.08414100
v 1.41786800 24.90710300 42.73012900
v 1.20529000 24.90710300 41.08414100
v 1.20529000 24.90710300 42.73012900
v 1.41786700 24.90710300 49.63598300
v 1.20528900 24.90710300 49.63598300
v 1.41786700 24.90710300 47.98999800
v 1.20528900 24.90710300 47.98999800
v 1.41786800 24.90710300 46.34401300
v 1.20529000 24.90710300 46.34401300
v 1.41786800 24.90710300 44.38218700
v 1.20529000 24.90710300 44.38218700
v 1.20529100 -2.83778800 44.38219100
v 1.20529100 -2.83778800 42.73013300
v 1.20529100 -2.46728800 44.38219100
v 1.20529100 -2.46728800 42.73013300
v 1.20529100 -2.83778800 41.08414500
v 1.20529100 -2.46728800 41.08414500
v 1.20529100 -2.83778800 41.08414500
v 1.04737100 -2.83778800 41.08414500
v 1.20529100 -2.46728800 41.08414500
v 1.04737100 -2.46728800 41.08414500
v 0.88338200 -2.83778800 41.08414500
v 0.88338200 -2.46728800 41.08414500
v 0.88338200 -2.83778800 41.08414500
v 0.88338100 -2.83778800 42.73013300
v 0.88338200 -2.46728800 41.08414500
v 0.88338100 -2.46728800 42.73013300
v 0.88338100 -2.83778800 44.38219100
v 0.88338100 -2.46728800 44.38219100
v 0.88338000 24.90710300 41.08414100
v 0.88338000 24.90710300 42.73012900
v 0.88338000 25.22293700 41.08414100
v 0.88338000 25.22293700 42.73012900
v 0.88338000 24.90710300 44.38218700
v 0.88338000 25.22293700 44.38218700
v 1.41786800 25.22293700 41.08414100
v 1.41786800 25.22293700 42.73012900
v 1.41786800 24.90710300 41.08414100
v 1.41786800 24.90710300 42.73012900
v 1.41786700 25.22293700 49.63598300
v 1.41786700 24.90710300 49.63598300
v 1.41786700 25.22293700 47.98999800
v 1.41786700 24.90710300 47.98999800
v 1.41786800 25.22293700 46.34401300
v 1.41786800 24.90710300 46.34401300
v 1.41786800 25.22293700 44.38218700
v 1.41786800 24.90710300 44.38218700
v 0.88338100 -2.83778800 44.38219100
v 1.04737100 -2.83778800 42.73013300
v 1.04737100 -2.83778800 44.38219100
v 1.20529100 -2.83778800 46.34401700
v 1.04737100 -2.83778800 46.34401700
v 1.20529100 -2.83778800 44.38219100
v 1.20529100 -2.83778800 42.73013300
v 1.20529100 -2.83778800 41.08414500
v 1.04737100 -2.83778800 41.08414500
v 0.88338200 -2.83778800 41.08414500
v 0.88338100 -2.83778800 42.73013300
v 1.20529000 25.22293700 44.38218700
v 1.04737000 25.22293700 44.38218700
v 1.20529000 24.90710300 44.38218700
v 1.04737000 24.90710300 44.38218700
v 0.88338000 25.22293700 44.38218700
v 0.88338000 24.90710300 44.38218700
v 0.88338000 25.22293700 41.08414100
v 1.04737000 25.22293700 42.73012900
v 1.04737000 25.22293700 41.08414100
v 1.20529000 25.22293700 41.08414100
v 1.20529000 25.22293700 42.73012900
v 1.20529000 25.22293700 44.38218700
v 1.04737000 25.22293700 44.38218700
v 0.88338000 25.22293700 44.38218700
v 0.88338000 25.22293700 42.73012900
v 1.41786800 25.22293700 41.08414100
v 1.41786800 24.90710300 41.08414100
v 1.20529000 25.22293700 41.08414100
v 1.20529000 24.90710300 41.08414100
v 1.04737000 24.90710300 41.08414100
v 1.04737000 25.22293700 41.08414100
v 0.88338000 24.90710300 41.08414100
v 0.88338000 25.22293700 41.08414100
v 1.20529100 -2.83778800 49.64205900
v 1.20529100 -2.83778800 47.99000200
v 1.20529000 -2.46728700 49.64205900
v 1.20529100 -2.46728700 47.99000200
v 1.20529100 -2.83778800 46.34401700
v 1.20529100 -2.46728700 46.34401700
v 0.88338100 -2.83778800 46.34401700
v 0.88338100 -2.83778800 47.99000200
v 0.88338100 -2.46728700 46.34401700
v 0.88338100 -2.46728700 47.99000200
v 0.88338100 -2.83778800 49.64205900
v 0.88338100 -2.46728700 49.64205900
v 0.88338100 -2.83778800 49.64205900
v 1.04737100 -2.83778800 49.64205900
v 0.88338100 -2.46728700 49.64205900
v 1.04737100 -2.46728700 49.64205900
v 1.20529000 -2.46728700 49.64205900
v 1.20529100 -2.83778800 49.64205900
v 0.88338000 24.90710300 46.34401300
v 0.88338000 24.90710300 47.98999800
v 0.88338000 25.22293700 46.34401300
v 0.88338000 25.22293700 47.98999800
v 0.88338000 24.90710300 49.64205600
v 0.88338000 25.22293700 49.64205600
v 0.88338100 -2.83778800 49.64205900
v 1.04737100 -2.83778800 47.99000200
v 1.04737100 -2.83778800 49.64205900
v 1.20529100 -2.83778800 49.64205900
v 1.20529100 -2.83778800 47.99000200
v 1.20529100 -2.83778800 46.34401700
v 1.04737100 -2.83778800 46.34401700
v 0.88338100 -2.83778800 46.34401700
v 0.88338100 -2.83778800 47.99000200
v 1.20528900 25.22293700 49.63598300
v 1.04736900 25.22293700 49.64205600
v 1.20528900 24.90710300 49.63598300
v 1.04736900 24.90710300 49.64205600
v 0.88338000 25.22293700 49.64205600
v 0.88338000 24.90710300 49.64205600
v 0.88338000 25.22293700 46.34401300
v 1.04736900 25.22293700 47.98999800
v 1.04737000 25.22293700 46.34401300
v 1.20528900 25.22293700 46.34401300
v 1.20528900 25.22293700 47.98999800
v 1.20528900 25.22293700 49.63598300
v 1.04736900 25.22293700 49.64205600
v 0.88338000 25.22293700 49.64205600
v 0.88338000 25.22293700 47.98999800
v 1.20529000 24.90710300 46.34401300
v 1.04737000 24.90710300 46.34401300
v 1.20528900 25.22293700 46.34401300
v 1.04737000 25.22293700 46.34401300
v 0.88338000 24.90710300 46.34401300
v 0.88338000 25.22293700 46.34401300
v -2.59079800 -6.75536200 -19.87201300
v -2.35999600 -6.43952700 -19.56832500
v -2.59079800 -6.91327900 -19.42255800
v -2.35999600 -6.43952700 -19.41040800
v -2.59079800 -6.75536100 -18.93665500
v -2.35999600 -6.43952700 -19.24034300
v -2.59079800 -5.66208700 -19.87201300
v -2.35999600 -5.97792200 -19.56832500
v -2.59079800 -6.18443000 -20.07244900
v -2.35999600 -6.19657700 -19.56832500
v -2.59079800 -6.75536200 -19.87201300
v -2.35999600 -6.43952700 -19.56832500
v -2.59079800 -5.66208600 -18.93665500
v -2.35999600 -5.97792200 -19.24034300
v -2.59079800 -5.50416900 -19.42255800
v -2.59079800 -5.66208700 -19.87201300
v -2.35999600 -5.97792200 -19.56832500
v -2.35999600 -5.97792200 -19.41040800
v -2.59079800 -6.75536100 -18.93665500
v -2.35999600 -6.43952700 -19.24034300
v -2.59079800 -6.18443000 -18.73622100
v -2.59079800 -5.66208600 -18.93665500
v -2.35999600 -5.97792200 -19.24034300
v -2.35999600 -6.19657700 -19.24034300
v -2.35999600 -6.43952700 -19.24034300
v -2.20815300 -6.43952700 -19.24034300
v -2.35999600 -6.19657700 -19.24034300
v -2.35999600 -5.97792200 -19.24034300
v -2.20815300 -5.97792200 -19.24034300
v -2.20815300 -6.19657700 -19.24034300
v -2.59079800 -6.75536200 -19.87201300
v -2.48754700 -6.33020000 -19.50758900
v -2.59079800 -6.18443000 -20.07244900
v -2.59079800 -5.66208700 -19.87201300
v -2.48754700 -6.09332300 -19.50758900
v -2.59079800 -5.50416900 -19.42255800
v -2.48754700 -6.09332300 -19.30108100
v -2.59079800 -5.66208600 -18.93665500
v -2.48754700 -6.09332300 -19.41040800
v -2.48754700 -6.20265200 -19.50758900
v -2.48754700 -6.33020000 -19.41040800
v -2.59079800 -6.91327900 -19.42255800
v -2.48754700 -6.33020000 -19.30108100
v -2.59079800 -6.75536100 -18.93665500
v -2.48754700 -6.20265200 -19.30108100
v -2.59079800 -6.18443000 -18.73622100
v -2.48754700 -6.20265200 -19.41040800
v -1.97127600 -6.19657700 -19.24034300
v -1.97127600 -6.19657700 -19.41040800
v -1.97127600 -5.97792200 -19.24034300
v -1.97127600 -5.97792200 -19.41040800
v -1.97127600 -5.97792200 -19.56832500
v -1.97127600 -6.19657700 -19.56832500
v -1.97127600 -6.43952700 -19.56832500
v -1.97127600 -6.43952700 -19.41040800
v -1.97127600 -6.43952700 -19.24034300
v -2.20815300 -5.97792100 -18.82125500
v -1.97127600 -5.97792100 -18.82125500
v -2.20815300 -5.97792200 -19.24034300
v -2.35999600 -5.97792200 -19.24034300
v -2.35999600 -5.97792200 -19.41040800
v -2.20815300 -5.97792200 -19.41040800
v -2.35999600 -5.97792200 -19.56832500
v -2.20815300 -5.97792200 -19.56832500
v -1.97127600 -5.97792200 -19.56832500
v -1.97127600 -5.97792200 -19.41040800
v -1.97127600 -5.97792200 -19.24034300
v -1.97127600 -6.43952700 -19.24034300
v -2.20815300 -6.43952700 -19.41040800
v -1.97127600 -6.43952700 -19.41040800
v -1.97127600 -6.43952700 -19.56832500
v -2.20815300 -6.43952700 -19.56832500
v -2.35999600 -6.43952700 -19.56832500
v -2.35999600 -6.43952700 -19.41040800
v -2.35999600 -6.43952700 -19.24034300
v -2.20815300 -6.43952700 -19.24034300
v -2.20815300 -6.43952600 -18.82125500
v -1.97127600 -6.43952600 -18.82125500
v -1.97127600 -6.19657700 -19.56832500
v -2.20815300 -6.19657700 -19.56832500
v -1.97127600 -5.97792200 -19.56832500
v -2.20815300 -5.97792200 -19.56832500
v -2.35999600 -5.97792200 -19.56832500
v -2.35999600 -6.19657700 -19.56832500
v -2.35999600 -6.43952700 -19.56832500
v -2.20815300 -6.43952700 -19.56832500
v -1.97127600 -6.43952700 -19.56832500
v -0.62290500 -4.09506000 -18.82125500
v -0.62290500 -5.12152400 -18.82125500
v -0.62290500 -4.09506000 -19.24034300
v -0.62290500 -5.12152500 -19.24034300
v -1.97127600 -7.63605500 -18.82125500
v -1.97127600 -6.43952600 -18.82125500
v -1.97127600 -7.63605500 -19.24034300
v -1.97127600 -6.43952700 -19.24034300
v -0.62290500 -7.63605500 -19.24034300
v -0.62290500 -6.43952700 -19.24034300
v -0.62290500 -7.63605500 -18.82125500
v -0.62290500 -6.43952600 -18.82125500
v -1.97127600 -4.10113200 -18.82125500
v -0.62290500 -4.09506000 -18.82125500
v -1.97127600 -4.10113300 -19.24034300
v -0.62290500 -4.09506000 -19.24034300
v -0.62290500 -7.63605500 -18.82125500
v -0.62290500 -6.43952600 -18.82125500
v -1.97127600 -7.63605500 -18.82125500
v -1.97127600 -6.43952600 -18.82125500
v -1.97127600 -6.19657700 -18.82125500
v -2.20815300 -6.43952600 -18.82125500
v -2.20815300 -6.19657700 -18.82125500
v -2.20815300 -5.97792100 -18.82125500
v -1.97127600 -5.97792100 -18.82125500
v -1.97127600 -4.10113200 -18.82125500
v -1.97127600 -5.12759600 -18.82125500
v -0.62290500 -4.09506000 -18.82125500
v -0.62290500 -5.12152400 -18.82125500
v -0.62290500 -5.77748800 -18.82125500
v -1.97127600 -5.77748800 -18.82125500
v -0.62290500 -6.11762000 -18.82125500
v -0.62290500 -6.26946200 -18.82125500
v -1.97127600 -7.63605500 -19.24034300
v -0.62290500 -7.63605500 -19.24034300
v -1.97127600 -7.63605500 -18.82125500
v -0.62290500 -7.63605500 -18.82125500
v -0.62290500 -4.09506000 -19.24034300
v -0.62290500 -5.12152500 -19.24034300
v -1.97127600 -4.10113300 -19.24034300
v -1.97127600 -5.12759700 -19.24034300
v -1.97127600 -5.77748800 -19.24034300
v -0.62290500 -5.77748800 -19.24034300
v -1.97127600 -5.97792200 -19.24034300
v -0.62290500 -6.11762000 -19.24034300
v -1.97127600 -6.19657700 -19.24034300
v -0.62290500 -6.26946200 -19.24034300
v -1.97127600 -6.43952700 -19.24034300
v -1.97127600 -7.63605500 -19.24034300
v -0.62290500 -7.63605500 -19.24034300
v -0.62290500 -6.43952700 -19.24034300
v -1.97127600 -4.10113300 -19.24034300
v -1.97127600 -5.12759700 -19.24034300
v -1.97127600 -4.10113200 -18.82125500
v -1.97127600 -5.12759600 -18.82125500
v -1.97127600 -5.77748800 -18.82125500
v -1.97127600 -5.77748800 -19.24034300
v -1.97127600 -5.97792100 -18.82125500
v -1.97127600 -5.97792200 -19.24034300
v -2.20815300 -5.97792100 -18.82125500
v -2.20815300 -5.97792200 -19.24034300
v -2.20815300 -6.19657700 -18.82125500
v -2.20815300 -6.19657700 -19.24034300
v -2.20815300 -6.43952600 -18.82125500
v -2.20815300 -6.43952700 -19.24034300
v 0.88338700 -8.68681400 -31.50931900
v 0.88338800 -8.68681400 -33.47721500
v 0.88338700 -9.05731500 -31.50931900
v 0.88338800 -9.05731500 -33.47721500
v 1.20529700 -9.05731500 -31.50931900
v 1.20529700 -9.05731500 -33.47721500
v 1.20529700 -8.68681400 -31.50931900
v 1.20529700 -8.68681400 -33.47721500
v 0.88338700 -9.05731500 -31.50931900
v 0.88338800 -9.05731500 -33.47721500
v 1.04737700 -9.05731500 -31.50931900
v 1.04737700 -9.05731500 -33.47721500
v 1.20529700 -9.05731500 -31.50931900
v 1.20529700 -9.05731500 -33.47721500
v 1.20529800 -36.43170900 -31.50931500
v 1.20529800 -36.43170900 -33.47721100
v 1.20529800 -36.74147000 -31.50931500
v 1.20529800 -36.74147000 -33.47721100
v 1.20529800 -36.74147000 -28.21734200
v 1.20529800 -36.74147000 -29.86332900
v 1.41787600 -36.74147000 -28.21734200
v 1.41787600 -36.74147000 -29.86332900
v 1.20529800 -36.74147000 -31.50931500
v 1.41787600 -36.74147000 -31.50931500
v 1.20529800 -36.74147000 -33.47721100
v 1.41787600 -36.74147000 -33.47721100
v 1.41787600 -36.74147000 -35.12319900
v 1.20529900 -36.74147000 -36.76918400
v 1.41787700 -36.74147000 -36.76918400
v 1.20529800 -36.74147000 -35.12319900
v 1.41787600 -36.43170900 -28.21734200
v 1.20529800 -36.43170900 -28.21734200
v 1.41787600 -36.74147000 -28.21734200
v 1.20529800 -36.74147000 -28.21734200
v 1.41787700 -36.43170900 -36.76918400
v 1.20529900 -36.43170900 -36.76918400
v 1.41787600 -36.43170900 -35.12319900
v 1.20529800 -36.43170900 -35.12319900
v 1.41787600 -36.43170900 -33.47721100
v 1.41787600 -36.43170900 -28.21734200
v 1.41787600 -36.43170900 -29.86332900
v 1.20529800 -36.43170900 -28.21734200
v 1.20529800 -36.43170900 -29.86332900
v 1.41787600 -36.43170900 -31.50931500
v 1.20529800 -36.43170900 -31.50931500
v 1.20529800 -36.43170900 -33.47721100
v 1.20529700 -9.05731500 -36.76918800
v 1.20529700 -8.68681400 -36.76918800
v 1.20529700 -9.05731500 -35.12320300
v 1.20529700 -8.68681400 -33.47721500
v 1.20529700 -9.05731500 -33.47721500
v 1.20529700 -8.68681400 -35.12320300
v 0.88338800 -9.05731500 -36.76918800
v 0.88338800 -8.68681400 -36.76918800
v 1.04737700 -9.05731500 -36.76918800
v 1.20529700 -8.68681400 -36.76918800
v 1.20529700 -9.05731500 -36.76918800
v 1.04737700 -8.68681400 -36.76918800
v 0.88338800 -9.05731500 -33.47721500
v 0.88338800 -8.68681400 -33.47721500
v 0.88338800 -9.05731500 -35.12320300
v 0.88338800 -8.68681400 -36.76918800
v 0.88338800 -9.05731500 -36.76918800
v 0.88338800 -8.68681400 -35.12320300
v 0.88338900 -36.74147000 -33.47721100
v 0.88338900 -36.43170900 -33.47721100
v 0.88338900 -36.74147000 -35.12319900
v 0.88338900 -36.43170900 -36.76918400
v 0.88338900 -36.74147000 -36.76918400
v 0.88338900 -36.43170900 -35.12319900
v 1.41787700 -36.74147000 -36.76918400
v 1.41787700 -36.43170900 -36.76918400
v 1.41787600 -36.74147000 -35.12319900
v 1.41787600 -36.43170900 -35.12319900
v 1.41787600 -36.74147000 -33.47721100
v 1.41787600 -36.74147000 -28.21734200
v 1.41787600 -36.74147000 -29.86332900
v 1.41787600 -36.43170900 -28.21734200
v 1.41787600 -36.43170900 -29.86332900
v 1.41787600 -36.74147000 -31.50931500
v 1.41787600 -36.43170900 -31.50931500
v 1.41787600 -36.43170900 -33.47721100
v 0.88338800 -8.68681400 -33.47721500
v 1.04737700 -8.68681400 -35.12320300
v 0.88338800 -8.68681400 -35.12320300
v 0.88338800 -8.68681400 -36.76918800
v 1.04737700 -8.68681400 -36.76918800
v 1.20529700 -8.68681400 -36.76918800
v 1.20529700 -8.68681400 -35.12320300
v 1.20529700 -8.68681400 -31.50931900
v 1.20529700 -8.68681400 -33.47721500
v 1.04737700 -8.68681400 -31.50931900
v 1.04737700 -8.68681400 -33.47721500
v 0.88338900 -36.43170900 -33.47721100
v 0.88338900 -36.74147000 -33.47721100
v 1.04737800 -36.43170900 -33.47721100
v 1.20529800 -36.74147000 -33.47721100
v 1.20529800 -36.43170900 -33.47721100
v 1.04737800 -36.74147000 -33.47721100
v 0.88338900 -36.74147000 -36.76918400
v 1.04737900 -36.74147000 -35.12319900
v 0.88338900 -36.74147000 -35.12319900
v 0.88338900 -36.74147000 -33.47721100
v 1.04737800 -36.74147000 -33.47721100
v 1.20529800 -36.74147000 -33.47721100
v 1.20529800 -36.74147000 -35.12319900
v 1.20529900 -36.74147000 -36.76918400
v 1.04737900 -36.74147000 -36.76918400
v 0.88338900 -36.74147000 -36.76918400
v 0.88338900 -36.43170900 -36.76918400
v 1.04737900 -36.74147000 -36.76918400
v 1.41787700 -36.74147000 -36.76918400
v 1.20529900 -36.74147000 -36.76918400
v 1.41787700 -36.43170900 -36.76918400
v 1.20529900 -36.43170900 -36.76918400
v 1.04737900 -36.43170900 -36.76918400
v 1.20529700 -9.05731500 -31.50931900
v 1.20529700 -8.68681400 -31.50931900
v 1.20529700 -9.05731500 -29.86333300
v 1.20529700 -8.68681400 -28.21734600
v 1.20529700 -9.05731500 -28.21734600
v 1.20529700 -8.68681400 -29.86333300
v 0.88338700 -9.05731500 -28.21734600
v 0.88338700 -8.68681400 -28.21734600
v 0.88338700 -9.05731500 -29.86333300
v 0.88338700 -8.68681400 -31.50931900
v 0.88338700 -9.05731500 -31.50931900
v 0.88338700 -8.68681400 -29.86333300
v 0.88338700 -8.68681400 -28.21734600
v 0.88338700 -9.05731500 -28.21734600
v 1.04737700 -8.68681400 -28.21734600
v 1.04737700 -9.05731500 -28.21734600
v 1.20529700 -8.68681400 -28.21734600
v 1.20529700 -9.05731500 -28.21734600
v 0.88338800 -36.74147000 -28.21734200
v 0.88338800 -36.43170900 -28.21734200
v 0.88338800 -36.74147000 -29.86332900
v 0.88338900 -36.43170900 -31.50931500
v 0.88338900 -36.74147000 -31.50931500
v 0.88338800 -36.43170900 -29.86332900
v 0.88338700 -8.68681400 -28.21734600
v 1.04737700 -8.68681400 -29.86333300
v 0.88338700 -8.68681400 -29.86333300
v 0.88338700 -8.68681400 -31.50931900
v 1.04737700 -8.68681400 -31.50931900
v 1.20529700 -8.68681400 -31.50931900
v 1.20529700 -8.68681400 -29.86333300
v 1.20529700 -8.68681400 -28.21734600
v 1.04737700 -8.68681400 -28.21734600
v 0.88338800 -36.43170900 -28.21734200
v 0.88338800 -36.74147000 -28.21734200
v 1.04737800 -36.43170900 -28.21734200
v 1.20529800 -36.74147000 -28.21734200
v 1.20529800 -36.43170900 -28.21734200
v 1.04737800 -36.74147000 -28.21734200
v 0.88338900 -36.74147000 -31.50931500
v 1.04737800 -36.74147000 -29.86332900
v 0.88338800 -36.74147000 -29.86332900
v 0.88338800 -36.74147000 -28.21734200
v 1.04737800 -36.74147000 -28.21734200
v 1.20529800 -36.74147000 -28.21734200
v 1.20529800 -36.74147000 -29.86332900
v 1.20529800 -36.74147000 -31.50931500
v 1.04737800 -36.74147000 -31.50931500
v 0.88338900 -36.74147000 -31.50931500
v 0.88338900 -36.43170900 -31.50931500
v 1.04737800 -36.74147000 -31.50931500
v 1.20529800 -36.43170900 -31.50931500
v 1.20529800 -36.74147000 -31.50931500
v 1.04737800 -36.43170900 -31.50931500
v 2.55366700 -7.09549200 -13.77396800
v 2.55366700 -7.09549200 -13.59175600
v 3.62872200 -7.09549200 -13.77396800
v 3.62872200 -7.09549200 -13.58568100
v 3.62872200 -7.09549200 -13.40954200
v 2.55366700 -7.09549200 -13.40954200
v 1.75193300 -7.09549200 -13.40954200
v 1.75193300 -7.09549200 -13.59175600
v 1.75193300 -7.09549200 -13.77396800
v 1.35714100 -7.09549200 -14.26594200
v 1.75193300 -7.09549200 -14.26594200
v 2.55366700 -7.09549200 -14.26594200
v 3.62872200 -7.09549200 -14.26594200
v 4.66733300 -7.09549200 -14.26594200
v 4.66733300 -7.09549200 -13.77396800
v 4.66733300 -7.09549200 -13.58568100
v 4.66733300 -7.09549200 -13.40954200
v 4.66733300 -7.09549200 -12.91756800
v 3.62872100 -7.09549200 -12.91756800
v 2.55366700 -7.09549200 -12.91756800
v 1.75193300 -7.09549200 -12.91756800
v 1.35714100 -7.09549200 -12.91756800
v 1.35714100 -7.09549200 -13.40954200
v 1.35714100 -7.09549200 -13.59175600
v 1.35714100 -7.09549200 -13.77396800
v -0.37388300 -7.09549200 -13.59175600
v -1.15739500 -7.09549200 -13.59175600
v -0.37388300 -7.09549200 -13.40954200
v -1.15739500 -7.09549200 -13.40954200
v -2.22030100 -7.09549200 -13.40954200
v -2.22030100 -7.09549200 -13.59175600
v -2.22030100 -7.09549200 -13.77396800
v -1.15739500 -7.09549200 -13.77396800
v -0.37388300 -7.09549200 -13.77396800
v 0.03913300 -7.09549200 -13.77396800
v 0.03913300 -7.09549200 -13.59175600
v 0.03913300 -7.09549200 -13.40954200
v 0.03913300 -7.09549200 -12.91756800
v -0.37388300 -7.09549200 -12.91756800
v -1.15739500 -7.09549200 -12.91756800
v -2.22030100 -7.09549200 -12.91756800
v -3.27713400 -7.09549200 -12.91756800
v -3.27713400 -7.09549200 -13.40954200
v -3.27713400 -7.09549200 -13.59175600
v -3.27713400 -7.09549200 -13.77396800
v -3.27713400 -7.09549200 -14.26594200
v -2.22030100 -7.09549200 -14.26594200
v -1.15739500 -7.09549200 -14.26594200
v -0.37388300 -7.09549200 -14.26594200
v 0.03913300 -7.09549200 -14.26594200
v 4.66733300 -7.19874700 -14.26594200
v 4.66733300 -7.09549200 -14.26594200
v 4.66733300 -7.19874700 -13.70715700
v 4.66733300 -7.19874600 -12.91756800
v 4.66733300 -7.19874600 -13.40954200
v 4.66733300 -7.09549200 -12.91756800
v 4.66733300 -7.09549200 -13.40954200
v 4.66733300 -7.09549200 -13.58568100
v 4.66733300 -7.09549200 -13.77396800
v -3.27713400 -7.19874600 -12.91756800
v -3.27713400 -7.09549200 -12.91756800
v -3.27713400 -7.19874600 -13.50672300
v -3.27713400 -7.09549200 -13.40954200
v -3.27713400 -7.19874600 -13.59175600
v -3.27713400 -7.09549200 -13.59175600
v -3.27713400 -7.19874700 -13.65856600
v -3.27713400 -7.09549200 -13.77396800
v -3.27713400 -7.19874700 -14.26594200
v -3.27713400 -7.09549200 -14.26594200
v 4.66733300 -7.09549200 -12.91756800
v 3.62872100 -7.09549200 -12.91756800
v 4.66733300 -7.19874600 -12.91756800
v 3.62872100 -7.19874600 -12.91756800
v 2.55366700 -7.09549200 -12.91756800
v 2.55366700 -7.19874600 -12.91756800
v 1.75193300 -7.09549200 -12.91756800
v 1.75193300 -7.19874600 -12.91756800
v 1.35714100 -7.09549200 -12.91756800
v 1.35714100 -7.19874600 -12.91756800
v 0.69509700 -7.19874600 -12.91756800
v 0.69509700 -7.09549200 -12.91756800
v 0.03913300 -7.19874600 -12.91756800
v -3.27713400 -7.19874600 -12.91756800
v -2.22030100 -7.19874600 -12.91756800
v -3.27713400 -7.09549200 -12.91756800
v -2.22030100 -7.09549200 -12.91756800
v -1.15739500 -7.19874600 -12.91756800
v -1.15739500 -7.09549200 -12.91756800
v -0.37388300 -7.19874600 -12.91756800
v -0.37388300 -7.09549200 -12.91756800
v 0.03913300 -7.09549200 -12.91756800
v -3.27713400 -7.09549200 -14.26594200
v -2.22030100 -7.09549200 -14.26594200
v -3.27713400 -7.19874700 -14.26594200
v -2.22030100 -7.19874700 -14.26594200
v -1.15739500 -7.09549200 -14.26594200
v -1.15739500 -7.19874700 -14.26594200
v -0.37388300 -7.09549200 -14.26594200
v -0.37388300 -7.19874700 -14.26594200
v 0.03913300 -7.09549200 -14.26594200
v 0.03913300 -7.19874700 -14.26594200
v 0.69509700 -7.19874700 -14.26594200
v 4.66733300 -7.19874700 -14.26594200
v 3.62872200 -7.19874700 -14.26594200
v 4.66733300 -7.09549200 -14.26594200
v 3.62872200 -7.09549200 -14.26594200
v 2.55366700 -7.19874700 -14.26594200
v 2.55366700 -7.09549200 -14.26594200
v 1.75193300 -7.19874700 -14.26594200
v 1.75193300 -7.09549200 -14.26594200
v 1.35714100 -7.19874700 -14.26594200
v 1.35714100 -7.09549200 -14.26594200
v 0.69509700 -7.09549200 -14.26594200
v 1.75193300 -7.19874700 -13.65856600
v 1.75193300 -7.19874700 -13.77396800
v 1.75193300 -7.19874600 -13.59175600
v -0.37388300 -7.19874600 -13.50672300
v -0.37388300 -7.19874600 -13.40954200
v -0.37388300 -7.19874600 -13.59175600
v -0.37388300 -7.19874700 -13.77396800
v -0.37388300 -7.19874700 -13.65856600
v 0.69509700 -7.19874700 -13.65856600
v 0.03913300 -7.19874700 -14.26594200
v -0.37388300 -7.19874700 -14.26594200
v -3.27713400 -7.19874700 -14.26594200
v -2.22030100 -7.19874700 -14.26594200
v -3.27713400 -7.19874700 -13.65856600
v -2.22030100 -7.19874700 -13.65856600
v -1.15739500 -7.19874700 -14.26594200
v -1.16346800 -7.19874700 -13.65856600
v -1.15739500 -7.19874600 -13.59175600
v -1.16346800 -7.19874600 -13.50672300
v -3.27713400 -7.19874600 -12.91756800
v -3.27713400 -7.19874600 -13.50672300
v -2.22030100 -7.19874600 -12.91756800
v -2.22030100 -7.19874600 -13.50672300
v -1.15739500 -7.19874600 -12.91756800
v -0.37388300 -7.19874600 -12.91756800
v 0.03913300 -7.19874600 -12.91756800
v 0.69509700 -7.19874600 -12.91756800
v 0.69509700 -7.19874600 -13.50672300
v 1.35714100 -7.19874600 -12.91756800
v 1.75193300 -7.19874600 -13.50672300
v 4.66733300 -7.19874600 -12.91756800
v 3.62872100 -7.19874600 -12.91756800
v 4.66733300 -7.19874600 -13.40954200
v 3.62872200 -7.19874600 -13.40954200
v 2.55366700 -7.19874600 -12.91756800
v 2.55366700 -7.19874600 -13.59175600
v 1.75193300 -7.19874600 -12.91756800
v 1.75193300 -7.19874600 -13.40954200
v 2.55366700 -7.19874600 -13.59175600
v 4.66733300 -7.19874700 -13.70715700
v 3.62872200 -7.19874700 -13.77396800
v 4.66733300 -7.19874700 -14.26594200
v 3.62872200 -7.19874700 -14.26594200
v 2.55366700 -7.19874700 -14.26594200
v 1.75193300 -7.19874700 -14.26594200
v 1.35714100 -7.19874700 -14.26594200
v 0.69509700 -7.19874700 -14.26594200
v 0.88338700 -8.68681400 -31.50931900
v 0.69509800 -8.41349600 -32.14706400
v 0.88338800 -8.68681400 -33.47721500
v 0.69509900 -8.41349600 -32.74836300
v 0.69509800 -7.09549400 -32.14706400
v 0.69509800 -7.09549400 -32.74836300
v 1.04737700 -8.68681400 -31.50931900
v 1.35714200 -8.41349600 -32.14706400
v 0.88338700 -8.68681400 -31.50931900
v 0.69509800 -8.41349600 -32.14706400
v 1.35714200 -7.09549400 -32.14706400
v 0.69509800 -7.09549400 -32.14706400
v 1.04737700 -8.68681400 -33.47721500
v 1.35714200 -8.41349600 -32.74836300
v 1.04737700 -8.68681400 -31.50931900
v 1.35714200 -8.41349600 -32.14706400
v 1.35714200 -7.09549400 -32.74836300
v 1.35714200 -7.09549400 -32.14706400
v 0.88338800 -8.68681400 -33.47721500
v 0.69509900 -8.41349600 -32.74836300
v 1.04737700 -8.68681400 -33.47721500
v 1.35714200 -8.41349600 -32.74836300
v 0.69509800 -7.09549400 -32.74836300
v 1.35714200 -7.09549400 -32.74836300
v 0.88338800 -8.73540700 -44.48892200
v 0.69509900 -8.41349700 -45.02341500
v 0.88338800 -8.73540700 -46.45681800
v 0.69509900 -8.41349700 -45.58827200
v 0.69509900 -7.09549500 -45.02341500
v 0.69509900 -7.09549500 -45.58827200
v 1.04737800 -8.73540700 -44.48892200
v 1.35714300 -8.41349700 -45.02341500
v 0.88338800 -8.73540700 -44.48892200
v 0.69509900 -8.41349700 -45.02341500
v 1.35714300 -7.09549500 -45.02341500
v 0.69509900 -7.09549500 -45.02341500
v 1.04737800 -8.73540700 -46.45681800
v 1.35714300 -8.41349700 -45.58827200
v 1.04737800 -8.73540700 -44.48892200
v 1.35714300 -8.41349700 -45.02341500
v 1.35714300 -7.09549500 -45.58827200
v 1.35714300 -7.09549500 -45.02341500
v 0.88338700 -2.83779500 -33.35574000
v 0.69509800 -3.03215300 -32.74836300
v 0.88338700 -2.83779500 -31.39391900
v 0.69509800 -3.03215300 -32.14706400
v 0.69509800 -4.46555900 -32.74836300
v 0.69509800 -4.46555900 -32.14706400
v 1.04737700 -2.83779500 -33.35574000
v 1.35714200 -3.03215300 -32.74836300
v 0.88338700 -2.83779500 -33.35574000
v 0.69509800 -3.03215300 -32.74836300
v 1.35714200 -4.46555900 -32.74836300
v 0.69509800 -4.46555900 -32.74836300
v 1.04737700 -2.83779500 -31.39391900
v 1.35714200 -3.03215300 -32.14706400
v 1.04737700 -2.83779500 -33.35574000
v 1.35714200 -3.03215300 -32.74836300
v 1.35714200 -4.46555900 -32.14706400
v 1.35714200 -4.46555900 -32.74836300
v 0.88338700 -2.83779500 -31.39391900
v 0.69509800 -3.03215300 -32.14706400
v 1.04737700 -2.83779500 -31.39391900
v 1.35714200 -3.03215300 -32.14706400
v 0.69509800 -4.46555900 -32.14706400
v 1.35714200 -4.46555900 -32.14706400
v 0.88338800 -2.83779600 -46.33534200
v 0.69509900 -3.03215500 -45.58827200
v 0.88338800 -2.83779600 -44.37352000
v 0.69509900 -3.03215500 -45.02341500
v 0.69509900 -4.46556000 -45.58827200
v 0.69509900 -4.46556000 -45.02341500
v 1.04737800 -2.83779600 -44.37352000
v 1.35714300 -3.03215500 -45.02341500
v 1.04737800 -2.83779600 -46.33534200
v 1.35714300 -3.03215500 -45.58827200
v 1.35714300 -4.46556000 -45.02341500
v 1.35714300 -4.46556000 -45.58827200
v 0.88338800 -2.83779600 -44.37352000
v 0.69509900 -3.03215500 -45.02341500
v 1.04737800 -2.83779600 -44.37352000
v 1.35714300 -3.03215500 -45.02341500
v 0.69509900 -4.46556000 -45.02341500
v 1.35714300 -4.46556000 -45.02341500
v -0.62290800 -6.11761600 29.12492900
v -0.62290900 -6.11761500 32.15573100
v -0.62290800 -5.77748400 29.12492900
v -0.62290900 -5.77748300 32.15573100
v -0.62290900 -5.77748300 32.75703000
v -0.62290900 -6.11761500 32.75703000
v -0.62290900 -5.77748300 41.86158000
v -0.62290900 -6.11761400 41.86158000
v -0.62290900 -6.26945600 41.86158000
v -0.62290900 -6.26945700 32.75703000
v -0.62290900 -6.26945700 32.15573100
v -0.62290800 -6.26945800 29.12492900
v -0.62290800 -6.26945800 28.69369300
v -0.62290800 -6.11761600 28.69369300
v -0.62290800 -5.77748400 28.69369300
v -0.62290800 -5.12152100 28.69369300
v -0.62290800 -5.12152100 29.12492900
v -0.62290900 -5.12152000 32.15573100
v -0.62290900 -5.12152000 32.75703000
v -0.62290900 -5.12151900 41.86158000
v -0.62291000 -5.12151900 45.03207800
v -0.62291000 -5.77748300 45.03207800
v -0.62291000 -6.11761400 45.03207800
v -0.62291000 -6.26945600 45.03207800
v -0.62291000 -6.43952100 45.03207800
v -0.62290900 -6.43952100 41.86158000
v -0.62290900 -6.43952200 32.75703000
v -0.62290900 -6.43952200 32.15573100
v -0.62290800 -6.43952200 29.12492900
v -0.62290800 -6.43952200 28.69369300
v -0.62290800 -6.43952300 19.24901000
v -0.62290800 -6.26945800 19.24901000
v -0.62290800 -6.11761600 19.24901000
v -0.62290800 -5.77748400 19.24901000
v -0.62290800 -5.12152100 19.24901000
v -0.62290700 -5.77748500 13.60042600
v -0.62290700 -6.11761700 13.60042600
v -0.62290700 -5.77748500 13.78264000
v -0.62290700 -6.11761700 13.78264000
v -0.62290700 -5.77748500 14.27461300
v -0.62290700 -6.11761700 14.27461300
v -0.62290700 -6.26945900 14.27461300
v -0.62290700 -6.26945900 13.78264000
v -0.62290700 -6.26945900 13.60042600
v -0.62290700 -6.26945900 13.41821100
v -0.62290700 -6.11761700 13.41821100
v -0.62290700 -5.77748500 13.41821100
v -0.62290700 -5.12152200 13.41821000
v -0.62290700 -5.12152200 13.60042500
v -0.62290700 -5.12152100 13.78263900
v -0.62290700 -5.12152100 14.27461200
v -0.62290800 -5.12152100 18.82992400
v -0.62290800 -5.77748500 18.82992400
v -0.62290800 -6.11761700 18.82992400
v -0.62290800 -6.26945900 18.82992400
v -0.62290800 -6.43952300 18.82992400
v -0.62290700 -6.43952300 14.27461300
v -0.62290700 -6.43952300 13.78264000
v -0.62290700 -6.43952400 13.60042600
v -0.62290700 -6.43952400 13.41821100
v -0.62290700 -6.43952400 12.92623700
v -0.62290700 -6.26945900 12.92623700
v -0.62290700 -6.11761700 12.92623700
v -0.62290700 -5.77748500 12.92623700
v -0.62290700 -5.12152200 12.92623600
v -0.62290500 -5.77748700 -13.59175600
v -0.62290500 -5.77748800 -13.77396800
v -0.62290500 -6.11761900 -13.59175600
v -0.62290500 -6.11762000 -13.77396800
v -0.62290500 -6.26946100 -13.40954200
v -0.62290500 -6.26946100 -13.59175600
v -0.62290500 -6.26946200 -13.77396800
v -0.62290500 -6.26946200 -14.26594200
v -0.62290500 -6.11762000 -14.26594200
v -0.62290500 -5.77748800 -14.26594200
v -0.62290500 -5.12152400 -14.26594300
v -0.62290500 -5.12152400 -13.77396900
v -0.62290500 -5.12152400 -13.59175700
v -0.62290500 -5.12152400 -12.91756900
v -0.62290500 -5.12152400 -13.40954300
v -0.62290500 -5.77748700 -12.91756800
v -0.62290500 -5.77748700 -13.40954200
v -0.62290500 -6.11761900 -13.40954200
v -0.62290500 -6.26946100 -12.91756800
v -0.62290500 -6.43952600 -12.91756800
v -0.62290500 -6.43952600 -13.40954200
v -0.62290500 -6.43952600 -13.59175600
v -0.62290500 -6.43952600 -13.77396800
v -0.62290500 -6.43952600 -14.26594200
v -0.62290500 -6.43952600 -18.82125500
v -0.62290500 -6.26946200 -18.82125500
v -0.62290500 -6.11762000 -18.82125500
v -0.62290500 -5.77748800 -18.82125500
v -0.62290500 -5.12152400 -18.82125500
v -0.62290300 -6.11762200 -41.85291700
v -0.62290400 -6.11762100 -32.74836300
v -0.62290300 -5.77749000 -41.85291700
v -0.62290400 -5.77748900 -32.74836300
v -0.62290400 -6.11762100 -32.14706400
v -0.62290400 -5.77748900 -32.14706400
v -0.62290400 -5.77748900 -29.11626200
v -0.62290400 -6.11762000 -29.11626200
v -0.62290400 -5.77748900 -28.68502600
v -0.62290400 -6.11762000 -28.68502600
v -0.62290400 -6.26946300 -28.68502600
v -0.62290400 -6.26946300 -29.11626200
v -0.62290400 -6.26946300 -32.14706400
v -0.62290400 -6.26946300 -32.74836300
v -0.62290300 -6.26946400 -41.85291700
v -0.62290300 -6.26946400 -45.02341500
v -0.62290300 -6.11762200 -45.02341500
v -0.62290300 -5.77749000 -45.02341500
v -0.62290300 -5.12152700 -45.02341500
v -0.62290300 -5.12152700 -41.85291700
v -0.62290400 -5.12152600 -32.74836300
v -0.62290400 -5.12152600 -32.14706400
v -0.62290400 -5.12152500 -29.11626200
v -0.62290400 -5.12152500 -28.68502600
v -0.62290500 -5.12152500 -19.24034300
v -0.62290500 -5.77748800 -19.24034300
v -0.62290500 -6.11762000 -19.24034300
v -0.62290500 -6.26946200 -19.24034300
v -0.62290500 -6.43952700 -19.24034300
v -0.62290400 -6.43952700 -28.68502600
v -0.62290400 -6.43952700 -29.11626200
v -0.62290400 -6.43952800 -32.14706400
v -0.62290400 -6.43952800 -32.74836300
v -0.62290300 -6.43952800 -41.85291700
v -0.62290300 -6.43952800 -45.02341500
v -0.62290300 -7.09549500 -45.58827200
v -0.62290300 -6.43952800 -45.58827200
v -0.62290300 -6.26946400 -45.58827200
v -0.62290300 -6.11762200 -45.58827200
v -0.62290300 -5.77749000 -45.58827200
v -0.62290300 -5.12152700 -45.58827200
v -0.62290300 -4.46556000 -45.58827200
v -0.62290300 -4.46556000 -45.02341500
v -0.62290300 -4.46556000 -41.85291700
v -0.62290400 -4.46555900 -32.74836300
v -0.62290400 -4.46555900 -32.14706400
v -0.62290400 -4.46555900 -29.11626200
v -0.33743800 -4.71458300 -28.68502600
v -0.33743900 -4.71458300 -19.47722100
v -0.33743900 -4.71458200 -18.58437900
v -0.33743900 -4.71458200 -14.26594300
v -0.33744000 -4.71458200 -13.77396900
v -0.33744000 -4.71458200 -13.59175700
v -0.33744000 -4.71458200 -13.40954300
v -0.33744000 -4.71458200 -12.91756900
v -0.62290600 -5.12152300 0.76659200
v -0.33744100 -4.71458100 0.76659200
v -0.33744200 -4.71458000 12.92623600
v -0.33744200 -4.71458000 13.41821000
v -0.33744200 -4.71458000 13.60042500
v -0.33744200 -4.71458000 13.78263900
v -0.33744200 -4.71458000 14.27461200
v -0.33744200 -4.71458000 18.59304600
v -0.33744200 -4.71457900 19.48588800
v -0.33744300 -4.71457900 28.69369300
v -0.62290800 -4.46555400 29.12492900
v -0.62290900 -4.46555400 32.15573100
v -0.62290900 -4.46555400 32.75703000
v -0.62290900 -4.46555300 41.86158000
v -0.62291000 -4.46555300 45.03207800
v -0.62291000 -4.46555300 45.59693900
v -0.62291000 -5.12151900 45.59693900
v -0.62291000 -5.77748300 45.59693900
v -0.62291000 -6.11761400 45.59693900
v -0.62291000 -6.26945600 45.59693900
v -0.62291000 -6.43952100 45.59693900
v -0.62291000 -7.09548700 45.59693900
v -0.62291000 -7.09548700 45.03207800
v -0.62290900 -7.09548700 41.86158000
v -0.62290900 -7.09548800 32.75703000
v -0.62290900 -7.09548800 32.15573100
v -0.62290800 -7.09548900 29.12492900
v -0.33744300 -6.84646400 28.69369300
v -0.33744200 -6.84646500 19.48588800
v -0.33744200 -6.84646500 18.59304600
v -0.33744200 -6.84646500 14.27461300
v -0.33744200 -6.84646500 13.78264000
v -0.33744100 -6.84646600 13.60042600
v -0.33744100 -6.84646600 13.41821100
v -0.33744100 -6.84646600 12.92623700
v -0.33744100 -6.84646700 0.76659200
v -0.62290600 -6.27553500 0.76659200
v -0.62290600 -5.77748600 0.76659200
v -0.62290600 -6.27553500 0.76659200
v -0.62290500 -6.11761900 -12.91756800
v -0.62290600 -6.27553500 0.76659200
v -0.33744100 -6.84646700 0.76659200
v -0.33743900 -6.84646700 -12.91756800
v -0.33743900 -6.84646700 -13.40954200
v -0.33743900 -6.84646700 -13.59175600
v -0.33743900 -6.84646800 -13.77396800
v -0.33743900 -6.84646800 -14.26594200
v -0.33743900 -6.84646800 -18.58437900
v -0.33743900 -6.84646800 -19.47722100
v -0.33743800 -6.84646900 -28.68502600
v -0.62290400 -7.09549300 -29.11626200
v -0.62290400 -7.09549400 -32.14706400
v -0.62290400 -7.09549400 -32.74836300
v -0.62290300 -7.09549500 -41.85291700
v -0.62290300 -7.09549500 -45.02341500
v 2.01310200 -6.11761700 12.92623700
v 2.01310200 -6.11761700 13.41821100
v 2.01310200 -6.26945900 12.92623700
v 2.01310200 -6.26945900 13.41821100
v 2.01310200 -6.11761700 13.60042600
v 2.01310200 -6.26945900 13.60042600
v 2.01310200 -6.11761700 13.78264000
v 2.01310200 -6.26945900 13.78264000
v 2.01310200 -6.11761700 14.27461300
v 2.01310200 -6.26945900 14.27461300
v 2.01310200 -6.11761700 18.59304600
v 2.01310200 -6.26945900 18.59304600
v 2.01310200 -6.11761600 19.48588800
v 2.01310200 -6.26945800 19.48588800
v 2.01310100 -6.11761600 28.69369300
v 2.01310100 -6.26945800 28.69369300
v 2.01310100 -6.26945800 29.12492900
v 2.01310000 -6.26945600 41.86158000
v 2.01310100 -6.26945700 32.75703000
v 2.01310100 -6.11761500 32.75703000
v 2.01310100 -6.26945700 32.15573100
v 2.01310100 -5.77748300 32.15573100
v 2.01310100 -5.77748300 32.75703000
v 2.01310100 -6.11761500 32.15573100
v 2.01310100 -6.11761600 29.12492900
v 2.01310100 -5.77748400 29.12492900
v 2.01310100 -5.77748400 28.69369300
v 2.01310200 -5.77748400 19.48588800
v 2.01310200 -5.77748500 18.59304600
v 2.01310200 -5.77748500 14.27461300
v 2.01310200 -5.77748500 13.78264000
v 2.01310200 -5.77748500 13.60042600
v 2.01310200 -5.77748500 13.41821100
v 2.01310200 -5.77748500 12.92623700
v 2.01310500 -6.26946300 -29.11626200
v 2.01310500 -6.11762000 -28.68502600
v 2.01310500 -6.26946300 -28.68502600
v 2.01310400 -6.26946200 -19.47722100
v 2.01310400 -6.11762000 -19.47722100
v 2.01310400 -6.26946200 -18.58437900
v 2.01310400 -6.11762000 -18.58437900
v 2.01310400 -6.26946200 -14.26594200
v 2.01310400 -6.11762000 -14.26594200
v 2.01310400 -6.26946200 -13.77396800
v 2.01310400 -6.11762000 -13.77396800
v 2.01310400 -6.26946100 -13.59175600
v 2.01310400 -6.11761900 -13.59175600
v 2.01310400 -6.26946100 -13.40954200
v 2.01310400 -6.11761900 -13.40954200
v 2.01310400 -6.26946100 -12.91756800
v 2.01310400 -6.11761900 -12.91756800
v 2.01310400 -5.77748700 -12.91756800
v 2.01310400 -5.77748700 -13.40954200
v 2.01310400 -5.77748700 -13.59175600
v 2.01310400 -5.77748800 -13.77396800
v 2.01310400 -5.77748800 -14.26594200
v 2.01310400 -5.77748800 -18.58437900
v 2.01310400 -5.77748800 -19.47722100
v 2.01310500 -5.77748900 -28.68502600
v 2.01310500 -5.77748900 -29.11626200
v 2.01310500 -6.11762000 -29.11626200
v 2.01310500 -6.26946300 -32.14706400
v 2.01310500 -6.11762100 -32.14706400
v 2.01310500 -5.77748900 -32.14706400
v 2.01310500 -5.77748900 -32.74836300
v 2.01310500 -6.11762100 -32.74836300
v 2.01310600 -6.26946300 -32.74836300
v 2.01310600 -6.26946400 -41.85291700
v 2.01310600 -6.43952800 -41.85291700
v 2.01310600 -6.43952800 -32.74836300
v 2.01310500 -6.43952800 -32.14706400
v 2.01310500 -6.43952700 -29.11626200
v 2.01310500 -6.43952700 -28.68502600
v 2.01310400 -6.43952700 -19.47722100
v 2.01310400 -6.43952600 -18.58437900
v 2.01310400 -6.43952600 -14.26594200
v 2.01310400 -6.43952600 -13.77396800
v 2.01310400 -6.43952600 -13.59175600
v 2.01310400 -6.43952600 -13.40954200
v 2.01310400 -6.43952600 -12.91756800
v 2.01310300 -6.27553500 0.76659200
v 2.01310300 -5.77748600 0.76659200
v 2.01310200 -6.43952400 12.92623700
v 2.01310200 -6.43952400 13.41821100
v 2.01310200 -6.43952400 13.60042600
v 2.01310200 -6.43952300 13.78264000
v 2.01310200 -6.43952300 14.27461300
v 2.01310200 -6.43952300 18.59304600
v 2.01310200 -6.43952300 19.48588800
v 2.01310100 -6.43952200 28.69369300
v 2.01310100 -6.43952200 29.12492900
v 2.01310100 -6.43952200 32.15573100
v 2.01310100 -6.43952200 32.75703000
v 2.01310000 -6.43952100 41.86158000
v 2.01310000 -6.43952100 45.03207800
v 2.01310000 -6.26945600 45.03207800
v 2.01310000 -6.11761400 45.03207800
v 2.01310000 -6.11761400 41.86158000
v 2.01310000 -5.77748300 41.86158000
v 2.01310000 -5.12151900 45.03207800
v 2.01310000 -5.77748300 45.03207800
v 2.01310000 -5.12151900 41.86158000
v 2.01310100 -5.12152000 32.75703000
v 2.01310100 -5.12152000 32.15573100
v 2.01310100 -5.12152100 29.12492900
v 2.01310100 -5.12152100 28.69369300
v 2.01310200 -5.12152100 19.48588800
v 2.01310200 -5.12152100 18.59304600
v 2.01310200 -5.12152100 14.27461200
v 2.01310200 -5.12152100 13.78263900
v 2.01310200 -5.12152200 13.60042500
v 2.01310200 -5.12152200 13.41821000
v 2.01310200 -5.12152200 12.92623600
v 2.01310300 -5.12152300 0.76659200
v 2.01310400 -5.12152400 -12.91756900
v 2.01310400 -5.12152400 -13.40954300
v 2.01310400 -5.12152400 -13.59175700
v 2.01310400 -5.12152400 -13.77396900
v 2.01310400 -5.12152400 -14.26594300
v 2.01310400 -5.12152400 -18.58437900
v 2.01310400 -5.12152500 -19.47722100
v 2.01310500 -5.12152500 -28.68502600
v 2.01310500 -5.12152500 -29.11626200
v 2.01310500 -5.12152600 -32.14706400
v 2.01310500 -5.12152600 -32.74836300
v 2.01310600 -5.12152700 -45.02341500
v 2.01310600 -5.12152700 -41.85291700
v 2.01310600 -5.77749000 -45.02341500
v 2.01310600 -5.77749000 -41.85291700
v 2.01310600 -6.11762200 -41.85291700
v 2.01310600 -6.11762200 -45.02341500
v 2.01310600 -6.26946400 -45.02341500
v 2.01310600 -6.43952800 -45.02341500
v 2.01310700 -7.09549500 -45.02341500
v 2.01310600 -7.09549500 -41.85291700
v 2.01310600 -7.09549400 -32.74836300
v 2.01310500 -7.09549400 -32.14706400
v 2.01310500 -7.09549300 -29.11626200
v 1.73370900 -6.84646900 -28.68502600
v 1.73370900 -6.84646800 -19.47722100
v 1.73370900 -6.84646800 -18.58437900
v 1.73370800 -6.84646800 -14.26594200
v 1.73370800 -6.84646800 -13.77396800
v 1.73370800 -6.84646700 -13.59175600
v 1.73370800 -6.84646700 -13.40954200
v 1.73370800 -6.84646700 -12.91756800
v 1.73370700 -6.84646700 0.76659200
v 1.73370600 -6.84646600 12.92623700
v 1.73370600 -6.84646600 13.41821100
v 1.73370600 -6.84646600 13.60042600
v 1.73370600 -6.84646500 13.78264000
v 1.73370600 -6.84646500 14.27461300
v 1.73370600 -6.84646500 18.59304600
v 1.73370600 -6.84646500 19.48588800
v 1.73370500 -6.84646400 28.69369300
v 2.01310100 -7.09548900 29.12492900
v 2.01310100 -7.09548800 32.15573100
v 2.01310100 -7.09548800 32.75703000
v 2.01310000 -7.09548700 41.86158000
v 2.01310000 -7.09548700 45.03207800
v 2.01310000 -7.09548700 45.59693900
v 2.01310000 -6.43952100 45.59693900
v 2.01310000 -6.26945600 45.59693900
v 2.01310000 -6.11761400 45.59693900
v 2.01310000 -5.77748300 45.59693900
v 2.01310000 -5.12151900 45.59693900
v 2.01309900 -4.46555300 45.59693900
v 2.01310000 -4.46555300 45.03207800
v 2.01310000 -4.46555300 41.86158000
v 2.01310000 -4.46555400 32.75703000
v 2.01310100 -4.46555400 32.15573100
v 2.01310100 -4.46555400 29.12492900
v 1.73370500 -4.71457900 28.69369300
v 1.73370600 -4.71457900 19.48588800
v 1.73370600 -4.71458000 18.59304600
v 1.73370600 -4.71458000 14.27461200
v 1.73370600 -4.71458000 13.78263900
v 1.73370600 -4.71458000 13.60042500
v 1.73370600 -4.71458000 13.41821000
v 1.73370600 -4.71458000 12.92623600
v 1.73370700 -4.71458100 0.76659200
v 1.73370800 -4.71458200 -12.91756900
v 1.73370800 -4.71458200 -13.40954300
v 1.73370800 -4.71458200 -13.59175700
v 1.73370800 -4.71458200 -13.77396900
v 1.73370800 -4.71458200 -14.26594300
v 1.73370900 -4.71458200 -18.58437900
v 1.73370900 -4.71458300 -19.47722100
v 1.73370900 -4.71458300 -28.68502600
v 2.01310500 -4.46555900 -29.11626200
v 2.01310500 -4.46555900 -32.14706400
v 2.01310500 -4.46555900 -32.74836300
v 2.01310600 -4.46556000 -41.85291700
v 2.01310600 -4.46556000 -45.02341500
v 2.01310600 -4.46556000 -45.58827200
v 2.01310600 -5.12152700 -45.58827200
v 2.01310600 -5.77749000 -45.58827200
v 2.01310700 -6.11762200 -45.58827200
v 2.01310700 -6.26946400 -45.58827200
v 2.01310700 -6.43952800 -45.58827200
v 2.01310700 -7.09549500 -45.58827200
v 0.03913100 -7.09549000 18.59304600
v 0.69509500 -7.09549000 18.59304600
v 0.03913100 -7.09548900 19.48588800
v 0.69509500 -7.09548900 19.48588800
v 0.03913000 -7.09548900 28.69369300
v 0.69509400 -7.09548900 28.69369300
v 0.03913000 -7.09548900 29.12492900
v 0.69509400 -7.09548900 29.12492900
v 0.03913000 -7.09548800 32.15573100
v 0.03912900 -7.09548700 45.03207800
v 0.03912900 -7.09548700 41.86158000
v 0.69509300 -7.09548700 41.86158000
v 1.35713600 -7.09548700 41.86158000
v 1.35713700 -7.09548800 32.75703000
v 0.69509400 -7.09548800 32.75703000
v 0.03913000 -7.09548800 32.75703000
v 0.69509400 -7.09548800 32.15573100
v 1.35713700 -7.09548800 32.15573100
v 1.35713700 -7.09548900 29.12492900
v 1.35713700 -7.09548900 28.69369300
v 1.35713800 -7.09548900 19.48588800
v 1.35713800 -7.09549000 18.59304600
v 1.35713900 -7.09549000 14.27461300
v 0.69509500 -7.09549000 14.27461300
v 0.03913100 -7.09549000 14.27461300
v 0.03913200 -7.09549100 0.76659200
v 0.69509600 -7.09549100 0.76659200
v 0.03913100 -7.09549000 12.92623700
v 0.69509500 -7.09549000 12.92623700
v 1.35713900 -7.09549000 12.92623700
v 1.35713900 -7.09549100 0.76659200
v 1.35714100 -7.09549200 -12.91756800
v 0.69509700 -7.09549200 -12.91756800
v 0.03913300 -7.09549200 -12.91756800
v 0.03913500 -7.09549400 -32.14706400
v 0.69509800 -7.09549300 -29.11626200
v 0.03913500 -7.09549300 -29.11626200
v 0.69509800 -7.09549300 -28.68502600
v 0.03913400 -7.09549300 -28.68502600
v 0.69509700 -7.09549300 -19.47722100
v 0.03913400 -7.09549300 -19.47722100
v 0.69509700 -7.09549200 -18.58437900
v 0.03913400 -7.09549200 -18.58437900
v 0.03913300 -7.09549200 -14.26594200
v 0.69509700 -7.09549200 -14.26594200
v 1.35714100 -7.09549200 -14.26594200
v 1.35714100 -7.09549200 -18.58437900
v 1.35714100 -7.09549300 -19.47722100
v 1.35714200 -7.09549300 -28.68502600
v 1.35714200 -7.09549300 -29.11626200
v 1.35714200 -7.09549400 -32.14706400
v 0.69509800 -7.09549400 -32.14706400
v 0.03913500 -7.09549400 -32.74836300
v 0.69509800 -7.09549400 -32.74836300
v 0.03913500 -7.09549500 -41.85291700
v 1.35714300 -7.09549500 -41.85291700
v 1.35714200 -7.09549400 -32.74836300
v 0.69509900 -7.09549500 -41.85291700
v 0.03913600 -7.09549500 -45.02341500
v -0.62290300 -7.09549500 -45.58827200
v -0.62290300 -7.09549500 -45.02341500
v -0.62290300 -7.09549500 -41.85291700
v -0.62290400 -7.09549400 -32.74836300
v -0.62290400 -7.09549400 -32.14706400
v -0.62290400 -7.09549300 -29.11626200
v -0.33743800 -6.84646900 -28.68502600
v -0.33743900 -6.84646800 -19.47722100
v -0.33743900 -6.84646800 -18.58437900
v -0.33743900 -6.84646800 -14.26594200
v 0.03913300 -7.09549200 -13.77396800
v -0.33743900 -6.84646800 -13.77396800
v 0.03913300 -7.09549200 -13.59175600
v -0.33743900 -6.84646700 -13.59175600
v 0.03913300 -7.09549200 -13.40954200
v -0.33743900 -6.84646700 -13.40954200
v -0.33743900 -6.84646700 -12.91756800
v -0.33744100 -6.84646700 0.76659200
v -0.33744100 -6.84646600 12.92623700
v -0.33744100 -6.84646600 13.41821100
v 0.03913100 -7.09549000 13.41821100
v -0.33744100 -6.84646600 13.60042600
v 0.03913100 -7.09549000 13.60042600
v -0.33744200 -6.84646500 13.78264000
v 0.03913100 -7.09549000 13.78264000
v -0.33744200 -6.84646500 14.27461300
v -0.33744200 -6.84646500 18.59304600
v -0.33744200 -6.84646500 19.48588800
v -0.33744300 -6.84646400 28.69369300
v -0.62290800 -7.09548900 29.12492900
v -0.62290900 -7.09548800 32.15573100
v -0.62290900 -7.09548800 32.75703000
v -0.62290900 -7.09548700 41.86158000
v -0.62291000 -7.09548700 45.03207800
v -0.62291000 -7.09548700 45.59693900
v 0.03912900 -7.09548700 45.59693900
v 0.69509200 -7.09548700 45.59693900
v 0.69509300 -7.09548700 45.03207800
v 1.35713600 -7.09548700 45.03207800
v 2.01310000 -7.09548700 45.59693900
v 1.35713600 -7.09548700 45.59693900
v 2.01310000 -7.09548700 45.03207800
v 2.01310000 -7.09548700 41.86158000
v 2.01310100 -7.09548800 32.75703000
v 2.01310100 -7.09548800 32.15573100
v 2.01310100 -7.09548900 29.12492900
v 1.73370500 -6.84646400 28.69369300
v 1.73370600 -6.84646500 19.48588800
v 1.73370600 -6.84646500 18.59304600
v 1.73370600 -6.84646500 14.27461300
v 1.73370600 -6.84646500 13.78264000
v 1.35713900 -7.09549000 13.78264000
v 1.73370600 -6.84646600 13.60042600
v 1.35713900 -7.09549000 13.60042600
v 1.73370600 -6.84646600 13.41821100
v 1.35713900 -7.09549000 13.41821100
v 1.73370600 -6.84646600 12.92623700
v 1.73370700 -6.84646700 0.76659200
v 1.73370800 -6.84646700 -12.91756800
v 1.35714100 -7.09549200 -13.40954200
v 1.73370800 -6.84646700 -13.40954200
v 1.35714100 -7.09549200 -13.59175600
v 1.73370800 -6.84646700 -13.59175600
v 1.35714100 -7.09549200 -13.77396800
v 1.73370800 -6.84646800 -13.77396800
v 1.73370800 -6.84646800 -14.26594200
v 1.73370900 -6.84646800 -18.58437900
v 1.73370900 -6.84646800 -19.47722100
v 1.73370900 -6.84646900 -28.68502600
v 2.01310500 -7.09549300 -29.11626200
v 2.01310500 -7.09549400 -32.14706400
v 2.01310600 -7.09549400 -32.74836300
v 2.01310600 -7.09549500 -41.85291700
v 2.01310700 -7.09549500 -45.58827200
v 2.01310700 -7.09549500 -45.02341500
v 1.35714300 -7.09549500 -45.58827200
v 1.35714300 -7.09549500 -45.02341500
v 0.69509900 -7.09549500 -45.02341500
v 0.69509900 -7.09549500 -45.58827200
v 0.03913600 -7.09549500 -45.58827200
v 0.69509900 -5.77749000 -45.58827200
v 0.69509900 -6.11762200 -45.58827200
v 0.03913600 -5.77749000 -45.58827200
v 0.03913600 -6.11762200 -45.58827200
v 0.69509900 -6.26946400 -45.58827200
v 0.03913600 -6.26946400 -45.58827200
v 0.03913600 -6.43952800 -45.58827200
v 0.69509900 -6.43952800 -45.58827200
v 1.35714300 -6.43952800 -45.58827200
v 1.35714300 -6.26946400 -45.58827200
v 1.35714300 -6.11762200 -45.58827200
v 1.35714300 -5.77749000 -45.58827200
v 1.35714300 -5.12152700 -45.58827200
v 0.69509900 -5.12152700 -45.58827200
v 0.03913600 -5.12152700 -45.58827200
v -0.62290300 -4.46556000 -45.58827200
v -0.62290300 -5.12152700 -45.58827200
v -0.62290300 -5.77749000 -45.58827200
v -0.62290300 -6.11762200 -45.58827200
v -0.62290300 -6.26946400 -45.58827200
v -0.62290300 -6.43952800 -45.58827200
v -0.62290300 -7.09549500 -45.58827200
v 0.03913600 -7.09549500 -45.58827200
v 0.69509900 -7.09549500 -45.58827200
v 0.88338800 -8.73540700 -46.45681800
v 0.69509900 -8.41349700 -45.58827200
v 1.04737800 -8.73540700 -46.45681800
v 1.35714300 -8.41349700 -45.58827200
v 1.35714300 -7.09549500 -45.58827200
v 2.01310700 -7.09549500 -45.58827200
v 2.01310700 -6.43952800 -45.58827200
v 2.01310700 -6.26946400 -45.58827200
v 2.01310700 -6.11762200 -45.58827200
v 2.01310600 -5.77749000 -45.58827200
v 2.01310600 -5.12152700 -45.58827200
v 2.01310600 -4.46556000 -45.58827200
v 1.35714300 -4.46556000 -45.58827200
v 1.04737800 -2.83779600 -46.33534200
v 1.35714300 -3.03215500 -45.58827200
v 0.88338800 -2.83779600 -46.33534200
v 0.69509900 -3.03215500 -45.58827200
v 0.69509900 -4.46556000 -45.58827200
v 0.03913600 -4.46556000 -45.58827200
v 1.35713800 -4.46555600 12.92623600
v 0.69509500 -4.46555600 12.92623600
v 1.35713800 -4.46555600 13.41821000
v 0.69509500 -4.46555600 13.41821000
v 1.35713800 -4.46555600 13.60042500
v 0.69509500 -4.46555600 13.60042500
v 1.35713800 -4.46555500 13.78263900
v 0.69509500 -4.46555500 13.78263900
v 1.35713800 -4.46555500 14.27461200
v 0.69509500 -4.46555500 14.27461200
v 1.35713800 -4.46555500 18.59304600
v 0.69509400 -4.46555500 18.59304600
v 1.35713800 -4.46555500 19.48588800
v 0.69509400 -4.46555500 19.48588800
v 1.35713700 -4.46555400 28.69369300
v 0.69509400 -4.46555400 28.69369300
v 1.35713700 -4.46555400 29.12492900
v 0.69509400 -4.46555400 29.12492900
v 1.35713700 -4.46555400 32.15573100
v 0.69509300 -4.46555400 32.15573100
v 1.35713700 -4.46555400 32.75703000
v 0.69509300 -4.46555400 32.75703000
v 1.35713600 -4.46555300 41.86158000
v 0.69509300 -4.46555300 41.86158000
v 0.03912900 -4.46555300 41.86158000
v 0.03913000 -4.46555400 32.75703000
v 0.03913000 -4.46555400 32.15573100
v 0.03913000 -4.46555400 29.12492900
v 0.03913000 -4.46555400 28.69369300
v 0.03913100 -4.46555500 19.48588800
v 0.03913100 -4.46555500 18.59304600
v 0.03913100 -4.46555500 14.27461200
v 0.03913100 -4.46555500 13.78263900
v 0.03913100 -4.46555600 13.60042500
v 0.03913100 -4.46555600 13.41821000
v 0.03913100 -4.46555600 12.92623600
v 0.03913200 -4.46555700 0.76659200
v 0.69509800 -4.46555900 -28.68502600
v 0.69509800 -4.46555900 -29.11626200
v 0.03913400 -4.46555900 -28.68502600
v 0.03913400 -4.46555900 -29.11626200
v 0.03913500 -4.46556000 -41.85291700
v 0.03913500 -4.46555900 -32.74836300
v 0.69509900 -4.46556000 -41.85291700
v 1.35714200 -4.46555900 -32.74836300
v 1.35714300 -4.46556000 -41.85291700
v 0.69509800 -4.46555900 -32.74836300
v 0.03913500 -4.46555900 -32.14706400
v 0.69509800 -4.46555900 -32.14706400
v 1.35714200 -4.46555900 -32.14706400
v 1.35714200 -4.46555900 -29.11626200
v 1.35714200 -4.46555900 -28.68502600
v 0.69509700 -4.46555900 -19.47722100
v 1.35714100 -4.46555900 -19.47722100
v 0.69509700 -4.46555800 -18.58437900
v 1.35714100 -4.46555800 -18.58437900
v 0.69509700 -4.46555800 -14.26594300
v 1.35714100 -4.46555800 -14.26594300
v 0.69509700 -4.46555800 -13.77396900
v 1.35714000 -4.46555800 -13.77396900
v 0.69509700 -4.46555800 -13.59175700
v 1.35714000 -4.46555800 -13.59175700
v 1.35714000 -4.46555800 -13.40954300
v 0.69509700 -4.46555800 -13.40954300
v 0.03913300 -4.46555800 -12.91756900
v 0.03913300 -4.46555800 -13.40954300
v 0.03913300 -4.46555800 -13.59175700
v 0.03913300 -4.46555800 -13.77396900
v 0.03913300 -4.46555800 -14.26594300
v 0.03913400 -4.46555800 -18.58437900
v 0.03913400 -4.46555900 -19.47722100
v -0.33743900 -4.71458300 -19.47722100
v -0.33743800 -4.71458300 -28.68502600
v -0.62290400 -4.46555900 -29.11626200
v -0.62290400 -4.46555900 -32.14706400
v -0.62290400 -4.46555900 -32.74836300
v -0.62290300 -4.46556000 -41.85291700
v 0.03913600 -4.46556000 -45.02341500
v -0.62290300 -4.46556000 -45.02341500
v -0.62290300 -4.46556000 -45.58827200
v 0.03913600 -4.46556000 -45.58827200
v 0.69509900 -4.46556000 -45.58827200
v 0.69509900 -4.46556000 -45.02341500
v 1.35714300 -4.46556000 -45.02341500
v 1.35714300 -4.46556000 -45.58827200
v 2.01310600 -4.46556000 -45.58827200
v 2.01310600 -4.46556000 -45.02341500
v 2.01310600 -4.46556000 -41.85291700
v 2.01310500 -4.46555900 -32.74836300
v 2.01310500 -4.46555900 -32.14706400
v 2.01310500 -4.46555900 -29.11626200
v 1.73370900 -4.71458300 -28.68502600
v 1.73370900 -4.71458300 -19.47722100
v 1.73370900 -4.71458200 -18.58437900
v 1.73370800 -4.71458200 -14.26594300
v 1.73370800 -4.71458200 -13.77396900
v 1.73370800 -4.71458200 -13.59175700
v 1.73370800 -4.71458200 -13.40954300
v 1.73370700 -4.71458100 0.76659200
v 1.73370800 -4.71458200 -12.91756900
v 1.35713900 -4.46555700 0.76659200
v 1.35714000 -4.46555800 -12.91756900
v 1.35713900 -4.46555700 -0.54534000
v 0.69509600 -4.46555700 -0.54534000
v 0.69509700 -4.46555800 -12.91756900
v 0.69509600 -4.46555700 0.76659200
v 0.69509600 -4.46555700 0.52364000
v 1.35713900 -4.46555700 0.52364000
v 1.35713900 -4.46555700 0.76659200
v 1.73370700 -4.71458100 0.76659200
v 1.73370600 -4.71458000 12.92623600
v 1.73370600 -4.71458000 13.41821000
v 1.73370600 -4.71458000 13.60042500
v 1.73370600 -4.71458000 13.78263900
v 1.73370600 -4.71458000 14.27461200
v 1.73370600 -4.71458000 18.59304600
v 1.73370600 -4.71457900 19.48588800
v 1.73370500 -4.71457900 28.69369300
v 2.01310100 -4.46555400 29.12492900
v 2.01310100 -4.46555400 32.15573100
v 2.01310000 -4.46555400 32.75703000
v 2.01310000 -4.46555300 41.86158000
v 2.01310000 -4.46555300 45.03207800
v 1.35713600 -4.46555300 45.59693900
v 2.01309900 -4.46555300 45.59693900
v 1.35713600 -4.46555300 45.03207800
v 0.69509200 -4.46555300 45.03207800
v 0.03912900 -4.46555300 45.03207800
v 0.69509200 -4.46555300 45.59693900
v 0.03912900 -4.46555300 45.59693900
v -0.62291000 -4.46555300 45.59693900
v -0.62291000 -4.46555300 45.03207800
v -0.62290900 -4.46555300 41.86158000
v -0.62290900 -4.46555400 32.75703000
v -0.62290900 -4.46555400 32.15573100
v -0.62290800 -4.46555400 29.12492900
v -0.33744300 -4.71457900 28.69369300
v -0.33744200 -4.71457900 19.48588800
v -0.33744200 -4.71458000 18.59304600
v -0.33744200 -4.71458000 14.27461200
v -0.33744200 -4.71458000 13.78263900
v -0.33744200 -4.71458000 13.60042500
v -0.33744200 -4.71458000 13.41821000
v -0.33744200 -4.71458000 12.92623600
v -0.33744100 -4.71458100 0.76659200
v -0.33744000 -4.71458200 -12.91756900
v -0.33744000 -4.71458200 -13.40954300
v -0.33744000 -4.71458200 -13.59175700
v -0.33744000 -4.71458200 -13.77396900
v -0.33743900 -4.71458200 -14.26594300
v -0.33743900 -4.71458200 -18.58437900
v 0.88338800 -8.73540700 -44.48892200
v 0.88338800 -8.73540700 -46.45681800
v 0.88338800 -9.09983300 -44.48892200
v 0.88338900 -9.09983300 -46.45681800
v 1.20529800 -9.09983300 -44.48892200
v 1.20529800 -9.09983300 -46.45681800
v 1.20529800 -8.73540700 -44.48892200
v 1.20529800 -8.73540700 -46.45681800
v 0.88338800 -9.09983300 -44.48892200
v 0.88338900 -9.09983300 -46.45681800
v 1.04737800 -9.09983300 -44.48892200
v 1.04737800 -9.09983300 -46.45681800
v 1.20529800 -9.09983300 -44.48892200
v 1.20529800 -9.09983300 -46.45681800
v 1.20529900 -36.47422400 -44.48891800
v 1.20529900 -36.47422400 -46.45681400
v 1.20529900 -36.79005800 -44.48891800
v 1.20529900 -36.79005800 -46.45681400
v 1.20529900 -36.79005800 -41.19694500
v 1.20529900 -36.79005800 -42.84293400
v 1.41787700 -36.79005800 -41.19694500
v 1.41787700 -36.79005800 -42.84293400
v 1.20529900 -36.79005800 -44.48891800
v 1.41787700 -36.79005800 -44.48891800
v 1.20529900 -36.79005800 -46.45681400
v 1.41787700 -36.79005800 -46.45681400
v 1.41787700 -36.79005800 -48.10280200
v 1.20529900 -36.79005800 -49.74878700
v 1.41787800 -36.79005800 -49.74878700
v 1.20529900 -36.79005800 -48.10280200
v 1.41787700 -36.47422400 -41.19694500
v 1.20529900 -36.47422400 -41.19694500
v 1.41787700 -36.79005800 -41.19694500
v 1.20529900 -36.79005800 -41.19694500
v 1.41787800 -36.47422400 -49.74878700
v 1.20529900 -36.47422400 -49.74878700
v 1.41787700 -36.47422400 -48.10280200
v 1.20529900 -36.47422400 -48.10280200
v 1.41787700 -36.47422400 -46.45681400
v 1.41787700 -36.47422400 -41.19694500
v 1.41787700 -36.47422400 -42.84293400
v 1.20529900 -36.47422400 -41.19694500
v 1.20529900 -36.47422400 -42.84293400
v 1.41787700 -36.47422400 -44.48891800
v 1.20529900 -36.47422400 -44.48891800
v 1.20529900 -36.47422400 -46.45681400
v 1.20529800 -9.09983300 -49.74879100
v 1.20529800 -8.73540800 -49.74879100
v 1.20529800 -9.09983300 -48.10280600
v 1.20529800 -8.73540700 -46.45681800
v 1.20529800 -9.09983300 -46.45681800
v 1.20529800 -8.73540700 -48.10280600
v 0.88338900 -9.09983300 -49.74879100
v 0.88338900 -8.73540800 -49.74879100
v 1.04737800 -9.09983300 -49.74879100
v 1.20529800 -8.73540800 -49.74879100
v 1.20529800 -9.09983300 -49.74879100
v 1.04737800 -8.73540800 -49.74879100
v 0.88338900 -9.09983300 -46.45681800
v 0.88338800 -8.73540700 -46.45681800
v 0.88338900 -9.09983300 -48.10280600
v 0.88338900 -8.73540800 -49.74879100
v 0.88338900 -9.09983300 -49.74879100
v 0.88338900 -8.73540700 -48.10280600
v 0.88339000 -36.79005800 -46.45681400
v 0.88339000 -36.47422400 -46.45681400
v 0.88339000 -36.79005800 -48.10280200
v 0.88339000 -36.47422400 -49.74878700
v 0.88339000 -36.79005800 -49.74878700
v 0.88339000 -36.47422400 -48.10280200
v 1.41787800 -36.79005800 -49.74878700
v 1.41787800 -36.47422400 -49.74878700
v 1.41787700 -36.79005800 -48.10280200
v 1.41787700 -36.47422400 -48.10280200
v 1.41787700 -36.79005800 -46.45681400
v 1.41787700 -36.79005800 -41.19694500
v 1.41787700 -36.79005800 -42.84293400
v 1.41787700 -36.47422400 -41.19694500
v 1.41787700 -36.47422400 -42.84293400
v 1.41787700 -36.79005800 -44.48891800
v 1.41787700 -36.47422400 -44.48891800
v 1.41787700 -36.47422400 -46.45681400
v 0.88338800 -8.73540700 -46.45681800
v 1.04737800 -8.73540700 -48.10280600
v 0.88338900 -8.73540700 -48.10280600
v 0.88338900 -8.73540800 -49.74879100
v 1.04737800 -8.73540800 -49.74879100
v 1.20529800 -8.73540800 -49.74879100
v 1.20529800 -8.73540700 -48.10280600
v 1.20529800 -8.73540700 -44.48892200
v 1.20529800 -8.73540700 -46.45681800
v 1.04737800 -8.73540700 -44.48892200
v 1.04737800 -8.73540700 -46.45681800
v 0.88339000 -36.47422400 -46.45681400
v 0.88339000 -36.79005800 -46.45681400
v 1.04737900 -36.47422400 -46.45681400
v 1.20529900 -36.79005800 -46.45681400
v 1.20529900 -36.47422400 -46.45681400
v 1.04737900 -36.79005800 -46.45681400
v 0.88339000 -36.79005800 -49.74878700
v 1.04737900 -36.79005800 -48.10280200
v 0.88339000 -36.79005800 -48.10280200
v 0.88339000 -36.79005800 -46.45681400
v 1.04737900 -36.79005800 -46.45681400
v 1.20529900 -36.79005800 -46.45681400
v 1.20529900 -36.79005800 -48.10280200
v 1.20529900 -36.79005800 -49.74878700
v 1.04738000 -36.79005800 -49.74878700
v 0.88339000 -36.79005800 -49.74878700
v 0.88339000 -36.47422400 -49.74878700
v 1.04738000 -36.79005800 -49.74878700
v 1.41787800 -36.79005800 -49.74878700
v 1.20529900 -36.79005800 -49.74878700
v 1.41787800 -36.47422400 -49.74878700
v 1.20529900 -36.47422400 -49.74878700
v 1.04738000 -36.47422400 -49.74878700
v 1.20529800 -9.09983300 -44.48892200
v 1.20529800 -8.73540700 -44.48892200
v 1.20529800 -9.09983300 -42.84293700
v 1.20529800 -8.73540700 -41.19694900
v 1.20529800 -9.09983300 -41.19694900
v 1.20529800 -8.73540700 -42.84293700
v 0.88338800 -9.09983300 -41.19694900
v 0.88338800 -8.73540700 -41.19694900
v 0.88338800 -9.09983300 -42.84293700
v 0.88338800 -8.73540700 -44.48892200
v 0.88338800 -9.09983300 -44.48892200
v 0.88338800 -8.73540700 -42.84293700
v 0.88338800 -8.73540700 -41.19694900
v 0.88338800 -9.09983300 -41.19694900
v 1.04737800 -8.73540700 -41.19694900
v 1.04737800 -9.09983300 -41.19694900
v 1.20529800 -8.73540700 -41.19694900
v 1.20529800 -9.09983300 -41.19694900
v 0.88338900 -36.79005800 -41.19694500
v 0.88338900 -36.47422400 -41.19694500
v 0.88338900 -36.79005800 -42.84293400
v 0.88339000 -36.47422400 -44.48891800
v 0.88339000 -36.79005800 -44.48891800
v 0.88338900 -36.47422400 -42.84293400
v 0.88338800 -8.73540700 -41.19694900
v 1.04737800 -8.73540700 -42.84293700
v 0.88338800 -8.73540700 -42.84293700
v 0.88338800 -8.73540700 -44.48892200
v 1.04737800 -8.73540700 -44.48892200
v 1.20529800 -8.73540700 -44.48892200
v 1.20529800 -8.73540700 -42.84293700
v 1.20529800 -8.73540700 -41.19694900
v 1.04737800 -8.73540700 -41.19694900
v 0.88338900 -36.47422400 -41.19694500
v 0.88338900 -36.79005800 -41.19694500
v 1.04737900 -36.47422400 -41.19694500
v 1.20529900 -36.79005800 -41.19694500
v 1.20529900 -36.47422400 -41.19694500
v 1.04737900 -36.79005800 -41.19694500
v 0.88339000 -36.79005800 -44.48891800
v 1.04737900 -36.79005800 -42.84293400
v 0.88338900 -36.79005800 -42.84293400
v 0.88338900 -36.79005800 -41.19694500
v 1.04737900 -36.79005800 -41.19694500
v 1.20529900 -36.79005800 -41.19694500
v 1.20529900 -36.79005800 -42.84293400
v 1.20529900 -36.79005800 -44.48891800
v 1.04737900 -36.79005800 -44.48891800
v 0.88339000 -36.79005800 -44.48891800
v 0.88339000 -36.47422400 -44.48891800
v 1.04737900 -36.79005800 -44.48891800
v 1.20529900 -36.47422400 -44.48891800
v 1.20529900 -36.79005800 -44.48891800
v 1.04737900 -36.47422400 -44.48891800
v 0.88338700 -2.83779500 -33.35574000
v 0.88338700 -2.83779500 -31.39391900
v 0.88338700 -2.46729400 -33.35574000
v 0.88338700 -2.46729400 -31.39391900
v 1.20529700 -2.46729400 -33.35574000
v 1.20529700 -2.46729400 -31.39391900
v 1.20529700 -2.83779500 -33.35574000
v 1.20529700 -2.83779500 -31.39391900
v 0.88338700 -2.46729400 -33.35574000
v 0.88338700 -2.46729400 -31.39391900
v 1.04737700 -2.46729400 -33.35574000
v 1.04737700 -2.46729400 -31.39391900
v 1.20529700 -2.46729400 -33.35574000
v 1.20529700 -2.46729400 -31.39391900
v 1.20529600 24.90709500 -33.35574300
v 1.20529500 24.90709700 -31.39392100
v 1.20529600 25.22292900 -33.35574300
v 1.20529500 25.22293100 -31.39392100
v 1.20529600 25.22292900 -36.65379000
v 1.20529600 25.22292900 -35.00172800
v 1.41787400 25.22292900 -36.65379000
v 1.41787400 25.22292900 -35.00172800
v 1.20529600 25.22292900 -33.35574300
v 1.41787400 25.22292900 -33.35574300
v 1.20529500 25.22293100 -31.39392100
v 1.41787400 25.22293100 -31.39392100
v 1.41787300 25.22293100 -29.74793400
v 1.20529500 25.22293100 -28.09587500
v 1.41787300 25.22293100 -28.09587500
v 1.20529500 25.22293100 -29.74793400
v 1.41787400 24.90709500 -36.65379000
v 1.20529600 24.90709500 -36.65379000
v 1.41787400 25.22292900 -36.65379000
v 1.20529600 25.22292900 -36.65379000
v 1.41787300 24.90709700 -28.09587500
v 1.20529500 24.90709700 -28.09587500
v 1.41787300 24.90709700 -29.74793400
v 1.20529500 24.90709700 -29.74793400
v 1.41787400 24.90709700 -31.39392100
v 1.41787400 24.90709500 -36.65379000
v 1.41787400 24.90709500 -35.00172800
v 1.20529600 24.90709500 -36.65379000
v 1.20529600 24.90709500 -35.00172800
v 1.41787400 24.90709500 -33.35574300
v 1.20529600 24.90709500 -33.35574300
v 1.20529500 24.90709700 -31.39392100
v 1.20529600 -2.46729400 -28.09587300
v 1.20529600 -2.83779400 -28.09587300
v 1.20529700 -2.46729400 -29.74793200
v 1.20529700 -2.83779500 -31.39391900
v 1.20529700 -2.46729400 -31.39391900
v 1.20529700 -2.83779500 -29.74793200
v 0.88338700 -2.46729400 -28.09587300
v 0.88338700 -2.83779400 -28.09587300
v 1.04737700 -2.46729400 -28.09587300
v 1.20529600 -2.83779400 -28.09587300
v 1.20529600 -2.46729400 -28.09587300
v 1.04737700 -2.83779400 -28.09587300
v 0.88338700 -2.46729400 -31.39391900
v 0.88338700 -2.83779500 -31.39391900
v 0.88338700 -2.46729400 -29.74793200
v 0.88338700 -2.83779400 -28.09587300
v 0.88338700 -2.46729400 -28.09587300
v 0.88338700 -2.83779500 -29.74793200
v 0.88338600 25.22293100 -31.39392100
v 0.88338600 24.90709700 -31.39392100
v 0.88338600 25.22293100 -29.74793400
v 0.88338600 24.90709700 -28.09587500
v 0.88338600 25.22293100 -28.09587500
v 0.88338600 24.90709700 -29.74793400
v 1.41787300 25.22293100 -28.09587500
v 1.41787300 24.90709700 -28.09587500
v 1.41787300 25.22293100 -29.74793400
v 1.41787300 24.90709700 -29.74793400
v 1.41787400 25.22293100 -31.39392100
v 1.41787400 25.22292900 -36.65379000
v 1.41787400 25.22292900 -35.00172800
v 1.41787400 24.90709500 -36.65379000
v 1.41787400 24.90709500 -35.00172800
v 1.41787400 25.22292900 -33.35574300
v 1.41787400 24.90709500 -33.35574300
v 1.41787400 24.90709700 -31.39392100
v 0.88338700 -2.83779500 -31.39391900
v 1.04737700 -2.83779500 -29.74793200
v 0.88338700 -2.83779500 -29.74793200
v 0.88338700 -2.83779400 -28.09587300
v 1.04737700 -2.83779400 -28.09587300
v 1.20529600 -2.83779400 -28.09587300
v 1.20529700 -2.83779500 -29.74793200
v 1.20529700 -2.83779500 -33.35574000
v 1.20529700 -2.83779500 -31.39391900
v 1.04737700 -2.83779500 -33.35574000
v 1.04737700 -2.83779500 -31.39391900
v 0.88338600 24.90709700 -31.39392100
v 0.88338600 25.22293100 -31.39392100
v 1.04737600 24.90709700 -31.39392100
v 1.20529500 25.22293100 -31.39392100
v 1.20529500 24.90709700 -31.39392100
v 1.04737600 25.22293100 -31.39392100
v 0.88338600 25.22293100 -28.09587500
v 1.04737500 25.22293100 -29.74793400
v 0.88338600 25.22293100 -29.74793400
v 0.88338600 25.22293100 -31.39392100
v 1.04737600 25.22293100 -31.39392100
v 1.20529500 25.22293100 -31.39392100
v 1.20529500 25.22293100 -29.74793400
v 1.20529500 25.22293100 -28.09587500
v 1.04737500 25.22293100 -28.09587500
v 0.88338600 25.22293100 -28.09587500
v 0.88338600 24.90709700 -28.09587500
v 1.04737500 25.22293100 -28.09587500
v 1.41787300 25.22293100 -28.09587500
v 1.20529500 25.22293100 -28.09587500
v 1.41787300 24.90709700 -28.09587500
v 1.20529500 24.90709700 -28.09587500
v 1.04737500 24.90709700 -28.09587500
v 1.20529700 -2.46729400 -33.35574000
v 1.20529700 -2.83779500 -33.35574000
v 1.20529700 -2.46729400 -35.00780100
v 1.20529700 -2.83779500 -36.65378600
v 1.20529700 -2.46729400 -36.65378600
v 1.20529700 -2.83779500 -35.00780100
v 0.88338700 -2.46729400 -36.65378600
v 0.88338800 -2.83779500 -36.65378600
v 0.88338700 -2.46729400 -35.00780100
v 0.88338700 -2.83779500 -33.35574000
v 0.88338700 -2.46729400 -33.35574000
v 0.88338700 -2.83779500 -35.00780100
v 0.88338800 -2.83779500 -36.65378600
v 0.88338700 -2.46729400 -36.65378600
v 1.04737700 -2.83779500 -36.65378600
v 1.04737700 -2.46729400 -36.65378600
v 1.20529700 -2.83779500 -36.65378600
v 1.20529700 -2.46729400 -36.65378600
v 0.88338600 25.22292900 -36.65379000
v 0.88338600 24.90709500 -36.65379000
v 0.88338600 25.22292900 -35.00780500
v 0.88338600 24.90709500 -33.35574300
v 0.88338600 25.22292900 -33.35574300
v 0.88338600 24.90709500 -35.00780500
v 0.88338800 -2.83779500 -36.65378600
v 1.04737700 -2.83779500 -35.00780100
v 0.88338700 -2.83779500 -35.00780100
v 0.88338700 -2.83779500 -33.35574000
v 1.04737700 -2.83779500 -33.35574000
v 1.20529700 -2.83779500 -33.35574000
v 1.20529700 -2.83779500 -35.00780100
v 1.20529700 -2.83779500 -36.65378600
v 1.04737700 -2.83779500 -36.65378600
v 0.88338600 24.90709500 -36.65379000
v 0.88338600 25.22292900 -36.65379000
v 1.04737600 24.90709500 -36.65379000
v 1.20529600 25.22292900 -36.65379000
v 1.20529600 24.90709500 -36.65379000
v 1.04737600 25.22292900 -36.65379000
v 0.88338600 25.22292900 -33.35574300
v 1.04737600 25.22292900 -35.00780500
v 0.88338600 25.22292900 -35.00780500
v 0.88338600 25.22292900 -36.65379000
v 1.04737600 25.22292900 -36.65379000
v 1.20529600 25.22292900 -36.65379000
v 1.20529600 25.22292900 -35.00172800
v 1.20529600 25.22292900 -33.35574300
v 1.04737600 25.22292900 -33.35574300
v 0.88338600 25.22292900 -33.35574300
v 0.88338600 24.90709500 -33.35574300
v 1.04737600 25.22292900 -33.35574300
v 1.20529600 24.90709500 -33.35574300
v 1.20529600 25.22292900 -33.35574300
v 1.04737600 24.90709500 -33.35574300
v 0.88338800 -2.83779600 -46.33534200
v 0.88338800 -2.83779600 -44.37352000
v 0.88338800 -2.46729500 -46.33534200
v 0.88338800 -2.46729500 -44.37352000
v 1.20529800 -2.46729500 -46.33534200
v 1.20529800 -2.46729500 -44.37352000
v 1.20529800 -2.83779600 -46.33534200
v 1.20529800 -2.83779600 -44.37352000
v 0.88338800 -2.46729500 -46.33534200
v 0.88338800 -2.46729500 -44.37352000
v 1.04737800 -2.46729500 -46.33534200
v 1.04737800 -2.46729500 -44.37352000
v 1.20529800 -2.46729500 -46.33534200
v 1.20529800 -2.46729500 -44.37352000
v 1.20529700 24.90709500 -46.33534600
v 1.20529600 24.90709500 -44.37352400
v 1.20529700 25.22292900 -46.33534600
v 1.20529600 25.22292900 -44.37352400
v 1.20529700 25.22292900 -49.62731900
v 1.20529700 25.22292900 -47.98133500
v 1.41787500 25.22292900 -49.62731900
v 1.41787500 25.22292900 -47.98133500
v 1.20529700 25.22292900 -46.33534600
v 1.41787500 25.22292900 -46.33534600
v 1.20529600 25.22292900 -44.37352400
v 1.41787400 25.22292900 -44.37352400
v 1.41787400 25.22292900 -42.72147000
v 1.20529600 25.22292900 -41.07548100
v 1.41787400 25.22292900 -41.07548100
v 1.20529600 25.22292900 -42.72147000
v 1.41787500 24.90709500 -49.62731900
v 1.20529700 24.90709500 -49.62731900
v 1.41787500 25.22292900 -49.62731900
v 1.20529700 25.22292900 -49.62731900
v 1.41787400 24.90709500 -41.07548100
v 1.20529600 24.90709500 -41.07548100
v 1.41787400 24.90709500 -42.72147000
v 1.20529600 24.90709500 -42.72147000
v 1.41787400 24.90709500 -44.37352400
v 1.41787500 24.90709500 -49.62731900
v 1.41787500 24.90709500 -47.98133500
v 1.20529700 24.90709500 -49.62731900
v 1.20529700 24.90709500 -47.98133500
v 1.41787500 24.90709500 -46.33534600
v 1.20529700 24.90709500 -46.33534600
v 1.20529600 24.90709500 -44.37352400
v 1.20529700 -2.46729500 -41.07547800
v 1.20529700 -2.83779500 -41.07547800
v 1.20529700 -2.46729500 -42.72146600
v 1.20529800 -2.83779600 -44.37352000
v 1.20529800 -2.46729500 -44.37352000
v 1.20529700 -2.83779600 -42.72146600
v 0.88338800 -2.46729500 -41.07547800
v 0.88338800 -2.83779500 -41.07547800
v 1.04737700 -2.46729500 -41.07547800
v 1.20529700 -2.83779500 -41.07547800
v 1.20529700 -2.46729500 -41.07547800
v 1.04737700 -2.83779500 -41.07547800
v 0.88338800 -2.46729500 -44.37352000
v 0.88338800 -2.83779600 -44.37352000
v 0.88338800 -2.46729500 -42.72146600
v 0.88338800 -2.83779500 -41.07547800
v 0.88338800 -2.46729500 -41.07547800
v 0.88338800 -2.83779600 -42.72146600
v 0.88338700 25.22292900 -44.37352400
v 0.88338700 24.90709500 -44.37352400
v 0.88338700 25.22292900 -42.72147000
v 0.88338700 24.90709500 -41.07548100
v 0.88338700 25.22292900 -41.07548100
v 0.88338700 24.90709500 -42.72147000
v 1.41787400 25.22292900 -41.07548100
v 1.41787400 24.90709500 -41.07548100
v 1.41787400 25.22292900 -42.72147000
v 1.41787400 24.90709500 -42.72147000
v 1.41787400 25.22292900 -44.37352400
v 1.41787500 25.22292900 -49.62731900
v 1.41787500 25.22292900 -47.98133500
v 1.41787500 24.90709500 -49.62731900
v 1.41787500 24.90709500 -47.98133500
v 1.41787500 25.22292900 -46.33534600
v 1.41787500 24.90709500 -46.33534600
v 1.41787400 24.90709500 -44.37352400
v 0.88338800 -2.83779600 -44.37352000
v 1.04737800 -2.83779600 -42.72146600
v 0.88338800 -2.83779600 -42.72146600
v 0.88338800 -2.83779500 -41.07547800
v 1.04737700 -2.83779500 -41.07547800
v 1.20529700 -2.83779500 -41.07547800
v 1.20529700 -2.83779600 -42.72146600
v 1.20529800 -2.83779600 -46.33534200
v 1.20529800 -2.83779600 -44.37352000
v 1.04737800 -2.83779600 -46.33534200
v 1.04737800 -2.83779600 -44.37352000
v 0.88338700 24.90709500 -44.37352400
v 0.88338700 25.22292900 -44.37352400
v 1.04737700 24.90709500 -44.37352400
v 1.20529600 25.22292900 -44.37352400
v 1.20529600 24.90709500 -44.37352400
v 1.04737700 25.22292900 -44.37352400
v 0.88338700 25.22292900 -41.07548100
v 1.04737600 25.22292900 -42.72147000
v 0.88338700 25.22292900 -42.72147000
v 0.88338700 25.22292900 -44.37352400
v 1.04737700 25.22292900 -44.37352400
v 1.20529600 25.22292900 -44.37352400
v 1.20529600 25.22292900 -42.72147000
v 1.20529600 25.22292900 -41.07548100
v 1.04737600 25.22292900 -41.07548100
v 0.88338700 25.22292900 -41.07548100
v 0.88338700 24.90709500 -41.07548100
v 1.04737600 25.22292900 -41.07548100
v 1.41787400 25.22292900 -41.07548100
v 1.20529600 25.22292900 -41.07548100
v 1.41787400 24.90709500 -41.07548100
v 1.20529600 24.90709500 -41.07548100
v 1.04737600 24.90709500 -41.07548100
v 1.20529800 -2.46729500 -46.33534200
v 1.20529800 -2.83779600 -46.33534200
v 1.20529800 -2.46729600 -47.98133100
v 1.20529800 -2.83779600 -49.63339200
v 1.20529800 -2.46729600 -49.63339200
v 1.20529800 -2.83779600 -47.98133100
v 0.88338800 -2.46729600 -49.63339200
v 0.88338800 -2.83779600 -49.63339200
v 0.88338800 -2.46729600 -47.98133100
v 0.88338800 -2.83779600 -46.33534200
v 0.88338800 -2.46729500 -46.33534200
v 0.88338800 -2.83779600 -47.98133100
v 0.88338800 -2.83779600 -49.63339200
v 0.88338800 -2.46729600 -49.63339200
v 1.04737800 -2.83779600 -49.63339200
v 1.04737800 -2.46729600 -49.63339200
v 1.20529800 -2.83779600 -49.63339200
v 1.20529800 -2.46729600 -49.63339200
v 0.88338700 25.22292900 -49.63339600
v 0.88338700 24.90709500 -49.63339600
v 0.88338700 25.22292900 -47.98133500
v 0.88338700 24.90709500 -46.33534600
v 0.88338700 25.22292900 -46.33534600
v 0.88338700 24.90709500 -47.98133500
v 0.88338800 -2.83779600 -49.63339200
v 1.04737800 -2.83779600 -47.98133100
v 0.88338800 -2.83779600 -47.98133100
v 0.88338800 -2.83779600 -46.33534200
v 1.04737800 -2.83779600 -46.33534200
v 1.20529800 -2.83779600 -46.33534200
v 1.20529800 -2.83779600 -47.98133100
v 1.20529800 -2.83779600 -49.63339200
v 1.04737800 -2.83779600 -49.63339200
v 0.88338700 24.90709500 -49.63339600
v 0.88338700 25.22292900 -49.63339600
v 1.04737700 24.90709500 -49.63339600
v 1.20529700 25.22292900 -49.62731900
v 1.20529700 24.90709500 -49.62731900
v 1.04737700 25.22292900 -49.63339600
v 0.88338700 25.22292900 -46.33534600
v 1.04737700 25.22292900 -47.98133500
v 0.88338700 25.22292900 -47.98133500
v 0.88338700 25.22292900 -49.63339600
v 1.04737700 25.22292900 -49.63339600
v 1.20529700 25.22292900 -49.62731900
v 1.20529700 25.22292900 -47.98133500
v 1.20529700 25.22292900 -46.33534600
v 1.04737700 25.22292900 -46.33534600
v 0.88338700 25.22292900 -46.33534600
v 0.88338700 24.90709500 -46.33534600
v 1.04737700 25.22292900 -46.33534600
v 1.20529700 24.90709500 -46.33534600
v 1.20529700 25.22292900 -46.33534600
v 1.04737700 24.90709500 -46.33534600
vn 0.13820000 0.30340000 0.94280000
vn 0.13820000 0.30340000 0.94280000
vn 0.13820000 0.30340000 0.94280000
vn 0.13810000 0.30350000 0.94280000
vn 1.00000000 -0.00000000 -0.00000000
vn 1.00000000 -0.00000000 -0.00000000
vn 1.00000000 -0.00000000 -0.00000000
vn 1.00000000 -0.00000000 -0.00000000
vn 0.13820000 0.30340000 -0.94280000
vn 0.13820000 0.30340000 -0.94280000
vn 0.13820000 0.30340000 -0.94280000
vn 0.13820000 0.30340000 -0.94280000
vn -1.00000000 -0.00000000 -0.00000000
vn -1.00000000 -0.00000000 -0.00000000
vn -1.00000000 -0.00000000 -0.00000000
vn -1.00000000 -0.00000000 -0.00000000
vn -0.00000000 -0.01990000 0.99980000
vn -0.00000000 -0.03020000 0.99950000
vn -0.00000000 -0.01990000 0.99980000
vn -0.00000000 -0.03020000 0.99950000
vn 1.00000000 -0.00000000 -0.00000000
vn 1.00000000 -0.00000000 -0.00000000
vn 1.00000000 -0.00000000 -0.00000000
vn 1.00000000 -0.00000000 -0.00000000
vn -0.00000000 -0.04070000 -0.99920000
vn -0.00000000 -0.04070000 -0.99920000
vn -0.00000000 -0.04070000 -0.99920000
vn -0.00000000 -0.04070000 -0.99920000
vn -1.00000000 -0.00000000 -0.00000000
vn -1.00000000 -0.00000000 -0.00000000
vn -1.00000000 -0.00000000 -0.00000000
vn -1.00000000 -0.00000000 -0.00000000
vn -0.00000000 -1.00000000 -0.00000000
vn -0.00000000 -1.00000000 -0.00000000
vn -0.00000000 -1.00000000 -0.00000000
vn -0.00000000 -1.00000000 -0.00000000
vn 0.31820000 0.89820000 -0.30340000
vn 0.78320000 0.59800000 0.17000000
vn 0.21860000 0.88930000 0.40180000
vn 0.78320000 0.59800000 0.17000000
vn -0.22720000 0.95250000 -0.20290000
vn 0.03790000 -0.30080000 -0.95290000
vn 0.31830000 0.89820000 -0.30330000
vn 0.03790000 -0.30080000 -0.95290000
vn -0.99930000 0.03650000 -0.00000000
vn -0.99930000 0.03650000 -0.00000000
vn -0.99930000 0.03650000 -0.00000000
vn -0.22730000 0.95250000 -0.20290000
vn 0.21860000 0.88930000 0.40180000
vn -0.29580000 -0.62380000 0.72340000
vn -0.29580000 -0.62380000 0.72350000
vn -0.00000000 -0.00000000 -0.00000000
vn -0.00000000 -0.00000000 -0.00000000
vn -0.00000000 -0.00000000 -0.00000000
vn 0.93250000 0.05250000 0.35720000
vn 0.62800000 0.77810000 0.01390000
vn 1.00000000 -0.00000000 -0.00000000
vn -0.89190000 -0.44860000 -0.05750000
vn -0.89190000 -0.44860000 -0.05750000
vn -0.89180000 -0.44870000 -0.05740000
vn -0.89190000 -0.44870000 -0.05740000
vn -0.87730000 -0.47830000 0.04100000
vn -0.87720000 -0.47830000 0.04100000
vn -0.87730000 -0.47820000 0.04100000
vn -0.87730000 -0.47820000 0.04100000
vn -0.96660000 0.24790000 0.06510000
vn -0.96660000 0.24790000 0.06510000
vn -0.96660000 0.24790000 0.06510000
vn -0.96660000 0.24800000 0.06510000
vn -0.80230000 0.59690000 -0.00000000
vn -0.80230000 0.59690000 -0.00000000
vn -0.80230000 0.59690000 -0.00000000
vn -0.80230000 0.59690000 -0.00000000
vn -0.77170000 0.46100000 -0.43810000
vn -0.77170000 0.46100000 -0.43810000
vn -0.77170000 0.46100000 -0.43810000
vn -0.77170000 0.46100000 -0.43810000
vn -0.93230000 -0.00760000 0.36170000
vn -0.56540000 -0.01930000 0.82460000
vn -0.93230000 -0.00760000 0.36170000
vn -0.56540000 -0.01930000 0.82460000
vn -0.00000000 -0.02400000 0.99970000
vn -0.00000000 -0.02400000 0.99970000
vn 0.57800000 -0.01940000 0.81580000
vn 0.57800000 -0.01940000 0.81580000
vn 0.94350000 -0.00750000 0.33130000
vn 0.94350000 -0.00750000 0.33120000
vn -0.97220000 0.07710000 0.22130000
vn -0.62000000 0.11220000 0.77650000
vn -0.97210000 0.07710000 0.22130000
vn -0.62000000 0.11220000 0.77650000
vn -0.00000000 0.10080000 0.99490000
vn -0.00000000 0.10080000 0.99490000
vn 0.62850000 0.10920000 0.77010000
vn 0.62850000 0.10920000 0.77010000
vn 0.97720000 0.07080000 0.20030000
vn 0.97720000 0.07080000 0.20030000
vn -0.88680000 0.45850000 0.05770000
vn -0.52050000 0.85290000 0.04150000
vn -0.88680000 0.45860000 0.05770000
vn -0.52050000 0.85290000 0.04150000
vn -0.00000000 0.99990000 0.01380000
vn -0.00000000 0.99990000 0.01380000
vn 0.53550000 0.84360000 0.03880000
vn 0.53560000 0.84360000 0.03890000
vn 0.90520000 0.42150000 0.05400000
vn 0.90520000 0.42160000 0.05410000
vn -0.87900000 0.47500000 -0.04100000
vn -0.51090000 0.85960000 -0.01080000
vn -0.87900000 0.47500000 -0.04090000
vn -0.51090000 0.85960000 -0.01080000
vn -0.00000000 0.99980000 0.02190000
vn -0.00000000 0.99980000 0.02190000
vn 0.52990000 0.84800000 -0.01090000
vn 0.52990000 0.84800000 -0.01090000
vn 0.89650000 0.44150000 -0.03770000
vn 0.89650000 0.44150000 -0.03770000
vn -0.97510000 0.07390000 -0.20930000
vn -0.62370000 0.16730000 -0.76360000
vn -0.97510000 0.07390000 -0.20930000
vn -0.62370000 0.16730000 -0.76360000
vn -0.00000000 0.18770000 -0.98220000
vn -0.00000000 0.18770000 -0.98220000
vn 0.62700000 0.17740000 -0.75860000
vn 0.62700000 0.17740000 -0.75850000
vn 0.97590000 0.08650000 -0.20010000
vn 0.97590000 0.08650000 -0.20020000
vn -0.95550000 0.00490000 -0.29480000
vn -0.59370000 0.01940000 -0.80450000
vn -0.95560000 0.00490000 -0.29480000
vn -0.59370000 0.01940000 -0.80450000
vn -0.00000000 0.02400000 -0.99970000
vn -0.00000000 0.02400000 -0.99970000
vn 0.57800000 0.01940000 -0.81580000
vn 0.57800000 0.01940000 -0.81580000
vn 0.94350000 0.00750000 -0.33120000
vn 0.94350000 0.00750000 -0.33120000
vn -0.97880000 -0.06540000 -0.19390000
vn -0.63170000 -0.10920000 -0.76750000
vn -0.97890000 -0.06540000 -0.19380000
vn -0.63170000 -0.10920000 -0.76750000
vn -0.00000000 -0.10080000 -0.99490000
vn -0.00000000 -0.10080000 -0.99490000
vn 0.62850000 -0.10920000 -0.77010000
vn 0.62850000 -0.10920000 -0.77010000
vn 0.97720000 -0.07080000 -0.20030000
vn 0.97720000 -0.07090000 -0.20030000
vn 0.91630000 -0.39650000 -0.05630000
vn 0.91630000 -0.39650000 -0.05620000
vn 0.91630000 -0.39660000 -0.05630000
vn 0.91630000 -0.39650000 -0.05630000
vn 0.90910000 -0.41450000 0.04280000
vn 0.90910000 -0.41450000 0.04280000
vn 0.90910000 -0.41440000 0.04280000
vn 0.90910000 -0.41440000 0.04280000
vn -0.97110000 -0.09560000 0.21890000
vn -0.61810000 -0.18060000 0.76510000
vn -0.97110000 -0.09560000 0.21890000
vn -0.61810000 -0.18050000 0.76510000
vn -0.00000000 -0.18770000 0.98220000
vn -0.00000000 -0.18770000 0.98220000
vn 0.62700000 -0.17740000 0.75860000
vn 0.62700000 -0.17740000 0.75850000
vn 0.97590000 -0.08650000 0.20010000
vn 0.97590000 -0.08650000 0.20020000
vn -0.00000000 -0.99980000 -0.02200000
vn -0.00000000 -0.99580000 -0.09150000
vn -0.00000000 -0.99980000 -0.02200000
vn -0.00000000 -0.99580000 -0.09150000
vn -0.00000000 -0.98640000 -0.16440000
vn -0.00000000 -0.98640000 -0.16440000
vn -1.00000000 -0.00000000 -0.00000000
vn -0.79960000 0.01380000 -0.60040000
vn -1.00000000 -0.00000000 -0.00000000
vn -0.79950000 0.01380000 -0.60050000
vn -0.99090000 -0.00220000 0.13460000
vn -0.99120000 -0.00440000 0.13240000
vn -0.01420000 -0.02440000 0.99960000
vn -0.01420000 -0.02440000 0.99960000
vn -0.00000000 0.99980000 0.02200000
vn -0.00000000 0.99580000 0.09150000
vn -0.00000000 0.99980000 0.02200000
vn -0.00000000 0.99580000 0.09150000
vn -0.00000000 0.98600000 0.16700000
vn -0.00000000 0.98600000 0.16700000
vn 1.00000000 -0.00000000 -0.00000000
vn 0.79980000 0.01400000 -0.60010000
vn 1.00000000 -0.00000000 -0.00000000
vn 0.79960000 0.01380000 -0.60030000
vn 0.99120000 -0.00440000 0.13250000
vn 0.99120000 -0.00440000 0.13250000
vn 0.01420000 -0.02440000 0.99960000
vn 0.01420000 -0.02440000 0.99960000
vn -0.00000000 0.99970000 0.02600000
vn -0.00000000 0.99910000 0.04280000
vn -0.00000000 0.99970000 0.02600000
vn -0.00000000 0.99910000 0.04280000
vn -0.00000000 0.99830000 0.05790000
vn -0.00000000 0.99830000 0.05790000
vn -1.00000000 -0.00000000 -0.00000000
vn -0.80640000 -0.01380000 0.59110000
vn -1.00000000 -0.00000000 -0.00000000
vn -0.80650000 -0.01380000 0.59110000
vn -0.98980000 0.00440000 -0.14240000
vn -0.98980000 0.00440000 -0.14240000
vn -0.02040000 0.02450000 -0.99950000
vn -0.02040000 0.02450000 -0.99950000
vn -0.00000000 -0.99970000 -0.02610000
vn -0.00000000 -0.99910000 -0.04280000
vn -0.00000000 -0.99970000 -0.02610000
vn -0.00000000 -0.99910000 -0.04280000
vn -0.00000000 -0.99830000 -0.05790000
vn -0.00000000 -0.99830000 -0.05790000
vn 1.00000000 -0.00000000 -0.00000000
vn 0.80650000 -0.01380000 0.59110000
vn 1.00000000 -0.00000000 -0.00000000
vn 0.80640000 -0.01380000 0.59110000
vn 0.98980000 0.00430000 -0.14240000
vn 0.98980000 0.00440000 -0.14240000
vn 0.02040000 0.02450000 -0.99950000
vn 0.02040000 0.02450000 -0.99950000
vn -0.03650000 -0.00000000 0.99930000
vn -0.03650000 -0.00000000 0.99930000
vn -0.03650000 -0.00000000 0.99930000
vn -0.03650000 -0.00010000 0.99930000
vn -0.00000000 -0.02400000 0.99970000
vn -0.00000000 -0.02410000 0.99970000
vn -0.70700000 -0.01910000 0.70700000
vn -0.70700000 -0.01960000 0.70690000
vn -0.00000000 -0.02400000 0.99970000
vn -0.00000000 -0.02410000 0.99970000
vn -0.70700000 -0.01890000 0.70700000
vn -0.70700000 -0.01960000 0.70690000
vn -0.10070000 -0.00010000 0.99490000
vn -0.10070000 -0.00000000 0.99490000
vn -0.10070000 -0.00010000 0.99490000
vn -0.10070000 -0.00010000 0.99490000
vn -0.00000000 -0.00000000 -0.00000000
vn 1.00000000 -0.00000000 -0.00000000
vn 1.00000000 -0.00000000 -0.00000000
vn -0.00000000 -0.00000000 -0.00000000
vn 1.00000000 -0.00000000 -0.00000000
vn -0.00000000 -0.00000000 -0.00000000
vn -0.00000000 -0.00000000 -0.00000000
vn 1.00000000 -0.00000000 -0.00000000
vn -0.00000000 -0.00000000 -0.00000000
vn 1.00000000 -0.00000000 -0.00000000
vn 1.00000000 -0.00000000 -0.00000000
vn -0.00000000 -0.00000000 -0.00000000
vn 1.00000000 -0.00000000 -0.00000000
vn -0.00000000 -0.00000000 -0.00000000
vn -0.00000000 -0.00000000 -0.00000000
vn 1.00000000 -0.00000000 -0.00000000
vn 0.93210000 -0.00000000 0.36220000
vn 0.92090000 -0.00000000 0.38990000
vn 0.94120000 -0.24160000 0.23600000
vn 0.92970000 -0.36830000 -0.00000000
vn 0.92090000 -0.38990000 -0.00000000
vn 0.94120000 -0.24160000 -0.23600000
vn 0.93210000 -0.00000000 -0.36220000
vn 0.92090000 -0.00000000 -0.38990000
vn 0.94220000 0.23830000 -0.23550000
vn 0.94120000 0.24160000 0.23600000
vn 0.92970000 0.36830000 -0.00000000
vn 0.92090000 0.38990000 -0.00000000
vn 0.89980000 0.40690000 -0.15760000
vn 0.92810000 0.26480000 -0.26190000
vn 0.89720000 0.16100000 -0.41120000
vn 0.90950000 -0.00260000 -0.41570000
vn 0.89720000 -0.16100000 -0.41120000
vn 0.92810000 -0.26480000 -0.26190000
vn 0.89980000 -0.40690000 -0.15760000
vn 0.91130000 -0.41170000 -0.00000000
vn 0.89980000 -0.40690000 0.15760000
vn 0.92810000 -0.26480000 0.26190000
vn 0.89720000 -0.16100000 0.41120000
vn 0.90850000 -0.00000000 0.41790000
vn 0.89720000 0.16100000 0.41120000
vn 0.92810000 0.26480000 0.26190000
vn 0.89980000 0.40690000 0.15760000
vn 0.91130000 0.41160000 -0.00000000
vn 1.00000000 -0.00000000 -0.00000000
vn 1.00000000 -0.00000000 -0.00000000
vn 1.00000000 -0.00000000 -0.00000000
vn 1.00000000 -0.00000000 -0.00000000
vn 1.00000000 -0.00000000 -0.00000000
vn 1.00000000 -0.00000000 -0.00000000
vn 1.00000000 -0.00000000 -0.00000000
vn 1.00000000 -0.00000000 -0.00000000
vn 1.00000000 -0.00000000 -0.00000000
vn 1.00000000 -0.00000000 -0.00000000
vn 1.00000000 -0.00000000 -0.00000000
vn 1.00000000 -0.00000000 -0.00000000
vn 1.00000000 -0.00000000 -0.00000000
vn 1.00000000 -0.00000000 -0.00000000
vn 1.00000000 -0.00000000 -0.00000000
vn 1.00000000 -0.00000000 -0.00000000
vn -0.00000000 -1.00000000 -0.00000000
vn -0.00000000 -1.00000000 -0.00000000
vn -0.00000000 -1.00000000 -0.00000000
vn -0.00000000 -1.00000000 -0.00000000
vn -0.00000000 -1.00000000 -0.00000000
vn -0.00000000 -1.00000000 -0.00000000
vn -0.00000000 -1.00000000 -0.00000000
vn -0.00000000 -1.00000000 -0.00000000
vn -0.00000000 -1.00000000 -0.00000000
vn -0.00000000 -1.00000000 -0.00000000
vn -0.00000000 -1.00000000 -0.00000000
vn -0.02230000 -0.61670000 -0.78690000
vn -0.06940000 -0.65610000 -0.75150000
vn -0.02230000 -0.61670000 -0.78690000
vn -0.06930000 -0.65610000 -0.75150000
vn -0.06450000 -0.91870000 -0.38960000
vn -0.06450000 -0.91880000 -0.38950000
vn -0.30190000 -0.22790000 -0.92570000
vn -0.30190000 -0.22790000 -0.92570000
vn -0.26230000 0.52150000 -0.81190000
vn -0.26230000 0.52150000 -0.81190000
vn -0.30810000 -0.00000000 -0.95130000
vn -0.30810000 -0.00000000 -0.95130000
vn -0.24530000 -0.60060000 -0.76100000
vn -0.24530000 -0.60060000 -0.76100000
vn -0.08460000 -0.96090000 -0.26380000
vn -0.08440000 -0.96090000 -0.26380000
vn 0.02230000 -0.60740000 -0.79410000
vn 0.07230000 -0.64820000 -0.75810000
vn 0.02230000 -0.60740000 -0.79410000
vn 0.07240000 -0.64810000 -0.75810000
vn 0.06740000 -0.91680000 -0.39370000
vn 0.06740000 -0.91680000 -0.39370000
vn 0.30190000 -0.22790000 -0.92570000
vn 0.30190000 -0.22790000 -0.92570000
vn 0.26230000 0.52150000 -0.81190000
vn 0.26230000 0.52150000 -0.81190000
vn 0.30810000 -0.00000000 -0.95130000
vn 0.30810000 -0.00000000 -0.95140000
vn 0.24530000 -0.60060000 -0.76100000
vn 0.24530000 -0.60060000 -0.76100000
vn 0.08460000 -0.96080000 -0.26390000
vn 0.08460000 -0.96090000 -0.26380000
vn 0.61260000 -0.78970000 -0.03370000
vn 0.58840000 -0.80040000 -0.11470000
vn 0.61260000 -0.78970000 -0.03370000
vn 0.58840000 -0.80040000 -0.11480000
vn 0.29930000 -0.94830000 -0.10590000
vn 0.29930000 -0.94830000 -0.10600000
vn 0.78700000 -0.23020000 -0.57240000
vn 0.78700000 -0.23020000 -0.57240000
vn 0.69070000 0.51970000 -0.50290000
vn 0.69070000 0.51960000 -0.50290000
vn 0.80910000 -0.00000000 -0.58760000
vn 0.80910000 -0.00000000 -0.58770000
vn 0.64540000 -0.60160000 -0.47060000
vn 0.64540000 -0.60170000 -0.47060000
vn 0.22430000 -0.96070000 -0.16360000
vn 0.22430000 -0.96070000 -0.16360000
vn 0.98070000 -0.19570000 -0.00000000
vn 0.97610000 -0.21720000 -0.00000000
vn 0.97610000 -0.21720000 -0.00000000
vn 0.62130000 -0.78360000 -0.00000000
vn 0.62130000 -0.78360000 -0.00000000
vn 0.97300000 -0.23090000 -0.00000000
vn 0.97300000 -0.23090000 -0.00000000
vn 0.85300000 0.52200000 -0.00000000
vn 0.85300000 0.52200000 -0.00000000
vn 1.00000000 -0.00000000 -0.00000000
vn 1.00000000 -0.00000000 -0.00000000
vn 0.80000000 -0.60000000 -0.00000000
vn 0.80000000 -0.60000000 -0.00000000
vn 0.27620000 -0.96110000 -0.00000000
vn 0.27620000 -0.96110000 -0.00000000
vn 0.62010000 -0.78360000 0.03670000
vn 0.59170000 -0.79790000 0.11480000
vn 0.62010000 -0.78360000 0.03670000
vn 0.59180000 -0.79790000 0.11480000
vn 0.29930000 -0.94830000 0.10600000
vn 0.29930000 -0.94830000 0.10590000
vn 0.78700000 -0.23020000 0.57240000
vn 0.78700000 -0.23020000 0.57240000
vn 0.69070000 0.51970000 0.50290000
vn 0.69070000 0.51970000 0.50290000
vn 0.80910000 -0.00000000 0.58770000
vn 0.80910000 -0.00000000 0.58760000
vn 0.64540000 -0.60170000 0.47060000
vn 0.64540000 -0.60170000 0.47060000
vn 0.22430000 -0.96070000 0.16360000
vn 0.22430000 -0.96070000 0.16360000
vn 0.02680000 -0.45030000 0.89250000
vn 0.07450000 -0.57280000 0.81630000
vn 0.02680000 -0.45030000 0.89250000
vn 0.07450000 -0.57290000 0.81630000
vn 0.06750000 -0.91540000 0.39690000
vn 0.06750000 -0.91540000 0.39690000
vn 0.30190000 -0.22790000 0.92570000
vn 0.30190000 -0.22790000 0.92570000
vn 0.26230000 0.52150000 0.81190000
vn 0.26230000 0.52150000 0.81190000
vn 0.30810000 -0.00000000 0.95140000
vn 0.30810000 -0.00000000 0.95140000
vn 0.24530000 -0.60060000 0.76100000
vn 0.24530000 -0.60060000 0.76100000
vn 0.08460000 -0.96080000 0.26390000
vn 0.08460000 -0.96080000 0.26390000
vn -0.02680000 -0.44710000 0.89410000
vn -0.07160000 -0.58460000 0.80810000
vn -0.02680000 -0.44710000 0.89410000
vn -0.07170000 -0.58460000 0.80810000
vn -0.06440000 -0.92010000 0.38630000
vn -0.06440000 -0.92010000 0.38630000
vn -0.30190000 -0.22790000 0.92570000
vn -0.30190000 -0.22790000 0.92570000
vn -0.26230000 0.52150000 0.81190000
vn -0.26230000 0.52150000 0.81190000
vn -0.30810000 -0.00000000 0.95140000
vn -0.30810000 -0.00000000 0.95140000
vn -0.24530000 -0.60060000 0.76100000
vn -0.24530000 -0.60060000 0.76100000
vn -0.08460000 -0.96080000 0.26390000
vn -0.08450000 -0.96080000 0.26390000
vn -0.54800000 -0.83590000 0.03050000
vn -0.52370000 -0.84600000 0.10070000
vn -0.54800000 -0.83590000 0.03050000
vn -0.52360000 -0.84600000 0.10070000
vn -0.25960000 -0.96130000 0.09250000
vn -0.25960000 -0.96130000 0.09250000
vn -0.78700000 -0.23020000 0.57240000
vn -0.78700000 -0.23020000 0.57240000
vn -0.69070000 0.51970000 0.50290000
vn -0.69070000 0.51970000 0.50290000
vn -0.80910000 -0.00000000 0.58760000
vn -0.80910000 -0.00000000 0.58770000
vn -0.64540000 -0.60170000 0.47060000
vn -0.64540000 -0.60170000 0.47060000
vn -0.22430000 -0.96070000 0.16360000
vn -0.22430000 -0.96070000 0.16360000
vn -0.91270000 -0.40850000 -0.00000000
vn -0.89650000 -0.44300000 -0.00000000
vn -0.89650000 -0.44300000 -0.00000000
vn -0.51560000 -0.85680000 -0.00000000
vn -0.51570000 -0.85680000 -0.00000000
vn -0.97300000 -0.23090000 -0.00000000
vn -0.97300000 -0.23090000 -0.00000000
vn -0.85300000 0.52200000 -0.00000000
vn -0.85300000 0.52200000 -0.00000000
vn -1.00000000 -0.00000000 -0.00000000
vn -1.00000000 -0.00000000 -0.00000000
vn -0.80000000 -0.60000000 -0.00000000
vn -0.80000000 -0.60000000 -0.00000000
vn -0.27600000 -0.96110000 -0.00000000
vn -0.27590000 -0.96120000 -0.00000000
vn -0.54800000 -0.83590000 -0.03050000
vn -0.52030000 -0.84800000 -0.10060000
vn -0.54800000 -0.83590000 -0.03050000
vn -0.52030000 -0.84810000 -0.10060000
vn -0.25960000 -0.96130000 -0.09250000
vn -0.25960000 -0.96130000 -0.09250000
vn -0.78700000 -0.23020000 -0.57240000
vn -0.78700000 -0.23020000 -0.57240000
vn -0.69070000 0.51970000 -0.50290000
vn -0.69070000 0.51970000 -0.50290000
vn -0.80910000 -0.00000000 -0.58760000
vn -0.80910000 -0.00000000 -0.58760000
vn -0.64540000 -0.60170000 -0.47060000
vn -0.64540000 -0.60170000 -0.47060000
vn -0.22430000 -0.96070000 -0.16360000
vn -0.22430000 -0.96070000 -0.16360000
vn -0.00000000 -0.00000000 1.00000000
vn -0.00000000 -0.00000000 1.00000000
vn -0.00000000 -0.00000000 1.00000000
vn -0.00000000 -0.00000000 1.00000000
vn -0.00000000 -0.00000000 1.00000000
vn -0.00000000 -0.00000000 1.00000000
vn -0.00000000 -0.00000000 1.00000000
vn -0.00000000 -0.00000000 1.00000000
vn -0.00000000 -0.00000000 1.00000000
vn -0.00000000 -0.00000000 1.00000000
vn -0.00000000 -0.00000000 1.00000000
vn -0.02370000 -0.91280000 0.40770000
vn -0.07130000 -0.82420000 0.56180000
vn -0.02370000 -0.91280000 0.40780000
vn -0.07130000 -0.82420000 0.56180000
vn -0.06430000 -0.38310000 0.92150000
vn -0.06430000 -0.38300000 0.92150000
vn -0.30070000 -0.92770000 0.22130000
vn -0.30070000 -0.92770000 0.22130000
vn -0.26300000 -0.80470000 -0.53220000
vn -0.26300000 -0.80470000 -0.53230000
vn -0.30810000 -0.95140000 -0.00000000
vn -0.30810000 -0.95130000 -0.00000000
vn -0.30810000 -0.95140000 -0.00000000
vn -0.30810000 -0.95130000 -0.00000000
vn -0.30810000 -0.95140000 -0.00000000
vn -0.30810000 -0.95140000 -0.00000000
vn -0.24530000 -0.76100000 0.60060000
vn -0.24530000 -0.76100000 0.60060000
vn -0.08460000 -0.26390000 0.96080000
vn -0.08460000 -0.26390000 0.96080000
vn 0.38160000 -0.92170000 -0.06990000
vn 0.29990000 -0.95140000 -0.06980000
vn 0.30290000 -0.95190000 -0.04580000
vn 0.30370000 -0.95280000 0.00510000
vn 0.30140000 -0.95350000 0.00740000
vn 0.02360000 -0.91420000 0.40460000
vn 0.07420000 -0.82750000 0.55650000
vn 0.02370000 -0.91420000 0.40450000
vn 0.07420000 -0.82750000 0.55650000
vn 0.06450000 -0.38950000 0.91880000
vn 0.06450000 -0.38950000 0.91880000
vn 0.30070000 -0.92770000 0.22130000
vn 0.30070000 -0.92770000 0.22130000
vn 0.26300000 -0.80470000 -0.53230000
vn 0.26300000 -0.80470000 -0.53230000
vn 0.30810000 -0.95140000 -0.00000000
vn 0.30810000 -0.95130000 -0.00000000
vn 0.35780000 -0.93380000 0.00510000
vn 0.38030000 -0.92480000 0.00770000
vn 0.35880000 -0.93220000 -0.04710000
vn 0.24530000 -0.76100000 0.60060000
vn 0.24530000 -0.76100000 0.60060000
vn 0.08460000 -0.26390000 0.96080000
vn 0.08450000 -0.26390000 0.96080000
vn 0.75310000 -0.04260000 0.65650000
vn 0.66390000 -0.11910000 0.73830000
vn 0.75310000 -0.04260000 0.65650000
vn 0.66380000 -0.11910000 0.73830000
vn 0.29540000 -0.10290000 0.94980000
vn 0.29550000 -0.10290000 0.94980000
vn 0.78960000 -0.57290000 0.21990000
vn 0.78960000 -0.57290000 0.21990000
vn 0.68460000 -0.49670000 -0.53350000
vn 0.68460000 -0.49670000 -0.53360000
vn 0.80910000 -0.58770000 -0.00000000
vn 0.80910000 -0.58770000 -0.00000000
vn 0.80910000 -0.58770000 -0.00000000
vn 0.80910000 -0.58770000 -0.00000000
vn 0.80910000 -0.58770000 -0.00000000
vn 0.80910000 -0.58770000 -0.00000000
vn 0.64540000 -0.47060000 0.60170000
vn 0.64540000 -0.47060000 0.60170000
vn 0.22430000 -0.16360000 0.96070000
vn 0.22430000 -0.16360000 0.96070000
vn 0.99090000 -0.00000000 0.13430000
vn 0.98270000 -0.00000000 0.18510000
vn 0.98270000 -0.00000000 0.18510000
vn 0.61830000 -0.00000000 0.78600000
vn 0.61830000 -0.00000000 0.78600000
vn 0.97550000 -0.00000000 0.21990000
vn 0.97550000 -0.00000000 0.21990000
vn 0.84510000 -0.00000000 -0.53460000
vn 0.84510000 -0.00000000 -0.53460000
vn 1.00000000 -0.00000000 -0.00000000
vn 1.00000000 -0.00000000 -0.00000000
vn 1.00000000 -0.00000000 -0.00000000
vn 1.00000000 -0.00000000 -0.00000000
vn 1.00000000 -0.00000000 -0.00000000
vn 1.00000000 -0.00000000 -0.00000000
vn 0.80000000 -0.00000000 0.60000000
vn 0.80000000 -0.00000000 0.60000000
vn 0.27620000 -0.00000000 0.96110000
vn 0.27620000 -0.00000000 0.96110000
vn 0.75310000 0.04260000 0.65650000
vn 0.66380000 0.11910000 0.73830000
vn 0.75310000 0.04260000 0.65650000
vn 0.66390000 0.11900000 0.73830000
vn 0.29540000 0.10290000 0.94980000
vn 0.29550000 0.10290000 0.94980000
vn 0.78960000 0.57290000 0.21990000
vn 0.78960000 0.57290000 0.21990000
vn 0.68460000 0.49670000 -0.53360000
vn 0.68460000 0.49670000 -0.53360000
vn 0.80910000 0.58770000 -0.00000000
vn 0.80910000 0.58770000 -0.00000000
vn 0.80910000 0.58760000 -0.00000000
vn 0.80910000 0.58760000 -0.00000000
vn 0.80910000 0.58760000 -0.00000000
vn 0.80910000 0.58760000 -0.00000000
vn 0.64540000 0.47060000 0.60170000
vn 0.64540000 0.47060000 0.60170000
vn 0.22430000 0.16360000 0.96070000
vn 0.22440000 0.16370000 0.96070000
vn 0.02660000 0.90200000 0.43100000
vn 0.07440000 0.82080000 0.56630000
vn 0.02660000 0.90190000 0.43110000
vn 0.07440000 0.82080000 0.56630000
vn 0.06460000 0.39280000 0.91730000
vn 0.06460000 0.39280000 0.91740000
vn 0.30070000 0.92770000 0.22130000
vn 0.30070000 0.92770000 0.22130000
vn 0.26300000 0.80470000 -0.53220000
vn 0.26300000 0.80470000 -0.53220000
vn 0.30810000 0.95140000 -0.00000000
vn 0.30810000 0.95130000 -0.00000000
vn 0.30810000 0.95130000 -0.00000000
vn 0.30810000 0.95140000 -0.00000000
vn 0.30810000 0.95130000 -0.00000000
vn 0.30810000 0.95130000 -0.00000000
vn 0.24530000 0.76100000 0.60060000
vn 0.24530000 0.76100000 0.60060000
vn 0.08460000 0.26380000 0.96090000
vn 0.08460000 0.26390000 0.96080000
vn -0.02660000 0.90190000 0.43110000
vn -0.07150000 0.81510000 0.57490000
vn -0.02660000 0.90200000 0.43100000
vn -0.07150000 0.81510000 0.57490000
vn -0.06420000 0.37980000 0.92280000
vn -0.06420000 0.37990000 0.92280000
vn -0.30070000 0.92770000 0.22130000
vn -0.30070000 0.92770000 0.22130000
vn -0.26300000 0.80470000 -0.53230000
vn -0.26300000 0.80470000 -0.53230000
vn -0.30810000 0.95140000 -0.00000000
vn -0.30810000 0.95140000 -0.00000000
vn -0.30810000 0.95140000 -0.00000000
vn -0.30810000 0.95130000 -0.00000000
vn -0.30810000 0.95140000 -0.00000000
vn -0.30810000 0.95140000 -0.00000000
vn -0.24530000 0.76100000 0.60060000
vn -0.24530000 0.76100000 0.60060000
vn -0.08460000 0.26390000 0.96080000
vn -0.08450000 0.26380000 0.96090000
vn -0.69080000 0.03980000 0.72200000
vn -0.59800000 0.10550000 0.79450000
vn -0.69070000 0.03980000 0.72200000
vn -0.59800000 0.10550000 0.79450000
vn -0.25600000 0.08960000 0.96250000
vn -0.25600000 0.08960000 0.96250000
vn -0.78960000 0.57290000 0.21990000
vn -0.78960000 0.57290000 0.21990000
vn -0.68460000 0.49670000 -0.53350000
vn -0.68460000 0.49670000 -0.53350000
vn -0.80900000 0.58780000 -0.00000000
vn -0.80910000 0.58770000 -0.00000000
vn -0.80910000 0.58770000 -0.00000000
vn -0.80900000 0.58780000 -0.00000000
vn -0.80910000 0.58770000 -0.00000000
vn -0.80900000 0.58780000 -0.00000000
vn -0.64540000 0.47060000 0.60170000
vn -0.64540000 0.47060000 0.60170000
vn -0.22430000 0.16370000 0.96070000
vn -0.22430000 0.16360000 0.96070000
vn -0.95600000 -0.00000000 0.29340000
vn -0.92220000 -0.00000000 0.38680000
vn -0.92220000 -0.00000000 0.38680000
vn -0.51250000 -0.00000000 0.85870000
vn -0.51250000 -0.00000000 0.85870000
vn -0.97550000 -0.00000000 0.21990000
vn -0.97550000 -0.00000000 0.21990000
vn -0.84510000 -0.00000000 -0.53460000
vn -0.84510000 -0.00000000 -0.53460000
vn -1.00000000 -0.00000000 -0.00000000
vn -1.00000000 -0.00000000 -0.00000000
vn -1.00000000 -0.00000000 -0.00000000
vn -1.00000000 -0.00000000 -0.00000000
vn -1.00000000 -0.00000000 -0.00000000
vn -1.00000000 -0.00000000 -0.00000000
vn -0.80000000 -0.00000000 0.60000000
vn -0.80000000 -0.00000000 0.60000000
vn -0.27600000 -0.00000000 0.96110000
vn -0.27590000 -0.00000000 0.96120000
vn -0.69070000 -0.03980000 0.72210000
vn -0.59800000 -0.10560000 0.79450000
vn -0.69080000 -0.03980000 0.72200000
vn -0.59800000 -0.10550000 0.79450000
vn -0.25600000 -0.08960000 0.96250000
vn -0.25590000 -0.08960000 0.96250000
vn -0.78960000 -0.57290000 0.21990000
vn -0.78960000 -0.57290000 0.21990000
vn -0.68460000 -0.49670000 -0.53360000
vn -0.68460000 -0.49670000 -0.53360000
vn -0.80910000 -0.58760000 -0.00000000
vn -0.80910000 -0.58760000 -0.00000000
vn -0.80910000 -0.58770000 -0.00000000
vn -0.80910000 -0.58760000 -0.00000000
vn -0.80910000 -0.58760000 -0.00000000
vn -0.80910000 -0.58760000 -0.00000000
vn -0.64540000 -0.47060000 0.60170000
vn -0.64540000 -0.47060000 0.60170000
vn -0.22430000 -0.16360000 0.96070000
vn -0.22430000 -0.16360000 0.96070000
vn -0.79260000 -0.20280000 0.57500000
vn -0.79300000 -0.50090000 0.34680000
vn -0.79300000 -0.50090000 0.34680000
vn -0.79020000 -0.61270000 -0.01390000
vn -0.79020000 -0.61270000 -0.01390000
vn -0.79300000 -0.48350000 -0.37080000
vn -0.79300000 -0.48340000 -0.37070000
vn -0.79200000 -0.17300000 -0.58550000
vn -0.79190000 -0.17290000 -0.58560000
vn -0.79290000 0.20280000 -0.57470000
vn -0.79290000 0.20290000 -0.57470000
vn -0.79300000 0.50090000 -0.34670000
vn -0.79300000 0.50090000 -0.34680000
vn -0.79020000 0.61270000 0.01390000
vn -0.79020000 0.61270000 0.01390000
vn -0.79300000 0.48350000 0.37060000
vn -0.79300000 0.48350000 0.37070000
vn -0.79190000 0.17300000 0.58560000
vn -0.79190000 0.17300000 0.58560000
vn -0.79290000 -0.20280000 0.57470000
vn -0.00000000 -0.02410000 0.99970000
vn -0.00000000 -0.02410000 0.99970000
vn -0.00000000 -0.02410000 0.99970000
vn -0.00000000 -0.02410000 0.99970000
vn -0.00000000 0.02400000 -0.99970000
vn -0.00000000 0.02400000 -0.99970000
vn -0.00000000 0.02400000 -0.99970000
vn -0.00000000 0.02400000 -0.99970000
vn -0.00000000 -0.02380000 0.99970000
vn -0.00000000 -0.02390000 0.99970000
vn -0.00000000 -0.02390000 0.99970000
vn -0.00000000 -0.02390000 0.99970000
vn -0.00000000 0.02380000 -0.99970000
vn -0.00000000 0.02400000 -0.99970000
vn -0.00000000 0.02400000 -0.99970000
vn -0.00000000 0.02380000 -0.99970000
vn -0.00000000 -0.02410000 0.99970000
vn 0.39100000 -0.02090000 0.92020000
vn -0.00000000 -0.02410000 0.99970000
vn 0.39100000 -0.02090000 0.92020000
vn 0.04600000 -0.02300000 0.99870000
vn 0.04600000 -0.02300000 0.99870000
vn -0.34820000 -0.02300000 0.93710000
vn -0.34820000 -0.02300000 0.93710000
vn -0.00000000 -0.02410000 0.99970000
vn -0.00000000 -0.02410000 0.99970000
vn -0.00000000 0.56910000 0.82230000
vn -0.00000000 0.56900000 0.82230000
vn -0.00000000 0.56910000 0.82230000
vn -0.00000000 0.56890000 0.82240000
vn -0.00000000 0.56900000 0.82230000
vn -0.00000000 0.56900000 0.82230000
vn 0.38900000 0.52300000 0.75840000
vn 0.38900000 0.52300000 0.75840000
vn 0.04490000 0.56700000 0.82250000
vn 0.04490000 0.56700000 0.82250000
vn -0.34920000 0.53020000 0.77260000
vn -0.34910000 0.53020000 0.77270000
vn -0.00000000 0.56910000 0.82230000
vn -0.00000000 0.56900000 0.82230000
vn -0.00000000 0.94330000 0.33190000
vn -0.00000000 0.94330000 0.33190000
vn -0.00000000 0.94330000 0.33190000
vn -0.00000000 0.94330000 0.33190000
vn -0.00000000 0.94330000 0.33190000
vn -0.00000000 0.94330000 0.33190000
vn 0.38860000 0.86910000 0.30600000
vn 0.38860000 0.86910000 0.30600000
vn 0.04660000 0.94150000 0.33370000
vn 0.04660000 0.94150000 0.33370000
vn -0.34720000 0.88470000 0.31100000
vn -0.34720000 0.88470000 0.31100000
vn -0.00000000 0.94330000 0.33190000
vn -0.00000000 0.94330000 0.33190000
vn -0.00000000 0.95860000 -0.28460000
vn -0.00000000 0.95860000 -0.28460000
vn -0.00000000 0.95860000 -0.28460000
vn -0.00000000 0.95860000 -0.28460000
vn -0.00000000 0.95860000 -0.28460000
vn -0.00000000 0.95860000 -0.28460000
vn 0.39110000 0.88150000 -0.26470000
vn 0.39110000 0.88150000 -0.26470000
vn 0.04540000 0.95750000 -0.28470000
vn 0.04540000 0.95750000 -0.28470000
vn -0.34620000 0.89960000 -0.26630000
vn -0.34620000 0.89960000 -0.26630000
vn -0.00000000 0.95860000 -0.28460000
vn -0.00000000 0.95860000 -0.28460000
vn -0.00000000 0.60610000 -0.79540000
vn -0.00000000 0.60620000 -0.79530000
vn -0.00000000 0.60610000 -0.79540000
vn -0.00000000 0.60610000 -0.79540000
vn -0.00000000 0.60610000 -0.79540000
vn -0.00000000 0.60610000 -0.79540000
vn 0.39160000 0.55940000 -0.73050000
vn 0.39160000 0.55940000 -0.73050000
vn 0.04530000 0.60840000 -0.79230000
vn 0.04530000 0.60840000 -0.79230000
vn -0.34800000 0.56920000 -0.74490000
vn -0.34800000 0.56920000 -0.74490000
vn -0.00000000 0.60610000 -0.79540000
vn -0.00000000 0.60610000 -0.79540000
vn -0.00000000 0.02400000 -0.99970000
vn -0.00000000 0.02400000 -0.99970000
vn -0.04980000 0.01250000 -0.99870000
vn -0.03280000 0.01640000 -0.99930000
vn -0.00000000 0.02400000 -0.99970000
vn -0.00000000 0.02400000 -0.99970000
vn -0.03280000 0.01640000 -0.99930000
vn -0.04980000 0.01250000 -0.99870000
vn 0.39100000 0.02090000 -0.92020000
vn 0.39100000 0.02090000 -0.92020000
vn 0.04600000 0.02300000 -0.99870000
vn 0.04600000 0.02300000 -0.99870000
vn -0.34820000 0.02300000 -0.93710000
vn -0.34820000 0.02300000 -0.93710000
vn -0.00000000 0.02400000 -0.99970000
vn -0.00000000 0.02400000 -0.99970000
vn -0.00000000 -0.56910000 -0.82230000
vn -0.00000000 -0.56910000 -0.82230000
vn -0.00000000 -0.56910000 -0.82230000
vn -0.00000000 -0.56910000 -0.82230000
vn -0.00000000 -0.56910000 -0.82230000
vn -0.00000000 -0.56910000 -0.82230000
vn 0.38900000 -0.52300000 -0.75840000
vn 0.38900000 -0.52300000 -0.75840000
vn 0.04490000 -0.56700000 -0.82250000
vn 0.04490000 -0.56700000 -0.82250000
vn -0.34920000 -0.53020000 -0.77270000
vn -0.34920000 -0.53020000 -0.77270000
vn -0.00000000 -0.56910000 -0.82230000
vn -0.00000000 -0.56910000 -0.82230000
vn -0.00000000 -0.94330000 -0.33200000
vn -0.00000000 -0.94330000 -0.33200000
vn -0.00000000 -0.94330000 -0.33200000
vn -0.00000000 -0.94320000 -0.33210000
vn -0.00000000 -0.94320000 -0.33210000
vn -0.00000000 -0.94330000 -0.33200000
vn 0.38860000 -0.86910000 -0.30600000
vn 0.38860000 -0.86910000 -0.30600000
vn 0.04660000 -0.94150000 -0.33370000
vn 0.04660000 -0.94150000 -0.33370000
vn -0.34720000 -0.88470000 -0.31100000
vn -0.34720000 -0.88470000 -0.31100000
vn -0.00000000 -0.94330000 -0.33200000
vn -0.00000000 -0.94330000 -0.33200000
vn -0.00000000 -0.95860000 0.28460000
vn -0.00000000 -0.95860000 0.28460000
vn -0.00000000 -0.95860000 0.28460000
vn -0.00000000 -0.95860000 0.28460000
vn -0.00000000 -0.95860000 0.28460000
vn -0.00000000 -0.95860000 0.28460000
vn 0.39110000 -0.88150000 0.26470000
vn 0.39110000 -0.88150000 0.26470000
vn 0.04540000 -0.95750000 0.28470000
vn 0.04540000 -0.95750000 0.28470000
vn -0.34620000 -0.89960000 0.26630000
vn -0.34620000 -0.89960000 0.26630000
vn -0.00000000 -0.95860000 0.28460000
vn -0.00000000 -0.95860000 0.28460000
vn -0.00000000 -0.60610000 0.79540000
vn -0.00000000 -0.60610000 0.79540000
vn -0.00000000 -0.60610000 0.79540000
vn -0.00000000 -0.60610000 0.79540000
vn -0.00000000 -0.60610000 0.79540000
vn -0.00000000 -0.60610000 0.79540000
vn 0.39160000 -0.55940000 0.73060000
vn 0.39160000 -0.55940000 0.73050000
vn 0.04530000 -0.60840000 0.79230000
vn 0.04530000 -0.60840000 0.79230000
vn -0.34800000 -0.56920000 0.74490000
vn -0.34800000 -0.56920000 0.74490000
vn -0.00000000 -0.60610000 0.79540000
vn -0.00000000 -0.60610000 0.79540000
vn 0.88770000 -0.18100000 0.42340000
vn 0.88860000 -0.39230000 0.23770000
vn 0.88860000 -0.39230000 0.23770000
vn 0.88760000 -0.45880000 -0.04070000
vn 0.88760000 -0.45870000 -0.04070000
vn 0.88750000 -0.34900000 -0.30090000
vn 0.88750000 -0.34900000 -0.30090000
vn 0.88780000 -0.10420000 -0.44820000
vn 0.88790000 -0.10430000 -0.44820000
vn 0.88770000 0.18110000 -0.42340000
vn 0.88770000 0.18100000 -0.42340000
vn 0.88860000 0.39230000 -0.23770000
vn 0.88860000 0.39230000 -0.23780000
vn 0.88760000 0.45880000 0.04070000
vn 0.88760000 0.45870000 0.04070000
vn 0.88750000 0.34900000 0.30090000
vn 0.88750000 0.34900000 0.30080000
vn 0.88780000 0.10430000 0.44820000
vn 0.88790000 0.10430000 0.44820000
vn 0.88770000 -0.18110000 0.42340000
vn -0.95880000 -0.03500000 0.28210000
vn -0.59950000 -0.03940000 0.79940000
vn -0.95870000 -0.03490000 0.28220000
vn -0.59950000 -0.03940000 0.79940000
vn -0.00000000 -0.02820000 0.99960000
vn -0.00000000 -0.02820000 0.99960000
vn -0.00000000 -0.02820000 0.99960000
vn -0.00000000 -0.02820000 0.99960000
vn 0.61200000 -0.03950000 0.78980000
vn 0.61210000 -0.03950000 0.78980000
vn 0.96790000 -0.03180000 0.24930000
vn 0.96790000 -0.03180000 0.24930000
vn -0.95870000 0.03500000 0.28220000
vn -0.59950000 0.03940000 0.79940000
vn -0.95870000 0.03490000 0.28210000
vn -0.59950000 0.03940000 0.79940000
vn -0.00000000 0.02820000 0.99960000
vn -0.00000000 0.02820000 0.99960000
vn -0.00000000 0.02820000 0.99960000
vn -0.00000000 0.02820000 0.99960000
vn 0.61210000 0.03950000 0.78980000
vn 0.61210000 0.03950000 0.78980000
vn 0.96790000 0.03180000 0.24930000
vn 0.96790000 0.03180000 0.24930000
vn 0.97490000 0.21500000 0.05860000
vn 0.97490000 0.21500000 0.05860000
vn 0.97490000 0.21500000 0.05860000
vn 0.97480000 0.21500000 0.05870000
vn 0.83910000 0.54400000 -0.00000000
vn 0.83910000 0.54400000 -0.00000000
vn 0.83900000 0.54410000 -0.00000000
vn 0.83910000 0.54400000 -0.00000000
vn 0.79320000 0.43710000 -0.42410000
vn 0.79320000 0.43700000 -0.42410000
vn 0.79320000 0.43710000 -0.42410000
vn 0.79320000 0.43710000 -0.42410000
vn -0.75030000 0.29820000 -0.59000000
vn -0.27660000 0.13030000 -0.95210000
vn -0.75030000 0.29820000 -0.59000000
vn -0.41990000 0.18080000 -0.88940000
vn -0.00000000 0.02820000 -0.99960000
vn 0.28860000 0.12830000 -0.94880000
vn -0.00000000 0.02820000 -0.99960000
vn 0.43650000 0.18090000 -0.88130000
vn 0.77430000 0.29320000 -0.56080000
vn 0.77430000 0.29310000 -0.56080000
vn -0.95870000 -0.03500000 -0.28210000
vn -0.59950000 -0.03940000 -0.79940000
vn -0.95870000 -0.03490000 -0.28210000
vn -0.59950000 -0.03940000 -0.79940000
vn -0.00000000 -0.02820000 -0.99960000
vn -0.00000000 -0.02810000 -0.99960000
vn -0.00000000 -0.02810000 -0.99960000
vn -0.00000000 -0.02810000 -0.99960000
vn 0.61210000 -0.03950000 -0.78980000
vn 0.61210000 -0.03950000 -0.78980000
vn 0.96790000 -0.03180000 -0.24930000
vn 0.96790000 -0.03180000 -0.24930000
vn -0.96660000 -0.24790000 -0.06510000
vn -0.61530000 -0.78800000 -0.01950000
vn -0.96660000 -0.24790000 -0.06510000
vn -0.61540000 -0.78800000 -0.01950000
vn -0.00000000 -0.99930000 0.03650000
vn -0.00000000 -0.99930000 0.03650000
vn -0.00000000 -0.99930000 0.03640000
vn -0.00000000 -0.99930000 0.03640000
vn 0.62490000 -0.78060000 -0.01390000
vn 0.62500000 -0.78050000 -0.01390000
vn 0.97490000 -0.21500000 -0.05860000
vn 0.97480000 -0.21500000 -0.05870000
vn -0.80230000 -0.59690000 -0.00000000
vn -0.44930000 -0.89340000 -0.00000000
vn -0.80230000 -0.59690000 -0.00000000
vn -0.44930000 -0.89340000 -0.00000000
vn -0.00000000 -1.00000000 -0.00000000
vn -0.00000000 -1.00000000 -0.00000000
vn -0.00000000 -1.00000000 -0.00000000
vn -0.00000000 -1.00000000 -0.00000000
vn 0.47770000 -0.87850000 -0.00000000
vn 0.47770000 -0.87850000 -0.00000000
vn 0.83910000 -0.54400000 -0.00000000
vn 0.83910000 -0.54400000 -0.00000000
vn -0.96660000 -0.24790000 0.06520000
vn -0.61230000 -0.79040000 0.01950000
vn -0.96660000 -0.24790000 0.06510000
vn -0.61220000 -0.79040000 0.01950000
vn -0.00000000 -0.99930000 -0.03650000
vn -0.00000000 -0.99930000 -0.03650000
vn -0.00000000 -0.99930000 -0.03650000
vn -0.00000000 -0.99930000 -0.03650000
vn 0.62490000 -0.78050000 0.01390000
vn 0.62490000 -0.78050000 0.01390000
vn 0.97480000 -0.21500000 0.05860000
vn 0.97490000 -0.21500000 0.05860000
vn -0.90030000 -0.25680000 0.35130000
vn -0.89910000 -0.41690000 0.13330000
vn -0.89910000 -0.41690000 0.13330000
vn -0.89910000 -0.41690000 -0.13330000
vn -0.89910000 -0.41690000 -0.13330000
vn -0.90030000 -0.25680000 -0.35130000
vn -0.90040000 -0.25680000 -0.35130000
vn -0.89960000 -0.00000000 -0.43670000
vn -0.89960000 -0.00000000 -0.43670000
vn -0.90030000 0.25680000 -0.35130000
vn -0.90030000 0.25680000 -0.35130000
vn -0.89910000 0.41690000 -0.13330000
vn -0.89910000 0.41690000 -0.13330000
vn -0.89910000 0.41700000 0.13330000
vn -0.89910000 0.41690000 0.13330000
vn -0.90030000 0.25680000 0.35130000
vn -0.90030000 0.25680000 0.35130000
vn -0.89960000 -0.00000000 0.43660000
vn -0.89960000 0.00010000 0.43670000
vn -0.90030000 -0.25680000 0.35130000
vn -0.00000000 -1.00000000 -0.00000000
vn -0.00000000 -1.00000000 -0.00000000
vn -0.00000000 -1.00000000 -0.00000000
vn -0.00000000 -1.00000000 -0.00000000
vn -0.00000000 -1.00000000 -0.00000000
vn -0.00000000 -1.00000000 -0.00000000
vn -0.00000000 -1.00000000 -0.00000000
vn -0.00000000 -1.00000000 -0.00000000
vn 0.55650000 -0.83080000 -0.00000000
vn 0.55660000 -0.83080000 -0.00000000
vn -0.18250000 -0.98320000 -0.00000000
vn -0.18250000 -0.98320000 -0.00000000
vn -0.82870000 -0.55970000 -0.00000000
vn -0.82870000 -0.55970000 -0.00000000
vn -0.25890000 -0.96590000 -0.00000000
vn -0.32590000 -0.94540000 -0.00000000
vn -0.32590000 -0.94540000 -0.00000000
vn -0.45980000 -0.04350000 0.88700000
vn -0.60820000 -0.09020000 0.78860000
vn -0.45990000 -0.04360000 0.88690000
vn -0.60820000 -0.09020000 0.78860000
vn -0.92790000 -0.07780000 0.36470000
vn -0.92790000 -0.07780000 0.36470000
vn -0.18370000 -0.30330000 0.93500000
vn -0.18370000 -0.30330000 0.93500000
vn 0.55540000 -0.25730000 0.79080000
vn 0.55540000 -0.25730000 0.79080000
vn -0.00000000 -0.30810000 0.95140000
vn -0.00000000 -0.30810000 0.95130000
vn -0.00000000 -0.30810000 0.95140000
vn -0.00000000 -0.30810000 0.95130000
vn -0.00000000 -0.30810000 0.95140000
vn -0.00000000 -0.30810000 0.95140000
vn -0.45980000 0.04350000 0.88690000
vn -0.60830000 0.09020000 0.78860000
vn -0.45980000 0.04350000 0.88700000
vn -0.60820000 0.09020000 0.78860000
vn -0.92790000 0.07780000 0.36470000
vn -0.92790000 0.07780000 0.36470000
vn -0.18370000 0.30330000 0.93500000
vn -0.18370000 0.30330000 0.93500000
vn 0.55540000 0.25730000 0.79080000
vn 0.55540000 0.25730000 0.79080000
vn -0.00000000 0.30810000 0.95140000
vn -0.00000000 0.30810000 0.95130000
vn -0.00000000 0.30820000 0.95130000
vn -0.00000000 0.30810000 0.95140000
vn -0.00000000 0.30810000 0.95140000
vn -0.00000000 0.30810000 0.95130000
vn -0.75020000 0.65790000 0.06640000
vn -0.80030000 0.58220000 0.14330000
vn -0.75020000 0.65780000 0.06640000
vn -0.80030000 0.58220000 0.14330000
vn -0.95530000 0.27100000 0.11840000
vn -0.95530000 0.27100000 0.11840000
vn -0.18270000 0.79490000 0.57860000
vn -0.18270000 0.79490000 0.57860000
vn 0.55770000 0.67200000 0.48720000
vn 0.55770000 0.67200000 0.48720000
vn -0.00000000 0.80910000 0.58770000
vn -0.00000000 0.80910000 0.58770000
vn -0.00000000 0.80910000 0.58770000
vn -0.00000000 0.80910000 0.58770000
vn -0.00000000 0.80910000 0.58770000
vn -0.00000000 0.80910000 0.58770000
vn -0.25890000 0.96590000 -0.00000000
vn -0.32590000 0.94540000 -0.00000000
vn -0.32590000 0.94540000 -0.00000000
vn -0.82870000 0.55970000 -0.00000000
vn -0.82870000 0.55970000 -0.00000000
vn -0.18250000 0.98320000 -0.00000000
vn -0.18250000 0.98320000 -0.00000000
vn 0.55660000 0.83080000 -0.00000000
vn 0.55660000 0.83080000 -0.00000000
vn -0.00000000 1.00000000 -0.00000000
vn -0.00000000 1.00000000 -0.00000000
vn -0.00000000 1.00000000 -0.00000000
vn -0.00000000 1.00000000 -0.00000000
vn -0.00000000 1.00000000 -0.00000000
vn -0.00000000 1.00000000 -0.00000000
vn -0.75290000 0.65480000 -0.06630000
vn -0.80030000 0.58220000 -0.14330000
vn -0.75290000 0.65480000 -0.06640000
vn -0.80020000 0.58230000 -0.14340000
vn -0.95530000 0.27100000 -0.11840000
vn -0.95530000 0.27100000 -0.11840000
vn -0.18270000 0.79490000 -0.57860000
vn -0.18270000 0.79490000 -0.57860000
vn 0.55770000 0.67200000 -0.48720000
vn 0.55770000 0.67200000 -0.48720000
vn -0.00000000 0.80910000 -0.58770000
vn -0.00000000 0.80910000 -0.58760000
vn -0.00000000 0.80910000 -0.58770000
vn -0.00000000 0.80910000 -0.58770000
vn -0.00000000 0.80910000 -0.58760000
vn -0.00000000 0.80910000 -0.58760000
vn -0.49010000 0.03830000 -0.87080000
vn -0.62110000 0.09040000 -0.77850000
vn -0.49020000 0.03830000 -0.87080000
vn -0.62110000 0.09040000 -0.77850000
vn -0.92790000 0.07780000 -0.36470000
vn -0.92790000 0.07780000 -0.36470000
vn -0.18370000 0.30330000 -0.93500000
vn -0.18370000 0.30330000 -0.93500000
vn 0.55540000 0.25730000 -0.79080000
vn 0.55540000 0.25730000 -0.79080000
vn -0.00000000 0.30810000 -0.95140000
vn -0.00000000 0.30810000 -0.95140000
vn -0.00000000 0.30810000 -0.95140000
vn -0.00000000 0.30810000 -0.95140000
vn -0.00000000 0.30810000 -0.95140000
vn -0.00000000 0.30810000 -0.95140000
vn -0.47500000 -0.04090000 -0.87900000
vn -0.61470000 -0.09030000 -0.78360000
vn -0.47500000 -0.04100000 -0.87900000
vn -0.61470000 -0.09030000 -0.78360000
vn -0.92790000 -0.07780000 -0.36470000
vn -0.92790000 -0.07780000 -0.36470000
vn -0.18370000 -0.30330000 -0.93500000
vn -0.18370000 -0.30330000 -0.93500000
vn 0.55540000 -0.25730000 -0.79080000
vn 0.55540000 -0.25730000 -0.79080000
vn -0.00000000 -0.30810000 -0.95130000
vn -0.00000000 -0.30810000 -0.95140000
vn -0.00000000 -0.30810000 -0.95140000
vn -0.00000000 -0.30810000 -0.95130000
vn -0.00000000 -0.30810000 -0.95140000
vn -0.00000000 -0.30810000 -0.95140000
vn -0.75290000 -0.65480000 -0.06640000
vn -0.80030000 -0.58220000 -0.14330000
vn -0.75290000 -0.65480000 -0.06640000
vn -0.80030000 -0.58230000 -0.14330000
vn -0.95530000 -0.27100000 -0.11840000
vn -0.95530000 -0.27100000 -0.11840000
vn -0.18270000 -0.79490000 -0.57860000
vn -0.18270000 -0.79490000 -0.57860000
vn 0.55770000 -0.67200000 -0.48720000
vn 0.55770000 -0.67200000 -0.48720000
vn -0.00000000 -0.80910000 -0.58770000
vn -0.00000000 -0.80910000 -0.58770000
vn -0.00000000 -0.80910000 -0.58770000
vn -0.00000000 -0.80910000 -0.58770000
vn -0.00000000 -0.80910000 -0.58770000
vn -0.00000000 -0.80910000 -0.58770000
vn -0.00000000 -1.00000000 -0.00000000
vn -0.00000000 -1.00000000 -0.00000000
vn -0.00000000 -1.00000000 -0.00000000
vn -0.00000000 -1.00000000 -0.00000000
vn -0.75290000 -0.65480000 0.06640000
vn -0.80030000 -0.58230000 0.14330000
vn -0.75290000 -0.65480000 0.06640000
vn -0.80030000 -0.58230000 0.14330000
vn -0.95530000 -0.27100000 0.11840000
vn -0.95530000 -0.27100000 0.11840000
vn -0.18270000 -0.79490000 0.57860000
vn -0.18270000 -0.79490000 0.57860000
vn 0.55770000 -0.67200000 0.48720000
vn 0.55770000 -0.67200000 0.48720000
vn -0.00000000 -0.80910000 0.58770000
vn -0.00000000 -0.80910000 0.58770000
vn -0.00000000 -0.80910000 0.58770000
vn -0.00000000 -0.80910000 0.58770000
vn -0.00000000 -0.80910000 0.58770000
vn -0.00000000 -0.80910000 0.58770000
vn -0.00000000 1.00000000 -0.00000000
vn -0.00000000 1.00000000 -0.00000000
vn -0.00000000 1.00000000 -0.00000000
vn -0.00000000 1.00000000 -0.00000000
vn -0.00000000 1.00000000 -0.00000000
vn -0.00000000 1.00000000 -0.00000000
vn -0.00000000 1.00000000 -0.00000000
vn -0.00000000 1.00000000 -0.00000000
vn -0.00000000 1.00000000 -0.00000000
vn -0.00000000 1.00000000 -0.00000000
vn -0.00000000 1.00000000 -0.00000000
vn -0.01960000 0.74240000 0.66960000
vn -0.06650000 0.71990000 0.69090000
vn -0.01960000 0.74250000 0.66960000
vn -0.06950000 0.71830000 0.69220000
vn -0.06750000 0.91530000 0.39700000
vn -0.06750000 0.91540000 0.39690000
vn -0.30130000 0.22460000 0.92670000
vn -0.30130000 0.22460000 0.92670000
vn -0.26560000 -0.51880000 0.81260000
vn -0.26560000 -0.51880000 0.81260000
vn -0.30800000 -0.00000000 0.95140000
vn -0.30800000 -0.00000000 0.95140000
vn -0.24530000 0.60060000 0.76100000
vn -0.24530000 0.60060000 0.76100000
vn -0.08460000 0.96080000 0.26390000
vn -0.08460000 0.96080000 0.26390000
vn 0.01960000 0.73980000 0.67250000
vn 0.06950000 0.71550000 0.69510000
vn 0.01970000 0.73980000 0.67250000
vn 0.06950000 0.71550000 0.69520000
vn 0.06760000 0.91390000 0.40020000
vn 0.06760000 0.91390000 0.40020000
vn 0.30130000 0.22460000 0.92670000
vn 0.30130000 0.22460000 0.92670000
vn 0.26570000 -0.51880000 0.81260000
vn 0.26570000 -0.51880000 0.81260000
vn 0.30800000 -0.00000000 0.95140000
vn 0.30800000 -0.00000000 0.95140000
vn 0.24530000 0.60060000 0.76100000
vn 0.24540000 0.60410000 0.75820000
vn 0.08460000 0.96080000 0.26390000
vn 0.08460000 0.96080000 0.26390000
vn 0.45670000 0.88920000 0.02690000
vn 0.51350000 0.85110000 0.10960000
vn 0.45670000 0.88920000 0.02690000
vn 0.51350000 0.85110000 0.10960000
vn 0.30310000 0.94670000 0.10900000
vn 0.30630000 0.94560000 0.10920000
vn 0.78880000 0.22670000 0.57140000
vn 0.78880000 0.22670000 0.57140000
vn 0.69070000 -0.51970000 0.50290000
vn 0.69070000 -0.51960000 0.50290000
vn 0.80910000 -0.00000000 0.58770000
vn 0.80910000 -0.00000000 0.58770000
vn 0.64540000 0.60170000 0.47060000
vn 0.64540000 0.60170000 0.47060000
vn 0.22430000 0.96070000 0.16360000
vn 0.22430000 0.96070000 0.16360000
vn 0.95690000 0.29050000 -0.00000000
vn 0.96440000 0.26450000 -0.00000000
vn 0.96440000 0.26450000 -0.00000000
vn 0.62740000 0.77870000 -0.00000000
vn 0.62730000 0.77880000 -0.00000000
vn 0.97430000 0.22540000 -0.00000000
vn 0.97430000 0.22540000 -0.00000000
vn 0.85490000 -0.51880000 -0.00000000
vn 0.85490000 -0.51880000 -0.00000000
vn 1.00000000 -0.00000000 -0.00000000
vn 1.00000000 -0.00000000 -0.00000000
vn 0.80000000 0.60000000 -0.00000000
vn 0.80000000 0.60000000 -0.00000000
vn 0.27600000 0.96120000 -0.00000000
vn 0.27600000 0.96120000 -0.00000000
vn 0.45990000 0.88760000 -0.02690000
vn 0.51350000 0.85110000 -0.10960000
vn 0.45990000 0.88760000 -0.02690000
vn 0.51350000 0.85100000 -0.10970000
vn 0.30630000 0.94570000 -0.10930000
vn 0.30630000 0.94570000 -0.10920000
vn 0.78870000 0.22670000 -0.57140000
vn 0.78870000 0.22670000 -0.57140000
vn 0.69070000 -0.51970000 -0.50290000
vn 0.69070000 -0.51960000 -0.50290000
vn 0.80910000 -0.00000000 -0.58770000
vn 0.80910000 -0.00000000 -0.58760000
vn 0.64540000 0.60170000 -0.47060000
vn 0.64540000 0.60170000 -0.47060000
vn 0.22430000 0.96070000 -0.16360000
vn 0.22430000 0.96070000 -0.16360000
vn 0.01950000 0.63070000 -0.77580000
vn 0.06940000 0.65920000 -0.74870000
vn 0.01960000 0.63070000 -0.77580000
vn 0.06940000 0.65920000 -0.74880000
vn 0.06770000 0.91250000 -0.40350000
vn 0.06770000 0.91250000 -0.40340000
vn 0.30130000 0.22460000 -0.92670000
vn 0.30130000 0.22460000 -0.92670000
vn 0.26570000 -0.51880000 -0.81260000
vn 0.26570000 -0.51880000 -0.81260000
vn 0.30810000 -0.00000000 -0.95140000
vn 0.30810000 -0.00000000 -0.95140000
vn 0.24530000 0.60060000 -0.76100000
vn 0.24540000 0.60400000 -0.75820000
vn 0.08450000 0.96080000 -0.26390000
vn 0.08460000 0.96080000 -0.26390000
vn -0.01670000 0.65650000 -0.75420000
vn -0.06650000 0.68210000 -0.72830000
vn -0.01670000 0.65650000 -0.75420000
vn -0.06650000 0.68210000 -0.72830000
vn -0.06740000 0.91680000 -0.39370000
vn -0.06740000 0.91680000 -0.39370000
vn -0.30130000 0.22460000 -0.92670000
vn -0.30130000 0.22460000 -0.92670000
vn -0.26570000 -0.51880000 -0.81260000
vn -0.26570000 -0.51880000 -0.81260000
vn -0.30810000 -0.00000000 -0.95140000
vn -0.30810000 -0.00000000 -0.95140000
vn -0.24530000 0.60060000 -0.76100000
vn -0.24530000 0.60060000 -0.76100000
vn -0.08460000 0.96080000 -0.26390000
vn -0.08460000 0.96080000 -0.26390000
vn -0.39510000 0.91830000 -0.02350000
vn -0.44520000 0.89040000 -0.09520000
vn -0.39500000 0.91840000 -0.02360000
vn -0.44510000 0.89040000 -0.09520000
vn -0.26630000 0.95910000 -0.09560000
vn -0.26630000 0.95910000 -0.09570000
vn -0.78880000 0.22670000 -0.57140000
vn -0.78880000 0.22670000 -0.57140000
vn -0.69070000 -0.51970000 -0.50290000
vn -0.69070000 -0.51970000 -0.50290000
vn -0.80910000 -0.00000000 -0.58770000
vn -0.80910000 -0.00000000 -0.58760000
vn -0.64540000 0.60170000 -0.47060000
vn -0.64540000 0.60170000 -0.47060000
vn -0.22430000 0.96070000 -0.16360000
vn -0.22430000 0.96070000 -0.16360000
vn -0.82660000 0.56280000 -0.00000000
vn -0.85490000 0.51880000 -0.00000000
vn -0.85490000 0.51880000 -0.00000000
vn -0.52200000 0.85300000 -0.00000000
vn -0.52200000 0.85300000 -0.00000000
vn -0.97430000 0.22540000 -0.00000000
vn -0.97430000 0.22540000 -0.00000000
vn -0.85490000 -0.51880000 -0.00000000
vn -0.85490000 -0.51880000 -0.00000000
vn -1.00000000 -0.00000000 -0.00000000
vn -1.00000000 -0.00000000 -0.00000000
vn -0.80000000 0.60000000 -0.00000000
vn -0.80000000 0.60000000 -0.00000000
vn -0.27600000 0.96120000 -0.00000000
vn -0.27610000 0.96110000 -0.00000000
vn -0.39500000 0.91840000 0.02350000
vn -0.44520000 0.89040000 0.09520000
vn -0.39510000 0.91830000 0.02360000
vn -0.44510000 0.89040000 0.09520000
vn -0.26630000 0.95910000 0.09570000
vn -0.26620000 0.95920000 0.09560000
vn -0.78880000 0.22670000 0.57140000
vn -0.78880000 0.22670000 0.57140000
vn -0.69070000 -0.51970000 0.50290000
vn -0.69070000 -0.51970000 0.50290000
vn -0.80910000 -0.00000000 0.58760000
vn -0.80910000 -0.00000000 0.58770000
vn -0.64540000 0.60170000 0.47060000
vn -0.64540000 0.60160000 0.47060000
vn -0.22430000 0.96070000 0.16360000
vn -0.22440000 0.96070000 0.16360000
vn -0.00000000 -0.00000000 -1.00000000
vn -0.00000000 -0.00000000 -1.00000000
vn -0.00000000 -0.00000000 -1.00000000
vn -0.00000000 -0.00000000 -1.00000000
vn -0.00000000 -0.00000000 -1.00000000
vn -0.00000000 -0.00000000 -1.00000000
vn -0.00000000 -0.00000000 -1.00000000
vn -0.00000000 -0.00000000 -1.00000000
vn -0.00000000 -0.00000000 -1.00000000
vn -0.00000000 -0.00000000 -1.00000000
vn -0.00000000 -0.00000000 -1.00000000
vn -0.01910000 0.84750000 -0.53040000
vn -0.06910000 0.78260000 -0.61860000
vn -0.01920000 0.84750000 -0.53040000
vn -0.06900000 0.78260000 -0.61870000
vn -0.06770000 0.40350000 -0.91250000
vn -0.06770000 0.40340000 -0.91250000
vn -0.30470000 0.94140000 -0.14420000
vn -0.30470000 0.94150000 -0.14420000
vn -0.25170000 0.77080000 0.58520000
vn -0.25170000 0.77080000 0.58520000
vn -0.30810000 0.95140000 -0.00000000
vn -0.30810000 0.95140000 -0.00000000
vn -0.24530000 0.76100000 -0.60060000
vn -0.24530000 0.76100000 -0.60060000
vn -0.08460000 0.26390000 -0.96080000
vn -0.08460000 0.26390000 -0.96080000
vn 0.02180000 0.85850000 -0.51240000
vn 0.07190000 0.79370000 -0.60400000
vn 0.02180000 0.85850000 -0.51240000
vn 0.07190000 0.79370000 -0.60400000
vn 0.07070000 0.40760000 -0.91040000
vn 0.07070000 0.40770000 -0.91040000
vn 0.30470000 0.94150000 -0.14420000
vn 0.30470000 0.94150000 -0.14420000
vn 0.25170000 0.77090000 0.58520000
vn 0.25170000 0.77090000 0.58520000
vn 0.30810000 0.95130000 -0.00000000
vn 0.30810000 0.95130000 -0.00000000
vn 0.24530000 0.76100000 -0.60060000
vn 0.24530000 0.76100000 -0.60060000
vn 0.08460000 0.26390000 -0.96080000
vn 0.08460000 0.26390000 -0.96080000
vn 0.63250000 0.03670000 -0.77370000
vn 0.59840000 0.11500000 -0.79290000
vn 0.63250000 0.03670000 -0.77370000
vn 0.59830000 0.11500000 -0.79300000
vn 0.31020000 0.11230000 -0.94400000
vn 0.31020000 0.11230000 -0.94400000
vn 0.80030000 0.58230000 -0.14340000
vn 0.80030000 0.58230000 -0.14330000
vn 0.65560000 0.47740000 0.58500000
vn 0.65560000 0.47740000 0.58500000
vn 0.80910000 0.58760000 -0.00000000
vn 0.80910000 0.58770000 -0.00000000
vn 0.64540000 0.47060000 -0.60170000
vn 0.64540000 0.47060000 -0.60170000
vn 0.22440000 0.16360000 -0.96070000
vn 0.22440000 0.16360000 -0.96070000
vn 0.98220000 -0.00000000 -0.18780000
vn 0.97730000 -0.00000000 -0.21180000
vn 0.97730000 -0.00000000 -0.21180000
vn 0.63340000 -0.00000000 -0.77390000
vn 0.63340000 -0.00000000 -0.77390000
vn 0.98990000 -0.00000000 -0.14170000
vn 0.98990000 -0.00000000 -0.14170000
vn 0.81140000 -0.00000000 0.58460000
vn 0.81130000 -0.00000000 0.58460000
vn 1.00000000 -0.00000000 -0.00000000
vn 1.00000000 -0.00000000 -0.00000000
vn 0.80000000 -0.00000000 -0.60000000
vn 0.80000000 -0.00000000 -0.60000000
vn 0.27600000 -0.00000000 -0.96120000
vn 0.27600000 -0.00000000 -0.96120000
vn 0.63250000 -0.03670000 -0.77370000
vn 0.59830000 -0.11500000 -0.79290000
vn 0.63250000 -0.03670000 -0.77370000
vn 0.59830000 -0.11500000 -0.79300000
vn 0.31020000 -0.11240000 -0.94400000
vn 0.31020000 -0.11230000 -0.94400000
vn 0.80030000 -0.58230000 -0.14340000
vn 0.80030000 -0.58230000 -0.14330000
vn 0.65560000 -0.47740000 0.58500000
vn 0.65560000 -0.47740000 0.58500000
vn 0.80910000 -0.58770000 -0.00000000
vn 0.80910000 -0.58770000 -0.00000000
vn 0.64540000 -0.47060000 -0.60170000
vn 0.64540000 -0.47060000 -0.60160000
vn 0.22430000 -0.16360000 -0.96070000
vn 0.22430000 -0.16360000 -0.96070000
vn 0.02480000 -0.84180000 -0.53920000
vn 0.07200000 -0.78640000 -0.61360000
vn 0.02480000 -0.84180000 -0.53920000
vn 0.07200000 -0.78630000 -0.61360000
vn 0.07070000 -0.41090000 -0.90890000
vn 0.07080000 -0.41090000 -0.90890000
vn 0.30470000 -0.94140000 -0.14420000
vn 0.30470000 -0.94150000 -0.14420000
vn 0.25170000 -0.77080000 0.58520000
vn 0.25170000 -0.77080000 0.58520000
vn 0.30810000 -0.95140000 -0.00000000
vn 0.30820000 -0.95130000 -0.00000000
vn 0.24530000 -0.76100000 -0.60060000
vn 0.24530000 -0.76100000 -0.60060000
vn 0.08460000 -0.26390000 -0.96080000
vn 0.08460000 -0.26390000 -0.96080000
vn -0.02200000 -0.84060000 -0.54120000
vn -0.06910000 -0.77760000 -0.62500000
vn -0.02200000 -0.84060000 -0.54120000
vn -0.06910000 -0.77760000 -0.62500000
vn -0.07040000 -0.39780000 -0.91480000
vn -0.07040000 -0.39790000 -0.91470000
vn -0.30470000 -0.94140000 -0.14420000
vn -0.30470000 -0.94150000 -0.14420000
vn -0.25170000 -0.77090000 0.58520000
vn -0.25170000 -0.77090000 0.58520000
vn -0.30810000 -0.95140000 -0.00000000
vn -0.30810000 -0.95140000 -0.00000000
vn -0.24530000 -0.76100000 -0.60060000
vn -0.24530000 -0.76100000 -0.60060000
vn -0.08460000 -0.26390000 -0.96080000
vn -0.08460000 -0.26390000 -0.96080000
vn -0.56530000 -0.03340000 -0.82420000
vn -0.53040000 -0.10090000 -0.84170000
vn -0.56520000 -0.03340000 -0.82420000
vn -0.53030000 -0.10090000 -0.84180000
vn -0.26990000 -0.09860000 -0.95780000
vn -0.26990000 -0.09860000 -0.95780000
vn -0.80030000 -0.58230000 -0.14330000
vn -0.80030000 -0.58230000 -0.14330000
vn -0.65560000 -0.47740000 0.58500000
vn -0.65560000 -0.47740000 0.58500000
vn -0.80910000 -0.58760000 -0.00000000
vn -0.80910000 -0.58760000 -0.00000000
vn -0.64540000 -0.47060000 -0.60170000
vn -0.64540000 -0.47060000 -0.60170000
vn -0.22430000 -0.16360000 -0.96070000
vn -0.22440000 -0.16360000 -0.96070000
vn -0.91950000 -0.00000000 -0.39300000
vn -0.89960000 -0.00000000 -0.43670000
vn -0.89960000 -0.00000000 -0.43670000
vn -0.52830000 -0.00000000 -0.84910000
vn -0.52830000 -0.00000000 -0.84910000
vn -0.98990000 -0.00000000 -0.14170000
vn -0.98990000 -0.00000000 -0.14170000
vn -0.81130000 -0.00000000 0.58460000
vn -0.81130000 -0.00000000 0.58460000
vn -1.00000000 -0.00000000 -0.00000000
vn -1.00000000 -0.00000000 -0.00000000
vn -0.80000000 -0.00000000 -0.60000000
vn -0.80000000 -0.00000000 -0.60000000
vn -0.27600000 -0.00000000 -0.96120000
vn -0.27600000 -0.00000000 -0.96120000
vn -0.54680000 0.02760000 -0.83680000
vn -0.52030000 0.10060000 -0.84810000
vn -0.54680000 0.02760000 -0.83680000
vn -0.52030000 0.10060000 -0.84810000
vn -0.26990000 0.09870000 -0.95780000
vn -0.26990000 0.09860000 -0.95780000
vn -0.80030000 0.58230000 -0.14330000
vn -0.80030000 0.58230000 -0.14330000
vn -0.65560000 0.47740000 0.58500000
vn -0.65560000 0.47740000 0.58500000
vn -0.80910000 0.58770000 -0.00000000
vn -0.80910000 0.58770000 -0.00000000
vn -0.64540000 0.47060000 -0.60170000
vn -0.64540000 0.47060000 -0.60170000
vn -0.22430000 0.16360000 -0.96070000
vn -0.22430000 0.16360000 -0.96070000
vn -0.00000000 -0.95860000 -0.28460000
vn -0.00000000 -0.95860000 -0.28460000
vn -0.00000000 -0.88190000 0.47140000
vn -0.00000000 -0.88190000 0.47140000
vn -0.00000000 -0.99990000 -0.01390000
vn -0.00000000 -0.99990000 -0.01390000
vn -0.00000000 0.96590000 -0.25880000
vn -0.00000000 0.96590000 -0.25880000
vn -0.00000000 0.86970000 0.49350000
vn -0.00000000 0.86970000 0.49360000
vn -0.00000000 0.99990000 0.01380000
vn -0.00000000 0.99990000 0.01380000
vn -0.10440000 0.01310000 -0.99440000
vn -0.10440000 0.01310000 -0.99440000
vn -0.81300000 0.00820000 -0.58230000
vn -0.99390000 -0.00220000 0.11050000
vn -0.99390000 -0.00220000 0.11050000
vn -0.81290000 0.00820000 -0.58230000
vn 0.10450000 0.01300000 -0.99440000
vn 0.10450000 0.01310000 -0.99440000
vn 0.81290000 0.00820000 -0.58230000
vn 0.99390000 -0.00220000 0.11050000
vn 0.99390000 -0.00220000 0.11050000
vn 0.81290000 0.00820000 -0.58230000
vn -0.00000000 0.00790000 -1.00000000
vn -1.00000000 -0.00000000 -0.00000000
vn -0.00000000 0.00790000 -1.00000000
vn -0.00000000 0.00790000 -1.00000000
vn -0.00000000 -0.00000000 -0.00000000
vn 1.00000000 -0.00000000 -0.00000000
vn -0.00000000 0.00790000 -1.00000000
vn -0.24710000 0.00960000 -0.96890000
vn -0.00000000 0.01390000 -0.99990000
vn -0.00000000 0.01390000 -0.99990000
vn -0.00000000 0.01390000 -0.99990000
vn -0.00000000 0.01390000 -0.99990000
vn -0.88390000 0.40770000 -0.22920000
vn -0.76680000 0.44900000 -0.45880000
vn -0.09170000 0.99580000 -0.00210000
vn -0.08550000 0.99630000 -0.01070000
vn -0.32090000 0.49570000 -0.80700000
vn -0.04020000 0.99830000 -0.04230000
vn 0.32210000 0.51030000 -0.79740000
vn 0.03800000 0.99840000 -0.04220000
vn 0.75660000 0.47690000 -0.44730000
vn 0.08300000 0.99650000 -0.00850000
vn 0.08940000 0.99600000 -0.00210000
vn 0.86890000 0.43900000 -0.22850000
vn -0.99390000 -0.00220000 -0.11050000
vn -0.81290000 0.00820000 0.58230000
vn -0.99390000 -0.00220000 -0.11050000
vn -0.81290000 0.00830000 0.58230000
vn -0.00000000 -0.95860000 0.28460000
vn -0.00000000 -0.88190000 -0.47140000
vn -0.00000000 -0.95860000 0.28460000
vn -0.00000000 -0.88190000 -0.47140000
vn -0.00000000 -0.99990000 0.01390000
vn -0.00000000 -0.99990000 0.01380000
vn -0.00000000 0.96590000 0.25880000
vn -0.00000000 0.86970000 -0.49350000
vn -0.00000000 0.96590000 0.25880000
vn -0.00000000 0.86970000 -0.49350000
vn -0.00000000 0.99990000 -0.01380000
vn -0.00000000 0.99990000 -0.01390000
vn 0.99390000 -0.00220000 -0.11050000
vn 0.81290000 0.00820000 0.58230000
vn 0.99390000 -0.00220000 -0.11040000
vn 0.81300000 0.00820000 0.58230000
vn 0.10440000 0.01310000 0.99440000
vn 0.10440000 0.01310000 0.99440000
vn -0.00000000 -0.00000000 -0.00000000
vn -0.00000000 -0.00000000 -0.00000000
vn -1.00000000 -0.00000000 -0.00000000
vn -0.00000000 -0.00000000 -0.00000000
vn -0.00000000 0.66000000 0.75130000
vn -0.00000000 0.66000000 0.75120000
vn 1.00000000 -0.00000000 -0.00000000
vn -0.28960000 0.25240000 0.92330000
vn -0.00000000 0.01390000 0.99990000
vn -0.00000000 0.01390000 0.99990000
vn -0.00000000 0.01390000 0.99990000
vn -0.00000000 0.01400000 0.99990000
vn -0.87950000 0.42500000 0.21400000
vn -0.10410000 0.99400000 -0.03320000
vn -0.68460000 0.49670000 0.53350000
vn -0.05210000 0.99850000 0.01460000
vn -0.21590000 0.49880000 0.83940000
vn -0.00210000 0.99790000 0.06460000
vn 0.21990000 0.50680000 0.83350000
vn 0.00210000 0.99810000 0.06240000
vn 0.67580000 0.52120000 0.52120000
vn 0.05210000 0.99850000 0.01460000
vn 0.86350000 0.45870000 0.20980000
vn 0.09920000 0.99450000 -0.03310000
vn -0.00000000 -1.00000000 -0.00000000
vn -0.00000000 -1.00000000 -0.00000000
vn -0.00000000 -1.00000000 -0.00000000
vn -0.00000000 -1.00000000 -0.00000000
vn -0.00000000 -1.00000000 -0.00000000
vn -0.00000000 -1.00000000 -0.00000000
vn -0.00000000 -1.00000000 -0.00000000
vn -0.00000000 -1.00000000 -0.00000000
vn -0.00000000 -1.00000000 -0.00000000
vn 0.21860000 0.88930000 0.40180000
vn -0.22730000 0.95250000 -0.20290000
vn -0.00000000 1.00000000 -0.00000000
vn -0.00000000 1.00000000 -0.00000000
vn -0.00000000 1.00000000 -0.00000000
vn -0.00000000 1.00000000 -0.00000000
vn -0.00000000 1.00000000 -0.00000000
vn -0.00000000 1.00000000 -0.00000000
vn 0.31820000 0.89820000 -0.30330000
vn -0.00000000 1.00000000 -0.00000000
vn -0.00000000 1.00000000 -0.00000000
vn -0.00000000 1.00000000 -0.00000000
vn -0.38370000 -0.00000000 0.92350000
vn -0.38370000 -0.00000000 0.92350000
vn -0.38380000 -0.00000000 0.92340000
vn -0.38370000 -0.00000000 0.92350000
vn -0.38360000 -0.00000000 0.92350000
vn -0.38370000 -0.00000000 0.92350000
vn -0.38370000 -0.00000000 0.92350000
vn -0.38370000 -0.00000000 0.92350000
vn 0.38360000 -0.00000000 0.92350000
vn 0.38330000 -0.00000000 0.92360000
vn 0.38360000 -0.00000000 0.92350000
vn 0.38330000 -0.00000000 0.92360000
vn 0.38360000 -0.00000000 0.92350000
vn 0.38330000 -0.00000000 0.92360000
vn 0.38380000 -0.00000000 0.92340000
vn 0.38330000 -0.00000000 0.92360000
vn 0.38380000 -0.00000000 0.92340000
vn 0.38380000 -0.00000000 0.92340000
vn 0.38360000 -0.00000000 0.92350000
vn 0.92350000 -0.00000000 0.38360000
vn 0.92350000 -0.00000000 0.38370000
vn 0.92350000 -0.00000000 0.38370000
vn 0.92350000 -0.00000000 0.38360000
vn 0.92350000 -0.00000000 0.38360000
vn 0.92350000 -0.00000000 0.38370000
vn 0.92350000 -0.00000000 0.38370000
vn 0.92350000 -0.00000000 0.38370000
vn 0.92350000 -0.00000000 -0.38360000
vn 0.92350000 -0.00000000 -0.38360000
vn 0.92340000 -0.00000000 -0.38380000
vn 0.92350000 -0.00000000 -0.38360000
vn 0.92360000 -0.00000000 -0.38330000
vn 0.92360000 -0.00000000 -0.38330000
vn 0.92340000 -0.00000000 -0.38380000
vn 0.92360000 -0.00000000 -0.38330000
vn 0.92360000 -0.00000000 -0.38330000
vn 0.92360000 -0.00000000 -0.38330000
vn 0.38380000 -0.00000000 -0.92340000
vn 0.38360000 -0.00000000 -0.92350000
vn 0.38330000 -0.00000000 -0.92360000
vn 0.38330000 -0.00000000 -0.92360000
vn 0.38360000 -0.00000000 -0.92350000
vn 0.38330000 -0.00000000 -0.92360000
vn 0.38380000 -0.00000000 -0.92340000
vn 0.38330000 -0.00000000 -0.92360000
vn 0.38360000 -0.00000000 -0.92350000
vn 0.38380000 -0.00000000 -0.92340000
vn 0.38330000 -0.00000000 -0.92360000
vn -0.38370000 -0.00000000 -0.92350000
vn -0.38370000 -0.00000000 -0.92350000
vn -0.38370000 -0.00000000 -0.92350000
vn -0.38360000 -0.00000000 -0.92350000
vn -0.38370000 -0.00000000 -0.92350000
vn -0.38370000 -0.00000000 -0.92350000
vn -0.38370000 -0.00000000 -0.92350000
vn -0.38370000 -0.00000000 -0.92350000
vn -0.92340000 -0.00000000 -0.38380000
vn -0.92360000 -0.00000000 -0.38330000
vn -0.92340000 -0.00000000 -0.38380000
vn -0.92360000 -0.00000000 -0.38330000
vn -0.92340000 -0.00000000 -0.38380000
vn -0.92360000 -0.00000000 -0.38330000
vn -0.92340000 -0.00000000 -0.38380000
vn -0.92360000 -0.00000000 -0.38330000
vn -0.92340000 -0.00000000 -0.38380000
vn -0.92360000 -0.00000000 -0.38330000
vn -0.92360000 -0.00000000 -0.38330000
vn -0.92340000 -0.00000000 -0.38380000
vn -0.92360000 -0.00000000 -0.38330000
vn -0.92340000 -0.00000000 0.38380000
vn -0.92350000 -0.00000000 0.38360000
vn -0.92350000 -0.00000000 0.38370000
vn -0.92350000 -0.00000000 0.38360000
vn -0.92350000 -0.00000000 0.38370000
vn -0.92350000 -0.00000000 0.38370000
vn -0.92340000 -0.00000000 0.38370000
vn -0.92340000 -0.00000000 0.38370000
vn -0.00000000 1.00000000 -0.00000000
vn -0.00000000 1.00000000 0.00010000
vn -0.01190000 -0.00000000 -0.99990000
vn -0.00000000 -1.00000000 -0.00000000
vn -0.00000000 -1.00000000 -0.00000000
vn -0.01190000 0.00010000 -0.99990000
vn -0.00000000 -1.00000000 -0.00000000
vn -0.00000000 -1.00000000 -0.00000000
vn 0.01380000 -0.00000000 0.99990000
vn -0.00000000 1.00000000 -0.00000000
vn -0.00000000 1.00000000 -0.00000000
vn 0.01390000 -0.00000000 0.99990000
vn -1.00000000 -0.00000000 -0.00380000
vn -1.00000000 -0.00000000 -0.00380000
vn -0.82650000 -0.00000000 0.56290000
vn -0.82660000 -0.00000000 0.56280000
vn -0.98360000 0.00230000 -0.18030000
vn -0.98360000 0.00230000 -0.18030000
vn -0.01190000 0.00010000 -0.99990000
vn -0.01180000 -0.00000000 -0.99990000
vn 1.00000000 -0.00000000 0.00390000
vn 1.00000000 -0.00000000 0.00380000
vn 0.86430000 -0.00000000 0.50300000
vn 0.86430000 -0.00000000 0.50300000
vn 0.96280000 -0.00000000 -0.27030000
vn 0.96280000 -0.00000000 -0.27040000
vn 1.00000000 -0.00010000 -0.00000000
vn 1.00000000 -0.00010000 -0.00010000
vn -0.01250000 -0.30870000 -0.95110000
vn -0.01250000 0.30870000 -0.95110000
vn -0.01390000 -0.00000000 -0.99990000
vn -0.01390000 -0.00000000 -0.99990000
vn -0.01390000 -0.00000000 -0.99990000
vn -0.01390000 -0.00000000 -0.99990000
vn -0.01390000 -0.00000000 -0.99990000
vn -0.01390000 -0.00000000 -0.99990000
vn -1.00000000 -0.00000000 0.00590000
vn -1.00000000 -0.00000000 0.00590000
vn -1.00000000 -0.00000000 0.00590000
vn -1.00000000 -0.00000000 0.00590000
vn 1.00000000 -0.00000000 -0.00200000
vn 1.00000000 -0.00000000 -0.00200000
vn 1.00000000 -0.00000000 -0.00200000
vn 1.00000000 -0.00000000 -0.00190000
vn -0.29920000 -0.00000000 0.95420000
vn -0.29930000 -0.00000000 0.95420000
vn -0.29930000 -0.00000000 0.95420000
vn -0.29930000 -0.00000000 0.95420000
vn 0.30510000 -0.00000000 0.95230000
vn 0.30510000 -0.00000000 0.95230000
vn 0.30510000 -0.00000000 0.95230000
vn 0.30510000 -0.00000000 0.95230000
vn 0.06960000 -0.99750000 0.01050000
vn 0.06960000 -0.99750000 0.01050000
vn 0.04320000 -0.99900000 0.00830000
vn 0.01590000 -0.99990000 0.00200000
vn 0.01590000 -0.99990000 0.00200000
vn 0.04320000 -0.99900000 0.00820000
vn -0.98720000 -0.00000000 -0.15930000
vn -0.98720000 -0.00000000 -0.15930000
vn -0.98720000 -0.00000000 -0.15930000
vn -0.98720000 -0.00000000 -0.15930000
vn 0.06960000 0.99750000 0.01050000
vn 0.06960000 0.99750000 0.01050000
vn 0.04320000 0.99900000 0.00820000
vn 0.01590000 0.99990000 0.00200000
vn 0.01590000 0.99990000 0.00200000
vn 0.04320000 0.99900000 0.00820000
vn 0.98720000 -0.00000000 0.15930000
vn 0.98720000 -0.00000000 0.15930000
vn 0.98720000 -0.00000000 0.15930000
vn 0.98720000 -0.00000000 0.15930000
vn 0.00980000 -0.00000000 -1.00000000
vn 0.00980000 -0.00000000 -1.00000000
vn 0.00980000 -0.00000000 -1.00000000
vn 0.00980000 -0.00000000 -1.00000000
vn -0.00000000 -0.95140000 -0.30810000
vn -0.00000000 -0.95140000 -0.30810000
vn 0.00740000 -0.95620000 -0.29250000
vn 0.29460000 -0.91870000 -0.26290000
vn 0.29460000 -0.91870000 -0.26290000
vn 0.00740000 -0.95620000 -0.29250000
vn -0.00000000 -0.58760000 -0.80910000
vn -0.00000000 -0.58760000 -0.80910000
vn 0.03360000 -0.58750000 -0.80850000
vn 0.23350000 -0.56990000 -0.78790000
vn 0.23350000 -0.56990000 -0.78790000
vn 0.03350000 -0.58740000 -0.80860000
vn -0.00000000 -0.00000000 -1.00000000
vn -0.00000000 -0.00000000 -1.00000000
vn 0.08330000 0.10880000 -0.99060000
vn 0.12640000 0.16100000 -0.97880000
vn 0.03470000 0.16210000 -0.98620000
vn 0.13720000 0.10830000 -0.98460000
vn 0.03470000 -0.16210000 -0.98620000
vn 0.13720000 -0.10830000 -0.98460000
vn 0.12640000 -0.16110000 -0.97880000
vn 0.08330000 -0.10880000 -0.99060000
vn -0.00000000 0.58770000 -0.80910000
vn -0.00000000 0.58780000 -0.80900000
vn 0.03360000 0.58750000 -0.80860000
vn 0.23350000 0.56990000 -0.78790000
vn 0.23350000 0.56990000 -0.78790000
vn 0.03360000 0.58750000 -0.80850000
vn -0.00000000 0.95140000 -0.30810000
vn -0.00000000 0.95140000 -0.30810000
vn 0.00740000 0.95620000 -0.29250000
vn 0.29460000 0.91870000 -0.26290000
vn 0.29460000 0.91870000 -0.26290000
vn 0.00740000 0.95620000 -0.29250000
vn 0.72300000 -0.65410000 -0.22220000
vn 0.74260000 -0.53890000 -0.39760000
vn 0.72300000 -0.65410000 -0.22220000
vn 0.74260000 -0.53890000 -0.39760000
vn 0.74610000 -0.20120000 -0.63470000
vn 0.74610000 -0.20120000 -0.63470000
vn 0.74510000 0.19790000 -0.63690000
vn 0.74510000 0.19790000 -0.63690000
vn 0.74260000 0.53890000 -0.39760000
vn 0.74260000 0.53890000 -0.39760000
vn 0.72000000 0.66080000 -0.21190000
vn 0.72000000 0.66080000 -0.21190000
vn -0.00000000 -1.00000000 -0.00000000
vn -0.01180000 0.00010000 0.99990000
vn -0.00000000 -1.00000000 -0.00000000
vn -0.01180000 -0.00000000 0.99990000
vn -0.00000000 1.00000000 -0.00000000
vn -0.00000000 1.00000000 -0.00000000
vn -0.00000000 1.00000000 -0.00000000
vn 0.01380000 0.00200000 -0.99990000
vn -0.00000000 1.00000000 -0.00000000
vn 0.01400000 0.00200000 -0.99990000
vn -0.00000000 -1.00000000 -0.00000000
vn -0.00000000 -1.00000000 -0.00000000
vn 1.00000000 -0.00000000 -0.00390000
vn 0.86430000 -0.00000000 -0.50300000
vn 1.00000000 -0.00000000 -0.00380000
vn 0.86430000 -0.00000000 -0.50300000
vn 0.96280000 -0.00000000 0.27030000
vn 0.96280000 -0.00000000 0.27030000
vn -0.02610000 -0.00000000 0.99970000
vn -0.02610000 -0.00000000 0.99970000
vn -1.00000000 -0.00000000 0.00380000
vn -0.82660000 -0.00000000 -0.56280000
vn -1.00000000 -0.00000000 0.00380000
vn -0.82650000 -0.00000000 -0.56290000
vn -0.98360000 0.00230000 0.18030000
vn -0.98360000 0.00220000 0.18030000
vn -0.00000000 -0.00000000 -0.00000000
vn -0.00590000 -0.00010000 1.00000000
vn -0.00960000 -0.24700000 0.96900000
vn -0.00780000 -0.00550000 1.00000000
vn -0.00790000 -0.00000000 1.00000000
vn -0.00790000 -0.00000000 1.00000000
vn -0.00960000 0.24700000 0.96900000
vn -0.00790000 -0.00000000 1.00000000
vn -0.01400000 -0.00000000 0.99990000
vn -0.01380000 -0.00000000 0.99990000
vn -0.01380000 -0.00000000 0.99990000
vn -0.01400000 -0.00000000 0.99990000
vn -1.00000000 -0.00000000 -0.00600000
vn -1.00000000 -0.00000000 -0.00590000
vn -1.00000000 -0.00000000 -0.00590000
vn -1.00000000 -0.00000000 -0.00590000
vn 1.00000000 -0.00000000 0.00200000
vn 1.00000000 -0.00000000 0.00200000
vn 1.00000000 -0.00000000 0.00200000
vn 1.00000000 -0.00000000 0.00200000
vn -0.29930000 -0.00000000 -0.95420000
vn -0.29930000 -0.00000000 -0.95420000
vn -0.29930000 -0.00000000 -0.95420000
vn -0.29920000 -0.00000000 -0.95420000
vn 0.30520000 -0.00000000 -0.95230000
vn 0.30510000 -0.00000000 -0.95230000
vn 0.30510000 -0.00000000 -0.95230000
vn 0.30510000 -0.00000000 -0.95230000
vn 0.01590000 -0.99990000 -0.00200000
vn 0.04320000 -0.99900000 -0.00820000
vn 0.01590000 -0.99990000 -0.00200000
vn 0.04320000 -0.99900000 -0.00820000
vn 0.06960000 -0.99750000 -0.01050000
vn 0.06960000 -0.99750000 -0.01050000
vn -0.98720000 -0.00000000 0.15930000
vn -0.98720000 -0.00000000 0.15930000
vn -0.98720000 -0.00000000 0.15930000
vn -0.98720000 -0.00000000 0.15930000
vn 0.01590000 0.99990000 -0.00200000
vn 0.04310000 0.99900000 -0.00830000
vn 0.01590000 0.99990000 -0.00200000
vn 0.04320000 0.99900000 -0.00820000
vn 0.06960000 0.99750000 -0.01060000
vn 0.06960000 0.99750000 -0.01050000
vn 0.98720000 -0.00000000 -0.15930000
vn 0.98720000 -0.00000000 -0.15930000
vn 0.98720000 -0.00000000 -0.15930000
vn 0.98720000 -0.00000000 -0.15930000
vn 0.00990000 -0.00000000 1.00000000
vn 0.01000000 -0.00000000 0.99990000
vn 0.01000000 -0.00000000 0.99990000
vn 0.00990000 -0.00000000 1.00000000
vn 0.29460000 -0.91870000 0.26290000
vn 0.00740000 -0.95620000 0.29250000
vn 0.29460000 -0.91870000 0.26290000
vn 0.00740000 -0.95620000 0.29250000
vn -0.00000000 -0.95140000 0.30810000
vn -0.00000000 -0.95140000 0.30800000
vn 0.23350000 -0.56990000 0.78790000
vn 0.03360000 -0.58760000 0.80840000
vn 0.23350000 -0.56990000 0.78780000
vn 0.03360000 -0.58750000 0.80850000
vn -0.00000000 -0.58760000 0.80910000
vn -0.00000000 -0.58760000 0.80910000
vn 0.12640000 0.16100000 0.97880000
vn 0.12640000 -0.16110000 0.97880000
vn 0.08330000 -0.10880000 0.99060000
vn 0.13720000 -0.10830000 0.98460000
vn 0.03470000 -0.16210000 0.98620000
vn 0.13720000 0.10830000 0.98460000
vn 0.03470000 0.16210000 0.98620000
vn 0.08330000 0.10880000 0.99060000
vn -0.00000000 -0.00000000 1.00000000
vn -0.00000000 -0.00000000 1.00000000
vn 0.23350000 0.56990000 0.78790000
vn 0.03360000 0.58750000 0.80850000
vn 0.23350000 0.56990000 0.78790000
vn 0.03360000 0.58750000 0.80860000
vn -0.00000000 0.58780000 0.80900000
vn -0.00000000 0.58760000 0.80910000
vn 0.28720000 0.91650000 0.27840000
vn 0.29470000 0.91870000 0.26290000
vn 0.28720000 0.91650000 0.27840000
vn 0.29470000 0.91870000 0.26290000
vn 0.00740000 0.95620000 0.29250000
vn 0.00740000 0.95620000 0.29250000
vn -0.00000000 0.95140000 0.30810000
vn -0.00000000 0.95140000 0.30810000
vn 0.72000000 -0.66080000 0.21200000
vn 0.72000000 -0.66080000 0.21190000
vn 0.73660000 -0.54920000 0.39460000
vn 0.73660000 -0.54920000 0.39460000
vn 0.73770000 -0.21160000 0.64120000
vn 0.73760000 -0.21160000 0.64120000
vn 0.73570000 0.20490000 0.64560000
vn 0.73570000 0.20480000 0.64560000
vn 0.73740000 0.54320000 0.40160000
vn 0.73740000 0.54310000 0.40160000
vn 0.71900000 0.65960000 0.21880000
vn 0.71900000 0.65960000 0.21880000
vn 0.99830000 -0.00000000 -0.05800000
vn 0.99830000 -0.00000000 -0.05800000
vn 0.99830000 -0.00000000 -0.05800000
vn 0.99830000 -0.00000000 -0.05800000
vn -0.11980000 -0.00000000 -0.99280000
vn -0.11980000 -0.00000000 -0.99280000
vn -0.11980000 -0.00000000 -0.99280000
vn -0.11980000 -0.00000000 -0.99280000
vn -0.99830000 -0.00000000 0.05790000
vn -0.99830000 -0.00000000 0.05790000
vn -0.99830000 -0.00000000 0.05790000
vn -0.99830000 -0.00000000 0.05790000
vn -0.00000000 -0.00000000 1.00000000
vn -0.00000000 -0.00000000 1.00000000
vn -0.00000000 -0.00000000 1.00000000
vn -0.00000000 -0.00000000 1.00000000
vn 0.99790000 -0.00000000 0.06440000
vn 0.99790000 -0.00000000 0.06440000
vn 0.99790000 -0.00000000 0.06440000
vn 0.99790000 -0.00000000 0.06440000
vn 0.09380000 -0.00000000 -0.99560000
vn 0.09380000 -0.00000000 -0.99560000
vn 0.09380000 -0.00000000 -0.99560000
vn 0.09380000 -0.00000000 -0.99560000
vn -0.99790000 -0.00000000 -0.06440000
vn -0.99790000 -0.00000000 -0.06440000
vn -0.99790000 -0.00000000 -0.06440000
vn -0.99790000 -0.00000000 -0.06440000
vn -0.00000000 -0.00000000 1.00000000
vn -0.00000000 -0.00000000 1.00000000
vn -0.00000000 -0.00000000 1.00000000
vn -0.00000000 -0.00000000 1.00000000
vn 1.00000000 -0.00000000 -0.00000000
vn 1.00000000 -0.00000000 -0.00000000
vn 1.00000000 -0.00000000 -0.00000000
vn 1.00000000 -0.00000000 -0.00000000
vn -0.00000000 -0.00000000 -1.00000000
vn -0.00000000 -0.00000000 -1.00000000
vn -0.00000000 -0.00000000 -1.00000000
vn -0.00000000 -0.00000000 -1.00000000
vn -1.00000000 -0.00000000 -0.00000000
vn -1.00000000 -0.00000000 -0.00000000
vn -1.00000000 -0.00000000 -0.00000000
vn -1.00000000 -0.00000000 -0.00000000
vn -0.00000000 -0.00000000 1.00000000
vn -0.00000000 -0.00000000 1.00000000
vn -0.00000000 -0.00000000 1.00000000
vn -0.00000000 -0.00000000 1.00000000
vn 0.99970000 -0.00000000 0.02400000
vn 0.99970000 -0.00000000 0.02390000
vn 0.99970000 -0.00000000 0.02400000
vn 0.99970000 -0.00000000 0.02390000
vn 0.01190000 -0.00000000 -0.99990000
vn 0.01190000 -0.00000000 -0.99990000
vn 0.01190000 -0.00000000 -0.99990000
vn 0.01190000 -0.00000000 -0.99990000
vn -0.99970000 -0.00000000 -0.02400000
vn -0.99970000 -0.00000000 -0.02400000
vn -0.99970000 -0.00000000 -0.02400000
vn -0.99970000 -0.00000000 -0.02400000
vn -0.00000000 -0.00000000 1.00000000
vn -0.00000000 -0.00000000 1.00000000
vn -0.00000000 -0.00000000 1.00000000
vn -0.00000000 -0.00000000 1.00000000
vn -0.00000000 1.00000000 -0.00000000
vn -0.00000000 1.00000000 -0.00000000
vn -0.00000000 -0.00000000 -0.00000000
vn -0.00000000 1.00000000 -0.00000000
vn -0.00000000 -0.00000000 -0.00000000
vn -0.00000000 1.00000000 -0.00000000
vn -0.00000000 -0.00000000 -0.00000000
vn -0.00000000 1.00000000 -0.00000000
vn -0.00000000 1.00000000 -0.00000000
vn -0.00000000 1.00000000 -0.00000000
vn -0.00000000 1.00000000 -0.00000000
vn -0.00000000 1.00000000 -0.00000000
vn 0.00020000 1.00000000 -0.00000000
vn -0.00000000 1.00000000 -0.00000000
vn -0.00000000 1.00000000 -0.00000000
vn -0.00000000 1.00000000 -0.00000000
vn 0.00020000 1.00000000 -0.00000000
vn -0.00010000 1.00000000 -0.00000000
vn -0.00010000 1.00000000 -0.00000000
vn 0.00020000 1.00000000 -0.00000000
vn -0.00000000 1.00000000 -0.00000000
vn -0.00000000 1.00000000 -0.00000000
vn -0.00000000 1.00000000 -0.00000000
vn -0.00000000 1.00000000 -0.00000000
vn -0.29810000 0.28340000 -0.91150000
vn 1.00000000 -0.00000000 -0.00000000
vn -0.59630000 -0.57600000 0.55910000
vn -0.00000000 -0.00000000 -0.00000000
vn -0.00000000 -0.00000000 -0.00000000
vn -0.00000000 -0.00000000 -0.00000000
vn -0.00000000 -0.00000000 -0.00000000
vn -0.00000000 -0.00000000 -0.00000000
vn -0.00000000 1.00000000 -0.00000000
vn -1.00000000 -0.00000000 -0.00000000
vn -0.00000000 1.00000000 -0.00000000
vn -0.00000000 1.00000000 -0.00000000
vn -0.00000000 -0.00000000 -0.00000000
vn -0.00000000 1.00000000 -0.00000000
vn -0.00000000 1.00000000 -0.00000000
vn -0.00000000 -0.00000000 -0.00000000
vn -0.00000000 1.00000000 -0.00000000
vn -0.00000000 -0.00000000 -0.00000000
vn -0.00000000 1.00000000 -0.00000000
vn -0.00000000 1.00000000 -0.00000000
vn -0.00000000 1.00000000 -0.00000000
vn -0.99980000 0.01610000 -0.01140000
vn -0.00000000 1.00000000 -0.00000000
vn -0.99990000 0.01580000 -0.00000000
vn -0.99990000 0.01590000 -0.00000000
vn -0.99990000 0.01590000 -0.00000000
vn -0.00000000 1.00000000 -0.00000000
vn -0.00000000 1.00000000 -0.00000000
vn -0.30020000 0.29730000 -0.90640000
vn 1.00000000 -0.00000000 -0.00000000
vn -0.58300000 -0.57620000 0.57280000
vn 0.56940000 -0.57960000 0.58300000
vn -0.00000000 -1.00000000 -0.00000000
vn -0.00000000 -1.00000000 -0.00000000
vn -0.00000000 -1.00000000 -0.00000000
vn -0.00000000 -1.00000000 -0.00000000
vn -0.99280000 -0.00000000 0.11980000
vn -0.99280000 -0.00000000 0.11980000
vn -0.99280000 -0.00000000 0.11980000
vn -0.99280000 -0.00000000 0.11980000
vn -0.00000000 1.00000000 -0.00000000
vn -0.00000000 1.00000000 -0.00000000
vn -0.00000000 1.00000000 -0.00000000
vn -0.00000000 1.00000000 -0.00000000
vn 0.99280000 -0.00000000 -0.11970000
vn 0.99280000 -0.00000000 -0.11970000
vn 0.99280000 -0.00000000 -0.11970000
vn 0.99280000 -0.00000000 -0.11970000
vn -0.00000000 1.00000000 -0.00000000
vn -0.00000000 1.00000000 -0.00000000
vn -0.00000000 1.00000000 -0.00000000
vn -0.00000000 1.00000000 -0.00000000
vn 0.99560000 -0.00000000 0.09380000
vn 0.99560000 -0.00000000 0.09380000
vn 0.99560000 -0.00000000 0.09380000
vn 0.99560000 -0.00000000 0.09380000
vn -0.00000000 -1.00000000 -0.00000000
vn -0.00000000 -1.00000000 -0.00000000
vn -0.00000000 -1.00000000 -0.00000000
vn -0.00000000 -1.00000000 -0.00000000
vn -0.99560000 -0.00000000 -0.09380000
vn -0.99560000 -0.00000000 -0.09380000
vn -0.99560000 -0.00000000 -0.09380000
vn -0.99560000 -0.00000000 -0.09380000
vn -0.00000000 -1.00000000 -0.00000000
vn -0.00000000 -1.00000000 -0.00000000
vn -0.00000000 -1.00000000 -0.00000000
vn -0.00000000 -1.00000000 -0.00000000
vn -1.00000000 -0.00000000 -0.00000000
vn -1.00000000 -0.00000000 -0.00000000
vn -1.00000000 -0.00000000 -0.00000000
vn -1.00000000 -0.00000000 -0.00000000
vn -0.00000000 1.00000000 -0.00000000
vn -0.00000000 1.00000000 -0.00000000
vn -0.00000000 1.00000000 -0.00000000
vn -0.00000000 1.00000000 -0.00000000
vn 1.00000000 -0.00000000 -0.00000000
vn 1.00000000 -0.00000000 -0.00000000
vn 1.00000000 -0.00000000 -0.00000000
vn 1.00000000 -0.00000000 -0.00000000
vn -0.00000000 1.00000000 -0.00000000
vn -0.00000000 1.00000000 -0.00000000
vn -0.00000000 1.00000000 -0.00000000
vn -0.00000000 1.00000000 -0.00000000
vn 0.99990000 -0.00000000 0.01190000
vn 0.99990000 -0.00000000 0.01190000
vn 0.99990000 -0.00000000 0.01190000
vn 0.99990000 -0.00000000 0.01190000
vn -0.00000000 -1.00000000 -0.00000000
vn -0.00000000 -1.00000000 -0.00000000
vn -0.00000000 -1.00000000 -0.00000000
vn -0.00000000 -1.00000000 -0.00000000
vn -0.99990000 -0.00000000 -0.01190000
vn -0.99990000 -0.00000000 -0.01190000
vn -0.99990000 -0.00000000 -0.01190000
vn -0.99990000 -0.00000000 -0.01190000
vn 0.06010000 -0.00000000 0.99820000
vn 0.99820000 -0.00000000 -0.06000000
vn 0.06010000 -0.00000000 0.99820000
vn 0.99820000 -0.00000000 -0.06010000
vn 0.99820000 -0.00000000 -0.06010000
vn 0.99820000 -0.00000000 -0.06010000
vn 0.06010000 -0.00000000 0.99820000
vn 0.06010000 -0.00000000 0.99820000
vn -0.00000000 -0.00000000 1.00000000
vn -0.00000000 -0.00000000 1.00000000
vn -0.00000000 1.00000000 -0.00000000
vn -0.00000000 -0.00000000 1.00000000
vn -0.09380000 -0.00000000 0.99560000
vn -0.04710000 -0.00000000 0.99890000
vn -0.09380000 -0.00000000 0.99560000
vn -0.04700000 -0.00000000 0.99890000
vn -0.09380000 -0.00000000 0.99560000
vn -0.04710000 -0.00000000 0.99890000
vn -0.09380000 -0.00000000 0.99560000
vn -0.04710000 -0.00000000 0.99890000
vn -0.00000000 -0.00000000 1.00000000
vn -0.00000000 -0.00000000 1.00000000
vn -0.00000000 -0.00000000 1.00000000
vn -0.00000000 -0.00000000 1.00000000
vn -0.00000000 -0.00000000 1.00000000
vn -0.00000000 -0.00000000 1.00000000
vn -0.00000000 -0.00000000 1.00000000
vn -0.00000000 -0.00000000 1.00000000
vn -0.00000000 -0.00000000 -1.00000000
vn -0.00000000 -0.00000000 -1.00000000
vn -0.00000000 1.00000000 -0.00000000
vn -0.00000000 -0.00000000 -1.00000000
vn -0.01180000 -0.00000000 0.99990000
vn -0.01180000 -0.00000000 0.99990000
vn -0.01180000 -0.00000000 0.99990000
vn -0.01180000 -0.00000000 0.99990000
vn 0.57960000 0.57960000 -0.57290000
vn 0.57960000 -0.57960000 -0.57290000
vn -0.00000000 1.00000000 -0.00000000
vn 0.56940000 -0.57950000 0.58300000
vn -0.01180000 -0.00000000 0.99990000
vn -0.01180000 -0.00000000 0.99990000
vn -0.01180000 -0.00000000 0.99990000
vn -0.01180000 -0.00000000 0.99990000
vn -0.57620000 -0.57280000 -0.58300000
vn -0.57620000 0.57280000 -0.58300000
vn -0.00000000 -1.00000000 -0.00000000
vn -0.58300000 0.57950000 0.56940000
vn -0.99830000 -0.00000000 0.05800000
vn -0.99830000 -0.00000000 0.05800000
vn -0.99830000 -0.00000000 0.05800000
vn -0.99830000 -0.00000000 0.05800000
vn -0.00000000 1.00000000 -0.00000000
vn -0.00000000 1.00000000 -0.00000000
vn -0.00000000 1.00000000 -0.00000000
vn -0.00000000 1.00000000 -0.00000000
vn 0.99830000 -0.00000000 -0.05790000
vn 0.99830000 -0.00000000 -0.05790000
vn 0.99830000 -0.00000000 -0.05790000
vn 0.99830000 -0.00000000 -0.05790000
vn -0.00000000 1.00000000 -0.00000000
vn -0.00000000 1.00000000 -0.00000000
vn -0.00000000 1.00000000 -0.00000000
vn -0.00000000 1.00000000 -0.00000000
vn 0.99790000 -0.00000000 0.06430000
vn 0.99790000 -0.00000000 0.06430000
vn 0.99790000 -0.00000000 0.06430000
vn 0.99790000 -0.00000000 0.06430000
vn -0.99790000 -0.00000000 -0.06440000
vn -0.99790000 -0.00000000 -0.06450000
vn -0.99790000 -0.00000000 -0.06450000
vn -0.99790000 -0.00000000 -0.06440000
vn -1.00000000 -0.00000000 -0.00000000
vn -1.00000000 -0.00000000 -0.00000000
vn -1.00000000 -0.00000000 -0.00000000
vn -1.00000000 -0.00000000 -0.00000000
vn -0.00000000 1.00000000 -0.00000000
vn -0.00000000 1.00000000 -0.00000000
vn -0.00000000 1.00000000 -0.00000000
vn -0.00000000 1.00000000 -0.00000000
vn 1.00000000 -0.00000000 -0.00000000
vn 1.00000000 -0.00000000 -0.00000000
vn 1.00000000 -0.00000000 -0.00000000
vn 1.00000000 -0.00000000 -0.00000000
vn -0.00000000 1.00000000 -0.00000000
vn -0.00000000 1.00000000 -0.00000000
vn -0.00000000 1.00000000 -0.00000000
vn -0.00000000 1.00000000 -0.00000000
vn 0.99970000 -0.00000000 0.02390000
vn 0.99970000 -0.00000000 0.02390000
vn 0.99970000 -0.00000000 0.02380000
vn 0.99970000 -0.00000000 0.02400000
vn -0.99970000 -0.00000000 -0.02400000
vn -0.99970000 -0.00000000 -0.02400000
vn -0.99970000 -0.00000000 -0.02400000
vn -0.99970000 -0.00000000 -0.02390000
vn -0.00000000 -0.00000000 -1.00000000
vn -0.00000000 -0.00000000 -1.00000000
vn -0.00000000 -0.00000000 -1.00000000
vn -0.00000000 -0.00000000 -1.00000000
vn -0.00000000 -0.00000000 1.00000000
vn -0.00000000 -0.00000000 1.00000000
vn -0.00000000 -0.00000000 1.00000000
vn -0.00000000 -0.00000000 1.00000000
vn -0.00000000 -0.00000000 -1.00000000
vn -0.00000000 -0.00000000 -1.00000000
vn -0.00000000 -0.00000000 -1.00000000
vn -0.00000000 -0.00000000 -1.00000000
vn -0.00000000 0.70570000 -0.70850000
vn -0.00000000 -1.00000000 -0.00000000
vn 0.90220000 0.28990000 -0.31950000
vn 0.90210000 -0.29000000 -0.31950000
vn -0.00000000 -0.00000000 -1.00000000
vn -0.00000000 -0.00000000 -1.00000000
vn -0.00000000 -0.00000000 -1.00000000
vn -0.00000000 -0.00000000 -1.00000000
vn -0.00000000 -0.00000000 -1.00000000
vn -0.00000000 -1.00000000 -0.00000000
vn -0.00000000 -0.00000000 -1.00000000
vn -0.00000000 -0.00000000 -1.00000000
vn -0.00000000 -0.00000000 -1.00000000
vn -0.00010000 -0.70850000 -0.70570000
vn -0.00000000 1.00000000 -0.00000000
vn -0.29800000 -0.28340000 -0.91150000
vn -0.29800000 0.28340000 -0.91150000
vn -0.00000000 -0.70570000 -0.70850000
vn -0.00000000 1.00000000 -0.00000000
vn 0.57620000 -0.57960000 -0.57630000
vn 0.57630000 0.57960000 -0.57620000
vn -0.00000000 -0.00000000 1.00000000
vn -0.00000000 1.00000000 -0.00000000
vn -0.00000000 -0.00000000 1.00000000
vn -0.00000000 -0.00000000 1.00000000
vn -0.11970000 -0.00000000 -0.99280000
vn -0.11980000 -0.00000000 -0.99280000
vn -0.11970000 -0.00000000 -0.99280000
vn -0.11970000 -0.00000000 -0.99280000
vn -0.00000000 -0.00000000 -1.00000000
vn -0.00000000 -0.00000000 -1.00000000
vn -0.00000000 -0.00000000 -1.00000000
vn -0.00000000 -0.00000000 -1.00000000
vn -0.00000000 -0.00000000 -1.00000000
vn -0.00000000 -0.00000000 -1.00000000
vn -0.00000000 -0.00000000 -1.00000000
vn -0.00000000 -0.00000000 -1.00000000
vn -0.00000000 -0.00000000 -1.00000000
vn -0.00000000 -0.00000000 -1.00000000
vn -0.00000000 -0.00000000 -1.00000000
vn -0.00000000 -1.00000000 -0.00000000
vn -0.00000000 -0.00000000 -1.00000000
vn -0.00000000 -0.00000000 -1.00000000
vn -0.00000000 -0.00000000 -1.00000000
vn 0.09420000 -0.00000000 -0.99560000
vn 0.09420000 -0.00000000 -0.99560000
vn 0.09370000 -0.00000000 -0.99560000
vn 0.09370000 -0.00000000 -0.99560000
vn 0.09420000 -0.00000000 -0.99560000
vn 0.09370000 -0.00000000 -0.99560000
vn -0.00000000 -0.00000000 -1.00000000
vn -0.00000000 -0.00000000 -1.00000000
vn -0.00000000 -0.00000000 -1.00000000
vn -0.00000000 -0.00000000 -1.00000000
vn -0.00000000 -0.00000000 1.00000000
vn -0.00000000 -0.00000000 1.00000000
vn -0.00000000 -0.00000000 1.00000000
vn -0.00000000 -0.00000000 1.00000000
vn -0.00000000 -0.00000000 1.00000000
vn -0.00000000 -0.00000000 1.00000000
vn -0.00000000 -0.00000000 1.00000000
vn -0.00000000 -0.00000000 1.00000000
vn 0.01190000 -0.00000000 -0.99990000
vn 0.01190000 -0.00000000 -0.99990000
vn 0.01190000 -0.00000000 -0.99990000
vn 0.01190000 -0.00000000 -0.99990000
vn -0.00000000 -0.00000000 1.00000000
vn -0.00000000 -0.00000000 1.00000000
vn -0.00000000 -0.00000000 1.00000000
vn -0.00000000 -0.00000000 1.00000000
vn -0.00000000 -0.00000000 1.00000000
vn -0.00000000 -0.00000000 1.00000000
vn -0.00000000 -0.00000000 1.00000000
vn -0.00000000 -0.00000000 1.00000000
vn -1.00000000 -0.00000000 -0.00000000
vn -1.00000000 -0.00000000 -0.00000000
vn -1.00000000 -0.00000000 -0.00000000
vn -1.00000000 -0.00000000 -0.00000000
vn 1.00000000 -0.00000000 -0.00000000
vn 1.00000000 -0.00000000 -0.00000000
vn 1.00000000 -0.00000000 -0.00000000
vn 1.00000000 -0.00000000 -0.00000000
vn -0.00000000 -1.00000000 -0.00000000
vn -0.00000000 -1.00000000 -0.00000000
vn -0.00000000 -1.00000000 -0.00000000
vn -0.00000000 -1.00000000 -0.00000000
vn -0.00000000 -1.00000000 -0.00000000
vn -0.00000000 -1.00000000 -0.00000000
vn -0.00000000 -1.00000000 -0.00000000
vn -0.00000000 -1.00000000 -0.00000000
vn -0.00000000 -1.00000000 -0.00000000
vn -0.00000000 -1.00000000 -0.00000000
vn -0.00000000 -1.00000000 -0.00000000
vn -0.00000000 -1.00000000 -0.00000000
vn -0.00000000 -1.00000000 -0.00000000
vn -0.00000000 -1.00000000 -0.00000000
vn -0.00000000 -1.00000000 -0.00000000
vn -0.00000000 -1.00000000 -0.00000000
vn -0.00000000 -1.00000000 -0.00000000
vn -0.00000000 -1.00000000 -0.00000000
vn -0.00000000 1.00000000 -0.00000000
vn -0.00000000 1.00000000 -0.00000000
vn -0.00000000 1.00000000 -0.00000000
vn -0.00000000 1.00000000 -0.00000000
vn -0.00000000 1.00000000 -0.00000000
vn -0.00000000 1.00000000 -0.00000000
vn -0.00000000 1.00000000 -0.00000000
vn -0.00000000 1.00000000 -0.00000000
vn -0.00000000 1.00000000 -0.00000000
vn -0.00000000 1.00000000 -0.00000000
vn -0.00000000 1.00000000 -0.00000000
vn -0.00000000 1.00000000 -0.00000000
vn -0.00000000 1.00000000 -0.00000000
vn -0.00000000 1.00000000 -0.00000000
vn -0.00000000 1.00000000 -0.00000000
vn -0.00000000 1.00000000 -0.00000000
vn -0.00000000 1.00000000 -0.00000000
vn -0.00000000 1.00000000 -0.00000000
vn -0.00000000 -0.00000000 -1.00000000
vn -0.00000000 -0.00000000 -1.00000000
vn -0.00000000 -0.00000000 -1.00000000
vn -0.00000000 -0.00000000 -1.00000000
vn -0.00000000 -0.00000000 -1.00000000
vn -0.00000000 -0.00000000 -1.00000000
vn -0.00000000 -0.00000000 -1.00000000
vn -0.00000000 -1.00000000 -0.00000000
vn -0.00000000 -0.00000000 -1.00000000
vn -0.00000000 -0.00000000 -1.00000000
vn -0.00000000 -0.00000000 -1.00000000
vn -0.00000000 -0.00000000 -1.00000000
vn -0.00000000 -0.00000000 -1.00000000
vn -0.75180000 -0.65740000 -0.05140000
vn -0.75180000 -0.65740000 -0.05140000
vn -0.75180000 -0.65740000 -0.05140000
vn -0.75180000 -0.65740000 -0.05140000
vn -0.00000000 -0.00000000 -1.00000000
vn -0.00000000 -0.00000000 -1.00000000
vn -0.00000000 -0.00000000 -1.00000000
vn -0.00000000 -0.00000000 -1.00000000
vn -0.00000000 -0.00000000 -1.00000000
vn -0.00000000 -0.00000000 -1.00000000
vn -0.00000000 -0.00000000 -1.00000000
vn -0.00000000 -0.00000000 -1.00000000
vn -0.00000000 -0.00000000 -1.00000000
vn 0.75180000 -0.65740000 -0.05150000
vn 0.75180000 -0.65740000 -0.05150000
vn 0.75180000 -0.65740000 -0.05150000
vn 0.75170000 -0.65740000 -0.05140000
vn -0.00000000 -1.00000000 -0.00000000
vn -0.00000000 -1.00000000 -0.00000000
vn -0.00000000 -1.00000000 -0.00000000
vn -0.00000000 -0.00000000 -0.00000000
vn -0.00000000 -0.00000000 -0.00000000
vn -0.00000000 -0.00000000 -0.00000000
vn -0.00000000 -0.00000000 -0.00000000
vn -0.00000000 -0.00000000 -0.00000000
vn -0.00000000 -0.00000000 -0.00000000
vn -0.00000000 -0.00000000 -0.00000000
vn -0.00000000 -0.00000000 -0.00000000
vn -0.00000000 -1.00000000 -0.00000000
vn -0.00000000 -1.00000000 -0.00000000
vn -0.00000000 -1.00000000 -0.00000000
vn -0.27080000 0.13280000 -0.95340000
vn -0.00450000 0.14490000 -0.98940000
vn -0.38070000 0.06700000 -0.92230000
vn -0.00210000 0.07570000 -0.99710000
vn -0.00000000 0.39610000 -0.91820000
vn -0.44810000 0.35600000 -0.82000000
vn -0.00000000 0.39300000 -0.91950000
vn -0.43030000 0.35750000 -0.82890000
vn -0.00000000 -0.42730000 -0.90410000
vn -0.42460000 -0.38950000 -0.81730000
vn -0.00000000 -0.43040000 -0.90260000
vn -0.44270000 -0.38820000 -0.80830000
vn -0.00000000 -0.14170000 -0.98990000
vn -0.37970000 -0.13120000 -0.91570000
vn -0.25810000 -0.26090000 -0.93020000
vn -0.00000000 -0.26740000 -0.96360000
vn 0.25800000 -0.26090000 -0.93020000
vn 0.37970000 -0.13120000 -0.91580000
vn 0.44270000 -0.38810000 -0.80830000
vn 0.42460000 -0.38950000 -0.81730000
vn 0.43030000 0.35750000 -0.82890000
vn 0.44820000 0.35600000 -0.82000000
vn 0.37680000 0.07530000 -0.92320000
vn 0.26060000 0.14360000 -0.95470000
vn -0.97570000 -0.20640000 -0.07370000
vn -0.97570000 -0.20640000 -0.07370000
vn -0.97870000 -0.10350000 -0.17750000
vn -0.98680000 0.07790000 -0.14160000
vn -0.98680000 0.07790000 -0.14160000
vn -0.97710000 0.04080000 -0.20890000
vn -0.97710000 0.04080000 -0.20890000
vn -0.88780000 0.37960000 -0.26010000
vn -0.88780000 0.37960000 -0.26010000
vn -0.88410000 0.37890000 -0.27360000
vn -0.88410000 0.37890000 -0.27360000
vn -0.87130000 -0.40980000 -0.27020000
vn -0.87120000 -0.40980000 -0.27020000
vn -0.87510000 -0.41040000 -0.25650000
vn -0.87510000 -0.41040000 -0.25650000
vn -0.97870000 -0.10350000 -0.17750000
vn 0.98520000 0.10060000 -0.13900000
vn 0.98520000 0.10070000 -0.13900000
vn 0.97680000 0.05080000 -0.20790000
vn 0.97570000 -0.20650000 -0.07370000
vn 0.97570000 -0.20650000 -0.07370000
vn 0.97870000 -0.10350000 -0.17750000
vn 0.97870000 -0.10350000 -0.17750000
vn 0.87510000 -0.41040000 -0.25650000
vn 0.87510000 -0.41040000 -0.25650000
vn 0.87120000 -0.40980000 -0.27020000
vn 0.87130000 -0.40980000 -0.27020000
vn 0.88410000 0.37890000 -0.27360000
vn 0.88410000 0.37890000 -0.27360000
vn 0.88780000 0.37960000 -0.26010000
vn 0.88780000 0.37960000 -0.26010000
vn 0.97680000 0.05080000 -0.20800000
vn 0.99830000 -0.00000000 0.05800000
vn 0.99830000 -0.00000000 0.05800000
vn 0.99830000 -0.00000000 0.05800000
vn 0.99830000 -0.00000000 0.05800000
vn -0.11970000 -0.00000000 0.99280000
vn -0.11980000 -0.00000000 0.99280000
vn -0.11980000 -0.00000000 0.99280000
vn -0.11970000 -0.00000000 0.99280000
vn -0.99830000 -0.00000000 -0.05790000
vn -0.99830000 -0.00000000 -0.05790000
vn -0.99830000 -0.00000000 -0.05790000
vn -0.99830000 -0.00000000 -0.05790000
vn -0.00000000 -0.00000000 -1.00000000
vn -0.00000000 -0.00000000 -1.00000000
vn -0.00000000 -0.00000000 -1.00000000
vn -0.00000000 -0.00000000 -1.00000000
vn 0.99790000 -0.00000000 -0.06470000
vn 0.99790000 -0.00000000 -0.06470000
vn 0.99790000 -0.00000000 -0.06470000
vn 0.99790000 -0.00000000 -0.06470000
vn 0.09370000 -0.00000000 0.99560000
vn 0.09380000 -0.00000000 0.99560000
vn 0.09380000 -0.00000000 0.99560000
vn 0.09370000 -0.00000000 0.99560000
vn -0.99790000 -0.00000000 0.06440000
vn -0.99790000 -0.00000000 0.06440000
vn -0.99790000 -0.00000000 0.06440000
vn -0.99790000 -0.00000000 0.06440000
vn -0.00000000 -0.00000000 -1.00000000
vn -0.00000000 -0.00000000 -1.00000000
vn -0.00000000 -0.00000000 -1.00000000
vn -0.00000000 -0.00000000 -1.00000000
vn 1.00000000 -0.00000000 -0.00000000
vn 1.00000000 -0.00000000 -0.00000000
vn 1.00000000 -0.00000000 -0.00000000
vn 1.00000000 -0.00000000 -0.00000000
vn -0.00000000 -0.00000000 1.00000000
vn -0.00000000 -0.00000000 1.00000000
vn -0.00000000 -0.00000000 1.00000000
vn -0.00000000 -0.00000000 1.00000000
vn -1.00000000 -0.00000000 -0.00000000
vn -1.00000000 -0.00000000 -0.00000000
vn -1.00000000 -0.00000000 -0.00000000
vn -1.00000000 -0.00000000 -0.00000000
vn -0.00000000 -0.00000000 -1.00000000
vn -0.00000000 -0.00000000 -1.00000000
vn -0.00000000 -0.00000000 -1.00000000
vn -0.00000000 -0.00000000 -1.00000000
vn 0.99970000 -0.00000000 -0.02390000
vn 0.99970000 -0.00000000 -0.02390000
vn 0.99970000 -0.00000000 -0.02400000
vn 0.99970000 -0.00000000 -0.02400000
vn 0.01190000 -0.00000000 0.99990000
vn 0.01190000 -0.00000000 0.99990000
vn 0.01190000 -0.00000000 0.99990000
vn 0.01190000 -0.00000000 0.99990000
vn -0.99970000 -0.00000000 0.02410000
vn -0.99970000 -0.00000000 0.02400000
vn -0.99970000 -0.00000000 0.02400000
vn -0.99970000 -0.00000000 0.02410000
vn -0.00000000 -0.00000000 -1.00000000
vn -0.00000000 -0.00000000 -1.00000000
vn -0.00000000 -0.00000000 -1.00000000
vn -0.00000000 -0.00000000 -1.00000000
vn -0.00000000 1.00000000 -0.00000000
vn 0.00010000 1.00000000 -0.00000000
vn -0.99250000 0.12210000 -0.00000000
vn -0.99250000 0.12210000 -0.00010000
vn -0.99250000 0.12210000 -0.00010000
vn -0.99250000 0.12210000 -0.00010000
vn -0.00000000 1.00000000 -0.00000000
vn -0.00000000 1.00000000 -0.00000000
vn -0.00000000 1.00000000 -0.00000000
vn -0.00000000 1.00000000 -0.00000000
vn 0.04920000 0.99880000 -0.00000000
vn -0.00000000 1.00000000 -0.00000000
vn -0.00000000 1.00000000 -0.00000000
vn 0.04920000 0.99880000 -0.00000000
vn 0.04920000 0.99880000 -0.00000000
vn 0.04920000 0.99880000 -0.00000000
vn -0.00000000 -0.00000000 -0.00000000
vn 1.00000000 -0.00000000 -0.00000000
vn -0.00000000 -1.00000000 -0.00000000
vn -0.00000000 -1.00000000 -0.00000000
vn -0.00000000 -0.00000000 -0.00000000
vn -0.00000000 1.00000000 -0.00000000
vn -0.00000000 1.00000000 -0.00000000
vn -0.00000000 -0.00000000 -0.00000000
vn -0.00000000 -0.00000000 -0.00000000
vn -0.00000000 1.00000000 -0.00000000
vn -0.00000000 -0.00000000 -0.00000000
vn -0.00000000 1.00000000 -0.00000000
vn -0.00000000 -0.00000000 -0.00000000
vn -0.00000000 1.00000000 -0.00000000
vn -0.00000000 1.00000000 -0.00000000
vn -1.00000000 -0.00000000 -0.00000000
vn -0.00000000 1.00000000 -0.00000000
vn -0.00000000 1.00000000 -0.00000000
vn -0.00000000 -0.00000000 -0.00000000
vn -0.00000000 1.00000000 -0.00000000
vn -0.00000000 1.00000000 -0.00000000
vn -0.99990000 0.01590000 -0.00000000
vn -0.00000000 1.00000000 -0.00000000
vn -0.00000000 1.00000000 -0.00000000
vn -0.99990000 0.01590000 -0.00000000
vn -0.99980000 0.01610000 0.01490000
vn -0.99990000 0.01590000 -0.00000000
vn -0.00000000 -1.00000000 -0.00000000
vn 1.00000000 -0.00000000 -0.00000000
vn -0.00000000 -0.00000000 -0.00000000
vn -0.00000000 -0.00000000 -0.00000000
vn -0.00000000 -1.00000000 -0.00000000
vn -0.00000000 -1.00000000 -0.00000000
vn -0.00000000 -1.00000000 -0.00000000
vn -0.00000000 -1.00000000 -0.00000000
vn -0.99280000 -0.00000000 -0.11980000
vn -0.99280000 -0.00000000 -0.11980000
vn -0.99280000 -0.00000000 -0.11980000
vn -0.99280000 -0.00000000 -0.11980000
vn -0.00000000 1.00000000 -0.00000000
vn -0.00000000 1.00000000 -0.00000000
vn -0.00000000 1.00000000 -0.00000000
vn -0.00000000 1.00000000 -0.00000000
vn 0.99280000 -0.00000000 0.11980000
vn 0.99280000 -0.00000000 0.11980000
vn 0.99280000 -0.00000000 0.11980000
vn 0.99280000 -0.00000000 0.11980000
vn -0.00000000 1.00000000 -0.00000000
vn -0.00000000 1.00000000 -0.00000000
vn -0.00000000 1.00000000 -0.00000000
vn -0.00000000 1.00000000 -0.00000000
vn 0.99560000 -0.00000000 -0.09380000
vn 0.99560000 -0.00000000 -0.09380000
vn 0.99560000 -0.00000000 -0.09380000
vn 0.99560000 -0.00000000 -0.09380000
vn -0.00000000 -1.00000000 -0.00000000
vn -0.00000000 -1.00000000 -0.00000000
vn -0.00000000 -1.00000000 -0.00000000
vn -0.00000000 -1.00000000 -0.00000000
vn -0.99560000 -0.00000000 0.09380000
vn -0.99560000 -0.00000000 0.09370000
vn -0.99560000 -0.00000000 0.09370000
vn -0.99560000 -0.00000000 0.09380000
vn -0.00000000 -1.00000000 -0.00000000
vn -0.00000000 -1.00000000 -0.00000000
vn -0.00000000 -1.00000000 -0.00000000
vn -0.00000000 -1.00000000 -0.00000000
vn -1.00000000 -0.00000000 -0.00000000
vn -1.00000000 -0.00000000 -0.00000000
vn -1.00000000 -0.00000000 -0.00000000
vn -1.00000000 -0.00000000 -0.00000000
vn -0.00000000 1.00000000 -0.00000000
vn -0.00000000 1.00000000 -0.00000000
vn -0.00000000 1.00000000 -0.00000000
vn -0.00000000 1.00000000 -0.00000000
vn 1.00000000 -0.00000000 -0.00000000
vn 1.00000000 -0.00000000 -0.00000000
vn 1.00000000 -0.00000000 -0.00000000
vn 1.00000000 -0.00000000 -0.00000000
vn -0.00000000 1.00000000 -0.00000000
vn -0.00000000 1.00000000 -0.00000000
vn -0.00000000 1.00000000 -0.00000000
vn -0.00000000 1.00000000 -0.00000000
vn 0.99990000 -0.00000000 -0.01190000
vn 0.99990000 -0.00000000 -0.01190000
vn 0.99990000 -0.00000000 -0.01190000
vn 0.99990000 -0.00000000 -0.01190000
vn -0.00000000 -1.00000000 -0.00000000
vn -0.00000000 -1.00000000 -0.00000000
vn -0.00000000 -1.00000000 -0.00000000
vn -0.00000000 -1.00000000 -0.00000000
vn -0.99990000 -0.00000000 0.01190000
vn -0.99990000 -0.00000000 0.01190000
vn -0.99990000 -0.00000000 0.01190000
vn -0.99990000 -0.00000000 0.01190000
vn -0.00000000 -0.00000000 -1.00000000
vn -0.00000000 -0.00000000 -1.00000000
vn -0.00000000 1.00000000 -0.00000000
vn -0.00000000 -0.00000000 -1.00000000
vn -0.09370000 -0.00000000 -0.99560000
vn -0.09370000 -0.00000000 -0.99560000
vn -0.04710000 -0.00000000 -0.99890000
vn -0.04710000 -0.00000000 -0.99890000
vn -0.04710000 -0.00000000 -0.99890000
vn -0.09370000 -0.00000000 -0.99560000
vn -0.09370000 -0.00000000 -0.99560000
vn -0.04710000 -0.00000000 -0.99890000
vn -0.00000000 -0.00000000 -1.00000000
vn -0.00000000 -0.00000000 -1.00000000
vn -0.00000000 -0.00000000 -1.00000000
vn -0.00000000 -0.00000000 -1.00000000
vn -0.57620000 0.57960000 -0.57620000
vn -0.30070000 0.30070000 -0.90510000
vn -0.00000000 -1.00000000 -0.00000000
vn -0.30070000 -0.30070000 -0.90510000
vn -0.00000000 -0.00000000 -1.00000000
vn -0.00000000 -0.00000000 -1.00000000
vn -0.00000000 -0.00000000 -1.00000000
vn -0.00000000 -0.00000000 -1.00000000
vn -0.00000000 -0.00000000 1.00000000
vn -0.00000000 -0.00000000 1.00000000
vn -0.00000000 -0.00000000 1.00000000
vn -0.00000000 -0.00000000 1.00000000
vn -0.01180000 -0.00000000 -0.99990000
vn -0.01180000 -0.00000000 -0.99990000
vn -0.01180000 -0.00000000 -0.99990000
vn -0.01180000 -0.00000000 -0.99990000
vn 0.56940000 -0.57950000 -0.58300000
vn 0.90240000 -0.30180000 -0.30770000
vn -0.00000000 1.00000000 -0.00000000
vn 0.90240000 0.30180000 -0.30770000
vn -0.01180000 -0.00000000 -0.99990000
vn -0.01180000 -0.00000000 -0.99990000
vn -0.01180000 -0.00000000 -0.99990000
vn -0.01180000 -0.00000000 -0.99990000
vn -0.00000000 -0.00000000 1.00000000
vn -0.00000000 -0.00000000 1.00000000
vn -0.00000000 -0.00000000 1.00000000
vn -0.00000000 -0.00000000 1.00000000
vn -0.99830000 -0.00000000 -0.05790000
vn -0.99830000 -0.00000000 -0.05790000
vn -0.99830000 -0.00000000 -0.05790000
vn -0.99830000 -0.00000000 -0.05790000
vn -0.00000000 1.00000000 -0.00000000
vn -0.00000000 1.00000000 -0.00000000
vn -0.00000000 1.00000000 -0.00000000
vn -0.00000000 1.00000000 -0.00000000
vn 0.99820000 -0.00000000 0.06010000
vn 0.99820000 -0.00000000 0.06010000
vn 0.99830000 -0.00000000 0.05780000
vn 0.99830000 -0.00000000 0.05790000
vn 0.06010000 -0.00030000 -0.99820000
vn 0.06010000 -0.00000000 -0.99820000
vn 0.06010000 -0.00000000 -0.99820000
vn 0.06010000 -0.00000000 -0.99820000
vn 0.99830000 -0.00000000 0.05790000
vn 0.99830000 -0.00000000 0.05790000
vn 0.99830000 -0.00000000 0.05790000
vn -0.00000000 1.00000000 -0.00000000
vn -0.00000000 1.00000000 -0.00000000
vn -0.00000000 1.00000000 -0.00000000
vn -0.00000000 1.00000000 -0.00000000
vn 0.99790000 -0.00000000 -0.06430000
vn 0.99790000 -0.00000000 -0.06460000
vn 0.99790000 -0.00000000 -0.06430000
vn 0.99790000 -0.00000000 -0.06430000
vn 0.99790000 -0.00000000 -0.06460000
vn 0.99790000 -0.00000000 -0.06460000
vn -0.99790000 -0.00000000 0.06440000
vn -0.99790000 -0.00000000 0.06450000
vn -0.99790000 -0.00000000 0.06450000
vn -0.99790000 -0.00000000 0.06440000
vn -1.00000000 -0.00000000 -0.00000000
vn -1.00000000 -0.00000000 -0.00000000
vn -1.00000000 -0.00000000 -0.00000000
vn -1.00000000 -0.00000000 -0.00000000
vn -0.00000000 1.00000000 -0.00000000
vn -0.00000000 1.00000000 -0.00000000
vn -0.00000000 1.00000000 -0.00000000
vn -0.00000000 1.00000000 -0.00000000
vn 1.00000000 -0.00000000 -0.00000000
vn 1.00000000 -0.00000000 -0.00000000
vn 1.00000000 -0.00000000 -0.00000000
vn 1.00000000 -0.00000000 -0.00000000
vn -0.00000000 1.00000000 -0.00000000
vn -0.00000000 1.00000000 -0.00000000
vn -0.00000000 1.00000000 -0.00000000
vn -0.00000000 1.00000000 -0.00000000
vn 0.99970000 -0.00000000 -0.02400000
vn 0.99970000 -0.00000000 -0.02400000
vn 0.99970000 -0.00000000 -0.02390000
vn 0.99970000 -0.00000000 -0.02400000
vn -0.99970000 -0.00000000 0.02390000
vn -0.99970000 -0.00000000 0.02390000
vn -0.99970000 -0.00000000 0.02400000
vn -0.99970000 -0.00000000 0.02390000
vn -0.00000000 -0.00000000 1.00000000
vn -0.00000000 -0.00000000 1.00000000
vn -0.00000000 -0.00000000 1.00000000
vn -0.00000000 -0.00000000 1.00000000
vn -0.00000000 -0.00000000 -1.00000000
vn -0.00000000 -0.00000000 -1.00000000
vn -0.00000000 -0.00000000 -1.00000000
vn -0.00000000 -0.00000000 -1.00000000
vn -0.00000000 -0.00000000 1.00000000
vn -0.00000000 -0.00000000 1.00000000
vn -0.00000000 -0.00000000 1.00000000
vn -0.00000000 -0.00000000 1.00000000
vn 0.90220000 -0.28990000 0.31950000
vn -0.00000000 -1.00000000 -0.00000000
vn 0.90210000 0.28990000 0.31950000
vn -0.00010000 0.70580000 0.70840000
vn 0.57620000 0.57960000 0.57630000
vn -0.00000000 1.00000000 -0.00000000
vn 0.57620000 -0.57960000 0.57630000
vn -0.00000000 -0.70570000 0.70850000
vn -0.11980000 -0.00000000 0.99280000
vn -0.12000000 -0.00000000 0.99280000
vn -0.11980000 -0.00000000 0.99280000
vn -0.12000000 -0.00000000 0.99280000
vn -0.11980000 -0.00000000 0.99280000
vn -0.12000000 -0.00000000 0.99280000
vn -0.00000000 -0.00000000 1.00000000
vn -0.00000000 -0.00000000 1.00000000
vn -0.00000000 -0.00000000 1.00000000
vn -0.00000000 -0.00000000 1.00000000
vn 0.09380000 -0.00000000 0.99560000
vn 0.09380000 -0.00000000 0.99560000
vn 0.09380000 -0.00000000 0.99560000
vn 0.09390000 -0.00000000 0.99560000
vn -0.00000000 -0.00000000 1.00000000
vn -0.00000000 -0.00000000 1.00000000
vn -0.00000000 -0.00000000 1.00000000
vn -0.00000000 -0.00000000 1.00000000
vn -0.00000000 -0.00000000 -1.00000000
vn -0.00000000 -0.00000000 -1.00000000
vn -0.00000000 -0.00000000 -1.00000000
vn -0.00000000 -0.00000000 -1.00000000
vn -0.00000000 -0.00000000 -1.00000000
vn -0.00000000 -0.00000000 -1.00000000
vn -0.00000000 -0.00000000 -1.00000000
vn -0.00000000 -0.00000000 -1.00000000
vn 0.01190000 -0.00000000 0.99990000
vn 0.01180000 -0.00000000 0.99990000
vn 0.01190000 -0.00000000 0.99990000
vn 0.01180000 -0.00000000 0.99990000
vn 0.01190000 -0.00000000 0.99990000
vn 0.01180000 -0.00000000 0.99990000
vn -0.00000000 -0.00000000 -1.00000000
vn -0.00000000 -0.00000000 -1.00000000
vn -0.00000000 -0.00000000 -1.00000000
vn -0.00000000 -0.00000000 -1.00000000
vn -0.00000000 -0.00000000 -1.00000000
vn -0.00000000 -0.00000000 -1.00000000
vn -0.00000000 -0.00000000 -1.00000000
vn -0.00000000 -0.00000000 -1.00000000
vn -1.00000000 -0.00000000 -0.00000000
vn -1.00000000 -0.00000000 -0.00000000
vn -1.00000000 -0.00000000 -0.00000000
vn -1.00000000 -0.00000000 -0.00000000
vn 1.00000000 -0.00000000 -0.00000000
vn 1.00000000 -0.00000000 -0.00000000
vn 1.00000000 -0.00000000 -0.00000000
vn 1.00000000 -0.00000000 -0.00000000
vn -0.00000000 -1.00000000 -0.00000000
vn -0.00000000 -1.00000000 -0.00000000
vn -0.00000000 -1.00000000 -0.00000000
vn -0.00000000 -1.00000000 -0.00000000
vn -0.00000000 -1.00000000 -0.00000000
vn -0.00000000 -1.00000000 -0.00000000
vn -0.00000000 -1.00000000 -0.00000000
vn -0.00000000 -1.00000000 -0.00000000
vn -0.00000000 -1.00000000 -0.00000000
vn -0.00000000 -1.00000000 -0.00000000
vn -0.00000000 -1.00000000 -0.00000000
vn -0.00000000 -1.00000000 -0.00000000
vn -0.00000000 -1.00000000 -0.00000000
vn -0.00000000 -1.00000000 -0.00000000
vn -0.00000000 -1.00000000 -0.00000000
vn -0.00000000 -1.00000000 -0.00000000
vn -0.00000000 -1.00000000 -0.00000000
vn -0.00000000 -1.00000000 -0.00000000
vn -0.00000000 1.00000000 -0.00000000
vn -0.00000000 1.00000000 -0.00000000
vn -0.00000000 1.00000000 -0.00000000
vn -0.00000000 1.00000000 -0.00000000
vn -0.00000000 1.00000000 -0.00000000
vn -0.00000000 1.00000000 -0.00000000
vn -0.00000000 1.00000000 -0.00000000
vn -0.00000000 1.00000000 -0.00000000
vn -0.00000000 1.00000000 -0.00000000
vn -0.00000000 1.00000000 -0.00000000
vn -0.00000000 1.00000000 -0.00000000
vn -0.00000000 1.00000000 -0.00000000
vn -0.00000000 1.00000000 -0.00000000
vn -0.00000000 1.00000000 -0.00000000
vn -0.00000000 1.00000000 -0.00000000
vn -0.00000000 1.00000000 -0.00000000
vn -0.00000000 1.00000000 -0.00000000
vn -0.00000000 1.00000000 -0.00000000
vn -0.00000000 -0.00000000 1.00000000
vn -0.00000000 -0.00000000 1.00000000
vn -0.00000000 -0.00000000 1.00000000
vn -0.00000000 1.00000000 -0.00000000
vn -0.00000000 -0.00000000 1.00000000
vn -0.00000000 -0.00000000 1.00000000
vn -0.00000000 -0.00000000 1.00000000
vn -0.00000000 -0.00000000 1.00000000
vn -0.00000000 -0.00000000 1.00000000
vn -0.00000000 1.00000000 -0.00000000
vn -0.00000000 -0.00000000 1.00000000
vn -0.00000000 -0.00000000 1.00000000
vn -0.00000000 -0.00000000 1.00000000
vn -0.00000000 -1.00000000 -0.00000000
vn -0.00000000 -0.00000000 1.00000000
vn -0.00000000 -0.00000000 1.00000000
vn -0.00000000 -0.00000000 1.00000000
vn -0.00000000 -0.00000000 1.00000000
vn -0.00000000 -0.00000000 1.00000000
vn -0.00000000 -0.00000000 1.00000000
vn -0.00000000 -0.00000000 1.00000000
vn -0.00000000 -0.00000000 1.00000000
vn -0.00000000 -0.00000000 1.00000000
vn -0.00000000 -0.00000000 1.00000000
vn -0.00000000 -1.00000000 -0.00000000
vn -0.00000000 -0.00000000 1.00000000
vn -0.00000000 -0.00000000 1.00000000
vn -0.00000000 -0.00000000 1.00000000
vn -0.00000000 -0.00000000 1.00000000
vn -0.00000000 -0.00000000 1.00000000
vn -0.75180000 -0.65740000 0.05140000
vn -0.75180000 -0.65740000 0.05140000
vn -0.75180000 -0.65740000 0.05140000
vn -0.75170000 -0.65750000 0.05150000
vn -0.00000000 -0.00000000 1.00000000
vn -0.00000000 -0.00000000 1.00000000
vn -0.00000000 -0.00000000 1.00000000
vn -0.00000000 -0.00000000 1.00000000
vn -0.00000000 -0.00000000 1.00000000
vn -0.00000000 -0.00000000 1.00000000
vn -0.00000000 -0.00000000 1.00000000
vn -0.00000000 -0.00000000 1.00000000
vn -0.00000000 -0.00000000 1.00000000
vn 0.75170000 -0.65740000 0.05140000
vn 0.75180000 -0.65740000 0.05150000
vn 0.75180000 -0.65740000 0.05150000
vn 0.75180000 -0.65740000 0.05150000
vn -0.00000000 -1.00000000 -0.00000000
vn -0.00000000 -1.00000000 -0.00000000
vn -0.00000000 -1.00000000 -0.00000000
vn 1.00000000 -0.00000000 -0.00000000
vn -0.00000000 -0.00000000 -0.00000000
vn 1.00000000 -0.00000000 -0.00010000
vn -0.00000000 -0.00000000 -0.00000000
vn 1.00000000 -0.00000000 -0.00000000
vn -0.00000000 -0.00000000 -0.00000000
vn -0.00000000 -0.00000000 -0.00000000
vn -0.00000000 -0.00000000 -0.00000000
vn -0.00000000 -1.00000000 -0.00000000
vn -0.00000000 -1.00000000 -0.00000000
vn -0.00000000 -1.00000000 -0.00000000
vn -0.00460000 0.19130000 0.98150000
vn -0.00220000 0.10100000 0.99490000
vn 0.25930000 0.18840000 0.94720000
vn 0.37630000 0.09540000 0.92160000
vn -0.00000000 0.39610000 0.91820000
vn 0.44820000 0.35600000 0.82000000
vn -0.00000000 0.39300000 0.91960000
vn 0.43030000 0.35750000 0.82890000
vn -0.00000000 -0.42730000 0.90410000
vn 0.42460000 -0.38950000 0.81730000
vn -0.00000000 -0.43040000 0.90260000
vn 0.44270000 -0.38820000 0.80830000
vn -0.00000000 -0.14170000 0.98990000
vn 0.37970000 -0.13120000 0.91580000
vn 0.25810000 -0.26090000 0.93020000
vn -0.00000000 -0.26740000 0.96360000
vn -0.25810000 -0.26090000 0.93020000
vn -0.37970000 -0.13120000 0.91570000
vn -0.44270000 -0.38810000 0.80830000
vn -0.42460000 -0.38950000 0.81730000
vn -0.43030000 0.35750000 0.82890000
vn -0.44820000 0.35600000 0.82000000
vn -0.38110000 0.08980000 0.92010000
vn -0.26730000 0.18000000 0.94670000
vn -0.98650000 0.08540000 0.13990000
vn -0.97690000 0.04330000 0.20930000
vn -0.98650000 0.08540000 0.13990000
vn -0.97690000 0.04330000 0.20930000
vn -0.88780000 0.37960000 0.26010000
vn -0.88780000 0.37960000 0.26010000
vn -0.88410000 0.37890000 0.27360000
vn -0.88410000 0.37890000 0.27360000
vn -0.87120000 -0.40980000 0.27020000
vn -0.87120000 -0.40980000 0.27020000
vn -0.87510000 -0.41040000 0.25650000
vn -0.87510000 -0.41040000 0.25650000
vn -0.97870000 -0.10360000 0.17750000
vn -0.97870000 -0.10360000 0.17740000
vn -0.97570000 -0.20640000 0.07370000
vn -0.97570000 -0.20640000 0.07370000
vn 0.97570000 -0.20650000 0.07370000
vn 0.97870000 -0.10350000 0.17750000
vn 0.97570000 -0.20650000 0.07370000
vn 0.97870000 -0.10350000 0.17750000
vn 0.87510000 -0.41040000 0.25650000
vn 0.87510000 -0.41040000 0.25650000
vn 0.87120000 -0.40980000 0.27020000
vn 0.87130000 -0.40980000 0.27020000
vn 0.88410000 0.37890000 0.27360000
vn 0.88410000 0.37890000 0.27360000
vn 0.88780000 0.37960000 0.26010000
vn 0.88780000 0.37970000 0.26010000
vn 0.97630000 0.05590000 0.20890000
vn 0.97630000 0.05590000 0.20890000
vn 0.98420000 0.10850000 0.13990000
vn 0.98420000 0.10850000 0.13990000
vn -0.00000000 -0.00380000 -1.00000000
vn -0.00000000 -0.00380000 -1.00000000
vn -0.00000000 -0.00380000 -1.00000000
vn -0.00000000 -0.00380000 -1.00000000
vn -0.00000000 -0.01990000 0.99980000
vn -0.00000000 -0.01800000 0.99980000
vn -0.00000000 -0.01990000 0.99980000
vn -0.00000000 -0.01800000 0.99980000
vn -0.99820000 -0.06000000 -0.00000000
vn -0.99950000 -0.03020000 -0.00000000
vn -0.99820000 -0.06000000 -0.00000000
vn -0.99950000 -0.03030000 -0.00000000
vn -0.00000000 -0.00000000 -1.00000000
vn -1.00000000 -0.00000000 -0.00000000
vn 0.99490000 -0.10100000 -0.00000000
vn -0.05140000 -0.99870000 -0.00000000
vn 0.99490000 -0.10100000 -0.00000000
vn -0.05140000 -0.99870000 0.00010000
vn -0.00000000 -0.00000000 1.00000000
vn -1.00000000 -0.00000000 -0.00000000
vn 0.88340000 -0.45310000 0.11970000
vn 0.88910000 -0.45780000 0.00530000
vn 0.88340000 -0.45310000 0.11970000
vn 0.88910000 -0.45780000 0.00530000
vn 0.88080000 -0.46030000 -0.11080000
vn 0.88080000 -0.46030000 -0.11080000
vn 0.88770000 0.12240000 0.44390000
vn 0.89230000 0.00530000 0.45140000
vn 0.88770000 0.12240000 0.44390000
vn 0.89230000 0.00530000 0.45140000
vn 0.88520000 -0.11350000 0.45110000
vn 0.88520000 -0.11350000 0.45110000
vn 0.88340000 0.45310000 0.11970000
vn 0.88340000 0.45310000 0.11970000
vn 0.88910000 0.45780000 0.00530000
vn 0.88910000 0.45780000 0.00530000
vn 0.88080000 0.46030000 -0.11080000
vn 0.88080000 0.46030000 -0.11080000
vn 0.88770000 0.12240000 -0.44390000
vn 0.88770000 0.12240000 -0.44390000
vn 0.89230000 0.00530000 -0.45140000
vn 0.89230000 0.00530000 -0.45140000
vn 0.88520000 -0.11350000 -0.45110000
vn 0.88520000 -0.11350000 -0.45110000
vn -0.00000000 -0.00000000 -1.00000000
vn -0.00000000 -0.00000000 -1.00000000
vn -0.00000000 -0.00000000 -1.00000000
vn -0.00000000 -0.00000000 -1.00000000
vn -0.00000000 -0.00000000 -1.00000000
vn -0.00000000 -0.00000000 -1.00000000
vn -0.98450000 -0.17510000 -0.00220000
vn -0.99400000 -0.07870000 -0.07650000
vn -0.98660000 -0.11440000 -0.11680000
vn -0.98650000 0.11440000 -0.11680000
vn -0.98310000 -0.00230000 -0.18290000
vn -0.99400000 0.07650000 -0.07870000
vn -0.99580000 -0.00000000 -0.09150000
vn -0.99600000 -0.08920000 -0.00000000
vn -0.98650000 -0.11680000 0.11440000
vn -0.99400000 -0.07870000 0.07640000
vn -0.99580000 -0.00000000 0.09150000
vn -0.98310000 -0.00230000 0.18290000
vn -0.98660000 0.11440000 0.11680000
vn -0.99400000 0.07870000 0.07650000
vn -0.98450000 0.17510000 -0.00230000
vn -0.99600000 0.08920000 -0.00000000
vn -1.00000000 -0.00000000 -0.00000000
vn 1.00000000 -0.00000000 -0.00000000
vn 1.00000000 -0.00000000 -0.00000000
vn 1.00000000 -0.00000000 -0.00000000
vn 1.00000000 -0.00000000 -0.00000000
vn 1.00000000 -0.00000000 -0.00000000
vn 1.00000000 -0.00000000 -0.00000000
vn 1.00000000 -0.00000000 -0.00000000
vn 1.00000000 -0.00000000 -0.00000000
vn 1.00000000 -0.00000000 -0.00000000
vn -0.00000000 1.00000000 -0.00000000
vn -0.00000000 1.00000000 -0.00000000
vn -0.00000000 1.00000000 -0.00000000
vn -0.00000000 1.00000000 -0.00000000
vn -0.00000000 1.00000000 -0.00000000
vn -0.00000000 1.00000000 -0.00000000
vn -0.00000000 1.00000000 -0.00000000
vn -0.00000000 1.00000000 -0.00000000
vn -0.00000000 1.00000000 -0.00000000
vn -0.00000000 1.00000000 -0.00000000
vn -0.00000000 1.00000000 -0.00000000
vn -0.00000000 -1.00000000 -0.00000000
vn -0.00000000 -1.00000000 -0.00000000
vn -0.00000000 -1.00000000 -0.00000000
vn -0.00000000 -1.00000000 -0.00000000
vn -0.00000000 -1.00000000 -0.00000000
vn -0.00000000 -1.00000000 -0.00000000
vn -0.00000000 -1.00000000 -0.00000000
vn -0.00000000 -1.00000000 -0.00000000
vn -0.00000000 -1.00000000 -0.00000000
vn -0.00000000 -1.00000000 -0.00000000
vn -0.00000000 -1.00000000 -0.00000000
vn -0.00000000 -0.00000000 1.00000000
vn -0.00000000 -0.00000000 1.00000000
vn -0.00000000 -0.00000000 1.00000000
vn -0.00000000 -0.00000000 1.00000000
vn -0.00000000 -0.00000000 1.00000000
vn -0.00000000 -0.00000000 1.00000000
vn -0.00000000 -0.00000000 1.00000000
vn -0.00000000 -0.00000000 1.00000000
vn -0.00000000 -0.00000000 1.00000000
vn 1.00000000 -0.00000000 -0.00000000
vn 1.00000000 -0.00000000 -0.00000000
vn 1.00000000 -0.00000000 -0.00000000
vn 1.00000000 -0.00000000 -0.00000000
vn -1.00000000 -0.00000000 -0.00000000
vn -1.00000000 -0.00000000 -0.00000000
vn -1.00000000 -0.00000000 -0.00000000
vn -1.00000000 -0.00000000 -0.00000000
vn 1.00000000 -0.00000000 -0.00000000
vn 1.00000000 -0.00000000 -0.00000000
vn 1.00000000 -0.00000000 -0.00000000
vn 1.00000000 -0.00000000 -0.00000000
vn -0.00790000 1.00000000 -0.00000000
vn -0.00790000 1.00000000 -0.00000000
vn -0.00790000 1.00000000 -0.00000000
vn -0.00790000 1.00000000 -0.00000000
vn -0.00000000 -0.00000000 -1.00000000
vn -0.00000000 -0.00000000 -1.00000000
vn -0.00000000 -0.00000000 -1.00000000
vn -0.00000000 -0.00000000 -1.00000000
vn -0.00000000 -0.00000000 -1.00000000
vn -0.00000000 -0.00000000 -1.00000000
vn -0.00000000 -0.00000000 -1.00000000
vn -0.00000000 -0.00000000 -1.00000000
vn -0.00000000 -0.00000000 -1.00000000
vn -0.00000000 -0.00000000 -1.00000000
vn -0.00000000 -0.00000000 -1.00000000
vn -0.00000000 -0.00000000 -1.00000000
vn -0.00000000 -0.00000000 -1.00000000
vn -0.00000000 -0.00000000 -1.00000000
vn -0.00000000 -0.00000000 -1.00000000
vn -0.00000000 -0.00000000 -1.00000000
vn -0.00000000 -0.00000000 -1.00000000
vn -0.00000000 -1.00000000 -0.00000000
vn -0.00000000 -1.00000000 -0.00000000
vn -0.00000000 -1.00000000 -0.00000000
vn -0.00000000 -1.00000000 -0.00000000
vn -0.00000000 -0.00000000 1.00000000
vn -0.00000000 -0.00000000 1.00000000
vn -0.00000000 -0.00000000 1.00000000
vn -0.00000000 -0.00000000 1.00000000
vn -0.00000000 -0.00000000 1.00000000
vn -0.00000000 -0.00000000 1.00000000
vn -0.00000000 -0.00000000 1.00000000
vn -0.00000000 -0.00000000 1.00000000
vn -0.00000000 -0.00000000 1.00000000
vn -0.00000000 -0.00000000 1.00000000
vn -0.00000000 -0.00000000 1.00000000
vn -0.00000000 -0.00000000 1.00000000
vn -0.00000000 -0.00000000 1.00000000
vn -0.00000000 -0.00000000 1.00000000
vn -1.00000000 -0.00000000 -0.00000000
vn -1.00000000 -0.00000000 -0.00000000
vn -1.00000000 -0.00000000 -0.00000000
vn -1.00000000 -0.00000000 -0.00000000
vn -1.00000000 -0.00000000 -0.00000000
vn -1.00000000 -0.00000000 -0.00000000
vn -1.00000000 -0.00000000 -0.00000000
vn -1.00000000 -0.00000000 -0.00000000
vn -1.00000000 -0.00000000 -0.00000000
vn -1.00000000 -0.00000000 -0.00000000
vn -1.00000000 -0.00000000 -0.00000000
vn -1.00000000 -0.00000000 -0.00000000
vn -1.00000000 -0.00000000 -0.00000000
vn -1.00000000 -0.00000000 -0.00000000
vn -1.00000000 -0.00000000 -0.00000000
vn -1.00000000 -0.00000000 -0.00000000
vn -1.00000000 -0.00000000 -0.00000000
vn -1.00000000 -0.00000000 -0.00000000
vn 1.00000000 -0.00000000 -0.00000000
vn 1.00000000 -0.00000000 -0.00000000
vn 1.00000000 -0.00000000 -0.00000000
vn 1.00000000 -0.00000000 -0.00000000
vn -0.00000000 -0.70570000 0.70850000
vn -0.00000000 -0.70570000 0.70850000
vn -0.00000000 -1.00000000 -0.00000000
vn -0.00000000 -1.00000000 -0.00000000
vn -0.00000000 -1.00000000 -0.00000000
vn -0.00000000 -0.70570000 0.70850000
vn -1.00000000 -0.00000000 -0.00000000
vn -1.00000000 -0.00000000 -0.00000000
vn -1.00000000 -0.00000000 -0.00000000
vn -1.00000000 -0.00000000 -0.00000000
vn -0.00000000 -1.00000000 -0.00000000
vn -0.00000000 -1.00000000 -0.00000000
vn -0.00000000 -1.00000000 -0.00000000
vn -0.00000000 -1.00000000 -0.00000000
vn -0.00000000 -1.00000000 -0.00000000
vn -0.00000000 -1.00000000 -0.00000000
vn -0.00000000 -1.00000000 -0.00000000
vn -0.00000000 -1.00000000 -0.00000000
vn -0.00000000 -1.00000000 -0.00000000
vn -0.00000000 -1.00000000 -0.00000000
vn -0.00000000 -1.00000000 -0.00000000
vn -0.00000000 -1.00000000 -0.00000000
vn 0.00390000 -0.00000000 -1.00000000
vn 0.00200000 -0.00000000 -1.00000000
vn 0.00200000 -0.00000000 -1.00000000
vn 0.00200000 -0.00000000 -1.00000000
vn -0.00000000 1.00000000 -0.00000000
vn -0.00000000 1.00000000 -0.00000000
vn -0.00000000 1.00000000 -0.00000000
vn -0.00000000 1.00000000 -0.00000000
vn -0.00000000 1.00000000 -0.00000000
vn -0.00000000 1.00000000 -0.00000000
vn -0.00000000 1.00000000 -0.00000000
vn -0.00000000 1.00000000 -0.00000000
vn -0.00000000 1.00000000 -0.00000000
vn -0.00000000 1.00000000 -0.00000000
vn -0.00000000 1.00000000 -0.00000000
vn -0.00000000 1.00000000 -0.00000000
vn 1.00000000 -0.00000000 -0.00000000
vn 1.00000000 -0.00000000 -0.00000000
vn 1.00000000 -0.00000000 -0.00000000
vn 1.00000000 -0.00000000 -0.00000000
vn 1.00000000 -0.00000000 -0.00000000
vn 1.00000000 -0.00000000 -0.00000000
vn -0.00000000 -0.00000000 1.00000000
vn -0.00000000 -0.00000000 1.00000000
vn -0.00000000 -0.00000000 1.00000000
vn -0.00000000 -0.00000000 1.00000000
vn -0.00000000 -0.00000000 1.00000000
vn -0.00000000 -0.00000000 1.00000000
vn -1.00000000 -0.00000000 -0.00000000
vn -1.00000000 -0.00000000 -0.00000000
vn -1.00000000 -0.00000000 -0.00000000
vn -1.00000000 -0.00000000 -0.00000000
vn -1.00000000 -0.00000000 -0.00000000
vn -1.00000000 -0.00000000 -0.00000000
vn -1.00000000 -0.00000000 -0.00000000
vn -1.00000000 -0.00000000 -0.00000000
vn -1.00000000 -0.00000000 -0.00000000
vn -1.00000000 -0.00000000 -0.00000000
vn -1.00000000 -0.00000000 -0.00000000
vn -1.00000000 -0.00000000 -0.00000000
vn 1.00000000 -0.00000000 -0.00000000
vn 1.00000000 -0.00000000 -0.00000000
vn 1.00000000 -0.00000000 -0.00000000
vn 1.00000000 -0.00000000 -0.00000000
vn 1.00000000 -0.00000000 -0.00000000
vn 1.00000000 -0.00000000 -0.00000000
vn 1.00000000 -0.00000000 -0.00000000
vn 1.00000000 -0.00000000 -0.00000000
vn 1.00000000 -0.00000000 -0.00000000
vn 1.00000000 -0.00000000 -0.00000000
vn 1.00000000 -0.00000000 -0.00000000
vn 1.00000000 -0.00000000 -0.00000000
vn -0.00000000 1.00000000 -0.00000000
vn -0.00000000 1.00000000 -0.00000000
vn -0.00000000 1.00000000 -0.00000000
vn -0.00000000 1.00000000 -0.00000000
vn -0.00000000 1.00000000 -0.00000000
vn -0.00000000 1.00000000 -0.00000000
vn -0.00000000 1.00000000 -0.00000000
vn -0.00000000 1.00000000 -0.00000000
vn -0.00000000 1.00000000 -0.00000000
vn -0.00000000 1.00000000 -0.00000000
vn -0.00000000 1.00000000 -0.00000000
vn -0.00000000 -0.00000000 -1.00000000
vn -0.00000000 -0.00000000 -1.00000000
vn -0.00000000 -0.00000000 -1.00000000
vn -0.00000000 -0.00000000 -1.00000000
vn -0.00000000 -0.00000000 -1.00000000
vn -0.00000000 -0.00000000 -1.00000000
vn -0.00000000 -1.00000000 -0.00000000
vn -0.00000000 -1.00000000 -0.00000000
vn -0.00000000 -1.00000000 -0.00000000
vn -0.00000000 -1.00000000 -0.00000000
vn -0.00000000 -1.00000000 -0.00000000
vn -0.00000000 -1.00000000 -0.00000000
vn -0.00000000 -1.00000000 -0.00000000
vn -0.00000000 -1.00000000 -0.00000000
vn -0.00000000 -1.00000000 -0.00000000
vn -0.00000000 -0.00000000 1.00000000
vn -0.00000000 -0.00000000 1.00000000
vn -0.00000000 -0.00000000 1.00000000
vn -0.00000000 -0.00000000 1.00000000
vn -0.00000000 -0.00000000 1.00000000
vn -0.00000000 -0.00000000 1.00000000
vn -0.00000000 -0.00000000 1.00000000
vn -0.00000000 -0.00000000 1.00000000
vn 1.00000000 -0.00000000 -0.00000000
vn 1.00000000 -0.00000000 -0.00000000
vn 1.00000000 -0.00000000 -0.00000000
vn 1.00000000 -0.00000000 -0.00000000
vn 1.00000000 -0.00000000 -0.00000000
vn 1.00000000 -0.00000000 -0.00000000
vn -1.00000000 -0.00000000 -0.00000000
vn -1.00000000 -0.00000000 -0.00000000
vn -1.00000000 -0.00000000 -0.00000000
vn -1.00000000 -0.00000000 -0.00000000
vn -1.00000000 -0.00000000 -0.00000000
vn -1.00000000 -0.00000000 -0.00000000
vn -0.00000000 -0.00000000 -1.00000000
vn -0.00000000 -0.00000000 -1.00000000
vn -0.00000000 -0.00000000 -1.00000000
vn -0.00000000 -0.00000000 -1.00000000
vn -0.00000000 -0.00000000 -1.00000000
vn -0.00000000 -0.00000000 -1.00000000
vn -1.00000000 -0.00000000 -0.00000000
vn -1.00000000 -0.00000000 -0.00000000
vn -1.00000000 -0.00000000 -0.00000000
vn -1.00000000 -0.00000000 -0.00000000
vn -1.00000000 -0.00000000 -0.00000000
vn -1.00000000 -0.00000000 -0.00000000
vn -0.00000000 1.00000000 -0.00000000
vn -0.00000000 1.00000000 -0.00000000
vn -0.00000000 1.00000000 -0.00000000
vn -0.00000000 1.00000000 -0.00000000
vn -0.00000000 1.00000000 -0.00000000
vn -0.00000000 1.00000000 -0.00000000
vn -0.00000000 1.00000000 -0.00000000
vn -0.00000000 1.00000000 -0.00000000
vn -0.00000000 1.00000000 -0.00000000
vn 0.00390000 -0.00000000 -1.00000000
vn 0.00200000 -0.00000000 -1.00000000
vn 0.00200000 -0.00000000 -1.00000000
vn 0.00200000 -0.00000000 -1.00000000
vn -0.00000000 -0.00000000 -1.00000000
vn -0.00000000 -0.00000000 -1.00000000
vn -0.00000000 -1.00000000 -0.00000000
vn -0.00000000 -1.00000000 -0.00000000
vn -0.00000000 -1.00000000 -0.00000000
vn -0.00000000 -1.00000000 -0.00000000
vn -0.00000000 -1.00000000 -0.00000000
vn -0.00000000 -1.00000000 -0.00000000
vn -0.00000000 -1.00000000 -0.00000000
vn -0.00000000 -1.00000000 -0.00000000
vn -0.00000000 -1.00000000 -0.00000000
vn -0.00000000 -0.00000000 1.00000000
vn -0.00000000 -0.00000000 1.00000000
vn -0.00000000 -0.00000000 1.00000000
vn -0.00000000 -0.00000000 1.00000000
vn -0.00000000 -0.00000000 1.00000000
vn -0.00000000 -0.00000000 1.00000000
vn -0.00000000 1.00000000 -0.00000000
vn -0.00000000 1.00000000 -0.00000000
vn -0.00000000 1.00000000 -0.00000000
vn -0.00000000 1.00000000 -0.00000000
vn -0.00000000 1.00000000 -0.00000000
vn -0.00000000 1.00000000 -0.00000000
vn -0.00000000 1.00000000 -0.00000000
vn -0.00000000 1.00000000 -0.00000000
vn -0.00000000 1.00000000 -0.00000000
vn -0.00000000 1.00000000 -0.00000000
vn -0.00000000 1.00000000 -0.00000000
vn -0.00000000 1.00000000 -0.00000000
vn -0.00000000 1.00000000 -0.00000000
vn -0.00000000 1.00000000 -0.00000000
vn -0.00000000 1.00000000 -0.00000000
vn -0.00000000 1.00000000 -0.00000000
vn -0.00000000 1.00000000 -0.00000000
vn -0.00000000 1.00000000 -0.00000000
vn -0.00000000 1.00000000 -0.00000000
vn -0.00000000 1.00000000 -0.00000000
vn -0.00000000 1.00000000 -0.00000000
vn -0.00000000 1.00000000 -0.00000000
vn -0.00000000 1.00000000 -0.00000000
vn -0.00000000 1.00000000 -0.00000000
vn -0.00000000 1.00000000 -0.00000000
vn -0.00000000 1.00000000 -0.00000000
vn -0.00000000 1.00000000 -0.00000000
vn -0.00000000 1.00000000 -0.00000000
vn -0.00000000 1.00000000 -0.00000000
vn -0.00000000 1.00000000 -0.00000000
vn -0.00000000 1.00000000 -0.00000000
vn -0.00000000 1.00000000 -0.00000000
vn -0.00000000 1.00000000 -0.00000000
vn -0.00000000 1.00000000 -0.00000000
vn -0.00000000 1.00000000 -0.00000000
vn -0.00000000 1.00000000 -0.00000000
vn -0.00000000 1.00000000 -0.00000000
vn -0.00000000 1.00000000 -0.00000000
vn -0.00000000 1.00000000 -0.00000000
vn -0.00000000 1.00000000 -0.00000000
vn -0.00000000 1.00000000 -0.00000000
vn -0.00000000 1.00000000 -0.00000000
vn -0.00000000 1.00000000 -0.00000000
vn -0.00000000 1.00000000 -0.00000000
vn -0.00000000 1.00000000 -0.00000000
vn -0.00000000 1.00000000 -0.00000000
vn -0.00000000 1.00000000 -0.00000000
vn -0.00000000 1.00000000 -0.00000000
vn -0.00000000 1.00000000 -0.00000000
vn -0.00000000 1.00000000 -0.00000000
vn 1.00000000 -0.00000000 -0.00000000
vn 1.00000000 -0.00000000 -0.00000000
vn 1.00000000 -0.00000000 -0.00000000
vn 1.00000000 -0.00000000 -0.00000000
vn 1.00000000 -0.00000000 -0.00000000
vn 1.00000000 -0.00000000 -0.00000000
vn 1.00000000 -0.00000000 -0.00000000
vn 1.00000000 -0.00000000 -0.00000000
vn 1.00000000 -0.00000000 -0.00000000
vn -1.00000000 -0.00000000 -0.00000000
vn -1.00000000 -0.00000000 -0.00000000
vn -1.00000000 -0.00000000 -0.00000000
vn -1.00000000 -0.00000000 -0.00000000
vn -1.00000000 -0.00000000 -0.00000000
vn -1.00000000 -0.00000000 -0.00000000
vn -1.00000000 -0.00000000 -0.00000000
vn -1.00000000 -0.00000000 -0.00000000
vn -1.00000000 -0.00000000 -0.00000000
vn -1.00000000 -0.00000000 -0.00000000
vn -0.00000000 -0.00000000 -1.00000000
vn -0.00000000 -0.00000000 -1.00000000
vn -0.00000000 -0.00000000 -1.00000000
vn -0.00000000 -0.00000000 -1.00000000
vn -0.00000000 -0.00000000 -1.00000000
vn -0.00000000 -0.00000000 -1.00000000
vn -0.00000000 -0.00000000 -1.00000000
vn -0.00000000 -0.00000000 -1.00000000
vn -0.00000000 -0.00000000 -1.00000000
vn -0.00000000 -0.00000000 -1.00000000
vn -0.00000000 -0.00000000 -1.00000000
vn -0.00000000 -0.00000000 -1.00000000
vn -0.00000000 -0.00000000 -1.00000000
vn -0.00000000 -0.00000000 -1.00000000
vn -0.00000000 -0.00000000 -1.00000000
vn -0.00000000 -0.00000000 -1.00000000
vn -0.00000000 -0.00000000 -1.00000000
vn -0.00000000 -0.00000000 -1.00000000
vn -0.00000000 -0.00000000 -1.00000000
vn -0.00000000 -0.00000000 -1.00000000
vn -0.00000000 -0.00000000 -1.00000000
vn -0.00000000 -0.00000000 -1.00000000
vn -0.00000000 -0.00000000 1.00000000
vn -0.00000000 -0.00000000 1.00000000
vn -0.00000000 -0.00000000 1.00000000
vn -0.00000000 -0.00000000 1.00000000
vn -0.00000000 -0.00000000 1.00000000
vn -0.00000000 -0.00000000 1.00000000
vn -0.00000000 -0.00000000 1.00000000
vn -0.00000000 -0.00000000 1.00000000
vn -0.00000000 -0.00000000 1.00000000
vn -0.00000000 -0.00000000 1.00000000
vn -0.00000000 -0.00000000 1.00000000
vn -0.00000000 -0.00000000 1.00000000
vn -0.00000000 -0.00000000 1.00000000
vn -0.00000000 -0.00000000 1.00000000
vn -0.00000000 -0.00000000 1.00000000
vn -0.00000000 -0.00000000 1.00000000
vn -0.00000000 -0.00000000 1.00000000
vn -0.00000000 -0.00000000 1.00000000
vn -0.00000000 -0.00000000 1.00000000
vn -0.00000000 -0.00000000 1.00000000
vn -0.00000000 -0.00000000 1.00000000
vn -0.00000000 -0.00000000 1.00000000
vn 0.49990000 -0.86610000 0.00020000
vn 0.31990000 -0.94740000 -0.00000000
vn 0.50940000 -0.86050000 -0.00000000
vn 0.13680000 -0.99060000 -0.00000000
vn 0.18250000 -0.98320000 -0.00000000
vn -0.35300000 -0.93560000 -0.00000000
vn -0.19300000 -0.98120000 -0.00000000
vn -0.79310000 -0.60910000 -0.00000000
vn -0.00000000 -1.00000000 -0.00000000
vn -0.00000000 -1.00000000 -0.00000000
vn -0.00000000 -1.00000000 -0.00000000
vn -0.00000000 -1.00000000 -0.00000000
vn -0.00000000 -1.00000000 -0.00000000
vn -0.00000000 -1.00000000 -0.00000000
vn -0.00000000 -1.00000000 -0.00000000
vn -0.00000000 -1.00000000 -0.00000000
vn -0.00000000 -1.00000000 -0.00000000
vn -0.00000000 -1.00000000 -0.00000000
vn -0.00000000 -1.00000000 -0.00000000
vn -0.00000000 -1.00000000 -0.00000000
vn -0.00000000 -1.00000000 -0.00000000
vn -0.00000000 -1.00000000 -0.00000000
vn -0.00000000 -1.00000000 -0.00000000
vn -0.00000000 -1.00000000 -0.00000000
vn -0.00000000 -1.00000000 -0.00000000
vn -0.00000000 -1.00000000 -0.00000000
vn -0.00000000 -1.00000000 -0.00000000
vn -0.00000000 -1.00000000 -0.00000000
vn -0.00000000 -1.00000000 -0.00000000
vn -0.00000000 -1.00000000 -0.00000000
vn -0.00000000 -1.00000000 -0.00000000
vn -0.00000000 -1.00000000 -0.00000000
vn -0.00000000 -1.00000000 -0.00000000
vn -0.00000000 -1.00000000 -0.00000000
vn -0.00000000 -1.00000000 -0.00000000
vn -0.00000000 -1.00000000 -0.00000000
vn -0.31690000 -0.94840000 -0.00000000
vn -0.00000000 -1.00000000 -0.00000000
vn -0.00000000 -1.00000000 -0.00000000
vn -0.00000000 -1.00000000 -0.00000000
vn -0.00000000 -1.00000000 -0.00000000
vn -0.00000000 -1.00000000 -0.00000000
vn -0.00000000 -1.00000000 -0.00000000
vn -0.79310000 -0.60910000 -0.00000000
vn -0.44610000 -0.89500000 -0.00000000
vn -0.00000000 -1.00000000 -0.00000000
vn -0.00000000 -1.00000000 -0.00000000
vn -0.00000000 -1.00000000 -0.00000000
vn -1.00000000 -0.00000000 -0.00000000
vn -1.00000000 -0.00000000 -0.00000000
vn -0.95510000 -0.29630000 -0.00000000
vn -0.82440000 -0.56600000 -0.00000000
vn -0.82450000 -0.56590000 -0.00000000
vn -0.95510000 -0.29640000 -0.00000000
vn -0.00000000 -0.00000000 -1.00000000
vn -0.00000000 -0.00000000 -1.00000000
vn -0.00000000 0.55030000 -0.83500000
vn -0.00000000 0.91820000 -0.39610000
vn -0.00000000 0.91820000 -0.39610000
vn -0.00000000 0.55030000 -0.83500000
vn 1.00000000 -0.00000000 -0.00000000
vn 1.00000000 -0.00000000 -0.00000000
vn 0.91130000 -0.41170000 -0.00000000
vn 0.66010000 -0.75120000 -0.00000000
vn 0.66010000 -0.75120000 -0.00000000
vn 0.91130000 -0.41170000 -0.00000000
vn -0.00000000 -0.00000000 1.00000000
vn -0.00000000 -0.00000000 1.00000000
vn -0.00000000 0.56910000 0.82230000
vn -0.00000000 0.93560000 0.35310000
vn -0.00000000 0.93560000 0.35310000
vn -0.00000000 0.56910000 0.82230000
vn -1.00000000 -0.00000000 -0.00000000
vn -1.00000000 -0.00000000 -0.00000000
vn -0.96510000 -0.26170000 -0.00000000
vn -0.86240000 -0.50620000 -0.00000000
vn -0.86240000 -0.50620000 -0.00000000
vn -0.96510000 -0.26170000 -0.00000000
vn -0.00000000 -0.00000000 -1.00000000
vn -0.00000000 -0.00000000 -1.00000000
vn -0.00000000 0.49350000 -0.86970000
vn -0.00000000 0.85660000 -0.51590000
vn -0.00000000 0.85660000 -0.51590000
vn -0.00000000 0.49350000 -0.86970000
vn 1.00000000 -0.00000000 -0.00000000
vn 1.00000000 -0.00000000 -0.00000000
vn 0.92720000 -0.37450000 -0.00000000
vn 0.21440000 0.97130000 0.10340000
vn 0.92090000 0.38980000 -0.00010000
vn 0.92720000 -0.37450000 -0.00000000
vn -1.00000000 -0.00000000 -0.00000000
vn -1.00000000 -0.00000000 -0.00000000
vn -0.92850000 0.37140000 -0.00000000
vn -0.72220000 0.69170000 -0.00000000
vn -0.72220000 0.69170000 -0.00000000
vn -0.92850000 0.37140000 -0.00000000
vn -0.00000000 -0.00000000 1.00000000
vn -0.00000000 -0.00000000 1.00000000
vn -0.00000000 -0.58770000 0.80910000
vn -0.00000000 -0.95140000 0.30810000
vn -0.00000000 -0.95140000 0.30810000
vn -0.00000000 -0.58770000 0.80910000
vn 1.00000000 -0.00000000 -0.00000000
vn 1.00000000 -0.00000000 -0.00000000
vn 0.87680000 0.48090000 -0.00000000
vn 0.53460000 0.84510000 -0.00000000
vn 0.53460000 0.84510000 -0.00000000
vn 0.87680000 0.48090000 -0.00000000
vn -0.00000000 -0.00000000 -1.00000000
vn -0.00000000 -0.00000000 -1.00000000
vn -0.00000000 -0.61220000 -0.79070000
vn -0.00000000 -0.96740000 -0.25320000
vn -0.00000000 -0.96740000 -0.25320000
vn -0.00000000 -0.61220000 -0.79070000
vn -1.00000000 -0.00000000 -0.00000000
vn -1.00000000 -0.00000000 -0.00000000
vn -0.92850000 0.37140000 -0.00000000
vn -0.72220000 0.69170000 -0.00000000
vn -0.72220000 0.69170000 -0.00000000
vn -0.92850000 0.37140000 -0.00000000
vn 1.00000000 -0.00000000 -0.00000000
vn 1.00000000 -0.00000000 -0.00000000
vn 0.87680000 0.48090000 -0.00000000
vn 0.16770000 -0.98150000 -0.09230000
vn 0.96030000 -0.27880000 -0.00000000
vn 0.87680000 0.48090000 -0.00000000
vn -0.00000000 -0.00000000 -1.00000000
vn -0.00000000 -0.00000000 -1.00000000
vn -0.00000000 -0.59690000 -0.80230000
vn -0.00000000 -0.98920000 -0.14670000
vn 0.16760000 -0.98150000 -0.09240000
vn -0.00000000 -0.59690000 -0.80230000
vn -0.00000000 -0.00000000 1.00000000
vn -0.00000000 -0.00000000 1.00000000
vn -0.00000000 -0.00000000 1.00000000
vn -0.00000000 -0.00000000 1.00000000
vn -0.00000000 -0.00000000 1.00000000
vn -0.00000000 -0.00000000 1.00000000
vn -0.00000000 -0.00000000 1.00000000
vn -0.00000000 -0.00000000 1.00000000
vn -0.00000000 -0.00000000 1.00000000
vn -0.00000000 -0.00000000 1.00000000
vn -0.00000000 -0.00000000 1.00000000
vn -0.00000000 -0.00000000 1.00000000
vn -0.00000000 -0.00000000 1.00000000
vn -0.00000000 -0.00000000 1.00000000
vn -0.00000000 -0.00000000 1.00000000
vn -0.00000000 -0.00000000 1.00000000
vn -0.00000000 -0.00000000 1.00000000
vn -0.00000000 -0.00000000 1.00000000
vn -0.00000000 -0.96740000 0.25320000
vn -0.00000000 -0.96740000 0.25320000
vn -0.00000000 -0.61220000 0.79070000
vn -0.00000000 -0.61220000 0.79070000
vn -0.00000000 -0.00000000 1.00000000
vn -0.00000000 -0.00000000 1.00000000
vn -0.00000000 -0.00000000 1.00000000
vn -0.00000000 -0.00000000 1.00000000
vn -0.00000000 -0.00000000 1.00000000
vn -0.00000000 -0.00000000 1.00000000
vn -0.00000000 -0.00000000 1.00000000
vn -0.00000000 -0.00000000 1.00000000
vn -0.00000000 -0.00000000 1.00000000
vn -0.00000000 0.98460000 0.17470000
vn 0.21440000 0.97130000 0.10350000
vn -0.00000000 0.57220000 0.82010000
vn -0.00000000 0.57220000 0.82010000
vn -0.00000000 -0.00000000 1.00000000
vn -0.00000000 -0.00000000 1.00000000
vn -0.00000000 -0.00000000 1.00000000
vn -0.00000000 -0.00000000 1.00000000
vn -0.00000000 -0.00000000 1.00000000
vn -0.00000000 -0.00000000 1.00000000
vn -0.00000000 -0.00000000 1.00000000
vn -0.00000000 -0.00000000 1.00000000
vn -1.00000000 -0.00000000 -0.00000000
vn -1.00000000 -0.00000000 -0.00000000
vn -1.00000000 -0.00000000 -0.00000000
vn -1.00000000 -0.00000000 -0.00000000
vn 1.00000000 -0.00000000 -0.00000000
vn 1.00000000 -0.00000000 -0.00000000
vn 1.00000000 -0.00000000 -0.00000000
vn 1.00000000 -0.00000000 -0.00000000
vn -0.00000000 -0.70570000 0.70850000
vn -0.00000000 -0.70570000 0.70850000
vn -0.00000000 -1.00000000 -0.00000000
vn -0.00000000 -1.00000000 -0.00000000
vn -0.00000000 -1.00000000 -0.00000000
vn -0.00000000 -0.70570000 0.70850000
vn -1.00000000 -0.00000000 -0.00000000
vn -1.00000000 -0.00000000 -0.00000000
vn -1.00000000 -0.00000000 -0.00000000
vn -1.00000000 -0.00000000 -0.00000000
vn -0.00000000 -1.00000000 -0.00000000
vn -0.00000000 -1.00000000 -0.00000000
vn -0.00000000 -1.00000000 -0.00000000
vn -0.00000000 -1.00000000 -0.00000000
vn -0.00000000 -1.00000000 -0.00000000
vn -0.00000000 -1.00000000 -0.00000000
vn -0.00000000 -1.00000000 -0.00000000
vn -0.00000000 -1.00000000 -0.00000000
vn -0.00000000 -1.00000000 -0.00000000
vn -0.00000000 -1.00000000 -0.00000000
vn -0.00000000 -1.00000000 -0.00000000
vn -0.00000000 -1.00000000 -0.00000000
vn 0.00390000 -0.00000000 -1.00000000
vn 0.00200000 -0.00000000 -1.00000000
vn 0.00200000 -0.00000000 -1.00000000
vn 0.00200000 -0.00000000 -1.00000000
vn -0.00000000 1.00000000 -0.00000000
vn -0.00000000 1.00000000 -0.00000000
vn -0.00000000 1.00000000 -0.00000000
vn -0.00000000 1.00000000 -0.00000000
vn -0.00000000 1.00000000 -0.00000000
vn -0.00000000 1.00000000 -0.00000000
vn -0.00000000 1.00000000 -0.00000000
vn -0.00000000 1.00000000 -0.00000000
vn -0.00000000 1.00000000 -0.00000000
vn -0.00000000 1.00000000 -0.00000000
vn -0.00000000 1.00000000 -0.00000000
vn -0.00000000 1.00000000 -0.00000000
vn 1.00000000 -0.00000000 -0.00000000
vn 1.00000000 -0.00000000 -0.00000000
vn 1.00000000 -0.00000000 -0.00000000
vn 1.00000000 -0.00000000 -0.00000000
vn 1.00000000 -0.00000000 -0.00000000
vn 1.00000000 -0.00000000 -0.00000000
vn -0.00000000 -0.00000000 1.00000000
vn -0.00000000 -0.00000000 1.00000000
vn -0.00000000 -0.00000000 1.00000000
vn -0.00000000 -0.00000000 1.00000000
vn -0.00000000 -0.00000000 1.00000000
vn -0.00000000 -0.00000000 1.00000000
vn -1.00000000 -0.00000000 -0.00000000
vn -1.00000000 -0.00000000 -0.00000000
vn -1.00000000 -0.00000000 -0.00000000
vn -1.00000000 -0.00000000 -0.00000000
vn -1.00000000 -0.00000000 -0.00000000
vn -1.00000000 -0.00000000 -0.00000000
vn -1.00000000 -0.00000000 -0.00000000
vn -1.00000000 -0.00000000 -0.00000000
vn -1.00000000 -0.00000000 -0.00000000
vn -1.00000000 -0.00000000 -0.00000000
vn -1.00000000 -0.00000000 -0.00000000
vn -1.00000000 -0.00000000 -0.00000000
vn 1.00000000 -0.00000000 -0.00000000
vn 1.00000000 -0.00000000 -0.00000000
vn 1.00000000 -0.00000000 -0.00000000
vn 1.00000000 -0.00000000 -0.00000000
vn 1.00000000 -0.00000000 -0.00000000
vn 1.00000000 -0.00000000 -0.00000000
vn 1.00000000 -0.00000000 -0.00000000
vn 1.00000000 -0.00000000 -0.00000000
vn 1.00000000 -0.00000000 -0.00000000
vn 1.00000000 -0.00000000 -0.00000000
vn 1.00000000 -0.00000000 -0.00000000
vn 1.00000000 -0.00000000 -0.00000000
vn -0.00000000 0.98460000 0.17460000
vn -0.00000000 1.00000000 -0.00000000
vn 0.21440000 0.97130000 0.10340000
vn -0.00000000 1.00000000 -0.00000000
vn 0.92080000 0.38990000 -0.00000000
vn -0.00000000 1.00000000 -0.00000000
vn -0.00000000 1.00000000 -0.00000000
vn -0.00000000 1.00000000 -0.00000000
vn -0.00000000 1.00000000 -0.00000000
vn -0.00000000 1.00000000 -0.00000000
vn -0.00000000 1.00000000 -0.00000000
vn -0.00000000 -0.00000000 -1.00000000
vn -0.00000000 -0.00000000 -1.00000000
vn -0.00000000 -0.00000000 -1.00000000
vn -0.00000000 -0.00000000 -1.00000000
vn -0.00000000 -0.00000000 -1.00000000
vn -0.00000000 -0.00000000 -1.00000000
vn -0.00000000 -1.00000000 -0.00000000
vn -0.00000000 -1.00000000 -0.00000000
vn -0.00000000 -1.00000000 -0.00000000
vn -0.00000000 -1.00000000 -0.00000000
vn -0.00000000 -1.00000000 -0.00000000
vn -0.00000000 -1.00000000 -0.00000000
vn -0.00000000 -1.00000000 -0.00000000
vn -0.00000000 -1.00000000 -0.00000000
vn -0.00000000 -1.00000000 -0.00000000
vn -0.00000000 -0.00000000 1.00000000
vn -0.00000000 -0.00000000 1.00000000
vn -0.00000000 -0.00000000 1.00000000
vn -0.00000000 -0.00000000 1.00000000
vn -0.00000000 -0.00000000 1.00000000
vn -0.00000000 -0.00000000 1.00000000
vn -0.00000000 -0.00000000 1.00000000
vn -0.00000000 -0.00000000 1.00000000
vn 1.00000000 -0.00000000 -0.00000000
vn 1.00000000 -0.00000000 -0.00000000
vn 1.00000000 -0.00000000 -0.00000000
vn 1.00000000 -0.00000000 -0.00000000
vn 1.00000000 -0.00000000 -0.00000000
vn 1.00000000 -0.00000000 -0.00000000
vn -1.00000000 -0.00000000 -0.00000000
vn -1.00000000 -0.00000000 -0.00000000
vn -1.00000000 -0.00000000 -0.00000000
vn -1.00000000 -0.00000000 -0.00000000
vn -1.00000000 -0.00000000 -0.00000000
vn -1.00000000 -0.00000000 -0.00000000
vn -0.00000000 -0.00000000 -1.00000000
vn -0.00000000 -0.00000000 -1.00000000
vn -0.00000000 -0.00000000 -1.00000000
vn -0.00000000 -0.00000000 -1.00000000
vn -0.00000000 -0.00000000 -1.00000000
vn -0.00000000 -0.00000000 -1.00000000
vn -1.00000000 -0.00000000 -0.00000000
vn -1.00000000 -0.00000000 -0.00000000
vn -1.00000000 -0.00000000 -0.00000000
vn -1.00000000 -0.00000000 -0.00000000
vn -1.00000000 -0.00000000 -0.00000000
vn -1.00000000 -0.00000000 -0.00000000
vn -0.00000000 1.00000000 -0.00000000
vn -0.00000000 1.00000000 -0.00000000
vn -0.00000000 1.00000000 -0.00000000
vn -0.00000000 1.00000000 -0.00000000
vn -0.00000000 1.00000000 -0.00000000
vn -0.00000000 1.00000000 -0.00000000
vn -0.00000000 1.00000000 -0.00000000
vn -0.00000000 1.00000000 -0.00000000
vn -0.00000000 1.00000000 -0.00000000
vn 0.00390000 -0.00000000 -1.00000000
vn 0.00200000 -0.00000000 -1.00000000
vn 0.00200000 -0.00000000 -1.00000000
vn 0.00200000 -0.00000000 -1.00000000
vn -0.00000000 -0.00000000 -1.00000000
vn -0.00000000 -0.00000000 -1.00000000
vn -0.00000000 -1.00000000 -0.00000000
vn -0.00000000 -1.00000000 -0.00000000
vn -0.00000000 -1.00000000 -0.00000000
vn -0.00000000 -1.00000000 -0.00000000
vn -0.00000000 -1.00000000 -0.00000000
vn -0.00000000 -1.00000000 -0.00000000
vn -0.00000000 -1.00000000 -0.00000000
vn -0.00000000 -1.00000000 -0.00000000
vn -0.00000000 -1.00000000 -0.00000000
vn -0.00000000 -0.00000000 1.00000000
vn -0.00000000 -0.00000000 1.00000000
vn -0.00000000 -0.00000000 1.00000000
vn -0.00000000 -0.00000000 1.00000000
vn -0.00000000 -0.00000000 1.00000000
vn -0.00000000 -0.00000000 1.00000000
vn -1.00000000 -0.00000000 -0.00000000
vn -1.00000000 -0.00000000 -0.00000000
vn -1.00000000 -0.00000000 -0.00000000
vn -1.00000000 -0.00000000 -0.00000000
vn 1.00000000 -0.00000000 -0.00000000
vn 1.00000000 -0.00000000 -0.00000000
vn 1.00000000 -0.00000000 -0.00000000
vn 1.00000000 -0.00000000 -0.00000000
vn -0.00000000 0.70840000 -0.70580000
vn -0.00000000 0.70840000 -0.70580000
vn -0.00000000 1.00000000 -0.00000000
vn -0.00000000 1.00000000 -0.00000000
vn -0.00000000 1.00000000 -0.00000000
vn -0.00000000 0.70840000 -0.70580000
vn -1.00000000 -0.00000000 -0.00000000
vn -1.00000000 -0.00000000 -0.00000000
vn -1.00000000 -0.00000000 -0.00000000
vn -1.00000000 -0.00000000 -0.00000000
vn -0.00000000 1.00000000 -0.00000000
vn -0.00000000 1.00000000 -0.00000000
vn -0.00000000 1.00000000 -0.00000000
vn -0.00000000 1.00000000 -0.00000000
vn -0.00000000 1.00000000 -0.00000000
vn -0.00000000 1.00000000 -0.00000000
vn -0.00000000 1.00000000 -0.00000000
vn -0.00000000 1.00000000 -0.00000000
vn -0.00000000 1.00000000 -0.00000000
vn -0.00000000 1.00000000 -0.00000000
vn -0.00000000 1.00000000 -0.00000000
vn -0.00000000 1.00000000 -0.00000000
vn 0.00390000 -0.00000000 1.00000000
vn 0.00200000 -0.00000000 1.00000000
vn 0.00200000 -0.00000000 1.00000000
vn 0.00200000 -0.00000000 1.00000000
vn -0.00000000 -1.00000000 -0.00000000
vn -0.00000000 -1.00000000 -0.00000000
vn -0.00000000 -1.00000000 -0.00000000
vn -0.00000000 -1.00000000 -0.00000000
vn -0.00000000 -1.00000000 -0.00000000
vn -0.00000000 -1.00000000 -0.00000000
vn -0.00000000 -1.00000000 -0.00000000
vn -0.00000000 -1.00000000 -0.00000000
vn -0.00000000 -1.00000000 -0.00000000
vn -0.00000000 -1.00000000 -0.00000000
vn -0.00000000 -1.00000000 -0.00000000
vn -0.00000000 -1.00000000 -0.00000000
vn 1.00000000 -0.00000000 -0.00000000
vn 1.00000000 -0.00000000 -0.00000000
vn 1.00000000 -0.00000000 -0.00000000
vn 1.00000000 -0.00000000 -0.00000000
vn 1.00000000 -0.00000000 -0.00000000
vn 1.00000000 -0.00000000 -0.00000000
vn -0.00000000 -0.00000000 -1.00000000
vn -0.00000000 -0.00000000 -1.00000000
vn -0.00000000 -0.00000000 -1.00000000
vn -0.00000000 -0.00000000 -1.00000000
vn -0.00000000 -0.00000000 -1.00000000
vn -0.00000000 -0.00000000 -1.00000000
vn -1.00000000 -0.00000000 -0.00000000
vn -1.00000000 -0.00000000 -0.00000000
vn -1.00000000 -0.00000000 -0.00000000
vn -1.00000000 -0.00000000 -0.00000000
vn -1.00000000 -0.00000000 -0.00000000
vn -1.00000000 -0.00000000 -0.00000000
vn -1.00000000 -0.00000000 -0.00000000
vn -1.00000000 -0.00000000 -0.00000000
vn -1.00000000 -0.00000000 -0.00000000
vn -1.00000000 -0.00000000 -0.00000000
vn -1.00000000 -0.00000000 -0.00000000
vn -1.00000000 -0.00000000 -0.00000000
vn 1.00000000 -0.00000000 -0.00000000
vn 1.00000000 -0.00000000 -0.00000000
vn 1.00000000 -0.00000000 -0.00000000
vn 1.00000000 -0.00000000 -0.00000000
vn 1.00000000 -0.00000000 -0.00000000
vn 1.00000000 -0.00000000 -0.00000000
vn 1.00000000 -0.00000000 -0.00000000
vn 1.00000000 -0.00000000 -0.00000000
vn 1.00000000 -0.00000000 -0.00000000
vn 1.00000000 -0.00000000 -0.00000000
vn 1.00000000 -0.00000000 -0.00000000
vn 1.00000000 -0.00000000 -0.00000000
vn -0.00000000 -1.00000000 -0.00000000
vn -0.00000000 -1.00000000 -0.00000000
vn -0.00000000 -1.00000000 -0.00000000
vn -0.00000000 -1.00000000 -0.00000000
vn -0.00000000 -1.00000000 -0.00000000
vn -0.00000000 -1.00000000 -0.00000000
vn -0.00000000 -1.00000000 -0.00000000
vn -0.00000000 -1.00000000 -0.00000000
vn -0.00000000 -1.00000000 -0.00000000
vn -0.00000000 -1.00000000 -0.00000000
vn -0.00000000 -1.00000000 -0.00000000
vn -0.00000000 -0.00000000 1.00000000
vn -0.00000000 -0.00000000 1.00000000
vn -0.00000000 -0.00000000 1.00000000
vn -0.00000000 -0.00000000 1.00000000
vn -0.00000000 -0.00000000 1.00000000
vn -0.00000000 -0.00000000 1.00000000
vn -0.00000000 1.00000000 -0.00000000
vn -0.00000000 1.00000000 -0.00000000
vn -0.00000000 1.00000000 -0.00000000
vn -0.00000000 1.00000000 -0.00000000
vn -0.00000000 1.00000000 -0.00000000
vn -0.00000000 1.00000000 -0.00000000
vn -0.00000000 1.00000000 -0.00000000
vn -0.00000000 1.00000000 -0.00000000
vn -0.00000000 1.00000000 -0.00000000
vn -0.00000000 -0.00000000 -1.00000000
vn -0.00000000 -0.00000000 -1.00000000
vn -0.00000000 -0.00000000 -1.00000000
vn -0.00000000 -0.00000000 -1.00000000
vn -0.00000000 -0.00000000 -1.00000000
vn -0.00000000 -0.00000000 -1.00000000
vn -0.00000000 -0.00000000 -1.00000000
vn -0.00000000 -0.00000000 -1.00000000
vn 1.00000000 -0.00000000 -0.00000000
vn 1.00000000 -0.00000000 -0.00000000
vn 1.00000000 -0.00000000 -0.00000000
vn 1.00000000 -0.00000000 -0.00000000
vn 1.00000000 -0.00000000 -0.00000000
vn 1.00000000 -0.00000000 -0.00000000
vn -1.00000000 -0.00000000 -0.00000000
vn -1.00000000 -0.00000000 -0.00000000
vn -1.00000000 -0.00000000 -0.00000000
vn -1.00000000 -0.00000000 -0.00000000
vn -1.00000000 -0.00000000 -0.00000000
vn -1.00000000 -0.00000000 -0.00000000
vn -0.00000000 -0.00000000 1.00000000
vn -0.00000000 -0.00000000 1.00000000
vn -0.00000000 -0.00000000 1.00000000
vn -0.00000000 -0.00000000 1.00000000
vn -0.00000000 -0.00000000 1.00000000
vn -0.00000000 -0.00000000 1.00000000
vn -1.00000000 -0.00000000 -0.00000000
vn -1.00000000 -0.00000000 -0.00000000
vn -1.00000000 -0.00000000 -0.00000000
vn -1.00000000 -0.00000000 -0.00000000
vn -1.00000000 -0.00000000 -0.00000000
vn -1.00000000 -0.00000000 -0.00000000
vn -0.00000000 -1.00000000 -0.00000000
vn -0.00000000 -1.00000000 -0.00000000
vn -0.00000000 -1.00000000 -0.00000000
vn -0.00000000 -1.00000000 -0.00000000
vn -0.00000000 -1.00000000 -0.00000000
vn -0.00000000 -1.00000000 -0.00000000
vn -0.00000000 -1.00000000 -0.00000000
vn -0.00000000 -1.00000000 -0.00000000
vn -0.00000000 -1.00000000 -0.00000000
vn 0.00390000 -0.00000000 1.00000000
vn 0.00200000 -0.00000000 1.00000000
vn 0.00200000 -0.00000000 1.00000000
vn 0.00200000 -0.00000000 1.00000000
vn -0.00000000 -0.00000000 1.00000000
vn -0.00000000 -0.00000000 1.00000000
vn -0.00000000 1.00000000 -0.00000000
vn -0.00000000 1.00000000 -0.00000000
vn -0.00000000 1.00000000 -0.00000000
vn -0.00000000 1.00000000 -0.00000000
vn -0.00000000 1.00000000 -0.00000000
vn -0.00000000 1.00000000 -0.00000000
vn -0.00000000 1.00000000 -0.00000000
vn -0.00000000 1.00000000 -0.00000000
vn -0.00000000 1.00000000 -0.00000000
vn -0.00000000 -0.00000000 -1.00000000
vn -0.00000000 -0.00000000 -1.00000000
vn -0.00000000 -0.00000000 -1.00000000
vn -0.00000000 -0.00000000 -1.00000000
vn -0.00000000 -0.00000000 -1.00000000
vn -0.00000000 -0.00000000 -1.00000000
vn -1.00000000 -0.00000000 -0.00000000
vn -1.00000000 -0.00000000 -0.00000000
vn -1.00000000 -0.00000000 -0.00000000
vn -1.00000000 -0.00000000 -0.00000000
vn 1.00000000 -0.00000000 -0.00000000
vn 1.00000000 -0.00000000 -0.00000000
vn 1.00000000 -0.00000000 -0.00000000
vn 1.00000000 -0.00000000 -0.00000000
vn -0.00000000 0.70840000 -0.70580000
vn -0.00000000 0.70840000 -0.70580000
vn -0.00000000 1.00000000 -0.00000000
vn -0.00000000 1.00000000 -0.00000000
vn -0.00000000 1.00000000 -0.00000000
vn -0.00000000 0.70840000 -0.70580000
vn -1.00000000 -0.00000000 -0.00000000
vn -1.00000000 -0.00000000 -0.00000000
vn -1.00000000 -0.00000000 -0.00000000
vn -1.00000000 -0.00000000 -0.00000000
vn -0.00000000 1.00000000 -0.00000000
vn -0.00000000 1.00000000 -0.00000000
vn -0.00000000 1.00000000 -0.00000000
vn -0.00000000 1.00000000 -0.00000000
vn -0.00000000 1.00000000 -0.00000000
vn -0.00000000 1.00000000 -0.00000000
vn -0.00000000 1.00000000 -0.00000000
vn -0.00000000 1.00000000 -0.00000000
vn -0.00000000 1.00000000 -0.00000000
vn -0.00000000 1.00000000 -0.00000000
vn -0.00000000 1.00000000 -0.00000000
vn -0.00000000 1.00000000 -0.00000000
vn 0.00390000 -0.00000000 1.00000000
vn 0.00200000 -0.00000000 1.00000000
vn 0.00200000 -0.00000000 1.00000000
vn 0.00200000 -0.00000000 1.00000000
vn -0.00000000 -1.00000000 -0.00000000
vn -0.00000000 -1.00000000 -0.00000000
vn -0.00000000 -1.00000000 -0.00000000
vn -0.00000000 -1.00000000 -0.00000000
vn -0.00000000 -1.00000000 -0.00000000
vn -0.00000000 -1.00000000 -0.00000000
vn -0.00000000 -1.00000000 -0.00000000
vn -0.00000000 -1.00000000 -0.00000000
vn -0.00000000 -1.00000000 -0.00000000
vn -0.00000000 -1.00000000 -0.00000000
vn -0.00000000 -1.00000000 -0.00000000
vn -0.00000000 -1.00000000 -0.00000000
vn 1.00000000 -0.00000000 -0.00000000
vn 1.00000000 -0.00000000 -0.00000000
vn 1.00000000 -0.00000000 -0.00000000
vn 1.00000000 -0.00000000 -0.00000000
vn 1.00000000 -0.00000000 -0.00000000
vn 1.00000000 -0.00000000 -0.00000000
vn -0.00000000 -0.00000000 -1.00000000
vn -0.00000000 -0.00000000 -1.00000000
vn -0.00000000 -0.00000000 -1.00000000
vn -0.00000000 -0.00000000 -1.00000000
vn -0.00000000 -0.00000000 -1.00000000
vn -0.00000000 -0.00000000 -1.00000000
vn -1.00000000 -0.00000000 -0.00000000
vn -1.00000000 -0.00000000 -0.00000000
vn -1.00000000 -0.00000000 -0.00000000
vn -1.00000000 -0.00000000 -0.00000000
vn -1.00000000 -0.00000000 -0.00000000
vn -1.00000000 -0.00000000 -0.00000000
vn -1.00000000 -0.00000000 -0.00000000
vn -1.00000000 -0.00000000 -0.00000000
vn -1.00000000 -0.00000000 -0.00000000
vn -1.00000000 -0.00000000 -0.00000000
vn -1.00000000 -0.00000000 -0.00000000
vn -1.00000000 -0.00000000 -0.00000000
vn 1.00000000 -0.00000000 -0.00000000
vn 1.00000000 -0.00000000 -0.00000000
vn 1.00000000 -0.00000000 -0.00000000
vn 1.00000000 -0.00000000 -0.00000000
vn 1.00000000 -0.00000000 -0.00000000
vn 1.00000000 -0.00000000 -0.00000000
vn 1.00000000 -0.00000000 -0.00000000
vn 1.00000000 -0.00000000 -0.00000000
vn 1.00000000 -0.00000000 -0.00000000
vn 1.00000000 -0.00000000 -0.00000000
vn 1.00000000 -0.00000000 -0.00000000
vn 1.00000000 -0.00000000 -0.00000000
vn -0.00000000 -0.98920000 -0.14670000
vn -0.00000000 -1.00000000 -0.00000000
vn 0.16760000 -0.98150000 -0.09230000
vn -0.00000000 -1.00000000 -0.00000000
vn 0.96030000 -0.27890000 -0.00000000
vn -0.00000000 -1.00000000 -0.00000000
vn -0.00000000 -1.00000000 -0.00000000
vn -0.00000000 -1.00000000 -0.00000000
vn -0.00000000 -1.00000000 -0.00000000
vn -0.00000000 -1.00000000 -0.00000000
vn -0.00000000 -1.00000000 -0.00000000
vn -0.00000000 -0.00000000 1.00000000
vn -0.00000000 -0.00000000 1.00000000
vn -0.00000000 -0.00000000 1.00000000
vn -0.00000000 -0.00000000 1.00000000
vn -0.00000000 -0.00000000 1.00000000
vn -0.00000000 -0.00000000 1.00000000
vn -0.00000000 1.00000000 -0.00000000
vn -0.00000000 1.00000000 -0.00000000
vn -0.00000000 1.00000000 -0.00000000
vn -0.00000000 1.00000000 -0.00000000
vn -0.00000000 1.00000000 -0.00000000
vn -0.00000000 1.00000000 -0.00000000
vn -0.00000000 1.00000000 -0.00000000
vn -0.00000000 1.00000000 -0.00000000
vn -0.00000000 1.00000000 -0.00000000
vn -0.00000000 -0.00000000 -1.00000000
vn -0.00000000 -0.00000000 -1.00000000
vn -0.00000000 -0.00000000 -1.00000000
vn -0.00000000 -0.00000000 -1.00000000
vn -0.00000000 -0.00000000 -1.00000000
vn -0.00000000 -0.00000000 -1.00000000
vn -0.00000000 -0.00000000 -1.00000000
vn -0.00000000 -0.00000000 -1.00000000
vn 1.00000000 -0.00000000 -0.00000000
vn 1.00000000 -0.00000000 -0.00000000
vn 1.00000000 -0.00000000 -0.00000000
vn 1.00000000 -0.00000000 -0.00000000
vn 1.00000000 -0.00000000 -0.00000000
vn 1.00000000 -0.00000000 -0.00000000
vn -1.00000000 -0.00000000 -0.00000000
vn -1.00000000 -0.00000000 -0.00000000
vn -1.00000000 -0.00000000 -0.00000000
vn -1.00000000 -0.00000000 -0.00000000
vn -1.00000000 -0.00000000 -0.00000000
vn -1.00000000 -0.00000000 -0.00000000
vn -0.00000000 -0.00000000 1.00000000
vn -0.00000000 -0.00000000 1.00000000
vn -0.00000000 -0.00000000 1.00000000
vn -0.00000000 -0.00000000 1.00000000
vn -0.00000000 -0.00000000 1.00000000
vn -0.00000000 -0.00000000 1.00000000
vn -1.00000000 -0.00000000 -0.00000000
vn -1.00000000 -0.00000000 -0.00000000
vn -1.00000000 -0.00000000 -0.00000000
vn -1.00000000 -0.00000000 -0.00000000
vn -1.00000000 -0.00000000 -0.00000000
vn -1.00000000 -0.00000000 -0.00000000
vn -0.00000000 -1.00000000 -0.00000000
vn -0.00000000 -1.00000000 -0.00000000
vn -0.00000000 -1.00000000 -0.00000000
vn -0.00000000 -1.00000000 -0.00000000
vn -0.00000000 -1.00000000 -0.00000000
vn -0.00000000 -1.00000000 -0.00000000
vn -0.00000000 -1.00000000 -0.00000000
vn -0.00000000 -1.00000000 -0.00000000
vn -0.00000000 -1.00000000 -0.00000000
vn 0.00390000 -0.00000000 1.00000000
vn 0.00200000 -0.00000000 1.00000000
vn 0.00200000 -0.00000000 1.00000000
vn 0.00200000 -0.00000000 1.00000000
vn -0.00000000 -0.00000000 1.00000000
vn -0.00000000 -0.00000000 1.00000000
vn -0.00000000 1.00000000 -0.00000000
vn -0.00000000 1.00000000 -0.00000000
vn -0.00000000 1.00000000 -0.00000000
vn -0.00000000 1.00000000 -0.00000000
vn -0.00000000 1.00000000 -0.00000000
vn -0.00000000 1.00000000 -0.00000000
vn -0.00000000 1.00000000 -0.00000000
vn -0.00000000 1.00000000 -0.00000000
vn -0.00000000 1.00000000 -0.00000000
vn -0.00000000 -0.00000000 -1.00000000
vn -0.00000000 -0.00000000 -1.00000000
vn -0.00000000 -0.00000000 -1.00000000
vn -0.00000000 -0.00000000 -1.00000000
vn -0.00000000 -0.00000000 -1.00000000
vn -0.00000000 -0.00000000 -1.00000000
vn 0.88340000 -0.45310000 -0.11970000
vn 0.88340000 -0.45310000 -0.11970000
vn 0.88910000 -0.45780000 -0.00530000
vn 0.88910000 -0.45780000 -0.00530000
vn 0.88080000 -0.46030000 0.11080000
vn 0.88080000 -0.46030000 0.11080000
vn 0.88770000 0.12240000 -0.44390000
vn 0.88770000 0.12240000 -0.44390000
vn 0.89230000 0.00530000 -0.45140000
vn 0.89230000 0.00530000 -0.45140000
vn 0.88520000 -0.11350000 -0.45110000
vn 0.88520000 -0.11350000 -0.45110000
vn 0.88080000 0.46030000 0.11080000
vn 0.88080000 0.46030000 0.11080000
vn 0.88910000 0.45780000 -0.00530000
vn 0.88340000 0.45310000 -0.11970000
vn 0.88340000 0.45310000 -0.11970000
vn 0.88910000 0.45780000 -0.00530000
vn 0.88520000 -0.11350000 0.45110000
vn 0.88520000 -0.11350000 0.45110000
vn 0.89230000 0.00530000 0.45140000
vn 0.88770000 0.12230000 0.44390000
vn 0.88770000 0.12240000 0.44390000
vn 0.89230000 0.00530000 0.45140000
vn -0.00000000 -0.00000000 1.00000000
vn -0.00000000 -0.00000000 1.00000000
vn -0.00000000 -0.00000000 1.00000000
vn -0.00000000 -0.00000000 1.00000000
vn -0.00000000 -0.00000000 1.00000000
vn -0.00000000 -0.00000000 1.00000000
vn -0.98650000 0.11440000 0.11680000
vn -0.99400000 0.07650000 0.07870000
vn -0.98310000 -0.00230000 0.18290000
vn -0.98660000 -0.11440000 0.11680000
vn -0.99400000 -0.07870000 0.07650000
vn -0.98450000 -0.17510000 0.00220000
vn -0.99400000 -0.07870000 -0.07640000
vn -0.98660000 -0.11670000 -0.11440000
vn -0.99600000 -0.08920000 -0.00000000
vn -0.99580000 -0.00000000 0.09150000
vn -0.99600000 0.08920000 -0.00000000
vn -0.98460000 0.17510000 0.00230000
vn -0.99400000 0.07870000 -0.07650000
vn -0.98660000 0.11440000 -0.11680000
vn -0.99580000 -0.00000000 -0.09150000
vn -0.98310000 -0.00230000 -0.18290000
vn -1.00000000 -0.00000000 -0.00000000
vn 1.00000000 -0.00000000 -0.00000000
vn 1.00000000 -0.00000000 -0.00000000
vn 1.00000000 -0.00000000 -0.00000000
vn 1.00000000 -0.00000000 -0.00000000
vn 1.00000000 -0.00000000 -0.00000000
vn 1.00000000 -0.00000000 -0.00000000
vn 1.00000000 -0.00000000 -0.00000000
vn 1.00000000 -0.00000000 -0.00000000
vn 1.00000000 -0.00000000 -0.00000000
vn -0.00000000 1.00000000 -0.00000000
vn -0.00000000 1.00000000 -0.00000000
vn -0.00000000 1.00000000 -0.00000000
vn -0.00000000 1.00000000 -0.00000000
vn -0.00000000 1.00000000 -0.00000000
vn -0.00000000 1.00000000 -0.00000000
vn -0.00000000 1.00000000 -0.00000000
vn -0.00000000 1.00000000 -0.00000000
vn -0.00000000 1.00000000 -0.00000000
vn -0.00000000 1.00000000 -0.00000000
vn -0.00000000 1.00000000 -0.00000000
vn -0.00000000 -1.00000000 -0.00000000
vn -0.00000000 -1.00000000 -0.00000000
vn -0.00000000 -1.00000000 -0.00000000
vn -0.00000000 -1.00000000 -0.00000000
vn -0.00000000 -1.00000000 -0.00000000
vn -0.00000000 -1.00000000 -0.00000000
vn -0.00000000 -1.00000000 -0.00000000
vn -0.00000000 -1.00000000 -0.00000000
vn -0.00000000 -1.00000000 -0.00000000
vn -0.00000000 -1.00000000 -0.00000000
vn -0.00000000 -1.00000000 -0.00000000
vn -0.00000000 -0.00000000 -1.00000000
vn -0.00000000 -0.00000000 -1.00000000
vn -0.00000000 -0.00000000 -1.00000000
vn -0.00000000 -0.00000000 -1.00000000
vn -0.00000000 -0.00000000 -1.00000000
vn -0.00000000 -0.00000000 -1.00000000
vn -0.00000000 -0.00000000 -1.00000000
vn -0.00000000 -0.00000000 -1.00000000
vn -0.00000000 -0.00000000 -1.00000000
vn 1.00000000 -0.00000000 -0.00000000
vn 1.00000000 -0.00000000 -0.00000000
vn 1.00000000 -0.00000000 -0.00000000
vn 1.00000000 -0.00000000 -0.00000000
vn -1.00000000 -0.00000000 -0.00000000
vn -1.00000000 -0.00000000 -0.00000000
vn -1.00000000 -0.00000000 -0.00000000
vn -1.00000000 -0.00000000 -0.00000000
vn 1.00000000 -0.00000000 -0.00000000
vn 1.00000000 -0.00000000 -0.00000000
vn 1.00000000 -0.00000000 -0.00000000
vn 1.00000000 -0.00000000 -0.00000000
vn -0.00790000 1.00000000 -0.00000000
vn -0.00790000 1.00000000 -0.00000000
vn -0.00790000 1.00000000 -0.00000000
vn -0.00790000 1.00000000 -0.00000000
vn -0.00000000 -0.00000000 1.00000000
vn -0.00000000 -0.00000000 1.00000000
vn -0.00000000 -0.00000000 1.00000000
vn -0.00000000 -0.00000000 1.00000000
vn -0.00000000 -0.00000000 1.00000000
vn -0.00000000 -0.00000000 1.00000000
vn -0.00000000 -0.00000000 1.00000000
vn -0.00000000 -0.00000000 1.00000000
vn -0.00000000 -0.00000000 1.00000000
vn -0.00000000 -0.00000000 1.00000000
vn -0.00000000 -0.00000000 1.00000000
vn -0.00000000 -0.00000000 1.00000000
vn -0.00000000 -0.00000000 1.00000000
vn -0.00000000 -0.00000000 1.00000000
vn -0.00000000 -0.00000000 1.00000000
vn -0.00000000 -0.00000000 1.00000000
vn -0.00000000 -0.00000000 1.00000000
vn -0.00000000 -1.00000000 -0.00000000
vn -0.00000000 -1.00000000 -0.00000000
vn -0.00000000 -1.00000000 -0.00000000
vn -0.00000000 -1.00000000 -0.00000000
vn -0.00000000 -0.00000000 -1.00000000
vn -0.00000000 -0.00000000 -1.00000000
vn -0.00000000 -0.00000000 -1.00000000
vn -0.00000000 -0.00000000 -1.00000000
vn -0.00000000 -0.00000000 -1.00000000
vn -0.00000000 -0.00000000 -1.00000000
vn -0.00000000 -0.00000000 -1.00000000
vn -0.00000000 -0.00000000 -1.00000000
vn -0.00000000 -0.00000000 -1.00000000
vn -0.00000000 -0.00000000 -1.00000000
vn -0.00000000 -0.00000000 -1.00000000
vn -0.00000000 -0.00000000 -1.00000000
vn -0.00000000 -0.00000000 -1.00000000
vn -0.00000000 -0.00000000 -1.00000000
vn -1.00000000 -0.00000000 -0.00000000
vn -1.00000000 -0.00000000 -0.00000000
vn -1.00000000 -0.00000000 -0.00000000
vn -1.00000000 -0.00000000 -0.00000000
vn -1.00000000 -0.00000000 -0.00000000
vn -1.00000000 -0.00000000 -0.00000000
vn -1.00000000 -0.00000000 -0.00000000
vn -1.00000000 -0.00000000 -0.00000000
vn -1.00000000 -0.00000000 -0.00000000
vn -1.00000000 -0.00000000 -0.00000000
vn -1.00000000 -0.00000000 -0.00000000
vn -1.00000000 -0.00000000 -0.00000000
vn -1.00000000 -0.00000000 -0.00000000
vn -1.00000000 -0.00000000 -0.00000000
vn -1.00000000 -0.00000000 -0.00000000
vn -1.00000000 -0.00000000 -0.00000000
vn -1.00000000 -0.00000000 -0.00000000
vn -1.00000000 -0.00000000 -0.00000000
vn 1.00000000 -0.00000000 -0.00000000
vn 1.00000000 -0.00000000 -0.00000000
vn 1.00000000 -0.00000000 -0.00000000
vn 1.00000000 -0.00000000 -0.00000000
vn -0.00000000 -0.70840000 -0.70580000
vn -0.00000000 -1.00000000 -0.00000000
vn -0.00000000 -0.70840000 -0.70580000
vn -0.00000000 -1.00000000 -0.00000000
vn -0.00000000 -0.70840000 -0.70580000
vn -0.00000000 -1.00000000 -0.00000000
vn -1.00000000 -0.00000000 -0.00000000
vn -1.00000000 -0.00000000 -0.00000000
vn -1.00000000 -0.00000000 -0.00000000
vn -1.00000000 -0.00000000 -0.00000000
vn -0.00000000 -1.00000000 -0.00000000
vn -0.00000000 -1.00000000 -0.00000000
vn -0.00000000 -1.00000000 -0.00000000
vn -0.00000000 -1.00000000 -0.00000000
vn -0.00000000 -1.00000000 -0.00000000
vn -0.00000000 -1.00000000 -0.00000000
vn -0.00000000 -1.00000000 -0.00000000
vn -0.00000000 -1.00000000 -0.00000000
vn -0.00000000 -1.00000000 -0.00000000
vn -0.00000000 -1.00000000 -0.00000000
vn -0.00000000 -1.00000000 -0.00000000
vn -0.00000000 -1.00000000 -0.00000000
vn 0.00200000 -0.00000000 1.00000000
vn 0.00200000 -0.00000000 1.00000000
vn 0.00200000 -0.00000000 1.00000000
vn 0.00390000 -0.00000000 1.00000000
vn -0.00000000 1.00000000 -0.00000000
vn -0.00000000 1.00000000 -0.00000000
vn -0.00000000 1.00000000 -0.00000000
vn -0.00000000 1.00000000 -0.00000000
vn -0.00000000 1.00000000 -0.00000000
vn -0.00000000 1.00000000 -0.00000000
vn -0.00000000 1.00000000 -0.00000000
vn -0.00000000 1.00000000 -0.00000000
vn -0.00000000 1.00000000 -0.00000000
vn -0.00000000 1.00000000 -0.00000000
vn -0.00000000 1.00000000 -0.00000000
vn -0.00000000 1.00000000 -0.00000000
vn 1.00000000 -0.00000000 -0.00000000
vn 1.00000000 -0.00000000 -0.00000000
vn 1.00000000 -0.00000000 -0.00000000
vn 1.00000000 -0.00000000 -0.00000000
vn 1.00000000 -0.00000000 -0.00000000
vn 1.00000000 -0.00000000 -0.00000000
vn -0.00000000 -0.00000000 -1.00000000
vn -0.00000000 -0.00000000 -1.00000000
vn -0.00000000 -0.00000000 -1.00000000
vn -0.00000000 -0.00000000 -1.00000000
vn -0.00000000 -0.00000000 -1.00000000
vn -0.00000000 -0.00000000 -1.00000000
vn -1.00000000 -0.00000000 -0.00000000
vn -1.00000000 -0.00000000 -0.00000000
vn -1.00000000 -0.00000000 -0.00000000
vn -1.00000000 -0.00000000 -0.00000000
vn -1.00000000 -0.00000000 -0.00000000
vn -1.00000000 -0.00000000 -0.00000000
vn -1.00000000 -0.00000000 -0.00000000
vn -1.00000000 -0.00000000 -0.00000000
vn -1.00000000 -0.00000000 -0.00000000
vn -1.00000000 -0.00000000 -0.00000000
vn -1.00000000 -0.00000000 -0.00000000
vn -1.00000000 -0.00000000 -0.00000000
vn 1.00000000 -0.00000000 -0.00000000
vn 1.00000000 -0.00000000 -0.00000000
vn 1.00000000 -0.00000000 -0.00000000
vn 1.00000000 -0.00000000 -0.00000000
vn 1.00000000 -0.00000000 -0.00000000
vn 1.00000000 -0.00000000 -0.00000000
vn 1.00000000 -0.00000000 -0.00000000
vn 1.00000000 -0.00000000 -0.00000000
vn 1.00000000 -0.00000000 -0.00000000
vn 1.00000000 -0.00000000 -0.00000000
vn 1.00000000 -0.00000000 -0.00000000
vn 1.00000000 -0.00000000 -0.00000000
vn -0.00000000 1.00000000 -0.00000000
vn -0.00000000 1.00000000 -0.00000000
vn -0.00000000 1.00000000 -0.00000000
vn -0.00000000 1.00000000 -0.00000000
vn -0.00000000 1.00000000 -0.00000000
vn -0.00000000 1.00000000 -0.00000000
vn -0.00000000 1.00000000 -0.00000000
vn -0.00000000 1.00000000 -0.00000000
vn -0.00000000 1.00000000 -0.00000000
vn -0.00000000 1.00000000 -0.00000000
vn -0.00000000 1.00000000 -0.00000000
vn -0.00000000 -0.00000000 1.00000000
vn -0.00000000 -0.00000000 1.00000000
vn -0.00000000 -0.00000000 1.00000000
vn -0.00000000 -0.00000000 1.00000000
vn -0.00000000 -0.00000000 1.00000000
vn -0.00000000 -0.00000000 1.00000000
vn -0.00000000 -1.00000000 -0.00000000
vn -0.00000000 -1.00000000 -0.00000000
vn -0.00000000 -1.00000000 -0.00000000
vn -0.00000000 -1.00000000 -0.00000000
vn -0.00000000 -1.00000000 -0.00000000
vn -0.00000000 -1.00000000 -0.00000000
vn -0.00000000 -1.00000000 -0.00000000
vn -0.00000000 -1.00000000 -0.00000000
vn -0.00000000 -1.00000000 -0.00000000
vn -0.00000000 -0.00000000 -1.00000000
vn -0.00000000 -0.00000000 -1.00000000
vn -0.00000000 -0.00000000 -1.00000000
vn -0.00000000 -0.00000000 -1.00000000
vn -0.00000000 -0.00000000 -1.00000000
vn -0.00000000 -0.00000000 -1.00000000
vn -0.00000000 -0.00000000 -1.00000000
vn -0.00000000 -0.00000000 -1.00000000
vn 1.00000000 -0.00000000 -0.00000000
vn 1.00000000 -0.00000000 -0.00000000
vn 1.00000000 -0.00000000 -0.00000000
vn 1.00000000 -0.00000000 -0.00000000
vn 1.00000000 -0.00000000 -0.00000000
vn 1.00000000 -0.00000000 -0.00000000
vn -1.00000000 -0.00000000 -0.00000000
vn -1.00000000 -0.00000000 -0.00000000
vn -1.00000000 -0.00000000 -0.00000000
vn -1.00000000 -0.00000000 -0.00000000
vn -1.00000000 -0.00000000 -0.00000000
vn -1.00000000 -0.00000000 -0.00000000
vn -0.00000000 -0.00000000 1.00000000
vn -0.00000000 -0.00000000 1.00000000
vn -0.00000000 -0.00000000 1.00000000
vn -0.00000000 -0.00000000 1.00000000
vn -0.00000000 -0.00000000 1.00000000
vn -0.00000000 -0.00000000 1.00000000
vn -1.00000000 -0.00000000 -0.00000000
vn -1.00000000 -0.00000000 -0.00000000
vn -1.00000000 -0.00000000 -0.00000000
vn -1.00000000 -0.00000000 -0.00000000
vn -1.00000000 -0.00000000 -0.00000000
vn -1.00000000 -0.00000000 -0.00000000
vn -0.00000000 1.00000000 -0.00000000
vn -0.00000000 1.00000000 -0.00000000
vn -0.00000000 1.00000000 -0.00000000
vn -0.00000000 1.00000000 -0.00000000
vn -0.00000000 1.00000000 -0.00000000
vn -0.00000000 1.00000000 -0.00000000
vn -0.00000000 1.00000000 -0.00000000
vn -0.00000000 1.00000000 -0.00000000
vn -0.00000000 1.00000000 -0.00000000
vn -0.00000000 -0.00000000 1.00000000
vn -0.00000000 -0.00000000 1.00000000
vn 0.00200000 -0.00000000 1.00000000
vn 0.00390000 -0.00000000 1.00000000
vn 0.00200000 -0.00000000 1.00000000
vn 0.00200000 -0.00000000 1.00000000
vn -0.00000000 -1.00000000 -0.00000000
vn -0.00000000 -1.00000000 -0.00000000
vn -0.00000000 -1.00000000 -0.00000000
vn -0.00000000 -1.00000000 -0.00000000
vn -0.00000000 -1.00000000 -0.00000000
vn -0.00000000 -1.00000000 -0.00000000
vn -0.00000000 -1.00000000 -0.00000000
vn -0.00000000 -1.00000000 -0.00000000
vn -0.00000000 -1.00000000 -0.00000000
vn -0.00000000 -0.00000000 -1.00000000
vn -0.00000000 -0.00000000 -1.00000000
vn -0.00000000 -0.00000000 -1.00000000
vn -0.00000000 -0.00000000 -1.00000000
vn -0.00000000 -0.00000000 -1.00000000
vn -0.00000000 -0.00000000 -1.00000000
vn -0.00000000 1.00000000 -0.00000000
vn -0.00000000 1.00000000 -0.00000000
vn -0.00000000 1.00000000 -0.00000000
vn -0.00000000 1.00000000 -0.00000000
vn -0.00000000 1.00000000 -0.00000000
vn -0.00000000 1.00000000 -0.00000000
vn -0.00000000 1.00000000 -0.00000000
vn -0.00000000 1.00000000 -0.00000000
vn -0.00000000 1.00000000 -0.00000000
vn -0.00000000 1.00000000 -0.00000000
vn -0.00000000 1.00000000 -0.00000000
vn -0.00000000 1.00000000 -0.00000000
vn -0.00000000 1.00000000 -0.00000000
vn -0.00000000 1.00000000 -0.00000000
vn -0.00000000 1.00000000 -0.00000000
vn -0.00000000 1.00000000 -0.00000000
vn -0.00000000 1.00000000 -0.00000000
vn -0.00000000 1.00000000 -0.00000000
vn -0.00000000 1.00000000 -0.00000000
vn -0.00000000 1.00000000 -0.00000000
vn -0.00000000 1.00000000 -0.00000000
vn -0.00000000 1.00000000 -0.00000000
vn -0.00000000 1.00000000 -0.00000000
vn -0.00000000 1.00000000 -0.00000000
vn -0.00000000 1.00000000 -0.00000000
vn -0.00000000 1.00000000 -0.00000000
vn -0.00000000 1.00000000 -0.00000000
vn -0.00000000 1.00000000 -0.00000000
vn -0.00000000 1.00000000 -0.00000000
vn -0.00000000 1.00000000 -0.00000000
vn -0.00000000 1.00000000 -0.00000000
vn -0.00000000 1.00000000 -0.00000000
vn -0.00000000 1.00000000 -0.00000000
vn -0.00000000 1.00000000 -0.00000000
vn -0.00000000 1.00000000 -0.00000000
vn -0.00000000 1.00000000 -0.00000000
vn -0.00000000 1.00000000 -0.00000000
vn -0.00000000 1.00000000 -0.00000000
vn -0.00000000 1.00000000 -0.00000000
vn -0.00000000 1.00000000 -0.00000000
vn -0.00000000 1.00000000 -0.00000000
vn -0.00000000 1.00000000 -0.00000000
vn -0.00000000 1.00000000 -0.00000000
vn -0.00000000 1.00000000 -0.00000000
vn -0.00000000 1.00000000 -0.00000000
vn -0.00000000 1.00000000 -0.00000000
vn -0.00000000 1.00000000 -0.00000000
vn -0.00000000 1.00000000 -0.00000000
vn -0.00000000 1.00000000 -0.00000000
vn -0.00000000 1.00000000 -0.00000000
vn 1.00000000 -0.00000000 -0.00000000
vn 1.00000000 -0.00000000 -0.00000000
vn 1.00000000 -0.00000000 -0.00000000
vn 1.00000000 -0.00000000 -0.00000000
vn 1.00000000 -0.00000000 -0.00000000
vn 1.00000000 -0.00000000 -0.00000000
vn 1.00000000 -0.00000000 -0.00000000
vn 1.00000000 -0.00000000 -0.00000000
vn 1.00000000 -0.00000000 -0.00000000
vn -1.00000000 -0.00000000 -0.00000000
vn -1.00000000 -0.00000000 -0.00000000
vn -1.00000000 -0.00000000 -0.00000000
vn -1.00000000 -0.00000000 -0.00000000
vn -1.00000000 -0.00000000 -0.00000000
vn -1.00000000 -0.00000000 -0.00000000
vn -1.00000000 -0.00000000 -0.00000000
vn -1.00000000 -0.00000000 -0.00000000
vn -1.00000000 -0.00000000 -0.00000000
vn -1.00000000 -0.00000000 -0.00000000
vn -0.00000000 -0.00000000 1.00000000
vn -0.00000000 -0.00000000 1.00000000
vn -0.00000000 -0.00000000 1.00000000
vn -0.00000000 -0.00000000 1.00000000
vn -0.00000000 -0.00000000 1.00000000
vn -0.00000000 -0.00000000 1.00000000
vn -0.00000000 -0.00000000 1.00000000
vn -0.00000000 -0.00000000 1.00000000
vn -0.00000000 -0.00000000 1.00000000
vn -0.00000000 -0.00000000 1.00000000
vn -0.00000000 -0.00000000 1.00000000
vn -0.00000000 -0.00000000 1.00000000
vn -0.00000000 -0.00000000 1.00000000
vn -0.00000000 -0.00000000 1.00000000
vn -0.00000000 -0.00000000 1.00000000
vn -0.00000000 -0.00000000 1.00000000
vn -0.00000000 -0.00000000 1.00000000
vn -0.00000000 -0.00000000 1.00000000
vn -0.00000000 -0.00000000 1.00000000
vn -0.00000000 -0.00000000 1.00000000
vn -0.00000000 -0.00000000 1.00000000
vn -0.00000000 -0.00000000 1.00000000
vn -0.00000000 -0.00000000 -1.00000000
vn -0.00000000 -0.00000000 -1.00000000
vn -0.00000000 -0.00000000 -1.00000000
vn -0.00000000 -0.00000000 -1.00000000
vn -0.00000000 -0.00000000 -1.00000000
vn -0.00000000 -0.00000000 -1.00000000
vn -0.00000000 -0.00000000 -1.00000000
vn -0.00000000 -0.00000000 -1.00000000
vn -0.00000000 -0.00000000 -1.00000000
vn -0.00000000 -0.00000000 -1.00000000
vn -0.00000000 -0.00000000 -1.00000000
vn -0.00000000 -0.00000000 -1.00000000
vn -0.00000000 -0.00000000 -1.00000000
vn -0.00000000 -0.00000000 -1.00000000
vn -0.00000000 -0.00000000 -1.00000000
vn -0.00000000 -0.00000000 -1.00000000
vn -0.00000000 -0.00000000 -1.00000000
vn -0.00000000 -0.00000000 -1.00000000
vn -0.00000000 -0.00000000 -1.00000000
vn -0.00000000 -0.00000000 -1.00000000
vn -0.00000000 -0.00000000 -1.00000000
vn -0.00000000 -0.00000000 -1.00000000
vn -0.44620000 -0.89490000 -0.00000000
vn -0.31690000 -0.94840000 -0.00000000
vn -0.79310000 -0.60910000 -0.00000000
vn 0.28460000 -0.95860000 -0.00000000
vn 0.21170000 -0.97730000 -0.00000000
vn 0.60000000 -0.80000000 -0.00000000
vn 0.33190000 -0.94330000 -0.00000000
vn 0.49040000 -0.87150000 -0.00000000
vn -0.00000000 -1.00000000 -0.00000000
vn -0.00000000 -1.00000000 -0.00000000
vn -0.00000000 -1.00000000 -0.00000000
vn -0.00000000 -1.00000000 -0.00000000
vn -0.00000000 -1.00000000 -0.00000000
vn -0.00000000 -1.00000000 -0.00000000
vn -0.00000000 -1.00000000 -0.00000000
vn -0.00000000 -1.00000000 -0.00000000
vn -0.00000000 -1.00000000 -0.00000000
vn -0.00000000 -1.00000000 -0.00000000
vn -0.00000000 -1.00000000 -0.00000000
vn -0.00000000 -1.00000000 -0.00000000
vn -0.00000000 -1.00000000 -0.00000000
vn -0.00000000 -1.00000000 -0.00000000
vn -0.00000000 -1.00000000 -0.00000000
vn -0.00000000 -1.00000000 -0.00000000
vn -0.00000000 -1.00000000 -0.00000000
vn -0.00000000 -1.00000000 -0.00000000
vn -0.00000000 -1.00000000 -0.00000000
vn -0.00000000 -1.00000000 -0.00000000
vn -0.00000000 -1.00000000 -0.00000000
vn -0.35300000 -0.93560000 -0.00000000
vn -0.00000000 -1.00000000 -0.00000000
vn -0.00000000 -1.00000000 -0.00000000
vn -0.00000000 -1.00000000 -0.00000000
vn -0.00000000 -1.00000000 -0.00000000
vn -0.00000000 -1.00000000 -0.00000000
vn -0.00000000 -1.00000000 -0.00000000
vn -0.00000000 -1.00000000 -0.00000000
vn -0.19300000 -0.98120000 -0.00000000
vn -0.00000000 -1.00000000 -0.00000000
vn -0.00000000 -1.00000000 -0.00000000
vn -0.00000000 -1.00000000 -0.00000000
vn -0.00000000 -1.00000000 -0.00000000
vn -0.00000000 -1.00000000 -0.00000000
vn -0.00000000 -1.00000000 -0.00000000
vn -0.00000000 -1.00000000 -0.00000000
vn -0.00000000 -1.00000000 -0.00000000
vn -0.00000000 -1.00000000 -0.00000000
vn -0.82440000 -0.56600000 -0.00000000
vn -0.95510000 -0.29640000 -0.00000000
vn -0.82440000 -0.56600000 -0.00000000
vn -0.95510000 -0.29630000 -0.00000000
vn -1.00000000 -0.00000000 -0.00000000
vn -1.00000000 -0.00000000 -0.00000000
vn -0.00000000 0.91820000 0.39610000
vn -0.00000000 0.55030000 0.83500000
vn -0.00000000 0.91820000 0.39610000
vn -0.00000000 0.55030000 0.83500000
vn -0.00000000 -0.00000000 1.00000000
vn -0.00000000 -0.00000000 1.00000000
vn 0.66010000 -0.75120000 -0.00000000
vn 0.91130000 -0.41170000 -0.00000000
vn 0.66010000 -0.75120000 -0.00000000
vn 0.91130000 -0.41170000 -0.00000000
vn 1.00000000 -0.00000000 -0.00000000
vn 1.00000000 -0.00000000 -0.00000000
vn -0.00000000 0.93560000 -0.35310000
vn -0.00000000 0.56910000 -0.82230000
vn -0.00000000 0.93560000 -0.35310000
vn -0.00000000 0.56910000 -0.82230000
vn -0.00000000 -0.00000000 -1.00000000
vn -0.00000000 -0.00000000 -1.00000000
vn -0.86240000 -0.50620000 -0.00000000
vn -0.96510000 -0.26170000 -0.00000000
vn -0.86240000 -0.50630000 -0.00000000
vn -0.96510000 -0.26170000 -0.00000000
vn -1.00000000 -0.00000000 -0.00000000
vn -1.00000000 -0.00000000 -0.00000000
vn -0.00000000 0.85660000 0.51590000
vn -0.00000000 0.49350000 0.86970000
vn -0.00000000 0.85660000 0.51590000
vn -0.00000000 0.49350000 0.86970000
vn -0.00000000 -0.00000000 1.00000000
vn -0.00000000 -0.00000000 1.00000000
vn 0.21440000 0.97130000 -0.10340000
vn 0.92720000 -0.37450000 -0.00000000
vn 0.92090000 0.38980000 -0.00000000
vn 0.92720000 -0.37450000 -0.00000000
vn 1.00000000 -0.00000000 -0.00000000
vn 1.00000000 -0.00000000 -0.00000000
vn -0.72220000 0.69170000 -0.00000000
vn -0.92850000 0.37140000 -0.00000000
vn -0.72220000 0.69170000 -0.00000000
vn -0.92850000 0.37140000 -0.00000000
vn -1.00000000 -0.00000000 -0.00000000
vn -1.00000000 -0.00000000 -0.00000000
vn -0.00000000 -0.95140000 -0.30810000
vn -0.00000000 -0.58770000 -0.80910000
vn -0.00000000 -0.95140000 -0.30810000
vn -0.00000000 -0.58770000 -0.80910000
vn -0.00000000 -0.00000000 -1.00000000
vn -0.00000000 -0.00000000 -1.00000000
vn 0.53460000 0.84510000 -0.00000000
vn 0.87680000 0.48090000 -0.00000000
vn 0.53460000 0.84510000 -0.00000000
vn 0.87680000 0.48090000 -0.00000000
vn 1.00000000 -0.00000000 -0.00000000
vn 1.00000000 -0.00000000 -0.00000000
vn -0.00000000 -0.96740000 0.25320000
vn -0.00000000 -0.61220000 0.79070000
vn -0.00000000 -0.96740000 0.25320000
vn -0.00000000 -0.61220000 0.79070000
vn -0.00000000 -0.00000000 1.00000000
vn -0.00000000 -0.00000000 1.00000000
vn -0.72220000 0.69170000 -0.00000000
vn -0.92850000 0.37140000 -0.00000000
vn -0.72220000 0.69170000 -0.00000000
vn -0.92850000 0.37140000 -0.00000000
vn -1.00000000 -0.00000000 -0.00000000
vn -1.00000000 -0.00000000 -0.00000000
vn 0.16770000 -0.98150000 0.09230000
vn 0.87680000 0.48090000 -0.00000000
vn 0.96030000 -0.27890000 0.00010000
vn 0.87680000 0.48090000 -0.00000000
vn 1.00000000 -0.00000000 -0.00000000
vn 1.00000000 -0.00000000 -0.00000000
vn -0.00000000 -0.98920000 0.14670000
vn -0.00000000 -0.59690000 0.80230000
vn 0.16760000 -0.98150000 0.09240000
vn -0.00000000 -0.59690000 0.80230000
vn -0.00000000 -0.00000000 1.00000000
vn -0.00000000 -0.00000000 1.00000000
vn -1.00000000 -0.00000000 -0.00000000
vn -1.00000000 -0.00000000 -0.00000000
vn -1.00000000 -0.00000000 -0.00000000
vn -1.00000000 -0.00000000 -0.00000000
vn -1.00000000 -0.00000000 -0.00000000
vn -1.00000000 -0.00000000 -0.00000000
vn -1.00000000 -0.00000000 -0.00000000
vn -1.00000000 -0.00000000 -0.00000000
vn -1.00000000 -0.00000000 -0.00000000
vn -1.00000000 -0.00000000 -0.00000000
vn -1.00000000 -0.00000000 -0.00000000
vn -1.00000000 -0.00000000 -0.00000000
vn -1.00000000 -0.00000000 -0.00000000
vn -1.00000000 -0.00000000 -0.00000000
vn -1.00000000 -0.00000000 -0.00000000
vn -0.97300000 0.21010000 -0.09500000
vn -0.99390000 0.06060000 -0.09200000
vn -1.00000000 -0.00000000 -0.00000000
vn -1.00000000 -0.00000000 -0.00000000
vn -1.00000000 -0.00000000 -0.00000000
vn -1.00000000 -0.00000000 -0.00000000
vn -1.00000000 -0.00000000 -0.00000000
vn -1.00000000 -0.00000000 -0.00000000
vn -1.00000000 -0.00000000 -0.00000000
vn -1.00000000 -0.00000000 -0.00000000
vn -1.00000000 -0.00000000 -0.00000000
vn -1.00000000 -0.00000000 -0.00000000
vn -1.00000000 -0.00000000 -0.00000000
vn -0.99390000 -0.06060000 -0.09200000
vn -0.97300000 -0.21010000 -0.09510000
vn -0.91950000 -0.39300000 -0.00000000
vn -1.00000000 -0.00000000 -0.00000000
vn -1.00000000 -0.00000000 -0.00000000
vn -1.00000000 -0.00000000 -0.00000000
vn -0.91950000 0.39300000 -0.00000000
vn -1.00000000 -0.00000000 -0.00000000
vn -1.00000000 -0.00000000 -0.00000000
vn -1.00000000 -0.00000000 -0.00000000
vn -1.00000000 -0.00000000 -0.00000000
vn -1.00000000 -0.00000000 -0.00000000
vn -1.00000000 -0.00000000 -0.00000000
vn -1.00000000 -0.00000000 -0.00000000
vn -1.00000000 -0.00000000 -0.00000000
vn -1.00000000 -0.00000000 -0.00000000
vn -1.00000000 -0.00000000 -0.00000000
vn -1.00000000 -0.00000000 -0.00000000
vn -1.00000000 -0.00000000 -0.00000000
vn -0.95510000 0.29630000 -0.00000000
vn -0.95510000 0.29630000 -0.00000000
vn -0.95510000 0.29630000 -0.00000000
vn -0.95510000 0.29630000 -0.00000000
vn -0.91950000 0.39300000 -0.00000000
vn -1.00000000 -0.00000000 -0.00000000
vn -1.00000000 -0.00000000 -0.00000000
vn -1.00000000 -0.00000000 -0.00000000
vn -0.91950000 -0.39300000 -0.00000000
vn -0.95510000 -0.29630000 -0.00000000
vn -0.95510000 -0.29640000 -0.00000000
vn -0.95510000 -0.29630000 -0.00000000
vn -0.95510000 -0.29630000 -0.00000000
vn -0.96030000 -0.27890000 -0.00000000
vn -1.00000000 -0.00000000 -0.00000000
vn -1.00000000 -0.00000000 -0.00000000
vn -1.00000000 -0.00000000 -0.00000000
vn -0.95510000 0.29630000 -0.00000000
vn -1.00000000 -0.00000000 -0.00000000
vn -1.00000000 -0.00000000 -0.00000000
vn -1.00000000 -0.00000000 -0.00000000
vn -1.00000000 -0.00000000 -0.00000000
vn -1.00000000 -0.00000000 -0.00000000
vn -1.00000000 -0.00000000 -0.00000000
vn -1.00000000 -0.00000000 -0.00000000
vn -1.00000000 -0.00000000 -0.00000000
vn -1.00000000 -0.00000000 -0.00000000
vn -1.00000000 -0.00000000 -0.00000000
vn -0.95510000 0.29630000 -0.00000000
vn -0.95510000 0.29630000 -0.00000000
vn -0.95510000 0.29630000 -0.00000000
vn -0.95510000 0.29630000 -0.00000000
vn -0.95510000 0.29630000 -0.00000000
vn -1.00000000 -0.00000000 -0.00000000
vn -1.00000000 -0.00000000 -0.00000000
vn -1.00000000 -0.00000000 -0.00000000
vn -1.00000000 -0.00000000 -0.00000000
vn -0.96030000 -0.27890000 -0.00000000
vn -0.95510000 -0.29630000 -0.00000000
vn -0.95510000 -0.29640000 -0.00000000
vn -0.95510000 -0.29630000 -0.00000000
vn -0.95510000 -0.29630000 -0.00000000
vn -0.91960000 -0.39300000 -0.00000000
vn -1.00000000 -0.00000000 -0.00000000
vn -1.00000000 -0.00000000 -0.00000000
vn -1.00000000 -0.00000000 -0.00000000
vn -0.91950000 0.39300000 -0.00000000
vn -1.00000000 -0.00000000 -0.00000000
vn -1.00000000 -0.00000000 -0.00000000
vn -1.00000000 -0.00000000 -0.00000000
vn -1.00000000 -0.00000000 -0.00000000
vn -1.00000000 -0.00000000 -0.00000000
vn -1.00000000 -0.00000000 -0.00000000
vn -1.00000000 -0.00000000 -0.00000000
vn -1.00000000 -0.00000000 -0.00000000
vn -1.00000000 -0.00000000 -0.00000000
vn -1.00000000 -0.00000000 -0.00000000
vn -1.00000000 -0.00000000 -0.00000000
vn -1.00000000 -0.00000000 -0.00000000
vn -1.00000000 -0.00000000 -0.00000000
vn -1.00000000 -0.00000000 -0.00000000
vn -1.00000000 -0.00000000 -0.00000000
vn -1.00000000 -0.00000000 -0.00000000
vn -1.00000000 -0.00000000 -0.00000000
vn -1.00000000 -0.00000000 -0.00000000
vn -1.00000000 -0.00000000 -0.00000000
vn -1.00000000 -0.00000000 -0.00000000
vn -1.00000000 -0.00000000 -0.00000000
vn -1.00000000 -0.00000000 -0.00000000
vn -0.99390000 0.06060000 0.09200000
vn -0.97300000 0.21010000 0.09510000
vn -0.91950000 0.39300000 -0.00000000
vn -1.00000000 -0.00000000 -0.00000000
vn -1.00000000 -0.00000000 -0.00000000
vn -1.00000000 -0.00000000 -0.00000000
vn -0.91950000 -0.39300000 -0.00000000
vn -0.97300000 -0.21010000 0.09510000
vn -0.99390000 -0.06060000 0.09200000
vn -1.00000000 -0.00000000 -0.00000000
vn -1.00000000 -0.00000000 -0.00000000
vn -1.00000000 -0.00000000 -0.00000000
vn -1.00000000 -0.00000000 -0.00000000
vn -1.00000000 -0.00000000 -0.00000000
vn -1.00000000 -0.00000000 -0.00000000
vn -1.00000000 -0.00000000 -0.00000000
vn -1.00000000 -0.00000000 -0.00000000
vn -1.00000000 -0.00000000 -0.00000000
vn -1.00000000 -0.00000000 -0.00000000
vn -1.00000000 -0.00000000 -0.00000000
vn -1.00000000 -0.00000000 -0.00000000
vn -1.00000000 -0.00000000 -0.00000000
vn -1.00000000 -0.00000000 -0.00000000
vn -1.00000000 -0.00000000 -0.00000000
vn -0.97480000 0.12310000 0.18590000
vn -0.89060000 0.41460000 0.18690000
vn -0.82440000 0.56600000 -0.00000000
vn -0.82440000 0.56600000 -0.00000000
vn -0.82440000 0.56600000 -0.00000000
vn -0.82440000 0.56600000 -0.00000000
vn -0.82440000 0.56600000 -0.00000000
vn -0.82440000 0.56600000 -0.00000000
vn -0.82440000 0.56600000 -0.00000000
vn -0.95510000 0.29630000 -0.00000000
vn -0.82440000 0.56600000 -0.00000000
vn -0.82440000 0.56600000 -0.00000000
vn -0.82440000 0.56600000 -0.00000000
vn -0.82440000 0.56600000 -0.00000000
vn -0.82440000 0.56600000 -0.00000000
vn -0.82440000 0.56600000 -0.00000000
vn -0.82440000 0.56600000 -0.00000000
vn -0.82440000 0.56600000 -0.00000000
vn -0.89060000 0.41460000 -0.18690000
vn -0.97480000 0.12310000 -0.18590000
vn -1.00000000 -0.00000000 -0.00000000
vn -1.00000000 -0.00000000 -0.00000000
vn -1.00000000 -0.00000000 -0.00000000
vn -1.00000000 -0.00000000 -0.00000000
vn -1.00000000 -0.00000000 -0.00000000
vn -1.00000000 -0.00000000 -0.00000000
vn -1.00000000 -0.00000000 -0.00000000
vn -1.00000000 -0.00000000 -0.00000000
vn -1.00000000 -0.00000000 -0.00000000
vn -1.00000000 -0.00000000 -0.00000000
vn -1.00000000 -0.00000000 -0.00000000
vn -1.00000000 -0.00000000 -0.00000000
vn -1.00000000 -0.00000000 -0.00000000
vn -1.00000000 -0.00000000 -0.00000000
vn -1.00000000 -0.00000000 -0.00000000
vn -0.97480000 -0.12310000 -0.18590000
vn -0.89060000 -0.41460000 -0.18690000
vn -0.82440000 -0.56600000 -0.00000000
vn -0.82440000 -0.56600000 -0.00000000
vn -0.82440000 -0.56600000 -0.00000000
vn -0.82440000 -0.56600000 -0.00000000
vn -0.82440000 -0.56600000 -0.00000000
vn -0.82440000 -0.56600000 -0.00000000
vn -0.84630000 -0.53270000 -0.00270000
vn -0.86790000 -0.49670000 -0.00000000
vn -0.99190000 -0.12700000 -0.00000000
vn -1.00000000 -0.00000000 -0.00000000
vn -0.99190000 -0.12700000 -0.00000000
vn -1.00000000 -0.00000000 -0.00000000
vn -0.99190000 -0.12700000 -0.00000000
vn -0.86790000 -0.49670000 -0.00000000
vn -0.84630000 -0.53270000 0.00270000
vn -0.82440000 -0.56600000 -0.00000000
vn -0.82440000 -0.56600000 -0.00000000
vn -0.82440000 -0.56600000 -0.00000000
vn -0.82440000 -0.56600000 -0.00000000
vn -0.82440000 -0.56600000 -0.00000000
vn -0.82440000 -0.56600000 -0.00000000
vn -0.89060000 -0.41460000 0.18690000
vn -0.97480000 -0.12310000 0.18590000
vn -1.00000000 -0.00000000 -0.00000000
vn -1.00000000 -0.00000000 -0.00000000
vn -1.00000000 -0.00000000 -0.00000000
vn -1.00000000 -0.00000000 -0.00000000
vn 1.00000000 -0.00000000 -0.00000000
vn 1.00000000 -0.00000000 -0.00000000
vn 1.00000000 -0.00000000 -0.00000000
vn 1.00000000 -0.00000000 -0.00000000
vn 1.00000000 -0.00000000 -0.00000000
vn 1.00000000 -0.00000000 -0.00000000
vn 1.00000000 -0.00000000 -0.00000000
vn 1.00000000 -0.00000000 -0.00000000
vn 1.00000000 -0.00000000 -0.00000000
vn 1.00000000 -0.00000000 -0.00000000
vn 1.00000000 -0.00000000 -0.00000000
vn 1.00000000 -0.00000000 -0.00000000
vn 1.00000000 -0.00000000 -0.00000000
vn 1.00000000 -0.00000000 -0.00000000
vn 1.00000000 -0.00000000 -0.00000000
vn 1.00000000 -0.00000000 -0.00000000
vn 1.00000000 -0.00000000 -0.00000000
vn 1.00000000 -0.00000000 -0.00000000
vn 1.00000000 -0.00000000 -0.00000000
vn 1.00000000 -0.00000000 -0.00000000
vn 1.00000000 -0.00000000 -0.00000000
vn 1.00000000 -0.00000000 -0.00000000
vn 1.00000000 -0.00000000 -0.00000000
vn 1.00000000 -0.00000000 -0.00000000
vn 1.00000000 -0.00000000 -0.00000000
vn 1.00000000 -0.00000000 -0.00000000
vn 1.00000000 -0.00000000 -0.00000000
vn 1.00000000 -0.00000000 -0.00000000
vn 1.00000000 -0.00000000 -0.00000000
vn 1.00000000 -0.00000000 -0.00000000
vn 1.00000000 -0.00000000 -0.00000000
vn 1.00000000 -0.00000000 -0.00000000
vn 1.00000000 -0.00000000 -0.00000000
vn 1.00000000 -0.00000000 -0.00000000
vn 1.00000000 -0.00000000 -0.00000000
vn 1.00000000 -0.00000000 -0.00000000
vn 1.00000000 -0.00000000 -0.00000000
vn 1.00000000 -0.00000000 -0.00000000
vn 1.00000000 -0.00000000 -0.00000000
vn 1.00000000 -0.00000000 -0.00000000
vn 1.00000000 -0.00000000 -0.00000000
vn 1.00000000 -0.00000000 -0.00000000
vn 1.00000000 -0.00000000 -0.00000000
vn 1.00000000 -0.00000000 -0.00000000
vn 1.00000000 -0.00000000 -0.00000000
vn 1.00000000 -0.00000000 -0.00000000
vn 1.00000000 -0.00000000 -0.00000000
vn 1.00000000 -0.00000000 -0.00000000
vn 1.00000000 -0.00000000 -0.00000000
vn 1.00000000 -0.00000000 -0.00000000
vn 1.00000000 -0.00000000 -0.00000000
vn 1.00000000 -0.00000000 -0.00000000
vn 1.00000000 -0.00000000 -0.00000000
vn 1.00000000 -0.00000000 -0.00000000
vn 1.00000000 -0.00000000 -0.00000000
vn 1.00000000 -0.00000000 -0.00000000
vn 1.00000000 -0.00000000 -0.00000000
vn 1.00000000 -0.00000000 -0.00000000
vn 1.00000000 -0.00000000 -0.00000000
vn 1.00000000 -0.00000000 -0.00000000
vn 1.00000000 -0.00000000 -0.00000000
vn 1.00000000 -0.00000000 -0.00000000
vn 1.00000000 -0.00000000 -0.00000000
vn 1.00000000 -0.00000000 -0.00000000
vn 1.00000000 -0.00000000 -0.00000000
vn 1.00000000 -0.00000000 -0.00000000
vn 1.00000000 -0.00000000 -0.00000000
vn 1.00000000 -0.00000000 -0.00000000
vn 1.00000000 -0.00000000 -0.00000000
vn 1.00000000 -0.00000000 -0.00000000
vn 1.00000000 -0.00000000 -0.00000000
vn 0.99390000 -0.06060000 0.09200000
vn 0.97300000 -0.21010000 0.09510000
vn 0.95510000 -0.29630000 -0.00000000
vn 0.95510000 -0.29630000 -0.00000000
vn 0.95510000 -0.29630000 -0.00000000
vn 0.95510000 -0.29630000 -0.00000000
vn 0.95510000 -0.29630000 -0.00000000
vn 0.95510000 -0.29630000 -0.00000000
vn 0.96030000 -0.27890000 -0.00000000
vn 0.99190000 -0.12700000 -0.00000000
vn 1.00000000 -0.00000000 -0.00000000
vn 0.96030000 -0.27890000 -0.00000000
vn 0.95510000 -0.29630000 -0.00000000
vn 0.95510000 -0.29630000 -0.00000000
vn 0.95510000 -0.29630000 -0.00000000
vn 0.95510000 -0.29630000 -0.00000000
vn 0.95510000 -0.29630000 -0.00000000
vn 0.95510000 -0.29630000 -0.00000000
vn 0.97300000 -0.21010000 -0.09510000
vn 0.99390000 -0.06060000 -0.09200000
vn 1.00000000 -0.00000000 -0.00000000
vn 1.00000000 -0.00000000 -0.00000000
vn 1.00000000 -0.00000000 -0.00000000
vn 1.00000000 -0.00000000 -0.00000000
vn 1.00000000 -0.00000000 -0.00000000
vn 1.00000000 -0.00000000 -0.00000000
vn 1.00000000 -0.00000000 -0.00000000
vn 1.00000000 -0.00000000 -0.00000000
vn 1.00000000 -0.00000000 -0.00000000
vn 1.00000000 -0.00000000 -0.00000000
vn 1.00000000 -0.00000000 -0.00000000
vn 1.00000000 -0.00000000 -0.00000000
vn 1.00000000 -0.00000000 -0.00000000
vn 0.99390000 0.06060000 -0.09200000
vn 0.97300000 0.21010000 -0.09500000
vn 0.95510000 0.29630000 -0.00000000
vn 0.95510000 0.29630000 -0.00000000
vn 0.95510000 0.29630000 -0.00000000
vn 0.95510000 0.29630000 -0.00000000
vn 0.95510000 0.29630000 -0.00000000
vn 0.95510000 0.29630000 -0.00000000
vn 0.95510000 0.29630000 -0.00000000
vn 0.95510000 0.29630000 -0.00000000
vn 0.95510000 0.29630000 -0.00000000
vn 0.95510000 0.29630000 -0.00000000
vn 0.95510000 0.29630000 -0.00000000
vn 0.95510000 0.29630000 -0.00000000
vn 0.95510000 0.29630000 -0.00000000
vn 0.95510000 0.29630000 -0.00000000
vn 0.95510000 0.29630000 -0.00000000
vn 0.97300000 0.21010000 0.09500000
vn 0.99390000 0.06060000 0.09200000
vn 1.00000000 -0.00000000 -0.00000000
vn 1.00000000 -0.00000000 -0.00000000
vn 1.00000000 -0.00000000 -0.00000000
vn 1.00000000 -0.00000000 -0.00000000
vn 1.00000000 -0.00000000 -0.00000000
vn 1.00000000 -0.00000000 -0.00000000
vn 1.00000000 -0.00000000 -0.00000000
vn 1.00000000 -0.00000000 -0.00000000
vn 1.00000000 -0.00000000 -0.00000000
vn 1.00000000 -0.00000000 -0.00000000
vn 1.00000000 -0.00000000 -0.00000000
vn 1.00000000 -0.00000000 -0.00000000
vn 1.00000000 -0.00000000 -0.00000000
vn 1.00000000 -0.00000000 -0.00000000
vn 0.97480000 -0.12310000 0.18590000
vn 0.89060000 -0.41470000 0.18690000
vn 0.82440000 -0.56600000 -0.00000000
vn 0.82440000 -0.56600000 -0.00000000
vn 0.82440000 -0.56600000 -0.00000000
vn 0.82440000 -0.56600000 -0.00000000
vn 0.82440000 -0.56600000 -0.00000000
vn 0.82440000 -0.56600000 -0.00000000
vn 0.84630000 -0.53270000 0.00270000
vn 0.86790000 -0.49670000 -0.00000000
vn 0.84630000 -0.53270000 -0.00270000
vn 0.82440000 -0.56600000 -0.00000000
vn 0.82440000 -0.56600000 -0.00000000
vn 0.82440000 -0.56600000 -0.00000000
vn 0.82440000 -0.56600000 -0.00000000
vn 0.82440000 -0.56600000 -0.00000000
vn 0.82440000 -0.56600000 -0.00000000
vn 0.89060000 -0.41470000 -0.18690000
vn 0.97480000 -0.12310000 -0.18590000
vn 1.00000000 -0.00000000 -0.00000000
vn 1.00000000 -0.00000000 -0.00000000
vn 1.00000000 -0.00000000 -0.00000000
vn 1.00000000 -0.00000000 -0.00000000
vn 1.00000000 -0.00000000 -0.00000000
vn 1.00000000 -0.00000000 -0.00000000
vn 1.00000000 -0.00000000 -0.00000000
vn 1.00000000 -0.00000000 -0.00000000
vn 1.00000000 -0.00000000 -0.00000000
vn 1.00000000 -0.00000000 -0.00000000
vn 1.00000000 -0.00000000 -0.00000000
vn 1.00000000 -0.00000000 -0.00000000
vn 1.00000000 -0.00000000 -0.00000000
vn 1.00000000 -0.00000000 -0.00000000
vn 1.00000000 -0.00000000 -0.00000000
vn 0.97480000 0.12310000 -0.18590000
vn 0.89060000 0.41460000 -0.18690000
vn 0.82440000 0.56600000 -0.00000000
vn 0.82440000 0.56600000 -0.00000000
vn 0.82440000 0.56600000 -0.00000000
vn 0.82440000 0.56600000 -0.00000000
vn 0.82440000 0.56600000 -0.00000000
vn 0.82440000 0.56600000 -0.00000000
vn 0.82440000 0.56600000 -0.00000000
vn 0.82440000 0.56600000 -0.00000000
vn 0.82440000 0.56600000 -0.00000000
vn 0.82440000 0.56600000 -0.00000000
vn 0.82440000 0.56600000 -0.00000000
vn 0.82440000 0.56600000 -0.00000000
vn 0.82440000 0.56600000 -0.00000000
vn 0.82440000 0.56600000 -0.00000000
vn 0.82440000 0.56600000 -0.00000000
vn 0.89060000 0.41460000 0.18690000
vn 0.97480000 0.12310000 0.18590000
vn 1.00000000 -0.00000000 -0.00000000
vn 1.00000000 -0.00000000 -0.00000000
vn 1.00000000 -0.00000000 -0.00000000
vn 1.00000000 -0.00000000 -0.00000000
vn 1.00000000 -0.00000000 -0.00000000
vn 1.00000000 -0.00000000 -0.00000000
vn 1.00000000 -0.00000000 -0.00000000
vn 1.00000000 -0.00000000 -0.00000000
vn 1.00000000 -0.00000000 -0.00000000
vn 1.00000000 -0.00000000 -0.00000000
vn 1.00000000 -0.00000000 -0.00000000
vn -0.28800000 -0.95760000 -0.00000000
vn -0.00000000 -1.00000000 -0.00000000
vn -0.28760000 -0.95770000 -0.00000000
vn -0.00000000 -1.00000000 -0.00000000
vn -0.20010000 -0.97590000 -0.08650000
vn -0.00000000 -1.00000000 -0.00000000
vn -0.05550000 -0.99490000 -0.08440000
vn -0.00000000 -1.00000000 -0.00000000
vn -0.00000000 -1.00000000 -0.00000000
vn -0.00000000 -1.00000000 -0.00000000
vn -0.00000000 -1.00000000 -0.00000000
vn -0.00000000 -1.00000000 -0.00000000
vn -0.00000000 -1.00000000 -0.00000000
vn -0.00000000 -1.00000000 -0.00000000
vn -0.00000000 -1.00000000 -0.00000000
vn -0.00000000 -1.00000000 -0.00000000
vn -0.00000000 -1.00000000 -0.00000000
vn -0.00000000 -1.00000000 -0.00000000
vn 0.05550000 -0.99490000 -0.08440000
vn 0.20010000 -0.97590000 -0.08650000
vn 0.28800000 -0.95760000 -0.00000000
vn 0.28800000 -0.95760000 -0.00000000
vn 0.38070000 -0.92470000 -0.00000000
vn -0.00000000 -1.00000000 -0.00000000
vn -0.38070000 -0.92470000 -0.00000000
vn -0.28800000 -0.95760000 -0.00000000
vn -0.00000000 -1.00000000 -0.00000000
vn -0.38070000 -0.92470000 -0.00000000
vn -0.00000000 -1.00000000 -0.00000000
vn 0.38070000 -0.92470000 -0.00000000
vn 0.28800000 -0.95760000 -0.00000000
vn 0.38070000 -0.92470000 -0.00000000
vn -0.00000000 -1.00000000 -0.00000000
vn -0.38070000 -0.92470000 -0.00000000
vn -0.00000000 -1.00000000 -0.00000000
vn -0.00000000 -1.00000000 -0.00000000
vn -0.05550000 -0.99490000 0.08440000
vn -0.00000000 -1.00000000 -0.00000000
vn -0.20010000 -0.97590000 0.08650000
vn -0.00000000 -1.00000000 -0.00000000
vn -0.28760000 -0.95770000 -0.00000000
vn -0.00000000 -1.00000000 -0.00000000
vn -0.28800000 -0.95760000 -0.00000000
vn -0.38060000 -0.92470000 -0.00000000
vn -0.00000000 -1.00000000 -0.00000000
vn 0.38070000 -0.92470000 -0.00000000
vn 0.28770000 -0.95770000 -0.00000000
vn 0.28800000 -0.95760000 -0.00000000
vn 0.20010000 -0.97590000 0.08650000
vn 0.05550000 -0.99490000 0.08440000
vn -0.00000000 -1.00000000 -0.00000000
vn -0.00000000 -1.00000000 -0.00000000
vn -0.00000000 -1.00000000 -0.00000000
vn -0.00000000 -1.00000000 -0.00000000
vn -0.00000000 -1.00000000 -0.00000000
vn -0.00000000 -1.00000000 -0.00000000
vn -0.00000000 -1.00000000 -0.00000000
vn -0.00000000 -1.00000000 -0.00000000
vn -0.00000000 -1.00000000 -0.00000000
vn -0.00000000 -1.00000000 -0.00000000
vn -0.00000000 -1.00000000 -0.00000000
vn -0.00000000 -1.00000000 -0.00000000
vn -0.00000000 -1.00000000 -0.00000000
vn -0.00000000 -1.00000000 -0.00000000
vn -0.11390000 -0.97820000 0.17340000
vn -0.39740000 -0.90120000 0.17280000
vn -0.55030000 -0.83500000 -0.00000000
vn -0.55030000 -0.83500000 -0.00000000
vn -0.55030000 -0.83500000 -0.00000000
vn -0.55030000 -0.83500000 -0.00000000
vn -0.55030000 -0.83500000 -0.00000000
vn -0.55040000 -0.83490000 -0.00000000
vn -0.55030000 -0.83500000 -0.00000000
vn -0.55030000 -0.83500000 -0.00000000
vn -0.55040000 -0.83490000 -0.00000000
vn -0.55030000 -0.83500000 -0.00000000
vn -0.55030000 -0.83500000 -0.00000000
vn -0.55030000 -0.83500000 -0.00000000
vn -0.55040000 -0.83490000 -0.00000000
vn -0.55030000 -0.83500000 -0.00000000
vn -0.55030000 -0.83500000 -0.00000000
vn -0.55030000 -0.83500000 -0.00000000
vn -0.55030000 -0.83500000 -0.00000000
vn -0.55030000 -0.83500000 -0.00000000
vn -0.55040000 -0.83490000 -0.00000000
vn -0.55040000 -0.83490000 -0.00000000
vn -0.55030000 -0.83500000 -0.00000000
vn -0.39740000 -0.90120000 -0.17280000
vn -0.11390000 -0.97820000 -0.17340000
vn -0.00000000 -1.00000000 -0.00000000
vn -0.00000000 -1.00000000 -0.00000000
vn -0.00000000 -1.00000000 -0.00000000
vn -0.00000000 -1.00000000 -0.00000000
vn -0.00000000 -1.00000000 -0.00000000
vn -0.00000000 -1.00000000 -0.00000000
vn -0.00000000 -1.00000000 -0.00000000
vn -0.00000000 -1.00000000 -0.00000000
vn -0.00000000 -1.00000000 -0.00000000
vn -0.00000000 -1.00000000 -0.00000000
vn -0.00000000 -1.00000000 -0.00000000
vn -0.00000000 -1.00000000 -0.00000000
vn -0.00000000 -1.00000000 -0.00000000
vn -0.00000000 -1.00000000 -0.00000000
vn -0.00000000 -1.00000000 -0.00000000
vn 0.11390000 -0.97830000 -0.17340000
vn 0.39740000 -0.90130000 -0.17280000
vn 0.55040000 -0.83490000 -0.00000000
vn 0.55040000 -0.83490000 -0.00000000
vn 0.55030000 -0.83500000 -0.00000000
vn 0.55030000 -0.83500000 -0.00000000
vn 0.55030000 -0.83500000 -0.00000000
vn 0.55030000 -0.83500000 -0.00000000
vn 0.55040000 -0.83490000 -0.00000000
vn 0.55040000 -0.83490000 -0.00000000
vn 0.55040000 -0.83490000 -0.00000000
vn 0.55030000 -0.83500000 -0.00000000
vn 0.55030000 -0.83500000 -0.00000000
vn 0.55030000 -0.83500000 -0.00000000
vn 0.55040000 -0.83490000 -0.00000000
vn 0.55030000 -0.83500000 -0.00000000
vn 0.55030000 -0.83500000 -0.00000000
vn 0.55030000 -0.83500000 -0.00000000
vn 0.55030000 -0.83500000 -0.00000000
vn 0.55030000 -0.83500000 -0.00000000
vn 0.55030000 -0.83500000 -0.00000000
vn 0.55030000 -0.83500000 -0.00000000
vn 0.55040000 -0.83490000 -0.00000000
vn 0.39730000 -0.90130000 0.17280000
vn 0.11390000 -0.97820000 0.17340000
vn -0.00000000 -1.00000000 -0.00000000
vn -0.00000000 -1.00000000 -0.00000000
vn -0.00000000 -1.00000000 -0.00000000
vn -0.00000000 -1.00000000 -0.00000000
vn -0.00000000 -1.00000000 -0.00000000
vn -0.00000000 -1.00000000 -0.00000000
vn -0.00000000 -1.00000000 -0.00000000
vn -0.00000000 -1.00000000 -0.00000000
vn -0.00000000 -1.00000000 -0.00000000
vn -0.00000000 -1.00000000 -0.00000000
vn -0.00000000 -0.00000000 -1.00000000
vn -0.00000000 -0.00000000 -1.00000000
vn -0.00000000 -0.00000000 -1.00000000
vn -0.00000000 -0.00000000 -1.00000000
vn -0.00000000 -0.00000000 -1.00000000
vn -0.00000000 -0.00000000 -1.00000000
vn -0.00000000 -0.00000000 -1.00000000
vn -0.00000000 -0.00000000 -1.00000000
vn -0.00000000 -0.00000000 -1.00000000
vn -0.00000000 -0.00000000 -1.00000000
vn -0.00000000 -0.00000000 -1.00000000
vn -0.00000000 -0.00000000 -1.00000000
vn -0.00000000 -0.00000000 -1.00000000
vn -0.00000000 -0.00000000 -1.00000000
vn -0.00000000 -0.00000000 -1.00000000
vn -0.00000000 -0.00000000 -1.00000000
vn -0.00000000 -0.00000000 -1.00000000
vn -0.00000000 -0.00000000 -1.00000000
vn -0.00000000 -0.00000000 -1.00000000
vn -0.00000000 -0.00000000 -1.00000000
vn -0.00000000 -0.00000000 -1.00000000
vn -0.00000000 -0.00000000 -1.00000000
vn -0.00000000 -0.00000000 -1.00000000
vn -0.00000000 -0.00000000 -1.00000000
vn -0.00000000 0.98460000 -0.17470000
vn -0.00000000 0.57220000 -0.82010000
vn 0.21440000 0.97130000 -0.10340000
vn -0.00000000 0.57220000 -0.82010000
vn -0.00000000 -0.00000000 -1.00000000
vn -0.00000000 -0.00000000 -1.00000000
vn -0.00000000 -0.00000000 -1.00000000
vn -0.00000000 -0.00000000 -1.00000000
vn -0.00000000 -0.00000000 -1.00000000
vn -0.00000000 -0.00000000 -1.00000000
vn -0.00000000 -0.00000000 -1.00000000
vn -0.00000000 -0.00000000 -1.00000000
vn -0.00000000 -0.00000000 -1.00000000
vn -0.00000000 -0.96740000 -0.25320000
vn -0.00000000 -0.61220000 -0.79070000
vn -0.00000000 -0.96740000 -0.25320000
vn -0.00000000 -0.61220000 -0.79070000
vn -0.00000000 -0.00000000 -1.00000000
vn -0.00000000 -0.00000000 -1.00000000
vn 0.28760000 0.95780000 -0.00000000
vn -0.00000000 1.00000000 -0.00000000
vn 0.28770000 0.95770000 -0.00000000
vn -0.00000000 1.00000000 -0.00000000
vn 0.28770000 0.95770000 -0.00000000
vn -0.00000000 1.00000000 -0.00000000
vn 0.28800000 0.95760000 -0.00000000
vn -0.00000000 1.00000000 -0.00000000
vn 0.28800000 0.95760000 -0.00000000
vn -0.00000000 1.00000000 -0.00000000
vn 0.28770000 0.95770000 -0.00000000
vn -0.00000000 1.00000000 -0.00000000
vn 0.28800000 0.95760000 -0.00000000
vn -0.00000000 1.00000000 -0.00000000
vn 0.20010000 0.97600000 -0.08650000
vn -0.00000000 1.00000000 -0.00000000
vn 0.05550000 0.99490000 -0.08440000
vn -0.00000000 1.00000000 -0.00000000
vn -0.00000000 1.00000000 -0.00000000
vn -0.00000000 1.00000000 -0.00000000
vn -0.00000000 1.00000000 -0.00000000
vn -0.00000000 1.00000000 -0.00000000
vn -0.00000000 1.00000000 -0.00000000
vn -0.00000000 1.00000000 -0.00000000
vn -0.00000000 1.00000000 -0.00000000
vn -0.00000000 1.00000000 -0.00000000
vn -0.00000000 1.00000000 -0.00000000
vn -0.05550000 0.99490000 -0.08440000
vn -0.20010000 0.97590000 -0.08650000
vn -0.28800000 0.95760000 -0.00000000
vn -0.28800000 0.95760000 -0.00000000
vn -0.28800000 0.95760000 -0.00000000
vn -0.28800000 0.95760000 -0.00000000
vn -0.28800000 0.95760000 -0.00000000
vn -0.28800000 0.95760000 -0.00000000
vn -0.28800000 0.95760000 -0.00000000
vn -0.28800000 0.95760000 -0.00000000
vn -0.00000000 1.00000000 -0.00000000
vn -0.00000000 1.00000000 -0.00000000
vn -0.20020000 0.97590000 0.08650000
vn -0.05550000 0.99490000 0.08440000
vn -0.00000000 1.00000000 -0.00000000
vn -0.00000000 1.00000000 -0.00000000
vn -0.00000000 1.00000000 -0.00000000
vn -0.00000000 1.00000000 -0.00000000
vn -0.00000000 1.00000000 -0.00000000
vn -0.00000000 1.00000000 -0.00000000
vn -0.00000000 1.00000000 -0.00000000
vn -0.00000000 1.00000000 -0.00000000
vn -0.00000000 1.00000000 -0.00000000
vn 0.05550000 0.99490000 0.08440000
vn 0.20010000 0.97600000 0.08650000
vn -0.00000000 1.00000000 -0.00000000
vn 0.28800000 0.95760000 -0.00000000
vn -0.00000000 1.00000000 -0.00000000
vn 0.28770000 0.95770000 -0.00000000
vn -0.00000000 1.00000000 -0.00000000
vn 0.28760000 0.95770000 -0.00000000
vn -0.00000000 1.00000000 -0.00000000
vn 0.28800000 0.95760000 -0.00000000
vn -0.00000000 1.00000000 -0.00000000
vn 0.28800000 0.95760000 -0.00000000
vn 0.28770000 0.95770000 -0.00000000
vn -0.00000000 1.00000000 -0.00000000
vn -0.28800000 0.95760000 -0.00000000
vn -0.28800000 0.95760000 -0.00000000
vn -0.28800000 0.95760000 -0.00000000
vn -0.28770000 0.95770000 -0.00000000
vn -0.28800000 0.95760000 -0.00000000
vn -0.28800000 0.95760000 -0.00000000
vn -0.28800000 0.95760000 -0.00000000
vn -0.55030000 0.83500000 -0.00000000
vn -0.39740000 0.90130000 0.17280000
vn -0.11390000 0.97820000 0.17340000
vn -0.00000000 1.00000000 -0.00000000
vn -0.00000000 1.00000000 -0.00000000
vn -0.00000000 1.00000000 -0.00000000
vn -0.00000000 1.00000000 -0.00000000
vn -0.00000000 1.00000000 -0.00000000
vn -0.00000000 1.00000000 -0.00000000
vn -0.00000000 1.00000000 -0.00000000
vn -0.00000000 1.00000000 -0.00000000
vn -0.00000000 1.00000000 -0.00000000
vn -0.00000000 1.00000000 -0.00000000
vn -0.00000000 1.00000000 -0.00000000
vn -0.00000000 1.00000000 -0.00000000
vn -0.00000000 1.00000000 -0.00000000
vn -0.00000000 1.00000000 -0.00000000
vn -0.00000000 1.00000000 -0.00000000
vn -0.00000000 1.00000000 -0.00000000
vn 0.11390000 0.97830000 0.17330000
vn 0.39740000 0.90120000 0.17280000
vn 0.55030000 0.83500000 -0.00000000
vn 0.55030000 0.83500000 -0.00000000
vn 0.55040000 0.83490000 -0.00000000
vn 0.55040000 0.83490000 -0.00000000
vn 0.55030000 0.83500000 -0.00000000
vn 0.55040000 0.83490000 -0.00000000
vn 0.55030000 0.83500000 -0.00000000
vn 0.55030000 0.83500000 -0.00000000
vn 0.55030000 0.83500000 -0.00000000
vn 0.28770000 0.95770000 -0.00000000
vn -0.00000000 1.00000000 -0.00000000
vn -0.00000000 1.00000000 -0.00000000
vn -0.00000000 1.00000000 -0.00000000
vn -0.00000000 1.00000000 -0.00000000
vn -0.00000000 1.00000000 -0.00000000
vn -0.00000000 1.00000000 -0.00000000
vn 0.19060000 0.98170000 -0.00000000
vn 0.55030000 0.83500000 -0.00000000
vn 0.55030000 0.83500000 -0.00000000
vn 0.55040000 0.83490000 -0.00000000
vn 0.55030000 0.83500000 -0.00000000
vn 0.55030000 0.83500000 -0.00000000
vn 0.55040000 0.83490000 -0.00000000
vn 0.55030000 0.83500000 -0.00000000
vn 0.55040000 0.83490000 -0.00000000
vn 0.39740000 0.90120000 -0.17280000
vn 0.11390000 0.97830000 -0.17330000
vn -0.00000000 1.00000000 -0.00000000
vn -0.00000000 1.00000000 -0.00000000
vn -0.00000000 1.00000000 -0.00000000
vn -0.00000000 1.00000000 -0.00000000
vn -0.00000000 1.00000000 -0.00000000
vn -0.00000000 1.00000000 -0.00000000
vn -0.00000000 1.00000000 -0.00000000
vn -0.00000000 1.00000000 -0.00000000
vn -0.00000000 1.00000000 -0.00000000
vn -0.00000000 1.00000000 -0.00000000
vn -0.00000000 1.00000000 -0.00000000
vn -0.00000000 1.00000000 -0.00000000
vn -0.00000000 1.00000000 -0.00000000
vn -0.00000000 1.00000000 -0.00000000
vn -0.00000000 1.00000000 -0.00000000
vn -0.00000000 1.00000000 -0.00000000
vn -0.11390000 0.97820000 -0.17340000
vn -0.39740000 0.90130000 -0.17280000
vn -0.55030000 0.83500000 -0.00000000
vn -0.55040000 0.83490000 -0.00000000
vn -0.55040000 0.83490000 -0.00000000
vn -0.55040000 0.83490000 -0.00000000
vn -0.55030000 0.83500000 -0.00000000
vn -0.55030000 0.83500000 -0.00000000
vn -0.55040000 0.83490000 -0.00000000
vn -0.55030000 0.83500000 -0.00000000
vn -0.55030000 0.83500000 -0.00000000
vn -0.55040000 0.83490000 -0.00000000
vn -0.55040000 0.83490000 -0.00000000
vn -0.55040000 0.83490000 -0.00000000
vn -0.55030000 0.83500000 -0.00000000
vn -0.55040000 0.83490000 -0.00000000
vn -1.00000000 -0.00000000 -0.00000000
vn -1.00000000 -0.00000000 -0.00000000
vn -1.00000000 -0.00000000 -0.00000000
vn -1.00000000 -0.00000000 -0.00000000
vn 1.00000000 -0.00000000 -0.00000000
vn 1.00000000 -0.00000000 -0.00000000
vn 1.00000000 -0.00000000 -0.00000000
vn 1.00000000 -0.00000000 -0.00000000
vn -0.00000000 -0.70840000 -0.70580000
vn -0.00000000 -1.00000000 -0.00000000
vn -0.00000000 -0.70840000 -0.70580000
vn -0.00000000 -1.00000000 -0.00000000
vn -0.00000000 -0.70840000 -0.70580000
vn -0.00000000 -1.00000000 -0.00000000
vn -1.00000000 -0.00000000 -0.00000000
vn -1.00000000 -0.00000000 -0.00000000
vn -1.00000000 -0.00000000 -0.00000000
vn -1.00000000 -0.00000000 -0.00000000
vn -0.00000000 -1.00000000 -0.00000000
vn -0.00000000 -1.00000000 -0.00000000
vn -0.00000000 -1.00000000 -0.00000000
vn -0.00000000 -1.00000000 -0.00000000
vn -0.00000000 -1.00000000 -0.00000000
vn -0.00000000 -1.00000000 -0.00000000
vn -0.00000000 -1.00000000 -0.00000000
vn -0.00000000 -1.00000000 -0.00000000
vn -0.00000000 -1.00000000 -0.00000000
vn -0.00000000 -1.00000000 -0.00000000
vn -0.00000000 -1.00000000 -0.00000000
vn -0.00000000 -1.00000000 -0.00000000
vn 0.00200000 -0.00000000 1.00000000
vn 0.00200000 -0.00000000 1.00000000
vn 0.00200000 -0.00000000 1.00000000
vn 0.00390000 -0.00000000 1.00000000
vn -0.00000000 1.00000000 -0.00000000
vn -0.00000000 1.00000000 -0.00000000
vn -0.00000000 1.00000000 -0.00000000
vn -0.00000000 1.00000000 -0.00000000
vn -0.00000000 1.00000000 -0.00000000
vn -0.00000000 1.00000000 -0.00000000
vn -0.00000000 1.00000000 -0.00000000
vn -0.00000000 1.00000000 -0.00000000
vn -0.00000000 1.00000000 -0.00000000
vn -0.00000000 1.00000000 -0.00000000
vn -0.00000000 1.00000000 -0.00000000
vn -0.00000000 1.00000000 -0.00000000
vn 1.00000000 -0.00000000 -0.00000000
vn 1.00000000 -0.00000000 -0.00000000
vn 1.00000000 -0.00000000 -0.00000000
vn 1.00000000 -0.00000000 -0.00000000
vn 1.00000000 -0.00000000 -0.00000000
vn 1.00000000 -0.00000000 -0.00000000
vn -0.00000000 -0.00000000 -1.00000000
vn -0.00000000 -0.00000000 -1.00000000
vn -0.00000000 -0.00000000 -1.00000000
vn -0.00000000 -0.00000000 -1.00000000
vn -0.00000000 -0.00000000 -1.00000000
vn -0.00000000 -0.00000000 -1.00000000
vn -1.00000000 -0.00000000 -0.00000000
vn -1.00000000 -0.00000000 -0.00000000
vn -1.00000000 -0.00000000 -0.00000000
vn -1.00000000 -0.00000000 -0.00000000
vn -1.00000000 -0.00000000 -0.00000000
vn -1.00000000 -0.00000000 -0.00000000
vn -1.00000000 -0.00000000 -0.00000000
vn -1.00000000 -0.00000000 -0.00000000
vn -1.00000000 -0.00000000 -0.00000000
vn -1.00000000 -0.00000000 -0.00000000
vn -1.00000000 -0.00000000 -0.00000000
vn -1.00000000 -0.00000000 -0.00000000
vn 1.00000000 -0.00000000 -0.00000000
vn 1.00000000 -0.00000000 -0.00000000
vn 1.00000000 -0.00000000 -0.00000000
vn 1.00000000 -0.00000000 -0.00000000
vn 1.00000000 -0.00000000 -0.00000000
vn 1.00000000 -0.00000000 -0.00000000
vn 1.00000000 -0.00000000 -0.00000000
vn 1.00000000 -0.00000000 -0.00000000
vn 1.00000000 -0.00000000 -0.00000000
vn 1.00000000 -0.00000000 -0.00000000
vn 1.00000000 -0.00000000 -0.00000000
vn 1.00000000 -0.00000000 -0.00000000
vn -0.00000000 0.98460000 -0.17470000
vn -0.00000000 1.00000000 -0.00000000
vn -0.00000000 1.00000000 -0.00000000
vn -0.00000000 1.00000000 -0.00000000
vn -0.00000000 1.00000000 -0.00000000
vn -0.00000000 1.00000000 -0.00000000
vn -0.00000000 1.00000000 -0.00000000
vn -0.00000000 1.00000000 -0.00000000
vn -0.00000000 1.00000000 -0.00000000
vn 0.92080000 0.38990000 -0.00000000
vn 0.21440000 0.97130000 -0.10340000
vn -0.00000000 -0.00000000 1.00000000
vn -0.00000000 -0.00000000 1.00000000
vn -0.00000000 -0.00000000 1.00000000
vn -0.00000000 -0.00000000 1.00000000
vn -0.00000000 -0.00000000 1.00000000
vn -0.00000000 -0.00000000 1.00000000
vn -0.00000000 -1.00000000 -0.00000000
vn -0.00000000 -1.00000000 -0.00000000
vn -0.00000000 -1.00000000 -0.00000000
vn -0.00000000 -1.00000000 -0.00000000
vn -0.00000000 -1.00000000 -0.00000000
vn -0.00000000 -1.00000000 -0.00000000
vn -0.00000000 -1.00000000 -0.00000000
vn -0.00000000 -1.00000000 -0.00000000
vn -0.00000000 -1.00000000 -0.00000000
vn -0.00000000 -0.00000000 -1.00000000
vn -0.00000000 -0.00000000 -1.00000000
vn -0.00000000 -0.00000000 -1.00000000
vn -0.00000000 -0.00000000 -1.00000000
vn -0.00000000 -0.00000000 -1.00000000
vn -0.00000000 -0.00000000 -1.00000000
vn -0.00000000 -0.00000000 -1.00000000
vn -0.00000000 -0.00000000 -1.00000000
vn 1.00000000 -0.00000000 -0.00000000
vn 1.00000000 -0.00000000 -0.00000000
vn 1.00000000 -0.00000000 -0.00000000
vn 1.00000000 -0.00000000 -0.00000000
vn 1.00000000 -0.00000000 -0.00000000
vn 1.00000000 -0.00000000 -0.00000000
vn -1.00000000 -0.00000000 -0.00000000
vn -1.00000000 -0.00000000 -0.00000000
vn -1.00000000 -0.00000000 -0.00000000
vn -1.00000000 -0.00000000 -0.00000000
vn -1.00000000 -0.00000000 -0.00000000
vn -1.00000000 -0.00000000 -0.00000000
vn -0.00000000 -0.00000000 1.00000000
vn -0.00000000 -0.00000000 1.00000000
vn -0.00000000 -0.00000000 1.00000000
vn -0.00000000 -0.00000000 1.00000000
vn -0.00000000 -0.00000000 1.00000000
vn -0.00000000 -0.00000000 1.00000000
vn -1.00000000 -0.00000000 -0.00000000
vn -1.00000000 -0.00000000 -0.00000000
vn -1.00000000 -0.00000000 -0.00000000
vn -1.00000000 -0.00000000 -0.00000000
vn -1.00000000 -0.00000000 -0.00000000
vn -1.00000000 -0.00000000 -0.00000000
vn -0.00000000 1.00000000 -0.00000000
vn -0.00000000 1.00000000 -0.00000000
vn -0.00000000 1.00000000 -0.00000000
vn -0.00000000 1.00000000 -0.00000000
vn -0.00000000 1.00000000 -0.00000000
vn -0.00000000 1.00000000 -0.00000000
vn -0.00000000 1.00000000 -0.00000000
vn -0.00000000 1.00000000 -0.00000000
vn -0.00000000 1.00000000 -0.00000000
vn -0.00000000 -0.00000000 1.00000000
vn -0.00000000 -0.00000000 1.00000000
vn 0.00200000 -0.00000000 1.00000000
vn 0.00390000 -0.00000000 1.00000000
vn 0.00200000 -0.00000000 1.00000000
vn 0.00200000 -0.00000000 1.00000000
vn -0.00000000 -1.00000000 -0.00000000
vn -0.00000000 -1.00000000 -0.00000000
vn -0.00000000 -1.00000000 -0.00000000
vn -0.00000000 -1.00000000 -0.00000000
vn -0.00000000 -1.00000000 -0.00000000
vn -0.00000000 -1.00000000 -0.00000000
vn -0.00000000 -1.00000000 -0.00000000
vn -0.00000000 -1.00000000 -0.00000000
vn -0.00000000 -1.00000000 -0.00000000
vn -0.00000000 -0.00000000 -1.00000000
vn -0.00000000 -0.00000000 -1.00000000
vn -0.00000000 -0.00000000 -1.00000000
vn -0.00000000 -0.00000000 -1.00000000
vn -0.00000000 -0.00000000 -1.00000000
vn -0.00000000 -0.00000000 -1.00000000
vn -1.00000000 -0.00000000 -0.00000000
vn -1.00000000 -0.00000000 -0.00000000
vn -1.00000000 -0.00000000 -0.00000000
vn -1.00000000 -0.00000000 -0.00000000
vn 1.00000000 -0.00000000 -0.00000000
vn 1.00000000 -0.00000000 -0.00000000
vn 1.00000000 -0.00000000 -0.00000000
vn 1.00000000 -0.00000000 -0.00000000
vn -0.00000000 0.70570000 0.70850000
vn -0.00000000 1.00000000 -0.00000000
vn -0.00000000 0.70570000 0.70850000
vn -0.00000000 1.00000000 -0.00000000
vn -0.00000000 0.70570000 0.70850000
vn -0.00000000 1.00000000 -0.00000000
vn -1.00000000 -0.00000000 -0.00000000
vn -1.00000000 -0.00000000 -0.00000000
vn -1.00000000 -0.00000000 -0.00000000
vn -1.00000000 -0.00000000 -0.00000000
vn -0.00000000 1.00000000 -0.00000000
vn -0.00000000 1.00000000 -0.00000000
vn -0.00000000 1.00000000 -0.00000000
vn -0.00000000 1.00000000 -0.00000000
vn -0.00000000 1.00000000 -0.00000000
vn -0.00000000 1.00000000 -0.00000000
vn -0.00000000 1.00000000 -0.00000000
vn -0.00000000 1.00000000 -0.00000000
vn -0.00000000 1.00000000 -0.00000000
vn -0.00000000 1.00000000 -0.00000000
vn -0.00000000 1.00000000 -0.00000000
vn -0.00000000 1.00000000 -0.00000000
vn 0.00200000 -0.00000000 -1.00000000
vn 0.00200000 -0.00000000 -1.00000000
vn 0.00200000 -0.00000000 -1.00000000
vn 0.00390000 -0.00000000 -1.00000000
vn -0.00000000 -1.00000000 -0.00000000
vn -0.00000000 -1.00000000 -0.00000000
vn -0.00000000 -1.00000000 -0.00000000
vn -0.00000000 -1.00000000 -0.00000000
vn -0.00000000 -1.00000000 -0.00000000
vn -0.00000000 -1.00000000 -0.00000000
vn -0.00000000 -1.00000000 -0.00000000
vn -0.00000000 -1.00000000 -0.00000000
vn -0.00000000 -1.00000000 -0.00000000
vn -0.00000000 -1.00000000 -0.00000000
vn -0.00000000 -1.00000000 -0.00000000
vn -0.00000000 -1.00000000 -0.00000000
vn 1.00000000 -0.00000000 -0.00000000
vn 1.00000000 -0.00000000 -0.00000000
vn 1.00000000 -0.00000000 -0.00000000
vn 1.00000000 -0.00000000 -0.00000000
vn 1.00000000 -0.00000000 -0.00000000
vn 1.00000000 -0.00000000 -0.00000000
vn -0.00000000 -0.00000000 1.00000000
vn -0.00000000 -0.00000000 1.00000000
vn -0.00000000 -0.00000000 1.00000000
vn -0.00000000 -0.00000000 1.00000000
vn -0.00000000 -0.00000000 1.00000000
vn -0.00000000 -0.00000000 1.00000000
vn -1.00000000 -0.00000000 -0.00000000
vn -1.00000000 -0.00000000 -0.00000000
vn -1.00000000 -0.00000000 -0.00000000
vn -1.00000000 -0.00000000 -0.00000000
vn -1.00000000 -0.00000000 -0.00000000
vn -1.00000000 -0.00000000 -0.00000000
vn -1.00000000 -0.00000000 -0.00000000
vn -1.00000000 -0.00000000 -0.00000000
vn -1.00000000 -0.00000000 -0.00000000
vn -1.00000000 -0.00000000 -0.00000000
vn -1.00000000 -0.00000000 -0.00000000
vn -1.00000000 -0.00000000 -0.00000000
vn 1.00000000 -0.00000000 -0.00000000
vn 1.00000000 -0.00000000 -0.00000000
vn 1.00000000 -0.00000000 -0.00000000
vn 1.00000000 -0.00000000 -0.00000000
vn 1.00000000 -0.00000000 -0.00000000
vn 1.00000000 -0.00000000 -0.00000000
vn 1.00000000 -0.00000000 -0.00000000
vn 1.00000000 -0.00000000 -0.00000000
vn 1.00000000 -0.00000000 -0.00000000
vn 1.00000000 -0.00000000 -0.00000000
vn 1.00000000 -0.00000000 -0.00000000
vn 1.00000000 -0.00000000 -0.00000000
vn -0.00000000 -1.00000000 -0.00000000
vn -0.00000000 -1.00000000 -0.00000000
vn -0.00000000 -1.00000000 -0.00000000
vn -0.00000000 -1.00000000 -0.00000000
vn -0.00000000 -1.00000000 -0.00000000
vn -0.00000000 -1.00000000 -0.00000000
vn -0.00000000 -1.00000000 -0.00000000
vn -0.00000000 -1.00000000 -0.00000000
vn -0.00000000 -1.00000000 -0.00000000
vn -0.00000000 -1.00000000 -0.00000000
vn -0.00000000 -1.00000000 -0.00000000
vn -0.00000000 -0.00000000 -1.00000000
vn -0.00000000 -0.00000000 -1.00000000
vn -0.00000000 -0.00000000 -1.00000000
vn -0.00000000 -0.00000000 -1.00000000
vn -0.00000000 -0.00000000 -1.00000000
vn -0.00000000 -0.00000000 -1.00000000
vn -0.00000000 1.00000000 -0.00000000
vn -0.00000000 1.00000000 -0.00000000
vn -0.00000000 1.00000000 -0.00000000
vn -0.00000000 1.00000000 -0.00000000
vn -0.00000000 1.00000000 -0.00000000
vn -0.00000000 1.00000000 -0.00000000
vn -0.00000000 1.00000000 -0.00000000
vn -0.00000000 1.00000000 -0.00000000
vn -0.00000000 1.00000000 -0.00000000
vn -0.00000000 -0.00000000 1.00000000
vn -0.00000000 -0.00000000 1.00000000
vn -0.00000000 -0.00000000 1.00000000
vn -0.00000000 -0.00000000 1.00000000
vn -0.00000000 -0.00000000 1.00000000
vn -0.00000000 -0.00000000 1.00000000
vn -0.00000000 -0.00000000 1.00000000
vn -0.00000000 -0.00000000 1.00000000
vn 1.00000000 -0.00000000 -0.00000000
vn 1.00000000 -0.00000000 -0.00000000
vn 1.00000000 -0.00000000 -0.00000000
vn 1.00000000 -0.00000000 -0.00000000
vn 1.00000000 -0.00000000 -0.00000000
vn 1.00000000 -0.00000000 -0.00000000
vn -1.00000000 -0.00000000 -0.00000000
vn -1.00000000 -0.00000000 -0.00000000
vn -1.00000000 -0.00000000 -0.00000000
vn -1.00000000 -0.00000000 -0.00000000
vn -1.00000000 -0.00000000 -0.00000000
vn -1.00000000 -0.00000000 -0.00000000
vn -0.00000000 -0.00000000 -1.00000000
vn -0.00000000 -0.00000000 -1.00000000
vn -0.00000000 -0.00000000 -1.00000000
vn -0.00000000 -0.00000000 -1.00000000
vn -0.00000000 -0.00000000 -1.00000000
vn -0.00000000 -0.00000000 -1.00000000
vn -1.00000000 -0.00000000 -0.00000000
vn -1.00000000 -0.00000000 -0.00000000
vn -1.00000000 -0.00000000 -0.00000000
vn -1.00000000 -0.00000000 -0.00000000
vn -1.00000000 -0.00000000 -0.00000000
vn -1.00000000 -0.00000000 -0.00000000
vn -0.00000000 -1.00000000 -0.00000000
vn -0.00000000 -1.00000000 -0.00000000
vn -0.00000000 -1.00000000 -0.00000000
vn -0.00000000 -1.00000000 -0.00000000
vn -0.00000000 -1.00000000 -0.00000000
vn -0.00000000 -1.00000000 -0.00000000
vn -0.00000000 -1.00000000 -0.00000000
vn -0.00000000 -1.00000000 -0.00000000
vn -0.00000000 -1.00000000 -0.00000000
vn -0.00000000 -0.00000000 -1.00000000
vn -0.00000000 -0.00000000 -1.00000000
vn 0.00200000 -0.00000000 -1.00000000
vn 0.00390000 -0.00000000 -1.00000000
vn 0.00200000 -0.00000000 -1.00000000
vn 0.00200000 -0.00000000 -1.00000000
vn -0.00000000 1.00000000 -0.00000000
vn -0.00000000 1.00000000 -0.00000000
vn -0.00000000 1.00000000 -0.00000000
vn -0.00000000 1.00000000 -0.00000000
vn -0.00000000 1.00000000 -0.00000000
vn -0.00000000 1.00000000 -0.00000000
vn -0.00000000 1.00000000 -0.00000000
vn -0.00000000 1.00000000 -0.00000000
vn -0.00000000 1.00000000 -0.00000000
vn -0.00000000 -0.00000000 1.00000000
vn -0.00000000 -0.00000000 1.00000000
vn -0.00000000 -0.00000000 1.00000000
vn -0.00000000 -0.00000000 1.00000000
vn -0.00000000 -0.00000000 1.00000000
vn -0.00000000 -0.00000000 1.00000000
vn -1.00000000 -0.00000000 -0.00000000
vn -1.00000000 -0.00000000 -0.00000000
vn -1.00000000 -0.00000000 -0.00000000
vn -1.00000000 -0.00000000 -0.00000000
vn 1.00000000 -0.00000000 -0.00000000
vn 1.00000000 -0.00000000 -0.00000000
vn 1.00000000 -0.00000000 -0.00000000
vn 1.00000000 -0.00000000 -0.00000000
vn -0.00000000 0.70570000 0.70850000
vn -0.00000000 1.00000000 -0.00000000
vn -0.00000000 0.70570000 0.70850000
vn -0.00000000 1.00000000 -0.00000000
vn -0.00000000 0.70570000 0.70850000
vn -0.00000000 1.00000000 -0.00000000
vn -1.00000000 -0.00000000 -0.00000000
vn -1.00000000 -0.00000000 -0.00000000
vn -1.00000000 -0.00000000 -0.00000000
vn -1.00000000 -0.00000000 -0.00000000
vn -0.00000000 1.00000000 -0.00000000
vn -0.00000000 1.00000000 -0.00000000
vn -0.00000000 1.00000000 -0.00000000
vn -0.00000000 1.00000000 -0.00000000
vn -0.00000000 1.00000000 -0.00000000
vn -0.00000000 1.00000000 -0.00000000
vn -0.00000000 1.00000000 -0.00000000
vn -0.00000000 1.00000000 -0.00000000
vn -0.00000000 1.00000000 -0.00000000
vn -0.00000000 1.00000000 -0.00000000
vn -0.00000000 1.00000000 -0.00000000
vn -0.00000000 1.00000000 -0.00000000
vn 0.00200000 -0.00000000 -1.00000000
vn 0.00200000 -0.00000000 -1.00000000
vn 0.00200000 -0.00000000 -1.00000000
vn 0.00390000 -0.00000000 -1.00000000
vn -0.00000000 -1.00000000 -0.00000000
vn -0.00000000 -1.00000000 -0.00000000
vn -0.00000000 -1.00000000 -0.00000000
vn -0.00000000 -1.00000000 -0.00000000
vn -0.00000000 -1.00000000 -0.00000000
vn -0.00000000 -1.00000000 -0.00000000
vn -0.00000000 -1.00000000 -0.00000000
vn -0.00000000 -1.00000000 -0.00000000
vn -0.00000000 -1.00000000 -0.00000000
vn -0.00000000 -1.00000000 -0.00000000
vn -0.00000000 -1.00000000 -0.00000000
vn -0.00000000 -1.00000000 -0.00000000
vn 1.00000000 -0.00000000 -0.00000000
vn 1.00000000 -0.00000000 -0.00000000
vn 1.00000000 -0.00000000 -0.00000000
vn 1.00000000 -0.00000000 -0.00000000
vn 1.00000000 -0.00000000 -0.00000000
vn 1.00000000 -0.00000000 -0.00000000
vn -0.00000000 -0.00000000 1.00000000
vn -0.00000000 -0.00000000 1.00000000
vn -0.00000000 -0.00000000 1.00000000
vn -0.00000000 -0.00000000 1.00000000
vn -0.00000000 -0.00000000 1.00000000
vn -0.00000000 -0.00000000 1.00000000
vn -1.00000000 -0.00000000 -0.00000000
vn -1.00000000 -0.00000000 -0.00000000
vn -1.00000000 -0.00000000 -0.00000000
vn -1.00000000 -0.00000000 -0.00000000
vn -1.00000000 -0.00000000 -0.00000000
vn -1.00000000 -0.00000000 -0.00000000
vn -1.00000000 -0.00000000 -0.00000000
vn -1.00000000 -0.00000000 -0.00000000
vn -1.00000000 -0.00000000 -0.00000000
vn -1.00000000 -0.00000000 -0.00000000
vn -1.00000000 -0.00000000 -0.00000000
vn -1.00000000 -0.00000000 -0.00000000
vn 1.00000000 -0.00000000 -0.00000000
vn 1.00000000 -0.00000000 -0.00000000
vn 1.00000000 -0.00000000 -0.00000000
vn 1.00000000 -0.00000000 -0.00000000
vn 1.00000000 -0.00000000 -0.00000000
vn 1.00000000 -0.00000000 -0.00000000
vn 1.00000000 -0.00000000 -0.00000000
vn 1.00000000 -0.00000000 -0.00000000
vn 1.00000000 -0.00000000 -0.00000000
vn 1.00000000 -0.00000000 -0.00000000
vn 1.00000000 -0.00000000 -0.00000000
vn 1.00000000 -0.00000000 -0.00000000
vn -0.00000000 -0.98920000 0.14670000
vn -0.00000000 -1.00000000 -0.00000000
vn -0.00000000 -1.00000000 -0.00000000
vn -0.00000000 -1.00000000 -0.00000000
vn -0.00000000 -1.00000000 -0.00000000
vn -0.00000000 -1.00000000 -0.00000000
vn -0.00000000 -1.00000000 -0.00000000
vn -0.00000000 -1.00000000 -0.00000000
vn -0.00000000 -1.00000000 -0.00000000
vn 0.96030000 -0.27890000 -0.00000000
vn 0.16760000 -0.98150000 0.09230000
vn -0.00000000 -0.00000000 -1.00000000
vn -0.00000000 -0.00000000 -1.00000000
vn -0.00000000 -0.00000000 -1.00000000
vn -0.00000000 -0.00000000 -1.00000000
vn -0.00000000 -0.00000000 -1.00000000
vn -0.00000000 -0.00000000 -1.00000000
vn -0.00000000 1.00000000 -0.00000000
vn -0.00000000 1.00000000 -0.00000000
vn -0.00000000 1.00000000 -0.00000000
vn -0.00000000 1.00000000 -0.00000000
vn -0.00000000 1.00000000 -0.00000000
vn -0.00000000 1.00000000 -0.00000000
vn -0.00000000 1.00000000 -0.00000000
vn -0.00000000 1.00000000 -0.00000000
vn -0.00000000 1.00000000 -0.00000000
vn -0.00000000 -0.00000000 1.00000000
vn -0.00000000 -0.00000000 1.00000000
vn -0.00000000 -0.00000000 1.00000000
vn -0.00000000 -0.00000000 1.00000000
vn -0.00000000 -0.00000000 1.00000000
vn -0.00000000 -0.00000000 1.00000000
vn -0.00000000 -0.00000000 1.00000000
vn -0.00000000 -0.00000000 1.00000000
vn 1.00000000 -0.00000000 -0.00000000
vn 1.00000000 -0.00000000 -0.00000000
vn 1.00000000 -0.00000000 -0.00000000
vn 1.00000000 -0.00000000 -0.00000000
vn 1.00000000 -0.00000000 -0.00000000
vn 1.00000000 -0.00000000 -0.00000000
vn -1.00000000 -0.00000000 -0.00000000
vn -1.00000000 -0.00000000 -0.00000000
vn -1.00000000 -0.00000000 -0.00000000
vn -1.00000000 -0.00000000 -0.00000000
vn -1.00000000 -0.00000000 -0.00000000
vn -1.00000000 -0.00000000 -0.00000000
vn -0.00000000 -0.00000000 -1.00000000
vn -0.00000000 -0.00000000 -1.00000000
vn -0.00000000 -0.00000000 -1.00000000
vn -0.00000000 -0.00000000 -1.00000000
vn -0.00000000 -0.00000000 -1.00000000
vn -0.00000000 -0.00000000 -1.00000000
vn -1.00000000 -0.00000000 -0.00000000
vn -1.00000000 -0.00000000 -0.00000000
vn -1.00000000 -0.00000000 -0.00000000
vn -1.00000000 -0.00000000 -0.00000000
vn -1.00000000 -0.00000000 -0.00000000
vn -1.00000000 -0.00000000 -0.00000000
vn -0.00000000 -1.00000000 -0.00000000
vn -0.00000000 -1.00000000 -0.00000000
vn -0.00000000 -1.00000000 -0.00000000
vn -0.00000000 -1.00000000 -0.00000000
vn -0.00000000 -1.00000000 -0.00000000
vn -0.00000000 -1.00000000 -0.00000000
vn -0.00000000 -1.00000000 -0.00000000
vn -0.00000000 -1.00000000 -0.00000000
vn -0.00000000 -1.00000000 -0.00000000
vn -0.00000000 -0.00000000 -1.00000000
vn -0.00000000 -0.00000000 -1.00000000
vn 0.00200000 -0.00000000 -1.00000000
vn 0.00390000 -0.00000000 -1.00000000
vn 0.00200000 -0.00000000 -1.00000000
vn 0.00200000 -0.00000000 -1.00000000
vn -0.00000000 1.00000000 -0.00000000
vn -0.00000000 1.00000000 -0.00000000
vn -0.00000000 1.00000000 -0.00000000
vn -0.00000000 1.00000000 -0.00000000
vn -0.00000000 1.00000000 -0.00000000
vn -0.00000000 1.00000000 -0.00000000
vn -0.00000000 1.00000000 -0.00000000
vn -0.00000000 1.00000000 -0.00000000
vn -0.00000000 1.00000000 -0.00000000
vn -0.00000000 -0.00000000 1.00000000
vn -0.00000000 -0.00000000 1.00000000
vn -0.00000000 -0.00000000 1.00000000
vn -0.00000000 -0.00000000 1.00000000
vn -0.00000000 -0.00000000 1.00000000
vn -0.00000000 -0.00000000 1.00000000
vt 0.39996900 0.43785100
vt 0.39996900 0.43785100
vt 0.39996900 0.43785100
vt 0.39996900 0.43785100
vt 0.42512200 0.43785100
vt 0.42512200 0.43785100
vt 0.39996900 0.43785100
vt 0.39996900 0.43785100
vt 0.42512200 0.43785100
vt 0.42512200 0.43785100
vt 0.42512200 0.43785100
vt 0.42512200 0.43785100
vt 0.39996900 0.43785100
vt 0.39996900 0.43785100
vt 0.42512200 0.43785100
vt 0.42512200 0.43785100
vt 0.39996900 0.55335800
vt 0.39996900 0.55335800
vt 0.39996900 0.43785100
vt 0.39996900 0.43785100
vt 0.42512200 0.55335800
vt 0.42512200 0.55335800
vt 0.39996900 0.55335800
vt 0.39996900 0.55335800
vt 0.42512200 0.43785100
vt 0.42512200 0.43785100
vt 0.42512200 0.55335800
vt 0.42512200 0.55335800
vt 0.39996900 0.43785100
vt 0.39996900 0.43785100
vt 0.42512200 0.43785100
vt 0.42512200 0.43785100
vt 0.39996900 0.43785100
vt 0.39996900 0.43785100
vt 0.42512200 0.43785100
vt 0.42512200 0.43785100
vt 0.57506100 0.38730200
vt 0.57506100 0.38730200
vt 0.57506100 0.35824200
vt 0.57506100 0.35824200
vt 0.59997000 0.37289400
vt 0.59997000 0.38730200
vt 0.57506100 0.38730200
vt 0.57506100 0.38730200
vt 0.59997000 0.35824200
vt 0.59997000 0.38730200
vt 0.59997000 0.37289400
vt 0.59997000 0.37289400
vt 0.57506100 0.35824200
vt 0.59997000 0.35824200
vt 0.57506100 0.35824200
vt 0.62634300 0.24810700
vt 0.62634300 0.24810700
vt 0.62634300 0.24810700
vt 0.62634300 0.24810700
vt 0.54819900 0.30476200
vt 0.62634300 0.24810700
vt 0.37359600 0.06446900
vt 0.37359600 0.06446900
vt 0.45174000 0.00757000
vt 0.45174000 0.00757000
vt 0.45174000 0.00757000
vt 0.45174000 0.00757000
vt 0.54819900 0.00757000
vt 0.54819900 0.00757000
vt 0.62634300 0.24810700
vt 0.62634300 0.24810700
vt 0.54819900 0.30476200
vt 0.54819900 0.30476200
vt 0.54819900 0.30476200
vt 0.54819900 0.30476200
vt 0.45174000 0.30476200
vt 0.45174000 0.30476200
vt 0.45174000 0.30476200
vt 0.45174000 0.30476200
vt 0.37359600 0.24810700
vt 0.37359600 0.24810700
vt 0.62634300 0.06446900
vt 0.62634300 0.06446900
vt 0.65613600 0.15628800
vt 0.65613600 0.15628800
vt 0.62634300 0.06446900
vt 0.65613600 0.15628800
vt 0.62634300 0.06446900
vt 0.65613600 0.15628800
vt 0.62634300 0.06446900
vt 0.65613600 0.15628800
vt 0.65613600 0.15628800
vt 0.65613600 0.15628800
vt 0.62634300 0.24810700
vt 0.62634300 0.24810700
vt 0.65613600 0.15628800
vt 0.62634300 0.24810700
vt 0.65613600 0.15628800
vt 0.62634300 0.24810700
vt 0.65613600 0.15628800
vt 0.62634300 0.24810700
vt 0.62634300 0.24810700
vt 0.62634300 0.24810700
vt 0.54819900 0.30476200
vt 0.54819900 0.30476200
vt 0.62634300 0.24810700
vt 0.54819900 0.30476200
vt 0.62634300 0.24810700
vt 0.54819900 0.30476200
vt 0.62634300 0.24810700
vt 0.54819900 0.30476200
vt 0.54819900 0.30476200
vt 0.54819900 0.30476200
vt 0.45174000 0.30476200
vt 0.45174000 0.30476200
vt 0.54819900 0.30476200
vt 0.45174000 0.30476200
vt 0.54819900 0.30476200
vt 0.45174000 0.30476200
vt 0.54819900 0.30476200
vt 0.45174000 0.30476200
vt 0.45174000 0.30476200
vt 0.45174000 0.30476200
vt 0.37359600 0.24810700
vt 0.37359600 0.24810700
vt 0.45174000 0.30476200
vt 0.37359600 0.24810700
vt 0.45174000 0.30476200
vt 0.37359600 0.24810700
vt 0.45174000 0.30476200
vt 0.37359600 0.24810700
vt 0.37359600 0.24810700
vt 0.37359600 0.24810700
vt 0.34380300 0.15628800
vt 0.34380300 0.15628800
vt 0.37359600 0.24810700
vt 0.34380300 0.15628800
vt 0.37359600 0.24810700
vt 0.34380300 0.15628800
vt 0.37359600 0.24810700
vt 0.34380300 0.15628800
vt 0.34380300 0.15628800
vt 0.34380300 0.15628800
vt 0.37359600 0.06446900
vt 0.37359600 0.06446900
vt 0.34380300 0.15628800
vt 0.37359600 0.06446900
vt 0.34380300 0.15628800
vt 0.37359600 0.06446900
vt 0.34380300 0.15628800
vt 0.37359600 0.06446900
vt 0.37359600 0.06446900
vt 0.37359600 0.06446900
vt 0.45174000 0.00757000
vt 0.45174000 0.00757000
vt 0.45174000 0.00757000
vt 0.45174000 0.00757000
vt 0.54819900 0.00757000
vt 0.54819900 0.00757000
vt 0.54819900 0.00757000
vt 0.54819900 0.00757000
vt 0.62634300 0.06446900
vt 0.62634300 0.06446900
vt 0.54819900 0.00757000
vt 0.62634300 0.06446900
vt 0.54819900 0.00757000
vt 0.62634300 0.06446900
vt 0.54819900 0.00757000
vt 0.62634300 0.06446900
vt 0.62634300 0.06446900
vt 0.62634300 0.06446900
vt 0.62634300 0.06446900
vt 0.62634300 0.06446900
vt 0.62634300 0.06446900
vt 0.62634300 0.06446900
vt 0.65613600 0.15628800
vt 0.65613600 0.15628800
vt 0.62634300 0.06446900
vt 0.62634300 0.06446900
vt 0.65613600 0.15628800
vt 0.62634300 0.06446900
vt 0.65613600 0.15628800
vt 0.62634300 0.06446900
vt 0.65613600 0.15628800
vt 0.65613600 0.15628800
vt 0.65613600 0.15628800
vt 0.65613600 0.15628800
vt 0.65613600 0.15628800
vt 0.65613600 0.15628800
vt 0.62634300 0.06446900
vt 0.62634300 0.06446900
vt 0.65613600 0.15628800
vt 0.65613600 0.15628800
vt 0.62634300 0.06446900
vt 0.65613600 0.15628800
vt 0.62634300 0.06446900
vt 0.65613600 0.15628800
vt 0.37359600 0.24810700
vt 0.37359600 0.24810700
vt 0.37359600 0.24810700
vt 0.37359600 0.24810700
vt 0.37359600 0.24810700
vt 0.37359600 0.24810700
vt 0.34380300 0.15628800
vt 0.34380300 0.15628800
vt 0.37359600 0.24810700
vt 0.37359600 0.24810700
vt 0.34380300 0.15628800
vt 0.37359600 0.24810700
vt 0.34380300 0.15628800
vt 0.37359600 0.24810700
vt 0.34380300 0.15628800
vt 0.34380300 0.15628800
vt 0.34380300 0.15628800
vt 0.34380300 0.15628800
vt 0.34380300 0.15628800
vt 0.34380300 0.15628800
vt 0.37359600 0.24810700
vt 0.37359600 0.24810700
vt 0.34380300 0.15628800
vt 0.34380300 0.15628800
vt 0.37359600 0.24810700
vt 0.34380300 0.15628800
vt 0.37359600 0.24810700
vt 0.34380300 0.15628800
vt 0.62634300 0.06446900
vt 0.65613600 0.15628800
vt 0.62634300 0.06446900
vt 0.65613600 0.15628800
vt 0.62634300 0.06446900
vt 0.62634300 0.06446900
vt 0.62634300 0.06446900
vt 0.62634300 0.06446900
vt 0.65613600 0.15628800
vt 0.65613600 0.15628800
vt 0.65613600 0.15628800
vt 0.65613600 0.15628800
vt 0.37359600 0.24810700
vt 0.34380300 0.15628800
vt 0.37359600 0.24810700
vt 0.34380300 0.15628800
vt 0.65613600 0.15628800
vt 0.65613600 0.15628800
vt 0.62634300 0.06446900
vt 0.62634300 0.06446900
vt 0.62634300 0.06446900
vt 0.62634300 0.06446900
vt 0.62634300 0.06446900
vt 0.62634300 0.06446900
vt 0.62634300 0.06446900
vt 0.62634300 0.06446900
vt 0.65613600 0.15628800
vt 0.65613600 0.15628800
vt 0.65613600 0.15628800
vt 0.65613600 0.15628800
vt 0.65613600 0.15628800
vt 0.65613600 0.15628800
vt 0.62512200 0.12503000
vt 0.62512200 0.12503000
vt 0.62512200 0.25006100
vt 0.50009200 0.25006100
vt 0.50009200 0.25006100
vt 0.37506100 0.25006100
vt 0.37506100 0.12503000
vt 0.37506100 0.12503000
vt 0.37506100 0.00000000
vt 0.62512200 0.00000000
vt 0.50009200 0.00000000
vt 0.50009200 0.00000000
vt 0.37506100 0.00000000
vt 0.37506100 0.00000000
vt 0.37506100 0.00000000
vt 0.37506100 0.12503000
vt 0.37506100 0.25006100
vt 0.37506100 0.25006100
vt 0.37506100 0.25006100
vt 0.50009200 0.25006100
vt 0.62512200 0.25006100
vt 0.62512200 0.25006100
vt 0.62512200 0.25006100
vt 0.62512200 0.12503000
vt 0.62512200 0.00000000
vt 0.62512200 0.00000000
vt 0.62512200 0.00000000
vt 0.50009200 0.00000000
vt 0.50009200 0.00000000
vt 0.37506100 0.00000000
vt 0.37506100 0.00000000
vt 0.37506100 0.12503000
vt 0.37506100 0.12503000
vt 0.37506100 0.25006100
vt 0.37506100 0.25006100
vt 0.50009200 0.25006100
vt 0.50009200 0.25006100
vt 0.62512200 0.25006100
vt 0.62512200 0.25006100
vt 0.62512200 0.12503000
vt 0.62512200 0.12503000
vt 0.62512200 0.00000000
vt 0.62512200 0.00000000
vt 0.50009200 0.00000000
vt 0.54819900 0.00757000
vt 0.50009200 0.14993900
vt 0.45174000 0.00757000
vt 0.37359600 0.06446900
vt 0.34380300 0.15628800
vt 0.37359600 0.24810700
vt 0.45174000 0.30476200
vt 0.54819900 0.30476200
vt 0.62634300 0.24810700
vt 0.65613600 0.15628800
vt 0.62634300 0.06446900
vt 0.59997000 0.68840100
vt 0.59997000 0.65201500
vt 0.62487800 0.68840100
vt 0.62487800 0.65201500
vt 0.59997000 0.56312600
vt 0.62487800 0.56312600
vt 0.59997000 0.55824200
vt 0.62487800 0.55824200
vt 0.59997000 0.55140400
vt 0.62487800 0.55140400
vt 0.59997000 0.43785100
vt 0.62487800 0.43785100
vt 0.59997000 0.33528700
vt 0.62487800 0.33528700
vt 0.59997000 0.31257600
vt 0.62487800 0.31257600
vt 0.57506100 0.68840100
vt 0.57506100 0.65201500
vt 0.59997000 0.68840100
vt 0.59997000 0.65201500
vt 0.57506100 0.56312600
vt 0.59997000 0.56312600
vt 0.57506100 0.55824200
vt 0.59997000 0.55824200
vt 0.57506100 0.55140400
vt 0.59997000 0.55140400
vt 0.57506100 0.43785100
vt 0.59997000 0.43785100
vt 0.57506100 0.33528700
vt 0.59997000 0.33528700
vt 0.57506100 0.31257600
vt 0.59997000 0.31257600
vt 0.53745400 0.68840100
vt 0.54990800 0.65201500
vt 0.57506100 0.68840100
vt 0.57506100 0.65201500
vt 0.54990800 0.56312600
vt 0.57506100 0.56312600
vt 0.54990800 0.55824200
vt 0.57506100 0.55824200
vt 0.54990800 0.55140400
vt 0.57506100 0.55140400
vt 0.54990800 0.43785100
vt 0.57506100 0.43785100
vt 0.54990800 0.33528700
vt 0.57506100 0.33528700
vt 0.54990800 0.31257600
vt 0.57506100 0.31257600
vt 0.53745400 0.68840100
vt 0.52500000 0.65201500
vt 0.54990800 0.65201500
vt 0.52500000 0.56312600
vt 0.54990800 0.56312600
vt 0.52500000 0.55824200
vt 0.54990800 0.55824200
vt 0.52500000 0.55140400
vt 0.54990800 0.55140400
vt 0.52500000 0.43785100
vt 0.54990800 0.43785100
vt 0.52500000 0.33528700
vt 0.54990800 0.33528700
vt 0.52500000 0.31257600
vt 0.54990800 0.31257600
vt 0.50009200 0.68840100
vt 0.50009200 0.65201500
vt 0.53745400 0.68840100
vt 0.52500000 0.65201500
vt 0.52500000 0.56312600
vt 0.50009200 0.56312600
vt 0.50009200 0.55824200
vt 0.52500000 0.55824200
vt 0.50009200 0.55140400
vt 0.52500000 0.55140400
vt 0.50009200 0.43785100
vt 0.52500000 0.43785100
vt 0.50009200 0.33528700
vt 0.52500000 0.33528700
vt 0.50009200 0.31257600
vt 0.52500000 0.31257600
vt 0.47493900 0.68840100
vt 0.47493900 0.65201500
vt 0.50009200 0.68840100
vt 0.50009200 0.65201500
vt 0.47493900 0.56312600
vt 0.50009200 0.56312600
vt 0.47493900 0.55824200
vt 0.50009200 0.55824200
vt 0.47493900 0.55140400
vt 0.50009200 0.55140400
vt 0.47493900 0.43785100
vt 0.50009200 0.43785100
vt 0.47493900 0.33528700
vt 0.50009200 0.33528700
vt 0.47493900 0.31257600
vt 0.50009200 0.31257600
vt 0.45003100 0.68840100
vt 0.45003100 0.65201500
vt 0.47493900 0.68840100
vt 0.47493900 0.65201500
vt 0.45003100 0.56312600
vt 0.47493900 0.56312600
vt 0.45003100 0.55824200
vt 0.47493900 0.55824200
vt 0.45003100 0.55140400
vt 0.47493900 0.55140400
vt 0.45003100 0.43785100
vt 0.47493900 0.43785100
vt 0.45003100 0.33528700
vt 0.47493900 0.33528700
vt 0.45003100 0.31257600
vt 0.47493900 0.31257600
vt 0.41242400 0.68840100
vt 0.42512200 0.65201500
vt 0.45003100 0.68840100
vt 0.45003100 0.65201500
vt 0.42512200 0.56312600
vt 0.45003100 0.56312600
vt 0.42512200 0.55824200
vt 0.45003100 0.55824200
vt 0.42512200 0.55140400
vt 0.45003100 0.55140400
vt 0.42512200 0.43785100
vt 0.45003100 0.43785100
vt 0.42512200 0.33528700
vt 0.45003100 0.33528700
vt 0.42512200 0.31257600
vt 0.45003100 0.31257600
vt 0.41242400 0.68840100
vt 0.39996900 0.65201500
vt 0.42512200 0.65201500
vt 0.39996900 0.56312600
vt 0.42512200 0.56312600
vt 0.39996900 0.55824200
vt 0.42512200 0.55824200
vt 0.39996900 0.55140400
vt 0.42512200 0.55140400
vt 0.39996900 0.43785100
vt 0.42512200 0.43785100
vt 0.39996900 0.33528700
vt 0.42512200 0.33528700
vt 0.39996900 0.31257600
vt 0.42512200 0.31257600
vt 0.37506100 0.68840100
vt 0.37506100 0.65201500
vt 0.41242400 0.68840100
vt 0.39996900 0.65201500
vt 0.39996900 0.56312600
vt 0.37506100 0.56312600
vt 0.37506100 0.55824200
vt 0.39996900 0.55824200
vt 0.37506100 0.55140400
vt 0.39996900 0.55140400
vt 0.37506100 0.43785100
vt 0.39996900 0.43785100
vt 0.37506100 0.33528700
vt 0.39996900 0.33528700
vt 0.37506100 0.31257600
vt 0.39996900 0.31257600
vt 0.54819900 0.00757000
vt 0.50009200 0.14993900
vt 0.45174000 0.00757000
vt 0.37359600 0.06446900
vt 0.34380300 0.15628800
vt 0.37359600 0.24810700
vt 0.45174000 0.30476200
vt 0.54819900 0.30476200
vt 0.62634300 0.24810700
vt 0.65613600 0.15628800
vt 0.62634300 0.06446900
vt 0.59997000 0.68840100
vt 0.59997000 0.65201500
vt 0.62487800 0.68840100
vt 0.62487800 0.65201500
vt 0.59997000 0.56312600
vt 0.62487800 0.56312600
vt 0.59997000 0.55628800
vt 0.62487800 0.55628800
vt 0.59997000 0.55018300
vt 0.62487800 0.55018300
vt 0.59997000 0.43785100
vt 0.62487800 0.43785100
vt 0.59997000 0.38730200
vt 0.62487800 0.38730200
vt 0.59997000 0.35824200
vt 0.62487800 0.35824200
vt 0.59997000 0.33528700
vt 0.62487800 0.33528700
vt 0.59997000 0.31257600
vt 0.62487800 0.31257600
vt 0.59997000 0.35824200
vt 0.57506100 0.35824200
vt 0.57506100 0.35824200
vt 0.57506100 0.38730200
vt 0.57506100 0.38730200
vt 0.57506100 0.68840100
vt 0.57506100 0.65201500
vt 0.59997000 0.68840100
vt 0.59997000 0.65201500
vt 0.57506100 0.56312600
vt 0.59997000 0.56312600
vt 0.57506100 0.55628800
vt 0.59997000 0.55628800
vt 0.57506100 0.55018300
vt 0.59997000 0.55018300
vt 0.57506100 0.43785100
vt 0.59997000 0.43785100
vt 0.59997000 0.38730200
vt 0.59997000 0.38730200
vt 0.59997000 0.35824200
vt 0.57506100 0.33528700
vt 0.59997000 0.33528700
vt 0.57506100 0.31257600
vt 0.59997000 0.31257600
vt 0.53745400 0.68840100
vt 0.54990800 0.65201500
vt 0.57506100 0.68840100
vt 0.57506100 0.65201500
vt 0.54990800 0.56312600
vt 0.57506100 0.56312600
vt 0.54990800 0.55628800
vt 0.57506100 0.55628800
vt 0.54990800 0.55018300
vt 0.57506100 0.55018300
vt 0.54990800 0.43785100
vt 0.57506100 0.43785100
vt 0.54990800 0.38730200
vt 0.57506100 0.38730200
vt 0.54990800 0.35824200
vt 0.57506100 0.35824200
vt 0.54990800 0.33528700
vt 0.57506100 0.33528700
vt 0.54990800 0.31257600
vt 0.57506100 0.31257600
vt 0.53745400 0.68840100
vt 0.52500000 0.65201500
vt 0.54990800 0.65201500
vt 0.52500000 0.56312600
vt 0.54990800 0.56312600
vt 0.52500000 0.55628800
vt 0.54990800 0.55628800
vt 0.52500000 0.55018300
vt 0.54990800 0.55018300
vt 0.52500000 0.43785100
vt 0.54990800 0.43785100
vt 0.52500000 0.38730200
vt 0.54990800 0.38730200
vt 0.52500000 0.35824200
vt 0.54990800 0.35824200
vt 0.52500000 0.33528700
vt 0.54990800 0.33528700
vt 0.52500000 0.31257600
vt 0.54990800 0.31257600
vt 0.50009200 0.68840100
vt 0.50009200 0.65201500
vt 0.53745400 0.68840100
vt 0.52500000 0.65201500
vt 0.52500000 0.56312600
vt 0.50009200 0.56312600
vt 0.50009200 0.55628800
vt 0.52500000 0.55628800
vt 0.50009200 0.55018300
vt 0.52500000 0.55018300
vt 0.50009200 0.43785100
vt 0.52500000 0.43785100
vt 0.50009200 0.38730200
vt 0.52500000 0.38730200
vt 0.50009200 0.35824200
vt 0.52500000 0.35824200
vt 0.50009200 0.33528700
vt 0.52500000 0.33528700
vt 0.50009200 0.31257600
vt 0.52500000 0.31257600
vt 0.47493900 0.68840100
vt 0.47493900 0.65201500
vt 0.50009200 0.68840100
vt 0.50009200 0.65201500
vt 0.47493900 0.56312600
vt 0.50009200 0.56312600
vt 0.47493900 0.55628800
vt 0.50009200 0.55628800
vt 0.47493900 0.55018300
vt 0.50009200 0.55018300
vt 0.47493900 0.43785100
vt 0.50009200 0.43785100
vt 0.47493900 0.38730200
vt 0.50009200 0.38730200
vt 0.47493900 0.35824200
vt 0.50009200 0.35824200
vt 0.47493900 0.33528700
vt 0.50009200 0.33528700
vt 0.47493900 0.31257600
vt 0.50009200 0.31257600
vt 0.45003100 0.68840100
vt 0.45003100 0.65201500
vt 0.47493900 0.68840100
vt 0.47493900 0.65201500
vt 0.45003100 0.56312600
vt 0.47493900 0.56312600
vt 0.45003100 0.55628800
vt 0.47493900 0.55628800
vt 0.45003100 0.55018300
vt 0.47493900 0.55018300
vt 0.45003100 0.43785100
vt 0.47493900 0.43785100
vt 0.45003100 0.38730200
vt 0.47493900 0.38730200
vt 0.45003100 0.35824200
vt 0.47493900 0.35824200
vt 0.45003100 0.33528700
vt 0.47493900 0.33528700
vt 0.45003100 0.31257600
vt 0.47493900 0.31257600
vt 0.41242400 0.68840100
vt 0.42512200 0.65201500
vt 0.45003100 0.68840100
vt 0.45003100 0.65201500
vt 0.42512200 0.56312600
vt 0.45003100 0.56312600
vt 0.42512200 0.55628800
vt 0.45003100 0.55628800
vt 0.42512200 0.55018300
vt 0.45003100 0.55018300
vt 0.42512200 0.43785100
vt 0.45003100 0.43785100
vt 0.42512200 0.38730200
vt 0.45003100 0.38730200
vt 0.42512200 0.35824200
vt 0.45003100 0.35824200
vt 0.42512200 0.33528700
vt 0.45003100 0.33528700
vt 0.42512200 0.31257600
vt 0.45003100 0.31257600
vt 0.41242400 0.68840100
vt 0.39996900 0.65201500
vt 0.42512200 0.65201500
vt 0.39996900 0.56312600
vt 0.42512200 0.56312600
vt 0.39996900 0.55628800
vt 0.42512200 0.55628800
vt 0.39996900 0.55018300
vt 0.42512200 0.55018300
vt 0.39996900 0.43785100
vt 0.42512200 0.43785100
vt 0.39996900 0.38730200
vt 0.42512200 0.38730200
vt 0.39996900 0.35824200
vt 0.42512200 0.35824200
vt 0.39996900 0.33528700
vt 0.42512200 0.33528700
vt 0.39996900 0.31257600
vt 0.42512200 0.31257600
vt 0.37506100 0.68840100
vt 0.37506100 0.65201500
vt 0.41242400 0.68840100
vt 0.39996900 0.65201500
vt 0.39996900 0.56312600
vt 0.37506100 0.56312600
vt 0.37506100 0.55628800
vt 0.39996900 0.55628800
vt 0.37506100 0.55018300
vt 0.39996900 0.55018300
vt 0.37506100 0.43785100
vt 0.39996900 0.43785100
vt 0.37506100 0.38730200
vt 0.39996900 0.38730200
vt 0.37506100 0.35824200
vt 0.39996900 0.35824200
vt 0.37506100 0.33528700
vt 0.39996900 0.33528700
vt 0.37506100 0.31257600
vt 0.39996900 0.31257600
vt 0.62634300 0.06446900
vt 0.54819900 0.00757000
vt 0.54819900 0.00757000
vt 0.45174000 0.00757000
vt 0.45174000 0.00757000
vt 0.37359600 0.06446900
vt 0.37359600 0.06446900
vt 0.34380300 0.15628800
vt 0.34380300 0.15628800
vt 0.37359600 0.24810700
vt 0.37359600 0.24810700
vt 0.45174000 0.30476200
vt 0.45174000 0.30476200
vt 0.54819900 0.30476200
vt 0.54819900 0.30476200
vt 0.62634300 0.24810700
vt 0.62634300 0.24810700
vt 0.65613600 0.15628800
vt 0.65613600 0.15628800
vt 0.62634300 0.06446900
vt 0.62634300 0.06446900
vt 0.62634300 0.06446900
vt 0.65613600 0.15628800
vt 0.65613600 0.15628800
vt 0.37359600 0.24810700
vt 0.37359600 0.24810700
vt 0.34380300 0.15628800
vt 0.34380300 0.15628800
vt 0.62634300 0.06446900
vt 0.62634300 0.06446900
vt 0.65613600 0.15628800
vt 0.65613600 0.15628800
vt 0.37359600 0.24810700
vt 0.37359600 0.24810700
vt 0.34380300 0.15628800
vt 0.34380300 0.15628800
vt 0.62634300 0.06446900
vt 0.62634300 0.06446900
vt 0.65613600 0.15628800
vt 0.65613600 0.15628800
vt 0.62634300 0.06446900
vt 0.65613600 0.15628800
vt 0.62634300 0.06446900
vt 0.65613600 0.15628800
vt 0.62634300 0.06446900
vt 0.65613600 0.15628800
vt 0.65613600 0.15628800
vt 0.65613600 0.15628800
vt 0.62634300 0.24810700
vt 0.62634300 0.24810700
vt 0.65613600 0.15628800
vt 0.62634300 0.24810700
vt 0.65613600 0.15628800
vt 0.62634300 0.24810700
vt 0.65613600 0.15628800
vt 0.62634300 0.24810700
vt 0.65613600 0.15628800
vt 0.62634300 0.24810700
vt 0.65613600 0.15628800
vt 0.62634300 0.24810700
vt 0.62634300 0.24810700
vt 0.62634300 0.24810700
vt 0.54819900 0.30476200
vt 0.54819900 0.30476200
vt 0.62634300 0.24810700
vt 0.54819900 0.30476200
vt 0.62634300 0.24810700
vt 0.54819900 0.30476200
vt 0.62634300 0.24810700
vt 0.54819900 0.30476200
vt 0.62634300 0.24810700
vt 0.54819900 0.30476200
vt 0.62634300 0.24810700
vt 0.54819900 0.30476200
vt 0.54819900 0.30476200
vt 0.54819900 0.30476200
vt 0.45174000 0.30476200
vt 0.45174000 0.30476200
vt 0.54819900 0.30476200
vt 0.45174000 0.30476200
vt 0.54819900 0.30476200
vt 0.45174000 0.30476200
vt 0.54819900 0.30476200
vt 0.45174000 0.30476200
vt 0.54819900 0.30476200
vt 0.45174000 0.30476200
vt 0.54819900 0.30476200
vt 0.45174000 0.30476200
vt 0.45174000 0.30476200
vt 0.45174000 0.30476200
vt 0.37359600 0.24810700
vt 0.37359600 0.24810700
vt 0.45174000 0.30476200
vt 0.37359600 0.24810700
vt 0.45174000 0.30476200
vt 0.37359600 0.24810700
vt 0.45174000 0.30476200
vt 0.37359600 0.24810700
vt 0.45174000 0.30476200
vt 0.37359600 0.24810700
vt 0.45174000 0.30476200
vt 0.37359600 0.24810700
vt 0.37359600 0.24810700
vt 0.37359600 0.24810700
vt 0.37359600 0.24810700
vt 0.37359600 0.24810700
vt 0.34380300 0.15628800
vt 0.34380300 0.15628800
vt 0.34380300 0.15628800
vt 0.34380300 0.15628800
vt 0.37359600 0.24810700
vt 0.34380300 0.15628800
vt 0.37359600 0.24810700
vt 0.34380300 0.15628800
vt 0.37359600 0.24810700
vt 0.34380300 0.15628800
vt 0.37359600 0.24810700
vt 0.34380300 0.15628800
vt 0.34380300 0.15628800
vt 0.34380300 0.15628800
vt 0.37359600 0.06446900
vt 0.37359600 0.06446900
vt 0.34380300 0.15628800
vt 0.37359600 0.06446900
vt 0.34380300 0.15628800
vt 0.37359600 0.06446900
vt 0.34380300 0.15628800
vt 0.37359600 0.06446900
vt 0.34380300 0.15628800
vt 0.37359600 0.06446900
vt 0.34380300 0.15628800
vt 0.37359600 0.06446900
vt 0.37359600 0.06446900
vt 0.37359600 0.06446900
vt 0.45174000 0.00757000
vt 0.45174000 0.00757000
vt 0.37359600 0.06446900
vt 0.45174000 0.00757000
vt 0.37359600 0.06446900
vt 0.45174000 0.00757000
vt 0.37359600 0.06446900
vt 0.45174000 0.00757000
vt 0.37359600 0.06446900
vt 0.45174000 0.00757000
vt 0.37359600 0.06446900
vt 0.45174000 0.00757000
vt 0.45174000 0.00757000
vt 0.45174000 0.00757000
vt 0.54819900 0.00757000
vt 0.54819900 0.00757000
vt 0.45174000 0.00757000
vt 0.54819900 0.00757000
vt 0.45174000 0.00757000
vt 0.54819900 0.00757000
vt 0.45174000 0.00757000
vt 0.54819900 0.00757000
vt 0.45174000 0.00757000
vt 0.54819900 0.00757000
vt 0.45174000 0.00757000
vt 0.54819900 0.00757000
vt 0.54819900 0.00757000
vt 0.54819900 0.00757000
vt 0.62634300 0.06446900
vt 0.62634300 0.06446900
vt 0.54819900 0.00757000
vt 0.62634300 0.06446900
vt 0.54819900 0.00757000
vt 0.62634300 0.06446900
vt 0.54819900 0.00757000
vt 0.62634300 0.06446900
vt 0.54819900 0.00757000
vt 0.62634300 0.06446900
vt 0.54819900 0.00757000
vt 0.62634300 0.06446900
vt 0.62634300 0.06446900
vt 0.54819900 0.00757000
vt 0.54819900 0.00757000
vt 0.45174000 0.00757000
vt 0.45174000 0.00757000
vt 0.37359600 0.06446900
vt 0.37359600 0.06446900
vt 0.34380300 0.15628800
vt 0.34380300 0.15628800
vt 0.37359600 0.24810700
vt 0.37359600 0.24810700
vt 0.45174000 0.30476200
vt 0.45174000 0.30476200
vt 0.54819900 0.30476200
vt 0.54819900 0.30476200
vt 0.62634300 0.24810700
vt 0.62634300 0.24810700
vt 0.65613600 0.15628800
vt 0.65613600 0.15628800
vt 0.62634300 0.06446900
vt 0.62634300 0.06446900
vt 0.62634300 0.06446900
vt 0.65613600 0.15628800
vt 0.65613600 0.15628800
vt 0.62634300 0.06446900
vt 0.65613600 0.15628800
vt 0.62634300 0.06446900
vt 0.65613600 0.15628800
vt 0.62634300 0.06446900
vt 0.65613600 0.15628800
vt 0.62634300 0.06446900
vt 0.65613600 0.15628800
vt 0.65613600 0.15628800
vt 0.65613600 0.15628800
vt 0.62634300 0.24810700
vt 0.62634300 0.24810700
vt 0.65613600 0.15628800
vt 0.62634300 0.24810700
vt 0.65613600 0.15628800
vt 0.62634300 0.24810700
vt 0.65613600 0.15628800
vt 0.62634300 0.24810700
vt 0.65613600 0.15628800
vt 0.62634300 0.24810700
vt 0.62634300 0.24810700
vt 0.62634300 0.24810700
vt 0.54819900 0.30476200
vt 0.54819900 0.30476200
vt 0.54819900 0.30476200
vt 0.54819900 0.30476200
vt 0.45174000 0.30476200
vt 0.45174000 0.30476200
vt 0.45174000 0.30476200
vt 0.45174000 0.30476200
vt 0.37359600 0.24810700
vt 0.37359600 0.24810700
vt 0.37359600 0.24810700
vt 0.37359600 0.24810700
vt 0.34380300 0.15628800
vt 0.34380300 0.15628800
vt 0.34380300 0.15628800
vt 0.37359600 0.24810700
vt 0.34380300 0.15628800
vt 0.34380300 0.15628800
vt 0.37359600 0.24810700
vt 0.34380300 0.15628800
vt 0.34380300 0.15628800
vt 0.34380300 0.15628800
vt 0.37359600 0.06446900
vt 0.37359600 0.06446900
vt 0.34380300 0.15628800
vt 0.37359600 0.06446900
vt 0.34380300 0.15628800
vt 0.37359600 0.06446900
vt 0.34380300 0.15628800
vt 0.37359600 0.06446900
vt 0.34380300 0.15628800
vt 0.37359600 0.06446900
vt 0.37359600 0.06446900
vt 0.37359600 0.06446900
vt 0.45174000 0.00757000
vt 0.45174000 0.00757000
vt 0.37359600 0.06446900
vt 0.45174000 0.00757000
vt 0.37359600 0.06446900
vt 0.45174000 0.00757000
vt 0.37359600 0.06446900
vt 0.45174000 0.00757000
vt 0.37359600 0.06446900
vt 0.45174000 0.00757000
vt 0.45174000 0.00757000
vt 0.45174000 0.00757000
vt 0.54819900 0.00757000
vt 0.54819900 0.00757000
vt 0.45174000 0.00757000
vt 0.54819900 0.00757000
vt 0.45174000 0.00757000
vt 0.54819900 0.00757000
vt 0.45174000 0.00757000
vt 0.54819900 0.00757000
vt 0.45174000 0.00757000
vt 0.54819900 0.00757000
vt 0.54819900 0.00757000
vt 0.54819900 0.00757000
vt 0.62634300 0.06446900
vt 0.62634300 0.06446900
vt 0.54819900 0.00757000
vt 0.62634300 0.06446900
vt 0.54819900 0.00757000
vt 0.62634300 0.06446900
vt 0.54819900 0.00757000
vt 0.62634300 0.06446900
vt 0.54819900 0.00757000
vt 0.62634300 0.06446900
vt 0.62634300 0.06446900
vt 0.54819900 0.00757000
vt 0.54819900 0.00757000
vt 0.45174000 0.00757000
vt 0.45174000 0.00757000
vt 0.37359600 0.06446900
vt 0.37359600 0.06446900
vt 0.34380300 0.15628800
vt 0.34380300 0.15628800
vt 0.37359600 0.24810700
vt 0.37359600 0.24810700
vt 0.45174000 0.30476200
vt 0.45174000 0.30476200
vt 0.54819900 0.30476200
vt 0.54819900 0.30476200
vt 0.62634300 0.24810700
vt 0.62634300 0.24810700
vt 0.65613600 0.15628800
vt 0.65613600 0.15628800
vt 0.62634300 0.06446900
vt 0.42512200 0.43785100
vt 0.42512200 0.43785100
vt 0.42512200 0.55335800
vt 0.42512200 0.55335800
vt 0.39996900 0.55335800
vt 0.39996900 0.43785100
vt 0.39996900 0.43785100
vt 0.39996900 0.55335800
vt 0.42512200 0.56117200
vt 0.39996900 0.56117200
vt 0.42512200 0.56214900
vt 0.39996900 0.56214900
vt 0.42512200 0.56312600
vt 0.39996900 0.56312600
vt 0.41242400 0.68840100
vt 0.39996900 0.62710600
vt 0.42512200 0.62710600
vt 0.59997000 0.68840100
vt 0.59997000 0.62710600
vt 0.62487800 0.68840100
vt 0.62487800 0.62710600
vt 0.59997000 0.56312600
vt 0.62487800 0.56312600
vt 0.59997000 0.56214900
vt 0.62487800 0.56214900
vt 0.59997000 0.56117200
vt 0.62487800 0.56117200
vt 0.59997000 0.55335800
vt 0.62487800 0.55335800
vt 0.59997000 0.43785100
vt 0.62487800 0.43785100
vt 0.59997000 0.31257600
vt 0.62487800 0.31257600
vt 0.57506100 0.68840100
vt 0.57506100 0.62710600
vt 0.59997000 0.68840100
vt 0.59997000 0.62710600
vt 0.57506100 0.56312600
vt 0.59997000 0.56312600
vt 0.57506100 0.56214900
vt 0.59997000 0.56214900
vt 0.57506100 0.56117200
vt 0.59997000 0.56117200
vt 0.57506100 0.55335800
vt 0.59997000 0.55335800
vt 0.57506100 0.43785100
vt 0.59997000 0.43785100
vt 0.57506100 0.31257600
vt 0.59997000 0.31257600
vt 0.53745400 0.68840100
vt 0.54990800 0.62710600
vt 0.57506100 0.68840100
vt 0.57506100 0.62710600
vt 0.54990800 0.56312600
vt 0.57506100 0.56312600
vt 0.54990800 0.56214900
vt 0.57506100 0.56214900
vt 0.54990800 0.56117200
vt 0.57506100 0.56117200
vt 0.54990800 0.55335800
vt 0.57506100 0.55335800
vt 0.54990800 0.43785100
vt 0.57506100 0.43785100
vt 0.54990800 0.31257600
vt 0.57506100 0.31257600
vt 0.53745400 0.68840100
vt 0.52500000 0.62710600
vt 0.54990800 0.62710600
vt 0.52500000 0.56312600
vt 0.54990800 0.56312600
vt 0.52500000 0.56214900
vt 0.54990800 0.56214900
vt 0.52500000 0.56117200
vt 0.54990800 0.56117200
vt 0.52500000 0.55335800
vt 0.54990800 0.55335800
vt 0.52500000 0.43785100
vt 0.54990800 0.43785100
vt 0.52500000 0.31257600
vt 0.54990800 0.31257600
vt 0.50009200 0.68840100
vt 0.50009200 0.62710600
vt 0.53745400 0.68840100
vt 0.52500000 0.62710600
vt 0.52500000 0.56312600
vt 0.50009200 0.56312600
vt 0.50009200 0.56214900
vt 0.52500000 0.56214900
vt 0.50009200 0.56117200
vt 0.52500000 0.56117200
vt 0.50009200 0.55335800
vt 0.52500000 0.55335800
vt 0.50009200 0.43785100
vt 0.52500000 0.43785100
vt 0.50009200 0.31257600
vt 0.52500000 0.31257600
vt 0.47493900 0.68840100
vt 0.47493900 0.62710600
vt 0.50009200 0.68840100
vt 0.50009200 0.62710600
vt 0.47493900 0.56312600
vt 0.50009200 0.56312600
vt 0.47493900 0.56214900
vt 0.50009200 0.56214900
vt 0.47493900 0.56117200
vt 0.50009200 0.56117200
vt 0.47493900 0.55335800
vt 0.50009200 0.55335800
vt 0.47493900 0.43785100
vt 0.50009200 0.43785100
vt 0.47493900 0.31257600
vt 0.50009200 0.31257600
vt 0.45003100 0.68840100
vt 0.45003100 0.62710600
vt 0.47493900 0.68840100
vt 0.47493900 0.62710600
vt 0.45003100 0.56312600
vt 0.47493900 0.56312600
vt 0.45003100 0.56214900
vt 0.47493900 0.56214900
vt 0.45003100 0.56117200
vt 0.47493900 0.56117200
vt 0.45003100 0.55335800
vt 0.47493900 0.55335800
vt 0.45003100 0.43785100
vt 0.47493900 0.43785100
vt 0.45003100 0.31257600
vt 0.47493900 0.31257600
vt 0.41242400 0.68840100
vt 0.42512200 0.62710600
vt 0.45003100 0.68840100
vt 0.45003100 0.62710600
vt 0.42512200 0.56312600
vt 0.45003100 0.56312600
vt 0.42512200 0.56214900
vt 0.45003100 0.56214900
vt 0.42512200 0.56117200
vt 0.45003100 0.56117200
vt 0.42512200 0.55335800
vt 0.45003100 0.55335800
vt 0.42512200 0.43785100
vt 0.45003100 0.43785100
vt 0.42512200 0.31257600
vt 0.45003100 0.31257600
vt 0.39996900 0.43785100
vt 0.39996900 0.31257600
vt 0.42512200 0.43785100
vt 0.42512200 0.31257600
vt 0.37506100 0.68840100
vt 0.37506100 0.62710600
vt 0.41242400 0.68840100
vt 0.39996900 0.62710600
vt 0.39996900 0.56312600
vt 0.37506100 0.56312600
vt 0.37506100 0.56214900
vt 0.39996900 0.56214900
vt 0.37506100 0.56117200
vt 0.39996900 0.56117200
vt 0.37506100 0.55335800
vt 0.39996900 0.55335800
vt 0.37506100 0.43785100
vt 0.39996900 0.43785100
vt 0.37506100 0.31257600
vt 0.39996900 0.31257600
vt 0.54819900 0.00757000
vt 0.50009200 0.14993900
vt 0.45174000 0.00757000
vt 0.37359600 0.06446900
vt 0.34380300 0.15628800
vt 0.37359600 0.24810700
vt 0.45174000 0.30476200
vt 0.54819900 0.30476200
vt 0.62634300 0.24810700
vt 0.65613600 0.15628800
vt 0.62634300 0.06446900
vt 0.59997000 0.68840100
vt 0.59997000 0.65201500
vt 0.62487800 0.68840100
vt 0.62487800 0.65201500
vt 0.59997000 0.56312600
vt 0.62487800 0.56312600
vt 0.59997000 0.55702100
vt 0.62487800 0.55702100
vt 0.59997000 0.54993900
vt 0.62487800 0.54993900
vt 0.59997000 0.43785100
vt 0.62487800 0.43785100
vt 0.59997000 0.33528700
vt 0.62487800 0.33528700
vt 0.59997000 0.31257600
vt 0.62487800 0.31257600
vt 0.57506100 0.68840100
vt 0.57506100 0.65201500
vt 0.59997000 0.68840100
vt 0.59997000 0.65201500
vt 0.57506100 0.56312600
vt 0.59997000 0.56312600
vt 0.57506100 0.55702100
vt 0.59997000 0.55702100
vt 0.57506100 0.54993900
vt 0.59997000 0.54993900
vt 0.57506100 0.43785100
vt 0.59997000 0.43785100
vt 0.57506100 0.33528700
vt 0.59997000 0.33528700
vt 0.57506100 0.31257600
vt 0.59997000 0.31257600
vt 0.53745400 0.68840100
vt 0.54990800 0.65201500
vt 0.57506100 0.68840100
vt 0.57506100 0.65201500
vt 0.54990800 0.56312600
vt 0.57506100 0.56312600
vt 0.54990800 0.55702100
vt 0.57506100 0.55702100
vt 0.54990800 0.54993900
vt 0.57506100 0.54993900
vt 0.54990800 0.43785100
vt 0.57506100 0.43785100
vt 0.54990800 0.33528700
vt 0.57506100 0.33528700
vt 0.54990800 0.31257600
vt 0.57506100 0.31257600
vt 0.53745400 0.68840100
vt 0.52500000 0.65201500
vt 0.54990800 0.65201500
vt 0.52500000 0.56312600
vt 0.54990800 0.56312600
vt 0.52500000 0.55702100
vt 0.54990800 0.55702100
vt 0.52500000 0.54993900
vt 0.54990800 0.54993900
vt 0.52500000 0.43785100
vt 0.54990800 0.43785100
vt 0.52500000 0.33528700
vt 0.54990800 0.33528700
vt 0.52500000 0.31257600
vt 0.54990800 0.31257600
vt 0.50009200 0.68840100
vt 0.50009200 0.65201500
vt 0.53745400 0.68840100
vt 0.52500000 0.65201500
vt 0.52500000 0.56312600
vt 0.50009200 0.56312600
vt 0.50009200 0.55702100
vt 0.52500000 0.55702100
vt 0.50009200 0.54993900
vt 0.52500000 0.54993900
vt 0.50009200 0.43785100
vt 0.52500000 0.43785100
vt 0.50009200 0.33528700
vt 0.52500000 0.33528700
vt 0.50009200 0.31257600
vt 0.52500000 0.31257600
vt 0.47493900 0.68840100
vt 0.47493900 0.65201500
vt 0.50009200 0.68840100
vt 0.50009200 0.65201500
vt 0.47493900 0.56312600
vt 0.50009200 0.56312600
vt 0.47493900 0.55702100
vt 0.50009200 0.55702100
vt 0.47493900 0.54993900
vt 0.50009200 0.54993900
vt 0.47493900 0.43785100
vt 0.50009200 0.43785100
vt 0.47493900 0.33528700
vt 0.50009200 0.33528700
vt 0.47493900 0.31257600
vt 0.50009200 0.31257600
vt 0.45003100 0.68840100
vt 0.45003100 0.65201500
vt 0.47493900 0.68840100
vt 0.47493900 0.65201500
vt 0.45003100 0.56312600
vt 0.47493900 0.56312600
vt 0.45003100 0.55702100
vt 0.47493900 0.55702100
vt 0.45003100 0.54993900
vt 0.47493900 0.54993900
vt 0.45003100 0.43785100
vt 0.47493900 0.43785100
vt 0.45003100 0.33528700
vt 0.47493900 0.33528700
vt 0.45003100 0.31257600
vt 0.47493900 0.31257600
vt 0.41242400 0.68840100
vt 0.42512200 0.65201500
vt 0.45003100 0.68840100
vt 0.45003100 0.65201500
vt 0.42512200 0.56312600
vt 0.45003100 0.56312600
vt 0.42512200 0.55702100
vt 0.45003100 0.55702100
vt 0.42512200 0.54993900
vt 0.45003100 0.54993900
vt 0.42512200 0.43785100
vt 0.45003100 0.43785100
vt 0.42512200 0.33528700
vt 0.45003100 0.33528700
vt 0.42512200 0.31257600
vt 0.45003100 0.31257600
vt 0.41242400 0.68840100
vt 0.39996900 0.65201500
vt 0.42512200 0.65201500
vt 0.39996900 0.56312600
vt 0.42512200 0.56312600
vt 0.39996900 0.55702100
vt 0.42512200 0.55702100
vt 0.39996900 0.54993900
vt 0.42512200 0.54993900
vt 0.39996900 0.43785100
vt 0.42512200 0.43785100
vt 0.39996900 0.33528700
vt 0.42512200 0.33528700
vt 0.39996900 0.31257600
vt 0.42512200 0.31257600
vt 0.37506100 0.68840100
vt 0.37506100 0.65201500
vt 0.41242400 0.68840100
vt 0.39996900 0.65201500
vt 0.39996900 0.56312600
vt 0.37506100 0.56312600
vt 0.37506100 0.55702100
vt 0.39996900 0.55702100
vt 0.37506100 0.54993900
vt 0.39996900 0.54993900
vt 0.37506100 0.43785100
vt 0.39996900 0.43785100
vt 0.37506100 0.33528700
vt 0.39996900 0.33528700
vt 0.37506100 0.31257600
vt 0.39996900 0.31257600
vt 0.54819900 0.00757000
vt 0.50009200 0.14993900
vt 0.45174000 0.00757000
vt 0.37359600 0.06446900
vt 0.34380300 0.15628800
vt 0.37359600 0.24810700
vt 0.45174000 0.30476200
vt 0.54819900 0.30476200
vt 0.62634300 0.24810700
vt 0.65613600 0.15628800
vt 0.62634300 0.06446900
vt 0.59997000 0.68840100
vt 0.59997000 0.65201500
vt 0.62487800 0.68840100
vt 0.62487800 0.65201500
vt 0.59997000 0.56312600
vt 0.62487800 0.56312600
vt 0.59997000 0.55824200
vt 0.62487800 0.55824200
vt 0.59997000 0.55262500
vt 0.62487800 0.55262500
vt 0.59997000 0.43785100
vt 0.62487800 0.43785100
vt 0.59997000 0.33528700
vt 0.62487800 0.33528700
vt 0.59997000 0.31257600
vt 0.62487800 0.31257600
vt 0.57506100 0.68840100
vt 0.57506100 0.65201500
vt 0.59997000 0.68840100
vt 0.59997000 0.65201500
vt 0.57506100 0.56312600
vt 0.59997000 0.56312600
vt 0.57506100 0.55824200
vt 0.59997000 0.55824200
vt 0.57506100 0.55262500
vt 0.59997000 0.55262500
vt 0.57506100 0.43785100
vt 0.59997000 0.43785100
vt 0.57506100 0.33528700
vt 0.59997000 0.33528700
vt 0.57506100 0.31257600
vt 0.59997000 0.31257600
vt 0.53745400 0.68840100
vt 0.54990800 0.65201500
vt 0.57506100 0.68840100
vt 0.57506100 0.65201500
vt 0.54990800 0.56312600
vt 0.57506100 0.56312600
vt 0.54990800 0.55824200
vt 0.57506100 0.55824200
vt 0.54990800 0.55262500
vt 0.57506100 0.55262500
vt 0.54990800 0.43785100
vt 0.57506100 0.43785100
vt 0.54990800 0.33528700
vt 0.57506100 0.33528700
vt 0.54990800 0.31257600
vt 0.57506100 0.31257600
vt 0.53745400 0.68840100
vt 0.52500000 0.65201500
vt 0.54990800 0.65201500
vt 0.52500000 0.56312600
vt 0.54990800 0.56312600
vt 0.52500000 0.55824200
vt 0.54990800 0.55824200
vt 0.52500000 0.55262500
vt 0.54990800 0.55262500
vt 0.52500000 0.43785100
vt 0.54990800 0.43785100
vt 0.52500000 0.33528700
vt 0.54990800 0.33528700
vt 0.52500000 0.31257600
vt 0.54990800 0.31257600
vt 0.50009200 0.68840100
vt 0.50009200 0.65201500
vt 0.53745400 0.68840100
vt 0.52500000 0.65201500
vt 0.52500000 0.56312600
vt 0.50009200 0.56312600
vt 0.50009200 0.55824200
vt 0.52500000 0.55824200
vt 0.50009200 0.55262500
vt 0.52500000 0.55262500
vt 0.50009200 0.43785100
vt 0.52500000 0.43785100
vt 0.50009200 0.33528700
vt 0.52500000 0.33528700
vt 0.50009200 0.31257600
vt 0.52500000 0.31257600
vt 0.47493900 0.68840100
vt 0.47493900 0.65201500
vt 0.50009200 0.68840100
vt 0.50009200 0.65201500
vt 0.47493900 0.56312600
vt 0.50009200 0.56312600
vt 0.47493900 0.55824200
vt 0.50009200 0.55824200
vt 0.47493900 0.55262500
vt 0.50009200 0.55262500
vt 0.47493900 0.43785100
vt 0.50009200 0.43785100
vt 0.47493900 0.33528700
vt 0.50009200 0.33528700
vt 0.47493900 0.31257600
vt 0.50009200 0.31257600
vt 0.45003100 0.68840100
vt 0.45003100 0.65201500
vt 0.47493900 0.68840100
vt 0.47493900 0.65201500
vt 0.45003100 0.56312600
vt 0.47493900 0.56312600
vt 0.45003100 0.55824200
vt 0.47493900 0.55824200
vt 0.45003100 0.55262500
vt 0.47493900 0.55262500
vt 0.45003100 0.43785100
vt 0.47493900 0.43785100
vt 0.45003100 0.33528700
vt 0.47493900 0.33528700
vt 0.45003100 0.31257600
vt 0.47493900 0.31257600
vt 0.41242400 0.68840100
vt 0.42512200 0.65201500
vt 0.45003100 0.68840100
vt 0.45003100 0.65201500
vt 0.42512200 0.56312600
vt 0.45003100 0.56312600
vt 0.42512200 0.55824200
vt 0.45003100 0.55824200
vt 0.42512200 0.55262500
vt 0.45003100 0.55262500
vt 0.42512200 0.43785100
vt 0.45003100 0.43785100
vt 0.42512200 0.33528700
vt 0.45003100 0.33528700
vt 0.42512200 0.31257600
vt 0.45003100 0.31257600
vt 0.41242400 0.68840100
vt 0.39996900 0.65201500
vt 0.42512200 0.65201500
vt 0.39996900 0.56312600
vt 0.42512200 0.56312600
vt 0.39996900 0.55824200
vt 0.42512200 0.55824200
vt 0.39996900 0.55262500
vt 0.42512200 0.55262500
vt 0.39996900 0.43785100
vt 0.42512200 0.43785100
vt 0.39996900 0.33528700
vt 0.42512200 0.33528700
vt 0.39996900 0.31257600
vt 0.42512200 0.31257600
vt 0.37506100 0.68840100
vt 0.37506100 0.65201500
vt 0.41242400 0.68840100
vt 0.39996900 0.65201500
vt 0.39996900 0.56312600
vt 0.37506100 0.56312600
vt 0.37506100 0.55824200
vt 0.39996900 0.55824200
vt 0.37506100 0.55262500
vt 0.39996900 0.55262500
vt 0.37506100 0.43785100
vt 0.39996900 0.43785100
vt 0.37506100 0.33528700
vt 0.39996900 0.33528700
vt 0.37506100 0.31257600
vt 0.39996900 0.31257600
vt 0.45174000 0.30476200
vt 0.54819900 0.30476200
vt 0.45174000 0.30476200
vt 0.54819900 0.30476200
vt 0.45174000 0.30476200
vt 0.54819900 0.30476200
vt 0.54819900 0.30476200
vt 0.45174000 0.30476200
vt 0.54819900 0.30476200
vt 0.45174000 0.30476200
vt 0.54819900 0.30476200
vt 0.45174000 0.30476200
vt 0.54819900 0.30476200
vt 0.54819900 0.30476200
vt 0.54819900 0.30476200
vt 0.54819900 0.30476200
vt 0.54819900 0.30476200
vt 0.54819900 0.30476200
vt 0.45174000 0.30476200
vt 0.45174000 0.30476200
vt 0.45174000 0.30476200
vt 0.45174000 0.30476200
vt 0.45174000 0.30476200
vt 0.45174000 0.30476200
vt 0.54819900 0.30476200
vt 0.54819900 0.30476200
vt 0.45174000 0.30476200
vt 0.45174000 0.30476200
vt 0.45174000 0.30476200
vt 0.45174000 0.30476200
vt 0.54819900 0.30476200
vt 0.54819900 0.30476200
vt 0.45174000 0.30476200
vt 0.54819900 0.30476200
vt 0.45174000 0.30476200
vt 0.54819900 0.30476200
vt 0.65613600 0.15628800
vt 0.62634300 0.24810700
vt 0.65613600 0.15628800
vt 0.62634300 0.24810700
vt 0.54819900 0.30476200
vt 0.54819900 0.30476200
vt 0.45174000 0.30476200
vt 0.45174000 0.30476200
vt 0.37359600 0.24810700
vt 0.37359600 0.24810700
vt 0.34380300 0.15628800
vt 0.34380300 0.15628800
vt 0.54819900 0.30476200
vt 0.54819900 0.30476200
vt 0.54819900 0.30476200
vt 0.54819900 0.30476200
vt 0.45174000 0.30476200
vt 0.45174000 0.30476200
vt 0.54819900 0.30476200
vt 0.54819900 0.30476200
vt 0.54819900 0.30476200
vt 0.45174000 0.30476200
vt 0.54819900 0.30476200
vt 0.54819900 0.30476200
vt 0.45174000 0.30476200
vt 0.45174000 0.30476200
vt 0.45174000 0.30476200
vt 0.54819900 0.30476200
vt 0.45174000 0.30476200
vt 0.45174000 0.30476200
vt 0.45174000 0.30476200
vt 0.45174000 0.30476200
vt 0.45174000 0.30476200
vt 0.45174000 0.30476200
vt 0.54819900 0.30476200
vt 0.45174000 0.30476200
vt 0.54819900 0.30476200
vt 0.45174000 0.30476200
vt 0.45174000 0.30476200
vt 0.54819900 0.30476200
vt 0.45174000 0.30476200
vt 0.54819900 0.30476200
vt 0.54819900 0.30476200
vt 0.54819900 0.30476200
vt 0.45174000 0.30476200
vt 0.45174000 0.30476200
vt 0.65613600 0.15628800
vt 0.65613600 0.15628800
vt 0.62634300 0.24810700
vt 0.62634300 0.24810700
vt 0.54819900 0.30476200
vt 0.54819900 0.30476200
vt 0.45174000 0.30476200
vt 0.45174000 0.30476200
vt 0.37359600 0.24810700
vt 0.37359600 0.24810700
vt 0.34380300 0.15628800
vt 0.34380300 0.15628800
vt 0.61047000 0.95433500
vt 0.50009200 0.83760700
vt 0.65613600 0.84371200
vt 0.61047000 0.73333300
vt 0.50009200 0.68742400
vt 0.38946900 0.73333300
vt 0.34380300 0.84371200
vt 0.38946900 0.95433500
vt 0.50009200 1.00000000
vt 0.61047000 0.26666700
vt 0.50009200 0.14993900
vt 0.50009200 0.14993900
vt 0.50009200 0.00000000
vt 0.38946900 0.04566500
vt 0.34380300 0.15628800
vt 0.38946900 0.26666700
vt 0.50009200 0.31257600
vt 0.50009200 0.31257600
vt 0.61047000 0.26666700
vt 0.65613600 0.15628800
vt 0.61047000 0.04566500
vt 0.59386500 0.68840100
vt 0.59386500 0.56312600
vt 0.62512200 0.68840100
vt 0.62512200 0.56312600
vt 0.59386500 0.43785100
vt 0.62512200 0.43785100
vt 0.59386500 0.31257600
vt 0.62512200 0.31257600
vt 0.56260700 0.68840100
vt 0.56260700 0.56312600
vt 0.59386500 0.68840100
vt 0.59386500 0.56312600
vt 0.59386500 0.56312600
vt 0.56260700 0.43785100
vt 0.56260700 0.43785100
vt 0.59386500 0.43785100
vt 0.59386500 0.43785100
vt 0.56260700 0.31257600
vt 0.59386500 0.31257600
vt 0.53134900 0.68840100
vt 0.53134900 0.56312600
vt 0.56260700 0.68840100
vt 0.56260700 0.56312600
vt 0.53134900 0.43785100
vt 0.56260700 0.43785100
vt 0.53134900 0.31257600
vt 0.56260700 0.31257600
vt 0.50009200 0.68840100
vt 0.50009200 0.56312600
vt 0.53134900 0.68840100
vt 0.53134900 0.68840100
vt 0.53134900 0.56312600
vt 0.50009200 0.43785100
vt 0.53134900 0.43785100
vt 0.53134900 0.43785100
vt 0.50009200 0.31257600
vt 0.53134900 0.31257600
vt 0.46883400 0.68840100
vt 0.46883400 0.56312600
vt 0.50009200 0.68840100
vt 0.50009200 0.56312600
vt 0.50009200 0.56312600
vt 0.46883400 0.43785100
vt 0.46883400 0.43785100
vt 0.50009200 0.43785100
vt 0.50009200 0.43785100
vt 0.46883400 0.31257600
vt 0.50009200 0.31257600
vt 0.43757600 0.68840100
vt 0.43757600 0.56312600
vt 0.46883400 0.68840100
vt 0.46883400 0.56312600
vt 0.43757600 0.43785100
vt 0.46883400 0.43785100
vt 0.43757600 0.31257600
vt 0.46883400 0.31257600
vt 0.40631900 0.68840100
vt 0.40631900 0.56312600
vt 0.40631900 0.56312600
vt 0.43757600 0.68840100
vt 0.43757600 0.68840100
vt 0.43757600 0.56312600
vt 0.40631900 0.43785100
vt 0.40631900 0.43785100
vt 0.43757600 0.43785100
vt 0.43757600 0.43785100
vt 0.40631900 0.31257600
vt 0.40631900 0.31257600
vt 0.43757600 0.31257600
vt 0.37506100 0.68840100
vt 0.37506100 0.56312600
vt 0.40631900 0.68840100
vt 0.40631900 0.56312600
vt 0.37506100 0.43785100
vt 0.40631900 0.43785100
vt 0.37506100 0.31257600
vt 0.40631900 0.31257600
vt 0.54819900 0.30476200
vt 0.54819900 0.30476200
vt 0.54819900 0.30476200
vt 0.54819900 0.30476200
vt 0.54819900 0.30476200
vt 0.54819900 0.30476200
vt 0.45174000 0.30476200
vt 0.45174000 0.30476200
vt 0.45174000 0.30476200
vt 0.45174000 0.30476200
vt 0.45174000 0.30476200
vt 0.45174000 0.30476200
vt 0.45174000 0.30476200
vt 0.54819900 0.30476200
vt 0.45174000 0.30476200
vt 0.54819900 0.30476200
vt 0.45174000 0.30476200
vt 0.54819900 0.30476200
vt 0.45174000 0.30476200
vt 0.54819900 0.30476200
vt 0.54819900 0.30476200
vt 0.45174000 0.30476200
vt 0.54819900 0.30476200
vt 0.45174000 0.30476200
vt 0.54819900 0.30476200
vt 0.45174000 0.30476200
vt 0.54819900 0.30476200
vt 0.45174000 0.30476200
vt 0.54819900 0.30476200
vt 0.45174000 0.30476200
vt 0.45174000 0.30476200
vt 0.54819900 0.30476200
vt 0.45174000 0.30476200
vt 0.54819900 0.30476200
vt 0.45174000 0.30476200
vt 0.54819900 0.30476200
vt 0.54819900 0.30476200
vt 0.45174000 0.30476200
vt 0.54819900 0.30476200
vt 0.45174000 0.30476200
vt 0.45174000 0.30476200
vt 0.54819900 0.30476200
vt 0.45174000 0.30476200
vt 0.54819900 0.30476200
vt 0.54819900 0.30476200
vt 0.45174000 0.30476200
vt 0.54819900 0.30476200
vt 0.45174000 0.30476200
vt 0.45174000 0.30476200
vt 0.54819900 0.30476200
vt 0.45174000 0.30476200
vt 0.54819900 0.30476200
vt 0.54819900 0.30476200
vt 0.54819900 0.30476200
vt 0.54819900 0.30476200
vt 0.54819900 0.30476200
vt 0.54819900 0.30476200
vt 0.54819900 0.30476200
vt 0.54819900 0.30476200
vt 0.45174000 0.30476200
vt 0.54819900 0.30476200
vt 0.45174000 0.30476200
vt 0.45174000 0.30476200
vt 0.45174000 0.30476200
vt 0.45174000 0.30476200
vt 0.45174000 0.30476200
vt 0.45174000 0.30476200
vt 0.45174000 0.30476200
vt 0.45174000 0.30476200
vt 0.54819900 0.30476200
vt 0.45174000 0.30476200
vt 0.54819900 0.30476200
vt 0.45174000 0.30476200
vt 0.54819900 0.30476200
vt 0.45174000 0.30476200
vt 0.54819900 0.30476200
vt 0.62634300 0.24810700
vt 0.65613600 0.15628800
vt 0.62634300 0.24810700
vt 0.65613600 0.15628800
vt 0.62634300 0.24810700
vt 0.65613600 0.15628800
vt 0.54819900 0.30476200
vt 0.62634300 0.24810700
vt 0.54819900 0.30476200
vt 0.62634300 0.24810700
vt 0.54819900 0.30476200
vt 0.62634300 0.24810700
vt 0.45174000 0.30476200
vt 0.54819900 0.30476200
vt 0.45174000 0.30476200
vt 0.45174000 0.30476200
vt 0.45174000 0.30476200
vt 0.45174000 0.30476200
vt 0.54819900 0.30476200
vt 0.54819900 0.30476200
vt 0.54819900 0.30476200
vt 0.54819900 0.30476200
vt 0.37359600 0.24810700
vt 0.45174000 0.30476200
vt 0.37359600 0.24810700
vt 0.45174000 0.30476200
vt 0.37359600 0.24810700
vt 0.45174000 0.30476200
vt 0.34380300 0.15628800
vt 0.37359600 0.24810700
vt 0.34380300 0.15628800
vt 0.37359600 0.24810700
vt 0.34380300 0.15628800
vt 0.37359600 0.24810700
vt 0.65613600 0.15628800
vt 0.62634300 0.24810700
vt 0.65613600 0.15628800
vt 0.62634300 0.24810700
vt 0.54819900 0.30476200
vt 0.54819900 0.30476200
vt 0.45174000 0.30476200
vt 0.45174000 0.30476200
vt 0.37359600 0.24810700
vt 0.37359600 0.24810700
vt 0.34380300 0.15628800
vt 0.34380300 0.15628800
vt 0.54819900 0.30476200
vt 0.54819900 0.30476200
vt 0.54819900 0.30476200
vt 0.54819900 0.30476200
vt 0.54819900 0.30476200
vt 0.54819900 0.30476200
vt 0.45174000 0.30476200
vt 0.45174000 0.30476200
vt 0.45174000 0.30476200
vt 0.45174000 0.30476200
vt 0.45174000 0.30476200
vt 0.45174000 0.30476200
vt 0.54819900 0.30476200
vt 0.54819900 0.30476200
vt 0.45174000 0.30476200
vt 0.45174000 0.30476200
vt 0.54819900 0.30476200
vt 0.45174000 0.30476200
vt 0.54819900 0.30476200
vt 0.45174000 0.30476200
vt 0.45174000 0.30476200
vt 0.45174000 0.30476200
vt 0.54819900 0.30476200
vt 0.54819900 0.30476200
vt 0.45174000 0.30476200
vt 0.54819900 0.30476200
vt 0.45174000 0.30476200
vt 0.54819900 0.30476200
vt 0.54819900 0.30476200
vt 0.54819900 0.30476200
vt 0.54819900 0.30476200
vt 0.45174000 0.30476200
vt 0.45174000 0.30476200
vt 0.45174000 0.30476200
vt 0.54819900 0.30476200
vt 0.54819900 0.30476200
vt 0.45174000 0.30476200
vt 0.45174000 0.30476200
vt 0.45174000 0.30476200
vt 0.45174000 0.30476200
vt 0.54819900 0.30476200
vt 0.54819900 0.30476200
vt 0.54819900 0.30476200
vt 0.54819900 0.30476200
vt 0.45174000 0.30476200
vt 0.45174000 0.30476200
vt 0.45174000 0.30476200
vt 0.45174000 0.30476200
vt 0.54819900 0.30476200
vt 0.54819900 0.30476200
vt 0.54819900 0.30476200
vt 0.54819900 0.30476200
vt 0.45174000 0.30476200
vt 0.45174000 0.30476200
vt 0.54819900 0.30476200
vt 0.54819900 0.30476200
vt 0.54819900 0.30476200
vt 0.54819900 0.30476200
vt 0.54819900 0.30476200
vt 0.54819900 0.30476200
vt 0.45174000 0.30476200
vt 0.45174000 0.30476200
vt 0.54819900 0.30476200
vt 0.54819900 0.30476200
vt 0.45174000 0.30476200
vt 0.45174000 0.30476200
vt 0.45174000 0.30476200
vt 0.45174000 0.30476200
vt 0.45174000 0.30476200
vt 0.45174000 0.30476200
vt 0.54819900 0.30476200
vt 0.54819900 0.30476200
vt 0.45174000 0.30476200
vt 0.45174000 0.30476200
vt 0.54819900 0.30476200
vt 0.54819900 0.30476200
vt 0.45174000 0.30476200
vt 0.45174000 0.30476200
vt 0.65613600 0.15628800
vt 0.65613600 0.15628800
vt 0.62634300 0.24810700
vt 0.62634300 0.24810700
vt 0.65613600 0.15628800
vt 0.62634300 0.24810700
vt 0.62634300 0.24810700
vt 0.62634300 0.24810700
vt 0.54819900 0.30476200
vt 0.54819900 0.30476200
vt 0.62634300 0.24810700
vt 0.54819900 0.30476200
vt 0.45174000 0.30476200
vt 0.54819900 0.30476200
vt 0.54819900 0.30476200
vt 0.54819900 0.30476200
vt 0.54819900 0.30476200
vt 0.45174000 0.30476200
vt 0.45174000 0.30476200
vt 0.45174000 0.30476200
vt 0.54819900 0.30476200
vt 0.45174000 0.30476200
vt 0.45174000 0.30476200
vt 0.45174000 0.30476200
vt 0.37359600 0.24810700
vt 0.37359600 0.24810700
vt 0.45174000 0.30476200
vt 0.37359600 0.24810700
vt 0.37359600 0.24810700
vt 0.37359600 0.24810700
vt 0.34380300 0.15628800
vt 0.34380300 0.15628800
vt 0.37359600 0.24810700
vt 0.34380300 0.15628800
vt 0.37359600 0.24810700
vt 0.34380300 0.15628800
vt 0.65613600 0.15628800
vt 0.65613600 0.15628800
vt 0.62634300 0.24810700
vt 0.62634300 0.24810700
vt 0.54819900 0.30476200
vt 0.54819900 0.30476200
vt 0.45174000 0.30476200
vt 0.45174000 0.30476200
vt 0.37359600 0.24810700
vt 0.37359600 0.24810700
vt 0.34380300 0.15628800
vt 0.34380300 0.15628800
vt 0.62512200 0.49987800
vt 0.62512200 0.49987800
vt 0.62512200 0.49987800
vt 0.62512200 0.49987800
vt 0.62512200 0.49987800
vt 0.62512200 0.49987800
vt 0.62512200 0.49987800
vt 0.62512200 0.49987800
vt 0.62512200 0.49987800
vt 0.62512200 0.49987800
vt 0.62512200 0.49987800
vt 0.62512200 0.49987800
vt 0.62512200 0.49987800
vt 0.62512200 0.49987800
vt 0.62512200 0.49987800
vt 0.62512200 0.49987800
vt 0.62512200 0.25006100
vt 0.62512200 0.25006100
vt 0.62512200 0.25006100
vt 0.62512200 0.25006100
vt 0.62512200 0.25006100
vt 0.62512200 0.25006100
vt 0.62512200 0.25006100
vt 0.62512200 0.25006100
vt 0.62512200 0.25006100
vt 0.62512200 0.25006100
vt 0.62512200 0.25006100
vt 0.62512200 0.25006100
vt 0.62512200 0.25006100
vt 0.62512200 0.25006100
vt 0.62512200 0.25006100
vt 0.62512200 0.25006100
vt 0.62512200 0.49987800
vt 0.62512200 0.49987800
vt 0.62512200 0.49987800
vt 0.62512200 0.49987800
vt 0.62512200 0.49987800
vt 0.62512200 0.49987800
vt 0.62512200 0.49987800
vt 0.62512200 0.49987800
vt 0.62512200 0.49987800
vt 0.62512200 0.49987800
vt 0.62512200 0.49987800
vt 0.62512200 0.49987800
vt 0.62512200 0.49987800
vt 0.62512200 0.49987800
vt 0.62512200 0.49987800
vt 0.62512200 0.49987800
vt 0.62512200 0.25006100
vt 0.62512200 0.25006100
vt 0.62512200 0.25006100
vt 0.62512200 0.25006100
vt 0.62512200 0.25006100
vt 0.62512200 0.25006100
vt 0.62512200 0.25006100
vt 0.62512200 0.25006100
vt 0.62512200 0.25006100
vt 0.62512200 0.25006100
vt 0.62512200 0.25006100
vt 0.62512200 0.25006100
vt 0.62512200 0.25006100
vt 0.62512200 0.25006100
vt 0.62512200 0.25006100
vt 0.62512200 0.25006100
vt 0.62512200 0.49987800
vt 0.62512200 0.49987800
vt 0.62512200 0.49987800
vt 0.62512200 0.49987800
vt 0.62512200 0.49987800
vt 0.62512200 0.49987800
vt 0.62512200 0.49987800
vt 0.62512200 0.49987800
vt 0.62512200 0.49987800
vt 0.62512200 0.49987800
vt 0.62512200 0.49987800
vt 0.62512200 0.25006100
vt 0.62512200 0.25006100
vt 0.62512200 0.25006100
vt 0.62512200 0.25006100
vt 0.62512200 0.25006100
vt 0.62512200 0.25006100
vt 0.62512200 0.25006100
vt 0.62512200 0.25006100
vt 0.62512200 0.25006100
vt 0.62512200 0.25006100
vt 0.62512200 0.25006100
vt 0.62512200 0.25006100
vt 0.62512200 0.25006100
vt 0.62512200 0.25006100
vt 0.62512200 0.25006100
vt 0.62512200 0.25006100
vt 0.62512200 0.25006100
vt 0.62512200 0.49987800
vt 0.62512200 0.49987800
vt 0.62512200 0.49987800
vt 0.62512200 0.49987800
vt 0.62512200 0.49987800
vt 0.62512200 0.49987800
vt 0.62512200 0.49987800
vt 0.62512200 0.49987800
vt 0.62512200 0.49987800
vt 0.62512200 0.49987800
vt 0.62512200 0.49987800
vt 0.62512200 0.49987800
vt 0.62512200 0.49987800
vt 0.62512200 0.49987800
vt 0.62512200 0.49987800
vt 0.62512200 0.49987800
vt 0.62512200 0.25006100
vt 0.62512200 0.25006100
vt 0.62512200 0.25006100
vt 0.62512200 0.25006100
vt 0.62512200 0.25006100
vt 0.62512200 0.25006100
vt 0.62512200 0.25006100
vt 0.62512200 0.25006100
vt 0.62512200 0.25006100
vt 0.62512200 0.25006100
vt 0.62512200 0.25006100
vt 0.62512200 0.25006100
vt 0.62512200 0.49987800
vt 0.62512200 0.49987800
vt 0.62512200 0.49987800
vt 0.62512200 0.49987800
vt 0.62512200 0.49987800
vt 0.62512200 0.49987800
vt 0.62512200 0.49987800
vt 0.62512200 0.49987800
vt 0.62512200 0.49987800
vt 0.62512200 0.49987800
vt 0.62512200 0.49987800
vt 0.62512200 0.49987800
vt 0.62512200 0.49987800
vt 0.62512200 0.49987800
vt 0.62512200 0.49987800
vt 0.62512200 0.49987800
vt 0.62512200 0.25006100
vt 0.62512200 0.25006100
vt 0.62512200 0.25006100
vt 0.62512200 0.25006100
vt 0.62512200 0.25006100
vt 0.62512200 0.25006100
vt 0.62512200 0.25006100
vt 0.62512200 0.25006100
vt 0.62512200 0.25006100
vt 0.62512200 0.25006100
vt 0.62512200 0.25006100
vt 0.62512200 0.25006100
vt 0.62512200 0.25006100
vt 0.62512200 0.25006100
vt 0.62512200 0.25006100
vt 0.62512200 0.25006100
vt 0.62512200 0.49987800
vt 0.62512200 0.49987800
vt 0.62512200 0.49987800
vt 0.62512200 0.49987800
vt 0.62512200 0.49987800
vt 0.62512200 0.49987800
vt 0.62512200 0.49987800
vt 0.62512200 0.49987800
vt 0.62512200 0.49987800
vt 0.62512200 0.49987800
vt 0.62512200 0.49987800
vt 0.62512200 0.49987800
vt 0.62512200 0.49987800
vt 0.62512200 0.49987800
vt 0.62512200 0.49987800
vt 0.62512200 0.49987800
vt 0.62512200 0.25006100
vt 0.62512200 0.25006100
vt 0.62512200 0.25006100
vt 0.62512200 0.25006100
vt 0.62512200 0.25006100
vt 0.62512200 0.25006100
vt 0.62512200 0.25006100
vt 0.62512200 0.25006100
vt 0.62512200 0.25006100
vt 0.62512200 0.25006100
vt 0.62512200 0.25006100
vt 0.62512200 0.25006100
vt 0.62512200 0.25006100
vt 0.62512200 0.25006100
vt 0.62512200 0.25006100
vt 0.62512200 0.25006100
vt 0.62512200 0.49987800
vt 0.62512200 0.49987800
vt 0.62512200 0.49987800
vt 0.62512200 0.49987800
vt 0.62512200 0.49987800
vt 0.62512200 0.49987800
vt 0.62512200 0.49987800
vt 0.62512200 0.49987800
vt 0.62512200 0.25006100
vt 0.62512200 0.25006100
vt 0.62512200 0.25006100
vt 0.62512200 0.25006100
vt 0.62512200 0.25006100
vt 0.62512200 0.25006100
vt 0.62512200 0.25006100
vt 0.62512200 0.25006100
vt 0.62512200 0.25006100
vt 0.62512200 0.25006100
vt 0.62512200 0.25006100
vt 0.62512200 0.25006100
vt 0.62512200 0.49987800
vt 0.62512200 0.49987800
vt 0.62512200 0.49987800
vt 0.62512200 0.49987800
vt 0.62512200 0.49987800
vt 0.62512200 0.49987800
vt 0.62512200 0.49987800
vt 0.62512200 0.49987800
vt 0.62512200 0.49987800
vt 0.62512200 0.49987800
vt 0.62512200 0.49987800
vt 0.62512200 0.49987800
vt 0.62512200 0.25006100
vt 0.62512200 0.25006100
vt 0.62512200 0.25006100
vt 0.62512200 0.25006100
vt 0.62512200 0.25006100
vt 0.62512200 0.25006100
vt 0.62512200 0.25006100
vt 0.62512200 0.25006100
vt 0.62512200 0.25006100
vt 0.62512200 0.25006100
vt 0.62512200 0.25006100
vt 0.62512200 0.25006100
vt 0.62512200 0.25006100
vt 0.62512200 0.25006100
vt 0.62512200 0.25006100
vt 0.62512200 0.25006100
vt 0.62512200 0.49987800
vt 0.62512200 0.49987800
vt 0.62512200 0.49987800
vt 0.62512200 0.49987800
vt 0.62512200 0.49987800
vt 0.62512200 0.49987800
vt 0.62512200 0.49987800
vt 0.62512200 0.49987800
vt 0.62512200 0.49987800
vt 0.62512200 0.49987800
vt 0.62512200 0.49987800
vt 0.62512200 0.49987800
vt 0.62512200 0.25006100
vt 0.62512200 0.25006100
vt 0.62512200 0.25006100
vt 0.62512200 0.25006100
vt 0.62512200 0.25006100
vt 0.62512200 0.25006100
vt 0.62512200 0.25006100
vt 0.62512200 0.25006100
vt 0.62512200 0.25006100
vt 0.62512200 0.25006100
vt 0.62512200 0.25006100
vt 0.62512200 0.25006100
vt 0.62512200 0.49987800
vt 0.62512200 0.49987800
vt 0.62512200 0.49987800
vt 0.62512200 0.49987800
vt 0.62512200 0.49987800
vt 0.62512200 0.49987800
vt 0.62512200 0.49987800
vt 0.62512200 0.49987800
vt 0.62512200 0.49987800
vt 0.62512200 0.49987800
vt 0.62512200 0.49987800
vt 0.62512200 0.49987800
vt 0.62512200 0.25006100
vt 0.62512200 0.25006100
vt 0.62512200 0.25006100
vt 0.62512200 0.25006100
vt 0.62512200 0.25006100
vt 0.62512200 0.25006100
vt 0.62512200 0.25006100
vt 0.62512200 0.25006100
vt 0.62512200 0.25006100
vt 0.62512200 0.25006100
vt 0.62512200 0.25006100
vt 0.62512200 0.25006100
vt 0.62512200 0.49987800
vt 0.62512200 0.49987800
vt 0.62512200 0.49987800
vt 0.62512200 0.49987800
vt 0.62512200 0.49987800
vt 0.62512200 0.49987800
vt 0.62512200 0.49987800
vt 0.62512200 0.49987800
vt 0.62512200 0.49987800
vt 0.62512200 0.49987800
vt 0.62512200 0.49987800
vt 0.62512200 0.49987800
vt 0.62512200 0.49987800
vt 0.62512200 0.49987800
vt 0.62512200 0.49987800
vt 0.62512200 0.49987800
vt 0.62512200 0.25006100
vt 0.62512200 0.25006100
vt 0.62512200 0.25006100
vt 0.62512200 0.25006100
vt 0.62512200 0.25006100
vt 0.62512200 0.25006100
vt 0.62512200 0.25006100
vt 0.62512200 0.25006100
vt 0.62512200 0.25006100
vt 0.62512200 0.25006100
vt 0.62512200 0.25006100
vt 0.62512200 0.25006100
vt 0.62512200 0.25006100
vt 0.62512200 0.49987800
vt 0.62512200 0.49987800
vt 0.62512200 0.49987800
vt 0.62512200 0.49987800
vt 0.62512200 0.25006100
vt 0.62512200 0.25006100
vt 0.62512200 0.25006100
vt 0.62512200 0.25006100
vt 0.62512200 0.49987800
vt 0.62512200 0.49987800
vt 0.62512200 0.49987800
vt 0.62512200 0.49987800
vt 0.62512200 0.49987800
vt 0.62512200 0.49987800
vt 0.62512200 0.49987800
vt 0.62512200 0.49987800
vt 0.62512200 0.25006100
vt 0.62512200 0.25006100
vt 0.62512200 0.25006100
vt 0.62512200 0.25006100
vt 0.62512200 0.25006100
vt 0.62512200 0.25006100
vt 0.62512200 0.25006100
vt 0.62512200 0.25006100
vt 0.62512200 0.25006100
vt 0.62512200 0.25006100
vt 0.62512200 0.25006100
vt 0.62512200 0.25006100
vt 0.62512200 0.25006100
vt 0.62512200 0.25006100
vt 0.62512200 0.25006100
vt 0.62512200 0.25006100
vt 0.62512200 0.25006100
vt 0.62512200 0.49987800
vt 0.62512200 0.49987800
vt 0.62512200 0.49987800
vt 0.62512200 0.49987800
vt 0.62512200 0.49987800
vt 0.62512200 0.49987800
vt 0.62512200 0.49987800
vt 0.62512200 0.49987800
vt 0.62512200 0.49987800
vt 0.62512200 0.49987800
vt 0.62512200 0.49987800
vt 0.62512200 0.49987800
vt 0.62512200 0.25006100
vt 0.62512200 0.25006100
vt 0.62512200 0.25006100
vt 0.62512200 0.25006100
vt 0.62512200 0.25006100
vt 0.62512200 0.25006100
vt 0.62512200 0.25006100
vt 0.62512200 0.25006100
vt 0.62512200 0.25006100
vt 0.62512200 0.25006100
vt 0.62512200 0.25006100
vt 0.62512200 0.25006100
vt 0.62512200 0.49987800
vt 0.62512200 0.49987800
vt 0.62512200 0.49987800
vt 0.62512200 0.49987800
vt 0.62512200 0.25006100
vt 0.62512200 0.25006100
vt 0.62512200 0.25006100
vt 0.62512200 0.25006100
vt 0.62512200 0.49987800
vt 0.62512200 0.49987800
vt 0.62512200 0.49987800
vt 0.62512200 0.49987800
vt 0.62512200 0.49987800
vt 0.62512200 0.49987800
vt 0.62512200 0.49987800
vt 0.62512200 0.49987800
vt 0.62512200 0.37509200
vt 0.62512200 0.37509200
vt 0.62512200 0.25006100
vt 0.62512200 0.25006100
vt 0.62512200 0.25006100
vt 0.62512200 0.25006100
vt 0.62512200 0.25006100
vt 0.62512200 0.25006100
vt 0.62512200 0.25006100
vt 0.62512200 0.25006100
vt 0.62512200 0.25006100
vt 0.62512200 0.25006100
vt 0.62512200 0.25006100
vt 0.62512200 0.25006100
vt 0.62512200 0.25006100
vt 0.62512200 0.25006100
vt 0.62512200 0.25006100
vt 0.62512200 0.25006100
vt 0.62512200 0.49987800
vt 0.62512200 0.49987800
vt 0.62512200 0.49987800
vt 0.62512200 0.49987800
vt 0.62512200 0.49987800
vt 0.62512200 0.49987800
vt 0.62512200 0.49987800
vt 0.62512200 0.49987800
vt 0.62512200 0.37509200
vt 0.62512200 0.37509200
vt 0.62512200 0.49987800
vt 0.62512200 0.49987800
vt 0.62512200 0.49987800
vt 0.62512200 0.49987800
vt 0.62512200 0.49987800
vt 0.62512200 0.49987800
vt 0.62512200 0.49987800
vt 0.62512200 0.49987800
vt 0.62512200 0.49987800
vt 0.62512200 0.37509200
vt 0.62512200 0.37509200
vt 0.62512200 0.25006100
vt 0.62512200 0.25006100
vt 0.50009200 0.49987800
vt 0.62512200 0.49987800
vt 0.50009200 0.49987800
vt 0.62512200 0.49987800
vt 0.62512200 0.25006100
vt 0.62512200 0.37509200
vt 0.62512200 0.37509200
vt 0.62512200 0.49987800
vt 0.62512200 0.49987800
vt 0.62512200 0.49987800
vt 0.62512200 0.37509200
vt 0.62512200 0.25006100
vt 0.62512200 0.25006100
vt 0.62512200 0.25006100
vt 0.50009200 0.25006100
vt 0.62512200 0.25006100
vt 0.50009200 0.25006100
vt 0.62512200 0.49987800
vt 0.62512200 0.49987800
vt 0.50009200 0.49987800
vt 0.62512200 0.49987800
vt 0.62512200 0.37509200
vt 0.62512200 0.49987800
vt 0.62512200 0.37509200
vt 0.62512200 0.37509200
vt 0.62512200 0.25006100
vt 0.62512200 0.37509200
vt 0.62512200 0.25006100
vt 0.50009200 0.25006100
vt 0.62512200 0.25006100
vt 0.62512200 0.25006100
vt 0.87493900 0.00000000
vt 0.74990800 0.00000000
vt 0.87493900 0.00073300
vt 0.74990800 0.00073300
vt 0.74990800 0.04224700
vt 0.87493900 0.04224700
vt 0.74990800 0.04664200
vt 0.87493900 0.04664200
vt 0.74990800 0.08302800
vt 0.87493900 0.08302800
vt 0.74990800 0.08717900
vt 0.87493900 0.08717900
vt 0.74990800 0.12503000
vt 0.87493900 0.12503000
vt 0.87493900 0.25006100
vt 0.74990800 0.25006100
vt 0.62512200 0.25006100
vt 0.62512200 0.12503000
vt 0.62512200 0.08717900
vt 0.62512200 0.08302800
vt 0.62512200 0.04664200
vt 0.62512200 0.04224700
vt 0.62512200 0.00073300
vt 0.62512200 0.00000000
vt 0.62512200 0.49987800
vt 0.50009200 0.49987800
vt 0.62512200 0.62490800
vt 0.50009200 0.74993900
vt 0.62512200 0.74993900
vt 0.50009200 0.74920600
vt 0.62512200 0.74920600
vt 0.50009200 0.70769200
vt 0.62512200 0.70769200
vt 0.50009200 0.70329700
vt 0.62512200 0.70329700
vt 0.50009200 0.66691100
vt 0.62512200 0.66691100
vt 0.50009200 0.66275900
vt 0.62512200 0.66275900
vt 0.50009200 0.62490800
vt 0.62512200 0.00000000
vt 0.50009200 0.00000000
vt 0.62512200 0.00073300
vt 0.50009200 0.25006100
vt 0.62512200 0.25006100
vt 0.50009200 0.12503000
vt 0.62512200 0.12503000
vt 0.62512200 0.08717900
vt 0.50009200 0.08717900
vt 0.62512200 0.08302800
vt 0.50009200 0.08302800
vt 0.62512200 0.04664200
vt 0.50009200 0.04664200
vt 0.62512200 0.04224700
vt 0.50009200 0.04224700
vt 0.50009200 0.00073300
vt 0.62512200 0.49987800
vt 0.62512200 0.49987800
vt 0.62512200 0.49987800
vt 0.62512200 0.49987800
vt 0.62512200 0.49987800
vt 0.62512200 0.49987800
vt 0.62512200 0.49987800
vt 0.62512200 0.49987800
vt 0.62512200 0.49987800
vt 0.62512200 0.49987800
vt 0.62512200 0.49987800
vt 0.62512200 0.49987800
vt 0.62512200 0.49987800
vt 0.62512200 0.49987800
vt 0.62512200 0.49987800
vt 0.62512200 0.49987800
vt 0.62512200 0.25006100
vt 0.62512200 0.25006100
vt 0.62512200 0.25006100
vt 0.62512200 0.25006100
vt 0.62512200 0.25006100
vt 0.62512200 0.25006100
vt 0.62512200 0.25006100
vt 0.62512200 0.25006100
vt 0.62512200 0.25006100
vt 0.62512200 0.25006100
vt 0.62512200 0.25006100
vt 0.62512200 0.25006100
vt 0.62512200 0.25006100
vt 0.62512200 0.25006100
vt 0.62512200 0.25006100
vt 0.62512200 0.25006100
vt 0.62512200 0.49987800
vt 0.62512200 0.49987800
vt 0.62512200 0.49987800
vt 0.62512200 0.49987800
vt 0.62512200 0.49987800
vt 0.62512200 0.49987800
vt 0.62512200 0.49987800
vt 0.62512200 0.49987800
vt 0.62512200 0.49987800
vt 0.62512200 0.49987800
vt 0.62512200 0.49987800
vt 0.62512200 0.49987800
vt 0.62512200 0.49987800
vt 0.62512200 0.49987800
vt 0.62512200 0.49987800
vt 0.62512200 0.49987800
vt 0.62512200 0.25006100
vt 0.62512200 0.25006100
vt 0.62512200 0.25006100
vt 0.62512200 0.25006100
vt 0.62512200 0.25006100
vt 0.62512200 0.25006100
vt 0.62512200 0.25006100
vt 0.62512200 0.25006100
vt 0.62512200 0.25006100
vt 0.62512200 0.25006100
vt 0.62512200 0.25006100
vt 0.62512200 0.25006100
vt 0.62512200 0.25006100
vt 0.62512200 0.25006100
vt 0.62512200 0.25006100
vt 0.62512200 0.25006100
vt 0.62512200 0.49987800
vt 0.62512200 0.49987800
vt 0.62512200 0.49987800
vt 0.62512200 0.49987800
vt 0.62512200 0.49987800
vt 0.62512200 0.49987800
vt 0.62512200 0.49987800
vt 0.62512200 0.49987800
vt 0.62512200 0.25006100
vt 0.62512200 0.25006100
vt 0.62512200 0.25006100
vt 0.62512200 0.25006100
vt 0.62512200 0.25006100
vt 0.62512200 0.25006100
vt 0.62512200 0.25006100
vt 0.62512200 0.25006100
vt 0.62512200 0.25006100
vt 0.62512200 0.25006100
vt 0.62512200 0.25006100
vt 0.62512200 0.25006100
vt 0.62512200 0.49987800
vt 0.62512200 0.49987800
vt 0.62512200 0.49987800
vt 0.62512200 0.49987800
vt 0.62512200 0.49987800
vt 0.62512200 0.49987800
vt 0.62512200 0.49987800
vt 0.62512200 0.49987800
vt 0.62512200 0.49987800
vt 0.62512200 0.49987800
vt 0.62512200 0.49987800
vt 0.62512200 0.49987800
vt 0.62512200 0.49987800
vt 0.62512200 0.49987800
vt 0.62512200 0.49987800
vt 0.62512200 0.25006100
vt 0.62512200 0.25006100
vt 0.62512200 0.25006100
vt 0.62512200 0.25006100
vt 0.62512200 0.25006100
vt 0.62512200 0.25006100
vt 0.62512200 0.25006100
vt 0.62512200 0.25006100
vt 0.62512200 0.25006100
vt 0.62512200 0.25006100
vt 0.62512200 0.25006100
vt 0.62512200 0.25006100
vt 0.62512200 0.49987800
vt 0.62512200 0.49987800
vt 0.62512200 0.49987800
vt 0.62512200 0.49987800
vt 0.62512200 0.49987800
vt 0.62512200 0.49987800
vt 0.62512200 0.49987800
vt 0.62512200 0.49987800
vt 0.62512200 0.49987800
vt 0.62512200 0.49987800
vt 0.62512200 0.49987800
vt 0.62512200 0.49987800
vt 0.62512200 0.49987800
vt 0.62512200 0.49987800
vt 0.62512200 0.49987800
vt 0.62512200 0.49987800
vt 0.62512200 0.25006100
vt 0.62512200 0.25006100
vt 0.62512200 0.25006100
vt 0.62512200 0.25006100
vt 0.62512200 0.25006100
vt 0.62512200 0.25006100
vt 0.62512200 0.25006100
vt 0.62512200 0.25006100
vt 0.62512200 0.25006100
vt 0.62512200 0.25006100
vt 0.62512200 0.25006100
vt 0.62512200 0.25006100
vt 0.62512200 0.25006100
vt 0.62512200 0.25006100
vt 0.62512200 0.25006100
vt 0.62512200 0.25006100
vt 0.62512200 0.49987800
vt 0.62512200 0.49987800
vt 0.62512200 0.49987800
vt 0.62512200 0.49987800
vt 0.62512200 0.49987800
vt 0.62512200 0.49987800
vt 0.62512200 0.49987800
vt 0.62512200 0.49987800
vt 0.62512200 0.49987800
vt 0.62512200 0.49987800
vt 0.62512200 0.49987800
vt 0.62512200 0.49987800
vt 0.62512200 0.49987800
vt 0.62512200 0.49987800
vt 0.62512200 0.49987800
vt 0.62512200 0.49987800
vt 0.62512200 0.25006100
vt 0.62512200 0.25006100
vt 0.62512200 0.25006100
vt 0.62512200 0.25006100
vt 0.62512200 0.25006100
vt 0.62512200 0.25006100
vt 0.62512200 0.25006100
vt 0.62512200 0.25006100
vt 0.62512200 0.25006100
vt 0.62512200 0.25006100
vt 0.62512200 0.25006100
vt 0.62512200 0.25006100
vt 0.62512200 0.25006100
vt 0.62512200 0.25006100
vt 0.62512200 0.25006100
vt 0.62512200 0.25006100
vt 0.62512200 0.25006100
vt 0.62512200 0.25006100
vt 0.62512200 0.25006100
vt 0.62512200 0.25006100
vt 0.62512200 0.25006100
vt 0.62512200 0.25006100
vt 0.62512200 0.25006100
vt 0.62512200 0.25006100
vt 0.62512200 0.25006100
vt 0.62512200 0.25006100
vt 0.62512200 0.25006100
vt 0.62512200 0.25006100
vt 0.62512200 0.49987800
vt 0.62512200 0.49987800
vt 0.62512200 0.49987800
vt 0.62512200 0.49987800
vt 0.62512200 0.49987800
vt 0.62512200 0.49987800
vt 0.62512200 0.49987800
vt 0.62512200 0.49987800
vt 0.62512200 0.49987800
vt 0.62512200 0.49987800
vt 0.62512200 0.49987800
vt 0.62512200 0.49987800
vt 0.62512200 0.49987800
vt 0.62512200 0.49987800
vt 0.62512200 0.49987800
vt 0.62512200 0.49987800
vt 0.62512200 0.25006100
vt 0.62512200 0.25006100
vt 0.62512200 0.25006100
vt 0.62512200 0.25006100
vt 0.62512200 0.25006100
vt 0.62512200 0.25006100
vt 0.62512200 0.25006100
vt 0.62512200 0.25006100
vt 0.62512200 0.25006100
vt 0.62512200 0.25006100
vt 0.62512200 0.25006100
vt 0.62512200 0.25006100
vt 0.62512200 0.25006100
vt 0.62512200 0.25006100
vt 0.62512200 0.25006100
vt 0.62512200 0.25006100
vt 0.62512200 0.49987800
vt 0.62512200 0.49987800
vt 0.62512200 0.49987800
vt 0.62512200 0.49987800
vt 0.62512200 0.49987800
vt 0.62512200 0.49987800
vt 0.62512200 0.49987800
vt 0.62512200 0.49987800
vt 0.62512200 0.49987800
vt 0.62512200 0.49987800
vt 0.62512200 0.49987800
vt 0.62512200 0.49987800
vt 0.62512200 0.49987800
vt 0.62512200 0.49987800
vt 0.62512200 0.49987800
vt 0.62512200 0.49987800
vt 0.62512200 0.49987800
vt 0.62512200 0.49987800
vt 0.62512200 0.49987800
vt 0.62512200 0.25006100
vt 0.62512200 0.25006100
vt 0.62512200 0.25006100
vt 0.62512200 0.25006100
vt 0.62512200 0.25006100
vt 0.62512200 0.25006100
vt 0.62512200 0.25006100
vt 0.62512200 0.25006100
vt 0.62512200 0.25006100
vt 0.62512200 0.25006100
vt 0.62512200 0.25006100
vt 0.62512200 0.25006100
vt 0.62512200 0.25006100
vt 0.62512200 0.25006100
vt 0.62512200 0.49987800
vt 0.62512200 0.49987800
vt 0.62512200 0.49987800
vt 0.62512200 0.49987800
vt 0.62512200 0.49987800
vt 0.62512200 0.49987800
vt 0.62512200 0.49987800
vt 0.62512200 0.49987800
vt 0.62512200 0.49987800
vt 0.62512200 0.49987800
vt 0.62512200 0.49987800
vt 0.62512200 0.49987800
vt 0.62512200 0.25006100
vt 0.62512200 0.25006100
vt 0.62512200 0.25006100
vt 0.62512200 0.25006100
vt 0.62512200 0.25006100
vt 0.62512200 0.25006100
vt 0.62512200 0.25006100
vt 0.62512200 0.25006100
vt 0.62512200 0.25006100
vt 0.62512200 0.25006100
vt 0.62512200 0.25006100
vt 0.62512200 0.25006100
vt 0.62512200 0.49987800
vt 0.62512200 0.49987800
vt 0.62512200 0.49987800
vt 0.62512200 0.49987800
vt 0.62512200 0.49987800
vt 0.62512200 0.49987800
vt 0.62512200 0.49987800
vt 0.62512200 0.49987800
vt 0.62512200 0.49987800
vt 0.62512200 0.49987800
vt 0.62512200 0.49987800
vt 0.62512200 0.49987800
vt 0.62512200 0.49987800
vt 0.62512200 0.49987800
vt 0.62512200 0.49987800
vt 0.62512200 0.49987800
vt 0.62512200 0.49987800
vt 0.62512200 0.49987800
vt 0.62512200 0.49987800
vt 0.62512200 0.49987800
vt 0.62512200 0.49987800
vt 0.62512200 0.49987800
vt 0.62512200 0.49987800
vt 0.62512200 0.49987800
vt 0.62512200 0.49987800
vt 0.62512200 0.49987800
vt 0.62512200 0.49987800
vt 0.62512200 0.49987800
vt 0.62512200 0.49987800
vt 0.62512200 0.49987800
vt 0.62512200 0.25006100
vt 0.62512200 0.25006100
vt 0.62512200 0.25006100
vt 0.62512200 0.25006100
vt 0.62512200 0.49987800
vt 0.62512200 0.49987800
vt 0.62512200 0.49987800
vt 0.62512200 0.49987800
vt 0.62512200 0.49987800
vt 0.62512200 0.49987800
vt 0.62512200 0.49987800
vt 0.62512200 0.49987800
vt 0.62512200 0.49987800
vt 0.62512200 0.49987800
vt 0.62512200 0.49987800
vt 0.62512200 0.49987800
vt 0.62512200 0.25006100
vt 0.62512200 0.25006100
vt 0.62512200 0.25006100
vt 0.62512200 0.25006100
vt 0.62512200 0.25006100
vt 0.62512200 0.25006100
vt 0.62512200 0.25006100
vt 0.62512200 0.25006100
vt 0.62512200 0.25006100
vt 0.62512200 0.25006100
vt 0.62512200 0.25006100
vt 0.62512200 0.25006100
vt 0.62512200 0.25006100
vt 0.62512200 0.25006100
vt 0.62512200 0.49987800
vt 0.62512200 0.49987800
vt 0.62512200 0.49987800
vt 0.62512200 0.49987800
vt 0.62512200 0.25006100
vt 0.62512200 0.25006100
vt 0.62512200 0.25006100
vt 0.62512200 0.25006100
vt 0.62512200 0.49987800
vt 0.62512200 0.49987800
vt 0.62512200 0.49987800
vt 0.62512200 0.49987800
vt 0.62512200 0.49987800
vt 0.62512200 0.49987800
vt 0.62512200 0.49987800
vt 0.62512200 0.49987800
vt 0.62512200 0.37509200
vt 0.62512200 0.37509200
vt 0.62512200 0.25006100
vt 0.62512200 0.25006100
vt 0.62512200 0.25006100
vt 0.62512200 0.25006100
vt 0.62512200 0.25006100
vt 0.62512200 0.25006100
vt 0.62512200 0.25006100
vt 0.62512200 0.25006100
vt 0.62512200 0.25006100
vt 0.62512200 0.25006100
vt 0.62512200 0.25006100
vt 0.62512200 0.25006100
vt 0.62512200 0.25006100
vt 0.62512200 0.25006100
vt 0.62512200 0.25006100
vt 0.62512200 0.25006100
vt 0.62512200 0.37509200
vt 0.62512200 0.49987800
vt 0.62512200 0.49987800
vt 0.62512200 0.49987800
vt 0.62512200 0.49987800
vt 0.62512200 0.49987800
vt 0.62512200 0.49987800
vt 0.62512200 0.49987800
vt 0.62512200 0.49987800
vt 0.62512200 0.37509200
vt 0.62512200 0.25006100
vt 0.62512200 0.25006100
vt 0.62512200 0.25006100
vt 0.62512200 0.25006100
vt 0.62512200 0.25006100
vt 0.62512200 0.25006100
vt 0.62512200 0.25006100
vt 0.62512200 0.25006100
vt 0.62512200 0.25006100
vt 0.62512200 0.25006100
vt 0.62512200 0.25006100
vt 0.62512200 0.25006100
vt 0.62512200 0.25006100
vt 0.62512200 0.25006100
vt 0.62512200 0.25006100
vt 0.62512200 0.25006100
vt 0.62512200 0.25006100
vt 0.62512200 0.25006100
vt 0.62512200 0.25006100
vt 0.62512200 0.37509200
vt 0.62512200 0.49987800
vt 0.62512200 0.49987800
vt 0.62512200 0.49987800
vt 0.62512200 0.49987800
vt 0.62512200 0.49987800
vt 0.62512200 0.49987800
vt 0.62512200 0.49987800
vt 0.62512200 0.49987800
vt 0.62512200 0.49987800
vt 0.62512200 0.37509200
vt 0.62512200 0.49987800
vt 0.62512200 0.49987800
vt 0.50009200 0.49987800
vt 0.50009200 0.49987800
vt 0.62512200 0.25006100
vt 0.62512200 0.37509200
vt 0.62512200 0.25006100
vt 0.62512200 0.25006100
vt 0.62512200 0.37509200
vt 0.62512200 0.49987800
vt 0.62512200 0.49987800
vt 0.62512200 0.49987800
vt 0.62512200 0.37509200
vt 0.50009200 0.25006100
vt 0.50009200 0.25006100
vt 0.62512200 0.25006100
vt 0.62512200 0.25006100
vt 0.62512200 0.49987800
vt 0.50009200 0.49987800
vt 0.62512200 0.49987800
vt 0.62512200 0.25006100
vt 0.62512200 0.25006100
vt 0.62512200 0.25006100
vt 0.62512200 0.37509200
vt 0.62512200 0.37509200
vt 0.62512200 0.49987800
vt 0.62512200 0.49987800
vt 0.62512200 0.37509200
vt 0.50009200 0.25006100
vt 0.62512200 0.25006100
vt 0.62512200 0.25006100
vt 0.74990800 0.00000000
vt 0.74990800 0.00073300
vt 0.62512200 0.00000000
vt 0.62512200 0.00073300
vt 0.74990800 0.04224700
vt 0.62512200 0.04224700
vt 0.74990800 0.04664200
vt 0.62512200 0.04664200
vt 0.74990800 0.08302800
vt 0.62512200 0.08302800
vt 0.74990800 0.08717900
vt 0.62512200 0.08717900
vt 0.74990800 0.12503000
vt 0.62512200 0.12503000
vt 0.62512200 0.25006100
vt 0.74990800 0.25006100
vt 0.87493900 0.25006100
vt 0.87493900 0.12503000
vt 0.87493900 0.08717900
vt 0.87493900 0.08302800
vt 0.87493900 0.04664200
vt 0.87493900 0.04224700
vt 0.87493900 0.00073300
vt 0.87493900 0.00000000
vt 0.50009200 0.74993900
vt 0.50009200 0.74920600
vt 0.62512200 0.74993900
vt 0.62512200 0.74920600
vt 0.50009200 0.70769200
vt 0.62512200 0.70769200
vt 0.50009200 0.70329700
vt 0.62512200 0.70329700
vt 0.50009200 0.66691100
vt 0.62512200 0.66691100
vt 0.50009200 0.66275900
vt 0.62512200 0.66275900
vt 0.50009200 0.62490800
vt 0.62512200 0.62490800
vt 0.50009200 0.49987800
vt 0.62512200 0.49987800
vt 0.50009200 0.25006100
vt 0.50009200 0.12503000
vt 0.62512200 0.25006100
vt 0.62512200 0.12503000
vt 0.50009200 0.08717900
vt 0.62512200 0.08717900
vt 0.50009200 0.08302800
vt 0.62512200 0.08302800
vt 0.50009200 0.04664200
vt 0.62512200 0.04664200
vt 0.50009200 0.04224700
vt 0.62512200 0.04224700
vt 0.50009200 0.00073300
vt 0.62512200 0.00073300
vt 0.50009200 0.00000000
vt 0.62512200 0.00000000
vt 0.56260700 0.39877900
vt 0.56260700 0.39877900
vt 0.50009200 0.39877900
vt 0.50009200 0.39877900
vt 0.50009200 0.37509200
vt 0.50009200 0.37509200
vt 0.56260700 0.37509200
vt 0.56260700 0.37509200
vt 0.50009200 0.39877900
vt 0.50009200 0.39877900
vt 0.50009200 0.37509200
vt 0.50009200 0.37509200
vt 0.50009200 0.39877900
vt 0.50009200 0.37509200
vt 0.56260700 0.37509200
vt 0.56260700 0.37509200
vt 0.56260700 0.39877900
vt 0.56260700 0.39877900
vt 0.56260700 0.37509200
vt 0.56260700 0.39877900
vt 0.21022600 0.06251500
vt 0.21022600 0.06251500
vt 0.21022600 0.06251500
vt 0.21022600 0.06251500
vt 0.21022600 0.06251500
vt 0.21022600 0.06251500
vt 0.21022600 0.09328400
vt 0.21022600 0.07863200
vt 0.21022600 0.09328400
vt 0.21022600 0.07863200
vt 0.21022600 0.06251500
vt 0.21022600 0.06251500
vt 0.21022600 0.09328400
vt 0.21022600 0.09328400
vt 0.21022600 0.09328400
vt 0.21022600 0.09328400
vt 0.21022600 0.09328400
vt 0.21022600 0.09328400
vt 0.21022600 0.09328400
vt 0.21022600 0.09328400
vt 0.21022600 0.07863200
vt 0.21022600 0.07863200
vt 0.21022600 0.06251500
vt 0.21022600 0.06251500
vt 0.21022600 0.09328400
vt 0.21022600 0.09328400
vt 0.21022600 0.07863200
vt 0.21022600 0.07863200
vt 0.21022600 0.06251500
vt 0.21022600 0.06251500
vt 0.21022600 0.09328400
vt 0.21022600 0.09328400
vt 0.21022600 0.09328400
vt 0.21022600 0.06251500
vt 0.21022600 0.07863200
vt 0.21022600 0.06251500
vt 0.21022600 0.07863200
vt 0.21022600 0.09328400
vt 0.21022600 0.09328400
vt 0.21022600 0.09328400
vt 0.21022600 0.07863200
vt 0.21022600 0.07863200
vt 0.21022600 0.06251500
vt 0.21022600 0.06251500
vt 0.21022600 0.06251500
vt 0.21022600 0.06251500
vt 0.21022600 0.07863200
vt 0.21022600 0.06251500
vt 0.21022600 0.07863200
vt 0.21022600 0.06251500
vt 0.21022600 0.07863200
vt 0.21022600 0.06251500
vt 0.21022600 0.07863200
vt 0.21022600 0.09328400
vt 0.21022600 0.09328400
vt 0.21022600 0.09328400
vt 0.21022600 0.09328400
vt 0.21022600 0.09328400
vt 0.21022600 0.09328400
vt 0.21022600 0.09328400
vt 0.21022600 0.09328400
vt 0.21022600 0.09328400
vt 0.21022600 0.09328400
vt 0.21022600 0.09328400
vt 0.21022600 0.09328400
vt 0.21242400 0.09328400
vt 0.21242400 0.09328400
vt 0.21022600 0.06251500
vt 0.21022600 0.06251500
vt 0.21022600 0.06251500
vt 0.21022600 0.06251500
vt 0.21022600 0.06251500
vt 0.21022600 0.06251500
vt 0.21022600 0.06251500
vt 0.21022600 0.06251500
vt 0.21022600 0.06251500
vt 0.21242400 0.06251500
vt 0.21242400 0.06251500
vt 0.21022600 0.06251500
vt 0.21022600 0.07863200
vt 0.21022600 0.06251500
vt 0.21022600 0.07863200
vt 0.21022600 0.06251500
vt 0.21022600 0.07863200
vt 0.21022600 0.09328400
vt 0.21022600 0.09328400
vt 0.21022600 0.09328400
vt 0.21022600 0.18754600
vt 0.21242400 0.18754600
vt 0.21022600 0.18754600
vt 0.21242400 0.18754600
vt 0.21022600 0.06251500
vt 0.21242400 0.06251500
vt 0.21022600 0.06251500
vt 0.21242400 0.06251500
vt 0.21242400 0.06251500
vt 0.21022600 0.06251500
vt 0.21242400 0.06251500
vt 0.21022600 0.06251500
vt 0.21022600 0.18754600
vt 0.21242400 0.18754600
vt 0.21022600 0.18754600
vt 0.21242400 0.18754600
vt 0.21242400 0.06251500
vt 0.21242400 0.07863200
vt 0.21242400 0.07863200
vt 0.21242400 0.09328400
vt 0.21242400 0.18754600
vt 0.21242400 0.18754600
vt 0.21242400 0.18754600
vt 0.21242400 0.18754600
vt 0.21242400 0.12503000
vt 0.21242400 0.12503000
vt 0.21242400 0.09328400
vt 0.21242400 0.09328400
vt 0.21242400 0.07863200
vt 0.21242400 0.06251500
vt 0.21242400 0.06251500
vt 0.21242400 0.06251500
vt 0.21242400 0.06251500
vt 0.21242400 0.06251500
vt 0.21022600 0.06251500
vt 0.21242400 0.06251500
vt 0.21022600 0.06251500
vt 0.21022600 0.18754600
vt 0.21022600 0.18754600
vt 0.21022600 0.18754600
vt 0.21022600 0.18754600
vt 0.21022600 0.12503000
vt 0.21022600 0.12503000
vt 0.21022600 0.09328400
vt 0.21022600 0.09328400
vt 0.21022600 0.07863200
vt 0.21022600 0.07863200
vt 0.21022600 0.06251500
vt 0.21022600 0.06251500
vt 0.21022600 0.06251500
vt 0.21022600 0.06251500
vt 0.21022600 0.18754600
vt 0.21242400 0.18754600
vt 0.21022600 0.18754600
vt 0.21242400 0.18754600
vt 0.21242400 0.12503000
vt 0.21022600 0.12503000
vt 0.21022600 0.09328400
vt 0.21242400 0.09328400
vt 0.21242400 0.09328400
vt 0.21242400 0.07863200
vt 0.21022600 0.09328400
vt 0.21022600 0.07863200
vt 0.21022600 0.06251500
vt 0.21242400 0.06251500
vt 0.37506100 0.74676400
vt 0.37506100 0.74993900
vt 0.37506100 0.74676400
vt 0.37506100 0.74993900
vt 0.62512200 0.74993900
vt 0.62512200 0.74676400
vt 0.62512200 0.74993900
vt 0.62512200 0.74676400
vt 0.37506100 0.74676400
vt 0.50009200 0.74676400
vt 0.37506100 0.74676400
vt 0.50009200 0.74676400
vt 0.62512200 0.74676400
vt 0.62512200 0.74676400
vt 0.87493900 0.25006100
vt 0.87493900 0.24713100
vt 0.87493900 0.25006100
vt 0.87493900 0.24713100
vt 0.87493900 0.25006100
vt 0.87493900 0.25006100
vt 0.87493900 0.25006100
vt 0.87493900 0.25006100
vt 0.87493900 0.25006100
vt 0.87493900 0.25006100
vt 0.87493900 0.25006100
vt 0.87493900 0.25006100
vt 0.62512200 0.25006100
vt 0.74990800 0.25006100
vt 0.62512200 0.25006100
vt 0.74990800 0.25006100
vt 0.87493900 0.25006100
vt 0.87493900 0.24713100
vt 0.87493900 0.25006100
vt 0.87493900 0.24713100
vt 0.62512200 0.24713100
vt 0.74990800 0.24713100
vt 0.62512200 0.24713100
vt 0.74990800 0.24713100
vt 0.87493900 0.24713100
vt 0.87493900 0.24713100
vt 0.87493900 0.24713100
vt 0.87493900 0.24713100
vt 0.87493900 0.24713100
vt 0.87493900 0.24713100
vt 0.87493900 0.24713100
vt 0.87493900 0.24713100
vt 0.87493900 0.00000000
vt 0.74990800 0.00000000
vt 0.87493900 0.00317500
vt 0.74990800 0.00317500
vt 0.62512200 0.00000000
vt 0.62512200 0.00317500
vt 0.62512200 0.00000000
vt 0.50009200 0.00000000
vt 0.62512200 0.00317500
vt 0.50009200 0.00317500
vt 0.37506100 0.00000000
vt 0.37506100 0.00317500
vt 0.37506100 0.00000000
vt 0.25003100 0.00000000
vt 0.37506100 0.00317500
vt 0.25003100 0.00317500
vt 0.12500000 0.00000000
vt 0.12500000 0.00317500
vt 0.37506100 0.24713100
vt 0.25003100 0.24713100
vt 0.37506100 0.25006100
vt 0.25003100 0.25006100
vt 0.12500000 0.24713100
vt 0.12500000 0.25006100
vt 0.62512200 0.25006100
vt 0.74990800 0.25006100
vt 0.62512200 0.24713100
vt 0.74990800 0.24713100
vt 0.87493900 0.25006100
vt 0.87493900 0.24713100
vt 0.87493900 0.25006100
vt 0.87493900 0.24713100
vt 0.87493900 0.25006100
vt 0.87493900 0.24713100
vt 0.87493900 0.25006100
vt 0.87493900 0.24713100
vt 0.37506100 0.74993900
vt 0.50009200 0.87496900
vt 0.50009200 0.74993900
vt 0.62512200 0.74993900
vt 0.50009200 0.74993900
vt 0.62512200 0.74993900
vt 0.62512200 0.87496900
vt 0.62512200 1.00000000
vt 0.50009200 1.00000000
vt 0.37506100 1.00000000
vt 0.37506100 0.87496900
vt 0.62512200 0.49987800
vt 0.50009200 0.49987800
vt 0.62512200 0.50280800
vt 0.50009200 0.50280800
vt 0.37506100 0.49987800
vt 0.37506100 0.50280800
vt 0.37506100 0.25006100
vt 0.50009200 0.37509200
vt 0.50009200 0.25006100
vt 0.62512200 0.25006100
vt 0.62512200 0.37509200
vt 0.62512200 0.49987800
vt 0.50009200 0.49987800
vt 0.37506100 0.49987800
vt 0.37506100 0.37509200
vt 0.62512200 0.25006100
vt 0.62512200 0.24713100
vt 0.62512200 0.25006100
vt 0.62512200 0.24713100
vt 0.50009200 0.24713100
vt 0.50009200 0.25006100
vt 0.37506100 0.24713100
vt 0.37506100 0.25006100
vt 0.87493900 0.00000000
vt 0.74990800 0.00000000
vt 0.87493900 0.00317500
vt 0.74990800 0.00317500
vt 0.62512200 0.00000000
vt 0.62512200 0.00317500
vt 0.37506100 0.00000000
vt 0.25003100 0.00000000
vt 0.37506100 0.00317500
vt 0.25003100 0.00317500
vt 0.12500000 0.00000000
vt 0.12500000 0.00317500
vt 0.37506100 0.74993900
vt 0.50009200 0.74993900
vt 0.37506100 0.74676400
vt 0.50009200 0.74676400
vt 0.62512200 0.74676400
vt 0.62512200 0.74993900
vt 0.37506100 0.24713100
vt 0.25003100 0.24713100
vt 0.37506100 0.25006100
vt 0.25003100 0.25006100
vt 0.12500000 0.24713100
vt 0.12500000 0.25006100
vt 0.37506100 0.74993900
vt 0.50009200 0.87496900
vt 0.50009200 0.74993900
vt 0.62512200 0.74993900
vt 0.62512200 0.87496900
vt 0.62512200 1.00000000
vt 0.50009200 1.00000000
vt 0.37506100 1.00000000
vt 0.37506100 0.87496900
vt 0.62512200 0.49987800
vt 0.50009200 0.49987800
vt 0.62512200 0.50280800
vt 0.50009200 0.50280800
vt 0.37506100 0.49987800
vt 0.37506100 0.50280800
vt 0.37506100 0.25006100
vt 0.50009200 0.37509200
vt 0.50009200 0.25006100
vt 0.62512200 0.25006100
vt 0.62512200 0.37509200
vt 0.62512200 0.49987800
vt 0.50009200 0.49987800
vt 0.37506100 0.49987800
vt 0.37506100 0.37509200
vt 0.62512200 0.24713100
vt 0.50009200 0.24713100
vt 0.62512200 0.25006100
vt 0.50009200 0.25006100
vt 0.37506100 0.24713100
vt 0.37506100 0.25006100
vt 0.56260700 0.84957300
vt 0.56260700 0.84957300
vt 0.56260700 0.85006100
vt 0.56260700 0.85006100
vt 0.56260700 0.85006100
vt 0.56260700 0.84957300
vt 0.56260700 0.84908400
vt 0.56260700 0.84908400
vt 0.56260700 0.84908400
vt 0.56260700 0.84786300
vt 0.56260700 0.84908400
vt 0.56260700 0.84957300
vt 0.56260700 0.85006100
vt 0.56260700 0.85128200
vt 0.56260700 0.85128200
vt 0.56260700 0.85128200
vt 0.56260700 0.85128200
vt 0.56260700 0.85128200
vt 0.56260700 0.85006100
vt 0.56260700 0.84957300
vt 0.56260700 0.84908400
vt 0.56260700 0.84786300
vt 0.56260700 0.84786300
vt 0.56260700 0.84786300
vt 0.56260700 0.84786300
vt 0.43757600 0.84908400
vt 0.43757600 0.84957300
vt 0.43757600 0.84908400
vt 0.43757600 0.84957300
vt 0.43757600 0.85006100
vt 0.43757600 0.85006100
vt 0.43757600 0.85006100
vt 0.43757600 0.84957300
vt 0.43757600 0.84908400
vt 0.43757600 0.84786300
vt 0.43757600 0.84908400
vt 0.43757600 0.84786300
vt 0.43757600 0.84786300
vt 0.43757600 0.84786300
vt 0.43757600 0.84786300
vt 0.43757600 0.84908400
vt 0.43757600 0.84957300
vt 0.43757600 0.85006100
vt 0.43757600 0.85128200
vt 0.43757600 0.85128200
vt 0.43757600 0.85128200
vt 0.43757600 0.85128200
vt 0.43757600 0.85128200
vt 0.43757600 0.85006100
vt 0.43757600 0.84957300
vt 0.56260700 0.85128200
vt 0.56260700 0.85128200
vt 0.56260700 0.85006100
vt 0.56260700 0.85006100
vt 0.56260700 0.84932800
vt 0.56260700 0.84957300
vt 0.56260700 0.84908400
vt 0.56260700 0.84786300
vt 0.56260700 0.84786300
vt 0.43757600 0.85128200
vt 0.43757600 0.85006100
vt 0.43757600 0.85128200
vt 0.43757600 0.85006100
vt 0.43757600 0.84957300
vt 0.43757600 0.84957300
vt 0.43757600 0.84908400
vt 0.43757600 0.84908400
vt 0.43757600 0.84786300
vt 0.43757600 0.84786300
vt 0.56260700 0.85128200
vt 0.56260700 0.85128200
vt 0.56260700 0.85128200
vt 0.56260700 0.85128200
vt 0.56260700 0.85128200
vt 0.56260700 0.85128200
vt 0.56260700 0.85128200
vt 0.56260700 0.85128200
vt 0.56260700 0.85128200
vt 0.56260700 0.85128200
vt 0.50009200 0.85128200
vt 0.50009200 0.85128200
vt 0.43757600 0.85128200
vt 0.43757600 0.85128200
vt 0.43757600 0.85128200
vt 0.43757600 0.85128200
vt 0.43757600 0.85128200
vt 0.43757600 0.85128200
vt 0.43757600 0.85128200
vt 0.43757600 0.85128200
vt 0.43757600 0.85128200
vt 0.43757600 0.85128200
vt 0.43757600 0.84786300
vt 0.43757600 0.84786300
vt 0.43757600 0.84786300
vt 0.43757600 0.84786300
vt 0.43757600 0.84786300
vt 0.43757600 0.84786300
vt 0.43757600 0.84786300
vt 0.43757600 0.84786300
vt 0.43757600 0.84786300
vt 0.43757600 0.84786300
vt 0.56260700 0.84786300
vt 0.56260700 0.84786300
vt 0.56260700 0.84786300
vt 0.56260700 0.84786300
vt 0.56260700 0.84786300
vt 0.56260700 0.84786300
vt 0.56260700 0.84786300
vt 0.56260700 0.84786300
vt 0.56260700 0.84786300
vt 0.56260700 0.84786300
vt 0.50009200 0.84786300
vt 0.50009200 0.84786300
vt 0.43757600 0.84908400
vt 0.43757600 0.84908400
vt 0.43757600 0.84957300
vt 0.43757600 0.85006100
vt 0.43757600 0.85006100
vt 0.56260700 0.85006100
vt 0.56260700 0.85006100
vt 0.56260700 0.84957300
vt 0.56260700 0.85006100
vt 0.56260700 0.85128200
vt 0.56260700 0.85006100
vt 0.56260700 0.85128200
vt 0.56260700 0.85006100
vt 0.56260700 0.85128200
vt 0.56260700 0.85128200
vt 0.56260700 0.85128200
vt 0.50009200 0.85006100
vt 0.50009200 0.85128200
vt 0.43757600 0.85128200
vt 0.43757600 0.85128200
vt 0.43757600 0.85128200
vt 0.43757600 0.85128200
vt 0.43757600 0.85006100
vt 0.43757600 0.85006100
vt 0.43757600 0.85128200
vt 0.43757600 0.85006100
vt 0.43757600 0.84957300
vt 0.43757600 0.84908400
vt 0.43757600 0.84786300
vt 0.43757600 0.84908400
vt 0.43757600 0.84786300
vt 0.43757600 0.84908400
vt 0.43757600 0.84786300
vt 0.43757600 0.84786300
vt 0.43757600 0.84786300
vt 0.56260700 0.84786300
vt 0.56260700 0.84908400
vt 0.56260700 0.84786300
vt 0.56260700 0.84932800
vt 0.56260700 0.84786300
vt 0.56260700 0.84908400
vt 0.56260700 0.84786300
vt 0.56260700 0.84932800
vt 0.56260700 0.84957300
vt 0.56260700 0.84908400
vt 0.56260700 0.84786300
vt 0.50009200 0.84786300
vt 0.50009200 0.84908400
vt 0.50009200 0.81050100
vt 0.50009200 0.81245400
vt 0.50009200 0.81050100
vt 0.50009200 0.81245400
vt 0.50009200 0.81050100
vt 0.50009200 0.81245400
vt 0.50009200 0.81245400
vt 0.56260700 0.81245400
vt 0.50009200 0.81245400
vt 0.56260700 0.81245400
vt 0.50009200 0.81245400
vt 0.56260700 0.81245400
vt 0.56260700 0.81245400
vt 0.56260700 0.81050100
vt 0.56260700 0.81245400
vt 0.56260700 0.81050100
vt 0.56260700 0.81245400
vt 0.56260700 0.81050100
vt 0.56260700 0.81050100
vt 0.50009200 0.81050100
vt 0.56260700 0.81050100
vt 0.50009200 0.81050100
vt 0.56260700 0.81050100
vt 0.50009200 0.81050100
vt 0.50009200 0.74993900
vt 0.50009200 0.75164800
vt 0.50009200 0.74993900
vt 0.50009200 0.75164800
vt 0.50009200 0.74993900
vt 0.50009200 0.75164800
vt 0.50009200 0.75164800
vt 0.56260700 0.75164800
vt 0.50009200 0.75164800
vt 0.56260700 0.75164800
vt 0.50009200 0.75164800
vt 0.56260700 0.75164800
vt 0.56260700 0.75164800
vt 0.56260700 0.74993900
vt 0.56260700 0.75164800
vt 0.56260700 0.74993900
vt 0.56260700 0.75164800
vt 0.56260700 0.74993900
vt 0.50009200 0.43760700
vt 0.50009200 0.43931600
vt 0.50009200 0.43760700
vt 0.50009200 0.43931600
vt 0.50009200 0.43760700
vt 0.50009200 0.43931600
vt 0.50009200 0.43931600
vt 0.56260700 0.43931600
vt 0.50009200 0.43931600
vt 0.56260700 0.43931600
vt 0.50009200 0.43931600
vt 0.56260700 0.43931600
vt 0.56260700 0.43931600
vt 0.56260700 0.43760700
vt 0.56260700 0.43931600
vt 0.56260700 0.43760700
vt 0.56260700 0.43931600
vt 0.56260700 0.43760700
vt 0.56260700 0.43760700
vt 0.50009200 0.43760700
vt 0.56260700 0.43760700
vt 0.50009200 0.43760700
vt 0.56260700 0.43760700
vt 0.50009200 0.43760700
vt 0.50009200 0.49816800
vt 0.50009200 0.49987800
vt 0.50009200 0.49816800
vt 0.50009200 0.49987800
vt 0.50009200 0.49816800
vt 0.50009200 0.49987800
vt 0.56260700 0.49987800
vt 0.56260700 0.49816800
vt 0.56260700 0.49987800
vt 0.56260700 0.49816800
vt 0.56260700 0.49987800
vt 0.56260700 0.49816800
vt 0.56260700 0.49816800
vt 0.50009200 0.49816800
vt 0.56260700 0.49816800
vt 0.50009200 0.49816800
vt 0.56260700 0.49816800
vt 0.50009200 0.49816800
vt 0.56260700 0.56239300
vt 0.50009200 0.56239300
vt 0.56260700 0.62490800
vt 0.50009200 0.62490800
vt 0.56260700 0.65689900
vt 0.50009200 0.65689900
vt 0.56260700 0.67155100
vt 0.50009200 0.67155100
vt 0.56260700 0.68742400
vt 0.50009200 0.68742400
vt 0.43757600 0.68742400
vt 0.43757600 0.67155100
vt 0.43757600 0.65689900
vt 0.43757600 0.62490800
vt 0.43757600 0.56239300
vt 0.37506100 0.49987800
vt 0.43757600 0.49987800
vt 0.50009200 0.49987800
vt 0.56260700 0.49987800
vt 0.50009200 0.49987800
vt 0.56260700 0.49987800
vt 0.50009200 0.49987800
vt 0.56260700 0.49987800
vt 0.62512200 0.49987800
vt 0.62512200 0.56239300
vt 0.62512200 0.62490800
vt 0.62512200 0.65689900
vt 0.62512200 0.67155100
vt 0.62512200 0.68742400
vt 0.62512200 0.74993900
vt 0.56260700 0.74993900
vt 0.50009200 0.74993900
vt 0.56260700 0.74993900
vt 0.50009200 0.74993900
vt 0.56260700 0.74993900
vt 0.50009200 0.74993900
vt 0.43757600 0.74993900
vt 0.37506100 0.74993900
vt 0.37506100 0.68742400
vt 0.37506100 0.67155100
vt 0.37506100 0.65689900
vt 0.37506100 0.62490800
vt 0.37506100 0.56239300
vt 0.37506100 0.74676400
vt 0.37506100 0.74993900
vt 0.37506100 0.74676400
vt 0.37506100 0.74993900
vt 0.62512200 0.74993900
vt 0.62512200 0.74676400
vt 0.62512200 0.74993900
vt 0.62512200 0.74676400
vt 0.37506100 0.74676400
vt 0.50009200 0.74676400
vt 0.37506100 0.74676400
vt 0.50009200 0.74676400
vt 0.62512200 0.74676400
vt 0.62512200 0.74676400
vt 0.87493900 0.25006100
vt 0.87493900 0.24713100
vt 0.87493900 0.25006100
vt 0.87493900 0.24713100
vt 0.87493900 0.25006100
vt 0.87493900 0.25006100
vt 0.87493900 0.25006100
vt 0.87493900 0.25006100
vt 0.87493900 0.25006100
vt 0.87493900 0.25006100
vt 0.87493900 0.25006100
vt 0.87493900 0.25006100
vt 0.62512200 0.25006100
vt 0.74990800 0.25006100
vt 0.62512200 0.25006100
vt 0.74990800 0.25006100
vt 0.87493900 0.25006100
vt 0.87493900 0.24713100
vt 0.87493900 0.25006100
vt 0.87493900 0.24713100
vt 0.62512200 0.24713100
vt 0.74990800 0.24713100
vt 0.62512200 0.24713100
vt 0.74990800 0.24713100
vt 0.87493900 0.24713100
vt 0.87493900 0.24713100
vt 0.87493900 0.24713100
vt 0.87493900 0.24713100
vt 0.87493900 0.24713100
vt 0.87493900 0.24713100
vt 0.87493900 0.24713100
vt 0.87493900 0.24713100
vt 0.87493900 0.00000000
vt 0.74990800 0.00000000
vt 0.87493900 0.00317500
vt 0.74990800 0.00317500
vt 0.62512200 0.00000000
vt 0.62512200 0.00317500
vt 0.62512200 0.00000000
vt 0.50009200 0.00000000
vt 0.62512200 0.00317500
vt 0.50009200 0.00317500
vt 0.37506100 0.00000000
vt 0.37506100 0.00317500
vt 0.37506100 0.00000000
vt 0.25003100 0.00000000
vt 0.37506100 0.00317500
vt 0.25003100 0.00317500
vt 0.12500000 0.00000000
vt 0.12500000 0.00317500
vt 0.37506100 0.24713100
vt 0.25003100 0.24713100
vt 0.37506100 0.25006100
vt 0.25003100 0.25006100
vt 0.12500000 0.24713100
vt 0.12500000 0.25006100
vt 0.62512200 0.25006100
vt 0.74990800 0.25006100
vt 0.62512200 0.24713100
vt 0.74990800 0.24713100
vt 0.87493900 0.25006100
vt 0.87493900 0.24713100
vt 0.87493900 0.25006100
vt 0.87493900 0.24713100
vt 0.87493900 0.25006100
vt 0.87493900 0.24713100
vt 0.87493900 0.25006100
vt 0.87493900 0.24713100
vt 0.37506100 0.74993900
vt 0.50009200 0.87496900
vt 0.50009200 0.74993900
vt 0.62512200 0.74993900
vt 0.50009200 0.74993900
vt 0.62512200 0.74993900
vt 0.62512200 0.87496900
vt 0.62512200 1.00000000
vt 0.50009200 1.00000000
vt 0.37506100 1.00000000
vt 0.37506100 0.87496900
vt 0.62512200 0.49987800
vt 0.50009200 0.49987800
vt 0.62512200 0.50280800
vt 0.50009200 0.50280800
vt 0.37506100 0.49987800
vt 0.37506100 0.50280800
vt 0.37506100 0.25006100
vt 0.50009200 0.37509200
vt 0.50009200 0.25006100
vt 0.62512200 0.25006100
vt 0.62512200 0.37509200
vt 0.62512200 0.49987800
vt 0.50009200 0.49987800
vt 0.37506100 0.49987800
vt 0.37506100 0.37509200
vt 0.62512200 0.25006100
vt 0.62512200 0.24713100
vt 0.62512200 0.25006100
vt 0.62512200 0.24713100
vt 0.50009200 0.24713100
vt 0.50009200 0.25006100
vt 0.37506100 0.24713100
vt 0.37506100 0.25006100
vt 0.87493900 0.00000000
vt 0.74990800 0.00000000
vt 0.87493900 0.00317500
vt 0.74990800 0.00317500
vt 0.62512200 0.00000000
vt 0.62512200 0.00317500
vt 0.37506100 0.00000000
vt 0.25003100 0.00000000
vt 0.37506100 0.00317500
vt 0.25003100 0.00317500
vt 0.12500000 0.00000000
vt 0.12500000 0.00317500
vt 0.37506100 0.74993900
vt 0.50009200 0.74993900
vt 0.37506100 0.74676400
vt 0.50009200 0.74676400
vt 0.62512200 0.74676400
vt 0.62512200 0.74993900
vt 0.37506100 0.24713100
vt 0.25003100 0.24713100
vt 0.37506100 0.25006100
vt 0.25003100 0.25006100
vt 0.12500000 0.24713100
vt 0.12500000 0.25006100
vt 0.37506100 0.74993900
vt 0.50009200 0.87496900
vt 0.50009200 0.74993900
vt 0.62512200 0.74993900
vt 0.62512200 0.87496900
vt 0.62512200 1.00000000
vt 0.50009200 1.00000000
vt 0.37506100 1.00000000
vt 0.37506100 0.87496900
vt 0.62512200 0.49987800
vt 0.50009200 0.49987800
vt 0.62512200 0.50280800
vt 0.50009200 0.50280800
vt 0.37506100 0.49987800
vt 0.37506100 0.50280800
vt 0.37506100 0.25006100
vt 0.50009200 0.37509200
vt 0.50009200 0.25006100
vt 0.62512200 0.25006100
vt 0.62512200 0.37509200
vt 0.62512200 0.49987800
vt 0.50009200 0.49987800
vt 0.37506100 0.49987800
vt 0.37506100 0.37509200
vt 0.62512200 0.24713100
vt 0.50009200 0.24713100
vt 0.62512200 0.25006100
vt 0.50009200 0.25006100
vt 0.37506100 0.24713100
vt 0.37506100 0.25006100
vt 0.37506100 0.74676400
vt 0.37506100 0.74993900
vt 0.37506100 0.74676400
vt 0.37506100 0.74993900
vt 0.62512200 0.74993900
vt 0.62512200 0.74676400
vt 0.62512200 0.74993900
vt 0.62512200 0.74676400
vt 0.37506100 0.74676400
vt 0.50009200 0.74676400
vt 0.37506100 0.74676400
vt 0.50009200 0.74676400
vt 0.62512200 0.74676400
vt 0.62512200 0.74676400
vt 0.87493900 0.25006100
vt 0.87493900 0.24713100
vt 0.87493900 0.25006100
vt 0.87493900 0.24713100
vt 0.87493900 0.25006100
vt 0.87493900 0.25006100
vt 0.87493900 0.25006100
vt 0.87493900 0.25006100
vt 0.87493900 0.25006100
vt 0.87493900 0.25006100
vt 0.87493900 0.25006100
vt 0.87493900 0.25006100
vt 0.62512200 0.25006100
vt 0.74990800 0.25006100
vt 0.62512200 0.25006100
vt 0.74990800 0.25006100
vt 0.87493900 0.25006100
vt 0.87493900 0.24713100
vt 0.87493900 0.25006100
vt 0.87493900 0.24713100
vt 0.62512200 0.24713100
vt 0.74990800 0.24713100
vt 0.62512200 0.24713100
vt 0.74990800 0.24713100
vt 0.87493900 0.24713100
vt 0.87493900 0.24713100
vt 0.87493900 0.24713100
vt 0.87493900 0.24713100
vt 0.87493900 0.24713100
vt 0.87493900 0.24713100
vt 0.87493900 0.24713100
vt 0.87493900 0.24713100
vt 0.87493900 0.00000000
vt 0.74990800 0.00000000
vt 0.87493900 0.00317500
vt 0.74990800 0.00317500
vt 0.62512200 0.00000000
vt 0.62512200 0.00317500
vt 0.62512200 0.00000000
vt 0.50009200 0.00000000
vt 0.62512200 0.00317500
vt 0.50009200 0.00317500
vt 0.37506100 0.00000000
vt 0.37506100 0.00317500
vt 0.37506100 0.00000000
vt 0.25003100 0.00000000
vt 0.37506100 0.00317500
vt 0.25003100 0.00317500
vt 0.12500000 0.00000000
vt 0.12500000 0.00317500
vt 0.37506100 0.24713100
vt 0.25003100 0.24713100
vt 0.37506100 0.25006100
vt 0.25003100 0.25006100
vt 0.12500000 0.24713100
vt 0.12500000 0.25006100
vt 0.62512200 0.25006100
vt 0.74990800 0.25006100
vt 0.62512200 0.24713100
vt 0.74990800 0.24713100
vt 0.87493900 0.25006100
vt 0.87493900 0.24713100
vt 0.87493900 0.25006100
vt 0.87493900 0.24713100
vt 0.87493900 0.25006100
vt 0.87493900 0.24713100
vt 0.87493900 0.25006100
vt 0.87493900 0.24713100
vt 0.37506100 0.74993900
vt 0.50009200 0.87496900
vt 0.50009200 0.74993900
vt 0.62512200 0.74993900
vt 0.50009200 0.74993900
vt 0.62512200 0.74993900
vt 0.62512200 0.87496900
vt 0.62512200 1.00000000
vt 0.50009200 1.00000000
vt 0.37506100 1.00000000
vt 0.37506100 0.87496900
vt 0.62512200 0.49987800
vt 0.50009200 0.49987800
vt 0.62512200 0.50280800
vt 0.50009200 0.50280800
vt 0.37506100 0.49987800
vt 0.37506100 0.50280800
vt 0.37506100 0.25006100
vt 0.50009200 0.37509200
vt 0.50009200 0.25006100
vt 0.62512200 0.25006100
vt 0.62512200 0.37509200
vt 0.62512200 0.49987800
vt 0.50009200 0.49987800
vt 0.37506100 0.49987800
vt 0.37506100 0.37509200
vt 0.62512200 0.25006100
vt 0.62512200 0.24713100
vt 0.62512200 0.25006100
vt 0.62512200 0.24713100
vt 0.50009200 0.24713100
vt 0.50009200 0.25006100
vt 0.37506100 0.24713100
vt 0.37506100 0.25006100
vt 0.87493900 0.00000000
vt 0.74990800 0.00000000
vt 0.87493900 0.00317500
vt 0.74990800 0.00317500
vt 0.62512200 0.00000000
vt 0.62512200 0.00317500
vt 0.37506100 0.00000000
vt 0.25003100 0.00000000
vt 0.37506100 0.00317500
vt 0.25003100 0.00317500
vt 0.12500000 0.00000000
vt 0.12500000 0.00317500
vt 0.37506100 0.74993900
vt 0.50009200 0.74993900
vt 0.37506100 0.74676400
vt 0.50009200 0.74676400
vt 0.62512200 0.74676400
vt 0.62512200 0.74993900
vt 0.37506100 0.24713100
vt 0.25003100 0.24713100
vt 0.37506100 0.25006100
vt 0.25003100 0.25006100
vt 0.12500000 0.24713100
vt 0.12500000 0.25006100
vt 0.37506100 0.74993900
vt 0.50009200 0.87496900
vt 0.50009200 0.74993900
vt 0.62512200 0.74993900
vt 0.62512200 0.87496900
vt 0.62512200 1.00000000
vt 0.50009200 1.00000000
vt 0.37506100 1.00000000
vt 0.37506100 0.87496900
vt 0.62512200 0.49987800
vt 0.50009200 0.49987800
vt 0.62512200 0.50280800
vt 0.50009200 0.50280800
vt 0.37506100 0.49987800
vt 0.37506100 0.50280800
vt 0.37506100 0.25006100
vt 0.50009200 0.37509200
vt 0.50009200 0.25006100
vt 0.62512200 0.25006100
vt 0.62512200 0.37509200
vt 0.62512200 0.49987800
vt 0.50009200 0.49987800
vt 0.37506100 0.49987800
vt 0.37506100 0.37509200
vt 0.62512200 0.24713100
vt 0.50009200 0.24713100
vt 0.62512200 0.25006100
vt 0.50009200 0.25006100
vt 0.37506100 0.24713100
vt 0.37506100 0.25006100
vt 0.37506100 0.74676400
vt 0.37506100 0.74993900
vt 0.37506100 0.74676400
vt 0.37506100 0.74993900
vt 0.62512200 0.74993900
vt 0.62512200 0.74676400
vt 0.62512200 0.74993900
vt 0.62512200 0.74676400
vt 0.37506100 0.74676400
vt 0.50009200 0.74676400
vt 0.37506100 0.74676400
vt 0.50009200 0.74676400
vt 0.62512200 0.74676400
vt 0.62512200 0.74676400
vt 0.87493900 0.25006100
vt 0.87493900 0.24713100
vt 0.87493900 0.25006100
vt 0.87493900 0.24713100
vt 0.87493900 0.25006100
vt 0.87493900 0.25006100
vt 0.87493900 0.25006100
vt 0.87493900 0.25006100
vt 0.87493900 0.25006100
vt 0.87493900 0.25006100
vt 0.87493900 0.25006100
vt 0.87493900 0.25006100
vt 0.62512200 0.25006100
vt 0.74990800 0.25006100
vt 0.62512200 0.25006100
vt 0.74990800 0.25006100
vt 0.87493900 0.25006100
vt 0.87493900 0.24713100
vt 0.87493900 0.25006100
vt 0.87493900 0.24713100
vt 0.62512200 0.24713100
vt 0.74990800 0.24713100
vt 0.62512200 0.24713100
vt 0.74990800 0.24713100
vt 0.87493900 0.24713100
vt 0.87493900 0.24713100
vt 0.87493900 0.24713100
vt 0.87493900 0.24713100
vt 0.87493900 0.24713100
vt 0.87493900 0.24713100
vt 0.87493900 0.24713100
vt 0.87493900 0.24713100
vt 0.87493900 0.00000000
vt 0.74990800 0.00000000
vt 0.87493900 0.00317500
vt 0.74990800 0.00317500
vt 0.62512200 0.00000000
vt 0.62512200 0.00317500
vt 0.62512200 0.00000000
vt 0.50009200 0.00000000
vt 0.62512200 0.00317500
vt 0.50009200 0.00317500
vt 0.37506100 0.00000000
vt 0.37506100 0.00317500
vt 0.37506100 0.00000000
vt 0.25003100 0.00000000
vt 0.37506100 0.00317500
vt 0.25003100 0.00317500
vt 0.12500000 0.00000000
vt 0.12500000 0.00317500
vt 0.37506100 0.24713100
vt 0.25003100 0.24713100
vt 0.37506100 0.25006100
vt 0.25003100 0.25006100
vt 0.12500000 0.24713100
vt 0.12500000 0.25006100
vt 0.62512200 0.25006100
vt 0.74990800 0.25006100
vt 0.62512200 0.24713100
vt 0.74990800 0.24713100
vt 0.87493900 0.25006100
vt 0.87493900 0.24713100
vt 0.87493900 0.25006100
vt 0.87493900 0.24713100
vt 0.87493900 0.25006100
vt 0.87493900 0.24713100
vt 0.87493900 0.25006100
vt 0.87493900 0.24713100
vt 0.37506100 0.74993900
vt 0.50009200 0.87496900
vt 0.50009200 0.74993900
vt 0.62512200 0.74993900
vt 0.50009200 0.74993900
vt 0.62512200 0.74993900
vt 0.62512200 0.87496900
vt 0.62512200 1.00000000
vt 0.50009200 1.00000000
vt 0.37506100 1.00000000
vt 0.37506100 0.87496900
vt 0.62512200 0.49987800
vt 0.50009200 0.49987800
vt 0.62512200 0.50280800
vt 0.50009200 0.50280800
vt 0.37506100 0.49987800
vt 0.37506100 0.50280800
vt 0.37506100 0.25006100
vt 0.50009200 0.37509200
vt 0.50009200 0.25006100
vt 0.62512200 0.25006100
vt 0.62512200 0.37509200
vt 0.62512200 0.49987800
vt 0.50009200 0.49987800
vt 0.37506100 0.49987800
vt 0.37506100 0.37509200
vt 0.62512200 0.25006100
vt 0.62512200 0.24713100
vt 0.62512200 0.25006100
vt 0.62512200 0.24713100
vt 0.50009200 0.24713100
vt 0.50009200 0.25006100
vt 0.37506100 0.24713100
vt 0.37506100 0.25006100
vt 0.87493900 0.00000000
vt 0.74990800 0.00000000
vt 0.87493900 0.00317500
vt 0.74990800 0.00317500
vt 0.62512200 0.00000000
vt 0.62512200 0.00317500
vt 0.37506100 0.00000000
vt 0.25003100 0.00000000
vt 0.37506100 0.00317500
vt 0.25003100 0.00317500
vt 0.12500000 0.00000000
vt 0.12500000 0.00317500
vt 0.37506100 0.74993900
vt 0.50009200 0.74993900
vt 0.37506100 0.74676400
vt 0.50009200 0.74676400
vt 0.62512200 0.74676400
vt 0.62512200 0.74993900
vt 0.37506100 0.24713100
vt 0.25003100 0.24713100
vt 0.37506100 0.25006100
vt 0.25003100 0.25006100
vt 0.12500000 0.24713100
vt 0.12500000 0.25006100
vt 0.37506100 0.74993900
vt 0.50009200 0.87496900
vt 0.50009200 0.74993900
vt 0.62512200 0.74993900
vt 0.62512200 0.87496900
vt 0.62512200 1.00000000
vt 0.50009200 1.00000000
vt 0.37506100 1.00000000
vt 0.37506100 0.87496900
vt 0.62512200 0.49987800
vt 0.50009200 0.49987800
vt 0.62512200 0.50280800
vt 0.50009200 0.50280800
vt 0.37506100 0.49987800
vt 0.37506100 0.50280800
vt 0.37506100 0.25006100
vt 0.50009200 0.37509200
vt 0.50009200 0.25006100
vt 0.62512200 0.25006100
vt 0.62512200 0.37509200
vt 0.62512200 0.49987800
vt 0.50009200 0.49987800
vt 0.37506100 0.49987800
vt 0.37506100 0.37509200
vt 0.62512200 0.24713100
vt 0.50009200 0.24713100
vt 0.62512200 0.25006100
vt 0.50009200 0.25006100
vt 0.37506100 0.24713100
vt 0.37506100 0.25006100
vt 0.21022600 0.06251500
vt 0.21022600 0.06251500
vt 0.21022600 0.06251500
vt 0.21022600 0.06251500
vt 0.21022600 0.06251500
vt 0.21022600 0.06251500
vt 0.21022600 0.09328400
vt 0.21022600 0.09328400
vt 0.21022600 0.07863200
vt 0.21022600 0.07863200
vt 0.21022600 0.06251500
vt 0.21022600 0.06251500
vt 0.21022600 0.09328400
vt 0.21022600 0.09328400
vt 0.21022600 0.09328400
vt 0.21022600 0.09328400
vt 0.21022600 0.09328400
vt 0.21022600 0.09328400
vt 0.21022600 0.06251500
vt 0.21022600 0.06251500
vt 0.21022600 0.07863200
vt 0.21022600 0.09328400
vt 0.21022600 0.09328400
vt 0.21022600 0.07863200
vt 0.21022600 0.06251500
vt 0.21022600 0.06251500
vt 0.21022600 0.07863200
vt 0.21022600 0.09328400
vt 0.21022600 0.09328400
vt 0.21022600 0.07863200
vt 0.21022600 0.06251500
vt 0.21022600 0.06251500
vt 0.21022600 0.07863200
vt 0.21022600 0.09328400
vt 0.21022600 0.09328400
vt 0.21022600 0.09328400
vt 0.21022600 0.09328400
vt 0.21022600 0.09328400
vt 0.21022600 0.09328400
vt 0.21022600 0.07863200
vt 0.21022600 0.06251500
vt 0.21022600 0.06251500
vt 0.21022600 0.06251500
vt 0.21022600 0.06251500
vt 0.21022600 0.07863200
vt 0.21022600 0.07863200
vt 0.21022600 0.07863200
vt 0.21022600 0.07863200
vt 0.21022600 0.07863200
vt 0.21022600 0.09328400
vt 0.21022600 0.09328400
vt 0.21022600 0.09328400
vt 0.21022600 0.07863200
vt 0.21022600 0.06251500
vt 0.21022600 0.06251500
vt 0.21022600 0.06251500
vt 0.21242400 0.09328400
vt 0.21242400 0.09328400
vt 0.21022600 0.09328400
vt 0.21022600 0.09328400
vt 0.21022600 0.09328400
vt 0.21022600 0.09328400
vt 0.21022600 0.09328400
vt 0.21022600 0.09328400
vt 0.21022600 0.09328400
vt 0.21022600 0.09328400
vt 0.21022600 0.09328400
vt 0.21022600 0.06251500
vt 0.21022600 0.06251500
vt 0.21022600 0.06251500
vt 0.21022600 0.06251500
vt 0.21022600 0.06251500
vt 0.21022600 0.06251500
vt 0.21022600 0.06251500
vt 0.21022600 0.06251500
vt 0.21022600 0.06251500
vt 0.21242400 0.06251500
vt 0.21242400 0.06251500
vt 0.21022600 0.07863200
vt 0.21022600 0.07863200
vt 0.21022600 0.09328400
vt 0.21022600 0.09328400
vt 0.21022600 0.09328400
vt 0.21022600 0.07863200
vt 0.21022600 0.06251500
vt 0.21022600 0.06251500
vt 0.21022600 0.06251500
vt 0.21242400 0.18754600
vt 0.21242400 0.18754600
vt 0.21022600 0.18754600
vt 0.21022600 0.18754600
vt 0.21242400 0.06251500
vt 0.21242400 0.06251500
vt 0.21022600 0.06251500
vt 0.21022600 0.06251500
vt 0.21022600 0.06251500
vt 0.21022600 0.06251500
vt 0.21242400 0.06251500
vt 0.21242400 0.06251500
vt 0.21242400 0.18754600
vt 0.21242400 0.18754600
vt 0.21022600 0.18754600
vt 0.21022600 0.18754600
vt 0.21242400 0.06251500
vt 0.21242400 0.06251500
vt 0.21242400 0.06251500
vt 0.21242400 0.06251500
vt 0.21242400 0.07863200
vt 0.21242400 0.06251500
vt 0.21242400 0.07863200
vt 0.21242400 0.09328400
vt 0.21242400 0.09328400
vt 0.21242400 0.18754600
vt 0.21242400 0.18754600
vt 0.21242400 0.18754600
vt 0.21242400 0.18754600
vt 0.21242400 0.12503000
vt 0.21242400 0.12503000
vt 0.21242400 0.09328400
vt 0.21242400 0.07863200
vt 0.21022600 0.06251500
vt 0.21022600 0.06251500
vt 0.21242400 0.06251500
vt 0.21242400 0.06251500
vt 0.21022600 0.18754600
vt 0.21022600 0.18754600
vt 0.21022600 0.18754600
vt 0.21022600 0.18754600
vt 0.21022600 0.12503000
vt 0.21022600 0.12503000
vt 0.21022600 0.09328400
vt 0.21022600 0.09328400
vt 0.21022600 0.07863200
vt 0.21022600 0.07863200
vt 0.21022600 0.06251500
vt 0.21022600 0.06251500
vt 0.21022600 0.06251500
vt 0.21022600 0.06251500
vt 0.21022600 0.18754600
vt 0.21022600 0.18754600
vt 0.21242400 0.18754600
vt 0.21242400 0.18754600
vt 0.21242400 0.12503000
vt 0.21022600 0.12503000
vt 0.21242400 0.09328400
vt 0.21022600 0.09328400
vt 0.21242400 0.09328400
vt 0.21022600 0.09328400
vt 0.21242400 0.07863200
vt 0.21022600 0.07863200
vt 0.21242400 0.06251500
vt 0.21022600 0.06251500
vt 0.37506100 0.74993900
vt 0.37506100 0.74993900
vt 0.37506100 0.74676400
vt 0.37506100 0.74676400
vt 0.62512200 0.74676400
vt 0.62512200 0.74676400
vt 0.62512200 0.74993900
vt 0.62512200 0.74993900
vt 0.37506100 0.74676400
vt 0.37506100 0.74676400
vt 0.50009200 0.74676400
vt 0.50009200 0.74676400
vt 0.62512200 0.74676400
vt 0.62512200 0.74676400
vt 0.87493900 0.24713100
vt 0.87493900 0.24713100
vt 0.87493900 0.25006100
vt 0.87493900 0.25006100
vt 0.87493900 0.25006100
vt 0.87493900 0.25006100
vt 0.87493900 0.25006100
vt 0.87493900 0.25006100
vt 0.87493900 0.25006100
vt 0.87493900 0.25006100
vt 0.87493900 0.25006100
vt 0.87493900 0.25006100
vt 0.74990800 0.25006100
vt 0.62512200 0.25006100
vt 0.62512200 0.25006100
vt 0.74990800 0.25006100
vt 0.87493900 0.24713100
vt 0.87493900 0.24713100
vt 0.87493900 0.25006100
vt 0.87493900 0.25006100
vt 0.62512200 0.24713100
vt 0.62512200 0.24713100
vt 0.74990800 0.24713100
vt 0.74990800 0.24713100
vt 0.87493900 0.24713100
vt 0.87493900 0.24713100
vt 0.87493900 0.24713100
vt 0.87493900 0.24713100
vt 0.87493900 0.24713100
vt 0.87493900 0.24713100
vt 0.87493900 0.24713100
vt 0.87493900 0.24713100
vt 0.62512200 0.00317500
vt 0.62512200 0.00000000
vt 0.74990800 0.00317500
vt 0.87493900 0.00000000
vt 0.87493900 0.00317500
vt 0.74990800 0.00000000
vt 0.37506100 0.00317500
vt 0.37506100 0.00000000
vt 0.50009200 0.00317500
vt 0.62512200 0.00000000
vt 0.62512200 0.00317500
vt 0.50009200 0.00000000
vt 0.12500000 0.00317500
vt 0.12500000 0.00000000
vt 0.25003100 0.00317500
vt 0.37506100 0.00000000
vt 0.37506100 0.00317500
vt 0.25003100 0.00000000
vt 0.12500000 0.25006100
vt 0.12500000 0.24713100
vt 0.25003100 0.25006100
vt 0.37506100 0.24713100
vt 0.37506100 0.25006100
vt 0.25003100 0.24713100
vt 0.62512200 0.25006100
vt 0.62512200 0.24713100
vt 0.74990800 0.25006100
vt 0.74990800 0.24713100
vt 0.87493900 0.25006100
vt 0.87493900 0.25006100
vt 0.87493900 0.25006100
vt 0.87493900 0.24713100
vt 0.87493900 0.24713100
vt 0.87493900 0.25006100
vt 0.87493900 0.24713100
vt 0.87493900 0.24713100
vt 0.37506100 0.74993900
vt 0.50009200 0.87496900
vt 0.37506100 0.87496900
vt 0.37506100 1.00000000
vt 0.50009200 1.00000000
vt 0.62512200 1.00000000
vt 0.62512200 0.87496900
vt 0.62512200 0.74993900
vt 0.62512200 0.74993900
vt 0.50009200 0.74993900
vt 0.50009200 0.74993900
vt 0.37506100 0.50280800
vt 0.37506100 0.49987800
vt 0.50009200 0.50280800
vt 0.62512200 0.49987800
vt 0.62512200 0.50280800
vt 0.50009200 0.49987800
vt 0.37506100 0.25006100
vt 0.50009200 0.37509200
vt 0.37506100 0.37509200
vt 0.37506100 0.49987800
vt 0.50009200 0.49987800
vt 0.62512200 0.49987800
vt 0.62512200 0.37509200
vt 0.62512200 0.25006100
vt 0.50009200 0.25006100
vt 0.37506100 0.25006100
vt 0.37506100 0.24713100
vt 0.50009200 0.25006100
vt 0.62512200 0.25006100
vt 0.62512200 0.25006100
vt 0.62512200 0.24713100
vt 0.62512200 0.24713100
vt 0.50009200 0.24713100
vt 0.62512200 0.00317500
vt 0.62512200 0.00000000
vt 0.74990800 0.00317500
vt 0.87493900 0.00000000
vt 0.87493900 0.00317500
vt 0.74990800 0.00000000
vt 0.12500000 0.00317500
vt 0.12500000 0.00000000
vt 0.25003100 0.00317500
vt 0.37506100 0.00000000
vt 0.37506100 0.00317500
vt 0.25003100 0.00000000
vt 0.37506100 0.74993900
vt 0.37506100 0.74676400
vt 0.50009200 0.74993900
vt 0.50009200 0.74676400
vt 0.62512200 0.74993900
vt 0.62512200 0.74676400
vt 0.12500000 0.25006100
vt 0.12500000 0.24713100
vt 0.25003100 0.25006100
vt 0.37506100 0.24713100
vt 0.37506100 0.25006100
vt 0.25003100 0.24713100
vt 0.37506100 0.74993900
vt 0.50009200 0.87496900
vt 0.37506100 0.87496900
vt 0.37506100 1.00000000
vt 0.50009200 1.00000000
vt 0.62512200 1.00000000
vt 0.62512200 0.87496900
vt 0.62512200 0.74993900
vt 0.50009200 0.74993900
vt 0.37506100 0.50280800
vt 0.37506100 0.49987800
vt 0.50009200 0.50280800
vt 0.62512200 0.49987800
vt 0.62512200 0.50280800
vt 0.50009200 0.49987800
vt 0.37506100 0.25006100
vt 0.50009200 0.37509200
vt 0.37506100 0.37509200
vt 0.37506100 0.49987800
vt 0.50009200 0.49987800
vt 0.62512200 0.49987800
vt 0.62512200 0.37509200
vt 0.62512200 0.25006100
vt 0.50009200 0.25006100
vt 0.37506100 0.25006100
vt 0.37506100 0.24713100
vt 0.50009200 0.25006100
vt 0.62512200 0.24713100
vt 0.62512200 0.25006100
vt 0.50009200 0.24713100
vt 0.56260700 0.84908400
vt 0.56260700 0.84957300
vt 0.56260700 0.84908400
vt 0.56260700 0.84957300
vt 0.56260700 0.85006100
vt 0.56260700 0.85006100
vt 0.56260700 0.85006100
vt 0.56260700 0.84957300
vt 0.56260700 0.84908400
vt 0.56260700 0.84786300
vt 0.56260700 0.84786300
vt 0.56260700 0.84786300
vt 0.56260700 0.84786300
vt 0.56260700 0.84786300
vt 0.56260700 0.84908400
vt 0.56260700 0.84957300
vt 0.56260700 0.85006100
vt 0.56260700 0.85128200
vt 0.56260700 0.85128200
vt 0.56260700 0.85128200
vt 0.56260700 0.85128200
vt 0.56260700 0.85128200
vt 0.56260700 0.85006100
vt 0.56260700 0.84957300
vt 0.56260700 0.84908400
vt 0.43757600 0.84957300
vt 0.43757600 0.84957300
vt 0.43757600 0.85006100
vt 0.43757600 0.85006100
vt 0.43757600 0.85006100
vt 0.43757600 0.84957300
vt 0.43757600 0.84908400
vt 0.43757600 0.84908400
vt 0.43757600 0.84908400
vt 0.43757600 0.84908400
vt 0.43757600 0.84957300
vt 0.43757600 0.85006100
vt 0.43757600 0.85128200
vt 0.43757600 0.85128200
vt 0.43757600 0.85128200
vt 0.43757600 0.85128200
vt 0.43757600 0.85128200
vt 0.43757600 0.85006100
vt 0.43757600 0.84957300
vt 0.43757600 0.84908400
vt 0.43757600 0.84786300
vt 0.43757600 0.84786300
vt 0.43757600 0.84786300
vt 0.43757600 0.84786300
vt 0.43757600 0.84786300
vt 0.56260700 0.84786300
vt 0.56260700 0.84786300
vt 0.56260700 0.84932800
vt 0.56260700 0.85128200
vt 0.56260700 0.85006100
vt 0.56260700 0.85128200
vt 0.56260700 0.85006100
vt 0.56260700 0.84957300
vt 0.56260700 0.84908400
vt 0.43757600 0.85128200
vt 0.43757600 0.85128200
vt 0.43757600 0.85006100
vt 0.43757600 0.85006100
vt 0.43757600 0.84957300
vt 0.43757600 0.84957300
vt 0.43757600 0.84908400
vt 0.43757600 0.84908400
vt 0.43757600 0.84786300
vt 0.43757600 0.84786300
vt 0.56260700 0.85128200
vt 0.56260700 0.85128200
vt 0.56260700 0.85128200
vt 0.56260700 0.85128200
vt 0.56260700 0.85128200
vt 0.56260700 0.85128200
vt 0.56260700 0.85128200
vt 0.56260700 0.85128200
vt 0.56260700 0.85128200
vt 0.56260700 0.85128200
vt 0.50009200 0.85128200
vt 0.50009200 0.85128200
vt 0.43757600 0.85128200
vt 0.43757600 0.85128200
vt 0.43757600 0.85128200
vt 0.43757600 0.85128200
vt 0.43757600 0.85128200
vt 0.43757600 0.85128200
vt 0.43757600 0.85128200
vt 0.43757600 0.85128200
vt 0.43757600 0.85128200
vt 0.43757600 0.85128200
vt 0.43757600 0.84786300
vt 0.43757600 0.84786300
vt 0.43757600 0.84786300
vt 0.43757600 0.84786300
vt 0.43757600 0.84786300
vt 0.43757600 0.84786300
vt 0.43757600 0.84786300
vt 0.43757600 0.84786300
vt 0.43757600 0.84786300
vt 0.43757600 0.84786300
vt 0.50009200 0.84786300
vt 0.56260700 0.84786300
vt 0.56260700 0.84786300
vt 0.56260700 0.84786300
vt 0.56260700 0.84786300
vt 0.56260700 0.84786300
vt 0.56260700 0.84786300
vt 0.56260700 0.84786300
vt 0.56260700 0.84786300
vt 0.56260700 0.84786300
vt 0.56260700 0.84786300
vt 0.50009200 0.84786300
vt 0.56260700 0.84908400
vt 0.56260700 0.84908400
vt 0.56260700 0.84957300
vt 0.43757600 0.85006100
vt 0.43757600 0.85006100
vt 0.43757600 0.84957300
vt 0.43757600 0.84908400
vt 0.43757600 0.84908400
vt 0.50009200 0.84908400
vt 0.43757600 0.84786300
vt 0.43757600 0.84786300
vt 0.43757600 0.84786300
vt 0.43757600 0.84786300
vt 0.43757600 0.84908400
vt 0.43757600 0.84908400
vt 0.43757600 0.84786300
vt 0.43757600 0.84908400
vt 0.43757600 0.84957300
vt 0.43757600 0.85006100
vt 0.43757600 0.85128200
vt 0.43757600 0.85006100
vt 0.43757600 0.85128200
vt 0.43757600 0.85006100
vt 0.43757600 0.85128200
vt 0.43757600 0.85128200
vt 0.43757600 0.85128200
vt 0.50009200 0.85128200
vt 0.50009200 0.85006100
vt 0.56260700 0.85128200
vt 0.56260700 0.85006100
vt 0.56260700 0.85128200
vt 0.56260700 0.85128200
vt 0.56260700 0.85006100
vt 0.56260700 0.85006100
vt 0.56260700 0.85128200
vt 0.56260700 0.85006100
vt 0.56260700 0.85128200
vt 0.56260700 0.85006100
vt 0.56260700 0.84932800
vt 0.56260700 0.84932800
vt 0.56260700 0.84908400
vt 0.56260700 0.84786300
vt 0.56260700 0.84786300
vt 0.56260700 0.84786300
vt 0.56260700 0.84786300
vt 0.56260700 0.84786300
vt 0.50009200 0.84786300
vt 0.50009200 0.81245400
vt 0.50009200 0.81245400
vt 0.50009200 0.81050100
vt 0.50009200 0.81050100
vt 0.50009200 0.81245400
vt 0.50009200 0.81050100
vt 0.56260700 0.81245400
vt 0.56260700 0.81245400
vt 0.50009200 0.81245400
vt 0.50009200 0.81245400
vt 0.56260700 0.81245400
vt 0.50009200 0.81245400
vt 0.56260700 0.81050100
vt 0.56260700 0.81050100
vt 0.56260700 0.81245400
vt 0.56260700 0.81245400
vt 0.56260700 0.81050100
vt 0.56260700 0.81245400
vt 0.50009200 0.81050100
vt 0.50009200 0.81050100
vt 0.56260700 0.81050100
vt 0.56260700 0.81050100
vt 0.50009200 0.81050100
vt 0.56260700 0.81050100
vt 0.50009200 0.75164800
vt 0.50009200 0.75164800
vt 0.50009200 0.74993900
vt 0.50009200 0.74993900
vt 0.50009200 0.75164800
vt 0.50009200 0.74993900
vt 0.56260700 0.75164800
vt 0.56260700 0.75164800
vt 0.50009200 0.75164800
vt 0.50009200 0.75164800
vt 0.56260700 0.75164800
vt 0.50009200 0.75164800
vt 0.56260700 0.74993900
vt 0.56260700 0.74993900
vt 0.56260700 0.75164800
vt 0.56260700 0.75164800
vt 0.56260700 0.74993900
vt 0.56260700 0.75164800
vt 0.50009200 0.43931600
vt 0.50009200 0.43931600
vt 0.50009200 0.43760700
vt 0.50009200 0.43760700
vt 0.50009200 0.43931600
vt 0.50009200 0.43760700
vt 0.56260700 0.43931600
vt 0.56260700 0.43931600
vt 0.50009200 0.43931600
vt 0.50009200 0.43931600
vt 0.56260700 0.43931600
vt 0.50009200 0.43931600
vt 0.56260700 0.43760700
vt 0.56260700 0.43760700
vt 0.56260700 0.43931600
vt 0.56260700 0.43931600
vt 0.56260700 0.43760700
vt 0.56260700 0.43931600
vt 0.50009200 0.43760700
vt 0.50009200 0.43760700
vt 0.56260700 0.43760700
vt 0.56260700 0.43760700
vt 0.50009200 0.43760700
vt 0.56260700 0.43760700
vt 0.50009200 0.49987800
vt 0.50009200 0.49987800
vt 0.50009200 0.49816800
vt 0.50009200 0.49816800
vt 0.50009200 0.49987800
vt 0.50009200 0.49816800
vt 0.56260700 0.49816800
vt 0.56260700 0.49816800
vt 0.56260700 0.49987800
vt 0.56260700 0.49987800
vt 0.56260700 0.49816800
vt 0.56260700 0.49987800
vt 0.50009200 0.49816800
vt 0.50009200 0.49816800
vt 0.56260700 0.49816800
vt 0.56260700 0.49816800
vt 0.50009200 0.49816800
vt 0.56260700 0.49816800
vt 0.19484100 0.09328400
vt 0.18751500 0.09328400
vt 0.19484100 0.12503000
vt 0.18751500 0.12503000
vt 0.18556200 0.12503000
vt 0.18556200 0.09328400
vt 0.13672200 0.12503000
vt 0.13672200 0.09328400
vt 0.13672200 0.07863200
vt 0.18556200 0.07863200
vt 0.18751500 0.07863200
vt 0.19484100 0.07863200
vt 0.19606200 0.07863200
vt 0.19606200 0.09328400
vt 0.19606200 0.12503000
vt 0.19606200 0.18754600
vt 0.19484100 0.18754600
vt 0.18751500 0.18754600
vt 0.18556200 0.18754600
vt 0.13672200 0.18754600
vt 0.12670900 0.18754600
vt 0.12670900 0.12503000
vt 0.12670900 0.09328400
vt 0.12670900 0.07863200
vt 0.12670900 0.06251500
vt 0.13672200 0.06251500
vt 0.18556200 0.06251500
vt 0.18751500 0.06251500
vt 0.19484100 0.06251500
vt 0.19606200 0.06251500
vt 0.21022600 0.06251500
vt 0.21022600 0.07863200
vt 0.21022600 0.09328400
vt 0.21022600 0.12503000
vt 0.21022600 0.18754600
vt 0.22463400 0.12503000
vt 0.22463400 0.09328400
vt 0.22414500 0.12503000
vt 0.22414500 0.09328400
vt 0.22292400 0.12503000
vt 0.22292400 0.09328400
vt 0.22292400 0.07863200
vt 0.22414500 0.07863200
vt 0.22463400 0.07863200
vt 0.22512200 0.07863200
vt 0.22512200 0.09328400
vt 0.22512200 0.12503000
vt 0.22512200 0.18754600
vt 0.22463400 0.18754600
vt 0.22414500 0.18754600
vt 0.22292400 0.18754600
vt 0.21242400 0.18754600
vt 0.21242400 0.12503000
vt 0.21242400 0.09328400
vt 0.21242400 0.07863200
vt 0.21242400 0.06251500
vt 0.22292400 0.06251500
vt 0.22414500 0.06251500
vt 0.22463400 0.06251500
vt 0.22512200 0.06251500
vt 0.22634300 0.06251500
vt 0.22634300 0.07863200
vt 0.22634300 0.09328400
vt 0.22634300 0.12503000
vt 0.22634300 0.18754600
vt 0.22463400 0.12503000
vt 0.22414500 0.12503000
vt 0.22463400 0.09328400
vt 0.22414500 0.09328400
vt 0.22512200 0.07863200
vt 0.22463400 0.07863200
vt 0.22414500 0.07863200
vt 0.22292400 0.07863200
vt 0.22292400 0.09328400
vt 0.22292400 0.12503000
vt 0.22292400 0.18754600
vt 0.22414500 0.18754600
vt 0.22463400 0.18754600
vt 0.22634300 0.18754600
vt 0.22512200 0.18754600
vt 0.22634300 0.12503000
vt 0.22512200 0.12503000
vt 0.22512200 0.09328400
vt 0.22634300 0.07863200
vt 0.22634300 0.06251500
vt 0.22512200 0.06251500
vt 0.22463400 0.06251500
vt 0.22414500 0.06251500
vt 0.22292400 0.06251500
vt 0.21242400 0.06251500
vt 0.21242400 0.07863200
vt 0.21242400 0.09328400
vt 0.21242400 0.12503000
vt 0.21242400 0.18754600
vt 0.13672200 0.09328400
vt 0.18556200 0.09328400
vt 0.13672200 0.12503000
vt 0.18556200 0.12503000
vt 0.18751500 0.09328400
vt 0.18751500 0.12503000
vt 0.19484100 0.12503000
vt 0.19484100 0.09328400
vt 0.19606200 0.12503000
vt 0.19606200 0.09328400
vt 0.19606200 0.07863200
vt 0.19484100 0.07863200
vt 0.18751500 0.07863200
vt 0.18556200 0.07863200
vt 0.13672200 0.07863200
vt 0.12670900 0.07863200
vt 0.12670900 0.09328400
vt 0.12670900 0.12503000
vt 0.12670900 0.18754600
vt 0.13672200 0.18754600
vt 0.18556200 0.18754600
vt 0.18751500 0.18754600
vt 0.19484100 0.18754600
vt 0.19606200 0.18754600
vt 0.21022600 0.18754600
vt 0.21022600 0.12503000
vt 0.21022600 0.09328400
vt 0.21022600 0.07863200
vt 0.21022600 0.06251500
vt 0.19606200 0.06251500
vt 0.19484100 0.06251500
vt 0.18751500 0.06251500
vt 0.18556200 0.06251500
vt 0.13672200 0.06251500
vt 0.12670900 0.06251500
vt 0.12500000 0.00000000
vt 0.12500000 0.06251500
vt 0.12500000 0.07863200
vt 0.12500000 0.09328400
vt 0.12500000 0.12503000
vt 0.12500000 0.18754600
vt 0.12500000 0.25006100
vt 0.12670900 0.25006100
vt 0.13672200 0.25006100
vt 0.18556200 0.25006100
vt 0.18751500 0.25006100
vt 0.19484100 0.25006100
vt 0.19606200 0.25006100
vt 0.21022600 0.25006100
vt 0.21242400 0.25006100
vt 0.22292400 0.25006100
vt 0.22414500 0.25006100
vt 0.22463400 0.25006100
vt 0.22512200 0.25006100
vt 0.22634300 0.25006100
vt 0.25003100 0.18754600
vt 0.25003100 0.25006100
vt 0.22634300 0.25006100
vt 0.22512200 0.25006100
vt 0.22463400 0.25006100
vt 0.22414500 0.25006100
vt 0.22292400 0.25006100
vt 0.21242400 0.25006100
vt 0.21022600 0.25006100
vt 0.19606200 0.25006100
vt 0.19484100 0.25006100
vt 0.18751500 0.25006100
vt 0.18556200 0.25006100
vt 0.13672200 0.25006100
vt 0.12670900 0.25006100
vt 0.12500000 0.25006100
vt 0.12500000 0.18754600
vt 0.12500000 0.12503000
vt 0.12500000 0.09328400
vt 0.12500000 0.07863200
vt 0.12500000 0.06251500
vt 0.12500000 0.00000000
vt 0.12670900 0.00000000
vt 0.13672200 0.00000000
vt 0.18556200 0.00000000
vt 0.18751500 0.00000000
vt 0.19484100 0.00000000
vt 0.19606200 0.00000000
vt 0.21022600 0.00000000
vt 0.21242400 0.00000000
vt 0.22292400 0.00000000
vt 0.22414500 0.00000000
vt 0.22463400 0.00000000
vt 0.22512200 0.00000000
vt 0.22634300 0.00000000
vt 0.25003100 0.00000000
vt 0.25003100 0.07814400
vt 0.25003100 0.12503000
vt 0.25003100 0.09328400
vt 0.22634300 0.09328400
vt 0.25003100 0.07057400
vt 0.25003100 0.00000000
vt 0.22634300 0.00000000
vt 0.22512200 0.00000000
vt 0.22463400 0.00000000
vt 0.22414500 0.00000000
vt 0.22292400 0.00000000
vt 0.21242400 0.00000000
vt 0.21022600 0.00000000
vt 0.19606200 0.00000000
vt 0.19484100 0.00000000
vt 0.18751500 0.00000000
vt 0.18556200 0.00000000
vt 0.13672200 0.00000000
vt 0.12670900 0.00000000
vt 0.77384000 0.09328400
vt 0.77506100 0.09328400
vt 0.77384000 0.07863200
vt 0.77506100 0.07863200
vt 0.77530500 0.09328400
vt 0.77530500 0.07863200
vt 0.77579400 0.09328400
vt 0.77579400 0.07863200
vt 0.77701500 0.09328400
vt 0.77701500 0.07863200
vt 0.78775900 0.09328400
vt 0.78775900 0.07863200
vt 0.78971300 0.09328400
vt 0.78971300 0.07863200
vt 0.80412100 0.09328400
vt 0.80412100 0.07863200
vt 0.80509800 0.07863200
vt 0.86346200 0.07863200
vt 0.81437700 0.07863200
vt 0.81437700 0.09328400
vt 0.81242400 0.07863200
vt 0.81242400 0.12503000
vt 0.81437700 0.12503000
vt 0.81242400 0.09328400
vt 0.80509800 0.09328400
vt 0.80509800 0.12503000
vt 0.80412100 0.12503000
vt 0.78971300 0.12503000
vt 0.78775900 0.12503000
vt 0.77701500 0.12503000
vt 0.77579400 0.12503000
vt 0.77530500 0.12503000
vt 0.77506100 0.12503000
vt 0.77384000 0.12503000
vt 0.80509800 0.07863200
vt 0.80412100 0.09328400
vt 0.80412100 0.07863200
vt 0.78971300 0.07863200
vt 0.78971300 0.09328400
vt 0.78775900 0.07863200
vt 0.78775900 0.09328400
vt 0.77701500 0.07863200
vt 0.77701500 0.09328400
vt 0.77579400 0.07863200
vt 0.77579400 0.09328400
vt 0.77530500 0.07863200
vt 0.77530500 0.09328400
vt 0.77506100 0.07863200
vt 0.77506100 0.09328400
vt 0.77384000 0.07863200
vt 0.77384000 0.09328400
vt 0.77384000 0.12503000
vt 0.77506100 0.12503000
vt 0.77530500 0.12503000
vt 0.77579400 0.12503000
vt 0.77701500 0.12503000
vt 0.78775900 0.12503000
vt 0.78971300 0.12503000
vt 0.80412100 0.12503000
vt 0.80509800 0.12503000
vt 0.80509800 0.09328400
vt 0.81242400 0.07863200
vt 0.81242400 0.09328400
vt 0.81242400 0.12503000
vt 0.81437700 0.12503000
vt 0.81437700 0.09328400
vt 0.81437700 0.07863200
vt 0.86346200 0.07863200
vt 0.86346200 0.06251500
vt 0.81437700 0.06251500
vt 0.81242400 0.06251500
vt 0.80509800 0.06251500
vt 0.80412100 0.06251500
vt 0.78971300 0.06251500
vt 0.78775900 0.06251500
vt 0.77701500 0.06251500
vt 0.77579400 0.06251500
vt 0.77530500 0.06251500
vt 0.77506100 0.06251500
vt 0.77384000 0.06251500
vt 0.74990800 0.07814400
vt 0.74990800 0.12503000
vt 0.77384000 0.06251500
vt 0.77506100 0.06251500
vt 0.77530500 0.06251500
vt 0.77579400 0.06251500
vt 0.77701500 0.06251500
vt 0.78775900 0.06251500
vt 0.78971300 0.06251500
vt 0.80412100 0.06251500
vt 0.80509800 0.06251500
vt 0.81242400 0.06251500
vt 0.81437700 0.06251500
vt 0.86346200 0.06251500
vt 0.87323000 0.06251500
vt 0.87323000 0.07863200
vt 0.87323000 0.09328400
vt 0.86346200 0.09328400
vt 0.86346200 0.12503000
vt 0.87323000 0.18754600
vt 0.87323000 0.12503000
vt 0.86346200 0.18754600
vt 0.81437700 0.18754600
vt 0.81242400 0.18754600
vt 0.80509800 0.18754600
vt 0.80412100 0.18754600
vt 0.78971300 0.18754600
vt 0.78775900 0.18754600
vt 0.77701500 0.18754600
vt 0.77579400 0.18754600
vt 0.77530500 0.18754600
vt 0.77506100 0.18754600
vt 0.77384000 0.18754600
vt 0.74990800 0.18754600
vt 0.77384000 0.18754600
vt 0.77506100 0.18754600
vt 0.77530500 0.18754600
vt 0.77579400 0.18754600
vt 0.77701500 0.18754600
vt 0.78775900 0.18754600
vt 0.78971300 0.18754600
vt 0.80412100 0.18754600
vt 0.80509800 0.18754600
vt 0.81242400 0.18754600
vt 0.81437700 0.18754600
vt 0.87323000 0.18754600
vt 0.86346200 0.18754600
vt 0.87323000 0.12503000
vt 0.86346200 0.12503000
vt 0.86346200 0.09328400
vt 0.87323000 0.09328400
vt 0.87323000 0.07863200
vt 0.87323000 0.06251500
vt 0.87323000 0.00000000
vt 0.86346200 0.00000000
vt 0.81437700 0.00000000
vt 0.81242400 0.00000000
vt 0.80509800 0.00000000
vt 0.80412100 0.00000000
vt 0.78971300 0.00000000
vt 0.78775900 0.00000000
vt 0.77701500 0.00000000
vt 0.77579400 0.00000000
vt 0.77530500 0.00000000
vt 0.77506100 0.00000000
vt 0.77384000 0.00000000
vt 0.74990800 0.00000000
vt 0.77384000 0.00000000
vt 0.77506100 0.00000000
vt 0.77530500 0.00000000
vt 0.77579400 0.00000000
vt 0.77701500 0.00000000
vt 0.78775900 0.00000000
vt 0.78971300 0.00000000
vt 0.80412100 0.00000000
vt 0.80509800 0.00000000
vt 0.81242400 0.00000000
vt 0.81437700 0.00000000
vt 0.86346200 0.00000000
vt 0.87323000 0.00000000
vt 0.87493900 0.00000000
vt 0.87493900 0.06251500
vt 0.87493900 0.07863200
vt 0.87493900 0.09328400
vt 0.87493900 0.12503000
vt 0.87493900 0.18754600
vt 0.87493900 0.25006100
vt 0.87323000 0.25006100
vt 0.86346200 0.25006100
vt 0.81437700 0.25006100
vt 0.81242400 0.25006100
vt 0.80509800 0.25006100
vt 0.80412100 0.25006100
vt 0.78971300 0.25006100
vt 0.78775900 0.25006100
vt 0.77701500 0.25006100
vt 0.77579400 0.25006100
vt 0.77530500 0.25006100
vt 0.77506100 0.25006100
vt 0.77384000 0.25006100
vt 0.74990800 0.25006100
vt 0.77384000 0.25006100
vt 0.77506100 0.25006100
vt 0.77530500 0.25006100
vt 0.77579400 0.25006100
vt 0.77701500 0.25006100
vt 0.78775900 0.25006100
vt 0.78971300 0.25006100
vt 0.80412100 0.25006100
vt 0.80509800 0.25006100
vt 0.81242400 0.25006100
vt 0.81437700 0.25006100
vt 0.86346200 0.25006100
vt 0.87323000 0.25006100
vt 0.87493900 0.25006100
vt 0.87493900 0.18754600
vt 0.87493900 0.12503000
vt 0.87493900 0.09328400
vt 0.87493900 0.07863200
vt 0.87493900 0.06251500
vt 0.87493900 0.00000000
vt 0.43757600 0.83736300
vt 0.50009200 0.83736300
vt 0.43757600 0.83516500
vt 0.50009200 0.83516500
vt 0.43757600 0.82100100
vt 0.50009200 0.82100100
vt 0.43757600 0.82002400
vt 0.50009200 0.82002400
vt 0.43757600 0.81245400
vt 0.43757600 0.75164800
vt 0.43757600 0.76166100
vt 0.50009200 0.76166100
vt 0.56260700 0.76166100
vt 0.56260700 0.81050100
vt 0.50009200 0.81050100
vt 0.43757600 0.81050100
vt 0.50009200 0.81245400
vt 0.56260700 0.81245400
vt 0.56260700 0.82002400
vt 0.56260700 0.82100100
vt 0.56260700 0.83516500
vt 0.56260700 0.83736300
vt 0.56260700 0.84786300
vt 0.50009200 0.84786300
vt 0.43757600 0.84786300
vt 0.43757600 0.87496900
vt 0.50009200 0.87496900
vt 0.43757600 0.85128200
vt 0.50009200 0.85128200
vt 0.56260700 0.85128200
vt 0.56260700 0.87496900
vt 0.56260700 0.85128200
vt 0.50009200 0.85128200
vt 0.43757600 0.85128200
vt 0.43757600 0.81245400
vt 0.50009200 0.82002400
vt 0.43757600 0.82002400
vt 0.50009200 0.82100100
vt 0.43757600 0.82100100
vt 0.50009200 0.83516500
vt 0.43757600 0.83516500
vt 0.50009200 0.83736300
vt 0.43757600 0.83736300
vt 0.43757600 0.84786300
vt 0.50009200 0.84786300
vt 0.56260700 0.84786300
vt 0.56260700 0.83736300
vt 0.56260700 0.83516500
vt 0.56260700 0.82100100
vt 0.56260700 0.82002400
vt 0.56260700 0.81245400
vt 0.50009200 0.81245400
vt 0.43757600 0.81050100
vt 0.50009200 0.81050100
vt 0.43757600 0.76166100
vt 0.56260700 0.76166100
vt 0.56260700 0.81050100
vt 0.50009200 0.76166100
vt 0.43757600 0.75164800
vt 0.37506100 0.74993900
vt 0.37506100 0.75164800
vt 0.37506100 0.76166100
vt 0.37506100 0.81050100
vt 0.37506100 0.81245400
vt 0.37506100 0.82002400
vt 0.37506100 0.82100100
vt 0.37506100 0.83516500
vt 0.37506100 0.83736300
vt 0.37506100 0.84786300
vt 0.43757600 0.84908400
vt 0.37506100 0.84908400
vt 0.43757600 0.84957300
vt 0.37506100 0.84957300
vt 0.43757600 0.85006100
vt 0.37506100 0.85006100
vt 0.37506100 0.85128200
vt 0.37506100 0.87496900
vt 0.37506100 0.85128200
vt 0.37506100 0.85006100
vt 0.43757600 0.85006100
vt 0.37506100 0.84957300
vt 0.43757600 0.84957300
vt 0.37506100 0.84908400
vt 0.43757600 0.84908400
vt 0.37506100 0.84786300
vt 0.37506100 0.83736300
vt 0.37506100 0.83516500
vt 0.37506100 0.82100100
vt 0.37506100 0.82002400
vt 0.37506100 0.81245400
vt 0.37506100 0.81050100
vt 0.37506100 0.76166100
vt 0.37506100 0.75164800
vt 0.37506100 0.74993900
vt 0.43757600 0.74993900
vt 0.50009200 0.74993900
vt 0.50009200 0.75164800
vt 0.56260700 0.75164800
vt 0.62512200 0.74993900
vt 0.56260700 0.74993900
vt 0.62512200 0.75164800
vt 0.62512200 0.76166100
vt 0.62512200 0.81050100
vt 0.62512200 0.81245400
vt 0.62512200 0.82002400
vt 0.62512200 0.82100100
vt 0.62512200 0.83516500
vt 0.62512200 0.83736300
vt 0.62512200 0.84786300
vt 0.62512200 0.84908400
vt 0.56260700 0.84908400
vt 0.62512200 0.84957300
vt 0.56260700 0.84957300
vt 0.62512200 0.85006100
vt 0.56260700 0.85006100
vt 0.62512200 0.85128200
vt 0.62512200 0.87496900
vt 0.62512200 0.85128200
vt 0.56260700 0.85006100
vt 0.62512200 0.85006100
vt 0.56260700 0.84957300
vt 0.62512200 0.84957300
vt 0.56260700 0.84908400
vt 0.62512200 0.84908400
vt 0.62512200 0.84786300
vt 0.62512200 0.83736300
vt 0.62512200 0.83516500
vt 0.62512200 0.82100100
vt 0.62512200 0.82002400
vt 0.62512200 0.81245400
vt 0.62512200 0.81050100
vt 0.62512200 0.76166100
vt 0.62512200 0.74993900
vt 0.62512200 0.75164800
vt 0.56260700 0.74993900
vt 0.56260700 0.75164800
vt 0.50009200 0.75164800
vt 0.50009200 0.74993900
vt 0.43757600 0.74993900
vt 0.50009200 0.62490800
vt 0.50009200 0.65689900
vt 0.43757600 0.62490800
vt 0.43757600 0.65689900
vt 0.50009200 0.67155100
vt 0.43757600 0.67155100
vt 0.43757600 0.68742400
vt 0.50009200 0.68742400
vt 0.56260700 0.68742400
vt 0.56260700 0.67155100
vt 0.56260700 0.65689900
vt 0.56260700 0.62490800
vt 0.56260700 0.56239300
vt 0.50009200 0.56239300
vt 0.43757600 0.56239300
vt 0.37506100 0.49987800
vt 0.37506100 0.56239300
vt 0.37506100 0.62490800
vt 0.37506100 0.65689900
vt 0.37506100 0.67155100
vt 0.37506100 0.68742400
vt 0.37506100 0.74993900
vt 0.43757600 0.74993900
vt 0.50009200 0.74993900
vt 0.50009200 0.74993900
vt 0.50009200 0.74993900
vt 0.56260700 0.74993900
vt 0.56260700 0.74993900
vt 0.56260700 0.74993900
vt 0.62512200 0.74993900
vt 0.62512200 0.68742400
vt 0.62512200 0.67155100
vt 0.62512200 0.65689900
vt 0.62512200 0.62490800
vt 0.62512200 0.56239300
vt 0.62512200 0.49987800
vt 0.56260700 0.49987800
vt 0.56260700 0.49987800
vt 0.56260700 0.49987800
vt 0.50009200 0.49987800
vt 0.50009200 0.49987800
vt 0.50009200 0.49987800
vt 0.43757600 0.49987800
vt 0.56260700 0.39877900
vt 0.50009200 0.39877900
vt 0.56260700 0.40000000
vt 0.50009200 0.40000000
vt 0.56260700 0.40048800
vt 0.50009200 0.40048800
vt 0.56260700 0.40073300
vt 0.50009200 0.40073300
vt 0.56260700 0.40195400
vt 0.50009200 0.40195400
vt 0.56260700 0.41269800
vt 0.50009200 0.41269800
vt 0.56260700 0.41489600
vt 0.50009200 0.41489600
vt 0.56260700 0.42906000
vt 0.50009200 0.42906000
vt 0.56260700 0.43003700
vt 0.50009200 0.43003700
vt 0.56260700 0.43760700
vt 0.50009200 0.43760700
vt 0.56260700 0.43931600
vt 0.50009200 0.43931600
vt 0.56260700 0.48840000
vt 0.50009200 0.48840000
vt 0.43757600 0.48840000
vt 0.43757600 0.43931600
vt 0.43757600 0.43760700
vt 0.43757600 0.43003700
vt 0.43757600 0.42906000
vt 0.43757600 0.41489600
vt 0.43757600 0.41269800
vt 0.43757600 0.40195400
vt 0.43757600 0.40073300
vt 0.43757600 0.40048800
vt 0.43757600 0.40000000
vt 0.43757600 0.39877900
vt 0.43757600 0.37509200
vt 0.50009200 0.42906000
vt 0.50009200 0.43003700
vt 0.43757600 0.42906000
vt 0.43757600 0.43003700
vt 0.43757600 0.48840000
vt 0.43757600 0.43931600
vt 0.50009200 0.48840000
vt 0.56260700 0.43931600
vt 0.56260700 0.48840000
vt 0.50009200 0.43931600
vt 0.43757600 0.43760700
vt 0.50009200 0.43760700
vt 0.56260700 0.43760700
vt 0.56260700 0.43003700
vt 0.56260700 0.42906000
vt 0.50009200 0.41489600
vt 0.56260700 0.41489600
vt 0.50009200 0.41269800
vt 0.56260700 0.41269800
vt 0.50009200 0.40195400
vt 0.56260700 0.40195400
vt 0.50009200 0.40073300
vt 0.56260700 0.40073300
vt 0.50009200 0.40048800
vt 0.56260700 0.40048800
vt 0.56260700 0.40000000
vt 0.50009200 0.40000000
vt 0.43757600 0.39877900
vt 0.43757600 0.40000000
vt 0.43757600 0.40048800
vt 0.43757600 0.40073300
vt 0.43757600 0.40195400
vt 0.43757600 0.41269800
vt 0.43757600 0.41489600
vt 0.37506100 0.41489600
vt 0.37506100 0.42906000
vt 0.37506100 0.43003700
vt 0.37506100 0.43760700
vt 0.37506100 0.43931600
vt 0.37506100 0.48840000
vt 0.43757600 0.49816800
vt 0.37506100 0.49816800
vt 0.37506100 0.49987800
vt 0.43757600 0.49987800
vt 0.50009200 0.49987800
vt 0.50009200 0.49816800
vt 0.56260700 0.49816800
vt 0.56260700 0.49987800
vt 0.62512200 0.49987800
vt 0.62512200 0.49816800
vt 0.62512200 0.48840000
vt 0.62512200 0.43931600
vt 0.62512200 0.43760700
vt 0.62512200 0.43003700
vt 0.62512200 0.42906000
vt 0.62512200 0.41489600
vt 0.62512200 0.41269800
vt 0.62512200 0.40195400
vt 0.62512200 0.40073300
vt 0.62512200 0.40048800
vt 0.62512200 0.40000000
vt 0.62512200 0.37509200
vt 0.62512200 0.39877900
vt 0.56260700 0.37509200
vt 0.56260700 0.39877900
vt 0.56260700 0.39877900
vt 0.50009200 0.39877900
vt 0.50009200 0.39877900
vt 0.50009200 0.37509200
vt 0.50009200 0.37509200
vt 0.56260700 0.37509200
vt 0.56260700 0.37509200
vt 0.62512200 0.37509200
vt 0.62512200 0.39877900
vt 0.62512200 0.40000000
vt 0.62512200 0.40048800
vt 0.62512200 0.40073300
vt 0.62512200 0.40195400
vt 0.62512200 0.41269800
vt 0.62512200 0.41489600
vt 0.62512200 0.42906000
vt 0.62512200 0.43003700
vt 0.62512200 0.43760700
vt 0.62512200 0.43931600
vt 0.62512200 0.48840000
vt 0.62512200 0.49816800
vt 0.56260700 0.49987800
vt 0.62512200 0.49987800
vt 0.56260700 0.49816800
vt 0.50009200 0.49816800
vt 0.43757600 0.49816800
vt 0.50009200 0.49987800
vt 0.43757600 0.49987800
vt 0.37506100 0.49987800
vt 0.37506100 0.49816800
vt 0.37506100 0.48840000
vt 0.37506100 0.43931600
vt 0.37506100 0.43760700
vt 0.37506100 0.43003700
vt 0.37506100 0.42906000
vt 0.37506100 0.41489600
vt 0.37506100 0.41269800
vt 0.37506100 0.40195400
vt 0.37506100 0.40073300
vt 0.37506100 0.40048800
vt 0.37506100 0.40000000
vt 0.37506100 0.39877900
vt 0.37506100 0.37509200
vt 0.37506100 0.39877900
vt 0.37506100 0.40000000
vt 0.37506100 0.40048800
vt 0.37506100 0.40073300
vt 0.37506100 0.40195400
vt 0.37506100 0.41269800
vt 0.37506100 0.74993900
vt 0.37506100 0.74993900
vt 0.37506100 0.74676400
vt 0.37506100 0.74676400
vt 0.62512200 0.74676400
vt 0.62512200 0.74676400
vt 0.62512200 0.74993900
vt 0.62512200 0.74993900
vt 0.37506100 0.74676400
vt 0.37506100 0.74676400
vt 0.50009200 0.74676400
vt 0.50009200 0.74676400
vt 0.62512200 0.74676400
vt 0.62512200 0.74676400
vt 0.87493900 0.24713100
vt 0.87493900 0.24713100
vt 0.87493900 0.25006100
vt 0.87493900 0.25006100
vt 0.87493900 0.25006100
vt 0.87493900 0.25006100
vt 0.87493900 0.25006100
vt 0.87493900 0.25006100
vt 0.87493900 0.25006100
vt 0.87493900 0.25006100
vt 0.87493900 0.25006100
vt 0.87493900 0.25006100
vt 0.74990800 0.25006100
vt 0.62512200 0.25006100
vt 0.62512200 0.25006100
vt 0.74990800 0.25006100
vt 0.87493900 0.24713100
vt 0.87493900 0.24713100
vt 0.87493900 0.25006100
vt 0.87493900 0.25006100
vt 0.62512200 0.24713100
vt 0.62512200 0.24713100
vt 0.74990800 0.24713100
vt 0.74990800 0.24713100
vt 0.87493900 0.24713100
vt 0.87493900 0.24713100
vt 0.87493900 0.24713100
vt 0.87493900 0.24713100
vt 0.87493900 0.24713100
vt 0.87493900 0.24713100
vt 0.87493900 0.24713100
vt 0.87493900 0.24713100
vt 0.62512200 0.00317500
vt 0.62512200 0.00000000
vt 0.74990800 0.00317500
vt 0.87493900 0.00000000
vt 0.87493900 0.00317500
vt 0.74990800 0.00000000
vt 0.37506100 0.00317500
vt 0.37506100 0.00000000
vt 0.50009200 0.00317500
vt 0.62512200 0.00000000
vt 0.62512200 0.00317500
vt 0.50009200 0.00000000
vt 0.12500000 0.00317500
vt 0.12500000 0.00000000
vt 0.25003100 0.00317500
vt 0.37506100 0.00000000
vt 0.37506100 0.00317500
vt 0.25003100 0.00000000
vt 0.12500000 0.25006100
vt 0.12500000 0.24713100
vt 0.25003100 0.25006100
vt 0.37506100 0.24713100
vt 0.37506100 0.25006100
vt 0.25003100 0.24713100
vt 0.62512200 0.25006100
vt 0.62512200 0.24713100
vt 0.74990800 0.25006100
vt 0.74990800 0.24713100
vt 0.87493900 0.25006100
vt 0.87493900 0.25006100
vt 0.87493900 0.25006100
vt 0.87493900 0.24713100
vt 0.87493900 0.24713100
vt 0.87493900 0.25006100
vt 0.87493900 0.24713100
vt 0.87493900 0.24713100
vt 0.37506100 0.74993900
vt 0.50009200 0.87496900
vt 0.37506100 0.87496900
vt 0.37506100 1.00000000
vt 0.50009200 1.00000000
vt 0.62512200 1.00000000
vt 0.62512200 0.87496900
vt 0.62512200 0.74993900
vt 0.62512200 0.74993900
vt 0.50009200 0.74993900
vt 0.50009200 0.74993900
vt 0.37506100 0.50280800
vt 0.37506100 0.49987800
vt 0.50009200 0.50280800
vt 0.62512200 0.49987800
vt 0.62512200 0.50280800
vt 0.50009200 0.49987800
vt 0.37506100 0.25006100
vt 0.50009200 0.37509200
vt 0.37506100 0.37509200
vt 0.37506100 0.49987800
vt 0.50009200 0.49987800
vt 0.62512200 0.49987800
vt 0.62512200 0.37509200
vt 0.62512200 0.25006100
vt 0.50009200 0.25006100
vt 0.37506100 0.25006100
vt 0.37506100 0.24713100
vt 0.50009200 0.25006100
vt 0.62512200 0.25006100
vt 0.62512200 0.25006100
vt 0.62512200 0.24713100
vt 0.62512200 0.24713100
vt 0.50009200 0.24713100
vt 0.62512200 0.00317500
vt 0.62512200 0.00000000
vt 0.74990800 0.00317500
vt 0.87493900 0.00000000
vt 0.87493900 0.00317500
vt 0.74990800 0.00000000
vt 0.12500000 0.00317500
vt 0.12500000 0.00000000
vt 0.25003100 0.00317500
vt 0.37506100 0.00000000
vt 0.37506100 0.00317500
vt 0.25003100 0.00000000
vt 0.37506100 0.74993900
vt 0.37506100 0.74676400
vt 0.50009200 0.74993900
vt 0.50009200 0.74676400
vt 0.62512200 0.74993900
vt 0.62512200 0.74676400
vt 0.12500000 0.25006100
vt 0.12500000 0.24713100
vt 0.25003100 0.25006100
vt 0.37506100 0.24713100
vt 0.37506100 0.25006100
vt 0.25003100 0.24713100
vt 0.37506100 0.74993900
vt 0.50009200 0.87496900
vt 0.37506100 0.87496900
vt 0.37506100 1.00000000
vt 0.50009200 1.00000000
vt 0.62512200 1.00000000
vt 0.62512200 0.87496900
vt 0.62512200 0.74993900
vt 0.50009200 0.74993900
vt 0.37506100 0.50280800
vt 0.37506100 0.49987800
vt 0.50009200 0.50280800
vt 0.62512200 0.49987800
vt 0.62512200 0.50280800
vt 0.50009200 0.49987800
vt 0.37506100 0.25006100
vt 0.50009200 0.37509200
vt 0.37506100 0.37509200
vt 0.37506100 0.49987800
vt 0.50009200 0.49987800
vt 0.62512200 0.49987800
vt 0.62512200 0.37509200
vt 0.62512200 0.25006100
vt 0.50009200 0.25006100
vt 0.37506100 0.25006100
vt 0.37506100 0.24713100
vt 0.50009200 0.25006100
vt 0.62512200 0.24713100
vt 0.62512200 0.25006100
vt 0.50009200 0.24713100
vt 0.37506100 0.74993900
vt 0.37506100 0.74993900
vt 0.37506100 0.74676400
vt 0.37506100 0.74676400
vt 0.62512200 0.74676400
vt 0.62512200 0.74676400
vt 0.62512200 0.74993900
vt 0.62512200 0.74993900
vt 0.37506100 0.74676400
vt 0.37506100 0.74676400
vt 0.50009200 0.74676400
vt 0.50009200 0.74676400
vt 0.62512200 0.74676400
vt 0.62512200 0.74676400
vt 0.87493900 0.24713100
vt 0.87493900 0.24713100
vt 0.87493900 0.25006100
vt 0.87493900 0.25006100
vt 0.87493900 0.25006100
vt 0.87493900 0.25006100
vt 0.87493900 0.25006100
vt 0.87493900 0.25006100
vt 0.87493900 0.25006100
vt 0.87493900 0.25006100
vt 0.87493900 0.25006100
vt 0.87493900 0.25006100
vt 0.74990800 0.25006100
vt 0.62512200 0.25006100
vt 0.62512200 0.25006100
vt 0.74990800 0.25006100
vt 0.87493900 0.24713100
vt 0.87493900 0.24713100
vt 0.87493900 0.25006100
vt 0.87493900 0.25006100
vt 0.62512200 0.24713100
vt 0.62512200 0.24713100
vt 0.74990800 0.24713100
vt 0.74990800 0.24713100
vt 0.87493900 0.24713100
vt 0.87493900 0.24713100
vt 0.87493900 0.24713100
vt 0.87493900 0.24713100
vt 0.87493900 0.24713100
vt 0.87493900 0.24713100
vt 0.87493900 0.24713100
vt 0.87493900 0.24713100
vt 0.62512200 0.00317500
vt 0.62512200 0.00000000
vt 0.74990800 0.00317500
vt 0.87493900 0.00000000
vt 0.87493900 0.00317500
vt 0.74990800 0.00000000
vt 0.37506100 0.00317500
vt 0.37506100 0.00000000
vt 0.50009200 0.00317500
vt 0.62512200 0.00000000
vt 0.62512200 0.00317500
vt 0.50009200 0.00000000
vt 0.12500000 0.00317500
vt 0.12500000 0.00000000
vt 0.25003100 0.00317500
vt 0.37506100 0.00000000
vt 0.37506100 0.00317500
vt 0.25003100 0.00000000
vt 0.12500000 0.25006100
vt 0.12500000 0.24713100
vt 0.25003100 0.25006100
vt 0.37506100 0.24713100
vt 0.37506100 0.25006100
vt 0.25003100 0.24713100
vt 0.62512200 0.25006100
vt 0.62512200 0.24713100
vt 0.74990800 0.25006100
vt 0.74990800 0.24713100
vt 0.87493900 0.25006100
vt 0.87493900 0.25006100
vt 0.87493900 0.25006100
vt 0.87493900 0.24713100
vt 0.87493900 0.24713100
vt 0.87493900 0.25006100
vt 0.87493900 0.24713100
vt 0.87493900 0.24713100
vt 0.37506100 0.74993900
vt 0.50009200 0.87496900
vt 0.37506100 0.87496900
vt 0.37506100 1.00000000
vt 0.50009200 1.00000000
vt 0.62512200 1.00000000
vt 0.62512200 0.87496900
vt 0.62512200 0.74993900
vt 0.62512200 0.74993900
vt 0.50009200 0.74993900
vt 0.50009200 0.74993900
vt 0.37506100 0.50280800
vt 0.37506100 0.49987800
vt 0.50009200 0.50280800
vt 0.62512200 0.49987800
vt 0.62512200 0.50280800
vt 0.50009200 0.49987800
vt 0.37506100 0.25006100
vt 0.50009200 0.37509200
vt 0.37506100 0.37509200
vt 0.37506100 0.49987800
vt 0.50009200 0.49987800
vt 0.62512200 0.49987800
vt 0.62512200 0.37509200
vt 0.62512200 0.25006100
vt 0.50009200 0.25006100
vt 0.37506100 0.25006100
vt 0.37506100 0.24713100
vt 0.50009200 0.25006100
vt 0.62512200 0.25006100
vt 0.62512200 0.25006100
vt 0.62512200 0.24713100
vt 0.62512200 0.24713100
vt 0.50009200 0.24713100
vt 0.62512200 0.00317500
vt 0.62512200 0.00000000
vt 0.74990800 0.00317500
vt 0.87493900 0.00000000
vt 0.87493900 0.00317500
vt 0.74990800 0.00000000
vt 0.12500000 0.00317500
vt 0.12500000 0.00000000
vt 0.25003100 0.00317500
vt 0.37506100 0.00000000
vt 0.37506100 0.00317500
vt 0.25003100 0.00000000
vt 0.37506100 0.74993900
vt 0.37506100 0.74676400
vt 0.50009200 0.74993900
vt 0.50009200 0.74676400
vt 0.62512200 0.74993900
vt 0.62512200 0.74676400
vt 0.12500000 0.25006100
vt 0.12500000 0.24713100
vt 0.25003100 0.25006100
vt 0.37506100 0.24713100
vt 0.37506100 0.25006100
vt 0.25003100 0.24713100
vt 0.37506100 0.74993900
vt 0.50009200 0.87496900
vt 0.37506100 0.87496900
vt 0.37506100 1.00000000
vt 0.50009200 1.00000000
vt 0.62512200 1.00000000
vt 0.62512200 0.87496900
vt 0.62512200 0.74993900
vt 0.50009200 0.74993900
vt 0.37506100 0.50280800
vt 0.37506100 0.49987800
vt 0.50009200 0.50280800
vt 0.62512200 0.49987800
vt 0.62512200 0.50280800
vt 0.50009200 0.49987800
vt 0.37506100 0.25006100
vt 0.50009200 0.37509200
vt 0.37506100 0.37509200
vt 0.37506100 0.49987800
vt 0.50009200 0.49987800
vt 0.62512200 0.49987800
vt 0.62512200 0.37509200
vt 0.62512200 0.25006100
vt 0.50009200 0.25006100
vt 0.37506100 0.25006100
vt 0.37506100 0.24713100
vt 0.50009200 0.25006100
vt 0.62512200 0.24713100
vt 0.62512200 0.25006100
vt 0.50009200 0.24713100
vt 0.37506100 0.74993900
vt 0.37506100 0.74993900
vt 0.37506100 0.74676400
vt 0.37506100 0.74676400
vt 0.62512200 0.74676400
vt 0.62512200 0.74676400
vt 0.62512200 0.74993900
vt 0.62512200 0.74993900
vt 0.37506100 0.74676400
vt 0.37506100 0.74676400
vt 0.50009200 0.74676400
vt 0.50009200 0.74676400
vt 0.62512200 0.74676400
vt 0.62512200 0.74676400
vt 0.87493900 0.24713100
vt 0.87493900 0.24713100
vt 0.87493900 0.25006100
vt 0.87493900 0.25006100
vt 0.87493900 0.25006100
vt 0.87493900 0.25006100
vt 0.87493900 0.25006100
vt 0.87493900 0.25006100
vt 0.87493900 0.25006100
vt 0.87493900 0.25006100
vt 0.87493900 0.25006100
vt 0.87493900 0.25006100
vt 0.74990800 0.25006100
vt 0.62512200 0.25006100
vt 0.62512200 0.25006100
vt 0.74990800 0.25006100
vt 0.87493900 0.24713100
vt 0.87493900 0.24713100
vt 0.87493900 0.25006100
vt 0.87493900 0.25006100
vt 0.62512200 0.24713100
vt 0.62512200 0.24713100
vt 0.74990800 0.24713100
vt 0.74990800 0.24713100
vt 0.87493900 0.24713100
vt 0.87493900 0.24713100
vt 0.87493900 0.24713100
vt 0.87493900 0.24713100
vt 0.87493900 0.24713100
vt 0.87493900 0.24713100
vt 0.87493900 0.24713100
vt 0.87493900 0.24713100
vt 0.62512200 0.00317500
vt 0.62512200 0.00000000
vt 0.74990800 0.00317500
vt 0.87493900 0.00000000
vt 0.87493900 0.00317500
vt 0.74990800 0.00000000
vt 0.37506100 0.00317500
vt 0.37506100 0.00000000
vt 0.50009200 0.00317500
vt 0.62512200 0.00000000
vt 0.62512200 0.00317500
vt 0.50009200 0.00000000
vt 0.12500000 0.00317500
vt 0.12500000 0.00000000
vt 0.25003100 0.00317500
vt 0.37506100 0.00000000
vt 0.37506100 0.00317500
vt 0.25003100 0.00000000
vt 0.12500000 0.25006100
vt 0.12500000 0.24713100
vt 0.25003100 0.25006100
vt 0.37506100 0.24713100
vt 0.37506100 0.25006100
vt 0.25003100 0.24713100
vt 0.62512200 0.25006100
vt 0.62512200 0.24713100
vt 0.74990800 0.25006100
vt 0.74990800 0.24713100
vt 0.87493900 0.25006100
vt 0.87493900 0.25006100
vt 0.87493900 0.25006100
vt 0.87493900 0.24713100
vt 0.87493900 0.24713100
vt 0.87493900 0.25006100
vt 0.87493900 0.24713100
vt 0.87493900 0.24713100
vt 0.37506100 0.74993900
vt 0.50009200 0.87496900
vt 0.37506100 0.87496900
vt 0.37506100 1.00000000
vt 0.50009200 1.00000000
vt 0.62512200 1.00000000
vt 0.62512200 0.87496900
vt 0.62512200 0.74993900
vt 0.62512200 0.74993900
vt 0.50009200 0.74993900
vt 0.50009200 0.74993900
vt 0.37506100 0.50280800
vt 0.37506100 0.49987800
vt 0.50009200 0.50280800
vt 0.62512200 0.49987800
vt 0.62512200 0.50280800
vt 0.50009200 0.49987800
vt 0.37506100 0.25006100
vt 0.50009200 0.37509200
vt 0.37506100 0.37509200
vt 0.37506100 0.49987800
vt 0.50009200 0.49987800
vt 0.62512200 0.49987800
vt 0.62512200 0.37509200
vt 0.62512200 0.25006100
vt 0.50009200 0.25006100
vt 0.37506100 0.25006100
vt 0.37506100 0.24713100
vt 0.50009200 0.25006100
vt 0.62512200 0.25006100
vt 0.62512200 0.25006100
vt 0.62512200 0.24713100
vt 0.62512200 0.24713100
vt 0.50009200 0.24713100
vt 0.62512200 0.00317500
vt 0.62512200 0.00000000
vt 0.74990800 0.00317500
vt 0.87493900 0.00000000
vt 0.87493900 0.00317500
vt 0.74990800 0.00000000
vt 0.12500000 0.00317500
vt 0.12500000 0.00000000
vt 0.25003100 0.00317500
vt 0.37506100 0.00000000
vt 0.37506100 0.00317500
vt 0.25003100 0.00000000
vt 0.37506100 0.74993900
vt 0.37506100 0.74676400
vt 0.50009200 0.74993900
vt 0.50009200 0.74676400
vt 0.62512200 0.74993900
vt 0.62512200 0.74676400
vt 0.12500000 0.25006100
vt 0.12500000 0.24713100
vt 0.25003100 0.25006100
vt 0.37506100 0.24713100
vt 0.37506100 0.25006100
vt 0.25003100 0.24713100
vt 0.37506100 0.74993900
vt 0.50009200 0.87496900
vt 0.37506100 0.87496900
vt 0.37506100 1.00000000
vt 0.50009200 1.00000000
vt 0.62512200 1.00000000
vt 0.62512200 0.87496900
vt 0.62512200 0.74993900
vt 0.50009200 0.74993900
vt 0.37506100 0.50280800
vt 0.37506100 0.49987800
vt 0.50009200 0.50280800
vt 0.62512200 0.49987800
vt 0.62512200 0.50280800
vt 0.50009200 0.49987800
vt 0.37506100 0.25006100
vt 0.50009200 0.37509200
vt 0.37506100 0.37509200
vt 0.37506100 0.49987800
vt 0.50009200 0.49987800
vt 0.62512200 0.49987800
vt 0.62512200 0.37509200
vt 0.62512200 0.25006100
vt 0.50009200 0.25006100
vt 0.37506100 0.25006100
vt 0.37506100 0.24713100
vt 0.50009200 0.25006100
vt 0.62512200 0.24713100
vt 0.62512200 0.25006100
vt 0.50009200 0.24713100
f 1/1/1 2/2/2 3/3/3
f 2/2/2 4/4/4 3/3/3
f 5/5/5 6/6/6 7/7/7
f 6/6/6 8/8/8 7/7/7
f 9/9/9 10/10/10 11/11/11
f 10/10/10 12/12/12 11/11/11
f 13/13/13 14/14/14 15/15/15
f 14/14/14 16/16/16 15/15/15
f 17/17/17 18/18/18 19/19/19
f 18/18/18 20/20/20 19/19/19
f 21/21/21 22/22/22 23/23/23
f 22/22/22 24/24/24 23/23/23
f 25/25/25 26/26/26 27/27/27
f 26/26/26 28/28/28 27/27/27
f 29/29/29 30/30/30 31/31/31
f 30/30/30 32/32/32 31/31/31
f 33/33/33 34/34/34 35/35/35
f 34/34/34 36/36/36 35/35/35
f 37/37/37 38/38/38 39/39/39
f 38/38/38 40/40/40 39/39/39
f 41/41/41 42/42/42 43/43/43
f 42/42/42 44/44/44 43/43/43
f 45/45/45 46/46/46 47/47/47
f 48/48/48 49/49/49 50/50/50
f 49/49/49 51/51/51 50/50/50
f 52/52/52 53/53/53 54/54/54
f 55/55/55 56/56/56 57/57/57
f 58/58/58 59/59/59 60/60/60
f 59/59/59 61/61/61 60/60/60
f 62/62/62 63/63/63 64/64/64
f 63/63/63 65/65/65 64/64/64
f 66/66/66 67/67/67 68/68/68
f 67/67/67 69/69/69 68/68/68
f 70/70/70 71/71/71 72/72/72
f 71/71/71 73/73/73 72/72/72
f 74/74/74 75/75/75 76/76/76
f 75/75/75 77/77/77 76/76/76
f 78/78/78 79/79/79 80/80/80
f 80/80/80 79/79/79 81/81/81
f 79/79/79 82/82/82 81/81/81
f 81/81/81 82/82/82 83/83/83
f 82/82/82 84/84/84 83/83/83
f 83/83/83 84/84/84 85/85/85
f 84/84/84 86/86/86 85/85/85
f 86/86/86 87/87/87 85/85/85
f 88/88/88 89/89/89 90/90/90
f 90/90/90 89/89/89 91/91/91
f 89/89/89 92/92/92 91/91/91
f 91/91/91 92/92/92 93/93/93
f 92/92/92 94/94/94 93/93/93
f 93/93/93 94/94/94 95/95/95
f 94/94/94 96/96/96 95/95/95
f 96/96/96 97/97/97 95/95/95
f 98/98/98 99/99/99 100/100/100
f 100/100/100 99/99/99 101/101/101
f 99/99/99 102/102/102 101/101/101
f 101/101/101 102/102/102 103/103/103
f 102/102/102 104/104/104 103/103/103
f 103/103/103 104/104/104 105/105/105
f 104/104/104 106/106/106 105/105/105
f 106/106/106 107/107/107 105/105/105
f 108/108/108 109/109/109 110/110/110
f 110/110/110 109/109/109 111/111/111
f 109/109/109 112/112/112 111/111/111
f 111/111/111 112/112/112 113/113/113
f 112/112/112 114/114/114 113/113/113
f 113/113/113 114/114/114 115/115/115
f 114/114/114 116/116/116 115/115/115
f 116/116/116 117/117/117 115/115/115
f 118/118/118 119/119/119 120/120/120
f 120/120/120 119/119/119 121/121/121
f 119/119/119 122/122/122 121/121/121
f 121/121/121 122/122/122 123/123/123
f 122/122/122 124/124/124 123/123/123
f 123/123/123 124/124/124 125/125/125
f 124/124/124 126/126/126 125/125/125
f 126/126/126 127/127/127 125/125/125
f 128/128/128 129/129/129 130/130/130
f 130/130/130 129/129/129 131/131/131
f 129/129/129 132/132/132 131/131/131
f 131/131/131 132/132/132 133/133/133
f 132/132/132 134/134/134 133/133/133
f 133/133/133 134/134/134 135/135/135
f 134/134/134 136/136/136 135/135/135
f 136/136/136 137/137/137 135/135/135
f 138/138/138 139/139/139 140/140/140
f 140/140/140 139/139/139 141/141/141
f 139/139/139 142/142/142 141/141/141
f 141/141/141 142/142/142 143/143/143
f 142/142/142 144/144/144 143/143/143
f 143/143/143 144/144/144 145/145/145
f 144/144/144 146/146/146 145/145/145
f 146/146/146 147/147/147 145/145/145
f 148/148/148 149/149/149 150/150/150
f 149/149/149 151/151/151 150/150/150
f 152/152/152 153/153/153 154/154/154
f 153/153/153 155/155/155 154/154/154
f 156/156/156 157/157/157 158/158/158
f 158/158/158 157/157/157 159/159/159
f 157/157/157 160/160/160 159/159/159
f 159/159/159 160/160/160 161/161/161
f 160/160/160 162/162/162 161/161/161
f 161/161/161 162/162/162 163/163/163
f 162/162/162 164/164/164 163/163/163
f 164/164/164 165/165/165 163/163/163
f 166/166/166 167/167/167 168/168/168
f 168/168/168 167/167/167 169/169/169
f 167/167/167 170/170/170 169/169/169
f 170/170/170 171/171/171 169/169/169
f 172/172/172 173/173/173 174/174/174
f 174/174/174 173/173/173 175/175/175
f 173/173/173 176/176/176 175/175/175
f 175/175/175 176/176/176 177/177/177
f 176/176/176 178/178/178 177/177/177
f 178/178/178 179/179/179 177/177/177
f 180/180/180 181/181/181 182/182/182
f 182/182/182 181/181/181 183/183/183
f 181/181/181 184/184/184 183/183/183
f 184/184/184 185/185/185 183/183/183
f 186/186/186 187/187/187 188/188/188
f 188/188/188 187/187/187 189/189/189
f 187/187/187 190/190/190 189/189/189
f 189/189/189 190/190/190 191/191/191
f 190/190/190 192/192/192 191/191/191
f 192/192/192 193/193/193 191/191/191
f 194/194/194 195/195/195 196/196/196
f 196/196/196 195/195/195 197/197/197
f 195/195/195 198/198/198 197/197/197
f 198/198/198 199/199/199 197/197/197
f 200/200/200 201/201/201 202/202/202
f 202/202/202 201/201/201 203/203/203
f 201/201/201 204/204/204 203/203/203
f 203/203/203 204/204/204 205/205/205
f 204/204/204 206/206/206 205/205/205
f 206/206/206 207/207/207 205/205/205
f 208/208/208 209/209/209 210/210/210
f 210/210/210 209/209/209 211/211/211
f 209/209/209 212/212/212 211/211/211
f 212/212/212 213/213/213 211/211/211
f 214/214/214 215/215/215 216/216/216
f 216/216/216 215/215/215 217/217/217
f 215/215/215 218/218/218 217/217/217
f 217/217/217 218/218/218 219/219/219
f 218/218/218 220/220/220 219/219/219
f 220/220/220 221/221/221 219/219/219
f 222/222/222 223/223/223 224/224/224
f 223/223/223 225/225/225 224/224/224
f 226/226/226 227/227/227 228/228/228
f 227/227/227 229/229/229 228/228/228
f 230/230/230 231/231/231 232/232/232
f 231/231/231 233/233/233 232/232/232
f 233/233/233 228/228/228 232/232/232
f 228/228/228 229/229/229 232/232/232
f 234/234/234 235/235/235 236/236/236
f 235/235/235 237/237/237 236/236/236
f 239/239/239 240/240/240 242/242/242
f 243/243/243 241/241/241 244/244/244
f 241/241/241 246/246/246 244/244/244
f 245/245/245 247/247/247 248/248/248
f 247/247/247 250/250/250 248/248/248
f 249/249/249 251/251/251 252/252/252
f 251/251/251 238/238/238 252/252/252
f 239/239/239 242/242/242 253/253/253
f 254/254/254 255/255/255 256/256/256
f 257/257/257 258/258/258 259/259/259
f 260/260/260 261/261/261 262/262/262
f 263/263/263 264/264/264 265/265/265
f 266/266/266 265/265/265 267/267/267
f 265/265/265 264/264/264 267/267/267
f 264/264/264 262/262/262 267/267/267
f 262/262/262 261/261/261 267/267/267
f 268/268/268 267/267/267 269/269/269
f 267/267/267 261/261/261 269/269/269
f 269/269/269 261/261/261 270/270/270
f 270/270/270 261/261/261 271/271/271
f 261/261/261 260/260/260 271/271/271
f 260/260/260 259/259/259 271/271/271
f 259/259/259 258/258/258 271/271/271
f 272/272/272 271/271/271 273/273/273
f 271/271/271 258/258/258 273/273/273
f 273/273/273 258/258/258 274/274/274
f 274/274/274 258/258/258 275/275/275
f 258/258/258 257/257/257 275/275/275
f 257/257/257 256/256/256 275/275/275
f 256/256/256 255/255/255 275/275/275
f 276/276/276 275/275/275 277/277/277
f 275/275/275 255/255/255 277/277/277
f 277/277/277 255/255/255 278/278/278
f 278/278/278 255/255/255 279/279/279
f 255/255/255 254/254/254 279/279/279
f 254/254/254 263/263/263 279/279/279
f 263/263/263 265/265/265 279/279/279
f 280/280/280 279/279/279 281/281/281
f 279/279/279 265/265/265 281/281/281
f 265/265/265 266/266/266 281/281/281
f 282/282/282 283/283/283 284/284/284
f 284/284/284 283/283/283 285/285/285
f 283/283/283 286/286/286 285/285/285
f 285/285/285 286/286/286 287/287/287
f 286/286/286 288/288/288 287/287/287
f 287/287/287 288/288/288 289/289/289
f 288/288/288 290/290/290 289/289/289
f 289/289/289 290/290/290 291/291/291
f 290/290/290 292/292/292 291/291/291
f 291/291/291 292/292/292 293/293/293
f 292/292/292 294/294/294 293/293/293
f 293/293/293 294/294/294 295/295/295
f 294/294/294 296/296/296 295/295/295
f 295/295/295 296/296/296 297/297/297
f 296/296/296 282/282/282 297/297/297
f 282/282/282 284/284/284 297/297/297
f 298/298/298 299/299/299 300/300/300
f 300/300/300 299/299/299 301/301/301
f 301/301/301 299/299/299 302/302/302
f 302/302/302 299/299/299 303/303/303
f 303/303/303 299/299/299 304/304/304
f 304/304/304 299/299/299 305/305/305
f 305/305/305 299/299/299 306/306/306
f 306/306/306 299/299/299 307/307/307
f 307/307/307 299/299/299 308/308/308
f 299/299/299 298/298/298 308/308/308
f 309/309/309 310/310/310 311/311/311
f 311/311/311 310/310/310 312/312/312
f 310/310/310 313/313/313 312/312/312
f 312/312/312 313/313/313 314/314/314
f 313/313/313 315/315/315 314/314/314
f 314/314/314 315/315/315 316/316/316
f 315/315/315 317/317/317 316/316/316
f 316/316/316 317/317/317 318/318/318
f 317/317/317 319/319/319 318/318/318
f 318/318/318 319/319/319 320/320/320
f 319/319/319 321/321/321 320/320/320
f 320/320/320 321/321/321 322/322/322
f 321/321/321 323/323/323 322/322/322
f 323/323/323 324/324/324 322/322/322
f 325/325/325 326/326/326 327/327/327
f 327/327/327 326/326/326 328/328/328
f 326/326/326 329/329/329 328/328/328
f 328/328/328 329/329/329 330/330/330
f 329/329/329 331/331/331 330/330/330
f 330/330/330 331/331/331 332/332/332
f 331/331/331 333/333/333 332/332/332
f 332/332/332 333/333/333 334/334/334
f 333/333/333 335/335/335 334/334/334
f 334/334/334 335/335/335 336/336/336
f 335/335/335 337/337/337 336/336/336
f 336/336/336 337/337/337 338/338/338
f 337/337/337 339/339/339 338/338/338
f 339/339/339 340/340/340 338/338/338
f 341/341/341 342/342/342 343/343/343
f 343/343/343 342/342/342 344/344/344
f 342/342/342 345/345/345 344/344/344
f 344/344/344 345/345/345 346/346/346
f 345/345/345 347/347/347 346/346/346
f 346/346/346 347/347/347 348/348/348
f 347/347/347 349/349/349 348/348/348
f 348/348/348 349/349/349 350/350/350
f 349/349/349 351/351/351 350/350/350
f 350/350/350 351/351/351 352/352/352
f 351/351/351 353/353/353 352/352/352
f 352/352/352 353/353/353 354/354/354
f 353/353/353 355/355/355 354/354/354
f 355/355/355 356/356/356 354/354/354
f 357/357/357 358/358/358 359/359/359
f 358/358/358 360/360/360 359/359/359
f 359/359/359 360/360/360 361/361/361
f 360/360/360 362/362/362 361/361/361
f 361/361/361 362/362/362 363/363/363
f 362/362/362 364/364/364 363/363/363
f 363/363/363 364/364/364 365/365/365
f 364/364/364 366/366/366 365/365/365
f 365/365/365 366/366/366 367/367/367
f 366/366/366 368/368/368 367/367/367
f 367/367/367 368/368/368 369/369/369
f 368/368/368 370/370/370 369/369/369
f 370/370/370 371/371/371 369/369/369
f 372/372/372 373/373/373 374/374/374
f 374/374/374 373/373/373 375/375/375
f 375/375/375 373/373/373 376/376/376
f 373/373/373 377/377/377 376/376/376
f 377/377/377 378/378/378 376/376/376
f 376/376/376 378/378/378 379/379/379
f 378/378/378 380/380/380 379/379/379
f 379/379/379 380/380/380 381/381/381
f 380/380/380 382/382/382 381/381/381
f 381/381/381 382/382/382 383/383/383
f 382/382/382 384/384/384 383/383/383
f 383/383/383 384/384/384 385/385/385
f 384/384/384 386/386/386 385/385/385
f 386/386/386 387/387/387 385/385/385
f 388/388/388 389/389/389 390/390/390
f 390/390/390 389/389/389 391/391/391
f 389/389/389 392/392/392 391/391/391
f 391/391/391 392/392/392 393/393/393
f 392/392/392 394/394/394 393/393/393
f 393/393/393 394/394/394 395/395/395
f 394/394/394 396/396/396 395/395/395
f 395/395/395 396/396/396 397/397/397
f 396/396/396 398/398/398 397/397/397
f 397/397/397 398/398/398 399/399/399
f 398/398/398 400/400/400 399/399/399
f 399/399/399 400/400/400 401/401/401
f 400/400/400 402/402/402 401/401/401
f 402/402/402 403/403/403 401/401/401
f 404/404/404 405/405/405 406/406/406
f 406/406/406 405/405/405 407/407/407
f 405/405/405 408/408/408 407/407/407
f 407/407/407 408/408/408 409/409/409
f 408/408/408 410/410/410 409/409/409
f 409/409/409 410/410/410 411/411/411
f 410/410/410 412/412/412 411/411/411
f 411/411/411 412/412/412 413/413/413
f 412/412/412 414/414/414 413/413/413
f 413/413/413 414/414/414 415/415/415
f 414/414/414 416/416/416 415/415/415
f 415/415/415 416/416/416 417/417/417
f 416/416/416 418/418/418 417/417/417
f 418/418/418 419/419/419 417/417/417
f 420/420/420 421/421/421 422/422/422
f 422/422/422 421/421/421 423/423/423
f 421/421/421 424/424/424 423/423/423
f 423/423/423 424/424/424 425/425/425
f 424/424/424 426/426/426 425/425/425
f 425/425/425 426/426/426 427/427/427
f 426/426/426 428/428/428 427/427/427
f 427/427/427 428/428/428 429/429/429
f 428/428/428 430/430/430 429/429/429
f 429/429/429 430/430/430 431/431/431
f 430/430/430 432/432/432 431/431/431
f 431/431/431 432/432/432 433/433/433
f 432/432/432 434/434/434 433/433/433
f 434/434/434 435/435/435 433/433/433
f 436/436/436 437/437/437 438/438/438
f 437/437/437 439/439/439 438/438/438
f 438/438/438 439/439/439 440/440/440
f 439/439/439 441/441/441 440/440/440
f 440/440/440 441/441/441 442/442/442
f 441/441/441 443/443/443 442/442/442
f 442/442/442 443/443/443 444/444/444
f 443/443/443 445/445/445 444/444/444
f 444/444/444 445/445/445 446/446/446
f 445/445/445 447/447/447 446/446/446
f 446/446/446 447/447/447 448/448/448
f 447/447/447 449/449/449 448/448/448
f 449/449/449 450/450/450 448/448/448
f 451/451/451 452/452/452 453/453/453
f 453/453/453 452/452/452 454/454/454
f 454/454/454 452/452/452 455/455/455
f 452/452/452 456/456/456 455/455/455
f 456/456/456 457/457/457 455/455/455
f 455/455/455 457/457/457 458/458/458
f 457/457/457 459/459/459 458/458/458
f 458/458/458 459/459/459 460/460/460
f 459/459/459 461/461/461 460/460/460
f 460/460/460 461/461/461 462/462/462
f 461/461/461 463/463/463 462/462/462
f 462/462/462 463/463/463 464/464/464
f 463/463/463 465/465/465 464/464/464
f 465/465/465 466/466/466 464/464/464
f 467/467/467 468/468/468 469/469/469
f 469/469/469 468/468/468 470/470/470
f 470/470/470 468/468/468 471/471/471
f 471/471/471 468/468/468 472/472/472
f 472/472/472 468/468/468 473/473/473
f 473/473/473 468/468/468 474/474/474
f 474/474/474 468/468/468 475/475/475
f 475/475/475 468/468/468 476/476/476
f 476/476/476 468/468/468 477/477/477
f 468/468/468 467/467/467 477/477/477
f 478/478/478 479/479/479 480/480/480
f 480/480/480 479/479/479 481/481/481
f 479/479/479 482/482/482 481/481/481
f 481/481/481 482/482/482 483/483/483
f 482/482/482 484/484/484 483/483/483
f 483/483/483 484/484/484 485/485/485
f 484/484/484 486/486/486 485/485/485
f 485/485/485 486/486/486 487/487/487
f 486/486/486 488/488/488 487/487/487
f 487/487/487 488/488/488 489/489/489
f 488/488/488 490/490/490 489/489/489
f 489/489/489 490/490/490 491/491/491
f 490/490/490 492/492/492 491/491/491
f 491/491/491 492/492/492 493/493/493
f 492/492/492 494/494/494 493/493/493
f 493/493/493 494/494/494 495/495/495
f 494/494/494 496/496/496 495/495/495
f 496/496/496 497/497/497 495/495/495
f 498/498/498 499/499/499 500/500/500
f 500/500/500 499/499/499 501/501/501
f 499/499/499 502/502/502 501/501/501
f 503/503/503 504/504/504 505/505/505
f 505/505/505 504/504/504 506/506/506
f 504/504/504 507/507/507 506/506/506
f 506/506/506 507/507/507 508/508/508
f 507/507/507 509/509/509 508/508/508
f 508/508/508 509/509/509 510/510/510
f 509/509/509 511/511/511 510/510/510
f 510/510/510 511/511/511 512/512/512
f 511/511/511 513/513/513 512/512/512
f 512/512/512 513/513/513 514/514/514
f 513/513/513 501/501/501 514/514/514
f 514/514/514 501/501/501 515/515/515
f 501/501/501 502/502/502 515/515/515
f 502/502/502 516/516/516 515/515/515
f 515/515/515 516/516/516 517/517/517
f 516/516/516 498/498/498 517/517/517
f 498/498/498 500/500/500 517/517/517
f 500/500/500 518/518/518 517/517/517
f 517/517/517 518/518/518 519/519/519
f 518/518/518 520/520/520 519/519/519
f 520/520/520 521/521/521 519/519/519
f 522/522/522 523/523/523 524/524/524
f 524/524/524 523/523/523 525/525/525
f 523/523/523 526/526/526 525/525/525
f 525/525/525 526/526/526 527/527/527
f 526/526/526 528/528/528 527/527/527
f 527/527/527 528/528/528 529/529/529
f 528/528/528 530/530/530 529/529/529
f 529/529/529 530/530/530 531/531/531
f 530/530/530 532/532/532 531/531/531
f 531/531/531 532/532/532 533/533/533
f 532/532/532 534/534/534 533/533/533
f 533/533/533 534/534/534 535/535/535
f 534/534/534 536/536/536 535/535/535
f 535/535/535 536/536/536 537/537/537
f 536/536/536 538/538/538 537/537/537
f 537/537/537 538/538/538 539/539/539
f 538/538/538 540/540/540 539/539/539
f 540/540/540 541/541/541 539/539/539
f 542/542/542 543/543/543 544/544/544
f 543/543/543 545/545/545 544/544/544
f 544/544/544 545/545/545 546/546/546
f 545/545/545 547/547/547 546/546/546
f 546/546/546 547/547/547 548/548/548
f 547/547/547 549/549/549 548/548/548
f 548/548/548 549/549/549 550/550/550
f 549/549/549 551/551/551 550/550/550
f 550/550/550 551/551/551 552/552/552
f 551/551/551 553/553/553 552/552/552
f 552/552/552 553/553/553 554/554/554
f 553/553/553 555/555/555 554/554/554
f 554/554/554 555/555/555 556/556/556
f 555/555/555 557/557/557 556/556/556
f 556/556/556 557/557/557 558/558/558
f 557/557/557 559/559/559 558/558/558
f 559/559/559 560/560/560 558/558/558
f 561/561/561 562/562/562 563/563/563
f 563/563/563 562/562/562 564/564/564
f 564/564/564 562/562/562 565/565/565
f 562/562/562 566/566/566 565/565/565
f 566/566/566 567/567/567 565/565/565
f 565/565/565 567/567/567 568/568/568
f 567/567/567 569/569/569 568/568/568
f 568/568/568 569/569/569 570/570/570
f 569/569/569 571/571/571 570/570/570
f 570/570/570 571/571/571 572/572/572
f 571/571/571 573/573/573 572/572/572
f 572/572/572 573/573/573 574/574/574
f 573/573/573 575/575/575 574/574/574
f 574/574/574 575/575/575 576/576/576
f 575/575/575 577/577/577 576/576/576
f 576/576/576 577/577/577 578/578/578
f 577/577/577 579/579/579 578/578/578
f 579/579/579 580/580/580 578/578/578
f 581/581/581 582/582/582 583/583/583
f 583/583/583 582/582/582 584/584/584
f 582/582/582 585/585/585 584/584/584
f 584/584/584 585/585/585 586/586/586
f 585/585/585 587/587/587 586/586/586
f 586/586/586 587/587/587 588/588/588
f 587/587/587 589/589/589 588/588/588
f 588/588/588 589/589/589 590/590/590
f 589/589/589 591/591/591 590/590/590
f 590/590/590 591/591/591 592/592/592
f 591/591/591 593/593/593 592/592/592
f 592/592/592 593/593/593 594/594/594
f 593/593/593 595/595/595 594/594/594
f 594/594/594 595/595/595 596/596/596
f 595/595/595 597/597/597 596/596/596
f 596/596/596 597/597/597 598/598/598
f 597/597/597 599/599/599 598/598/598
f 599/599/599 600/600/600 598/598/598
f 601/601/601 602/602/602 603/603/603
f 603/603/603 602/602/602 604/604/604
f 602/602/602 605/605/605 604/604/604
f 604/604/604 605/605/605 606/606/606
f 605/605/605 607/607/607 606/606/606
f 606/606/606 607/607/607 608/608/608
f 607/607/607 609/609/609 608/608/608
f 608/608/608 609/609/609 610/610/610
f 609/609/609 611/611/611 610/610/610
f 610/610/610 611/611/611 612/612/612
f 611/611/611 613/613/613 612/612/612
f 612/612/612 613/613/613 614/614/614
f 613/613/613 615/615/615 614/614/614
f 614/614/614 615/615/615 616/616/616
f 615/615/615 617/617/617 616/616/616
f 616/616/616 617/617/617 618/618/618
f 617/617/617 619/619/619 618/618/618
f 619/619/619 620/620/620 618/618/618
f 621/621/621 622/622/622 623/623/623
f 623/623/623 622/622/622 624/624/624
f 622/622/622 625/625/625 624/624/624
f 624/624/624 625/625/625 626/626/626
f 625/625/625 627/627/627 626/626/626
f 626/626/626 627/627/627 628/628/628
f 627/627/627 629/629/629 628/628/628
f 628/628/628 629/629/629 630/630/630
f 629/629/629 631/631/631 630/630/630
f 630/630/630 631/631/631 632/632/632
f 631/631/631 633/633/633 632/632/632
f 632/632/632 633/633/633 634/634/634
f 633/633/633 635/635/635 634/634/634
f 634/634/634 635/635/635 636/636/636
f 635/635/635 637/637/637 636/636/636
f 636/636/636 637/637/637 638/638/638
f 637/637/637 639/639/639 638/638/638
f 639/639/639 640/640/640 638/638/638
f 641/641/641 642/642/642 643/643/643
f 642/642/642 644/644/644 643/643/643
f 643/643/643 644/644/644 645/645/645
f 644/644/644 646/646/646 645/645/645
f 645/645/645 646/646/646 647/647/647
f 646/646/646 648/648/648 647/647/647
f 647/647/647 648/648/648 649/649/649
f 648/648/648 650/650/650 649/649/649
f 649/649/649 650/650/650 651/651/651
f 650/650/650 652/652/652 651/651/651
f 651/651/651 652/652/652 653/653/653
f 652/652/652 654/654/654 653/653/653
f 653/653/653 654/654/654 655/655/655
f 654/654/654 656/656/656 655/655/655
f 655/655/655 656/656/656 657/657/657
f 656/656/656 658/658/658 657/657/657
f 658/658/658 659/659/659 657/657/657
f 660/660/660 661/661/661 662/662/662
f 662/662/662 661/661/661 663/663/663
f 663/663/663 661/661/661 664/664/664
f 661/661/661 665/665/665 664/664/664
f 665/665/665 666/666/666 664/664/664
f 664/664/664 666/666/666 667/667/667
f 666/666/666 668/668/668 667/667/667
f 667/667/667 668/668/668 669/669/669
f 668/668/668 670/670/670 669/669/669
f 669/669/669 670/670/670 671/671/671
f 670/670/670 672/672/672 671/671/671
f 671/671/671 672/672/672 673/673/673
f 672/672/672 674/674/674 673/673/673
f 673/673/673 674/674/674 675/675/675
f 674/674/674 676/676/676 675/675/675
f 675/675/675 676/676/676 677/677/677
f 676/676/676 678/678/678 677/677/677
f 678/678/678 679/679/679 677/677/677
f 680/680/680 681/681/681 682/682/682
f 682/682/682 681/681/681 683/683/683
f 681/681/681 684/684/684 683/683/683
f 683/683/683 684/684/684 685/685/685
f 684/684/684 686/686/686 685/685/685
f 685/685/685 686/686/686 687/687/687
f 686/686/686 688/688/688 687/687/687
f 687/687/687 688/688/688 689/689/689
f 688/688/688 690/690/690 689/689/689
f 689/689/689 690/690/690 691/691/691
f 690/690/690 692/692/692 691/691/691
f 691/691/691 692/692/692 693/693/693
f 692/692/692 694/694/694 693/693/693
f 693/693/693 694/694/694 695/695/695
f 694/694/694 696/696/696 695/695/695
f 695/695/695 696/696/696 697/697/697
f 696/696/696 698/698/698 697/697/697
f 697/697/697 698/698/698 699/699/699
f 698/698/698 680/680/680 699/699/699
f 680/680/680 682/682/682 699/699/699
f 700/700/700 701/701/701 702/702/702
f 701/701/701 703/703/703 702/702/702
f 704/704/704 705/705/705 706/706/706
f 705/705/705 707/707/707 706/706/706
f 708/708/708 709/709/709 710/710/710
f 709/709/709 711/711/711 710/710/710
f 712/712/712 713/713/713 714/714/714
f 713/713/713 715/715/715 714/714/714
f 716/716/716 717/717/717 718/718/718
f 718/718/718 717/717/717 719/719/719
f 717/717/717 720/720/720 719/719/719
f 719/719/719 720/720/720 721/721/721
f 720/720/720 722/722/722 721/721/721
f 721/721/721 722/722/722 723/723/723
f 722/722/722 724/724/724 723/723/723
f 724/724/724 725/725/725 723/723/723
f 726/726/726 727/727/727 728/728/728
f 728/728/728 727/727/727 729/729/729
f 727/727/727 730/730/730 729/729/729
f 729/729/729 730/730/730 731/731/731
f 730/730/730 732/732/732 731/731/731
f 731/731/731 732/732/732 733/733/733
f 732/732/732 734/734/734 733/733/733
f 733/733/733 734/734/734 735/735/735
f 734/734/734 736/736/736 735/735/735
f 735/735/735 736/736/736 737/737/737
f 736/736/736 738/738/738 737/737/737
f 738/738/738 739/739/739 737/737/737
f 740/740/740 741/741/741 742/742/742
f 742/742/742 741/741/741 743/743/743
f 741/741/741 744/744/744 743/743/743
f 743/743/743 744/744/744 745/745/745
f 744/744/744 746/746/746 745/745/745
f 745/745/745 746/746/746 747/747/747
f 746/746/746 748/748/748 747/747/747
f 747/747/747 748/748/748 749/749/749
f 748/748/748 750/750/750 749/749/749
f 749/749/749 750/750/750 751/751/751
f 750/750/750 752/752/752 751/751/751
f 752/752/752 753/753/753 751/751/751
f 754/754/754 755/755/755 756/756/756
f 756/756/756 755/755/755 757/757/757
f 755/755/755 758/758/758 757/757/757
f 757/757/757 758/758/758 759/759/759
f 758/758/758 760/760/760 759/759/759
f 759/759/759 760/760/760 761/761/761
f 760/760/760 762/762/762 761/761/761
f 761/761/761 762/762/762 763/763/763
f 762/762/762 764/764/764 763/763/763
f 763/763/763 764/764/764 765/765/765
f 764/764/764 766/766/766 765/765/765
f 766/766/766 767/767/767 765/765/765
f 768/768/768 769/769/769 770/770/770
f 770/770/770 769/769/769 771/771/771
f 769/769/769 772/772/772 771/771/771
f 771/771/771 772/772/772 773/773/773
f 772/772/772 774/774/774 773/773/773
f 773/773/773 774/774/774 775/775/775
f 774/774/774 776/776/776 775/775/775
f 775/775/775 776/776/776 777/777/777
f 776/776/776 778/778/778 777/777/777
f 777/777/777 778/778/778 779/779/779
f 778/778/778 780/780/780 779/779/779
f 780/780/780 781/781/781 779/779/779
f 782/782/782 783/783/783 784/784/784
f 783/783/783 785/785/785 784/784/784
f 786/786/786 787/787/787 788/788/788
f 787/787/787 789/789/789 788/788/788
f 789/789/789 784/784/784 788/788/788
f 784/784/784 785/785/785 788/788/788
f 785/785/785 790/790/790 788/788/788
f 788/788/788 790/790/790 791/791/791
f 790/790/790 792/792/792 791/791/791
f 791/791/791 792/792/792 793/793/793
f 792/792/792 794/794/794 793/793/793
f 793/793/793 794/794/794 795/795/795
f 794/794/794 796/796/796 795/795/795
f 796/796/796 797/797/797 795/795/795
f 798/798/798 799/799/799 800/800/800
f 800/800/800 799/799/799 801/801/801
f 799/799/799 802/802/802 801/801/801
f 801/801/801 802/802/802 803/803/803
f 802/802/802 804/804/804 803/803/803
f 803/803/803 804/804/804 805/805/805
f 804/804/804 806/806/806 805/805/805
f 805/805/805 806/806/806 807/807/807
f 806/806/806 808/808/808 807/807/807
f 807/807/807 808/808/808 809/809/809
f 808/808/808 810/810/810 809/809/809
f 810/810/810 811/811/811 809/809/809
f 812/812/812 813/813/813 814/814/814
f 814/814/814 813/813/813 815/815/815
f 813/813/813 816/816/816 815/815/815
f 815/815/815 816/816/816 817/817/817
f 816/816/816 818/818/818 817/817/817
f 817/817/817 818/818/818 819/819/819
f 818/818/818 820/820/820 819/819/819
f 819/819/819 820/820/820 821/821/821
f 820/820/820 822/822/822 821/821/821
f 821/821/821 822/822/822 823/823/823
f 822/822/822 824/824/824 823/823/823
f 824/824/824 825/825/825 823/823/823
f 826/826/826 827/827/827 828/828/828
f 828/828/828 827/827/827 829/829/829
f 827/827/827 830/830/830 829/829/829
f 829/829/829 830/830/830 831/831/831
f 830/830/830 832/832/832 831/831/831
f 831/831/831 832/832/832 833/833/833
f 832/832/832 834/834/834 833/833/833
f 833/833/833 834/834/834 835/835/835
f 834/834/834 836/836/836 835/835/835
f 835/835/835 836/836/836 837/837/837
f 836/836/836 838/838/838 837/837/837
f 838/838/838 839/839/839 837/837/837
f 840/840/840 841/841/841 842/842/842
f 842/842/842 841/841/841 843/843/843
f 841/841/841 844/844/844 843/843/843
f 843/843/843 844/844/844 845/845/845
f 844/844/844 846/846/846 845/845/845
f 845/845/845 846/846/846 847/847/847
f 846/846/846 848/848/848 847/847/847
f 847/847/847 848/848/848 849/849/849
f 848/848/848 850/850/850 849/849/849
f 849/849/849 850/850/850 851/851/851
f 850/850/850 852/852/852 851/851/851
f 852/852/852 853/853/853 851/851/851
f 854/854/854 855/855/855 856/856/856
f 856/856/856 855/855/855 857/857/857
f 855/855/855 858/858/858 857/857/857
f 857/857/857 858/858/858 859/859/859
f 858/858/858 860/860/860 859/859/859
f 859/859/859 860/860/860 861/861/861
f 860/860/860 862/862/862 861/861/861
f 861/861/861 862/862/862 863/863/863
f 862/862/862 864/864/864 863/863/863
f 863/863/863 864/864/864 865/865/865
f 864/864/864 866/866/866 865/865/865
f 865/865/865 866/866/866 867/867/867
f 866/866/866 868/868/868 867/867/867
f 867/867/867 868/868/868 869/869/869
f 868/868/868 870/870/870 869/869/869
f 869/869/869 870/870/870 871/871/871
f 870/870/870 872/872/872 871/871/871
f 871/871/871 872/872/872 873/873/873
f 872/872/872 854/854/854 873/873/873
f 854/854/854 856/856/856 873/873/873
f 874/874/874 875/875/875 876/876/876
f 876/876/876 875/875/875 877/877/877
f 875/875/875 878/878/878 877/877/877
f 877/877/877 878/878/878 879/879/879
f 878/878/878 880/880/880 879/879/879
f 879/879/879 880/880/880 881/881/881
f 880/880/880 882/882/882 881/881/881
f 881/881/881 882/882/882 883/883/883
f 882/882/882 884/884/884 883/883/883
f 884/884/884 885/885/885 883/883/883
f 886/886/886 887/887/887 888/888/888
f 888/888/888 887/887/887 889/889/889
f 887/887/887 890/890/890 889/889/889
f 889/889/889 890/890/890 891/891/891
f 890/890/890 892/892/892 891/891/891
f 891/891/891 892/892/892 893/893/893
f 892/892/892 894/894/894 893/893/893
f 893/893/893 894/894/894 895/895/895
f 894/894/894 896/896/896 895/895/895
f 896/896/896 897/897/897 895/895/895
f 898/898/898 899/899/899 900/900/900
f 899/899/899 901/901/901 900/900/900
f 902/902/902 903/903/903 904/904/904
f 903/903/903 905/905/905 904/904/904
f 906/906/906 907/907/907 908/908/908
f 907/907/907 909/909/909 908/908/908
f 910/910/910 911/911/911 912/912/912
f 912/912/912 911/911/911 913/913/913
f 913/913/913 911/911/911 914/914/914
f 911/911/911 915/915/915 914/914/914
f 914/914/914 915/915/915 916/916/916
f 916/916/916 915/915/915 917/917/917
f 915/915/915 918/918/918 917/917/917
f 918/918/918 919/919/919 917/917/917
f 920/920/920 921/921/921 922/922/922
f 922/922/922 921/921/921 923/923/923
f 921/921/921 924/924/924 923/923/923
f 923/923/923 924/924/924 925/925/925
f 924/924/924 926/926/926 925/925/925
f 925/925/925 926/926/926 927/927/927
f 926/926/926 928/928/928 927/927/927
f 927/927/927 928/928/928 929/929/929
f 928/928/928 930/930/930 929/929/929
f 930/930/930 931/931/931 929/929/929
f 932/932/932 933/933/933 934/934/934
f 934/934/934 933/933/933 935/935/935
f 933/933/933 936/936/936 935/935/935
f 935/935/935 936/936/936 937/937/937
f 936/936/936 938/938/938 937/937/937
f 937/937/937 938/938/938 939/939/939
f 938/938/938 940/940/940 939/939/939
f 939/939/939 940/940/940 941/941/941
f 940/940/940 942/942/942 941/941/941
f 942/942/942 943/943/943 941/941/941
f 944/944/944 945/945/945 946/946/946
f 946/946/946 945/945/945 947/947/947
f 945/945/945 948/948/948 947/947/947
f 947/947/947 948/948/948 949/949/949
f 948/948/948 950/950/950 949/949/949
f 949/949/949 950/950/950 951/951/951
f 950/950/950 952/952/952 951/951/951
f 951/951/951 952/952/952 953/953/953
f 952/952/952 954/954/954 953/953/953
f 954/954/954 955/955/955 953/953/953
f 956/956/956 957/957/957 958/958/958
f 958/958/958 957/957/957 959/959/959
f 957/957/957 960/960/960 959/959/959
f 959/959/959 960/960/960 961/961/961
f 960/960/960 962/962/962 961/961/961
f 961/961/961 962/962/962 963/963/963
f 962/962/962 964/964/964 963/963/963
f 963/963/963 964/964/964 965/965/965
f 964/964/964 966/966/966 965/965/965
f 966/966/966 967/967/967 965/965/965
f 968/968/968 969/969/969 970/970/970
f 970/970/970 969/969/969 971/971/971
f 969/969/969 972/972/972 971/971/971
f 971/971/971 972/972/972 973/973/973
f 972/972/972 974/974/974 973/973/973
f 973/973/973 974/974/974 975/975/975
f 974/974/974 976/976/976 975/975/975
f 975/975/975 976/976/976 977/977/977
f 976/976/976 978/978/978 977/977/977
f 977/977/977 978/978/978 979/979/979
f 978/978/978 980/980/980 979/979/979
f 979/979/979 980/980/980 981/981/981
f 980/980/980 982/982/982 981/981/981
f 981/981/981 982/982/982 983/983/983
f 982/982/982 984/984/984 983/983/983
f 983/983/983 984/984/984 985/985/985
f 984/984/984 986/986/986 985/985/985
f 985/985/985 986/986/986 987/987/987
f 986/986/986 968/968/968 987/987/987
f 968/968/968 970/970/970 987/987/987
f 988/988/988 989/989/989 990/990/990
f 989/989/989 991/991/991 990/990/990
f 990/990/990 991/991/991 992/992/992
f 993/993/993 994/994/994 995/995/995
f 994/994/994 992/992/992 995/995/995
f 992/992/992 991/991/991 995/995/995
f 991/991/991 996/996/996 995/995/995
f 995/995/995 996/996/996 997/997/997
f 996/996/996 998/998/998 997/997/997
f 997/997/997 998/998/998 999/999/999
f 998/998/998 1000/1000/1000 999/999/999
f 999/999/999 1000/1000/1000 1001/1001/1001
f 1002/1002/1002 1003/1003/1003 1004/1004/1004
f 1003/1003/1003 1001/1001/1001 1004/1004/1004
f 1001/1001/1001 1000/1000/1000 1004/1004/1004
f 1005/1005/1005 1006/1006/1006 1007/1007/1007
f 1007/1007/1007 1006/1006/1006 1008/1008/1008
f 1006/1006/1006 1009/1009/1009 1008/1008/1008
f 1008/1008/1008 1009/1009/1009 1010/1010/1010
f 1009/1009/1009 1011/1011/1011 1010/1010/1010
f 1010/1010/1010 1011/1011/1011 1012/1012/1012
f 1011/1011/1011 1013/1013/1013 1012/1012/1012
f 1012/1012/1012 1013/1013/1013 1014/1014/1014
f 1013/1013/1013 1015/1015/1015 1014/1014/1014
f 1014/1014/1014 1015/1015/1015 1016/1016/1016
f 1015/1015/1015 1017/1017/1017 1016/1016/1016
f 1016/1016/1016 1017/1017/1017 1018/1018/1018
f 1017/1017/1017 1019/1019/1019 1018/1018/1018
f 1019/1019/1019 1020/1020/1020 1018/1018/1018
f 1021/1021/1021 1022/1022/1022 1023/1023/1023
f 1023/1023/1023 1022/1022/1022 1024/1024/1024
f 1022/1022/1022 1025/1025/1025 1024/1024/1024
f 1024/1024/1024 1025/1025/1025 1026/1026/1026
f 1025/1025/1025 1027/1027/1027 1026/1026/1026
f 1026/1026/1026 1027/1027/1027 1028/1028/1028
f 1027/1027/1027 1029/1029/1029 1028/1028/1028
f 1028/1028/1028 1029/1029/1029 1030/1030/1030
f 1029/1029/1029 1031/1031/1031 1030/1030/1030
f 1030/1030/1030 1031/1031/1031 1032/1032/1032
f 1031/1031/1031 1033/1033/1033 1032/1032/1032
f 1032/1032/1032 1033/1033/1033 1034/1034/1034
f 1033/1033/1033 1035/1035/1035 1034/1034/1034
f 1035/1035/1035 1036/1036/1036 1034/1034/1034
f 1037/1037/1037 1038/1038/1038 1039/1039/1039
f 1039/1039/1039 1038/1038/1038 1040/1040/1040
f 1038/1038/1038 1041/1041/1041 1040/1040/1040
f 1040/1040/1040 1041/1041/1041 1042/1042/1042
f 1041/1041/1041 1043/1043/1043 1042/1042/1042
f 1042/1042/1042 1043/1043/1043 1044/1044/1044
f 1043/1043/1043 1045/1045/1045 1044/1044/1044
f 1044/1044/1044 1045/1045/1045 1046/1046/1046
f 1045/1045/1045 1047/1047/1047 1046/1046/1046
f 1046/1046/1046 1047/1047/1047 1048/1048/1048
f 1047/1047/1047 1049/1049/1049 1048/1048/1048
f 1048/1048/1048 1049/1049/1049 1050/1050/1050
f 1049/1049/1049 1051/1051/1051 1050/1050/1050
f 1051/1051/1051 1052/1052/1052 1050/1050/1050
f 1053/1053/1053 1054/1054/1054 1055/1055/1055
f 1054/1054/1054 1056/1056/1056 1055/1055/1055
f 1055/1055/1055 1056/1056/1056 1057/1057/1057
f 1056/1056/1056 1058/1058/1058 1057/1057/1057
f 1057/1057/1057 1058/1058/1058 1059/1059/1059
f 1058/1058/1058 1060/1060/1060 1059/1059/1059
f 1059/1059/1059 1060/1060/1060 1061/1061/1061
f 1060/1060/1060 1062/1062/1062 1061/1061/1061
f 1061/1061/1061 1062/1062/1062 1063/1063/1063
f 1062/1062/1062 1064/1064/1064 1063/1063/1063
f 1063/1063/1063 1064/1064/1064 1065/1065/1065
f 1064/1064/1064 1066/1066/1066 1065/1065/1065
f 1066/1066/1066 1067/1067/1067 1065/1065/1065
f 1068/1068/1068 1069/1069/1069 1070/1070/1070
f 1070/1070/1070 1069/1069/1069 1071/1071/1071
f 1071/1071/1071 1069/1069/1069 1072/1072/1072
f 1069/1069/1069 1073/1073/1073 1072/1072/1072
f 1073/1073/1073 1074/1074/1074 1072/1072/1072
f 1072/1072/1072 1074/1074/1074 1075/1075/1075
f 1074/1074/1074 1076/1076/1076 1075/1075/1075
f 1075/1075/1075 1076/1076/1076 1077/1077/1077
f 1076/1076/1076 1078/1078/1078 1077/1077/1077
f 1077/1077/1077 1078/1078/1078 1079/1079/1079
f 1078/1078/1078 1080/1080/1080 1079/1079/1079
f 1079/1079/1079 1080/1080/1080 1081/1081/1081
f 1080/1080/1080 1082/1082/1082 1081/1081/1081
f 1082/1082/1082 1083/1083/1083 1081/1081/1081
f 1084/1084/1084 1085/1085/1085 1086/1086/1086
f 1086/1086/1086 1085/1085/1085 1087/1087/1087
f 1085/1085/1085 1088/1088/1088 1087/1087/1087
f 1087/1087/1087 1088/1088/1088 1089/1089/1089
f 1088/1088/1088 1090/1090/1090 1089/1089/1089
f 1089/1089/1089 1090/1090/1090 1091/1091/1091
f 1090/1090/1090 1092/1092/1092 1091/1091/1091
f 1091/1091/1091 1092/1092/1092 1093/1093/1093
f 1092/1092/1092 1094/1094/1094 1093/1093/1093
f 1093/1093/1093 1094/1094/1094 1095/1095/1095
f 1094/1094/1094 1096/1096/1096 1095/1095/1095
f 1095/1095/1095 1096/1096/1096 1097/1097/1097
f 1096/1096/1096 1098/1098/1098 1097/1097/1097
f 1098/1098/1098 1099/1099/1099 1097/1097/1097
f 1100/1100/1100 1101/1101/1101 1102/1102/1102
f 1102/1102/1102 1101/1101/1101 1103/1103/1103
f 1101/1101/1101 1104/1104/1104 1103/1103/1103
f 1103/1103/1103 1104/1104/1104 1105/1105/1105
f 1104/1104/1104 1106/1106/1106 1105/1105/1105
f 1105/1105/1105 1106/1106/1106 1107/1107/1107
f 1106/1106/1106 1108/1108/1108 1107/1107/1107
f 1107/1107/1107 1108/1108/1108 1109/1109/1109
f 1108/1108/1108 1110/1110/1110 1109/1109/1109
f 1109/1109/1109 1110/1110/1110 1111/1111/1111
f 1110/1110/1110 1112/1112/1112 1111/1111/1111
f 1111/1111/1111 1112/1112/1112 1113/1113/1113
f 1112/1112/1112 1114/1114/1114 1113/1113/1113
f 1114/1114/1114 1115/1115/1115 1113/1113/1113
f 1116/1116/1116 1117/1117/1117 1118/1118/1118
f 1118/1118/1118 1117/1117/1117 1119/1119/1119
f 1117/1117/1117 1120/1120/1120 1119/1119/1119
f 1119/1119/1119 1120/1120/1120 1121/1121/1121
f 1120/1120/1120 1122/1122/1122 1121/1121/1121
f 1121/1121/1121 1122/1122/1122 1123/1123/1123
f 1122/1122/1122 1124/1124/1124 1123/1123/1123
f 1123/1123/1123 1124/1124/1124 1125/1125/1125
f 1124/1124/1124 1126/1126/1126 1125/1125/1125
f 1125/1125/1125 1126/1126/1126 1127/1127/1127
f 1126/1126/1126 1128/1128/1128 1127/1127/1127
f 1127/1127/1127 1128/1128/1128 1129/1129/1129
f 1128/1128/1128 1130/1130/1130 1129/1129/1129
f 1130/1130/1130 1131/1131/1131 1129/1129/1129
f 1132/1132/1132 1133/1133/1133 1134/1134/1134
f 1133/1133/1133 1135/1135/1135 1134/1134/1134
f 1136/1136/1136 1137/1137/1137 1138/1138/1138
f 1138/1138/1138 1137/1137/1137 1139/1139/1139
f 1139/1139/1139 1137/1137/1137 1140/1140/1140
f 1137/1137/1137 1141/1141/1141 1140/1140/1140
f 1141/1141/1141 1142/1142/1142 1140/1140/1140
f 1140/1140/1140 1142/1142/1142 1143/1143/1143
f 1142/1142/1142 1144/1144/1144 1143/1143/1143
f 1143/1143/1143 1144/1144/1144 1145/1145/1145
f 1144/1144/1144 1146/1146/1146 1145/1145/1145
f 1145/1145/1145 1146/1146/1146 1147/1147/1147
f 1146/1146/1146 1148/1148/1148 1147/1147/1147
f 1147/1147/1147 1148/1148/1148 1149/1149/1149
f 1148/1148/1148 1150/1150/1150 1149/1149/1149
f 1150/1150/1150 1151/1151/1151 1149/1149/1149
f 1152/1152/1152 1153/1153/1153 1154/1154/1154
f 1154/1154/1154 1153/1153/1153 1155/1155/1155
f 1155/1155/1155 1153/1153/1153 1156/1156/1156
f 1156/1156/1156 1153/1153/1153 1157/1157/1157
f 1157/1157/1157 1153/1153/1153 1158/1158/1158
f 1158/1158/1158 1153/1153/1153 1159/1159/1159
f 1159/1159/1159 1153/1153/1153 1160/1160/1160
f 1160/1160/1160 1153/1153/1153 1161/1161/1161
f 1161/1161/1161 1153/1153/1153 1162/1162/1162
f 1153/1153/1153 1152/1152/1152 1162/1162/1162
f 1163/1163/1163 1164/1164/1164 1165/1165/1165
f 1165/1165/1165 1164/1164/1164 1166/1166/1166
f 1164/1164/1164 1167/1167/1167 1166/1166/1166
f 1166/1166/1166 1167/1167/1167 1168/1168/1168
f 1167/1167/1167 1169/1169/1169 1168/1168/1168
f 1168/1168/1168 1169/1169/1169 1170/1170/1170
f 1169/1169/1169 1171/1171/1171 1170/1170/1170
f 1170/1170/1170 1171/1171/1171 1172/1172/1172
f 1171/1171/1171 1173/1173/1173 1172/1172/1172
f 1172/1172/1172 1173/1173/1173 1174/1174/1174
f 1173/1173/1173 1175/1175/1175 1174/1174/1174
f 1174/1174/1174 1175/1175/1175 1176/1176/1176
f 1175/1175/1175 1177/1177/1177 1176/1176/1176
f 1177/1177/1177 1178/1178/1178 1176/1176/1176
f 1179/1179/1179 1180/1180/1180 1181/1181/1181
f 1181/1181/1181 1180/1180/1180 1182/1182/1182
f 1180/1180/1180 1183/1183/1183 1182/1182/1182
f 1182/1182/1182 1183/1183/1183 1184/1184/1184
f 1183/1183/1183 1185/1185/1185 1184/1184/1184
f 1184/1184/1184 1185/1185/1185 1186/1186/1186
f 1185/1185/1185 1187/1187/1187 1186/1186/1186
f 1186/1186/1186 1187/1187/1187 1188/1188/1188
f 1187/1187/1187 1189/1189/1189 1188/1188/1188
f 1188/1188/1188 1189/1189/1189 1190/1190/1190
f 1189/1189/1189 1191/1191/1191 1190/1190/1190
f 1190/1190/1190 1191/1191/1191 1192/1192/1192
f 1191/1191/1191 1193/1193/1193 1192/1192/1192
f 1193/1193/1193 1194/1194/1194 1192/1192/1192
f 1195/1195/1195 1196/1196/1196 1197/1197/1197
f 1197/1197/1197 1196/1196/1196 1198/1198/1198
f 1196/1196/1196 1199/1199/1199 1198/1198/1198
f 1198/1198/1198 1199/1199/1199 1200/1200/1200
f 1199/1199/1199 1201/1201/1201 1200/1200/1200
f 1200/1200/1200 1201/1201/1201 1202/1202/1202
f 1201/1201/1201 1203/1203/1203 1202/1202/1202
f 1202/1202/1202 1203/1203/1203 1204/1204/1204
f 1203/1203/1203 1205/1205/1205 1204/1204/1204
f 1204/1204/1204 1205/1205/1205 1206/1206/1206
f 1205/1205/1205 1207/1207/1207 1206/1206/1206
f 1206/1206/1206 1207/1207/1207 1208/1208/1208
f 1207/1207/1207 1209/1209/1209 1208/1208/1208
f 1209/1209/1209 1210/1210/1210 1208/1208/1208
f 1211/1211/1211 1212/1212/1212 1213/1213/1213
f 1212/1212/1212 1214/1214/1214 1213/1213/1213
f 1213/1213/1213 1214/1214/1214 1215/1215/1215
f 1214/1214/1214 1216/1216/1216 1215/1215/1215
f 1215/1215/1215 1216/1216/1216 1217/1217/1217
f 1216/1216/1216 1218/1218/1218 1217/1217/1217
f 1217/1217/1217 1218/1218/1218 1219/1219/1219
f 1218/1218/1218 1220/1220/1220 1219/1219/1219
f 1219/1219/1219 1220/1220/1220 1221/1221/1221
f 1220/1220/1220 1222/1222/1222 1221/1221/1221
f 1221/1221/1221 1222/1222/1222 1223/1223/1223
f 1222/1222/1222 1224/1224/1224 1223/1223/1223
f 1224/1224/1224 1225/1225/1225 1223/1223/1223
f 1226/1226/1226 1227/1227/1227 1228/1228/1228
f 1228/1228/1228 1227/1227/1227 1229/1229/1229
f 1229/1229/1229 1227/1227/1227 1230/1230/1230
f 1227/1227/1227 1231/1231/1231 1230/1230/1230
f 1231/1231/1231 1232/1232/1232 1230/1230/1230
f 1230/1230/1230 1232/1232/1232 1233/1233/1233
f 1232/1232/1232 1234/1234/1234 1233/1233/1233
f 1233/1233/1233 1234/1234/1234 1235/1235/1235
f 1234/1234/1234 1236/1236/1236 1235/1235/1235
f 1235/1235/1235 1236/1236/1236 1237/1237/1237
f 1236/1236/1236 1238/1238/1238 1237/1237/1237
f 1237/1237/1237 1238/1238/1238 1239/1239/1239
f 1238/1238/1238 1240/1240/1240 1239/1239/1239
f 1240/1240/1240 1241/1241/1241 1239/1239/1239
f 1242/1242/1242 1243/1243/1243 1244/1244/1244
f 1244/1244/1244 1243/1243/1243 1245/1245/1245
f 1243/1243/1243 1246/1246/1246 1245/1245/1245
f 1245/1245/1245 1246/1246/1246 1247/1247/1247
f 1246/1246/1246 1248/1248/1248 1247/1247/1247
f 1247/1247/1247 1248/1248/1248 1249/1249/1249
f 1248/1248/1248 1250/1250/1250 1249/1249/1249
f 1249/1249/1249 1250/1250/1250 1251/1251/1251
f 1250/1250/1250 1252/1252/1252 1251/1251/1251
f 1251/1251/1251 1252/1252/1252 1253/1253/1253
f 1252/1252/1252 1254/1254/1254 1253/1253/1253
f 1253/1253/1253 1254/1254/1254 1255/1255/1255
f 1254/1254/1254 1256/1256/1256 1255/1255/1255
f 1256/1256/1256 1257/1257/1257 1255/1255/1255
f 1258/1258/1258 1259/1259/1259 1260/1260/1260
f 1260/1260/1260 1259/1259/1259 1261/1261/1261
f 1259/1259/1259 1262/1262/1262 1261/1261/1261
f 1261/1261/1261 1262/1262/1262 1263/1263/1263
f 1262/1262/1262 1264/1264/1264 1263/1263/1263
f 1263/1263/1263 1264/1264/1264 1265/1265/1265
f 1264/1264/1264 1266/1266/1266 1265/1265/1265
f 1265/1265/1265 1266/1266/1266 1267/1267/1267
f 1266/1266/1266 1268/1268/1268 1267/1267/1267
f 1267/1267/1267 1268/1268/1268 1269/1269/1269
f 1268/1268/1268 1270/1270/1270 1269/1269/1269
f 1269/1269/1269 1270/1270/1270 1271/1271/1271
f 1270/1270/1270 1272/1272/1272 1271/1271/1271
f 1272/1272/1272 1273/1273/1273 1271/1271/1271
f 1274/1274/1274 1275/1275/1275 1276/1276/1276
f 1276/1276/1276 1275/1275/1275 1277/1277/1277
f 1275/1275/1275 1278/1278/1278 1277/1277/1277
f 1277/1277/1277 1278/1278/1278 1279/1279/1279
f 1278/1278/1278 1280/1280/1280 1279/1279/1279
f 1279/1279/1279 1280/1280/1280 1281/1281/1281
f 1280/1280/1280 1282/1282/1282 1281/1281/1281
f 1281/1281/1281 1282/1282/1282 1283/1283/1283
f 1282/1282/1282 1284/1284/1284 1283/1283/1283
f 1283/1283/1283 1284/1284/1284 1285/1285/1285
f 1284/1284/1284 1286/1286/1286 1285/1285/1285
f 1285/1285/1285 1286/1286/1286 1287/1287/1287
f 1286/1286/1286 1288/1288/1288 1287/1287/1287
f 1288/1288/1288 1289/1289/1289 1287/1287/1287
f 1290/1290/1290 1291/1291/1291 1292/1292/1292
f 1291/1291/1291 1293/1293/1293 1292/1292/1292
f 1292/1292/1292 1293/1293/1293 1294/1294/1294
f 1293/1293/1293 1295/1295/1295 1294/1294/1294
f 1294/1294/1294 1295/1295/1295 1296/1296/1296
f 1295/1295/1295 1297/1297/1297 1296/1296/1296
f 1296/1296/1296 1297/1297/1297 1298/1298/1298
f 1297/1297/1297 1299/1299/1299 1298/1298/1298
f 1298/1298/1298 1299/1299/1299 1300/1300/1300
f 1299/1299/1299 1301/1301/1301 1300/1300/1300
f 1300/1300/1300 1301/1301/1301 1302/1302/1302
f 1301/1301/1301 1303/1303/1303 1302/1302/1302
f 1303/1303/1303 1304/1304/1304 1302/1302/1302
f 1305/1305/1305 1306/1306/1306 1307/1307/1307
f 1307/1307/1307 1306/1306/1306 1308/1308/1308
f 1308/1308/1308 1306/1306/1306 1309/1309/1309
f 1306/1306/1306 1310/1310/1310 1309/1309/1309
f 1310/1310/1310 1311/1311/1311 1309/1309/1309
f 1309/1309/1309 1311/1311/1311 1312/1312/1312
f 1311/1311/1311 1313/1313/1313 1312/1312/1312
f 1312/1312/1312 1313/1313/1313 1314/1314/1314
f 1313/1313/1313 1315/1315/1315 1314/1314/1314
f 1314/1314/1314 1315/1315/1315 1316/1316/1316
f 1315/1315/1315 1317/1317/1317 1316/1316/1316
f 1316/1316/1316 1317/1317/1317 1318/1318/1318
f 1317/1317/1317 1319/1319/1319 1318/1318/1318
f 1319/1319/1319 1320/1320/1320 1318/1318/1318
f 1321/1321/1321 1322/1322/1322 1323/1323/1323
f 1323/1323/1323 1322/1322/1322 1324/1324/1324
f 1324/1324/1324 1322/1322/1322 1325/1325/1325
f 1325/1325/1325 1322/1322/1322 1326/1326/1326
f 1326/1326/1326 1322/1322/1322 1327/1327/1327
f 1327/1327/1327 1322/1322/1322 1328/1328/1328
f 1328/1328/1328 1322/1322/1322 1329/1329/1329
f 1329/1329/1329 1322/1322/1322 1330/1330/1330
f 1330/1330/1330 1322/1322/1322 1331/1331/1331
f 1322/1322/1322 1321/1321/1321 1331/1331/1331
f 1332/1332/1332 1333/1333/1333 1334/1334/1334
f 1334/1334/1334 1333/1333/1333 1335/1335/1335
f 1333/1333/1333 1336/1336/1336 1335/1335/1335
f 1335/1335/1335 1336/1336/1336 1337/1337/1337
f 1336/1336/1336 1338/1338/1338 1337/1337/1337
f 1337/1337/1337 1338/1338/1338 1339/1339/1339
f 1338/1338/1338 1340/1340/1340 1339/1339/1339
f 1339/1339/1339 1340/1340/1340 1341/1341/1341
f 1340/1340/1340 1342/1342/1342 1341/1341/1341
f 1341/1341/1341 1342/1342/1342 1343/1343/1343
f 1342/1342/1342 1344/1344/1344 1343/1343/1343
f 1343/1343/1343 1344/1344/1344 1345/1345/1345
f 1344/1344/1344 1346/1346/1346 1345/1345/1345
f 1346/1346/1346 1347/1347/1347 1345/1345/1345
f 1348/1348/1348 1349/1349/1349 1350/1350/1350
f 1350/1350/1350 1349/1349/1349 1351/1351/1351
f 1349/1349/1349 1352/1352/1352 1351/1351/1351
f 1351/1351/1351 1352/1352/1352 1353/1353/1353
f 1352/1352/1352 1354/1354/1354 1353/1353/1353
f 1353/1353/1353 1354/1354/1354 1355/1355/1355
f 1354/1354/1354 1356/1356/1356 1355/1355/1355
f 1355/1355/1355 1356/1356/1356 1357/1357/1357
f 1356/1356/1356 1358/1358/1358 1357/1357/1357
f 1357/1357/1357 1358/1358/1358 1359/1359/1359
f 1358/1358/1358 1360/1360/1360 1359/1359/1359
f 1359/1359/1359 1360/1360/1360 1361/1361/1361
f 1360/1360/1360 1362/1362/1362 1361/1361/1361
f 1362/1362/1362 1363/1363/1363 1361/1361/1361
f 1364/1364/1364 1365/1365/1365 1366/1366/1366
f 1366/1366/1366 1365/1365/1365 1367/1367/1367
f 1365/1365/1365 1368/1368/1368 1367/1367/1367
f 1367/1367/1367 1368/1368/1368 1369/1369/1369
f 1368/1368/1368 1370/1370/1370 1369/1369/1369
f 1369/1369/1369 1370/1370/1370 1371/1371/1371
f 1370/1370/1370 1372/1372/1372 1371/1371/1371
f 1371/1371/1371 1372/1372/1372 1373/1373/1373
f 1372/1372/1372 1374/1374/1374 1373/1373/1373
f 1373/1373/1373 1374/1374/1374 1375/1375/1375
f 1374/1374/1374 1376/1376/1376 1375/1375/1375
f 1375/1375/1375 1376/1376/1376 1377/1377/1377
f 1376/1376/1376 1378/1378/1378 1377/1377/1377
f 1378/1378/1378 1379/1379/1379 1377/1377/1377
f 1380/1380/1380 1381/1381/1381 1382/1382/1382
f 1381/1381/1381 1383/1383/1383 1382/1382/1382
f 1382/1382/1382 1383/1383/1383 1384/1384/1384
f 1383/1383/1383 1385/1385/1385 1384/1384/1384
f 1384/1384/1384 1385/1385/1385 1386/1386/1386
f 1385/1385/1385 1387/1387/1387 1386/1386/1386
f 1386/1386/1386 1387/1387/1387 1388/1388/1388
f 1387/1387/1387 1389/1389/1389 1388/1388/1388
f 1388/1388/1388 1389/1389/1389 1390/1390/1390
f 1389/1389/1389 1391/1391/1391 1390/1390/1390
f 1390/1390/1390 1391/1391/1391 1392/1392/1392
f 1391/1391/1391 1393/1393/1393 1392/1392/1392
f 1393/1393/1393 1394/1394/1394 1392/1392/1392
f 1395/1395/1395 1396/1396/1396 1397/1397/1397
f 1397/1397/1397 1396/1396/1396 1398/1398/1398
f 1398/1398/1398 1396/1396/1396 1399/1399/1399
f 1396/1396/1396 1400/1400/1400 1399/1399/1399
f 1400/1400/1400 1401/1401/1401 1399/1399/1399
f 1399/1399/1399 1401/1401/1401 1402/1402/1402
f 1401/1401/1401 1403/1403/1403 1402/1402/1402
f 1402/1402/1402 1403/1403/1403 1404/1404/1404
f 1403/1403/1403 1405/1405/1405 1404/1404/1404
f 1404/1404/1404 1405/1405/1405 1406/1406/1406
f 1405/1405/1405 1407/1407/1407 1406/1406/1406
f 1406/1406/1406 1407/1407/1407 1408/1408/1408
f 1407/1407/1407 1409/1409/1409 1408/1408/1408
f 1409/1409/1409 1410/1410/1410 1408/1408/1408
f 1411/1411/1411 1412/1412/1412 1413/1413/1413
f 1413/1413/1413 1412/1412/1412 1414/1414/1414
f 1412/1412/1412 1415/1415/1415 1414/1414/1414
f 1414/1414/1414 1415/1415/1415 1416/1416/1416
f 1415/1415/1415 1417/1417/1417 1416/1416/1416
f 1416/1416/1416 1417/1417/1417 1418/1418/1418
f 1417/1417/1417 1419/1419/1419 1418/1418/1418
f 1418/1418/1418 1419/1419/1419 1420/1420/1420
f 1419/1419/1419 1421/1421/1421 1420/1420/1420
f 1420/1420/1420 1421/1421/1421 1422/1422/1422
f 1421/1421/1421 1423/1423/1423 1422/1422/1422
f 1422/1422/1422 1423/1423/1423 1424/1424/1424
f 1423/1423/1423 1425/1425/1425 1424/1424/1424
f 1425/1425/1425 1426/1426/1426 1424/1424/1424
f 1427/1427/1427 1428/1428/1428 1429/1429/1429
f 1429/1429/1429 1428/1428/1428 1430/1430/1430
f 1428/1428/1428 1431/1431/1431 1430/1430/1430
f 1430/1430/1430 1431/1431/1431 1432/1432/1432
f 1431/1431/1431 1433/1433/1433 1432/1432/1432
f 1432/1432/1432 1433/1433/1433 1434/1434/1434
f 1433/1433/1433 1435/1435/1435 1434/1434/1434
f 1434/1434/1434 1435/1435/1435 1436/1436/1436
f 1435/1435/1435 1437/1437/1437 1436/1436/1436
f 1436/1436/1436 1437/1437/1437 1438/1438/1438
f 1437/1437/1437 1439/1439/1439 1438/1438/1438
f 1438/1438/1438 1439/1439/1439 1440/1440/1440
f 1439/1439/1439 1441/1441/1441 1440/1440/1440
f 1441/1441/1441 1442/1442/1442 1440/1440/1440
f 1443/1443/1443 1444/1444/1444 1445/1445/1445
f 1445/1445/1445 1444/1444/1444 1446/1446/1446
f 1444/1444/1444 1447/1447/1447 1446/1446/1446
f 1446/1446/1446 1447/1447/1447 1448/1448/1448
f 1447/1447/1447 1449/1449/1449 1448/1448/1448
f 1448/1448/1448 1449/1449/1449 1450/1450/1450
f 1449/1449/1449 1451/1451/1451 1450/1450/1450
f 1450/1450/1450 1451/1451/1451 1452/1452/1452
f 1451/1451/1451 1453/1453/1453 1452/1452/1452
f 1452/1452/1452 1453/1453/1453 1454/1454/1454
f 1453/1453/1453 1455/1455/1455 1454/1454/1454
f 1454/1454/1454 1455/1455/1455 1456/1456/1456
f 1455/1455/1455 1457/1457/1457 1456/1456/1456
f 1457/1457/1457 1458/1458/1458 1456/1456/1456
f 1459/1459/1459 1460/1460/1460 1461/1461/1461
f 1460/1460/1460 1462/1462/1462 1461/1461/1461
f 1461/1461/1461 1462/1462/1462 1463/1463/1463
f 1462/1462/1462 1464/1464/1464 1463/1463/1463
f 1463/1463/1463 1464/1464/1464 1465/1465/1465
f 1464/1464/1464 1466/1466/1466 1465/1465/1465
f 1465/1465/1465 1466/1466/1466 1467/1467/1467
f 1466/1466/1466 1468/1468/1468 1467/1467/1467
f 1467/1467/1467 1468/1468/1468 1469/1469/1469
f 1468/1468/1468 1470/1470/1470 1469/1469/1469
f 1469/1469/1469 1470/1470/1470 1471/1471/1471
f 1470/1470/1470 1472/1472/1472 1471/1471/1471
f 1472/1472/1472 1473/1473/1473 1471/1471/1471
f 1474/1474/1474 1475/1475/1475 1476/1476/1476
f 1476/1476/1476 1475/1475/1475 1477/1477/1477
f 1477/1477/1477 1475/1475/1475 1478/1478/1478
f 1475/1475/1475 1479/1479/1479 1478/1478/1478
f 1479/1479/1479 1480/1480/1480 1478/1478/1478
f 1478/1478/1478 1480/1480/1480 1481/1481/1481
f 1480/1480/1480 1482/1482/1482 1481/1481/1481
f 1481/1481/1481 1482/1482/1482 1483/1483/1483
f 1482/1482/1482 1484/1484/1484 1483/1483/1483
f 1483/1483/1483 1484/1484/1484 1485/1485/1485
f 1484/1484/1484 1486/1486/1486 1485/1485/1485
f 1485/1485/1485 1486/1486/1486 1487/1487/1487
f 1486/1486/1486 1488/1488/1488 1487/1487/1487
f 1488/1488/1488 1489/1489/1489 1487/1487/1487
f 1490/1490/1490 1491/1491/1491 1492/1492/1492
f 1491/1491/1491 1493/1493/1493 1492/1492/1492
f 1492/1492/1492 1493/1493/1493 1494/1494/1494
f 1493/1493/1493 1495/1495/1495 1494/1494/1494
f 1496/1496/1496 1497/1497/1497 1498/1498/1498
f 1497/1497/1497 1499/1499/1499 1498/1498/1498
f 1498/1498/1498 1499/1499/1499 1500/1500/1500
f 1499/1499/1499 1501/1501/1501 1500/1500/1500
f 1502/1502/1502 1503/1503/1503 1504/1504/1504
f 1505/1505/1505 1506/1506/1506 1507/1507/1507
f 1506/1506/1506 1504/1504/1504 1507/1507/1507
f 1504/1504/1504 1503/1503/1503 1507/1507/1507
f 1508/1508/1508 1509/1509/1509 1510/1510/1510
f 1511/1511/1511 1512/1512/1512 1513/1513/1513
f 1512/1512/1512 1510/1510/1510 1513/1513/1513
f 1510/1510/1510 1509/1509/1509 1513/1513/1513
f 1514/1514/1514 1515/1515/1515 1516/1516/1516
f 1515/1515/1515 1517/1517/1517 1516/1516/1516
f 1518/1518/1518 1519/1519/1519 1520/1520/1520
f 1519/1519/1519 1521/1521/1521 1520/1520/1520
f 1522/1522/1522 1523/1523/1523 1524/1524/1524
f 1523/1523/1523 1525/1525/1525 1524/1524/1524
f 1526/1526/1526 1527/1527/1527 1528/1528/1528
f 1528/1528/1528 1527/1527/1527 1529/1529/1529
f 1527/1527/1527 1530/1530/1530 1529/1529/1529
f 1529/1529/1529 1530/1530/1530 1531/1531/1531
f 1530/1530/1530 1532/1532/1532 1531/1531/1531
f 1531/1531/1531 1532/1532/1532 1533/1533/1533
f 1532/1532/1532 1534/1534/1534 1533/1533/1533
f 1533/1533/1533 1534/1534/1534 1535/1535/1535
f 1536/1536/1536 1535/1535/1535 1537/1537/1537
f 1535/1535/1535 1534/1534/1534 1537/1537/1537
f 1538/1538/1538 1539/1539/1539 1540/1540/1540
f 1539/1539/1539 1541/1541/1541 1540/1540/1540
f 1542/1542/1542 1543/1543/1543 1544/1544/1544
f 1544/1544/1544 1543/1543/1543 1545/1545/1545
f 1546/1546/1546 1545/1545/1545 1547/1547/1547
f 1545/1545/1545 1543/1543/1543 1547/1547/1547
f 1548/1548/1548 1549/1549/1549 1550/1550/1550
f 1550/1550/1550 1549/1549/1549 1551/1551/1551
f 1552/1552/1552 1551/1551/1551 1553/1553/1553
f 1551/1551/1551 1549/1549/1549 1553/1553/1553
f 1554/1554/1554 1555/1555/1555 1556/1556/1556
f 1556/1556/1556 1555/1555/1555 1557/1557/1557
f 1555/1555/1555 1558/1558/1558 1557/1557/1557
f 1558/1558/1558 1559/1559/1559 1557/1557/1557
f 1560/1560/1560 1561/1561/1561 1562/1562/1562
f 1561/1561/1561 1563/1563/1563 1562/1562/1562
f 1564/1564/1564 1565/1565/1565 1566/1566/1566
f 1565/1565/1565 1567/1567/1567 1566/1566/1566
f 1568/1568/1568 1569/1569/1569 1570/1570/1570
f 1569/1569/1569 1571/1571/1571 1570/1570/1570
f 1572/1572/1572 1573/1573/1573 1574/1574/1574
f 1573/1573/1573 1575/1575/1575 1574/1574/1574
f 1574/1574/1574 1575/1575/1575 1576/1576/1576
f 1575/1575/1575 1577/1577/1577 1576/1576/1576
f 1576/1576/1576 1577/1577/1577 1578/1578/1578
f 1577/1577/1577 1579/1579/1579 1578/1578/1578
f 1578/1578/1578 1579/1579/1579 1580/1580/1580
f 1579/1579/1579 1581/1581/1581 1580/1580/1580
f 1580/1580/1580 1581/1581/1581 1582/1582/1582
f 1581/1581/1581 1583/1583/1583 1582/1582/1582
f 1584/1584/1584 1585/1585/1585 1586/1586/1586
f 1586/1586/1586 1585/1585/1585 1587/1587/1587
f 1587/1587/1587 1585/1585/1585 1588/1588/1588
f 1588/1588/1588 1585/1585/1585 1589/1589/1589
f 1589/1589/1589 1585/1585/1585 1590/1590/1590
f 1590/1590/1590 1585/1585/1585 1591/1591/1591
f 1591/1591/1591 1585/1585/1585 1592/1592/1592
f 1585/1585/1585 1584/1584/1584 1592/1592/1592
f 1593/1593/1593 1594/1594/1594 1595/1595/1595
f 1596/1596/1596 1595/1595/1595 1597/1597/1597
f 1597/1597/1597 1595/1595/1595 1598/1598/1598
f 1598/1598/1598 1595/1595/1595 1599/1599/1599
f 1599/1599/1599 1595/1595/1595 1600/1600/1600
f 1595/1595/1595 1594/1594/1594 1600/1600/1600
f 1594/1594/1594 1601/1601/1601 1600/1600/1600
f 1600/1600/1600 1601/1601/1601 1602/1602/1602
f 1601/1601/1601 1593/1593/1593 1602/1602/1602
f 1593/1593/1593 1595/1595/1595 1602/1602/1602
f 1602/1602/1602 1595/1595/1595 1603/1603/1603
f 1603/1603/1603 1595/1595/1595 1604/1604/1604
f 1595/1595/1595 1596/1596/1596 1604/1604/1604
f 1605/1605/1605 1606/1606/1606 1607/1607/1607
f 1607/1607/1607 1606/1606/1606 1608/1608/1608
f 1606/1606/1606 1609/1609/1609 1608/1608/1608
f 1608/1608/1608 1609/1609/1609 1610/1610/1610
f 1609/1609/1609 1611/1611/1611 1610/1610/1610
f 1611/1611/1611 1612/1612/1612 1610/1610/1610
f 1613/1613/1613 1614/1614/1614 1615/1615/1615
f 1615/1615/1615 1614/1614/1614 1617/1617/1617
f 1614/1614/1614 1618/1618/1618 1617/1617/1617
f 1616/1616/1616 1618/1618/1618 1620/1620/1620
f 1619/1619/1619 1622/1622/1622 1621/1621/1621
f 1622/1622/1622 1623/1623/1623 1621/1621/1621
f 1624/1624/1624 1625/1625/1625 1626/1626/1626
f 1626/1626/1626 1625/1625/1625 1627/1627/1627
f 1625/1625/1625 1628/1628/1628 1627/1627/1627
f 1627/1627/1627 1628/1628/1628 1629/1629/1629
f 1628/1628/1628 1630/1630/1630 1629/1629/1629
f 1630/1630/1630 1631/1631/1631 1629/1629/1629
f 1632/1632/1632 1633/1633/1633 1635/1635/1635
f 1634/1634/1634 1633/1633/1633 1636/1636/1636
f 1633/1633/1633 1637/1637/1637 1636/1636/1636
f 1636/1636/1636 1637/1637/1637 1638/1638/1638
f 1637/1637/1637 1640/1640/1640 1639/1639/1639
f 1640/1640/1640 1641/1641/1641 1639/1639/1639
f 1642/1642/1642 1643/1643/1643 1644/1644/1644
f 1644/1644/1644 1643/1643/1643 1646/1646/1646
f 1643/1643/1643 1648/1648/1648 1646/1646/1646
f 1645/1645/1645 1647/1647/1647 1649/1649/1649
f 1648/1648/1648 1651/1651/1651 1650/1650/1650
f 1651/1651/1651 1652/1652/1652 1650/1650/1650
f 1653/1653/1653 1654/1654/1654 1655/1655/1655
f 1655/1655/1655 1654/1654/1654 1656/1656/1656
f 1654/1654/1654 1657/1657/1657 1656/1656/1656
f 1656/1656/1656 1657/1657/1657 1658/1658/1658
f 1657/1657/1657 1659/1659/1659 1658/1658/1658
f 1659/1659/1659 1660/1660/1660 1658/1658/1658
f 1661/1661/1661 1663/1663/1663 1665/1665/1665
f 1664/1664/1664 1662/1662/1662 1666/1666/1666
f 1662/1662/1662 1668/1668/1668 1666/1666/1666
f 1666/1666/1666 1668/1668/1668 1670/1670/1670
f 1667/1667/1667 1672/1672/1672 1669/1669/1669
f 1671/1671/1671 1673/1673/1673 1670/1670/1670
f 1674/1674/1674 1675/1675/1675 1676/1676/1676
f 1676/1676/1676 1675/1675/1675 1677/1677/1677
f 1675/1675/1675 1678/1678/1678 1677/1677/1677
f 1677/1677/1677 1678/1678/1678 1679/1679/1679
f 1678/1678/1678 1680/1680/1680 1679/1679/1679
f 1680/1680/1680 1681/1681/1681 1679/1679/1679
f 1682/1682/1682 1683/1683/1683 1684/1684/1684
f 1685/1685/1685 1686/1686/1686 1687/1687/1687
f 1686/1686/1686 1684/1684/1684 1687/1687/1687
f 1684/1684/1684 1683/1683/1683 1687/1687/1687
f 1688/1688/1688 1689/1689/1689 1690/1690/1690
f 1691/1691/1691 1692/1692/1692 1693/1693/1693
f 1692/1692/1692 1690/1690/1690 1693/1693/1693
f 1690/1690/1690 1689/1689/1689 1693/1693/1693
f 1694/1694/1694 1695/1695/1695 1696/1696/1696
f 1695/1695/1695 1697/1697/1697 1696/1696/1696
f 1696/1696/1696 1697/1697/1697 1698/1698/1698
f 1697/1697/1697 1699/1699/1699 1698/1698/1698
f 1698/1698/1698 1699/1699/1699 1700/1700/1700
f 1699/1699/1699 1701/1701/1701 1700/1700/1700
f 1702/1702/1702 1703/1703/1703 1704/1704/1704
f 1703/1703/1703 1705/1705/1705 1704/1704/1704
f 1704/1704/1704 1705/1705/1705 1706/1706/1706
f 1705/1705/1705 1707/1707/1707 1706/1706/1706
f 1706/1706/1706 1707/1707/1707 1708/1708/1708
f 1707/1707/1707 1709/1709/1709 1708/1708/1708
f 1710/1710/1710 1708/1708/1708 1711/1711/1711
f 1708/1708/1708 1709/1709/1709 1711/1711/1711
f 1709/1709/1709 1700/1700/1700 1711/1711/1711
f 1711/1711/1711 1700/1700/1700 1712/1712/1712
f 1712/1712/1712 1700/1700/1700 1713/1713/1713
f 1700/1700/1700 1701/1701/1701 1713/1713/1713
f 1701/1701/1701 1708/1708/1708 1713/1713/1713
f 1708/1708/1708 1710/1710/1710 1713/1713/1713
f 1714/1714/1714 1715/1715/1715 1716/1716/1716
f 1715/1715/1715 1717/1717/1717 1716/1716/1716
f 1718/1718/1718 1719/1719/1719 1720/1720/1720
f 1719/1719/1719 1721/1721/1721 1720/1720/1720
f 1722/1722/1722 1723/1723/1723 1724/1724/1724
f 1723/1723/1723 1725/1725/1725 1724/1724/1724
f 1726/1726/1726 1727/1727/1727 1728/1728/1728
f 1727/1727/1727 1729/1729/1729 1728/1728/1728
f 1730/1730/1730 1731/1731/1731 1732/1732/1732
f 1731/1731/1731 1733/1733/1733 1732/1732/1732
f 1734/1734/1734 1735/1735/1735 1736/1736/1736
f 1737/1737/1737 1738/1738/1738 1739/1739/1739
f 1738/1738/1738 1736/1736/1736 1739/1739/1739
f 1736/1736/1736 1735/1735/1735 1739/1739/1739
f 1740/1740/1740 1741/1741/1741 1742/1742/1742
f 1741/1741/1741 1743/1743/1743 1742/1742/1742
f 1744/1744/1744 1745/1745/1745 1746/1746/1746
f 1747/1747/1747 1748/1748/1748 1749/1749/1749
f 1748/1748/1748 1746/1746/1746 1749/1749/1749
f 1746/1746/1746 1745/1745/1745 1749/1749/1749
f 1750/1750/1750 1751/1751/1751 1752/1752/1752
f 1751/1751/1751 1753/1753/1753 1752/1752/1752
f 1754/1754/1754 1755/1755/1755 1756/1756/1756
f 1755/1755/1755 1757/1757/1757 1756/1756/1756
f 1758/1758/1758 1759/1759/1759 1760/1760/1760
f 1761/1761/1761 1762/1762/1762 1763/1763/1763
f 1762/1762/1762 1760/1760/1760 1763/1763/1763
f 1760/1760/1760 1759/1759/1759 1763/1763/1763
f 1764/1764/1764 1765/1765/1765 1766/1766/1766
f 1767/1767/1767 1768/1768/1768 1769/1769/1769
f 1768/1768/1768 1766/1766/1766 1769/1769/1769
f 1766/1766/1766 1765/1765/1765 1769/1769/1769
f 1770/1770/1770 1771/1771/1771 1772/1772/1772
f 1773/1773/1773 1774/1774/1774 1772/1772/1772
f 1772/1772/1772 1774/1774/1774 1775/1775/1775
f 1774/1774/1774 1776/1776/1776 1775/1775/1775
f 1775/1775/1775 1776/1776/1776 1777/1777/1777
f 1776/1776/1776 1778/1778/1778 1777/1777/1777
f 1777/1777/1777 1778/1778/1778 1779/1779/1779
f 1778/1778/1778 1773/1773/1773 1779/1779/1779
f 1773/1773/1773 1772/1772/1772 1779/1779/1779
f 1772/1772/1772 1771/1771/1771 1779/1779/1779
f 1780/1780/1780 1781/1781/1781 1782/1782/1782
f 1783/1783/1783 1784/1784/1784 1785/1785/1785
f 1784/1784/1784 1782/1782/1782 1785/1785/1785
f 1782/1782/1782 1781/1781/1781 1785/1785/1785
f 1786/1786/1786 1787/1787/1787 1788/1788/1788
f 1789/1789/1789 1790/1790/1790 1791/1791/1791
f 1790/1790/1790 1788/1788/1788 1791/1791/1791
f 1788/1788/1788 1787/1787/1787 1791/1791/1791
f 1792/1792/1792 1793/1793/1793 1794/1794/1794
f 1794/1794/1794 1793/1793/1793 1795/1795/1795
f 1793/1793/1793 1796/1796/1796 1795/1795/1795
f 1795/1795/1795 1796/1796/1796 1797/1797/1797
f 1796/1796/1796 1798/1798/1798 1797/1797/1797
f 1797/1797/1797 1798/1798/1798 1799/1799/1799
f 1798/1798/1798 1800/1800/1800 1799/1799/1799
f 1799/1799/1799 1800/1800/1800 1801/1801/1801
f 1802/1802/1802 1801/1801/1801 1803/1803/1803
f 1801/1801/1801 1800/1800/1800 1803/1803/1803
f 1804/1804/1804 1805/1805/1805 1806/1806/1806
f 1806/1806/1806 1805/1805/1805 1807/1807/1807
f 1805/1805/1805 1808/1808/1808 1807/1807/1807
f 1808/1808/1808 1809/1809/1809 1807/1807/1807
f 1810/1810/1810 1811/1811/1811 1812/1812/1812
f 1812/1812/1812 1811/1811/1811 1813/1813/1813
f 1811/1811/1811 1814/1814/1814 1813/1813/1813
f 1814/1814/1814 1815/1815/1815 1813/1813/1813
f 1816/1816/1816 1817/1817/1817 1818/1818/1818
f 1818/1818/1818 1817/1817/1817 1819/1819/1819
f 1817/1817/1817 1820/1820/1820 1819/1819/1819
f 1819/1819/1819 1820/1820/1820 1821/1821/1821
f 1820/1820/1820 1822/1822/1822 1821/1821/1821
f 1822/1822/1822 1823/1823/1823 1821/1821/1821
f 1824/1824/1824 1825/1825/1825 1826/1826/1826
f 1826/1826/1826 1825/1825/1825 1827/1827/1827
f 1825/1825/1825 1828/1828/1828 1827/1827/1827
f 1827/1827/1827 1828/1828/1828 1829/1829/1829
f 1828/1828/1828 1830/1830/1830 1829/1829/1829
f 1829/1829/1829 1830/1830/1830 1831/1831/1831
f 1832/1832/1832 1833/1833/1833 1834/1834/1834
f 1833/1833/1833 1831/1831/1831 1834/1834/1834
f 1831/1831/1831 1830/1830/1830 1834/1834/1834
f 1834/1834/1834 1830/1830/1830 1835/1835/1835
f 1835/1835/1835 1830/1830/1830 1836/1836/1836
f 1830/1830/1830 1837/1837/1837 1836/1836/1836
f 1837/1837/1837 1833/1833/1833 1836/1836/1836
f 1833/1833/1833 1832/1832/1832 1836/1836/1836
f 1838/1838/1838 1839/1839/1839 1840/1840/1840
f 1839/1839/1839 1841/1841/1841 1840/1840/1840
f 1842/1842/1842 1843/1843/1843 1844/1844/1844
f 1843/1843/1843 1845/1845/1845 1844/1844/1844
f 1846/1846/1846 1847/1847/1847 1848/1848/1848
f 1847/1847/1847 1849/1849/1849 1848/1848/1848
f 1850/1850/1850 1851/1851/1851 1852/1852/1852
f 1851/1851/1851 1853/1853/1853 1852/1852/1852
f 1854/1854/1854 1855/1855/1855 1856/1856/1856
f 1855/1855/1855 1857/1857/1857 1856/1856/1856
f 1858/1858/1858 1859/1859/1859 1860/1860/1860
f 1860/1860/1860 1859/1859/1859 1861/1861/1861
f 1859/1859/1859 1862/1862/1862 1861/1861/1861
f 1862/1862/1862 1863/1863/1863 1861/1861/1861
f 1864/1864/1864 1865/1865/1865 1866/1866/1866
f 1865/1865/1865 1867/1867/1867 1866/1866/1866
f 1868/1868/1868 1869/1869/1869 1870/1870/1870
f 1870/1870/1870 1869/1869/1869 1871/1871/1871
f 1869/1869/1869 1872/1872/1872 1871/1871/1871
f 1872/1872/1872 1873/1873/1873 1871/1871/1871
f 1874/1874/1874 1875/1875/1875 1876/1876/1876
f 1875/1875/1875 1877/1877/1877 1876/1876/1876
f 1878/1878/1878 1879/1879/1879 1880/1880/1880
f 1879/1879/1879 1881/1881/1881 1880/1880/1880
f 1882/1882/1882 1883/1883/1883 1884/1884/1884
f 1884/1884/1884 1883/1883/1883 1885/1885/1885
f 1883/1883/1883 1886/1886/1886 1885/1885/1885
f 1886/1886/1886 1887/1887/1887 1885/1885/1885
f 1888/1888/1888 1889/1889/1889 1890/1890/1890
f 1890/1890/1890 1889/1889/1889 1891/1891/1891
f 1889/1889/1889 1892/1892/1892 1891/1891/1891
f 1892/1892/1892 1893/1893/1893 1891/1891/1891
f 1894/1894/1894 1895/1895/1895 1896/1896/1896
f 1896/1896/1896 1895/1895/1895 1897/1897/1897
f 1895/1895/1895 1898/1898/1898 1897/1897/1897
f 1897/1897/1897 1898/1898/1898 1899/1899/1899
f 1898/1898/1898 1900/1900/1900 1899/1899/1899
f 1899/1899/1899 1900/1900/1900 1901/1901/1901
f 1900/1900/1900 1894/1894/1894 1901/1901/1901
f 1894/1894/1894 1896/1896/1896 1901/1901/1901
f 1896/1896/1896 1902/1902/1902 1901/1901/1901
f 1902/1902/1902 1903/1903/1903 1901/1901/1901
f 1904/1904/1904 1905/1905/1905 1906/1906/1906
f 1906/1906/1906 1905/1905/1905 1907/1907/1907
f 1905/1905/1905 1908/1908/1908 1907/1907/1907
f 1908/1908/1908 1909/1909/1909 1907/1907/1907
f 1910/1910/1910 1911/1911/1911 1912/1912/1912
f 1912/1912/1912 1911/1911/1911 1913/1913/1913
f 1911/1911/1911 1914/1914/1914 1913/1913/1913
f 1913/1913/1913 1914/1914/1914 1915/1915/1915
f 1914/1914/1914 1916/1916/1916 1915/1915/1915
f 1916/1916/1916 1917/1917/1917 1915/1915/1915
f 1918/1918/1918 1919/1919/1919 1920/1920/1920
f 1919/1919/1919 1921/1921/1921 1920/1920/1920
f 1920/1920/1920 1921/1921/1921 1922/1922/1922
f 1921/1921/1921 1923/1923/1923 1922/1922/1922
f 1922/1922/1922 1923/1923/1923 1924/1924/1924
f 1923/1923/1923 1925/1925/1925 1924/1924/1924
f 1924/1924/1924 1925/1925/1925 1926/1926/1926
f 1925/1925/1925 1927/1927/1927 1926/1926/1926
f 1926/1926/1926 1927/1927/1927 1928/1928/1928
f 1927/1927/1927 1929/1929/1929 1928/1928/1928
f 1930/1930/1930 1931/1931/1931 1932/1932/1932
f 1931/1931/1931 1933/1933/1933 1932/1932/1932
f 1934/1934/1934 1935/1935/1935 1936/1936/1936
f 1935/1935/1935 1937/1937/1937 1936/1936/1936
f 1938/1938/1938 1939/1939/1939 1940/1940/1940
f 1939/1939/1939 1941/1941/1941 1940/1940/1940
f 1942/1942/1942 1943/1943/1943 1944/1944/1944
f 1943/1943/1943 1945/1945/1945 1944/1944/1944
f 1946/1946/1946 1947/1947/1947 1948/1948/1948
f 1947/1947/1947 1949/1949/1949 1948/1948/1948
f 1950/1950/1950 1951/1951/1951 1952/1952/1952
f 1951/1951/1951 1953/1953/1953 1952/1952/1952
f 1954/1954/1954 1955/1955/1955 1956/1956/1956
f 1955/1955/1955 1957/1957/1957 1956/1956/1956
f 1958/1958/1958 1959/1959/1959 1960/1960/1960
f 1959/1959/1959 1961/1961/1961 1960/1960/1960
f 1962/1962/1962 1963/1963/1963 1964/1964/1964
f 1963/1963/1963 1965/1965/1965 1964/1964/1964
f 1966/1966/1966 1967/1967/1967 1968/1968/1968
f 1967/1967/1967 1969/1969/1969 1968/1968/1968
f 1970/1970/1970 1971/1971/1971 1972/1972/1972
f 1971/1971/1971 1973/1973/1973 1972/1972/1972
f 1974/1974/1974 1975/1975/1975 1976/1976/1976
f 1975/1975/1975 1977/1977/1977 1976/1976/1976
f 1978/1978/1978 1979/1979/1979 1980/1980/1980
f 1979/1979/1979 1981/1981/1981 1980/1980/1980
f 1982/1982/1982 1983/1983/1983 1984/1984/1984
f 1983/1983/1983 1985/1985/1985 1984/1984/1984
f 1986/1986/1986 1987/1987/1987 1988/1988/1988
f 1987/1987/1987 1989/1989/1989 1988/1988/1988
f 1990/1990/1990 1991/1991/1991 1992/1992/1992
f 1991/1991/1991 1993/1993/1993 1992/1992/1992
f 1994/1994/1994 1995/1995/1995 1997/1997/1997
f 1996/1996/1996 2000/2000/2000 1998/1998/1998
f 1999/1999/1999 2001/2001/2001 1997/1997/1997
f 1997/1997/1997 2001/2001/2001 2002/2002/2002
f 2002/2002/2002 2001/2001/2001 2003/2003/2003
f 2001/2001/2001 2004/2004/2004 2003/2003/2003
f 2004/2004/2004 1995/1995/1995 2003/2003/2003
f 1995/1995/1995 1994/1994/1994 2003/2003/2003
f 2005/2005/2005 2007/2007/2007 2008/2008/2008
f 2008/2008/2008 2007/2007/2007 2009/2009/2009
f 2006/2006/2006 2013/2013/2013 2010/2010/2010
f 2011/2011/2011 2012/2012/2012 2015/2015/2015
f 2014/2014/2014 2016/2016/2016 2015/2015/2015
f 2016/2016/2016 2017/2017/2017 2015/2015/2015
f 2018/2018/2018 2019/2019/2019 2020/2020/2020
f 2019/2019/2019 2021/2021/2021 2020/2020/2020
f 2022/2022/2022 2023/2023/2023 2024/2024/2024
f 2023/2023/2023 2025/2025/2025 2024/2024/2024
f 2026/2026/2026 2028/2028/2028 2029/2029/2029
f 2029/2029/2029 2028/2028/2028 2031/2031/2031
f 2030/2030/2030 2027/2027/2027 2033/2033/2033
f 2027/2027/2027 2035/2035/2035 2033/2033/2033
f 2036/2036/2036 2032/2032/2032 2037/2037/2037
f 2032/2032/2032 2034/2034/2034 2037/2037/2037
f 2038/2038/2038 2039/2039/2039 2040/2040/2040
f 2040/2040/2040 2039/2039/2039 2041/2041/2041
f 2039/2039/2039 2042/2042/2042 2041/2041/2041
f 2041/2041/2041 2042/2042/2042 2043/2043/2043
f 2042/2042/2042 2044/2044/2044 2043/2043/2043
f 2044/2044/2044 2045/2045/2045 2043/2043/2043
f 2046/2046/2046 2047/2047/2047 2048/2048/2048
f 2047/2047/2047 2049/2049/2049 2048/2048/2048
f 2050/2050/2050 2051/2051/2051 2052/2052/2052
f 2051/2051/2051 2053/2053/2053 2052/2052/2052
f 2054/2054/2054 2055/2055/2055 2056/2056/2056
f 2055/2055/2055 2057/2057/2057 2056/2056/2056
f 2058/2058/2058 2059/2059/2059 2060/2060/2060
f 2059/2059/2059 2061/2061/2061 2060/2060/2060
f 2062/2062/2062 2063/2063/2063 2064/2064/2064
f 2063/2063/2063 2065/2065/2065 2064/2064/2064
f 2066/2066/2066 2067/2067/2067 2068/2068/2068
f 2067/2067/2067 2069/2069/2069 2068/2068/2068
f 2070/2070/2070 2071/2071/2071 2072/2072/2072
f 2071/2071/2071 2073/2073/2073 2072/2072/2072
f 2074/2074/2074 2075/2075/2075 2076/2076/2076
f 2075/2075/2075 2077/2077/2077 2076/2076/2076
f 2078/2078/2078 2079/2079/2079 2080/2080/2080
f 2079/2079/2079 2081/2081/2081 2080/2080/2080
f 2082/2082/2082 2083/2083/2083 2084/2084/2084
f 2083/2083/2083 2085/2085/2085 2084/2084/2084
f 2086/2086/2086 2087/2087/2087 2088/2088/2088
f 2087/2087/2087 2089/2089/2089 2088/2088/2088
f 2090/2090/2090 2091/2091/2091 2092/2092/2092
f 2091/2091/2091 2093/2093/2093 2092/2092/2092
f 2094/2094/2094 2095/2095/2095 2096/2096/2096
f 2095/2095/2095 2097/2097/2097 2096/2096/2096
f 2098/2098/2098 2099/2099/2099 2100/2100/2100
f 2099/2099/2099 2101/2101/2101 2100/2100/2100
f 2102/2102/2102 2103/2103/2103 2104/2104/2104
f 2103/2103/2103 2105/2105/2105 2104/2104/2104
f 2106/2106/2106 2107/2107/2107 2108/2108/2108
f 2107/2107/2107 2109/2109/2109 2108/2108/2108
f 2110/2110/2110 2111/2111/2111 2112/2112/2112
f 2111/2111/2111 2113/2113/2113 2112/2112/2112
f 2114/2114/2114 2115/2115/2115 2116/2116/2116
f 2116/2116/2116 2115/2115/2115 2117/2117/2117
f 2115/2115/2115 2118/2118/2118 2117/2117/2117
f 2117/2117/2117 2118/2118/2118 2119/2119/2119
f 2118/2118/2118 2120/2120/2120 2119/2119/2119
f 2119/2119/2119 2120/2120/2120 2121/2121/2121
f 2120/2120/2120 2114/2114/2114 2121/2121/2121
f 2114/2114/2114 2116/2116/2116 2121/2121/2121
f 2122/2122/2122 2123/2123/2123 2124/2124/2124
f 2123/2123/2123 2125/2125/2125 2124/2124/2124
f 2126/2126/2126 2127/2127/2127 2128/2128/2128
f 2128/2128/2128 2127/2127/2127 2129/2129/2129
f 2130/2130/2130 2131/2131/2131 2132/2132/2132
f 2132/2132/2132 2131/2131/2131 2133/2133/2133
f 2131/2131/2131 2129/2129/2129 2133/2133/2133
f 2129/2129/2129 2127/2127/2127 2133/2133/2133
f 2134/2134/2134 2135/2135/2135 2136/2136/2136
f 2136/2136/2136 2135/2135/2135 2137/2137/2137
f 2135/2135/2135 2138/2138/2138 2137/2137/2137
f 2137/2137/2137 2138/2138/2138 2139/2139/2139
f 2138/2138/2138 2140/2140/2140 2139/2139/2139
f 2140/2140/2140 2141/2141/2141 2139/2139/2139
f 2142/2142/2142 2143/2143/2143 2144/2144/2144
f 2143/2143/2143 2145/2145/2145 2144/2144/2144
f 2146/2146/2146 2147/2147/2147 2148/2148/2148
f 2147/2147/2147 2149/2149/2149 2148/2148/2148
f 2150/2150/2150 2151/2151/2151 2152/2152/2152
f 2151/2151/2151 2153/2153/2153 2152/2152/2152
f 2154/2154/2154 2155/2155/2155 2156/2156/2156
f 2155/2155/2155 2157/2157/2157 2156/2156/2156
f 2158/2158/2158 2159/2159/2159 2160/2160/2160
f 2159/2159/2159 2161/2161/2161 2160/2160/2160
f 2162/2162/2162 2163/2163/2163 2164/2164/2164
f 2163/2163/2163 2165/2165/2165 2164/2164/2164
f 2166/2166/2166 2167/2167/2167 2168/2168/2168
f 2167/2167/2167 2169/2169/2169 2168/2168/2168
f 2170/2170/2170 2171/2171/2171 2172/2172/2172
f 2171/2171/2171 2173/2173/2173 2172/2172/2172
f 2174/2174/2174 2175/2175/2175 2176/2176/2176
f 2175/2175/2175 2177/2177/2177 2176/2176/2176
f 2178/2178/2178 2179/2179/2179 2180/2180/2180
f 2179/2179/2179 2181/2181/2181 2180/2180/2180
f 2182/2182/2182 2183/2183/2183 2184/2184/2184
f 2183/2183/2183 2185/2185/2185 2184/2184/2184
f 2186/2186/2186 2187/2187/2187 2188/2188/2188
f 2187/2187/2187 2189/2189/2189 2188/2188/2188
f 2190/2190/2190 2191/2191/2191 2192/2192/2192
f 2191/2191/2191 2193/2193/2193 2192/2192/2192
f 2194/2194/2194 2195/2195/2195 2196/2196/2196
f 2195/2195/2195 2197/2197/2197 2196/2196/2196
f 2198/2198/2198 2199/2199/2199 2200/2200/2200
f 2199/2199/2199 2201/2201/2201 2200/2200/2200
f 2202/2202/2202 2203/2203/2203 2204/2204/2204
f 2203/2203/2203 2205/2205/2205 2204/2204/2204
f 2206/2206/2206 2207/2207/2207 2208/2208/2208
f 2207/2207/2207 2209/2209/2209 2208/2208/2208
f 2210/2210/2210 2211/2211/2211 2212/2212/2212
f 2211/2211/2211 2213/2213/2213 2212/2212/2212
f 2214/2214/2214 2215/2215/2215 2216/2216/2216
f 2215/2215/2215 2217/2217/2217 2216/2216/2216
f 2218/2218/2218 2219/2219/2219 2220/2220/2220
f 2219/2219/2219 2221/2221/2221 2220/2220/2220
f 2222/2222/2222 2223/2223/2223 2224/2224/2224
f 2223/2223/2223 2225/2225/2225 2224/2224/2224
f 2226/2226/2226 2227/2227/2227 2228/2228/2228
f 2228/2228/2228 2227/2227/2227 2229/2229/2229
f 2227/2227/2227 2231/2231/2231 2229/2229/2229
f 2229/2229/2229 2231/2231/2231 2232/2232/2232
f 2230/2230/2230 2233/2233/2233 2232/2232/2232
f 2233/2233/2233 2234/2234/2234 2232/2232/2232
f 2235/2235/2235 2236/2236/2236 2237/2237/2237
f 2236/2236/2236 2238/2238/2238 2237/2237/2237
f 2239/2239/2239 2240/2240/2240 2241/2241/2241
f 2240/2240/2240 2242/2242/2242 2241/2241/2241
f 2243/2243/2243 2244/2244/2244 2245/2245/2245
f 2244/2244/2244 2246/2246/2246 2245/2245/2245
f 2247/2247/2247 2248/2248/2248 2249/2249/2249
f 2248/2248/2248 2250/2250/2250 2249/2249/2249
f 2251/2251/2251 2252/2252/2252 2253/2253/2253
f 2252/2252/2252 2254/2254/2254 2253/2253/2253
f 2255/2255/2255 2256/2256/2256 2257/2257/2257
f 2257/2257/2257 2256/2256/2256 2258/2258/2258
f 2259/2259/2259 2260/2260/2260 2261/2261/2261
f 2261/2261/2261 2260/2260/2260 2263/2263/2263
f 2260/2260/2260 2258/2258/2258 2262/2262/2262
f 2258/2258/2258 2256/2256/2256 2262/2262/2262
f 2263/2263/2263 2256/2256/2256 2264/2264/2264
f 2256/2256/2256 2265/2265/2265 2264/2264/2264
f 2266/2266/2266 2267/2267/2267 2270/2270/2270
f 2268/2268/2268 2271/2271/2271 2269/2269/2269
f 2272/2272/2272 2273/2273/2273 2274/2274/2274
f 2273/2273/2273 2275/2275/2275 2274/2274/2274
f 2276/2276/2276 2277/2277/2277 2278/2278/2278
f 2279/2279/2279 2280/2280/2280 2281/2281/2281
f 2280/2280/2280 2282/2282/2282 2281/2281/2281
f 2281/2281/2281 2282/2282/2282 2283/2283/2283
f 2282/2282/2282 2278/2278/2278 2283/2283/2283
f 2278/2278/2278 2277/2277/2277 2283/2283/2283
f 2284/2284/2284 2285/2285/2285 2286/2286/2286
f 2285/2285/2285 2287/2287/2287 2286/2286/2286
f 2288/2288/2288 2289/2289/2289 2290/2290/2290
f 2291/2291/2291 2292/2292/2292 2293/2293/2293
f 2292/2292/2292 2294/2294/2294 2293/2293/2293
f 2293/2293/2293 2294/2294/2294 2295/2295/2295
f 2294/2294/2294 2290/2290/2290 2295/2295/2295
f 2290/2290/2290 2289/2289/2289 2295/2295/2295
f 2296/2296/2296 2297/2297/2297 2298/2298/2298
f 2297/2297/2297 2299/2299/2299 2298/2298/2298
f 2300/2300/2300 2301/2301/2301 2302/2302/2302
f 2301/2301/2301 2303/2303/2303 2302/2302/2302
f 2304/2304/2304 2305/2305/2305 2306/2306/2306
f 2305/2305/2305 2307/2307/2307 2306/2306/2306
f 2306/2306/2306 2307/2307/2307 2308/2308/2308
f 2307/2307/2307 2309/2309/2309 2308/2308/2308
f 2308/2308/2308 2309/2309/2309 2310/2310/2310
f 2309/2309/2309 2311/2311/2311 2310/2310/2310
f 2311/2311/2311 2312/2312/2312 2310/2310/2310
f 2310/2310/2310 2312/2312/2312 2313/2313/2313
f 2314/2314/2314 2315/2315/2315 2316/2316/2316
f 2315/2315/2315 2317/2317/2317 2316/2316/2316
f 2316/2316/2316 2317/2317/2317 2318/2318/2318
f 2317/2317/2317 2319/2319/2319 2318/2318/2318
f 2318/2318/2318 2319/2319/2319 2320/2320/2320
f 2319/2319/2319 2321/2321/2321 2320/2320/2320
f 2321/2321/2321 2313/2313/2313 2320/2320/2320
f 2313/2313/2313 2312/2312/2312 2320/2320/2320
f 2322/2322/2322 2323/2323/2323 2324/2324/2324
f 2323/2323/2323 2325/2325/2325 2324/2324/2324
f 2324/2324/2324 2325/2325/2325 2326/2326/2326
f 2325/2325/2325 2327/2327/2327 2326/2326/2326
f 2326/2326/2326 2327/2327/2327 2328/2328/2328
f 2327/2327/2327 2329/2329/2329 2328/2328/2328
f 2330/2330/2330 2331/2331/2331 2332/2332/2332
f 2331/2331/2331 2333/2333/2333 2332/2332/2332
f 2332/2332/2332 2333/2333/2333 2334/2334/2334
f 2333/2333/2333 2335/2335/2335 2334/2334/2334
f 2334/2334/2334 2335/2335/2335 2336/2336/2336
f 2335/2335/2335 2337/2337/2337 2336/2336/2336
f 2337/2337/2337 2338/2338/2338 2336/2336/2336
f 2336/2336/2336 2338/2338/2338 2339/2339/2339
f 2338/2338/2338 2328/2328/2328 2339/2339/2339
f 2328/2328/2328 2329/2329/2329 2339/2339/2339
f 2340/2340/2340 2341/2341/2341 2342/2342/2342
f 2342/2342/2342 2341/2341/2341 2343/2343/2343
f 2344/2344/2344 2345/2345/2345 2346/2346/2346
f 2346/2346/2346 2345/2345/2345 2348/2348/2348
f 2345/2345/2345 2343/2343/2343 2347/2347/2347
f 2343/2343/2343 2341/2341/2341 2347/2347/2347
f 2341/2341/2341 2349/2349/2349 2348/2348/2348
f 2348/2348/2348 2349/2349/2349 2350/2350/2350
f 2349/2349/2349 2351/2351/2351 2350/2350/2350
f 2351/2351/2351 2352/2352/2352 2350/2350/2350
f 2353/2353/2353 2354/2354/2354 2355/2355/2355
f 2354/2354/2354 2356/2356/2356 2355/2355/2355
f 2357/2357/2357 2358/2358/2358 2359/2359/2359
f 2360/2360/2360 2359/2359/2359 2361/2361/2361
f 2359/2359/2359 2358/2358/2358 2361/2361/2361
f 2361/2361/2361 2358/2358/2358 2362/2362/2362
f 2362/2362/2362 2358/2358/2358 2363/2363/2363
f 2364/2364/2364 2363/2363/2363 2365/2365/2365
f 2363/2363/2363 2358/2358/2358 2365/2365/2365
f 2358/2358/2358 2357/2357/2357 2365/2365/2365
f 2366/2366/2366 2367/2367/2367 2368/2368/2368
f 2367/2367/2367 2369/2369/2369 2368/2368/2368
f 2370/2370/2370 2371/2371/2371 2372/2372/2372
f 2373/2373/2373 2374/2374/2374 2375/2375/2375
f 2374/2374/2374 2376/2376/2376 2375/2375/2375
f 2377/2377/2377 2378/2378/2378 2379/2379/2379
f 2378/2378/2378 2380/2380/2380 2379/2379/2379
f 2381/2381/2381 2382/2382/2382 2383/2383/2383
f 2384/2384/2384 2385/2385/2385 2386/2386/2386
f 2385/2385/2385 2387/2387/2387 2386/2386/2386
f 2387/2387/2387 2388/2388/2388 2386/2386/2386
f 2386/2386/2386 2388/2388/2388 2389/2389/2389
f 2388/2388/2388 2390/2390/2390 2389/2389/2389
f 2389/2389/2389 2390/2390/2390 2391/2391/2391
f 2390/2390/2390 2392/2392/2392 2391/2391/2391
f 2391/2391/2391 2392/2392/2392 2393/2393/2393
f 2392/2392/2392 2394/2394/2394 2393/2393/2393
f 2393/2393/2393 2394/2394/2394 2395/2395/2395
f 2394/2394/2394 2396/2396/2396 2395/2395/2395
f 2395/2395/2395 2396/2396/2396 2397/2397/2397
f 2397/2397/2397 2396/2396/2396 2398/2398/2398
f 2398/2398/2398 2396/2396/2396 2399/2399/2399
f 2400/2400/2400 2399/2399/2399 2401/2401/2401
f 2399/2399/2399 2396/2396/2396 2401/2401/2401
f 2396/2396/2396 2394/2394/2394 2401/2401/2401
f 2401/2401/2401 2394/2394/2394 2402/2402/2402
f 2394/2394/2394 2392/2392/2392 2402/2402/2402
f 2402/2402/2402 2392/2392/2392 2403/2403/2403
f 2392/2392/2392 2390/2390/2390 2403/2403/2403
f 2403/2403/2403 2390/2390/2390 2404/2404/2404
f 2390/2390/2390 2388/2388/2388 2404/2404/2404
f 2404/2404/2404 2388/2388/2388 2405/2405/2405
f 2388/2388/2388 2387/2387/2387 2405/2405/2405
f 2405/2405/2405 2387/2387/2387 2406/2406/2406
f 2406/2406/2406 2387/2387/2387 2407/2407/2407
f 2387/2387/2387 2385/2385/2385 2407/2407/2407
f 2408/2408/2408 2409/2409/2409 2410/2410/2410
f 2411/2411/2411 2412/2412/2412 2413/2413/2413
f 2412/2412/2412 2414/2414/2414 2413/2413/2413
f 2413/2413/2413 2414/2414/2414 2415/2415/2415
f 2414/2414/2414 2416/2416/2416 2415/2415/2415
f 2415/2415/2415 2416/2416/2416 2417/2417/2417
f 2416/2416/2416 2418/2418/2418 2417/2417/2417
f 2417/2417/2417 2418/2418/2418 2419/2419/2419
f 2418/2418/2418 2420/2420/2420 2419/2419/2419
f 2419/2419/2419 2420/2420/2420 2421/2421/2421
f 2420/2420/2420 2422/2422/2422 2421/2421/2421
f 2421/2421/2421 2422/2422/2422 2423/2423/2423
f 2422/2422/2422 2410/2410/2410 2423/2423/2423
f 2410/2410/2410 2409/2409/2409 2423/2423/2423
f 2424/2424/2424 2425/2425/2425 2426/2426/2426
f 2427/2427/2427 2428/2428/2428 2429/2429/2429
f 2428/2428/2428 2430/2430/2430 2429/2429/2429
f 2430/2430/2430 2431/2431/2431 2429/2429/2429
f 2429/2429/2429 2431/2431/2431 2432/2432/2432
f 2431/2431/2431 2433/2433/2433 2432/2432/2432
f 2432/2432/2432 2433/2433/2433 2434/2434/2434
f 2433/2433/2433 2435/2435/2435 2434/2434/2434
f 2434/2434/2434 2435/2435/2435 2436/2436/2436
f 2435/2435/2435 2437/2437/2437 2436/2436/2436
f 2436/2436/2436 2437/2437/2437 2438/2438/2438
f 2437/2437/2437 2426/2426/2426 2438/2438/2438
f 2438/2438/2438 2426/2426/2426 2439/2439/2439
f 2426/2426/2426 2425/2425/2425 2439/2439/2439
f 2440/2440/2440 2441/2441/2441 2442/2442/2442
f 2441/2441/2441 2443/2443/2443 2442/2442/2442
f 2444/2444/2444 2445/2445/2445 2446/2446/2446
f 2445/2445/2445 2447/2447/2447 2446/2446/2446
f 2448/2448/2448 2449/2449/2449 2450/2450/2450
f 2449/2449/2449 2451/2451/2451 2450/2450/2450
f 2452/2452/2452 2453/2453/2453 2454/2454/2454
f 2453/2453/2453 2455/2455/2455 2454/2454/2454
f 2456/2456/2456 2457/2457/2457 2458/2458/2458
f 2457/2457/2457 2459/2459/2459 2458/2458/2458
f 2460/2460/2460 2461/2461/2461 2462/2462/2462
f 2461/2461/2461 2463/2463/2463 2462/2462/2462
f 2464/2464/2464 2465/2465/2465 2466/2466/2466
f 2465/2465/2465 2467/2467/2467 2466/2466/2466
f 2468/2468/2468 2469/2469/2469 2470/2470/2470
f 2469/2469/2469 2471/2471/2471 2470/2470/2470
f 2472/2472/2472 2473/2473/2473 2474/2474/2474
f 2473/2473/2473 2475/2475/2475 2474/2474/2474
f 2476/2476/2476 2477/2477/2477 2478/2478/2478
f 2477/2477/2477 2479/2479/2479 2478/2478/2478
f 2480/2480/2480 2481/2481/2481 2482/2482/2482
f 2481/2481/2481 2483/2483/2483 2482/2482/2482
f 2484/2484/2484 2485/2485/2485 2486/2486/2486
f 2485/2485/2485 2487/2487/2487 2486/2486/2486
f 2488/2488/2488 2489/2489/2489 2490/2490/2490
f 2489/2489/2489 2491/2491/2491 2490/2490/2490
f 2492/2492/2492 2493/2493/2493 2494/2494/2494
f 2493/2493/2493 2495/2495/2495 2494/2494/2494
f 2496/2496/2496 2497/2497/2497 2498/2498/2498
f 2497/2497/2497 2499/2499/2499 2498/2498/2498
f 2500/2500/2500 2501/2501/2501 2502/2502/2502
f 2501/2501/2501 2503/2503/2503 2502/2502/2502
f 2504/2504/2504 2505/2505/2505 2506/2506/2506
f 2505/2505/2505 2507/2507/2507 2506/2506/2506
f 2507/2507/2507 2508/2508/2508 2506/2506/2506
f 2506/2506/2506 2508/2508/2508 2509/2509/2509
f 2509/2509/2509 2508/2508/2508 2510/2510/2510
f 2508/2508/2508 2511/2511/2511 2510/2510/2510
f 2511/2511/2511 2505/2505/2505 2510/2510/2510
f 2505/2505/2505 2504/2504/2504 2510/2510/2510
f 2512/2512/2512 2513/2513/2513 2514/2514/2514
f 2515/2515/2515 2516/2516/2516 2517/2517/2517
f 2516/2516/2516 2518/2518/2518 2517/2517/2517
f 2517/2517/2517 2518/2518/2518 2519/2519/2519
f 2518/2518/2518 2514/2514/2514 2519/2519/2519
f 2514/2514/2514 2513/2513/2513 2519/2519/2519
f 2520/2520/2520 2521/2521/2521 2522/2522/2522
f 2521/2521/2521 2523/2523/2523 2522/2522/2522
f 2525/2525/2525 2526/2526/2526 2529/2529/2529
f 2526/2526/2526 2531/2531/2531 2529/2529/2529
f 2530/2530/2530 2532/2532/2532 2528/2528/2528
f 2529/2529/2529 2533/2533/2533 2534/2534/2534
f 2534/2534/2534 2533/2533/2533 2536/2536/2536
f 2533/2533/2533 2537/2537/2537 2536/2536/2536
f 2538/2538/2538 2527/2527/2527 2535/2535/2535
f 2527/2527/2527 2524/2524/2524 2535/2535/2535
f 2539/2539/2539 2540/2540/2540 2541/2541/2541
f 2542/2542/2542 2543/2543/2543 2544/2544/2544
f 2543/2543/2543 2545/2545/2545 2544/2544/2544
f 2544/2544/2544 2545/2545/2545 2546/2546/2546
f 2545/2545/2545 2541/2541/2541 2546/2546/2546
f 2541/2541/2541 2540/2540/2540 2546/2546/2546
f 2547/2547/2547 2548/2548/2548 2549/2549/2549
f 2548/2548/2548 2550/2550/2550 2549/2549/2549
f 2551/2551/2551 2552/2552/2552 2553/2553/2553
f 2552/2552/2552 2554/2554/2554 2553/2553/2553
f 2555/2555/2555 2556/2556/2556 2557/2557/2557
f 2556/2556/2556 2558/2558/2558 2557/2557/2557
f 2559/2559/2559 2560/2560/2560 2561/2561/2561
f 2560/2560/2560 2562/2562/2562 2561/2561/2561
f 2563/2563/2563 2564/2564/2564 2565/2565/2565
f 2564/2564/2564 2566/2566/2566 2565/2565/2565
f 2567/2567/2567 2568/2568/2568 2569/2569/2569
f 2568/2568/2568 2570/2570/2570 2569/2569/2569
f 2571/2571/2571 2572/2572/2572 2573/2573/2573
f 2572/2572/2572 2574/2574/2574 2573/2573/2573
f 2575/2575/2575 2576/2576/2576 2577/2577/2577
f 2576/2576/2576 2578/2578/2578 2577/2577/2577
f 2579/2579/2579 2580/2580/2580 2581/2581/2581
f 2580/2580/2580 2582/2582/2582 2581/2581/2581
f 2583/2583/2583 2584/2584/2584 2585/2585/2585
f 2584/2584/2584 2586/2586/2586 2585/2585/2585
f 2587/2587/2587 2588/2588/2588 2589/2589/2589
f 2588/2588/2588 2590/2590/2590 2589/2589/2589
f 2591/2591/2591 2592/2592/2592 2593/2593/2593
f 2592/2592/2592 2594/2594/2594 2593/2593/2593
f 2595/2595/2595 2596/2596/2596 2597/2597/2597
f 2596/2596/2596 2598/2598/2598 2597/2597/2597
f 2599/2599/2599 2600/2600/2600 2601/2601/2601
f 2600/2600/2600 2602/2602/2602 2601/2601/2601
f 2603/2603/2603 2604/2604/2604 2605/2605/2605
f 2604/2604/2604 2606/2606/2606 2605/2605/2605
f 2607/2607/2607 2608/2608/2608 2609/2609/2609
f 2608/2608/2608 2610/2610/2610 2609/2609/2609
f 2611/2611/2611 2612/2612/2612 2613/2613/2613
f 2612/2612/2612 2614/2614/2614 2613/2613/2613
f 2615/2615/2615 2616/2616/2616 2617/2617/2617
f 2616/2616/2616 2618/2618/2618 2617/2617/2617
f 2619/2619/2619 2620/2620/2620 2621/2621/2621
f 2620/2620/2620 2622/2622/2622 2621/2621/2621
f 2621/2621/2621 2622/2622/2622 2623/2623/2623
f 2624/2624/2624 2625/2625/2625 2626/2626/2626
f 2625/2625/2625 2623/2623/2623 2626/2626/2626
f 2623/2623/2623 2622/2622/2622 2626/2626/2626
f 2627/2627/2627 2628/2628/2628 2629/2629/2629
f 2628/2628/2628 2630/2630/2630 2629/2629/2629
f 2631/2631/2631 2632/2632/2632 2633/2633/2633
f 2632/2632/2632 2634/2634/2634 2633/2633/2633
f 2635/2635/2635 2636/2636/2636 2637/2637/2637
f 2636/2636/2636 2638/2638/2638 2637/2637/2637
f 2639/2639/2639 2640/2640/2640 2641/2641/2641
f 2640/2640/2640 2642/2642/2642 2641/2641/2641
f 2643/2643/2643 2644/2644/2644 2645/2645/2645
f 2644/2644/2644 2646/2646/2646 2645/2645/2645
f 2647/2647/2647 2648/2648/2648 2649/2649/2649
f 2648/2648/2648 2650/2650/2650 2649/2649/2649
f 2651/2651/2651 2652/2652/2652 2653/2653/2653
f 2652/2652/2652 2654/2654/2654 2653/2653/2653
f 2655/2655/2655 2656/2656/2656 2657/2657/2657
f 2656/2656/2656 2658/2658/2658 2657/2657/2657
f 2659/2659/2659 2660/2660/2660 2661/2661/2661
f 2660/2660/2660 2662/2662/2662 2661/2661/2661
f 2663/2663/2663 2664/2664/2664 2665/2665/2665
f 2664/2664/2664 2666/2666/2666 2665/2665/2665
f 2667/2667/2667 2668/2668/2668 2669/2669/2669
f 2669/2669/2669 2668/2668/2668 2671/2671/2671
f 2668/2668/2668 2672/2672/2672 2671/2671/2671
f 2671/2671/2671 2672/2672/2672 2673/2673/2673
f 2672/2672/2672 2674/2674/2674 2673/2673/2673
f 2673/2673/2673 2674/2674/2674 2675/2675/2675
f 2674/2674/2674 2667/2667/2667 2675/2675/2675
f 2667/2667/2667 2669/2669/2669 2675/2675/2675
f 2670/2670/2670 2676/2676/2676 2675/2675/2675
f 2676/2676/2676 2677/2677/2677 2675/2675/2675
f 2678/2678/2678 2679/2679/2679 2680/2680/2680
f 2679/2679/2679 2681/2681/2681 2680/2680/2680
f 2682/2682/2682 2684/2684/2684 2685/2685/2685
f 2683/2683/2683 2687/2687/2687 2686/2686/2686
f 2688/2688/2688 2689/2689/2689 2690/2690/2690
f 2689/2689/2689 2691/2691/2691 2690/2690/2690
f 2692/2692/2692 2693/2693/2693 2694/2694/2694
f 2693/2693/2693 2695/2695/2695 2694/2694/2694
f 2696/2696/2696 2697/2697/2697 2698/2698/2698
f 2697/2697/2697 2699/2699/2699 2698/2698/2698
f 2700/2700/2700 2701/2701/2701 2702/2702/2702
f 2701/2701/2701 2703/2703/2703 2702/2702/2702
f 2704/2704/2704 2705/2705/2705 2706/2706/2706
f 2705/2705/2705 2707/2707/2707 2706/2706/2706
f 2708/2708/2708 2709/2709/2709 2710/2710/2710
f 2709/2709/2709 2711/2711/2711 2710/2710/2710
f 2712/2712/2712 2713/2713/2713 2714/2714/2714
f 2713/2713/2713 2715/2715/2715 2714/2714/2714
f 2716/2716/2716 2717/2717/2717 2718/2718/2718
f 2717/2717/2717 2719/2719/2719 2718/2718/2718
f 2720/2720/2720 2721/2721/2721 2722/2722/2722
f 2721/2721/2721 2723/2723/2723 2722/2722/2722
f 2724/2724/2724 2725/2725/2725 2726/2726/2726
f 2725/2725/2725 2727/2727/2727 2726/2726/2726
f 2728/2728/2728 2729/2729/2729 2730/2730/2730
f 2729/2729/2729 2731/2731/2731 2730/2730/2730
f 2732/2732/2732 2733/2733/2733 2734/2734/2734
f 2733/2733/2733 2735/2735/2735 2734/2734/2734
f 2736/2736/2736 2738/2738/2738 2740/2740/2740
f 2737/2737/2737 2741/2741/2741 2739/2739/2739
f 2742/2742/2742 2743/2743/2743 2744/2744/2744
f 2743/2743/2743 2745/2745/2745 2744/2744/2744
f 2746/2746/2746 2747/2747/2747 2748/2748/2748
f 2747/2747/2747 2749/2749/2749 2748/2748/2748
f 2750/2750/2750 2751/2751/2751 2752/2752/2752
f 2751/2751/2751 2753/2753/2753 2752/2752/2752
f 2754/2754/2754 2755/2755/2755 2756/2756/2756
f 2756/2756/2756 2755/2755/2755 2757/2757/2757
f 2755/2755/2755 2758/2758/2758 2757/2757/2757
f 2757/2757/2757 2758/2758/2758 2759/2759/2759
f 2758/2758/2758 2760/2760/2760 2759/2759/2759
f 2760/2760/2760 2761/2761/2761 2759/2759/2759
f 2762/2762/2762 2764/2764/2764 2766/2766/2766
f 2763/2763/2763 2767/2767/2767 2765/2765/2765
f 2768/2768/2768 2769/2769/2769 2770/2770/2770
f 2770/2770/2770 2769/2769/2769 2771/2771/2771
f 2769/2769/2769 2772/2772/2772 2771/2771/2771
f 2771/2771/2771 2772/2772/2772 2773/2773/2773
f 2772/2772/2772 2774/2774/2774 2773/2773/2773
f 2774/2774/2774 2775/2775/2775 2773/2773/2773
f 2776/2776/2776 2777/2777/2777 2778/2778/2778
f 2777/2777/2777 2779/2779/2779 2778/2778/2778
f 2780/2780/2780 2781/2781/2781 2782/2782/2782
f 2781/2781/2781 2783/2783/2783 2782/2782/2782
f 2784/2784/2784 2785/2785/2785 2786/2786/2786
f 2786/2786/2786 2785/2785/2785 2787/2787/2787
f 2785/2785/2785 2788/2788/2788 2787/2787/2787
f 2787/2787/2787 2788/2788/2788 2789/2789/2789
f 2788/2788/2788 2790/2790/2790 2789/2789/2789
f 2789/2789/2789 2790/2790/2790 2791/2791/2791
f 2791/2791/2791 2790/2790/2790 2792/2792/2792
f 2790/2790/2790 2793/2793/2793 2792/2792/2792
f 2792/2792/2792 2793/2793/2793 2794/2794/2794
f 2795/2795/2795 2796/2796/2796 2797/2797/2797
f 2797/2797/2797 2796/2796/2796 2798/2798/2798
f 2796/2796/2796 2799/2799/2799 2798/2798/2798
f 2798/2798/2798 2799/2799/2799 2800/2800/2800
f 2799/2799/2799 2794/2794/2794 2800/2800/2800
f 2800/2800/2800 2794/2794/2794 2801/2801/2801
f 2794/2794/2794 2793/2793/2793 2801/2801/2801
f 2802/2802/2802 2803/2803/2803 2804/2804/2804
f 2804/2804/2804 2803/2803/2803 2805/2805/2805
f 2803/2803/2803 2806/2806/2806 2805/2805/2805
f 2805/2805/2805 2806/2806/2806 2807/2807/2807
f 2806/2806/2806 2808/2808/2808 2807/2807/2807
f 2807/2807/2807 2808/2808/2808 2809/2809/2809
f 2809/2809/2809 2808/2808/2808 2810/2810/2810
f 2811/2811/2811 2812/2812/2812 2813/2813/2813
f 2813/2813/2813 2812/2812/2812 2814/2814/2814
f 2812/2812/2812 2815/2815/2815 2814/2814/2814
f 2814/2814/2814 2815/2815/2815 2816/2816/2816
f 2815/2815/2815 2817/2817/2817 2816/2816/2816
f 2816/2816/2816 2817/2817/2817 2818/2818/2818
f 2818/2818/2818 2817/2817/2817 2819/2819/2819
f 2817/2817/2817 2810/2810/2810 2819/2819/2819
f 2810/2810/2810 2808/2808/2808 2819/2819/2819
f 2820/2820/2820 2821/2821/2821 2823/2823/2823
f 2822/2822/2822 2821/2821/2821 2824/2824/2824
f 2821/2821/2821 2825/2825/2825 2824/2824/2824
f 2826/2826/2826 2827/2827/2827 2829/2829/2829
f 2828/2828/2828 2827/2827/2827 2830/2830/2830
f 2827/2827/2827 2831/2831/2831 2830/2830/2830
f 2830/2830/2830 2831/2831/2831 2833/2833/2833
f 2831/2831/2831 2834/2834/2834 2833/2833/2833
f 2832/2832/2832 2834/2834/2834 2835/2835/2835
f 2834/2834/2834 2826/2826/2826 2835/2835/2835
f 2826/2826/2826 2829/2829/2829 2835/2835/2835
f 2828/2828/2828 2824/2824/2824 2835/2835/2835
f 2835/2835/2835 2824/2824/2824 2836/2836/2836
f 2824/2824/2824 2825/2825/2825 2836/2836/2836
f 2825/2825/2825 2837/2837/2837 2836/2836/2836
f 2836/2836/2836 2837/2837/2837 2838/2838/2838
f 2837/2837/2837 2820/2820/2820 2838/2838/2838
f 2820/2820/2820 2823/2823/2823 2838/2838/2838
f 2838/2838/2838 2822/2822/2822 2839/2839/2839
f 2840/2840/2840 2841/2841/2841 2842/2842/2842
f 2841/2841/2841 2843/2843/2843 2842/2842/2842
f 2842/2842/2842 2844/2844/2844 2845/2845/2845
f 2846/2846/2846 2847/2847/2847 2848/2848/2848
f 2847/2847/2847 2845/2845/2845 2848/2848/2848
f 2845/2845/2845 2844/2844/2844 2848/2848/2848
f 2848/2848/2848 2843/2843/2843 2849/2849/2849
f 2843/2843/2843 2839/2839/2839 2849/2849/2849
f 2839/2839/2839 2822/2822/2822 2849/2849/2849
f 2850/2850/2850 2851/2851/2851 2852/2852/2852
f 2851/2851/2851 2853/2853/2853 2852/2852/2852
f 2854/2854/2854 2855/2855/2855 2856/2856/2856
f 2857/2857/2857 2856/2856/2856 2858/2858/2858
f 2856/2856/2856 2855/2855/2855 2858/2858/2858
f 2858/2858/2858 2855/2855/2855 2859/2859/2859
f 2859/2859/2859 2855/2855/2855 2860/2860/2860
f 2861/2861/2861 2860/2860/2860 2862/2862/2862
f 2860/2860/2860 2855/2855/2855 2862/2862/2862
f 2855/2855/2855 2854/2854/2854 2862/2862/2862
f 2863/2863/2863 2864/2864/2864 2865/2865/2865
f 2864/2864/2864 2866/2866/2866 2865/2865/2865
f 2867/2867/2867 2868/2868/2868 2869/2869/2869
f 2870/2870/2870 2872/2872/2872 2874/2874/2874
f 2875/2875/2875 2876/2876/2876 2877/2877/2877
f 2876/2876/2876 2873/2873/2873 2877/2877/2877
f 2873/2873/2873 2871/2871/2871 2877/2877/2877
f 2878/2878/2878 2879/2879/2879 2880/2880/2880
f 2881/2881/2881 2882/2882/2882 2883/2883/2883
f 2883/2883/2883 2882/2882/2882 2884/2884/2884
f 2882/2882/2882 2885/2885/2885 2884/2884/2884
f 2884/2884/2884 2885/2885/2885 2886/2886/2886
f 2885/2885/2885 2887/2887/2887 2886/2886/2886
f 2886/2886/2886 2887/2887/2887 2888/2888/2888
f 2887/2887/2887 2889/2889/2889 2888/2888/2888
f 2888/2888/2888 2889/2889/2889 2890/2890/2890
f 2889/2889/2889 2891/2891/2891 2890/2890/2890
f 2890/2890/2890 2891/2891/2891 2892/2892/2892
f 2891/2891/2891 2893/2893/2893 2892/2892/2892
f 2892/2892/2892 2893/2893/2893 2894/2894/2894
f 2895/2895/2895 2894/2894/2894 2896/2896/2896
f 2894/2894/2894 2893/2893/2893 2896/2896/2896
f 2896/2896/2896 2893/2893/2893 2897/2897/2897
f 2897/2897/2897 2893/2893/2893 2898/2898/2898
f 2893/2893/2893 2891/2891/2891 2898/2898/2898
f 2898/2898/2898 2891/2891/2891 2899/2899/2899
f 2891/2891/2891 2889/2889/2889 2899/2899/2899
f 2899/2899/2899 2889/2889/2889 2900/2900/2900
f 2889/2889/2889 2887/2887/2887 2900/2900/2900
f 2900/2900/2900 2887/2887/2887 2901/2901/2901
f 2887/2887/2887 2885/2885/2885 2901/2901/2901
f 2901/2901/2901 2885/2885/2885 2902/2902/2902
f 2885/2885/2885 2882/2882/2882 2902/2902/2902
f 2902/2902/2902 2882/2882/2882 2903/2903/2903
f 2882/2882/2882 2881/2881/2881 2903/2903/2903
f 2881/2881/2881 2904/2904/2904 2903/2903/2903
f 2905/2905/2905 2906/2906/2906 2907/2907/2907
f 2907/2907/2907 2906/2906/2906 2908/2908/2908
f 2906/2906/2906 2909/2909/2909 2908/2908/2908
f 2908/2908/2908 2909/2909/2909 2910/2910/2910
f 2909/2909/2909 2911/2911/2911 2910/2910/2910
f 2910/2910/2910 2911/2911/2911 2912/2912/2912
f 2911/2911/2911 2913/2913/2913 2912/2912/2912
f 2912/2912/2912 2913/2913/2913 2914/2914/2914
f 2913/2913/2913 2915/2915/2915 2914/2914/2914
f 2914/2914/2914 2915/2915/2915 2916/2916/2916
f 2915/2915/2915 2917/2917/2917 2916/2916/2916
f 2916/2916/2916 2917/2917/2917 2918/2918/2918
f 2917/2917/2917 2919/2919/2919 2918/2918/2918
f 2919/2919/2919 2920/2920/2920 2918/2918/2918
f 2921/2921/2921 2922/2922/2922 2923/2923/2923
f 2923/2923/2923 2922/2922/2922 2924/2924/2924
f 2922/2922/2922 2925/2925/2925 2924/2924/2924
f 2924/2924/2924 2925/2925/2925 2926/2926/2926
f 2925/2925/2925 2927/2927/2927 2926/2926/2926
f 2926/2926/2926 2927/2927/2927 2928/2928/2928
f 2927/2927/2927 2929/2929/2929 2928/2928/2928
f 2928/2928/2928 2929/2929/2929 2930/2930/2930
f 2929/2929/2929 2931/2931/2931 2930/2930/2930
f 2930/2930/2930 2931/2931/2931 2932/2932/2932
f 2931/2931/2931 2933/2933/2933 2932/2932/2932
f 2932/2932/2932 2933/2933/2933 2934/2934/2934
f 2933/2933/2933 2935/2935/2935 2934/2934/2934
f 2935/2935/2935 2936/2936/2936 2934/2934/2934
f 2937/2937/2937 2938/2938/2938 2939/2939/2939
f 2938/2938/2938 2940/2940/2940 2939/2939/2939
f 2941/2941/2941 2942/2942/2942 2943/2943/2943
f 2942/2942/2942 2944/2944/2944 2943/2943/2943
f 2945/2945/2945 2946/2946/2946 2947/2947/2947
f 2947/2947/2947 2946/2946/2946 2948/2948/2948
f 2946/2946/2946 2949/2949/2949 2948/2948/2948
f 2949/2949/2949 2950/2950/2950 2948/2948/2948
f 2951/2951/2951 2952/2952/2952 2953/2953/2953
f 2953/2953/2953 2952/2952/2952 2954/2954/2954
f 2952/2952/2952 2955/2955/2955 2954/2954/2954
f 2955/2955/2955 2956/2956/2956 2954/2954/2954
f 2957/2957/2957 2958/2958/2958 2959/2959/2959
f 2959/2959/2959 2958/2958/2958 2960/2960/2960
f 2961/2961/2961 2960/2960/2960 2962/2962/2962
f 2960/2960/2960 2958/2958/2958 2962/2962/2962
f 2963/2963/2963 2964/2964/2964 2965/2965/2965
f 2965/2965/2965 2964/2964/2964 2966/2966/2966
f 2967/2967/2967 2966/2966/2966 2968/2968/2968
f 2966/2966/2966 2964/2964/2964 2968/2968/2968
f 2969/2969/2969 2970/2970/2970 2971/2971/2971
f 2970/2970/2970 2972/2972/2972 2971/2971/2971
f 2972/2972/2972 2973/2973/2973 2971/2971/2971
f 2973/2973/2973 2974/2974/2974 2971/2971/2971
f 2975/2975/2975 2976/2976/2976 2977/2977/2977
f 2976/2976/2976 2978/2978/2978 2977/2977/2977
f 2978/2978/2978 2979/2979/2979 2977/2977/2977
f 2979/2979/2979 2980/2980/2980 2977/2977/2977
f 2981/2981/2981 2982/2982/2982 2983/2983/2983
f 2982/2982/2982 2984/2984/2984 2983/2983/2983
f 2984/2984/2984 2985/2985/2985 2983/2983/2983
f 2985/2985/2985 2986/2986/2986 2983/2983/2983
f 2987/2987/2987 2988/2988/2988 2989/2989/2989
f 2990/2990/2990 2991/2991/2991 2992/2992/2992
f 2992/2992/2992 2991/2991/2991 2993/2993/2993
f 2991/2991/2991 2989/2989/2989 2993/2993/2993
f 2989/2989/2989 2988/2988/2988 2993/2993/2993
f 2993/2993/2993 2988/2988/2988 2994/2994/2994
f 2988/2988/2988 2987/2987/2987 2994/2994/2994
f 2987/2987/2987 2995/2995/2995 2994/2994/2994
f 2994/2994/2994 2995/2995/2995 2996/2996/2996
f 2996/2996/2996 2995/2995/2995 2997/2997/2997
f 2995/2995/2995 2998/2998/2998 2997/2997/2997
f 2998/2998/2998 2999/2999/2999 2997/2997/2997
f 2997/2997/2997 2999/2999/2999 3000/3000/3000
f 2999/2999/2999 3001/3001/3001 3000/3000/3000
f 3000/3000/3000 3001/3001/3001 3002/3002/3002
f 3001/3001/3001 2990/2990/2990 3002/3002/3002
f 2990/2990/2990 2992/2992/2992 3002/3002/3002
f 2992/2992/2992 2993/2993/2993 3002/3002/3002
f 3002/3002/3002 2993/2993/2993 3003/3003/3003
f 2993/2993/2993 2994/2994/2994 3003/3003/3003
f 2994/2994/2994 2996/2996/2996 3003/3003/3003
f 2996/2996/2996 2997/2997/2997 3003/3003/3003
f 2997/2997/2997 3000/3000/3000 3003/3003/3003
f 3004/3004/3004 3005/3005/3005 3006/3006/3006
f 3005/3005/3005 3007/3007/3007 3006/3006/3006
f 3006/3006/3006 3007/3007/3007 3008/3008/3008
f 3008/3008/3008 3007/3007/3007 3009/3009/3009
f 3010/3010/3010 3009/3009/3009 3011/3011/3011
f 3009/3009/3009 3007/3007/3007 3011/3011/3011
f 3011/3011/3011 3007/3007/3007 3012/3012/3012
f 3007/3007/3007 3005/3005/3005 3012/3012/3012
f 3013/3013/3013 3014/3014/3014 3015/3015/3015
f 3015/3015/3015 3014/3014/3014 3016/3016/3016
f 3017/3017/3017 3016/3016/3016 3018/3018/3018
f 3016/3016/3016 3014/3014/3014 3018/3018/3018
f 3019/3019/3019 3018/3018/3018 3020/3020/3020
f 3018/3018/3018 3014/3014/3014 3020/3020/3020
f 3014/3014/3014 3013/3013/3013 3020/3020/3020
f 3013/3013/3013 3021/3021/3021 3020/3020/3020
f 3021/3021/3021 3022/3022/3022 3020/3020/3020
f 3022/3022/3022 3023/3023/3023 3020/3020/3020
f 3024/3024/3024 3025/3025/3025 3026/3026/3026
f 3026/3026/3026 3025/3025/3025 3027/3027/3027
f 3028/3028/3028 3027/3027/3027 3029/3029/3029
f 3027/3027/3027 3025/3025/3025 3029/3029/3029
f 3030/3030/3030 3029/3029/3029 3031/3031/3031
f 3029/3029/3029 3025/3025/3025 3031/3031/3031
f 3031/3031/3031 3025/3025/3025 3032/3032/3032
f 3025/3025/3025 3024/3024/3024 3032/3032/3032
f 3033/3033/3033 3032/3032/3032 3034/3034/3034
f 3032/3032/3032 3024/3024/3024 3034/3034/3034
f 3035/3035/3035 3036/3036/3036 3037/3037/3037
f 3036/3036/3036 3038/3038/3038 3037/3037/3037
f 3037/3037/3037 3038/3038/3038 3039/3039/3039
f 3039/3039/3039 3038/3038/3038 3040/3040/3040
f 3041/3041/3041 3040/3040/3040 3042/3042/3042
f 3040/3040/3040 3038/3038/3038 3042/3042/3042
f 3042/3042/3042 3038/3038/3038 3043/3043/3043
f 3038/3038/3038 3036/3036/3036 3043/3043/3043
f 3044/3044/3044 3045/3045/3045 3046/3046/3046
f 3045/3045/3045 3047/3047/3047 3046/3046/3046
f 3048/3048/3048 3049/3049/3049 3050/3050/3050
f 3049/3049/3049 3051/3051/3051 3050/3050/3050
f 3052/3052/3052 3053/3053/3053 3054/3054/3054
f 3053/3053/3053 3055/3055/3055 3054/3054/3054
f 3056/3056/3056 3057/3057/3057 3058/3058/3058
f 3057/3057/3057 3059/3059/3059 3058/3058/3058
f 3060/3060/3060 3061/3061/3061 3062/3062/3062
f 3062/3062/3062 3061/3061/3061 3063/3063/3063
f 3064/3064/3064 3065/3065/3065 3066/3066/3066
f 3065/3065/3065 3067/3067/3067 3066/3066/3066
f 3067/3067/3067 3068/3068/3068 3066/3066/3066
f 3066/3066/3066 3068/3068/3068 3069/3069/3069
f 3068/3068/3068 3063/3063/3063 3069/3069/3069
f 3069/3069/3069 3063/3063/3063 3070/3070/3070
f 3063/3063/3063 3061/3061/3061 3070/3070/3070
f 3071/3071/3071 3070/3070/3070 3072/3072/3072
f 3070/3070/3070 3061/3061/3061 3072/3072/3072
f 3073/3073/3073 3072/3072/3072 3074/3074/3074
f 3072/3072/3072 3061/3061/3061 3074/3074/3074
f 3061/3061/3061 3060/3060/3060 3074/3074/3074
f 3074/3074/3074 3060/3060/3060 3075/3075/3075
f 3075/3075/3075 3060/3060/3060 3076/3076/3076
f 3077/3077/3077 3078/3078/3078 3079/3079/3079
f 3078/3078/3078 3080/3080/3080 3079/3079/3079
f 3081/3081/3081 3082/3082/3082 3083/3083/3083
f 3082/3082/3082 3084/3084/3084 3083/3083/3083
f 3084/3084/3084 3085/3085/3085 3083/3083/3083
f 3083/3083/3083 3085/3085/3085 3086/3086/3086
f 3085/3085/3085 3087/3087/3087 3086/3086/3086
f 3086/3086/3086 3087/3087/3087 3088/3088/3088
f 3087/3087/3087 3089/3089/3089 3088/3088/3088
f 3088/3088/3088 3089/3089/3089 3090/3090/3090
f 3091/3091/3091 3092/3092/3092 3093/3093/3093
f 3092/3092/3092 3094/3094/3094 3093/3093/3093
f 3094/3094/3094 3090/3090/3090 3093/3093/3093
f 3090/3090/3090 3089/3089/3089 3093/3093/3093
f 3095/3095/3095 3096/3096/3096 3097/3097/3097
f 3096/3096/3096 3098/3098/3098 3097/3097/3097
f 3098/3098/3098 3099/3099/3099 3097/3097/3097
f 3097/3097/3097 3099/3099/3099 3100/3100/3100
f 3101/3101/3101 3100/3100/3100 3102/3102/3102
f 3100/3100/3100 3099/3099/3099 3102/3102/3102
f 3103/3103/3103 3104/3104/3104 3105/3105/3105
f 3105/3105/3105 3104/3104/3104 3106/3106/3106
f 3107/3107/3107 3106/3106/3106 3108/3108/3108
f 3106/3106/3106 3104/3104/3104 3108/3108/3108
f 3109/3109/3109 3110/3110/3110 3111/3111/3111
f 3110/3110/3110 3112/3112/3112 3111/3111/3111
f 3113/3113/3113 3114/3114/3114 3115/3115/3115
f 3114/3114/3114 3116/3116/3116 3115/3115/3115
f 3117/3117/3117 3118/3118/3118 3119/3119/3119
f 3119/3119/3119 3118/3118/3118 3120/3120/3120
f 3121/3121/3121 3120/3120/3120 3122/3122/3122
f 3120/3120/3120 3118/3118/3118 3122/3122/3122
f 3123/3123/3123 3124/3124/3124 3125/3125/3125
f 3124/3124/3124 3126/3126/3126 3125/3125/3125
f 3127/3127/3127 3128/3128/3128 3129/3129/3129
f 3128/3128/3128 3130/3130/3130 3129/3129/3129
f 3129/3129/3129 3130/3130/3130 3131/3131/3131
f 3130/3130/3130 3132/3132/3132 3131/3131/3131
f 3131/3131/3131 3132/3132/3132 3133/3133/3133
f 3132/3132/3132 3134/3134/3134 3133/3133/3133
f 3135/3135/3135 3136/3136/3136 3137/3137/3137
f 3137/3137/3137 3136/3136/3136 3138/3138/3138
f 3136/3136/3136 3133/3133/3133 3138/3138/3138
f 3133/3133/3133 3134/3134/3134 3138/3138/3138
f 3139/3139/3139 3140/3140/3140 3141/3141/3141
f 3140/3140/3140 3142/3142/3142 3141/3141/3141
f 3143/3143/3143 3144/3144/3144 3145/3145/3145
f 3145/3145/3145 3144/3144/3144 3146/3146/3146
f 3147/3147/3147 3148/3148/3148 3149/3149/3149
f 3148/3148/3148 3150/3150/3150 3149/3149/3149
f 3149/3149/3149 3150/3150/3150 3151/3151/3151
f 3150/3150/3150 3152/3152/3152 3151/3151/3151
f 3151/3151/3151 3152/3152/3152 3153/3153/3153
f 3152/3152/3152 3154/3154/3154 3153/3153/3153
f 3154/3154/3154 3146/3146/3146 3153/3153/3153
f 3146/3146/3146 3144/3144/3144 3153/3153/3153
f 3155/3155/3155 3156/3156/3156 3157/3157/3157
f 3157/3157/3157 3156/3156/3156 3158/3158/3158
f 3156/3156/3156 3159/3159/3159 3158/3158/3158
f 3159/3159/3159 3160/3160/3160 3158/3158/3158
f 3161/3161/3161 3162/3162/3162 3163/3163/3163
f 3163/3163/3163 3162/3162/3162 3164/3164/3164
f 3162/3162/3162 3165/3165/3165 3164/3164/3164
f 3165/3165/3165 3166/3166/3166 3164/3164/3164
f 3167/3167/3167 3168/3168/3168 3169/3169/3169
f 3169/3169/3169 3168/3168/3168 3170/3170/3170
f 3168/3168/3168 3171/3171/3171 3170/3170/3170
f 3171/3171/3171 3172/3172/3172 3170/3170/3170
f 3173/3173/3173 3174/3174/3174 3175/3175/3175
f 3175/3175/3175 3174/3174/3174 3176/3176/3176
f 3174/3174/3174 3177/3177/3177 3176/3176/3176
f 3177/3177/3177 3178/3178/3178 3176/3176/3176
f 3179/3179/3179 3180/3180/3180 3181/3181/3181
f 3181/3181/3181 3180/3180/3180 3182/3182/3182
f 3183/3183/3183 3184/3184/3184 3185/3185/3185
f 3184/3184/3184 3186/3186/3186 3185/3185/3185
f 3185/3185/3185 3186/3186/3186 3187/3187/3187
f 3186/3186/3186 3188/3188/3188 3187/3187/3187
f 3187/3187/3187 3188/3188/3188 3189/3189/3189
f 3188/3188/3188 3190/3190/3190 3189/3189/3189
f 3190/3190/3190 3182/3182/3182 3189/3189/3189
f 3182/3182/3182 3180/3180/3180 3189/3189/3189
f 3191/3191/3191 3192/3192/3192 3193/3193/3193
f 3194/3194/3194 3195/3195/3195 3196/3196/3196
f 3195/3195/3195 3193/3193/3193 3196/3196/3196
f 3196/3196/3196 3193/3193/3193 3197/3197/3197
f 3193/3193/3193 3192/3192/3192 3197/3197/3197
f 3197/3197/3197 3192/3192/3192 3198/3198/3198
f 3198/3198/3198 3192/3192/3192 3199/3199/3199
f 3200/3200/3200 3199/3199/3199 3201/3201/3201
f 3199/3199/3199 3192/3192/3192 3201/3201/3201
f 3192/3192/3192 3191/3191/3191 3201/3201/3201
f 3202/3202/3202 3203/3203/3203 3204/3204/3204
f 3204/3204/3204 3203/3203/3203 3205/3205/3205
f 3203/3203/3203 3206/3206/3206 3205/3205/3205
f 3206/3206/3206 3207/3207/3207 3205/3205/3205
f 3208/3208/3208 3209/3209/3209 3210/3210/3210
f 3211/3211/3211 3210/3210/3210 3212/3212/3212
f 3210/3210/3210 3209/3209/3209 3212/3212/3212
f 3212/3212/3212 3209/3209/3209 3213/3213/3213
f 3213/3213/3213 3209/3209/3209 3214/3214/3214
f 3215/3215/3215 3214/3214/3214 3216/3216/3216
f 3214/3214/3214 3209/3209/3209 3216/3216/3216
f 3209/3209/3209 3208/3208/3208 3216/3216/3216
f 3217/3217/3217 3218/3218/3218 3219/3219/3219
f 3218/3218/3218 3220/3220/3220 3219/3219/3219
f 3220/3220/3220 3221/3221/3221 3219/3219/3219
f 3219/3219/3219 3221/3221/3221 3222/3222/3222
f 3221/3221/3221 3223/3223/3223 3222/3222/3222
f 3223/3223/3223 3224/3224/3224 3222/3222/3222
f 3225/3225/3225 3226/3226/3226 3227/3227/3227
f 3227/3227/3227 3226/3226/3226 3228/3228/3228
f 3226/3226/3226 3229/3229/3229 3228/3228/3228
f 3229/3229/3229 3230/3230/3230 3228/3228/3228
f 3231/3231/3231 3232/3232/3232 3233/3233/3233
f 3233/3233/3233 3232/3232/3232 3234/3234/3234
f 3232/3232/3232 3235/3235/3235 3234/3234/3234
f 3235/3235/3235 3236/3236/3236 3234/3234/3234
f 3237/3237/3237 3238/3238/3238 3239/3239/3239
f 3239/3239/3239 3238/3238/3238 3240/3240/3240
f 3241/3241/3241 3240/3240/3240 3242/3242/3242
f 3240/3240/3240 3238/3238/3238 3242/3242/3242
f 3243/3243/3243 3244/3244/3244 3245/3245/3245
f 3245/3245/3245 3244/3244/3244 3246/3246/3246
f 3244/3244/3244 3247/3247/3247 3246/3246/3246
f 3247/3247/3247 3248/3248/3248 3246/3246/3246
f 3249/3249/3249 3250/3250/3250 3251/3251/3251
f 3252/3252/3252 3251/3251/3251 3253/3253/3253
f 3251/3251/3251 3250/3250/3250 3253/3253/3253
f 3253/3253/3253 3250/3250/3250 3254/3254/3254
f 3254/3254/3254 3250/3250/3250 3255/3255/3255
f 3256/3256/3256 3255/3255/3255 3257/3257/3257
f 3255/3255/3255 3250/3250/3250 3257/3257/3257
f 3250/3250/3250 3249/3249/3249 3257/3257/3257
f 3258/3258/3258 3259/3259/3259 3260/3260/3260
f 3260/3260/3260 3259/3259/3259 3261/3261/3261
f 3259/3259/3259 3262/3262/3262 3261/3261/3261
f 3262/3262/3262 3263/3263/3263 3261/3261/3261
f 3264/3264/3264 3265/3265/3265 3266/3266/3266
f 3267/3267/3267 3266/3266/3266 3268/3268/3268
f 3266/3266/3266 3265/3265/3265 3268/3268/3268
f 3268/3268/3268 3265/3265/3265 3269/3269/3269
f 3269/3269/3269 3265/3265/3265 3270/3270/3270
f 3271/3271/3271 3270/3270/3270 3272/3272/3272
f 3270/3270/3270 3265/3265/3265 3272/3272/3272
f 3265/3265/3265 3264/3264/3264 3272/3272/3272
f 3273/3273/3273 3274/3274/3274 3275/3275/3275
f 3275/3275/3275 3274/3274/3274 3276/3276/3276
f 3274/3274/3274 3277/3277/3277 3276/3276/3276
f 3277/3277/3277 3278/3278/3278 3276/3276/3276
f 3279/3279/3279 3280/3280/3280 3281/3281/3281
f 3281/3281/3281 3280/3280/3280 3282/3282/3282
f 3283/3283/3283 3282/3282/3282 3284/3284/3284
f 3282/3282/3282 3280/3280/3280 3284/3284/3284
f 3284/3284/3284 3280/3280/3280 3285/3285/3285
f 3285/3285/3285 3280/3280/3280 3286/3286/3286
f 3280/3280/3280 3279/3279/3279 3286/3286/3286
f 3286/3286/3286 3279/3279/3279 3287/3287/3287
f 3288/3288/3288 3287/3287/3287 3289/3289/3289
f 3289/3289/3289 3287/3287/3287 3290/3290/3290
f 3287/3287/3287 3279/3279/3279 3290/3290/3290
f 3290/3290/3290 3279/3279/3279 3291/3291/3291
f 3279/3279/3279 3281/3281/3281 3291/3291/3291
f 3291/3291/3291 3281/3281/3281 3292/3292/3292
f 3292/3292/3292 3281/3281/3281 3293/3293/3293
f 3281/3281/3281 3282/3282/3282 3293/3293/3293
f 3293/3293/3293 3282/3282/3282 3294/3294/3294
f 3282/3282/3282 3283/3283/3283 3294/3294/3294
f 3294/3294/3294 3283/3283/3283 3295/3295/3295
f 3296/3296/3296 3295/3295/3295 3297/3297/3297
f 3295/3295/3295 3283/3283/3283 3297/3297/3297
f 3297/3297/3297 3283/3283/3283 3298/3298/3298
f 3283/3283/3283 3284/3284/3284 3298/3298/3298
f 3298/3298/3298 3284/3284/3284 3299/3299/3299
f 3284/3284/3284 3285/3285/3285 3299/3299/3299
f 3300/3300/3300 3299/3299/3299 3301/3301/3301
f 3299/3299/3299 3285/3285/3285 3301/3301/3301
f 3301/3301/3301 3285/3285/3285 3302/3302/3302
f 3285/3285/3285 3286/3286/3286 3302/3302/3302
f 3302/3302/3302 3286/3286/3286 3303/3303/3303
f 3286/3286/3286 3287/3287/3287 3303/3303/3303
f 3287/3287/3287 3288/3288/3288 3303/3303/3303
f 3304/3304/3304 3305/3305/3305 3306/3306/3306
f 3306/3306/3306 3305/3305/3305 3307/3307/3307
f 3308/3308/3308 3307/3307/3307 3309/3309/3309
f 3307/3307/3307 3305/3305/3305 3309/3309/3309
f 3309/3309/3309 3305/3305/3305 3310/3310/3310
f 3310/3310/3310 3305/3305/3305 3311/3311/3311
f 3305/3305/3305 3304/3304/3304 3311/3311/3311
f 3311/3311/3311 3304/3304/3304 3312/3312/3312
f 3313/3313/3313 3314/3314/3314 3315/3315/3315
f 3314/3314/3314 3312/3312/3312 3315/3315/3315
f 3315/3315/3315 3312/3312/3312 3316/3316/3316
f 3312/3312/3312 3304/3304/3304 3316/3316/3316
f 3316/3316/3316 3304/3304/3304 3317/3317/3317
f 3304/3304/3304 3306/3306/3306 3317/3317/3317
f 3317/3317/3317 3306/3306/3306 3318/3318/3318
f 3318/3318/3318 3306/3306/3306 3319/3319/3319
f 3306/3306/3306 3307/3307/3307 3319/3319/3319
f 3319/3319/3319 3307/3307/3307 3320/3320/3320
f 3307/3307/3307 3308/3308/3308 3320/3320/3320
f 3320/3320/3320 3308/3308/3308 3321/3321/3321
f 3322/3322/3322 3321/3321/3321 3323/3323/3323
f 3321/3321/3321 3308/3308/3308 3323/3323/3323
f 3323/3323/3323 3308/3308/3308 3324/3324/3324
f 3308/3308/3308 3309/3309/3309 3324/3324/3324
f 3324/3324/3324 3309/3309/3309 3325/3325/3325
f 3309/3309/3309 3310/3310/3310 3325/3325/3325
f 3325/3325/3325 3310/3310/3310 3326/3326/3326
f 3326/3326/3326 3310/3310/3310 3327/3327/3327
f 3310/3310/3310 3311/3311/3311 3327/3327/3327
f 3327/3327/3327 3311/3311/3311 3328/3328/3328
f 3311/3311/3311 3312/3312/3312 3328/3328/3328
f 3312/3312/3312 3314/3314/3314 3328/3328/3328
f 3329/3329/3329 3330/3330/3330 3331/3331/3331
f 3330/3330/3330 3332/3332/3332 3331/3331/3331
f 3331/3331/3331 3332/3332/3332 3333/3333/3333
f 3332/3332/3332 3334/3334/3334 3333/3333/3333
f 3334/3334/3334 3335/3335/3335 3333/3333/3333
f 3335/3335/3335 3336/3336/3336 3333/3333/3333
f 3336/3336/3336 3337/3337/3337 3333/3333/3333
f 3338/3338/3338 3339/3339/3339 3340/3340/3340
f 3340/3340/3340 3339/3339/3339 3341/3341/3341
f 3339/3339/3339 3342/3342/3342 3341/3341/3341
f 3341/3341/3341 3342/3342/3342 3343/3343/3343
f 3342/3342/3342 3344/3344/3344 3343/3343/3343
f 3343/3343/3343 3344/3344/3344 3345/3345/3345
f 3346/3346/3346 3345/3345/3345 3347/3347/3347
f 3345/3345/3345 3344/3344/3344 3347/3347/3347
f 3348/3348/3348 3349/3349/3349 3350/3350/3350
f 3349/3349/3349 3351/3351/3351 3350/3350/3350
f 3350/3350/3350 3351/3351/3351 3352/3352/3352
f 3351/3351/3351 3353/3353/3353 3352/3352/3352
f 3352/3352/3352 3353/3353/3353 3354/3354/3354
f 3353/3353/3353 3355/3355/3355 3354/3354/3354
f 3354/3354/3354 3355/3355/3355 3356/3356/3356
f 3355/3355/3355 3357/3357/3357 3356/3356/3356
f 3357/3357/3357 3358/3358/3358 3356/3356/3356
f 3356/3356/3356 3358/3358/3358 3359/3359/3359
f 3360/3360/3360 3361/3361/3361 3362/3362/3362
f 3361/3361/3361 3363/3363/3363 3362/3362/3362
f 3362/3362/3362 3363/3363/3363 3364/3364/3364
f 3363/3363/3363 3365/3365/3365 3364/3364/3364
f 3364/3364/3364 3365/3365/3365 3366/3366/3366
f 3365/3365/3365 3367/3367/3367 3366/3366/3366
f 3366/3366/3366 3367/3367/3367 3368/3368/3368
f 3367/3367/3367 3369/3369/3369 3368/3368/3368
f 3369/3369/3369 3359/3359/3359 3368/3368/3368
f 3359/3359/3359 3358/3358/3358 3368/3368/3368
f 3370/3370/3370 3371/3371/3371 3372/3372/3372
f 3371/3371/3371 3373/3373/3373 3372/3372/3372
f 3372/3372/3372 3373/3373/3373 3374/3374/3374
f 3373/3373/3373 3375/3375/3375 3374/3374/3374
f 3374/3374/3374 3375/3375/3375 3376/3376/3376
f 3375/3375/3375 3377/3377/3377 3376/3376/3376
f 3376/3376/3376 3377/3377/3377 3378/3378/3378
f 3377/3377/3377 3379/3379/3379 3378/3378/3378
f 3380/3380/3380 3381/3381/3381 3382/3382/3382
f 3381/3381/3381 3383/3383/3383 3382/3382/3382
f 3382/3382/3382 3383/3383/3383 3384/3384/3384
f 3383/3383/3383 3385/3385/3385 3384/3384/3384
f 3384/3384/3384 3385/3385/3385 3386/3386/3386
f 3385/3385/3385 3387/3387/3387 3386/3386/3386
f 3386/3386/3386 3387/3387/3387 3388/3388/3388
f 3387/3387/3387 3389/3389/3389 3388/3388/3388
f 3389/3389/3389 3390/3390/3390 3388/3388/3388
f 3388/3388/3388 3390/3390/3390 3391/3391/3391
f 3390/3390/3390 3378/3378/3378 3391/3391/3391
f 3378/3378/3378 3379/3379/3379 3391/3391/3391
f 3392/3392/3392 3393/3393/3393 3394/3394/3394
f 3394/3394/3394 3395/3395/3395 3396/3396/3396
f 3397/3397/3397 3398/3398/3398 3399/3399/3399
f 3399/3399/3399 3398/3398/3398 3400/3400/3400
f 3401/3401/3401 3402/3402/3402 3403/3403/3403
f 3402/3402/3402 3404/3404/3404 3403/3403/3403
f 3403/3403/3403 3404/3404/3404 3405/3405/3405
f 3404/3404/3404 3400/3400/3400 3405/3405/3405
f 3405/3405/3405 3400/3400/3400 3406/3406/3406
f 3400/3400/3400 3398/3398/3398 3406/3406/3406
f 3406/3406/3406 3398/3398/3398 3407/3407/3407
f 3398/3398/3398 3397/3397/3397 3407/3407/3407
f 3397/3397/3397 3408/3408/3408 3407/3407/3407
f 3407/3407/3407 3408/3408/3408 3409/3409/3409
f 3408/3408/3408 3396/3396/3396 3409/3409/3409
f 3409/3409/3409 3396/3396/3396 3410/3410/3410
f 3396/3396/3396 3395/3395/3395 3410/3410/3410
f 3410/3410/3410 3395/3395/3395 3411/3411/3411
f 3412/3412/3412 3413/3413/3413 3414/3414/3414
f 3414/3414/3414 3413/3413/3413 3415/3415/3415
f 3413/3413/3413 3416/3416/3416 3415/3415/3415
f 3415/3415/3415 3416/3416/3416 3417/3417/3417
f 3416/3416/3416 3411/3411/3411 3417/3417/3417
f 3411/3411/3411 3395/3395/3395 3417/3417/3417
f 3417/3417/3417 3395/3395/3395 3418/3418/3418
f 3395/3395/3395 3394/3394/3394 3418/3418/3418
f 3418/3418/3418 3394/3394/3394 3419/3419/3419
f 3394/3394/3394 3393/3393/3393 3419/3419/3419
f 3420/3420/3420 3421/3421/3421 3422/3422/3422
f 3421/3421/3421 3423/3423/3423 3422/3422/3422
f 3422/3422/3422 3423/3423/3423 3424/3424/3424
f 3423/3423/3423 3419/3419/3419 3424/3424/3424
f 3424/3424/3424 3419/3419/3419 3425/3425/3425
f 3419/3419/3419 3393/3393/3393 3425/3425/3425
f 3425/3425/3425 3393/3393/3393 3426/3426/3426
f 3393/3393/3393 3392/3392/3392 3426/3426/3426
f 3427/3427/3427 3428/3428/3428 3429/3429/3429
f 3430/3430/3430 3431/3431/3431 3432/3432/3432
f 3431/3431/3431 3433/3433/3433 3432/3432/3432
f 3432/3432/3432 3433/3433/3433 3434/3434/3434
f 3433/3433/3433 3429/3429/3429 3434/3434/3434
f 3429/3429/3429 3428/3428/3428 3434/3434/3434
f 3434/3434/3434 3428/3428/3428 3435/3435/3435
f 3435/3435/3435 3428/3428/3428 3436/3436/3436
f 3428/3428/3428 3427/3427/3427 3436/3436/3436
f 3427/3427/3427 3437/3437/3437 3436/3436/3436
f 3437/3437/3437 3438/3438/3438 3436/3436/3436
f 3436/3436/3436 3438/3438/3438 3439/3439/3439
f 3438/3438/3438 3426/3426/3426 3439/3439/3439
f 3426/3426/3426 3392/3392/3392 3439/3439/3439
f 3440/3440/3440 3441/3441/3441 3442/3442/3442
f 3443/3443/3443 3444/3444/3444 3445/3445/3445
f 3444/3444/3444 3442/3442/3442 3445/3445/3445
f 3442/3442/3442 3441/3441/3441 3445/3445/3445
f 3446/3446/3446 3447/3447/3447 3448/3448/3448
f 3449/3449/3449 3450/3450/3450 3451/3451/3451
f 3450/3450/3450 3448/3448/3448 3451/3451/3451
f 3448/3448/3448 3447/3447/3447 3451/3451/3451
f 3452/3452/3452 3453/3453/3453 3454/3454/3454
f 3455/3455/3455 3456/3456/3456 3457/3457/3457
f 3456/3456/3456 3454/3454/3454 3457/3457/3457
f 3454/3454/3454 3453/3453/3453 3457/3457/3457
f 3458/3458/3458 3459/3459/3459 3460/3460/3460
f 3461/3461/3461 3462/3462/3462 3463/3463/3463
f 3462/3462/3462 3460/3460/3460 3463/3463/3463
f 3460/3460/3460 3459/3459/3459 3463/3463/3463
f 3464/3464/3464 3465/3465/3465 3466/3466/3466
f 3467/3467/3467 3468/3468/3468 3469/3469/3469
f 3468/3468/3468 3466/3466/3466 3469/3469/3469
f 3466/3466/3466 3465/3465/3465 3469/3469/3469
f 3470/3470/3470 3471/3471/3471 3472/3472/3472
f 3473/3473/3473 3474/3474/3474 3475/3475/3475
f 3474/3474/3474 3472/3472/3472 3475/3475/3475
f 3472/3472/3472 3471/3471/3471 3475/3475/3475
f 3476/3476/3476 3477/3477/3477 3478/3478/3478
f 3479/3479/3479 3480/3480/3480 3481/3481/3481
f 3480/3480/3480 3478/3478/3478 3481/3481/3481
f 3478/3478/3478 3477/3477/3477 3481/3481/3481
f 3482/3482/3482 3483/3483/3483 3484/3484/3484
f 3485/3485/3485 3486/3486/3486 3487/3487/3487
f 3486/3486/3486 3484/3484/3484 3487/3487/3487
f 3484/3484/3484 3483/3483/3483 3487/3487/3487
f 3488/3488/3488 3489/3489/3489 3490/3490/3490
f 3491/3491/3491 3492/3492/3492 3493/3493/3493
f 3492/3492/3492 3490/3490/3490 3493/3493/3493
f 3490/3490/3490 3489/3489/3489 3493/3493/3493
f 3494/3494/3494 3495/3495/3495 3496/3496/3496
f 3497/3497/3497 3498/3498/3498 3499/3499/3499
f 3498/3498/3498 3496/3496/3496 3499/3499/3499
f 3496/3496/3496 3495/3495/3495 3499/3499/3499
f 3500/3500/3500 3501/3501/3501 3502/3502/3502
f 3503/3503/3503 3504/3504/3504 3505/3505/3505
f 3504/3504/3504 3502/3502/3502 3505/3505/3505
f 3502/3502/3502 3501/3501/3501 3505/3505/3505
f 3506/3506/3506 3507/3507/3507 3508/3508/3508
f 3509/3509/3509 3510/3510/3510 3511/3511/3511
f 3510/3510/3510 3508/3508/3508 3511/3511/3511
f 3508/3508/3508 3507/3507/3507 3511/3511/3511
f 3512/3512/3512 3513/3513/3513 3514/3514/3514
f 3515/3515/3515 3516/3516/3516 3517/3517/3517
f 3516/3516/3516 3514/3514/3514 3517/3517/3517
f 3514/3514/3514 3513/3513/3513 3517/3517/3517
f 3518/3518/3518 3519/3519/3519 3520/3520/3520
f 3521/3521/3521 3522/3522/3522 3523/3523/3523
f 3522/3522/3522 3520/3520/3520 3523/3523/3523
f 3520/3520/3520 3519/3519/3519 3523/3523/3523
f 3524/3524/3524 3525/3525/3525 3526/3526/3526
f 3525/3525/3525 3527/3527/3527 3526/3526/3526
f 3526/3526/3526 3527/3527/3527 3528/3528/3528
f 3527/3527/3527 3529/3529/3529 3528/3528/3528
f 3528/3528/3528 3529/3529/3529 3530/3530/3530
f 3529/3529/3529 3531/3531/3531 3530/3530/3530
f 3530/3530/3530 3531/3531/3531 3532/3532/3532
f 3532/3532/3532 3531/3531/3531 3533/3533/3533
f 3534/3534/3534 3533/3533/3533 3535/3535/3535
f 3533/3533/3533 3531/3531/3531 3535/3535/3535
f 3535/3535/3535 3531/3531/3531 3536/3536/3536
f 3531/3531/3531 3529/3529/3529 3536/3536/3536
f 3536/3536/3536 3529/3529/3529 3537/3537/3537
f 3529/3529/3529 3527/3527/3527 3537/3537/3537
f 3537/3537/3537 3527/3527/3527 3538/3538/3538
f 3527/3527/3527 3525/3525/3525 3538/3538/3538
f 3539/3539/3539 3538/3538/3538 3540/3540/3540
f 3538/3538/3538 3525/3525/3525 3540/3540/3540
f 3540/3540/3540 3525/3525/3525 3541/3541/3541
f 3525/3525/3525 3524/3524/3524 3541/3541/3541
f 3542/3542/3542 3543/3543/3543 3544/3544/3544
f 3543/3543/3543 3545/3545/3545 3544/3544/3544
f 3544/3544/3544 3545/3545/3545 3546/3546/3546
f 3545/3545/3545 3541/3541/3541 3546/3546/3546
f 3541/3541/3541 3524/3524/3524 3546/3546/3546
f 3547/3547/3547 3546/3546/3546 3548/3548/3548
f 3546/3546/3546 3524/3524/3524 3548/3548/3548
f 3548/3548/3548 3524/3524/3524 3549/3549/3549
f 3524/3524/3524 3526/3526/3526 3549/3549/3549
f 3549/3549/3549 3526/3526/3526 3550/3550/3550
f 3526/3526/3526 3528/3528/3528 3550/3550/3550
f 3550/3550/3550 3528/3528/3528 3551/3551/3551
f 3528/3528/3528 3530/3530/3530 3551/3551/3551
f 3551/3551/3551 3530/3530/3530 3552/3552/3552
f 3530/3530/3530 3532/3532/3532 3552/3552/3552
f 3552/3552/3552 3532/3532/3532 3553/3553/3553
f 3553/3553/3553 3532/3532/3532 3554/3554/3554
f 3532/3532/3532 3533/3533/3533 3554/3554/3554
f 3555/3555/3555 3556/3556/3556 3557/3557/3557
f 3556/3556/3556 3558/3558/3558 3557/3557/3557
f 3557/3557/3557 3558/3558/3558 3559/3559/3559
f 3558/3558/3558 3554/3554/3554 3559/3559/3559
f 3554/3554/3554 3533/3533/3533 3559/3559/3559
f 3533/3533/3533 3534/3534/3534 3559/3559/3559
f 3559/3559/3559 3534/3534/3534 3560/3560/3560
f 3561/3561/3561 3560/3560/3560 3562/3562/3562
f 3560/3560/3560 3534/3534/3534 3562/3562/3562
f 3562/3562/3562 3534/3534/3534 3563/3563/3563
f 3534/3534/3534 3535/3535/3535 3563/3563/3563
f 3563/3563/3563 3535/3535/3535 3564/3564/3564
f 3535/3535/3535 3536/3536/3536 3564/3564/3564
f 3564/3564/3564 3536/3536/3536 3565/3565/3565
f 3536/3536/3536 3537/3537/3537 3565/3565/3565
f 3565/3565/3565 3537/3537/3537 3566/3566/3566
f 3537/3537/3537 3538/3538/3538 3566/3566/3566
f 3538/3538/3538 3539/3539/3539 3566/3566/3566
f 3567/3567/3567 3568/3568/3568 3569/3569/3569
f 3568/3568/3568 3570/3570/3570 3569/3569/3569
f 3571/3571/3571 3572/3572/3572 3573/3573/3573
f 3572/3572/3572 3574/3574/3574 3573/3573/3573
f 3575/3575/3575 3576/3576/3576 3577/3577/3577
f 3577/3577/3577 3576/3576/3576 3578/3578/3578
f 3579/3579/3579 3578/3578/3578 3580/3580/3580
f 3578/3578/3578 3576/3576/3576 3580/3580/3580
f 3581/3581/3581 3582/3582/3582 3583/3583/3583
f 3582/3582/3582 3584/3584/3584 3583/3583/3583
f 3585/3585/3585 3586/3586/3586 3587/3587/3587
f 3586/3586/3586 3588/3588/3588 3587/3587/3587
f 3587/3587/3587 3588/3588/3588 3589/3589/3589
f 3588/3588/3588 3590/3590/3590 3589/3589/3589
f 3589/3589/3589 3590/3590/3590 3591/3591/3591
f 3590/3590/3590 3592/3592/3592 3591/3591/3591
f 3593/3593/3593 3594/3594/3594 3595/3595/3595
f 3595/3595/3595 3594/3594/3594 3596/3596/3596
f 3594/3594/3594 3591/3591/3591 3596/3596/3596
f 3591/3591/3591 3592/3592/3592 3596/3596/3596
f 3597/3597/3597 3598/3598/3598 3599/3599/3599
f 3598/3598/3598 3600/3600/3600 3599/3599/3599
f 3601/3601/3601 3602/3602/3602 3603/3603/3603
f 3603/3603/3603 3602/3602/3602 3604/3604/3604
f 3605/3605/3605 3606/3606/3606 3607/3607/3607
f 3606/3606/3606 3608/3608/3608 3607/3607/3607
f 3607/3607/3607 3608/3608/3608 3609/3609/3609
f 3608/3608/3608 3610/3610/3610 3609/3609/3609
f 3609/3609/3609 3610/3610/3610 3611/3611/3611
f 3610/3610/3610 3612/3612/3612 3611/3611/3611
f 3612/3612/3612 3604/3604/3604 3611/3611/3611
f 3604/3604/3604 3602/3602/3602 3611/3611/3611
f 3613/3613/3613 3614/3614/3614 3615/3615/3615
f 3615/3615/3615 3614/3614/3614 3616/3616/3616
f 3614/3614/3614 3617/3617/3617 3616/3616/3616
f 3617/3617/3617 3618/3618/3618 3616/3616/3616
f 3619/3619/3619 3620/3620/3620 3621/3621/3621
f 3621/3621/3621 3620/3620/3620 3622/3622/3622
f 3620/3620/3620 3623/3623/3623 3622/3622/3622
f 3623/3623/3623 3624/3624/3624 3622/3622/3622
f 3625/3625/3625 3626/3626/3626 3627/3627/3627
f 3627/3627/3627 3626/3626/3626 3628/3628/3628
f 3626/3626/3626 3629/3629/3629 3628/3628/3628
f 3629/3629/3629 3630/3630/3630 3628/3628/3628
f 3631/3631/3631 3632/3632/3632 3633/3633/3633
f 3633/3633/3633 3632/3632/3632 3634/3634/3634
f 3632/3632/3632 3635/3635/3635 3634/3634/3634
f 3635/3635/3635 3636/3636/3636 3634/3634/3634
f 3637/3637/3637 3638/3638/3638 3639/3639/3639
f 3639/3639/3639 3638/3638/3638 3640/3640/3640
f 3641/3641/3641 3642/3642/3642 3643/3643/3643
f 3642/3642/3642 3644/3644/3644 3643/3643/3643
f 3643/3643/3643 3644/3644/3644 3645/3645/3645
f 3644/3644/3644 3646/3646/3646 3645/3645/3645
f 3645/3645/3645 3646/3646/3646 3647/3647/3647
f 3646/3646/3646 3648/3648/3648 3647/3647/3647
f 3648/3648/3648 3640/3640/3640 3647/3647/3647
f 3640/3640/3640 3638/3638/3638 3647/3647/3647
f 3649/3649/3649 3650/3650/3650 3651/3651/3651
f 3652/3652/3652 3653/3653/3653 3654/3654/3654
f 3653/3653/3653 3651/3651/3651 3654/3654/3654
f 3654/3654/3654 3651/3651/3651 3655/3655/3655
f 3651/3651/3651 3650/3650/3650 3655/3655/3655
f 3655/3655/3655 3650/3650/3650 3656/3656/3656
f 3656/3656/3656 3650/3650/3650 3657/3657/3657
f 3658/3658/3658 3657/3657/3657 3659/3659/3659
f 3657/3657/3657 3650/3650/3650 3659/3659/3659
f 3650/3650/3650 3649/3649/3649 3659/3659/3659
f 3660/3660/3660 3661/3661/3661 3662/3662/3662
f 3662/3662/3662 3661/3661/3661 3663/3663/3663
f 3661/3661/3661 3664/3664/3664 3663/3663/3663
f 3664/3664/3664 3665/3665/3665 3663/3663/3663
f 3666/3666/3666 3667/3667/3667 3668/3668/3668
f 3669/3669/3669 3668/3668/3668 3670/3670/3670
f 3668/3668/3668 3667/3667/3667 3670/3670/3670
f 3670/3670/3670 3667/3667/3667 3671/3671/3671
f 3671/3671/3671 3667/3667/3667 3672/3672/3672
f 3673/3673/3673 3672/3672/3672 3674/3674/3674
f 3672/3672/3672 3667/3667/3667 3674/3674/3674
f 3667/3667/3667 3666/3666/3666 3674/3674/3674
f 3675/3675/3675 3676/3676/3676 3677/3677/3677
f 3676/3676/3676 3678/3678/3678 3677/3677/3677
f 3678/3678/3678 3679/3679/3679 3677/3677/3677
f 3677/3677/3677 3679/3679/3679 3680/3680/3680
f 3679/3679/3679 3681/3681/3681 3680/3680/3680
f 3681/3681/3681 3682/3682/3682 3680/3680/3680
f 3683/3683/3683 3684/3684/3684 3685/3685/3685
f 3685/3685/3685 3684/3684/3684 3686/3686/3686
f 3684/3684/3684 3687/3687/3687 3686/3686/3686
f 3687/3687/3687 3688/3688/3688 3686/3686/3686
f 3689/3689/3689 3690/3690/3690 3691/3691/3691
f 3691/3691/3691 3690/3690/3690 3692/3692/3692
f 3690/3690/3690 3693/3693/3693 3692/3692/3692
f 3693/3693/3693 3694/3694/3694 3692/3692/3692
f 3695/3695/3695 3696/3696/3696 3697/3697/3697
f 3697/3697/3697 3696/3696/3696 3698/3698/3698
f 3699/3699/3699 3698/3698/3698 3700/3700/3700
f 3698/3698/3698 3696/3696/3696 3700/3700/3700
f 3701/3701/3701 3702/3702/3702 3703/3703/3703
f 3703/3703/3703 3702/3702/3702 3704/3704/3704
f 3702/3702/3702 3705/3705/3705 3704/3704/3704
f 3705/3705/3705 3706/3706/3706 3704/3704/3704
f 3707/3707/3707 3708/3708/3708 3709/3709/3709
f 3710/3710/3710 3709/3709/3709 3711/3711/3711
f 3709/3709/3709 3708/3708/3708 3711/3711/3711
f 3711/3711/3711 3708/3708/3708 3712/3712/3712
f 3712/3712/3712 3708/3708/3708 3713/3713/3713
f 3714/3714/3714 3713/3713/3713 3715/3715/3715
f 3713/3713/3713 3708/3708/3708 3715/3715/3715
f 3708/3708/3708 3707/3707/3707 3715/3715/3715
f 3716/3716/3716 3717/3717/3717 3718/3718/3718
f 3718/3718/3718 3717/3717/3717 3719/3719/3719
f 3717/3717/3717 3720/3720/3720 3719/3719/3719
f 3720/3720/3720 3721/3721/3721 3719/3719/3719
f 3722/3722/3722 3723/3723/3723 3724/3724/3724
f 3725/3725/3725 3724/3724/3724 3726/3726/3726
f 3724/3724/3724 3723/3723/3723 3726/3726/3726
f 3726/3726/3726 3723/3723/3723 3727/3727/3727
f 3727/3727/3727 3723/3723/3723 3728/3728/3728
f 3729/3729/3729 3728/3728/3728 3730/3730/3730
f 3728/3728/3728 3723/3723/3723 3730/3730/3730
f 3723/3723/3723 3722/3722/3722 3730/3730/3730
f 3731/3731/3731 3732/3732/3732 3733/3733/3733
f 3733/3733/3733 3732/3732/3732 3734/3734/3734
f 3732/3732/3732 3735/3735/3735 3734/3734/3734
f 3735/3735/3735 3736/3736/3736 3734/3734/3734
f 3737/3737/3737 3738/3738/3738 3739/3739/3739
f 3738/3738/3738 3740/3740/3740 3739/3739/3739
f 3741/3741/3741 3742/3742/3742 3743/3743/3743
f 3742/3742/3742 3744/3744/3744 3743/3743/3743
f 3745/3745/3745 3746/3746/3746 3747/3747/3747
f 3747/3747/3747 3746/3746/3746 3748/3748/3748
f 3749/3749/3749 3748/3748/3748 3750/3750/3750
f 3748/3748/3748 3746/3746/3746 3750/3750/3750
f 3751/3751/3751 3752/3752/3752 3753/3753/3753
f 3752/3752/3752 3754/3754/3754 3753/3753/3753
f 3755/3755/3755 3756/3756/3756 3757/3757/3757
f 3756/3756/3756 3758/3758/3758 3757/3757/3757
f 3757/3757/3757 3758/3758/3758 3759/3759/3759
f 3758/3758/3758 3760/3760/3760 3759/3759/3759
f 3759/3759/3759 3760/3760/3760 3761/3761/3761
f 3760/3760/3760 3762/3762/3762 3761/3761/3761
f 3763/3763/3763 3764/3764/3764 3765/3765/3765
f 3765/3765/3765 3764/3764/3764 3766/3766/3766
f 3764/3764/3764 3761/3761/3761 3766/3766/3766
f 3761/3761/3761 3762/3762/3762 3766/3766/3766
f 3767/3767/3767 3768/3768/3768 3769/3769/3769
f 3768/3768/3768 3770/3770/3770 3769/3769/3769
f 3771/3771/3771 3772/3772/3772 3773/3773/3773
f 3773/3773/3773 3772/3772/3772 3774/3774/3774
f 3775/3775/3775 3776/3776/3776 3777/3777/3777
f 3776/3776/3776 3778/3778/3778 3777/3777/3777
f 3777/3777/3777 3778/3778/3778 3779/3779/3779
f 3778/3778/3778 3780/3780/3780 3779/3779/3779
f 3779/3779/3779 3780/3780/3780 3781/3781/3781
f 3780/3780/3780 3782/3782/3782 3781/3781/3781
f 3782/3782/3782 3774/3774/3774 3781/3781/3781
f 3774/3774/3774 3772/3772/3772 3781/3781/3781
f 3783/3783/3783 3784/3784/3784 3785/3785/3785
f 3785/3785/3785 3784/3784/3784 3786/3786/3786
f 3784/3784/3784 3787/3787/3787 3786/3786/3786
f 3787/3787/3787 3788/3788/3788 3786/3786/3786
f 3789/3789/3789 3790/3790/3790 3791/3791/3791
f 3791/3791/3791 3790/3790/3790 3792/3792/3792
f 3790/3790/3790 3793/3793/3793 3792/3792/3792
f 3793/3793/3793 3794/3794/3794 3792/3792/3792
f 3795/3795/3795 3796/3796/3796 3797/3797/3797
f 3797/3797/3797 3796/3796/3796 3798/3798/3798
f 3796/3796/3796 3799/3799/3799 3798/3798/3798
f 3799/3799/3799 3800/3800/3800 3798/3798/3798
f 3801/3801/3801 3802/3802/3802 3803/3803/3803
f 3803/3803/3803 3802/3802/3802 3804/3804/3804
f 3802/3802/3802 3805/3805/3805 3804/3804/3804
f 3805/3805/3805 3806/3806/3806 3804/3804/3804
f 3807/3807/3807 3808/3808/3808 3809/3809/3809
f 3809/3809/3809 3808/3808/3808 3810/3810/3810
f 3811/3811/3811 3812/3812/3812 3813/3813/3813
f 3812/3812/3812 3814/3814/3814 3813/3813/3813
f 3813/3813/3813 3814/3814/3814 3815/3815/3815
f 3814/3814/3814 3816/3816/3816 3815/3815/3815
f 3815/3815/3815 3816/3816/3816 3817/3817/3817
f 3816/3816/3816 3818/3818/3818 3817/3817/3817
f 3818/3818/3818 3810/3810/3810 3817/3817/3817
f 3810/3810/3810 3808/3808/3808 3817/3817/3817
f 3819/3819/3819 3820/3820/3820 3821/3821/3821
f 3822/3822/3822 3823/3823/3823 3824/3824/3824
f 3823/3823/3823 3821/3821/3821 3824/3824/3824
f 3824/3824/3824 3821/3821/3821 3825/3825/3825
f 3821/3821/3821 3820/3820/3820 3825/3825/3825
f 3825/3825/3825 3820/3820/3820 3826/3826/3826
f 3826/3826/3826 3820/3820/3820 3827/3827/3827
f 3828/3828/3828 3827/3827/3827 3829/3829/3829
f 3827/3827/3827 3820/3820/3820 3829/3829/3829
f 3820/3820/3820 3819/3819/3819 3829/3829/3829
f 3830/3830/3830 3831/3831/3831 3832/3832/3832
f 3832/3832/3832 3831/3831/3831 3833/3833/3833
f 3831/3831/3831 3834/3834/3834 3833/3833/3833
f 3834/3834/3834 3835/3835/3835 3833/3833/3833
f 3836/3836/3836 3837/3837/3837 3838/3838/3838
f 3839/3839/3839 3838/3838/3838 3840/3840/3840
f 3838/3838/3838 3837/3837/3837 3840/3840/3840
f 3840/3840/3840 3837/3837/3837 3841/3841/3841
f 3841/3841/3841 3837/3837/3837 3842/3842/3842
f 3843/3843/3843 3842/3842/3842 3844/3844/3844
f 3842/3842/3842 3837/3837/3837 3844/3844/3844
f 3837/3837/3837 3836/3836/3836 3844/3844/3844
f 3845/3845/3845 3846/3846/3846 3847/3847/3847
f 3846/3846/3846 3848/3848/3848 3847/3847/3847
f 3848/3848/3848 3849/3849/3849 3847/3847/3847
f 3847/3847/3847 3849/3849/3849 3850/3850/3850
f 3849/3849/3849 3851/3851/3851 3850/3850/3850
f 3851/3851/3851 3852/3852/3852 3850/3850/3850
f 3853/3853/3853 3854/3854/3854 3855/3855/3855
f 3855/3855/3855 3854/3854/3854 3856/3856/3856
f 3854/3854/3854 3857/3857/3857 3856/3856/3856
f 3857/3857/3857 3858/3858/3858 3856/3856/3856
f 3859/3859/3859 3860/3860/3860 3861/3861/3861
f 3861/3861/3861 3860/3860/3860 3862/3862/3862
f 3860/3860/3860 3863/3863/3863 3862/3862/3862
f 3863/3863/3863 3864/3864/3864 3862/3862/3862
f 3865/3865/3865 3866/3866/3866 3867/3867/3867
f 3867/3867/3867 3866/3866/3866 3868/3868/3868
f 3869/3869/3869 3868/3868/3868 3870/3870/3870
f 3868/3868/3868 3866/3866/3866 3870/3870/3870
f 3871/3871/3871 3872/3872/3872 3873/3873/3873
f 3873/3873/3873 3872/3872/3872 3874/3874/3874
f 3872/3872/3872 3875/3875/3875 3874/3874/3874
f 3875/3875/3875 3876/3876/3876 3874/3874/3874
f 3877/3877/3877 3878/3878/3878 3879/3879/3879
f 3880/3880/3880 3879/3879/3879 3881/3881/3881
f 3879/3879/3879 3878/3878/3878 3881/3881/3881
f 3881/3881/3881 3878/3878/3878 3882/3882/3882
f 3882/3882/3882 3878/3878/3878 3883/3883/3883
f 3884/3884/3884 3883/3883/3883 3885/3885/3885
f 3883/3883/3883 3878/3878/3878 3885/3885/3885
f 3878/3878/3878 3877/3877/3877 3885/3885/3885
f 3886/3886/3886 3887/3887/3887 3888/3888/3888
f 3888/3888/3888 3887/3887/3887 3889/3889/3889
f 3887/3887/3887 3890/3890/3890 3889/3889/3889
f 3890/3890/3890 3891/3891/3891 3889/3889/3889
f 3892/3892/3892 3893/3893/3893 3894/3894/3894
f 3895/3895/3895 3894/3894/3894 3896/3896/3896
f 3894/3894/3894 3893/3893/3893 3896/3896/3896
f 3896/3896/3896 3893/3893/3893 3897/3897/3897
f 3897/3897/3897 3893/3893/3893 3898/3898/3898
f 3899/3899/3899 3898/3898/3898 3900/3900/3900
f 3898/3898/3898 3893/3893/3893 3900/3900/3900
f 3893/3893/3893 3892/3892/3892 3900/3900/3900
f 3901/3901/3901 3902/3902/3902 3903/3903/3903
f 3903/3903/3903 3902/3902/3902 3904/3904/3904
f 3902/3902/3902 3905/3905/3905 3904/3904/3904
f 3905/3905/3905 3906/3906/3906 3904/3904/3904
f 3907/3907/3907 3908/3908/3908 3909/3909/3909
f 3908/3908/3908 3910/3910/3910 3909/3909/3909
f 3911/3911/3911 3912/3912/3912 3913/3913/3913
f 3912/3912/3912 3914/3914/3914 3913/3913/3913
f 3915/3915/3915 3916/3916/3916 3917/3917/3917
f 3917/3917/3917 3916/3916/3916 3918/3918/3918
f 3919/3919/3919 3918/3918/3918 3920/3920/3920
f 3918/3918/3918 3916/3916/3916 3920/3920/3920
f 3921/3921/3921 3922/3922/3922 3923/3923/3923
f 3922/3922/3922 3924/3924/3924 3923/3923/3923
f 3925/3925/3925 3926/3926/3926 3927/3927/3927
f 3926/3926/3926 3928/3928/3928 3927/3927/3927
f 3927/3927/3927 3928/3928/3928 3929/3929/3929
f 3928/3928/3928 3930/3930/3930 3929/3929/3929
f 3929/3929/3929 3930/3930/3930 3931/3931/3931
f 3930/3930/3930 3932/3932/3932 3931/3931/3931
f 3933/3933/3933 3934/3934/3934 3935/3935/3935
f 3935/3935/3935 3934/3934/3934 3936/3936/3936
f 3934/3934/3934 3931/3931/3931 3936/3936/3936
f 3931/3931/3931 3932/3932/3932 3936/3936/3936
f 3937/3937/3937 3938/3938/3938 3939/3939/3939
f 3938/3938/3938 3940/3940/3940 3939/3939/3939
f 3941/3941/3941 3942/3942/3942 3943/3943/3943
f 3943/3943/3943 3942/3942/3942 3944/3944/3944
f 3945/3945/3945 3946/3946/3946 3947/3947/3947
f 3946/3946/3946 3948/3948/3948 3947/3947/3947
f 3947/3947/3947 3948/3948/3948 3949/3949/3949
f 3948/3948/3948 3950/3950/3950 3949/3949/3949
f 3949/3949/3949 3950/3950/3950 3951/3951/3951
f 3950/3950/3950 3952/3952/3952 3951/3951/3951
f 3952/3952/3952 3944/3944/3944 3951/3951/3951
f 3944/3944/3944 3942/3942/3942 3951/3951/3951
f 3953/3953/3953 3954/3954/3954 3955/3955/3955
f 3955/3955/3955 3954/3954/3954 3956/3956/3956
f 3954/3954/3954 3957/3957/3957 3956/3956/3956
f 3957/3957/3957 3958/3958/3958 3956/3956/3956
f 3959/3959/3959 3960/3960/3960 3961/3961/3961
f 3961/3961/3961 3960/3960/3960 3962/3962/3962
f 3960/3960/3960 3963/3963/3963 3962/3962/3962
f 3963/3963/3963 3964/3964/3964 3962/3962/3962
f 3965/3965/3965 3966/3966/3966 3967/3967/3967
f 3967/3967/3967 3966/3966/3966 3968/3968/3968
f 3966/3966/3966 3969/3969/3969 3968/3968/3968
f 3969/3969/3969 3970/3970/3970 3968/3968/3968
f 3971/3971/3971 3972/3972/3972 3973/3973/3973
f 3973/3973/3973 3972/3972/3972 3974/3974/3974
f 3972/3972/3972 3975/3975/3975 3974/3974/3974
f 3975/3975/3975 3976/3976/3976 3974/3974/3974
f 3977/3977/3977 3978/3978/3978 3979/3979/3979
f 3979/3979/3979 3978/3978/3978 3980/3980/3980
f 3981/3981/3981 3982/3982/3982 3983/3983/3983
f 3982/3982/3982 3984/3984/3984 3983/3983/3983
f 3983/3983/3983 3984/3984/3984 3985/3985/3985
f 3984/3984/3984 3986/3986/3986 3985/3985/3985
f 3985/3985/3985 3986/3986/3986 3987/3987/3987
f 3986/3986/3986 3988/3988/3988 3987/3987/3987
f 3988/3988/3988 3980/3980/3980 3987/3987/3987
f 3980/3980/3980 3978/3978/3978 3987/3987/3987
f 3989/3989/3989 3990/3990/3990 3991/3991/3991
f 3992/3992/3992 3993/3993/3993 3994/3994/3994
f 3993/3993/3993 3991/3991/3991 3994/3994/3994
f 3994/3994/3994 3991/3991/3991 3995/3995/3995
f 3991/3991/3991 3990/3990/3990 3995/3995/3995
f 3995/3995/3995 3990/3990/3990 3996/3996/3996
f 3996/3996/3996 3990/3990/3990 3997/3997/3997
f 3998/3998/3998 3997/3997/3997 3999/3999/3999
f 3997/3997/3997 3990/3990/3990 3999/3999/3999
f 3990/3990/3990 3989/3989/3989 3999/3999/3999
f 4000/4000/4000 4001/4001/4001 4002/4002/4002
f 4002/4002/4002 4001/4001/4001 4003/4003/4003
f 4001/4001/4001 4004/4004/4004 4003/4003/4003
f 4004/4004/4004 4005/4005/4005 4003/4003/4003
f 4006/4006/4006 4007/4007/4007 4008/4008/4008
f 4009/4009/4009 4008/4008/4008 4010/4010/4010
f 4008/4008/4008 4007/4007/4007 4010/4010/4010
f 4010/4010/4010 4007/4007/4007 4011/4011/4011
f 4011/4011/4011 4007/4007/4007 4012/4012/4012
f 4013/4013/4013 4012/4012/4012 4014/4014/4014
f 4012/4012/4012 4007/4007/4007 4014/4014/4014
f 4007/4007/4007 4006/4006/4006 4014/4014/4014
f 4015/4015/4015 4016/4016/4016 4017/4017/4017
f 4016/4016/4016 4018/4018/4018 4017/4017/4017
f 4018/4018/4018 4019/4019/4019 4017/4017/4017
f 4017/4017/4017 4019/4019/4019 4020/4020/4020
f 4019/4019/4019 4021/4021/4021 4020/4020/4020
f 4021/4021/4021 4022/4022/4022 4020/4020/4020
f 4023/4023/4023 4024/4024/4024 4025/4025/4025
f 4025/4025/4025 4024/4024/4024 4026/4026/4026
f 4024/4024/4024 4027/4027/4027 4026/4026/4026
f 4027/4027/4027 4028/4028/4028 4026/4026/4026
f 4029/4029/4029 4030/4030/4030 4031/4031/4031
f 4031/4031/4031 4030/4030/4030 4032/4032/4032
f 4030/4030/4030 4033/4033/4033 4032/4032/4032
f 4033/4033/4033 4034/4034/4034 4032/4032/4032
f 4035/4035/4035 4036/4036/4036 4037/4037/4037
f 4037/4037/4037 4036/4036/4036 4038/4038/4038
f 4039/4039/4039 4038/4038/4038 4040/4040/4040
f 4038/4038/4038 4036/4036/4036 4040/4040/4040
f 4041/4041/4041 4042/4042/4042 4043/4043/4043
f 4043/4043/4043 4042/4042/4042 4044/4044/4044
f 4042/4042/4042 4045/4045/4045 4044/4044/4044
f 4045/4045/4045 4046/4046/4046 4044/4044/4044
f 4047/4047/4047 4048/4048/4048 4049/4049/4049
f 4050/4050/4050 4049/4049/4049 4051/4051/4051
f 4049/4049/4049 4048/4048/4048 4051/4051/4051
f 4051/4051/4051 4048/4048/4048 4052/4052/4052
f 4052/4052/4052 4048/4048/4048 4053/4053/4053
f 4054/4054/4054 4053/4053/4053 4055/4055/4055
f 4053/4053/4053 4048/4048/4048 4055/4055/4055
f 4048/4048/4048 4047/4047/4047 4055/4055/4055
f 4056/4056/4056 4057/4057/4057 4058/4058/4058
f 4058/4058/4058 4057/4057/4057 4059/4059/4059
f 4057/4057/4057 4060/4060/4060 4059/4059/4059
f 4060/4060/4060 4061/4061/4061 4059/4059/4059
f 4062/4062/4062 4063/4063/4063 4064/4064/4064
f 4065/4065/4065 4064/4064/4064 4066/4066/4066
f 4064/4064/4064 4063/4063/4063 4066/4066/4066
f 4066/4066/4066 4063/4063/4063 4067/4067/4067
f 4067/4067/4067 4063/4063/4063 4068/4068/4068
f 4069/4069/4069 4068/4068/4068 4070/4070/4070
f 4068/4068/4068 4063/4063/4063 4070/4070/4070
f 4063/4063/4063 4062/4062/4062 4070/4070/4070
f 4071/4071/4071 4072/4072/4072 4073/4073/4073
f 4073/4073/4073 4072/4072/4072 4074/4074/4074
f 4072/4072/4072 4075/4075/4075 4074/4074/4074
f 4075/4075/4075 4076/4076/4076 4074/4074/4074
f 4077/4077/4077 4078/4078/4078 4079/4079/4079
f 4078/4078/4078 4080/4080/4080 4079/4079/4079
f 4079/4079/4079 4080/4080/4080 4081/4081/4081
f 4080/4080/4080 4082/4082/4082 4081/4081/4081
f 4083/4083/4083 4084/4084/4084 4085/4085/4085
f 4084/4084/4084 4086/4086/4086 4085/4085/4085
f 4085/4085/4085 4086/4086/4086 4087/4087/4087
f 4086/4086/4086 4088/4088/4088 4087/4087/4087
f 4089/4089/4089 4090/4090/4090 4091/4091/4091
f 4092/4092/4092 4091/4091/4091 4093/4093/4093
f 4093/4093/4093 4091/4091/4091 4094/4094/4094
f 4091/4091/4091 4090/4090/4090 4094/4094/4094
f 4095/4095/4095 4096/4096/4096 4097/4097/4097
f 4098/4098/4098 4097/4097/4097 4099/4099/4099
f 4099/4099/4099 4097/4097/4097 4100/4100/4100
f 4097/4097/4097 4096/4096/4096 4100/4100/4100
f 4101/4101/4101 4102/4102/4102 4103/4103/4103
f 4104/4104/4104 4103/4103/4103 4105/4105/4105
f 4105/4105/4105 4103/4103/4103 4106/4106/4106
f 4103/4103/4103 4102/4102/4102 4106/4106/4106
f 4107/4107/4107 4108/4108/4108 4109/4109/4109
f 4110/4110/4110 4111/4111/4111 4112/4112/4112
f 4113/4113/4113 4114/4114/4114 4115/4115/4115
f 4114/4114/4114 4112/4112/4112 4115/4115/4115
f 4112/4112/4112 4111/4111/4111 4115/4115/4115
f 4115/4115/4115 4111/4111/4111 4116/4116/4116
f 4111/4111/4111 4110/4110/4110 4116/4116/4116
f 4110/4110/4110 4109/4109/4109 4116/4116/4116
f 4109/4109/4109 4108/4108/4108 4116/4116/4116
f 4116/4116/4116 4108/4108/4108 4117/4117/4117
f 4108/4108/4108 4107/4107/4107 4117/4117/4117
f 4107/4107/4107 4118/4118/4118 4117/4117/4117
f 4117/4117/4117 4118/4118/4118 4119/4119/4119
f 4118/4118/4118 4120/4120/4120 4119/4119/4119
f 4119/4119/4119 4120/4120/4120 4121/4121/4121
f 4120/4120/4120 4122/4122/4122 4121/4121/4121
f 4122/4122/4122 4114/4114/4114 4121/4121/4121
f 4114/4114/4114 4113/4113/4113 4121/4121/4121
f 4121/4121/4121 4113/4113/4113 4123/4123/4123
f 4113/4113/4113 4115/4115/4115 4123/4123/4123
f 4115/4115/4115 4116/4116/4116 4123/4123/4123
f 4116/4116/4116 4117/4117/4117 4123/4123/4123
f 4117/4117/4117 4119/4119/4119 4123/4123/4123
f 4124/4124/4124 4125/4125/4125 4126/4126/4126
f 4126/4126/4126 4125/4125/4125 4127/4127/4127
f 4128/4128/4128 4127/4127/4127 4129/4129/4129
f 4127/4127/4127 4125/4125/4125 4129/4129/4129
f 4129/4129/4129 4125/4125/4125 4130/4130/4130
f 4130/4130/4130 4125/4125/4125 4131/4131/4131
f 4125/4125/4125 4124/4124/4124 4131/4131/4131
f 4124/4124/4124 4132/4132/4132 4131/4131/4131
f 4133/4133/4133 4134/4134/4134 4135/4135/4135
f 4136/4136/4136 4135/4135/4135 4137/4137/4137
f 4135/4135/4135 4138/4138/4138 4137/4137/4137
f 4139/4139/4139 4137/4137/4137 4140/4140/4140
f 4137/4137/4137 4138/4138/4138 4140/4140/4140
f 4140/4140/4140 4138/4138/4138 4141/4141/4141
f 4141/4141/4141 4138/4138/4138 4142/4142/4142
f 4138/4138/4138 4135/4135/4135 4142/4142/4142
f 4142/4142/4142 4135/4135/4135 4143/4143/4143
f 4135/4135/4135 4134/4134/4134 4143/4143/4143
f 4144/4144/4144 4145/4145/4145 4146/4146/4146
f 4147/4147/4147 4146/4146/4146 4148/4148/4148
f 4146/4146/4146 4145/4145/4145 4148/4148/4148
f 4149/4149/4149 4148/4148/4148 4150/4150/4150
f 4148/4148/4148 4145/4145/4145 4150/4150/4150
f 4150/4150/4150 4145/4145/4145 4151/4151/4151
f 4151/4151/4151 4145/4145/4145 4152/4152/4152
f 4145/4145/4145 4144/4144/4144 4152/4152/4152
f 4152/4152/4152 4144/4144/4144 4153/4153/4153
f 4144/4144/4144 4154/4154/4154 4153/4153/4153
f 4155/4155/4155 4156/4156/4156 4157/4157/4157
f 4157/4157/4157 4156/4156/4156 4158/4158/4158
f 4159/4159/4159 4158/4158/4158 4160/4160/4160
f 4158/4158/4158 4156/4156/4156 4160/4160/4160
f 4160/4160/4160 4156/4156/4156 4161/4161/4161
f 4161/4161/4161 4156/4156/4156 4162/4162/4162
f 4156/4156/4156 4155/4155/4155 4162/4162/4162
f 4155/4155/4155 4163/4163/4163 4162/4162/4162
f 4164/4164/4164 4165/4165/4165 4166/4166/4166
f 4165/4165/4165 4167/4167/4167 4166/4166/4166
f 4168/4168/4168 4169/4169/4169 4170/4170/4170
f 4169/4169/4169 4171/4171/4171 4170/4170/4170
f 4172/4172/4172 4173/4173/4173 4174/4174/4174
f 4173/4173/4173 4175/4175/4175 4174/4174/4174
f 4176/4176/4176 4177/4177/4177 4178/4178/4178
f 4177/4177/4177 4179/4179/4179 4178/4178/4178
f 4180/4180/4180 4181/4181/4181 4182/4182/4182
f 4182/4182/4182 4181/4181/4181 4183/4183/4183
f 4181/4181/4181 4184/4184/4184 4183/4183/4183
f 4185/4185/4185 4183/4183/4183 4186/4186/4186
f 4183/4183/4183 4184/4184/4184 4186/4186/4186
f 4187/4187/4187 4186/4186/4186 4188/4188/4188
f 4186/4186/4186 4184/4184/4184 4188/4188/4188
f 4189/4189/4189 4190/4190/4190 4191/4191/4191
f 4191/4191/4191 4190/4190/4190 4192/4192/4192
f 4192/4192/4192 4190/4190/4190 4193/4193/4193
f 4190/4190/4190 4194/4194/4194 4193/4193/4193
f 4193/4193/4193 4194/4194/4194 4195/4195/4195
f 4194/4194/4194 4188/4188/4188 4195/4195/4195
f 4188/4188/4188 4184/4184/4184 4195/4195/4195
f 4195/4195/4195 4184/4184/4184 4196/4196/4196
f 4184/4184/4184 4181/4181/4181 4196/4196/4196
f 4197/4197/4197 4198/4198/4198 4199/4199/4199
f 4198/4198/4198 4200/4200/4200 4199/4199/4199
f 4201/4201/4201 4202/4202/4202 4203/4203/4203
f 4203/4203/4203 4202/4202/4202 4204/4204/4204
f 4204/4204/4204 4202/4202/4202 4205/4205/4205
f 4202/4202/4202 4206/4206/4206 4205/4205/4205
f 4205/4205/4205 4206/4206/4206 4207/4207/4207
f 4206/4206/4206 4208/4208/4208 4207/4207/4207
f 4207/4207/4207 4208/4208/4208 4209/4209/4209
f 4208/4208/4208 4210/4210/4210 4209/4209/4209
f 4209/4209/4209 4210/4210/4210 4211/4211/4211
f 4212/4212/4212 4211/4211/4211 4213/4213/4213
f 4213/4213/4213 4211/4211/4211 4214/4214/4214
f 4211/4211/4211 4210/4210/4210 4214/4214/4214
f 4215/4215/4215 4216/4216/4216 4217/4217/4217
f 4217/4217/4217 4216/4216/4216 4218/4218/4218
f 4218/4218/4218 4216/4216/4216 4219/4219/4219
f 4216/4216/4216 4220/4220/4220 4219/4219/4219
f 4219/4219/4219 4220/4220/4220 4221/4221/4221
f 4220/4220/4220 4222/4222/4222 4221/4221/4221
f 4223/4223/4223 4224/4224/4224 4225/4225/4225
f 4224/4224/4224 4226/4226/4226 4225/4225/4225
f 4225/4225/4225 4226/4226/4226 4227/4227/4227
f 4226/4226/4226 4228/4228/4228 4227/4227/4227
f 4229/4229/4229 4230/4230/4230 4231/4231/4231
f 4230/4230/4230 4232/4232/4232 4231/4231/4231
f 4233/4233/4233 4234/4234/4234 4235/4235/4235
f 4234/4234/4234 4236/4236/4236 4235/4235/4235
f 4237/4237/4237 4238/4238/4238 4239/4239/4239
f 4238/4238/4238 4240/4240/4240 4239/4239/4239
f 4239/4239/4239 4240/4240/4240 4241/4241/4241
f 4240/4240/4240 4242/4242/4242 4241/4241/4241
f 4243/4243/4243 4244/4244/4244 4245/4245/4245
f 4244/4244/4244 4246/4246/4246 4245/4245/4245
f 4247/4247/4247 4248/4248/4248 4249/4249/4249
f 4249/4249/4249 4248/4248/4248 4250/4250/4250
f 4248/4248/4248 4251/4251/4251 4250/4250/4250
f 4250/4250/4250 4251/4251/4251 4252/4252/4252
f 4251/4251/4251 4253/4253/4253 4252/4252/4252
f 4252/4252/4252 4253/4253/4253 4254/4254/4254
f 4254/4254/4254 4253/4253/4253 4255/4255/4255
f 4256/4256/4256 4257/4257/4257 4258/4258/4258
f 4257/4257/4257 4255/4255/4255 4258/4258/4258
f 4255/4255/4255 4253/4253/4253 4258/4258/4258
f 4259/4259/4259 4260/4260/4260 4261/4261/4261
f 4260/4260/4260 4262/4262/4262 4261/4261/4261
f 4263/4263/4263 4264/4264/4264 4265/4265/4265
f 4264/4264/4264 4266/4266/4266 4265/4265/4265
f 4265/4265/4265 4266/4266/4266 4267/4267/4267
f 4268/4268/4268 4269/4269/4269 4270/4270/4270
f 4270/4270/4270 4269/4269/4269 4271/4271/4271
f 4269/4269/4269 4272/4272/4272 4271/4271/4271
f 4271/4271/4271 4272/4272/4272 4273/4273/4273
f 4272/4272/4272 4267/4267/4267 4273/4273/4273
f 4273/4273/4273 4267/4267/4267 4274/4274/4274
f 4267/4267/4267 4266/4266/4266 4274/4274/4274
f 4275/4275/4275 4276/4276/4276 4277/4277/4277
f 4278/4278/4278 4279/4279/4279 4280/4280/4280
f 4279/4279/4279 4277/4277/4277 4280/4280/4280
f 4277/4277/4277 4276/4276/4276 4280/4280/4280
f 4281/4281/4281 4282/4282/4282 4283/4283/4283
f 4284/4284/4284 4285/4285/4285 4286/4286/4286
f 4285/4285/4285 4283/4283/4283 4286/4286/4286
f 4283/4283/4283 4282/4282/4282 4286/4286/4286
f 4287/4287/4287 4288/4288/4288 4289/4289/4289
f 4290/4290/4290 4291/4291/4291 4292/4292/4292
f 4291/4291/4291 4289/4289/4289 4292/4292/4292
f 4289/4289/4289 4288/4288/4288 4292/4292/4292
f 4293/4293/4293 4294/4294/4294 4295/4295/4295
f 4296/4296/4296 4297/4297/4297 4298/4298/4298
f 4297/4297/4297 4295/4295/4295 4298/4298/4298
f 4295/4295/4295 4294/4294/4294 4298/4298/4298
f 4299/4299/4299 4300/4300/4300 4301/4301/4301
f 4300/4300/4300 4302/4302/4302 4301/4301/4301
f 4301/4301/4301 4302/4302/4302 4303/4303/4303
f 4304/4304/4304 4305/4305/4305 4306/4306/4306
f 4306/4306/4306 4305/4305/4305 4307/4307/4307
f 4305/4305/4305 4308/4308/4308 4307/4307/4307
f 4307/4307/4307 4308/4308/4308 4309/4309/4309
f 4308/4308/4308 4303/4303/4303 4309/4309/4309
f 4309/4309/4309 4303/4303/4303 4310/4310/4310
f 4303/4303/4303 4302/4302/4302 4310/4310/4310
f 4311/4311/4311 4312/4312/4312 4313/4313/4313
f 4314/4314/4314 4313/4313/4313 4315/4315/4315
f 4313/4313/4313 4312/4312/4312 4315/4315/4315
f 4315/4315/4315 4312/4312/4312 4316/4316/4316
f 4316/4316/4316 4312/4312/4312 4317/4317/4317
f 4318/4318/4318 4319/4319/4319 4320/4320/4320
f 4320/4320/4320 4319/4319/4319 4321/4321/4321
f 4319/4319/4319 4317/4317/4317 4321/4321/4321
f 4317/4317/4317 4312/4312/4312 4321/4321/4321
f 4312/4312/4312 4311/4311/4311 4321/4321/4321
f 4322/4322/4322 4323/4323/4323 4324/4324/4324
f 4325/4325/4325 4326/4326/4326 4327/4327/4327
f 4326/4326/4326 4324/4324/4324 4327/4327/4327
f 4324/4324/4324 4323/4323/4323 4327/4327/4327
f 4328/4328/4328 4329/4329/4329 4330/4330/4330
f 4331/4331/4331 4330/4330/4330 4332/4332/4332
f 4330/4330/4330 4329/4329/4329 4332/4332/4332
f 4332/4332/4332 4329/4329/4329 4333/4333/4333
f 4333/4333/4333 4329/4329/4329 4334/4334/4334
f 4335/4335/4335 4334/4334/4334 4336/4336/4336
f 4334/4334/4334 4329/4329/4329 4336/4336/4336
f 4329/4329/4329 4328/4328/4328 4336/4336/4336
f 4337/4337/4337 4338/4338/4338 4339/4339/4339
f 4340/4340/4340 4341/4341/4341 4342/4342/4342
f 4342/4342/4342 4341/4341/4341 4343/4343/4343
f 4343/4343/4343 4341/4341/4341 4344/4344/4344
f 4341/4341/4341 4339/4339/4339 4344/4344/4344
f 4339/4339/4339 4338/4338/4338 4344/4344/4344
f 4345/4345/4345 4346/4346/4346 4347/4347/4347
f 4348/4348/4348 4349/4349/4349 4350/4350/4350
f 4349/4349/4349 4347/4347/4347 4350/4350/4350
f 4347/4347/4347 4346/4346/4346 4350/4350/4350
f 4351/4351/4351 4352/4352/4352 4353/4353/4353
f 4354/4354/4354 4355/4355/4355 4356/4356/4356
f 4355/4355/4355 4353/4353/4353 4356/4356/4356
f 4353/4353/4353 4352/4352/4352 4356/4356/4356
f 4357/4357/4357 4358/4358/4358 4359/4359/4359
f 4358/4358/4358 4360/4360/4360 4359/4359/4359
f 4359/4359/4359 4360/4360/4360 4361/4361/4361
f 4360/4360/4360 4362/4362/4362 4361/4361/4361
f 4363/4363/4363 4364/4364/4364 4365/4365/4365
f 4366/4366/4366 4367/4367/4367 4368/4368/4368
f 4367/4367/4367 4365/4365/4365 4368/4368/4368
f 4365/4365/4365 4364/4364/4364 4368/4368/4368
f 4369/4369/4369 4370/4370/4370 4371/4371/4371
f 4372/4372/4372 4371/4371/4371 4373/4373/4373
f 4371/4371/4371 4370/4370/4370 4373/4373/4373
f 4373/4373/4373 4370/4370/4370 4374/4374/4374
f 4374/4374/4374 4370/4370/4370 4375/4375/4375
f 4376/4376/4376 4375/4375/4375 4377/4377/4377
f 4375/4375/4375 4370/4370/4370 4377/4377/4377
f 4370/4370/4370 4369/4369/4369 4377/4377/4377
f 4378/4378/4378 4379/4379/4379 4380/4380/4380
f 4381/4381/4381 4382/4382/4382 4383/4383/4383
f 4382/4382/4382 4380/4380/4380 4383/4383/4383
f 4380/4380/4380 4379/4379/4379 4383/4383/4383
f 4384/4384/4384 4385/4385/4385 4386/4386/4386
f 4387/4387/4387 4386/4386/4386 4388/4388/4388
f 4386/4386/4386 4385/4385/4385 4388/4388/4388
f 4388/4388/4388 4385/4385/4385 4389/4389/4389
f 4389/4389/4389 4385/4385/4385 4390/4390/4390
f 4391/4391/4391 4390/4390/4390 4392/4392/4392
f 4390/4390/4390 4385/4385/4385 4392/4392/4392
f 4385/4385/4385 4384/4384/4384 4392/4392/4392
f 4393/4393/4393 4394/4394/4394 4395/4395/4395
f 4396/4396/4396 4397/4397/4397 4398/4398/4398
f 4397/4397/4397 4395/4395/4395 4398/4398/4398
f 4395/4395/4395 4394/4394/4394 4398/4398/4398
f 4399/4399/4399 4400/4400/4400 4401/4401/4401
f 4401/4401/4401 4400/4400/4400 4402/4402/4402
f 4403/4403/4403 4402/4402/4402 4404/4404/4404
f 4402/4402/4402 4400/4400/4400 4404/4404/4404
f 4404/4404/4404 4400/4400/4400 4405/4405/4405
f 4405/4405/4405 4400/4400/4400 4406/4406/4406
f 4400/4400/4400 4399/4399/4399 4406/4406/4406
f 4406/4406/4406 4399/4399/4399 4407/4407/4407
f 4408/4408/4408 4407/4407/4407 4409/4409/4409
f 4407/4407/4407 4399/4399/4399 4409/4409/4409
f 4409/4409/4409 4399/4399/4399 4410/4410/4410
f 4399/4399/4399 4401/4401/4401 4410/4410/4410
f 4410/4410/4410 4401/4401/4401 4411/4411/4411
f 4412/4412/4412 4411/4411/4411 4413/4413/4413
f 4411/4411/4411 4401/4401/4401 4413/4413/4413
f 4401/4401/4401 4402/4402/4402 4413/4413/4413
f 4413/4413/4413 4402/4402/4402 4414/4414/4414
f 4402/4402/4402 4403/4403/4403 4414/4414/4414
f 4414/4414/4414 4403/4403/4403 4415/4415/4415
f 4416/4416/4416 4415/4415/4415 4417/4417/4417
f 4415/4415/4415 4403/4403/4403 4417/4417/4417
f 4417/4417/4417 4403/4403/4403 4418/4418/4418
f 4403/4403/4403 4404/4404/4404 4418/4418/4418
f 4418/4418/4418 4404/4404/4404 4419/4419/4419
f 4404/4404/4404 4405/4405/4405 4419/4419/4419
f 4419/4419/4419 4405/4405/4405 4420/4420/4420
f 4420/4420/4420 4405/4405/4405 4421/4421/4421
f 4405/4405/4405 4406/4406/4406 4421/4421/4421
f 4421/4421/4421 4406/4406/4406 4422/4422/4422
f 4406/4406/4406 4407/4407/4407 4422/4422/4422
f 4422/4422/4422 4407/4407/4407 4423/4423/4423
f 4407/4407/4407 4408/4408/4408 4423/4423/4423
f 4424/4424/4424 4425/4425/4425 4426/4426/4426
f 4426/4426/4426 4425/4425/4425 4427/4427/4427
f 4428/4428/4428 4427/4427/4427 4429/4429/4429
f 4427/4427/4427 4425/4425/4425 4429/4429/4429
f 4429/4429/4429 4425/4425/4425 4430/4430/4430
f 4430/4430/4430 4425/4425/4425 4431/4431/4431
f 4425/4425/4425 4424/4424/4424 4431/4431/4431
f 4431/4431/4431 4424/4424/4424 4432/4432/4432
f 4433/4433/4433 4432/4432/4432 4434/4434/4434
f 4432/4432/4432 4424/4424/4424 4434/4434/4434
f 4434/4434/4434 4424/4424/4424 4435/4435/4435
f 4424/4424/4424 4426/4426/4426 4435/4435/4435
f 4435/4435/4435 4426/4426/4426 4436/4436/4436
f 4436/4436/4436 4426/4426/4426 4437/4437/4437
f 4426/4426/4426 4427/4427/4427 4437/4437/4437
f 4437/4437/4437 4427/4427/4427 4438/4438/4438
f 4427/4427/4427 4428/4428/4428 4438/4438/4438
f 4438/4438/4438 4428/4428/4428 4439/4439/4439
f 4440/4440/4440 4439/4439/4439 4441/4441/4441
f 4439/4439/4439 4428/4428/4428 4441/4441/4441
f 4441/4441/4441 4428/4428/4428 4442/4442/4442
f 4428/4428/4428 4429/4429/4429 4442/4442/4442
f 4442/4442/4442 4429/4429/4429 4443/4443/4443
f 4429/4429/4429 4430/4430/4430 4443/4443/4443
f 4443/4443/4443 4430/4430/4430 4444/4444/4444
f 4444/4444/4444 4430/4430/4430 4445/4445/4445
f 4430/4430/4430 4431/4431/4431 4445/4445/4445
f 4445/4445/4445 4431/4431/4431 4446/4446/4446
f 4431/4431/4431 4432/4432/4432 4446/4446/4446
f 4446/4446/4446 4432/4432/4432 4447/4447/4447
f 4432/4432/4432 4433/4433/4433 4447/4447/4447
f 4433/4433/4433 4448/4448/4448 4447/4447/4447
f 4449/4449/4449 4450/4450/4450 4451/4451/4451
f 4452/4452/4452 4453/4453/4453 4454/4454/4454
f 4454/4454/4454 4453/4453/4453 4455/4455/4455
f 4453/4453/4453 4451/4451/4451 4455/4455/4455
f 4455/4455/4455 4451/4451/4451 4456/4456/4456
f 4456/4456/4456 4451/4451/4451 4457/4457/4457
f 4451/4451/4451 4450/4450/4450 4457/4457/4457
f 4458/4458/4458 4459/4459/4459 4460/4460/4460
f 4459/4459/4459 4461/4461/4461 4460/4460/4460
f 4460/4460/4460 4461/4461/4461 4462/4462/4462
f 4461/4461/4461 4463/4463/4463 4462/4462/4462
f 4462/4462/4462 4463/4463/4463 4464/4464/4464
f 4463/4463/4463 4465/4465/4465 4464/4464/4464
f 4464/4464/4464 4465/4465/4465 4466/4466/4466
f 4465/4465/4465 4467/4467/4467 4466/4466/4466
f 4468/4468/4468 4469/4469/4469 4470/4470/4470
f 4470/4470/4470 4469/4469/4469 4471/4471/4471
f 4469/4469/4469 4472/4472/4472 4471/4471/4471
f 4471/4471/4471 4472/4472/4472 4473/4473/4473
f 4472/4472/4472 4474/4474/4474 4473/4473/4473
f 4473/4473/4473 4474/4474/4474 4475/4475/4475
f 4474/4474/4474 4476/4476/4476 4475/4475/4475
f 4475/4475/4475 4476/4476/4476 4477/4477/4477
f 4477/4477/4477 4476/4476/4476 4478/4478/4478
f 4476/4476/4476 4479/4479/4479 4478/4478/4478
f 4478/4478/4478 4479/4479/4479 4480/4480/4480
f 4481/4481/4481 4482/4482/4482 4483/4483/4483
f 4483/4483/4483 4482/4482/4482 4484/4484/4484
f 4482/4482/4482 4485/4485/4485 4484/4484/4484
f 4484/4484/4484 4485/4485/4485 4486/4486/4486
f 4485/4485/4485 4487/4487/4487 4486/4486/4486
f 4486/4486/4486 4487/4487/4487 4488/4488/4488
f 4487/4487/4487 4480/4480/4480 4488/4488/4488
f 4488/4488/4488 4480/4480/4480 4489/4489/4489
f 4480/4480/4480 4479/4479/4479 4489/4489/4489
f 4490/4490/4490 4491/4491/4491 4492/4492/4492
f 4492/4492/4492 4491/4491/4491 4493/4493/4493
f 4491/4491/4491 4494/4494/4494 4493/4493/4493
f 4493/4493/4493 4494/4494/4494 4495/4495/4495
f 4494/4494/4494 4496/4496/4496 4495/4495/4495
f 4495/4495/4495 4496/4496/4496 4497/4497/4497
f 4496/4496/4496 4498/4498/4498 4497/4497/4497
f 4497/4497/4497 4498/4498/4498 4499/4499/4499
f 4499/4499/4499 4498/4498/4498 4500/4500/4500
f 4501/4501/4501 4502/4502/4502 4503/4503/4503
f 4503/4503/4503 4502/4502/4502 4504/4504/4504
f 4502/4502/4502 4505/4505/4505 4504/4504/4504
f 4504/4504/4504 4505/4505/4505 4506/4506/4506
f 4505/4505/4505 4507/4507/4507 4506/4506/4506
f 4506/4506/4506 4507/4507/4507 4508/4508/4508
f 4507/4507/4507 4509/4509/4509 4508/4508/4508
f 4508/4508/4508 4509/4509/4509 4510/4510/4510
f 4510/4510/4510 4509/4509/4509 4511/4511/4511
f 4509/4509/4509 4500/4500/4500 4511/4511/4511
f 4500/4500/4500 4498/4498/4498 4511/4511/4511
f 4512/4512/4512 4513/4513/4513 4514/4514/4514
f 4515/4515/4515 4516/4516/4516 4517/4517/4517
f 4517/4517/4517 4518/4518/4518 4519/4519/4519
f 4520/4520/4520 4519/4519/4519 4521/4521/4521
f 4519/4519/4519 4518/4518/4518 4521/4521/4521
f 4521/4521/4521 4518/4518/4518 4522/4522/4522
f 4523/4523/4523 4524/4524/4524 4525/4525/4525
f 4525/4525/4525 4524/4524/4524 4526/4526/4526
f 4524/4524/4524 4527/4527/4527 4526/4526/4526
f 4526/4526/4526 4527/4527/4527 4528/4528/4528
f 4527/4527/4527 4522/4522/4522 4528/4528/4528
f 4522/4522/4522 4518/4518/4518 4528/4528/4528
f 4518/4518/4518 4517/4517/4517 4528/4528/4528
f 4528/4528/4528 4517/4517/4517 4529/4529/4529
f 4517/4517/4517 4516/4516/4516 4529/4529/4529
f 4529/4529/4529 4516/4516/4516 4530/4530/4530
f 4531/4531/4531 4532/4532/4532 4533/4533/4533
f 4532/4532/4532 4534/4534/4534 4533/4533/4533
f 4533/4533/4533 4534/4534/4534 4535/4535/4535
f 4534/4534/4534 4530/4530/4530 4535/4535/4535
f 4535/4535/4535 4530/4530/4530 4536/4536/4536
f 4530/4530/4530 4516/4516/4516 4536/4536/4536
f 4536/4536/4536 4516/4516/4516 4537/4537/4537
f 4516/4516/4516 4515/4515/4515 4537/4537/4537
f 4537/4537/4537 4515/4515/4515 4538/4538/4538
f 4515/4515/4515 4539/4539/4539 4538/4538/4538
f 4538/4538/4538 4539/4539/4539 4540/4540/4540
f 4539/4539/4539 4541/4541/4541 4540/4540/4540
f 4542/4542/4542 4543/4543/4543 4544/4544/4544
f 4544/4544/4544 4543/4543/4543 4545/4545/4545
f 4543/4543/4543 4546/4546/4546 4545/4545/4545
f 4545/4545/4545 4546/4546/4546 4547/4547/4547
f 4546/4546/4546 4548/4548/4548 4547/4547/4547
f 4547/4547/4547 4548/4548/4548 4549/4549/4549
f 4548/4548/4548 4540/4540/4540 4549/4549/4549
f 4540/4540/4540 4541/4541/4541 4549/4549/4549
f 4541/4541/4541 4514/4514/4514 4549/4549/4549
f 4549/4549/4549 4514/4514/4514 4550/4550/4550
f 4514/4514/4514 4513/4513/4513 4550/4550/4550
f 4551/4551/4551 4552/4552/4552 4553/4553/4553
f 4553/4553/4553 4552/4552/4552 4554/4554/4554
f 4552/4552/4552 4550/4550/4550 4554/4554/4554
f 4554/4554/4554 4550/4550/4550 4555/4555/4555
f 4550/4550/4550 4513/4513/4513 4555/4555/4555
f 4555/4555/4555 4513/4513/4513 4556/4556/4556
f 4513/4513/4513 4512/4512/4512 4556/4556/4556
f 4556/4556/4556 4512/4512/4512 4557/4557/4557
f 4557/4557/4557 4512/4512/4512 4558/4558/4558
f 4512/4512/4512 4520/4520/4520 4558/4558/4558
f 4520/4520/4520 4521/4521/4521 4558/4558/4558
f 4559/4559/4559 4560/4560/4560 4561/4561/4561
f 4561/4561/4561 4560/4560/4560 4562/4562/4562
f 4560/4560/4560 4563/4563/4563 4562/4562/4562
f 4563/4563/4563 4564/4564/4564 4562/4562/4562
f 4565/4565/4565 4566/4566/4566 4567/4567/4567
f 4567/4567/4567 4566/4566/4566 4568/4568/4568
f 4566/4566/4566 4569/4569/4569 4568/4568/4568
f 4569/4569/4569 4570/4570/4570 4568/4568/4568
f 4571/4571/4571 4572/4572/4572 4573/4573/4573
f 4573/4573/4573 4572/4572/4572 4574/4574/4574
f 4572/4572/4572 4575/4575/4575 4574/4574/4574
f 4575/4575/4575 4576/4576/4576 4574/4574/4574
f 4577/4577/4577 4578/4578/4578 4579/4579/4579
f 4579/4579/4579 4578/4578/4578 4580/4580/4580
f 4578/4578/4578 4581/4581/4581 4580/4580/4580
f 4581/4581/4581 4582/4582/4582 4580/4580/4580
f 4583/4583/4583 4584/4584/4584 4585/4585/4585
f 4585/4585/4585 4584/4584/4584 4586/4586/4586
f 4584/4584/4584 4587/4587/4587 4586/4586/4586
f 4587/4587/4587 4588/4588/4588 4586/4586/4586
f 4589/4589/4589 4590/4590/4590 4591/4591/4591
f 4591/4591/4591 4590/4590/4590 4592/4592/4592
f 4590/4590/4590 4593/4593/4593 4592/4592/4592
f 4593/4593/4593 4594/4594/4594 4592/4592/4592
f 4595/4595/4595 4596/4596/4596 4597/4597/4597
f 4597/4597/4597 4596/4596/4596 4598/4598/4598
f 4596/4596/4596 4599/4599/4599 4598/4598/4598
f 4599/4599/4599 4600/4600/4600 4598/4598/4598
f 4601/4601/4601 4602/4602/4602 4603/4603/4603
f 4603/4603/4603 4602/4602/4602 4604/4604/4604
f 4602/4602/4602 4605/4605/4605 4604/4604/4604
f 4605/4605/4605 4606/4606/4606 4604/4604/4604
f 4607/4607/4607 4608/4608/4608 4609/4609/4609
f 4609/4609/4609 4608/4608/4608 4610/4610/4610
f 4608/4608/4608 4611/4611/4611 4610/4610/4610
f 4611/4611/4611 4612/4612/4612 4610/4610/4610
f 4613/4613/4613 4614/4614/4614 4615/4615/4615
f 4615/4615/4615 4614/4614/4614 4616/4616/4616
f 4614/4614/4614 4617/4617/4617 4616/4616/4616
f 4617/4617/4617 4618/4618/4618 4616/4616/4616
f 4619/4619/4619 4620/4620/4620 4621/4621/4621
f 4621/4621/4621 4620/4620/4620 4622/4622/4622
f 4620/4620/4620 4623/4623/4623 4622/4622/4622
f 4623/4623/4623 4624/4624/4624 4622/4622/4622
f 4625/4625/4625 4626/4626/4626 4627/4627/4627
f 4627/4627/4627 4626/4626/4626 4628/4628/4628
f 4626/4626/4626 4629/4629/4629 4628/4628/4628
f 4629/4629/4629 4630/4630/4630 4628/4628/4628
f 4631/4631/4631 4632/4632/4632 4633/4633/4633
f 4633/4633/4633 4632/4632/4632 4634/4634/4634
f 4632/4632/4632 4635/4635/4635 4634/4634/4634
f 4635/4635/4635 4636/4636/4636 4634/4634/4634
f 4637/4637/4637 4638/4638/4638 4639/4639/4639
f 4639/4639/4639 4638/4638/4638 4640/4640/4640
f 4638/4638/4638 4641/4641/4641 4640/4640/4640
f 4641/4641/4641 4642/4642/4642 4640/4640/4640
f 4643/4643/4643 4644/4644/4644 4645/4645/4645
f 4645/4645/4645 4644/4644/4644 4646/4646/4646
f 4646/4646/4646 4644/4644/4644 4647/4647/4647
f 4644/4644/4644 4648/4648/4648 4647/4647/4647
f 4647/4647/4647 4648/4648/4648 4649/4649/4649
f 4649/4649/4649 4648/4648/4648 4650/4650/4650
f 4650/4650/4650 4648/4648/4648 4651/4651/4651
f 4651/4651/4651 4648/4648/4648 4652/4652/4652
f 4648/4648/4648 4644/4644/4644 4652/4652/4652
f 4652/4652/4652 4644/4644/4644 4653/4653/4653
f 4644/4644/4644 4643/4643/4643 4653/4653/4653
f 4653/4653/4653 4643/4643/4643 4654/4654/4654
f 4655/4655/4655 4654/4654/4654 4656/4656/4656
f 4654/4654/4654 4643/4643/4643 4656/4656/4656
f 4656/4656/4656 4643/4643/4643 4657/4657/4657
f 4643/4643/4643 4645/4645/4645 4657/4657/4657
f 4657/4657/4657 4645/4645/4645 4658/4658/4658
f 4658/4658/4658 4645/4645/4645 4659/4659/4659
f 4645/4645/4645 4646/4646/4646 4659/4659/4659
f 4659/4659/4659 4646/4646/4646 4660/4660/4660
f 4660/4660/4660 4646/4646/4646 4661/4661/4661
f 4646/4646/4646 4647/4647/4647 4661/4661/4661
f 4661/4661/4661 4647/4647/4647 4662/4662/4662
f 4647/4647/4647 4649/4649/4649 4662/4662/4662
f 4662/4662/4662 4649/4649/4649 4663/4663/4663
f 4663/4663/4663 4649/4649/4649 4664/4664/4664
f 4649/4649/4649 4650/4650/4650 4664/4664/4664
f 4664/4664/4664 4650/4650/4650 4665/4665/4665
f 4665/4665/4665 4650/4650/4650 4666/4666/4666
f 4650/4650/4650 4651/4651/4651 4666/4666/4666
f 4667/4667/4667 4666/4666/4666 4668/4668/4668
f 4666/4666/4666 4651/4651/4651 4668/4668/4668
f 4668/4668/4668 4651/4651/4651 4669/4669/4669
f 4651/4651/4651 4652/4652/4652 4669/4669/4669
f 4652/4652/4652 4653/4653/4653 4669/4669/4669
f 4669/4669/4669 4653/4653/4653 4670/4670/4670
f 4653/4653/4653 4654/4654/4654 4670/4670/4670
f 4670/4670/4670 4654/4654/4654 4671/4671/4671
f 4654/4654/4654 4655/4655/4655 4671/4671/4671
f 4671/4671/4671 4655/4655/4655 4672/4672/4672
f 4673/4673/4673 4672/4672/4672 4674/4674/4674
f 4672/4672/4672 4655/4655/4655 4674/4674/4674
f 4674/4674/4674 4655/4655/4655 4675/4675/4675
f 4655/4655/4655 4656/4656/4656 4675/4675/4675
f 4675/4675/4675 4656/4656/4656 4676/4676/4676
f 4656/4656/4656 4657/4657/4657 4676/4676/4676
f 4676/4676/4676 4657/4657/4657 4677/4677/4677
f 4657/4657/4657 4658/4658/4658 4677/4677/4677
f 4678/4678/4678 4679/4679/4679 4680/4680/4680
f 4679/4679/4679 4681/4681/4681 4680/4680/4680
f 4680/4680/4680 4681/4681/4681 4682/4682/4682
f 4682/4682/4682 4681/4681/4681 4683/4683/4683
f 4684/4684/4684 4683/4683/4683 4685/4685/4685
f 4683/4683/4683 4681/4681/4681 4685/4685/4685
f 4685/4685/4685 4681/4681/4681 4686/4686/4686
f 4681/4681/4681 4679/4679/4679 4686/4686/4686
f 4686/4686/4686 4679/4679/4679 4687/4687/4687
f 4687/4687/4687 4679/4679/4679 4688/4688/4688
f 4679/4679/4679 4678/4678/4678 4688/4688/4688
f 4688/4688/4688 4678/4678/4678 4689/4689/4689
f 4690/4690/4690 4689/4689/4689 4691/4691/4691
f 4689/4689/4689 4678/4678/4678 4691/4691/4691
f 4691/4691/4691 4678/4678/4678 4692/4692/4692
f 4678/4678/4678 4680/4680/4680 4692/4692/4692
f 4692/4692/4692 4680/4680/4680 4693/4693/4693
f 4680/4680/4680 4682/4682/4682 4693/4693/4693
f 4693/4693/4693 4682/4682/4682 4694/4694/4694
f 4694/4694/4694 4682/4682/4682 4695/4695/4695
f 4682/4682/4682 4683/4683/4683 4695/4695/4695
f 4695/4695/4695 4683/4683/4683 4696/4696/4696
f 4683/4683/4683 4684/4684/4684 4696/4696/4696
f 4696/4696/4696 4684/4684/4684 4697/4697/4697
f 4698/4698/4698 4697/4697/4697 4699/4699/4699
f 4697/4697/4697 4684/4684/4684 4699/4699/4699
f 4699/4699/4699 4684/4684/4684 4700/4700/4700
f 4684/4684/4684 4685/4685/4685 4700/4700/4700
f 4700/4700/4700 4685/4685/4685 4701/4701/4701
f 4685/4685/4685 4686/4686/4686 4701/4701/4701
f 4701/4701/4701 4686/4686/4686 4702/4702/4702
f 4686/4686/4686 4687/4687/4687 4702/4702/4702
f 4702/4702/4702 4687/4687/4687 4703/4703/4703
f 4703/4703/4703 4687/4687/4687 4704/4704/4704
f 4687/4687/4687 4688/4688/4688 4704/4704/4704
f 4704/4704/4704 4688/4688/4688 4705/4705/4705
f 4688/4688/4688 4689/4689/4689 4705/4705/4705
f 4705/4705/4705 4689/4689/4689 4706/4706/4706
f 4689/4689/4689 4690/4690/4690 4706/4706/4706
f 4706/4706/4706 4690/4690/4690 4707/4707/4707
f 4708/4708/4708 4709/4709/4709 4710/4710/4710
f 4709/4709/4709 4711/4711/4711 4710/4710/4710
f 4712/4712/4712 4710/4710/4710 4713/4713/4713
f 4710/4710/4710 4711/4711/4711 4713/4713/4713
f 4713/4713/4713 4711/4711/4711 4714/4714/4714
f 4715/4715/4715 4714/4714/4714 4716/4716/4716
f 4714/4714/4714 4711/4711/4711 4716/4716/4716
f 4716/4716/4716 4711/4711/4711 4717/4717/4717
f 4711/4711/4711 4709/4709/4709 4717/4717/4717
f 4717/4717/4717 4709/4709/4709 4718/4718/4718
f 4718/4718/4718 4709/4709/4709 4719/4719/4719
f 4709/4709/4709 4708/4708/4708 4719/4719/4719
f 4719/4719/4719 4708/4708/4708 4720/4720/4720
f 4721/4721/4721 4722/4722/4722 4723/4723/4723
f 4723/4723/4723 4722/4722/4722 4724/4724/4724
f 4722/4722/4722 4720/4720/4720 4724/4724/4724
f 4720/4720/4720 4708/4708/4708 4724/4724/4724
f 4724/4724/4724 4708/4708/4708 4725/4725/4725
f 4708/4708/4708 4710/4710/4710 4725/4725/4725
f 4710/4710/4710 4712/4712/4712 4725/4725/4725
f 4725/4725/4725 4712/4712/4712 4726/4726/4726
f 4726/4726/4726 4712/4712/4712 4727/4727/4727
f 4727/4727/4727 4712/4712/4712 4728/4728/4728
f 4712/4712/4712 4713/4713/4713 4728/4728/4728
f 4728/4728/4728 4713/4713/4713 4729/4729/4729
f 4713/4713/4713 4714/4714/4714 4729/4729/4729
f 4729/4729/4729 4714/4714/4714 4730/4730/4730
f 4714/4714/4714 4715/4715/4715 4730/4730/4730
f 4730/4730/4730 4715/4715/4715 4731/4731/4731
f 4732/4732/4732 4731/4731/4731 4733/4733/4733
f 4731/4731/4731 4715/4715/4715 4733/4733/4733
f 4733/4733/4733 4715/4715/4715 4734/4734/4734
f 4715/4715/4715 4716/4716/4716 4734/4734/4734
f 4734/4734/4734 4716/4716/4716 4735/4735/4735
f 4716/4716/4716 4717/4717/4717 4735/4735/4735
f 4735/4735/4735 4717/4717/4717 4736/4736/4736
f 4717/4717/4717 4718/4718/4718 4736/4736/4736
f 4737/4737/4737 4738/4738/4738 4739/4739/4739
f 4739/4739/4739 4738/4738/4738 4740/4740/4740
f 4738/4738/4738 4741/4741/4741 4740/4740/4740
f 4740/4740/4740 4741/4741/4741 4742/4742/4742
f 4742/4742/4742 4741/4741/4741 4743/4743/4743
f 4741/4741/4741 4744/4744/4744 4743/4743/4743
f 4743/4743/4743 4744/4744/4744 4745/4745/4745
f 4745/4745/4745 4744/4744/4744 4746/4746/4746
f 4747/4747/4747 4746/4746/4746 4748/4748/4748
f 4746/4746/4746 4744/4744/4744 4748/4748/4748
f 4748/4748/4748 4744/4744/4744 4749/4749/4749
f 4744/4744/4744 4741/4741/4741 4749/4749/4749
f 4749/4749/4749 4741/4741/4741 4750/4750/4750
f 4741/4741/4741 4738/4738/4738 4750/4750/4750
f 4750/4750/4750 4738/4738/4738 4751/4751/4751
f 4738/4738/4738 4737/4737/4737 4751/4751/4751
f 4751/4751/4751 4737/4737/4737 4752/4752/4752
f 4752/4752/4752 4737/4737/4737 4753/4753/4753
f 4753/4753/4753 4737/4737/4737 4754/4754/4754
f 4737/4737/4737 4739/4739/4739 4754/4754/4754
f 4754/4754/4754 4739/4739/4739 4755/4755/4755
f 4755/4755/4755 4739/4739/4739 4756/4756/4756
f 4739/4739/4739 4740/4740/4740 4756/4756/4756
f 4756/4756/4756 4740/4740/4740 4757/4757/4757
f 4740/4740/4740 4742/4742/4742 4757/4757/4757
f 4757/4757/4757 4742/4742/4742 4758/4758/4758
f 4758/4758/4758 4742/4742/4742 4759/4759/4759
f 4742/4742/4742 4743/4743/4743 4759/4759/4759
f 4759/4759/4759 4743/4743/4743 4760/4760/4760
f 4743/4743/4743 4745/4745/4745 4760/4760/4760
f 4760/4760/4760 4745/4745/4745 4761/4761/4761
f 4761/4761/4761 4745/4745/4745 4762/4762/4762
f 4745/4745/4745 4746/4746/4746 4762/4762/4762
f 4762/4762/4762 4746/4746/4746 4763/4763/4763
f 4746/4746/4746 4747/4747/4747 4763/4763/4763
f 4763/4763/4763 4747/4747/4747 4764/4764/4764
f 4765/4765/4765 4764/4764/4764 4766/4766/4766
f 4764/4764/4764 4747/4747/4747 4766/4766/4766
f 4766/4766/4766 4747/4747/4747 4767/4767/4767
f 4747/4747/4747 4748/4748/4748 4767/4767/4767
f 4767/4767/4767 4748/4748/4748 4768/4768/4768
f 4748/4748/4748 4749/4749/4749 4768/4768/4768
f 4768/4768/4768 4749/4749/4749 4769/4769/4769
f 4749/4749/4749 4750/4750/4750 4769/4769/4769
f 4750/4750/4750 4751/4751/4751 4769/4769/4769
f 4769/4769/4769 4751/4751/4751 4770/4770/4770
f 4751/4751/4751 4752/4752/4752 4770/4770/4770
f 4770/4770/4770 4752/4752/4752 4771/4771/4771
f 4772/4772/4772 4771/4771/4771 4773/4773/4773
f 4771/4771/4771 4752/4752/4752 4773/4773/4773
f 4773/4773/4773 4752/4752/4752 4774/4774/4774
f 4752/4752/4752 4753/4753/4753 4774/4774/4774
f 4774/4774/4774 4753/4753/4753 4775/4775/4775
f 4753/4753/4753 4754/4754/4754 4775/4775/4775
f 4775/4775/4775 4754/4754/4754 4776/4776/4776
f 4754/4754/4754 4755/4755/4755 4776/4776/4776
f 4776/4776/4776 4755/4755/4755 4777/4777/4777
f 4778/4778/4778 4777/4777/4777 4779/4779/4779
f 4777/4777/4777 4755/4755/4755 4779/4779/4779
f 4755/4755/4755 4756/4756/4756 4779/4779/4779
f 4779/4779/4779 4756/4756/4756 4780/4780/4780
f 4756/4756/4756 4757/4757/4757 4780/4780/4780
f 4780/4780/4780 4757/4757/4757 4781/4781/4781
f 4757/4757/4757 4758/4758/4758 4781/4781/4781
f 4781/4781/4781 4758/4758/4758 4782/4782/4782
f 4782/4782/4782 4758/4758/4758 4783/4783/4783
f 4758/4758/4758 4759/4759/4759 4783/4783/4783
f 4783/4783/4783 4759/4759/4759 4784/4784/4784
f 4759/4759/4759 4760/4760/4760 4784/4784/4784
f 4784/4784/4784 4760/4760/4760 4785/4785/4785
f 4760/4760/4760 4761/4761/4761 4785/4785/4785
f 4761/4761/4761 4736/4736/4736 4785/4785/4785
f 4785/4785/4785 4736/4736/4736 4786/4786/4786
f 4736/4736/4736 4718/4718/4718 4786/4786/4786
f 4786/4786/4786 4718/4718/4718 4787/4787/4787
f 4718/4718/4718 4719/4719/4719 4787/4787/4787
f 4787/4787/4787 4719/4719/4719 4788/4788/4788
f 4719/4719/4719 4720/4720/4720 4788/4788/4788
f 4788/4788/4788 4720/4720/4720 4789/4789/4789
f 4720/4720/4720 4722/4722/4722 4789/4789/4789
f 4789/4789/4789 4722/4722/4722 4790/4790/4790
f 4722/4722/4722 4721/4721/4721 4790/4790/4790
f 4790/4790/4790 4721/4721/4721 4791/4791/4791
f 4721/4721/4721 4792/4792/4792 4791/4791/4791
f 4791/4791/4791 4792/4792/4792 4793/4793/4793
f 4793/4793/4793 4792/4792/4792 4794/4794/4794
f 4792/4792/4792 4707/4707/4707 4794/4794/4794
f 4794/4794/4794 4707/4707/4707 4795/4795/4795
f 4707/4707/4707 4690/4690/4690 4795/4795/4795
f 4795/4795/4795 4690/4690/4690 4796/4796/4796
f 4690/4690/4690 4691/4691/4691 4796/4796/4796
f 4796/4796/4796 4691/4691/4691 4797/4797/4797
f 4691/4691/4691 4692/4692/4692 4797/4797/4797
f 4797/4797/4797 4692/4692/4692 4798/4798/4798
f 4692/4692/4692 4693/4693/4693 4798/4798/4798
f 4798/4798/4798 4693/4693/4693 4799/4799/4799
f 4693/4693/4693 4694/4694/4694 4799/4799/4799
f 4799/4799/4799 4694/4694/4694 4800/4800/4800
f 4694/4694/4694 4677/4677/4677 4800/4800/4800
f 4677/4677/4677 4658/4658/4658 4800/4800/4800
f 4800/4800/4800 4658/4658/4658 4801/4801/4801
f 4658/4658/4658 4659/4659/4659 4801/4801/4801
f 4801/4801/4801 4659/4659/4659 4802/4802/4802
f 4659/4659/4659 4660/4660/4660 4802/4802/4802
f 4802/4802/4802 4660/4660/4660 4803/4803/4803
f 4803/4803/4803 4660/4660/4660 4804/4804/4804
f 4660/4660/4660 4661/4661/4661 4804/4804/4804
f 4804/4804/4804 4661/4661/4661 4805/4805/4805
f 4661/4661/4661 4662/4662/4662 4805/4805/4805
f 4805/4805/4805 4662/4662/4662 4806/4806/4806
f 4662/4662/4662 4663/4663/4663 4806/4806/4806
f 4807/4807/4807 4806/4806/4806 4808/4808/4808
f 4806/4806/4806 4663/4663/4663 4808/4808/4808
f 4808/4808/4808 4663/4663/4663 4809/4809/4809
f 4663/4663/4663 4664/4664/4664 4809/4809/4809
f 4809/4809/4809 4664/4664/4664 4810/4810/4810
f 4664/4664/4664 4665/4665/4665 4810/4810/4810
f 4810/4810/4810 4665/4665/4665 4811/4811/4811
f 4665/4665/4665 4666/4666/4666 4811/4811/4811
f 4811/4811/4811 4666/4666/4666 4812/4812/4812
f 4666/4666/4666 4667/4667/4667 4812/4812/4812
f 4812/4812/4812 4667/4667/4667 4813/4813/4813
f 4813/4813/4813 4667/4667/4667 4814/4814/4814
f 4814/4814/4814 4667/4667/4667 4815/4815/4815
f 4667/4667/4667 4668/4668/4668 4815/4815/4815
f 4815/4815/4815 4668/4668/4668 4816/4816/4816
f 4668/4668/4668 4669/4669/4669 4816/4816/4816
f 4816/4816/4816 4669/4669/4669 4817/4817/4817
f 4669/4669/4669 4670/4670/4670 4817/4817/4817
f 4670/4670/4670 4671/4671/4671 4817/4817/4817
f 4817/4817/4817 4671/4671/4671 4818/4818/4818
f 4671/4671/4671 4672/4672/4672 4818/4818/4818
f 4818/4818/4818 4672/4672/4672 4819/4819/4819
f 4672/4672/4672 4673/4673/4673 4819/4819/4819
f 4819/4819/4819 4673/4673/4673 4820/4820/4820
f 4820/4820/4820 4673/4673/4673 4821/4821/4821
f 4673/4673/4673 4698/4698/4698 4821/4821/4821
f 4821/4821/4821 4698/4698/4698 4822/4822/4822
f 4698/4698/4698 4699/4699/4699 4822/4822/4822
f 4822/4822/4822 4699/4699/4699 4823/4823/4823
f 4699/4699/4699 4700/4700/4700 4823/4823/4823
f 4823/4823/4823 4700/4700/4700 4824/4824/4824
f 4700/4700/4700 4701/4701/4701 4824/4824/4824
f 4824/4824/4824 4701/4701/4701 4825/4825/4825
f 4701/4701/4701 4702/4702/4702 4825/4825/4825
f 4825/4825/4825 4702/4702/4702 4826/4826/4826
f 4702/4702/4702 4703/4703/4703 4826/4826/4826
f 4826/4826/4826 4703/4703/4703 4827/4827/4827
f 4827/4827/4827 4703/4703/4703 4828/4828/4828
f 4703/4703/4703 4704/4704/4704 4828/4828/4828
f 4704/4704/4704 4705/4705/4705 4828/4828/4828
f 4705/4705/4705 4706/4706/4706 4828/4828/4828
f 4828/4828/4828 4706/4706/4706 4829/4829/4829
f 4706/4706/4706 4707/4707/4707 4829/4829/4829
f 4707/4707/4707 4792/4792/4792 4829/4829/4829
f 4792/4792/4792 4721/4721/4721 4829/4829/4829
f 4721/4721/4721 4723/4723/4723 4829/4829/4829
f 4829/4829/4829 4723/4723/4723 4830/4830/4830
f 4830/4830/4830 4723/4723/4723 4831/4831/4831
f 4723/4723/4723 4724/4724/4724 4831/4831/4831
f 4724/4724/4724 4725/4725/4725 4831/4831/4831
f 4725/4725/4725 4726/4726/4726 4831/4831/4831
f 4831/4831/4831 4726/4726/4726 4832/4832/4832
f 4726/4726/4726 4727/4727/4727 4832/4832/4832
f 4832/4832/4832 4727/4727/4727 4833/4833/4833
f 4833/4833/4833 4727/4727/4727 4834/4834/4834
f 4727/4727/4727 4728/4728/4728 4834/4834/4834
f 4834/4834/4834 4728/4728/4728 4835/4835/4835
f 4728/4728/4728 4729/4729/4729 4835/4835/4835
f 4835/4835/4835 4729/4729/4729 4836/4836/4836
f 4729/4729/4729 4730/4730/4730 4836/4836/4836
f 4836/4836/4836 4730/4730/4730 4837/4837/4837
f 4730/4730/4730 4731/4731/4731 4837/4837/4837
f 4837/4837/4837 4731/4731/4731 4838/4838/4838
f 4731/4731/4731 4732/4732/4732 4838/4838/4838
f 4838/4838/4838 4732/4732/4732 4839/4839/4839
f 4732/4732/4732 4765/4765/4765 4839/4839/4839
f 4839/4839/4839 4765/4765/4765 4840/4840/4840
f 4840/4840/4840 4765/4765/4765 4841/4841/4841
f 4765/4765/4765 4766/4766/4766 4841/4841/4841
f 4841/4841/4841 4766/4766/4766 4842/4842/4842
f 4766/4766/4766 4767/4767/4767 4842/4842/4842
f 4842/4842/4842 4767/4767/4767 4843/4843/4843
f 4767/4767/4767 4768/4768/4768 4843/4843/4843
f 4768/4768/4768 4769/4769/4769 4843/4843/4843
f 4843/4843/4843 4769/4769/4769 4844/4844/4844
f 4769/4769/4769 4770/4770/4770 4844/4844/4844
f 4844/4844/4844 4770/4770/4770 4845/4845/4845
f 4770/4770/4770 4771/4771/4771 4845/4845/4845
f 4845/4845/4845 4771/4771/4771 4846/4846/4846
f 4771/4771/4771 4772/4772/4772 4846/4846/4846
f 4847/4847/4847 4848/4848/4848 4849/4849/4849
f 4849/4849/4849 4848/4848/4848 4850/4850/4850
f 4848/4848/4848 4851/4851/4851 4850/4850/4850
f 4850/4850/4850 4851/4851/4851 4852/4852/4852
f 4851/4851/4851 4853/4853/4853 4852/4852/4852
f 4852/4852/4852 4853/4853/4853 4854/4854/4854
f 4853/4853/4853 4855/4855/4855 4854/4854/4854
f 4854/4854/4854 4855/4855/4855 4856/4856/4856
f 4855/4855/4855 4857/4857/4857 4856/4856/4856
f 4856/4856/4856 4857/4857/4857 4858/4858/4858
f 4857/4857/4857 4859/4859/4859 4858/4858/4858
f 4858/4858/4858 4859/4859/4859 4860/4860/4860
f 4859/4859/4859 4861/4861/4861 4860/4860/4860
f 4860/4860/4860 4861/4861/4861 4862/4862/4862
f 4862/4862/4862 4861/4861/4861 4863/4863/4863
f 4864/4864/4864 4865/4865/4865 4866/4866/4866
f 4865/4865/4865 4867/4867/4867 4866/4866/4866
f 4868/4868/4868 4869/4869/4869 4870/4870/4870
f 4869/4869/4869 4866/4866/4866 4870/4870/4870
f 4866/4866/4866 4867/4867/4867 4870/4870/4870
f 4870/4870/4870 4867/4867/4867 4871/4871/4871
f 4867/4867/4867 4863/4863/4863 4871/4871/4871
f 4863/4863/4863 4861/4861/4861 4871/4871/4871
f 4872/4872/4872 4871/4871/4871 4873/4873/4873
f 4871/4871/4871 4861/4861/4861 4873/4873/4873
f 4861/4861/4861 4859/4859/4859 4873/4873/4873
f 4873/4873/4873 4859/4859/4859 4874/4874/4874
f 4859/4859/4859 4857/4857/4857 4874/4874/4874
f 4874/4874/4874 4857/4857/4857 4875/4875/4875
f 4857/4857/4857 4855/4855/4855 4875/4875/4875
f 4875/4875/4875 4855/4855/4855 4876/4876/4876
f 4855/4855/4855 4853/4853/4853 4876/4876/4876
f 4876/4876/4876 4853/4853/4853 4877/4877/4877
f 4853/4853/4853 4851/4851/4851 4877/4877/4877
f 4877/4877/4877 4851/4851/4851 4878/4878/4878
f 4851/4851/4851 4848/4848/4848 4878/4878/4878
f 4878/4878/4878 4848/4848/4848 4879/4879/4879
f 4848/4848/4848 4847/4847/4847 4879/4879/4879
f 4879/4879/4879 4847/4847/4847 4880/4880/4880
f 4881/4881/4881 4882/4882/4882 4883/4883/4883
f 4883/4883/4883 4882/4882/4882 4884/4884/4884
f 4882/4882/4882 4885/4885/4885 4884/4884/4884
f 4884/4884/4884 4885/4885/4885 4886/4886/4886
f 4885/4885/4885 4887/4887/4887 4886/4886/4886
f 4886/4886/4886 4887/4887/4887 4888/4888/4888
f 4887/4887/4887 4889/4889/4889 4888/4888/4888
f 4888/4888/4888 4889/4889/4889 4890/4890/4890
f 4889/4889/4889 4891/4891/4891 4890/4890/4890
f 4890/4890/4890 4891/4891/4891 4892/4892/4892
f 4891/4891/4891 4893/4893/4893 4892/4892/4892
f 4892/4892/4892 4893/4893/4893 4894/4894/4894
f 4893/4893/4893 4895/4895/4895 4894/4894/4894
f 4894/4894/4894 4895/4895/4895 4896/4896/4896
f 4896/4896/4896 4895/4895/4895 4897/4897/4897
f 4898/4898/4898 4897/4897/4897 4899/4899/4899
f 4897/4897/4897 4895/4895/4895 4899/4899/4899
f 4899/4899/4899 4895/4895/4895 4900/4900/4900
f 4895/4895/4895 4893/4893/4893 4900/4900/4900
f 4900/4900/4900 4893/4893/4893 4901/4901/4901
f 4893/4893/4893 4891/4891/4891 4901/4901/4901
f 4901/4901/4901 4891/4891/4891 4902/4902/4902
f 4891/4891/4891 4889/4889/4889 4902/4902/4902
f 4902/4902/4902 4889/4889/4889 4903/4903/4903
f 4889/4889/4889 4887/4887/4887 4903/4903/4903
f 4903/4903/4903 4887/4887/4887 4904/4904/4904
f 4887/4887/4887 4885/4885/4885 4904/4904/4904
f 4904/4904/4904 4885/4885/4885 4905/4905/4905
f 4885/4885/4885 4882/4882/4882 4905/4905/4905
f 4906/4906/4906 4905/4905/4905 4907/4907/4907
f 4905/4905/4905 4882/4882/4882 4907/4907/4907
f 4882/4882/4882 4881/4881/4881 4907/4907/4907
f 4881/4881/4881 4908/4908/4908 4907/4907/4907
f 4907/4907/4907 4908/4908/4908 4909/4909/4909
f 4910/4910/4910 4909/4909/4909 4911/4911/4911
f 4911/4911/4911 4909/4909/4909 4912/4912/4912
f 4909/4909/4909 4908/4908/4908 4912/4912/4912
f 4908/4908/4908 4913/4913/4913 4912/4912/4912
f 4912/4912/4912 4913/4913/4913 4914/4914/4914
f 4914/4914/4914 4913/4913/4913 4915/4915/4915
f 4915/4915/4915 4913/4913/4913 4916/4916/4916
f 4916/4916/4916 4913/4913/4913 4917/4917/4917
f 4913/4913/4913 4908/4908/4908 4917/4917/4917
f 4908/4908/4908 4881/4881/4881 4917/4917/4917
f 4917/4917/4917 4881/4881/4881 4918/4918/4918
f 4881/4881/4881 4883/4883/4883 4918/4918/4918
f 4918/4918/4918 4883/4883/4883 4919/4919/4919
f 4919/4919/4919 4883/4883/4883 4920/4920/4920
f 4883/4883/4883 4884/4884/4884 4920/4920/4920
f 4920/4920/4920 4884/4884/4884 4921/4921/4921
f 4884/4884/4884 4886/4886/4886 4921/4921/4921
f 4921/4921/4921 4886/4886/4886 4922/4922/4922
f 4886/4886/4886 4888/4888/4888 4922/4922/4922
f 4922/4922/4922 4888/4888/4888 4923/4923/4923
f 4888/4888/4888 4890/4890/4890 4923/4923/4923
f 4923/4923/4923 4890/4890/4890 4924/4924/4924
f 4890/4890/4890 4892/4892/4892 4924/4924/4924
f 4924/4924/4924 4892/4892/4892 4925/4925/4925
f 4892/4892/4892 4894/4894/4894 4925/4925/4925
f 4925/4925/4925 4894/4894/4894 4926/4926/4926
f 4894/4894/4894 4896/4896/4896 4926/4926/4926
f 4926/4926/4926 4896/4896/4896 4927/4927/4927
f 4896/4896/4896 4897/4897/4897 4927/4927/4927
f 4897/4897/4897 4898/4898/4898 4927/4927/4927
f 4898/4898/4898 4928/4928/4928 4927/4927/4927
f 4928/4928/4928 4880/4880/4880 4927/4927/4927
f 4880/4880/4880 4847/4847/4847 4927/4927/4927
f 4847/4847/4847 4849/4849/4849 4927/4927/4927
f 4927/4927/4927 4849/4849/4849 4929/4929/4929
f 4849/4849/4849 4850/4850/4850 4929/4929/4929
f 4929/4929/4929 4850/4850/4850 4930/4930/4930
f 4850/4850/4850 4852/4852/4852 4930/4930/4930
f 4930/4930/4930 4852/4852/4852 4931/4931/4931
f 4852/4852/4852 4854/4854/4854 4931/4931/4931
f 4931/4931/4931 4854/4854/4854 4932/4932/4932
f 4854/4854/4854 4856/4856/4856 4932/4932/4932
f 4932/4932/4932 4856/4856/4856 4933/4933/4933
f 4856/4856/4856 4858/4858/4858 4933/4933/4933
f 4933/4933/4933 4858/4858/4858 4934/4934/4934
f 4858/4858/4858 4860/4860/4860 4934/4934/4934
f 4934/4934/4934 4860/4860/4860 4935/4935/4935
f 4860/4860/4860 4862/4862/4862 4935/4935/4935
f 4935/4935/4935 4862/4862/4862 4936/4936/4936
f 4936/4936/4936 4862/4862/4862 4937/4937/4937
f 4862/4862/4862 4863/4863/4863 4937/4937/4937
f 4937/4937/4937 4863/4863/4863 4938/4938/4938
f 4863/4863/4863 4867/4867/4867 4938/4938/4938
f 4867/4867/4867 4865/4865/4865 4938/4938/4938
f 4938/4938/4938 4865/4865/4865 4939/4939/4939
f 4939/4939/4939 4865/4865/4865 4940/4940/4940
f 4865/4865/4865 4864/4864/4864 4940/4940/4940
f 4940/4940/4940 4864/4864/4864 4941/4941/4941
f 4941/4941/4941 4864/4864/4864 4942/4942/4942
f 4943/4943/4943 4942/4942/4942 4944/4944/4944
f 4942/4942/4942 4864/4864/4864 4944/4944/4944
f 4864/4864/4864 4866/4866/4866 4944/4944/4944
f 4866/4866/4866 4869/4869/4869 4944/4944/4944
f 4944/4944/4944 4869/4869/4869 4945/4945/4945
f 4946/4946/4946 4947/4947/4947 4948/4948/4948
f 4947/4947/4947 4945/4945/4945 4948/4948/4948
f 4948/4948/4948 4945/4945/4945 4949/4949/4949
f 4945/4945/4945 4869/4869/4869 4949/4949/4949
f 4869/4869/4869 4868/4868/4868 4949/4949/4949
f 4949/4949/4949 4868/4868/4868 4950/4950/4950
f 4950/4950/4950 4868/4868/4868 4951/4951/4951
f 4868/4868/4868 4872/4872/4872 4951/4951/4951
f 4951/4951/4951 4872/4872/4872 4952/4952/4952
f 4872/4872/4872 4873/4873/4873 4952/4952/4952
f 4873/4873/4873 4874/4874/4874 4952/4952/4952
f 4952/4952/4952 4874/4874/4874 4953/4953/4953
f 4874/4874/4874 4875/4875/4875 4953/4953/4953
f 4953/4953/4953 4875/4875/4875 4954/4954/4954
f 4875/4875/4875 4876/4876/4876 4954/4954/4954
f 4954/4954/4954 4876/4876/4876 4955/4955/4955
f 4876/4876/4876 4877/4877/4877 4955/4955/4955
f 4955/4955/4955 4877/4877/4877 4956/4956/4956
f 4877/4877/4877 4878/4878/4878 4956/4956/4956
f 4956/4956/4956 4878/4878/4878 4957/4957/4957
f 4878/4878/4878 4879/4879/4879 4957/4957/4957
f 4957/4957/4957 4879/4879/4879 4958/4958/4958
f 4879/4879/4879 4880/4880/4880 4958/4958/4958
f 4958/4958/4958 4880/4880/4880 4959/4959/4959
f 4880/4880/4880 4928/4928/4928 4959/4959/4959
f 4959/4959/4959 4928/4928/4928 4960/4960/4960
f 4960/4960/4960 4928/4928/4928 4961/4961/4961
f 4928/4928/4928 4898/4898/4898 4961/4961/4961
f 4961/4961/4961 4898/4898/4898 4962/4962/4962
f 4898/4898/4898 4899/4899/4899 4962/4962/4962
f 4962/4962/4962 4899/4899/4899 4963/4963/4963
f 4899/4899/4899 4900/4900/4900 4963/4963/4963
f 4963/4963/4963 4900/4900/4900 4964/4964/4964
f 4900/4900/4900 4901/4901/4901 4964/4964/4964
f 4964/4964/4964 4901/4901/4901 4965/4965/4965
f 4901/4901/4901 4902/4902/4902 4965/4965/4965
f 4965/4965/4965 4902/4902/4902 4966/4966/4966
f 4902/4902/4902 4903/4903/4903 4966/4966/4966
f 4966/4966/4966 4903/4903/4903 4967/4967/4967
f 4903/4903/4903 4904/4904/4904 4967/4967/4967
f 4967/4967/4967 4904/4904/4904 4968/4968/4968
f 4904/4904/4904 4905/4905/4905 4968/4968/4968
f 4905/4905/4905 4906/4906/4906 4968/4968/4968
f 4968/4968/4968 4906/4906/4906 4969/4969/4969
f 4906/4906/4906 4910/4910/4910 4969/4969/4969
f 4969/4969/4969 4910/4910/4910 4970/4970/4970
f 4970/4970/4970 4910/4910/4910 4971/4971/4971
f 4910/4910/4910 4911/4911/4911 4971/4971/4971
f 4972/4972/4972 4973/4973/4973 4974/4974/4974
f 4974/4974/4974 4973/4973/4973 4975/4975/4975
f 4973/4973/4973 4971/4971/4971 4975/4975/4975
f 4971/4971/4971 4911/4911/4911 4975/4975/4975
f 4975/4975/4975 4911/4911/4911 4976/4976/4976
f 4911/4911/4911 4912/4912/4912 4976/4976/4976
f 4912/4912/4912 4914/4914/4914 4976/4976/4976
f 4977/4977/4977 4976/4976/4976 4978/4978/4978
f 4976/4976/4976 4914/4914/4914 4978/4978/4978
f 4978/4978/4978 4914/4914/4914 4979/4979/4979
f 4914/4914/4914 4915/4915/4915 4979/4979/4979
f 4979/4979/4979 4915/4915/4915 4980/4980/4980
f 4980/4980/4980 4915/4915/4915 4981/4981/4981
f 4915/4915/4915 4916/4916/4916 4981/4981/4981
f 4981/4981/4981 4916/4916/4916 4982/4982/4982
f 4982/4982/4982 4916/4916/4916 4983/4983/4983
f 4916/4916/4916 4917/4917/4917 4983/4983/4983
f 4917/4917/4917 4918/4918/4918 4983/4983/4983
f 4983/4983/4983 4918/4918/4918 4984/4984/4984
f 4918/4918/4918 4919/4919/4919 4984/4984/4984
f 4984/4984/4984 4919/4919/4919 4985/4985/4985
f 4919/4919/4919 4920/4920/4920 4985/4985/4985
f 4985/4985/4985 4920/4920/4920 4986/4986/4986
f 4920/4920/4920 4921/4921/4921 4986/4986/4986
f 4986/4986/4986 4921/4921/4921 4987/4987/4987
f 4987/4987/4987 4921/4921/4921 4988/4988/4988
f 4921/4921/4921 4922/4922/4922 4988/4988/4988
f 4988/4988/4988 4922/4922/4922 4989/4989/4989
f 4922/4922/4922 4923/4923/4923 4989/4989/4989
f 4989/4989/4989 4923/4923/4923 4990/4990/4990
f 4923/4923/4923 4924/4924/4924 4990/4990/4990
f 4990/4990/4990 4924/4924/4924 4991/4991/4991
f 4924/4924/4924 4925/4925/4925 4991/4991/4991
f 4991/4991/4991 4925/4925/4925 4992/4992/4992
f 4925/4925/4925 4926/4926/4926 4992/4992/4992
f 4992/4992/4992 4926/4926/4926 4993/4993/4993
f 4926/4926/4926 4927/4927/4927 4993/4993/4993
f 4927/4927/4927 4929/4929/4929 4993/4993/4993
f 4993/4993/4993 4929/4929/4929 4994/4994/4994
f 4929/4929/4929 4930/4930/4930 4994/4994/4994
f 4994/4994/4994 4930/4930/4930 4995/4995/4995
f 4930/4930/4930 4931/4931/4931 4995/4995/4995
f 4995/4995/4995 4931/4931/4931 4996/4996/4996
f 4931/4931/4931 4932/4932/4932 4996/4996/4996
f 4996/4996/4996 4932/4932/4932 4997/4997/4997
f 4932/4932/4932 4933/4933/4933 4997/4997/4997
f 4997/4997/4997 4933/4933/4933 4998/4998/4998
f 4933/4933/4933 4934/4934/4934 4998/4998/4998
f 4998/4998/4998 4934/4934/4934 4999/4999/4999
f 4999/4999/4999 4934/4934/4934 5000/5000/5000
f 4934/4934/4934 4935/4935/4935 5000/5000/5000
f 5000/5000/5000 4935/4935/4935 5001/5001/5001
f 4935/4935/4935 4936/4936/4936 5001/5001/5001
f 5001/5001/5001 4936/4936/4936 5002/5002/5002
f 4936/4936/4936 4937/4937/4937 5002/5002/5002
f 5002/5002/5002 4937/4937/4937 5003/5003/5003
f 4937/4937/4937 4938/4938/4938 5003/5003/5003
f 4938/4938/4938 4939/4939/4939 5003/5003/5003
f 5003/5003/5003 4939/4939/4939 5004/5004/5004
f 5004/5004/5004 4939/4939/4939 5005/5005/5005
f 4939/4939/4939 4940/4940/4940 5005/5005/5005
f 5005/5005/5005 4940/4940/4940 5006/5006/5006
f 4940/4940/4940 4941/4941/4941 5006/5006/5006
f 5007/5007/5007 5006/5006/5006 5008/5008/5008
f 5006/5006/5006 4941/4941/4941 5008/5008/5008
f 5008/5008/5008 4941/4941/4941 5009/5009/5009
f 4941/4941/4941 4942/4942/4942 5009/5009/5009
f 5009/5009/5009 4942/4942/4942 5010/5010/5010
f 4942/4942/4942 4943/4943/4943 5010/5010/5010
f 5010/5010/5010 4943/4943/4943 5011/5011/5011
f 4943/4943/4943 4947/4947/4947 5011/5011/5011
f 4947/4947/4947 4946/4946/4946 5011/5011/5011
f 5011/5011/5011 4946/4946/4946 5012/5012/5012
f 5012/5012/5012 4946/4946/4946 5013/5013/5013
f 5013/5013/5013 4946/4946/4946 5014/5014/5014
f 5014/5014/5014 4946/4946/4946 5015/5015/5015
f 4946/4946/4946 4948/4948/4948 5015/5015/5015
f 5015/5015/5015 4948/4948/4948 5016/5016/5016
f 4948/4948/4948 4949/4949/4949 5016/5016/5016
f 4949/4949/4949 4950/4950/4950 5016/5016/5016
f 5016/5016/5016 4950/4950/4950 5017/5017/5017
f 5017/5017/5017 4950/4950/4950 5018/5018/5018
f 4950/4950/4950 4951/4951/4951 5018/5018/5018
f 5018/5018/5018 4951/4951/4951 5019/5019/5019
f 4951/4951/4951 4952/4952/4952 5019/5019/5019
f 4952/4952/4952 4953/4953/4953 5019/5019/5019
f 5019/5019/5019 4953/4953/4953 5020/5020/5020
f 4953/4953/4953 4954/4954/4954 5020/5020/5020
f 5020/5020/5020 4954/4954/4954 5021/5021/5021
f 4954/4954/4954 4955/4955/4955 5021/5021/5021
f 5021/5021/5021 4955/4955/4955 5022/5022/5022
f 4955/4955/4955 4956/4956/4956 5022/5022/5022
f 5022/5022/5022 4956/4956/4956 5023/5023/5023
f 4956/4956/4956 4957/4957/4957 5023/5023/5023
f 5023/5023/5023 4957/4957/4957 5024/5024/5024
f 4957/4957/4957 4958/4958/4958 5024/5024/5024
f 5024/5024/5024 4958/4958/4958 5025/5025/5025
f 4958/4958/4958 4959/4959/4959 5025/5025/5025
f 5025/5025/5025 4959/4959/4959 5026/5026/5026
f 4959/4959/4959 4960/4960/4960 5026/5026/5026
f 5026/5026/5026 4960/4960/4960 5027/5027/5027
f 5027/5027/5027 4960/4960/4960 5028/5028/5028
f 4960/4960/4960 4961/4961/4961 5028/5028/5028
f 5028/5028/5028 4961/4961/4961 5029/5029/5029
f 4961/4961/4961 4962/4962/4962 5029/5029/5029
f 5029/5029/5029 4962/4962/4962 5030/5030/5030
f 4962/4962/4962 4963/4963/4963 5030/5030/5030
f 5030/5030/5030 4963/4963/4963 5031/5031/5031
f 4963/4963/4963 4964/4964/4964 5031/5031/5031
f 5031/5031/5031 4964/4964/4964 5032/5032/5032
f 4964/4964/4964 4965/4965/4965 5032/5032/5032
f 5032/5032/5032 4965/4965/4965 5033/5033/5033
f 4965/4965/4965 4966/4966/4966 5033/5033/5033
f 5033/5033/5033 4966/4966/4966 5034/5034/5034
f 4966/4966/4966 4967/4967/4967 5034/5034/5034
f 5034/5034/5034 4967/4967/4967 5035/5035/5035
f 4967/4967/4967 4968/4968/4968 5035/5035/5035
f 4968/4968/4968 4969/4969/4969 5035/5035/5035
f 5035/5035/5035 4969/4969/4969 5036/5036/5036
f 4969/4969/4969 4970/4970/4970 5036/5036/5036
f 5036/5036/5036 4970/4970/4970 5037/5037/5037
f 5037/5037/5037 4970/4970/4970 5038/5038/5038
f 4970/4970/4970 4971/4971/4971 5038/5038/5038
f 4971/4971/4971 4973/4973/4973 5038/5038/5038
f 5038/5038/5038 4973/4973/4973 5039/5039/5039
f 4973/4973/4973 4972/4972/4972 5039/5039/5039
f 5039/5039/5039 4972/4972/4972 5040/5040/5040
f 5040/5040/5040 4972/4972/4972 5041/5041/5041
f 5041/5041/5041 4972/4972/4972 5042/5042/5042
f 5042/5042/5042 4972/4972/4972 5043/5043/5043
f 4972/4972/4972 4974/4974/4974 5043/5043/5043
f 4974/4974/4974 4977/4977/4977 5043/5043/5043
f 5043/5043/5043 4977/4977/4977 5044/5044/5044
f 4977/4977/4977 4978/4978/4978 5044/5044/5044
f 5044/5044/5044 4978/4978/4978 5045/5045/5045
f 4978/4978/4978 4979/4979/4979 5045/5045/5045
f 5045/5045/5045 4979/4979/4979 5046/5046/5046
f 4979/4979/4979 4980/4980/4980 5046/5046/5046
f 4980/4980/4980 5047/5047/5047 5046/5046/5046
f 5048/5048/5048 5049/5049/5049 5050/5050/5050
f 5049/5049/5049 5051/5051/5051 5050/5050/5050
f 5050/5050/5050 5051/5051/5051 5052/5052/5052
f 5051/5051/5051 5053/5053/5053 5052/5052/5052
f 5052/5052/5052 5053/5053/5053 5054/5054/5054
f 5053/5053/5053 5055/5055/5055 5054/5054/5054
f 5054/5054/5054 5055/5055/5055 5056/5056/5056
f 5057/5057/5057 5058/5058/5058 5059/5059/5059
f 5060/5060/5060 5059/5059/5059 5061/5061/5061
f 5061/5061/5061 5059/5059/5059 5062/5062/5062
f 5059/5059/5059 5058/5058/5058 5062/5062/5062
f 5058/5058/5058 5063/5063/5063 5062/5062/5062
f 5062/5062/5062 5063/5063/5063 5064/5064/5064
f 5063/5063/5063 5056/5056/5056 5064/5064/5064
f 5056/5056/5056 5055/5055/5055 5064/5064/5064
f 5065/5065/5065 5064/5064/5064 5066/5066/5066
f 5064/5064/5064 5055/5055/5055 5066/5066/5066
f 5066/5066/5066 5055/5055/5055 5067/5067/5067
f 5055/5055/5055 5053/5053/5053 5067/5067/5067
f 5067/5067/5067 5053/5053/5053 5068/5068/5068
f 5053/5053/5053 5051/5051/5051 5068/5068/5068
f 5068/5068/5068 5051/5051/5051 5069/5069/5069
f 5051/5051/5051 5049/5049/5049 5069/5069/5069
f 5069/5069/5069 5049/5049/5049 5070/5070/5070
f 5070/5070/5070 5049/5049/5049 5071/5071/5071
f 5049/5049/5049 5048/5048/5048 5071/5071/5071
f 5071/5071/5071 5048/5048/5048 5072/5072/5072
f 5073/5073/5073 5074/5074/5074 5075/5075/5075
f 5075/5075/5075 5074/5074/5074 5076/5076/5076
f 5077/5077/5077 5076/5076/5076 5078/5078/5078
f 5076/5076/5076 5074/5074/5074 5078/5078/5078
f 5079/5079/5079 5078/5078/5078 5080/5080/5080
f 5078/5078/5078 5074/5074/5074 5080/5080/5080
f 5080/5080/5080 5074/5074/5074 5081/5081/5081
f 5074/5074/5074 5073/5073/5073 5081/5081/5081
f 5082/5082/5082 5083/5083/5083 5084/5084/5084
f 5083/5083/5083 5085/5085/5085 5084/5084/5084
f 5084/5084/5084 5085/5085/5085 5086/5086/5086
f 5085/5085/5085 5087/5087/5087 5086/5086/5086
f 5086/5086/5086 5087/5087/5087 5088/5088/5088
f 5087/5087/5087 5089/5089/5089 5088/5088/5088
f 5088/5088/5088 5089/5089/5089 5090/5090/5090
f 5091/5091/5091 5090/5090/5090 5092/5092/5092
f 5090/5090/5090 5089/5089/5089 5092/5092/5092
f 5092/5092/5092 5089/5089/5089 5093/5093/5093
f 5093/5093/5093 5089/5089/5089 5094/5094/5094
f 5089/5089/5089 5087/5087/5087 5094/5094/5094
f 5094/5094/5094 5087/5087/5087 5095/5095/5095
f 5087/5087/5087 5085/5085/5085 5095/5095/5095
f 5095/5095/5095 5085/5085/5085 5096/5096/5096
f 5085/5085/5085 5083/5083/5083 5096/5096/5096
f 5096/5096/5096 5083/5083/5083 5097/5097/5097
f 5098/5098/5098 5097/5097/5097 5099/5099/5099
f 5097/5097/5097 5083/5083/5083 5099/5099/5099
f 5083/5083/5083 5082/5082/5082 5099/5099/5099
f 5082/5082/5082 5100/5100/5100 5099/5099/5099
f 5099/5099/5099 5100/5100/5100 5101/5101/5101
f 5100/5100/5100 5102/5102/5102 5101/5101/5101
f 5103/5103/5103 5104/5104/5104 5105/5105/5105
f 5104/5104/5104 5101/5101/5101 5105/5105/5105
f 5101/5101/5101 5102/5102/5102 5105/5105/5105
f 5105/5105/5105 5102/5102/5102 5106/5106/5106
f 5107/5107/5107 5106/5106/5106 5108/5108/5108
f 5106/5106/5106 5102/5102/5102 5108/5108/5108
f 5108/5108/5108 5102/5102/5102 5109/5109/5109
f 5102/5102/5102 5100/5100/5100 5109/5109/5109
f 5109/5109/5109 5100/5100/5100 5110/5110/5110
f 5100/5100/5100 5082/5082/5082 5110/5110/5110
f 5110/5110/5110 5082/5082/5082 5111/5111/5111
f 5082/5082/5082 5084/5084/5084 5111/5111/5111
f 5111/5111/5111 5084/5084/5084 5112/5112/5112
f 5084/5084/5084 5086/5086/5086 5112/5112/5112
f 5112/5112/5112 5086/5086/5086 5113/5113/5113
f 5086/5086/5086 5088/5088/5088 5113/5113/5113
f 5113/5113/5113 5088/5088/5088 5114/5114/5114
f 5088/5088/5088 5090/5090/5090 5114/5114/5114
f 5114/5114/5114 5090/5090/5090 5115/5115/5115
f 5090/5090/5090 5091/5091/5091 5115/5115/5115
f 5115/5115/5115 5091/5091/5091 5116/5116/5116
f 5091/5091/5091 5117/5117/5117 5116/5116/5116
f 5116/5116/5116 5117/5117/5117 5118/5118/5118
f 5117/5117/5117 5119/5119/5119 5118/5118/5118
f 5118/5118/5118 5119/5119/5119 5120/5120/5120
f 5119/5119/5119 5121/5121/5121 5120/5120/5120
f 5120/5120/5120 5121/5121/5121 5122/5122/5122
f 5121/5121/5121 5081/5081/5081 5122/5122/5122
f 5122/5122/5122 5081/5081/5081 5123/5123/5123
f 5081/5081/5081 5073/5073/5073 5123/5123/5123
f 5123/5123/5123 5073/5073/5073 5124/5124/5124
f 5124/5124/5124 5073/5073/5073 5125/5125/5125
f 5073/5073/5073 5075/5075/5075 5125/5125/5125
f 5125/5125/5125 5075/5075/5075 5126/5126/5126
f 5075/5075/5075 5127/5127/5127 5126/5126/5126
f 5126/5126/5126 5127/5127/5127 5128/5128/5128
f 5127/5127/5127 5129/5129/5129 5128/5128/5128
f 5128/5128/5128 5129/5129/5129 5130/5130/5130
f 5129/5129/5129 5131/5131/5131 5130/5130/5130
f 5130/5130/5130 5131/5131/5131 5132/5132/5132
f 5131/5131/5131 5072/5072/5072 5132/5132/5132
f 5132/5132/5132 5072/5072/5072 5133/5133/5133
f 5072/5072/5072 5048/5048/5048 5133/5133/5133
f 5133/5133/5133 5048/5048/5048 5134/5134/5134
f 5048/5048/5048 5050/5050/5050 5134/5134/5134
f 5134/5134/5134 5050/5050/5050 5135/5135/5135
f 5050/5050/5050 5052/5052/5052 5135/5135/5135
f 5135/5135/5135 5052/5052/5052 5136/5136/5136
f 5052/5052/5052 5054/5054/5054 5136/5136/5136
f 5136/5136/5136 5054/5054/5054 5137/5137/5137
f 5054/5054/5054 5056/5056/5056 5137/5137/5137
f 5137/5137/5137 5056/5056/5056 5138/5138/5138
f 5056/5056/5056 5063/5063/5063 5138/5138/5138
f 5138/5138/5138 5063/5063/5063 5139/5139/5139
f 5063/5063/5063 5058/5058/5058 5139/5139/5139
f 5139/5139/5139 5058/5058/5058 5140/5140/5140
f 5058/5058/5058 5057/5057/5057 5140/5140/5140
f 5140/5140/5140 5057/5057/5057 5141/5141/5141
f 5141/5141/5141 5057/5057/5057 5142/5142/5142
f 5143/5143/5143 5142/5142/5142 5144/5144/5144
f 5142/5142/5142 5057/5057/5057 5144/5144/5144
f 5057/5057/5057 5059/5059/5059 5144/5144/5144
f 5059/5059/5059 5060/5060/5060 5144/5144/5144
f 5144/5144/5144 5060/5060/5060 5145/5145/5145
f 5146/5146/5146 5147/5147/5147 5148/5148/5148
f 5147/5147/5147 5145/5145/5145 5148/5148/5148
f 5148/5148/5148 5145/5145/5145 5149/5149/5149
f 5145/5145/5145 5060/5060/5060 5149/5149/5149
f 5149/5149/5149 5060/5060/5060 5150/5150/5150
f 5060/5060/5060 5061/5061/5061 5150/5150/5150
f 5150/5150/5150 5061/5061/5061 5151/5151/5151
f 5061/5061/5061 5065/5065/5065 5151/5151/5151
f 5151/5151/5151 5065/5065/5065 5152/5152/5152
f 5065/5065/5065 5066/5066/5066 5152/5152/5152
f 5152/5152/5152 5066/5066/5066 5153/5153/5153
f 5066/5066/5066 5067/5067/5067 5153/5153/5153
f 5153/5153/5153 5067/5067/5067 5154/5154/5154
f 5067/5067/5067 5068/5068/5068 5154/5154/5154
f 5154/5154/5154 5068/5068/5068 5155/5155/5155
f 5068/5068/5068 5069/5069/5069 5155/5155/5155
f 5155/5155/5155 5069/5069/5069 5156/5156/5156
f 5069/5069/5069 5070/5070/5070 5156/5156/5156
f 5156/5156/5156 5070/5070/5070 5157/5157/5157
f 5070/5070/5070 5158/5158/5158 5157/5157/5157
f 5157/5157/5157 5158/5158/5158 5159/5159/5159
f 5158/5158/5158 5160/5160/5160 5159/5159/5159
f 5159/5159/5159 5160/5160/5160 5161/5161/5161
f 5160/5160/5160 5162/5162/5162 5161/5161/5161
f 5161/5161/5161 5162/5162/5162 5163/5163/5163
f 5162/5162/5162 5077/5077/5077 5163/5163/5163
f 5163/5163/5163 5077/5077/5077 5164/5164/5164
f 5077/5077/5077 5078/5078/5078 5164/5164/5164
f 5078/5078/5078 5079/5079/5079 5164/5164/5164
f 5164/5164/5164 5079/5079/5079 5165/5165/5165
f 5079/5079/5079 5166/5166/5166 5165/5165/5165
f 5165/5165/5165 5166/5166/5166 5167/5167/5167
f 5166/5166/5166 5168/5168/5168 5167/5167/5167
f 5167/5167/5167 5168/5168/5168 5169/5169/5169
f 5168/5168/5168 5170/5170/5170 5169/5169/5169
f 5169/5169/5169 5170/5170/5170 5171/5171/5171
f 5170/5170/5170 5093/5093/5093 5171/5171/5171
f 5171/5171/5171 5093/5093/5093 5172/5172/5172
f 5093/5093/5093 5094/5094/5094 5172/5172/5172
f 5172/5172/5172 5094/5094/5094 5173/5173/5173
f 5094/5094/5094 5095/5095/5095 5173/5173/5173
f 5173/5173/5173 5095/5095/5095 5174/5174/5174
f 5095/5095/5095 5096/5096/5096 5174/5174/5174
f 5174/5174/5174 5096/5096/5096 5175/5175/5175
f 5096/5096/5096 5097/5097/5097 5175/5175/5175
f 5175/5175/5175 5097/5097/5097 5176/5176/5176
f 5097/5097/5097 5098/5098/5098 5176/5176/5176
f 5176/5176/5176 5098/5098/5098 5177/5177/5177
f 5098/5098/5098 5104/5104/5104 5177/5177/5177
f 5177/5177/5177 5104/5104/5104 5178/5178/5178
f 5104/5104/5104 5103/5103/5103 5178/5178/5178
f 5178/5178/5178 5103/5103/5103 5179/5179/5179
f 5180/5180/5180 5181/5181/5181 5182/5182/5182
f 5182/5182/5182 5181/5181/5181 5183/5183/5183
f 5181/5181/5181 5179/5179/5179 5183/5183/5183
f 5179/5179/5179 5103/5103/5103 5183/5183/5183
f 5183/5183/5183 5103/5103/5103 5184/5184/5184
f 5103/5103/5103 5105/5105/5105 5184/5184/5184
f 5105/5105/5105 5106/5106/5106 5184/5184/5184
f 5185/5185/5185 5184/5184/5184 5186/5186/5186
f 5184/5184/5184 5106/5106/5106 5186/5186/5186
f 5106/5106/5106 5107/5107/5107 5186/5186/5186
f 5187/5187/5187 5188/5188/5188 5189/5189/5189
f 5189/5189/5189 5188/5188/5188 5190/5190/5190
f 5188/5188/5188 5191/5191/5191 5190/5190/5190
f 5190/5190/5190 5191/5191/5191 5192/5192/5192
f 5193/5193/5193 5192/5192/5192 5194/5194/5194
f 5192/5192/5192 5191/5191/5191 5194/5194/5194
f 5194/5194/5194 5191/5191/5191 5195/5195/5195
f 5195/5195/5195 5191/5191/5191 5196/5196/5196
f 5191/5191/5191 5188/5188/5188 5196/5196/5196
f 5196/5196/5196 5188/5188/5188 5197/5197/5197
f 5188/5188/5188 5187/5187/5187 5197/5197/5197
f 5197/5197/5197 5187/5187/5187 5198/5198/5198
f 5199/5199/5199 5198/5198/5198 5200/5200/5200
f 5198/5198/5198 5187/5187/5187 5200/5200/5200
f 5200/5200/5200 5187/5187/5187 5201/5201/5201
f 5187/5187/5187 5189/5189/5189 5201/5201/5201
f 5202/5202/5202 5201/5201/5201 5203/5203/5203
f 5201/5201/5201 5189/5189/5189 5203/5203/5203
f 5203/5203/5203 5189/5189/5189 5204/5204/5204
f 5189/5189/5189 5190/5190/5190 5204/5204/5204
f 5204/5204/5204 5190/5190/5190 5205/5205/5205
f 5190/5190/5190 5192/5192/5192 5205/5205/5205
f 5205/5205/5205 5192/5192/5192 5206/5206/5206
f 5192/5192/5192 5193/5193/5193 5206/5206/5206
f 5206/5206/5206 5193/5193/5193 5207/5207/5207
f 5208/5208/5208 5207/5207/5207 5209/5209/5209
f 5207/5207/5207 5193/5193/5193 5209/5209/5209
f 5209/5209/5209 5193/5193/5193 5210/5210/5210
f 5193/5193/5193 5194/5194/5194 5210/5210/5210
f 5211/5211/5211 5212/5212/5212 5213/5213/5213
f 5213/5213/5213 5212/5212/5212 5214/5214/5214
f 5212/5212/5212 5210/5210/5210 5214/5214/5214
f 5214/5214/5214 5210/5210/5210 5215/5215/5215
f 5210/5210/5210 5194/5194/5194 5215/5215/5215
f 5194/5194/5194 5195/5195/5195 5215/5215/5215
f 5215/5215/5215 5195/5195/5195 5216/5216/5216
f 5216/5216/5216 5195/5195/5195 5217/5217/5217
f 5195/5195/5195 5196/5196/5196 5217/5217/5217
f 5217/5217/5217 5196/5196/5196 5218/5218/5218
f 5196/5196/5196 5197/5197/5197 5218/5218/5218
f 5218/5218/5218 5197/5197/5197 5219/5219/5219
f 5197/5197/5197 5198/5198/5198 5219/5219/5219
f 5219/5219/5219 5198/5198/5198 5220/5220/5220
f 5198/5198/5198 5199/5199/5199 5220/5220/5220
f 5220/5220/5220 5199/5199/5199 5221/5221/5221
f 5222/5222/5222 5221/5221/5221 5223/5223/5223
f 5221/5221/5221 5199/5199/5199 5223/5223/5223
f 5224/5224/5224 5225/5225/5225 5226/5226/5226
f 5226/5226/5226 5225/5225/5225 5227/5227/5227
f 5225/5225/5225 5223/5223/5223 5227/5227/5227
f 5227/5227/5227 5223/5223/5223 5228/5228/5228
f 5223/5223/5223 5199/5199/5199 5228/5228/5228
f 5199/5199/5199 5200/5200/5200 5228/5228/5228
f 5228/5228/5228 5200/5200/5200 5229/5229/5229
f 5200/5200/5200 5201/5201/5201 5229/5229/5229
f 5201/5201/5201 5202/5202/5202 5229/5229/5229
f 5230/5230/5230 5231/5231/5231 5232/5232/5232
f 5231/5231/5231 5233/5233/5233 5232/5232/5232
f 5232/5232/5232 5233/5233/5233 5234/5234/5234
f 5233/5233/5233 5235/5235/5235 5234/5234/5234
f 5234/5234/5234 5235/5235/5235 5236/5236/5236
f 5235/5235/5235 5237/5237/5237 5236/5236/5236
f 5236/5236/5236 5237/5237/5237 5238/5238/5238
f 5237/5237/5237 5239/5239/5239 5238/5238/5238
f 5238/5238/5238 5239/5239/5239 5240/5240/5240
f 5239/5239/5239 5241/5241/5241 5240/5240/5240
f 5240/5240/5240 5241/5241/5241 5242/5242/5242
f 5241/5241/5241 5243/5243/5243 5242/5242/5242
f 5242/5242/5242 5243/5243/5243 5244/5244/5244
f 5243/5243/5243 5245/5245/5245 5244/5244/5244
f 5244/5244/5244 5245/5245/5245 5246/5246/5246
f 5245/5245/5245 5247/5247/5247 5246/5246/5246
f 5246/5246/5246 5247/5247/5247 5248/5248/5248
f 5248/5248/5248 5247/5247/5247 5249/5249/5249
f 5250/5250/5250 5251/5251/5251 5252/5252/5252
f 5252/5252/5252 5251/5251/5251 5253/5253/5253
f 5254/5254/5254 5253/5253/5253 5255/5255/5255
f 5253/5253/5253 5251/5251/5251 5255/5255/5255
f 5255/5255/5255 5251/5251/5251 5256/5256/5256
f 5251/5251/5251 5249/5249/5249 5256/5256/5256
f 5256/5256/5256 5249/5249/5249 5257/5257/5257
f 5249/5249/5249 5247/5247/5247 5257/5257/5257
f 5257/5257/5257 5247/5247/5247 5258/5258/5258
f 5247/5247/5247 5245/5245/5245 5258/5258/5258
f 5258/5258/5258 5245/5245/5245 5259/5259/5259
f 5245/5245/5245 5243/5243/5243 5259/5259/5259
f 5259/5259/5259 5243/5243/5243 5260/5260/5260
f 5243/5243/5243 5241/5241/5241 5260/5260/5260
f 5260/5260/5260 5241/5241/5241 5261/5261/5261
f 5241/5241/5241 5239/5239/5239 5261/5261/5261
f 5261/5261/5261 5239/5239/5239 5262/5262/5262
f 5239/5239/5239 5237/5237/5237 5262/5262/5262
f 5262/5262/5262 5237/5237/5237 5263/5263/5263
f 5237/5237/5237 5235/5235/5235 5263/5263/5263
f 5263/5263/5263 5235/5235/5235 5264/5264/5264
f 5235/5235/5235 5233/5233/5233 5264/5264/5264
f 5264/5264/5264 5233/5233/5233 5265/5265/5265
f 5233/5233/5233 5231/5231/5231 5265/5265/5265
f 5265/5265/5265 5231/5231/5231 5266/5266/5266
f 5267/5267/5267 5268/5268/5268 5269/5269/5269
f 5269/5269/5269 5268/5268/5268 5270/5270/5270
f 5271/5271/5271 5272/5272/5272 5273/5273/5273
f 5274/5274/5274 5275/5275/5275 5276/5276/5276
f 5275/5275/5275 5273/5273/5273 5276/5276/5276
f 5273/5273/5273 5272/5272/5272 5276/5276/5276
f 5272/5272/5272 5277/5277/5277 5276/5276/5276
f 5276/5276/5276 5277/5277/5277 5278/5278/5278
f 5277/5277/5277 5270/5270/5270 5278/5278/5278
f 5270/5270/5270 5268/5268/5268 5278/5278/5278
f 5278/5278/5278 5268/5268/5268 5279/5279/5279
f 5279/5279/5279 5268/5268/5268 5280/5280/5280
f 5268/5268/5268 5267/5267/5267 5280/5280/5280
f 5280/5280/5280 5267/5267/5267 5281/5281/5281
f 5267/5267/5267 5282/5282/5282 5281/5281/5281
f 5281/5281/5281 5282/5282/5282 5283/5283/5283
f 5282/5282/5282 5284/5284/5284 5283/5283/5283
f 5283/5283/5283 5284/5284/5284 5285/5285/5285
f 5284/5284/5284 5286/5286/5286 5285/5285/5285
f 5285/5285/5285 5286/5286/5286 5287/5287/5287
f 5286/5286/5286 5288/5288/5288 5287/5287/5287
f 5287/5287/5287 5288/5288/5288 5289/5289/5289
f 5288/5288/5288 5290/5290/5290 5289/5289/5289
f 5289/5289/5289 5290/5290/5290 5291/5291/5291
f 5292/5292/5292 5291/5291/5291 5293/5293/5293
f 5291/5291/5291 5290/5290/5290 5293/5293/5293
f 5294/5294/5294 5293/5293/5293 5295/5295/5295
f 5293/5293/5293 5290/5290/5290 5295/5295/5295
f 5295/5295/5295 5290/5290/5290 5296/5296/5296
f 5290/5290/5290 5288/5288/5288 5296/5296/5296
f 5296/5296/5296 5288/5288/5288 5297/5297/5297
f 5288/5288/5288 5286/5286/5286 5297/5297/5297
f 5297/5297/5297 5286/5286/5286 5298/5298/5298
f 5286/5286/5286 5284/5284/5284 5298/5298/5298
f 5298/5298/5298 5284/5284/5284 5299/5299/5299
f 5284/5284/5284 5282/5282/5282 5299/5299/5299
f 5299/5299/5299 5282/5282/5282 5300/5300/5300
f 5282/5282/5282 5267/5267/5267 5300/5300/5300
f 5267/5267/5267 5269/5269/5269 5300/5300/5300
f 5300/5300/5300 5269/5269/5269 5301/5301/5301
f 5301/5301/5301 5269/5269/5269 5302/5302/5302
f 5269/5269/5269 5270/5270/5270 5302/5302/5302
f 5302/5302/5302 5270/5270/5270 5303/5303/5303
f 5270/5270/5270 5277/5277/5277 5303/5303/5303
f 5303/5303/5303 5277/5277/5277 5304/5304/5304
f 5277/5277/5277 5272/5272/5272 5304/5304/5304
f 5304/5304/5304 5272/5272/5272 5305/5305/5305
f 5272/5272/5272 5271/5271/5271 5305/5305/5305
f 5305/5305/5305 5271/5271/5271 5306/5306/5306
f 5271/5271/5271 5307/5307/5307 5306/5306/5306
f 5306/5306/5306 5307/5307/5307 5308/5308/5308
f 5309/5309/5309 5308/5308/5308 5310/5310/5310
f 5308/5308/5308 5307/5307/5307 5310/5310/5310
f 5310/5310/5310 5307/5307/5307 5311/5311/5311
f 5311/5311/5311 5307/5307/5307 5312/5312/5312
f 5307/5307/5307 5271/5271/5271 5312/5312/5312
f 5271/5271/5271 5273/5273/5273 5312/5312/5312
f 5312/5312/5312 5273/5273/5273 5313/5313/5313
f 5273/5273/5273 5275/5275/5275 5313/5313/5313
f 5314/5314/5314 5313/5313/5313 5315/5315/5315
f 5315/5315/5315 5313/5313/5313 5316/5316/5316
f 5313/5313/5313 5275/5275/5275 5316/5316/5316
f 5316/5316/5316 5275/5275/5275 5317/5317/5317
f 5275/5275/5275 5274/5274/5274 5317/5317/5317
f 5317/5317/5317 5274/5274/5274 5318/5318/5318
f 5274/5274/5274 5279/5279/5279 5318/5318/5318
f 5318/5318/5318 5279/5279/5279 5319/5319/5319
f 5279/5279/5279 5280/5280/5280 5319/5319/5319
f 5319/5319/5319 5280/5280/5280 5320/5320/5320
f 5280/5280/5280 5281/5281/5281 5320/5320/5320
f 5320/5320/5320 5281/5281/5281 5321/5321/5321
f 5281/5281/5281 5283/5283/5283 5321/5321/5321
f 5321/5321/5321 5283/5283/5283 5322/5322/5322
f 5283/5283/5283 5285/5285/5285 5322/5322/5322
f 5322/5322/5322 5285/5285/5285 5323/5323/5323
f 5285/5285/5285 5287/5287/5287 5323/5323/5323
f 5323/5323/5323 5287/5287/5287 5324/5324/5324
f 5287/5287/5287 5289/5289/5289 5324/5324/5324
f 5324/5324/5324 5289/5289/5289 5325/5325/5325
f 5289/5289/5289 5291/5291/5291 5325/5325/5325
f 5325/5325/5325 5291/5291/5291 5326/5326/5326
f 5291/5291/5291 5292/5292/5292 5326/5326/5326
f 5326/5326/5326 5292/5292/5292 5327/5327/5327
f 5328/5328/5328 5329/5329/5329 5330/5330/5330
f 5330/5330/5330 5329/5329/5329 5331/5331/5331
f 5329/5329/5329 5327/5327/5327 5331/5331/5331
f 5327/5327/5327 5292/5292/5292 5331/5331/5331
f 5332/5332/5332 5331/5331/5331 5333/5333/5333
f 5333/5333/5333 5331/5331/5331 5334/5334/5334
f 5331/5331/5331 5292/5292/5292 5334/5334/5334
f 5292/5292/5292 5293/5293/5293 5334/5334/5334
f 5293/5293/5293 5294/5294/5294 5334/5334/5334
f 5294/5294/5294 5266/5266/5266 5334/5334/5334
f 5334/5334/5334 5266/5266/5266 5335/5335/5335
f 5266/5266/5266 5231/5231/5231 5335/5335/5335
f 5231/5231/5231 5230/5230/5230 5335/5335/5335
f 5336/5336/5336 5335/5335/5335 5337/5337/5337
f 5337/5337/5337 5335/5335/5335 5338/5338/5338
f 5335/5335/5335 5230/5230/5230 5338/5338/5338
f 5339/5339/5339 5338/5338/5338 5340/5340/5340
f 5338/5338/5338 5230/5230/5230 5340/5340/5340
f 5340/5340/5340 5230/5230/5230 5341/5341/5341
f 5230/5230/5230 5232/5232/5232 5341/5341/5341
f 5341/5341/5341 5232/5232/5232 5342/5342/5342
f 5232/5232/5232 5234/5234/5234 5342/5342/5342
f 5342/5342/5342 5234/5234/5234 5343/5343/5343
f 5234/5234/5234 5236/5236/5236 5343/5343/5343
f 5343/5343/5343 5236/5236/5236 5344/5344/5344
f 5236/5236/5236 5238/5238/5238 5344/5344/5344
f 5344/5344/5344 5238/5238/5238 5345/5345/5345
f 5238/5238/5238 5240/5240/5240 5345/5345/5345
f 5345/5345/5345 5240/5240/5240 5346/5346/5346
f 5240/5240/5240 5242/5242/5242 5346/5346/5346
f 5346/5346/5346 5242/5242/5242 5347/5347/5347
f 5242/5242/5242 5244/5244/5244 5347/5347/5347
f 5347/5347/5347 5244/5244/5244 5348/5348/5348
f 5244/5244/5244 5246/5246/5246 5348/5348/5348
f 5348/5348/5348 5246/5246/5246 5349/5349/5349
f 5246/5246/5246 5248/5248/5248 5349/5349/5349
f 5349/5349/5349 5248/5248/5248 5350/5350/5350
f 5248/5248/5248 5250/5250/5250 5350/5350/5350
f 5350/5350/5350 5250/5250/5250 5351/5351/5351
f 5250/5250/5250 5252/5252/5252 5351/5351/5351
f 5351/5351/5351 5252/5252/5252 5352/5352/5352
f 5353/5353/5353 5354/5354/5354 5355/5355/5355
f 5354/5354/5354 5352/5352/5352 5355/5355/5355
f 5352/5352/5352 5252/5252/5252 5355/5355/5355
f 5252/5252/5252 5253/5253/5253 5355/5355/5355
f 5355/5355/5355 5253/5253/5253 5356/5356/5356
f 5253/5253/5253 5254/5254/5254 5356/5356/5356
f 5254/5254/5254 5357/5357/5357 5356/5356/5356
f 5356/5356/5356 5357/5357/5357 5358/5358/5358
f 5358/5358/5358 5357/5357/5357 5359/5359/5359
f 5360/5360/5360 5359/5359/5359 5361/5361/5361
f 5359/5359/5359 5357/5357/5357 5361/5361/5361
f 5361/5361/5361 5357/5357/5357 5362/5362/5362
f 5357/5357/5357 5254/5254/5254 5362/5362/5362
f 5362/5362/5362 5254/5254/5254 5363/5363/5363
f 5254/5254/5254 5255/5255/5255 5363/5363/5363
f 5363/5363/5363 5255/5255/5255 5364/5364/5364
f 5255/5255/5255 5256/5256/5256 5364/5364/5364
f 5364/5364/5364 5256/5256/5256 5365/5365/5365
f 5256/5256/5256 5257/5257/5257 5365/5365/5365
f 5365/5365/5365 5257/5257/5257 5366/5366/5366
f 5257/5257/5257 5258/5258/5258 5366/5366/5366
f 5366/5366/5366 5258/5258/5258 5367/5367/5367
f 5258/5258/5258 5259/5259/5259 5367/5367/5367
f 5367/5367/5367 5259/5259/5259 5368/5368/5368
f 5259/5259/5259 5260/5260/5260 5368/5368/5368
f 5368/5368/5368 5260/5260/5260 5369/5369/5369
f 5260/5260/5260 5261/5261/5261 5369/5369/5369
f 5369/5369/5369 5261/5261/5261 5370/5370/5370
f 5261/5261/5261 5262/5262/5262 5370/5370/5370
f 5370/5370/5370 5262/5262/5262 5371/5371/5371
f 5262/5262/5262 5263/5263/5263 5371/5371/5371
f 5371/5371/5371 5263/5263/5263 5372/5372/5372
f 5263/5263/5263 5264/5264/5264 5372/5372/5372
f 5372/5372/5372 5264/5264/5264 5373/5373/5373
f 5264/5264/5264 5265/5265/5265 5373/5373/5373
f 5373/5373/5373 5265/5265/5265 5374/5374/5374
f 5265/5265/5265 5266/5266/5266 5374/5374/5374
f 5266/5266/5266 5294/5294/5294 5374/5374/5374
f 5374/5374/5374 5294/5294/5294 5375/5375/5375
f 5294/5294/5294 5295/5295/5295 5375/5375/5375
f 5375/5375/5375 5295/5295/5295 5376/5376/5376
f 5295/5295/5295 5296/5296/5296 5376/5376/5376
f 5376/5376/5376 5296/5296/5296 5377/5377/5377
f 5296/5296/5296 5297/5297/5297 5377/5377/5377
f 5377/5377/5377 5297/5297/5297 5378/5378/5378
f 5297/5297/5297 5298/5298/5298 5378/5378/5378
f 5378/5378/5378 5298/5298/5298 5379/5379/5379
f 5298/5298/5298 5299/5299/5299 5379/5379/5379
f 5379/5379/5379 5299/5299/5299 5380/5380/5380
f 5299/5299/5299 5300/5300/5300 5380/5380/5380
f 5300/5300/5300 5301/5301/5301 5380/5380/5380
f 5381/5381/5381 5382/5382/5382 5383/5383/5383
f 5382/5382/5382 5384/5384/5384 5383/5383/5383
f 5385/5385/5385 5386/5386/5386 5387/5387/5387
f 5386/5386/5386 5388/5388/5388 5387/5387/5387
f 5389/5389/5389 5390/5390/5390 5391/5391/5391
f 5390/5390/5390 5392/5392/5392 5391/5391/5391
f 5391/5391/5391 5392/5392/5392 5393/5393/5393
f 5392/5392/5392 5394/5394/5394 5393/5393/5393
f 5395/5395/5395 5396/5396/5396 5397/5397/5397
f 5396/5396/5396 5398/5398/5398 5397/5397/5397
f 5399/5399/5399 5400/5400/5400 5401/5401/5401
f 5401/5401/5401 5400/5400/5400 5402/5402/5402
f 5400/5400/5400 5403/5403/5403 5402/5402/5402
f 5402/5402/5402 5403/5403/5403 5404/5404/5404
f 5403/5403/5403 5405/5405/5405 5404/5404/5404
f 5404/5404/5404 5405/5405/5405 5406/5406/5406
f 5406/5406/5406 5405/5405/5405 5407/5407/5407
f 5408/5408/5408 5409/5409/5409 5410/5410/5410
f 5409/5409/5409 5407/5407/5407 5410/5410/5410
f 5407/5407/5407 5405/5405/5405 5410/5410/5410
f 5411/5411/5411 5412/5412/5412 5413/5413/5413
f 5412/5412/5412 5414/5414/5414 5413/5413/5413
f 5415/5415/5415 5416/5416/5416 5417/5417/5417
f 5416/5416/5416 5418/5418/5418 5417/5417/5417
f 5417/5417/5417 5418/5418/5418 5419/5419/5419
f 5420/5420/5420 5421/5421/5421 5422/5422/5422
f 5422/5422/5422 5421/5421/5421 5423/5423/5423
f 5421/5421/5421 5424/5424/5424 5423/5423/5423
f 5423/5423/5423 5424/5424/5424 5425/5425/5425
f 5424/5424/5424 5419/5419/5419 5425/5425/5425
f 5425/5425/5425 5419/5419/5419 5426/5426/5426
f 5419/5419/5419 5418/5418/5418 5426/5426/5426
f 5427/5427/5427 5428/5428/5428 5429/5429/5429
f 5430/5430/5430 5431/5431/5431 5432/5432/5432
f 5431/5431/5431 5429/5429/5429 5432/5432/5432
f 5429/5429/5429 5428/5428/5428 5432/5432/5432
f 5433/5433/5433 5434/5434/5434 5435/5435/5435
f 5436/5436/5436 5437/5437/5437 5438/5438/5438
f 5437/5437/5437 5435/5435/5435 5438/5438/5438
f 5435/5435/5435 5434/5434/5434 5438/5438/5438
f 5439/5439/5439 5440/5440/5440 5441/5441/5441
f 5442/5442/5442 5443/5443/5443 5444/5444/5444
f 5443/5443/5443 5441/5441/5441 5444/5444/5444
f 5441/5441/5441 5440/5440/5440 5444/5444/5444
f 5445/5445/5445 5446/5446/5446 5447/5447/5447
f 5448/5448/5448 5449/5449/5449 5450/5450/5450
f 5449/5449/5449 5447/5447/5447 5450/5450/5450
f 5447/5447/5447 5446/5446/5446 5450/5450/5450
f 5451/5451/5451 5452/5452/5452 5453/5453/5453
f 5452/5452/5452 5454/5454/5454 5453/5453/5453
f 5453/5453/5453 5454/5454/5454 5455/5455/5455
f 5456/5456/5456 5457/5457/5457 5458/5458/5458
f 5458/5458/5458 5457/5457/5457 5459/5459/5459
f 5457/5457/5457 5460/5460/5460 5459/5459/5459
f 5459/5459/5459 5460/5460/5460 5461/5461/5461
f 5460/5460/5460 5455/5455/5455 5461/5461/5461
f 5461/5461/5461 5455/5455/5455 5462/5462/5462
f 5455/5455/5455 5454/5454/5454 5462/5462/5462
f 5463/5463/5463 5464/5464/5464 5465/5465/5465
f 5466/5466/5466 5465/5465/5465 5467/5467/5467
f 5465/5465/5465 5464/5464/5464 5467/5467/5467
f 5467/5467/5467 5464/5464/5464 5468/5468/5468
f 5468/5468/5468 5464/5464/5464 5469/5469/5469
f 5470/5470/5470 5471/5471/5471 5472/5472/5472
f 5472/5472/5472 5471/5471/5471 5473/5473/5473
f 5471/5471/5471 5469/5469/5469 5473/5473/5473
f 5469/5469/5469 5464/5464/5464 5473/5473/5473
f 5464/5464/5464 5463/5463/5463 5473/5473/5473
f 5474/5474/5474 5475/5475/5475 5476/5476/5476
f 5477/5477/5477 5478/5478/5478 5479/5479/5479
f 5478/5478/5478 5476/5476/5476 5479/5479/5479
f 5476/5476/5476 5475/5475/5475 5479/5479/5479
f 5480/5480/5480 5481/5481/5481 5482/5482/5482
f 5483/5483/5483 5482/5482/5482 5484/5484/5484
f 5482/5482/5482 5481/5481/5481 5484/5484/5484
f 5484/5484/5484 5481/5481/5481 5485/5485/5485
f 5485/5485/5485 5481/5481/5481 5486/5486/5486
f 5487/5487/5487 5486/5486/5486 5488/5488/5488
f 5486/5486/5486 5481/5481/5481 5488/5488/5488
f 5481/5481/5481 5480/5480/5480 5488/5488/5488
f 5489/5489/5489 5490/5490/5490 5491/5491/5491
f 5492/5492/5492 5493/5493/5493 5494/5494/5494
f 5494/5494/5494 5493/5493/5493 5495/5495/5495
f 5495/5495/5495 5493/5493/5493 5496/5496/5496
f 5493/5493/5493 5491/5491/5491 5496/5496/5496
f 5491/5491/5491 5490/5490/5490 5496/5496/5496
f 5497/5497/5497 5498/5498/5498 5499/5499/5499
f 5500/5500/5500 5501/5501/5501 5502/5502/5502
f 5501/5501/5501 5499/5499/5499 5502/5502/5502
f 5499/5499/5499 5498/5498/5498 5502/5502/5502
f 5503/5503/5503 5504/5504/5504 5505/5505/5505
f 5506/5506/5506 5507/5507/5507 5508/5508/5508
f 5507/5507/5507 5505/5505/5505 5508/5508/5508
f 5505/5505/5505 5504/5504/5504 5508/5508/5508
f 5509/5509/5509 5510/5510/5510 5511/5511/5511
f 5510/5510/5510 5512/5512/5512 5511/5511/5511
f 5511/5511/5511 5512/5512/5512 5513/5513/5513
f 5512/5512/5512 5514/5514/5514 5513/5513/5513
f 5515/5515/5515 5516/5516/5516 5517/5517/5517
f 5518/5518/5518 5519/5519/5519 5520/5520/5520
f 5519/5519/5519 5517/5517/5517 5520/5520/5520
f 5517/5517/5517 5516/5516/5516 5520/5520/5520
f 5521/5521/5521 5522/5522/5522 5523/5523/5523
f 5524/5524/5524 5523/5523/5523 5525/5525/5525
f 5523/5523/5523 5522/5522/5522 5525/5525/5525
f 5525/5525/5525 5522/5522/5522 5526/5526/5526
f 5526/5526/5526 5522/5522/5522 5527/5527/5527
f 5528/5528/5528 5527/5527/5527 5529/5529/5529
f 5527/5527/5527 5522/5522/5522 5529/5529/5529
f 5522/5522/5522 5521/5521/5521 5529/5529/5529
f 5530/5530/5530 5531/5531/5531 5532/5532/5532
f 5533/5533/5533 5534/5534/5534 5535/5535/5535
f 5534/5534/5534 5532/5532/5532 5535/5535/5535
f 5532/5532/5532 5531/5531/5531 5535/5535/5535
f 5536/5536/5536 5537/5537/5537 5538/5538/5538
f 5539/5539/5539 5538/5538/5538 5540/5540/5540
f 5538/5538/5538 5537/5537/5537 5540/5540/5540
f 5540/5540/5540 5537/5537/5537 5541/5541/5541
f 5541/5541/5541 5537/5537/5537 5542/5542/5542
f 5543/5543/5543 5542/5542/5542 5544/5544/5544
f 5542/5542/5542 5537/5537/5537 5544/5544/5544
f 5537/5537/5537 5536/5536/5536 5544/5544/5544
f 5545/5545/5545 5546/5546/5546 5547/5547/5547
f 5548/5548/5548 5549/5549/5549 5550/5550/5550
f 5549/5549/5549 5547/5547/5547 5550/5550/5550
f 5547/5547/5547 5546/5546/5546 5550/5550/5550
f 5551/5551/5551 5552/5552/5552 5553/5553/5553
f 5552/5552/5552 5554/5554/5554 5553/5553/5553
f 5555/5555/5555 5556/5556/5556 5557/5557/5557
f 5556/5556/5556 5558/5558/5558 5557/5557/5557
f 5559/5559/5559 5560/5560/5560 5561/5561/5561
f 5560/5560/5560 5562/5562/5562 5561/5561/5561
f 5561/5561/5561 5562/5562/5562 5563/5563/5563
f 5562/5562/5562 5564/5564/5564 5563/5563/5563
f 5565/5565/5565 5566/5566/5566 5567/5567/5567
f 5566/5566/5566 5568/5568/5568 5567/5567/5567
f 5569/5569/5569 5570/5570/5570 5571/5571/5571
f 5571/5571/5571 5570/5570/5570 5572/5572/5572
f 5570/5570/5570 5573/5573/5573 5572/5572/5572
f 5572/5572/5572 5573/5573/5573 5574/5574/5574
f 5573/5573/5573 5575/5575/5575 5574/5574/5574
f 5574/5574/5574 5575/5575/5575 5576/5576/5576
f 5576/5576/5576 5575/5575/5575 5577/5577/5577
f 5578/5578/5578 5579/5579/5579 5580/5580/5580
f 5579/5579/5579 5577/5577/5577 5580/5580/5580
f 5577/5577/5577 5575/5575/5575 5580/5580/5580
f 5581/5581/5581 5582/5582/5582 5583/5583/5583
f 5582/5582/5582 5584/5584/5584 5583/5583/5583
f 5585/5585/5585 5586/5586/5586 5587/5587/5587
f 5586/5586/5586 5588/5588/5588 5587/5587/5587
f 5587/5587/5587 5588/5588/5588 5589/5589/5589
f 5590/5590/5590 5591/5591/5591 5592/5592/5592
f 5592/5592/5592 5591/5591/5591 5593/5593/5593
f 5591/5591/5591 5594/5594/5594 5593/5593/5593
f 5593/5593/5593 5594/5594/5594 5595/5595/5595
f 5594/5594/5594 5589/5589/5589 5595/5595/5595
f 5595/5595/5595 5589/5589/5589 5596/5596/5596
f 5589/5589/5589 5588/5588/5588 5596/5596/5596
f 5597/5597/5597 5598/5598/5598 5599/5599/5599
f 5600/5600/5600 5601/5601/5601 5602/5602/5602
f 5601/5601/5601 5599/5599/5599 5602/5602/5602
f 5599/5599/5599 5598/5598/5598 5602/5602/5602
f 5603/5603/5603 5604/5604/5604 5605/5605/5605
f 5606/5606/5606 5607/5607/5607 5608/5608/5608
f 5607/5607/5607 5605/5605/5605 5608/5608/5608
f 5605/5605/5605 5604/5604/5604 5608/5608/5608
f 5609/5609/5609 5610/5610/5610 5611/5611/5611
f 5612/5612/5612 5613/5613/5613 5614/5614/5614
f 5613/5613/5613 5611/5611/5611 5614/5614/5614
f 5611/5611/5611 5610/5610/5610 5614/5614/5614
f 5615/5615/5615 5616/5616/5616 5617/5617/5617
f 5618/5618/5618 5619/5619/5619 5620/5620/5620
f 5619/5619/5619 5617/5617/5617 5620/5620/5620
f 5617/5617/5617 5616/5616/5616 5620/5620/5620
f 5621/5621/5621 5622/5622/5622 5623/5623/5623
f 5622/5622/5622 5624/5624/5624 5623/5623/5623
f 5623/5623/5623 5624/5624/5624 5625/5625/5625
f 5626/5626/5626 5627/5627/5627 5628/5628/5628
f 5628/5628/5628 5627/5627/5627 5629/5629/5629
f 5627/5627/5627 5630/5630/5630 5629/5629/5629
f 5629/5629/5629 5630/5630/5630 5631/5631/5631
f 5630/5630/5630 5625/5625/5625 5631/5631/5631
f 5631/5631/5631 5625/5625/5625 5632/5632/5632
f 5625/5625/5625 5624/5624/5624 5632/5632/5632
f 5633/5633/5633 5634/5634/5634 5635/5635/5635
f 5636/5636/5636 5635/5635/5635 5637/5637/5637
f 5635/5635/5635 5634/5634/5634 5637/5637/5637
f 5637/5637/5637 5634/5634/5634 5638/5638/5638
f 5638/5638/5638 5634/5634/5634 5639/5639/5639
f 5640/5640/5640 5641/5641/5641 5642/5642/5642
f 5642/5642/5642 5641/5641/5641 5643/5643/5643
f 5641/5641/5641 5639/5639/5639 5643/5643/5643
f 5639/5639/5639 5634/5634/5634 5643/5643/5643
f 5634/5634/5634 5633/5633/5633 5643/5643/5643
f 5644/5644/5644 5645/5645/5645 5646/5646/5646
f 5647/5647/5647 5648/5648/5648 5649/5649/5649
f 5648/5648/5648 5646/5646/5646 5649/5649/5649
f 5646/5646/5646 5645/5645/5645 5649/5649/5649
f 5650/5650/5650 5651/5651/5651 5652/5652/5652
f 5653/5653/5653 5652/5652/5652 5654/5654/5654
f 5652/5652/5652 5651/5651/5651 5654/5654/5654
f 5654/5654/5654 5651/5651/5651 5655/5655/5655
f 5655/5655/5655 5651/5651/5651 5656/5656/5656
f 5657/5657/5657 5656/5656/5656 5658/5658/5658
f 5656/5656/5656 5651/5651/5651 5658/5658/5658
f 5651/5651/5651 5650/5650/5650 5658/5658/5658
f 5659/5659/5659 5660/5660/5660 5661/5661/5661
f 5662/5662/5662 5663/5663/5663 5664/5664/5664
f 5664/5664/5664 5663/5663/5663 5665/5665/5665
f 5665/5665/5665 5663/5663/5663 5666/5666/5666
f 5663/5663/5663 5661/5661/5661 5666/5666/5666
f 5661/5661/5661 5660/5660/5660 5666/5666/5666
f 5667/5667/5667 5668/5668/5668 5669/5669/5669
f 5670/5670/5670 5671/5671/5671 5672/5672/5672
f 5671/5671/5671 5669/5669/5669 5672/5672/5672
f 5669/5669/5669 5668/5668/5668 5672/5672/5672
f 5673/5673/5673 5674/5674/5674 5675/5675/5675
f 5676/5676/5676 5677/5677/5677 5678/5678/5678
f 5677/5677/5677 5675/5675/5675 5678/5678/5678
f 5675/5675/5675 5674/5674/5674 5678/5678/5678
f 5679/5679/5679 5680/5680/5680 5681/5681/5681
f 5680/5680/5680 5682/5682/5682 5681/5681/5681
f 5681/5681/5681 5682/5682/5682 5683/5683/5683
f 5682/5682/5682 5684/5684/5684 5683/5683/5683
f 5685/5685/5685 5686/5686/5686 5687/5687/5687
f 5688/5688/5688 5689/5689/5689 5690/5690/5690
f 5689/5689/5689 5687/5687/5687 5690/5690/5690
f 5687/5687/5687 5686/5686/5686 5690/5690/5690
f 5691/5691/5691 5692/5692/5692 5693/5693/5693
f 5694/5694/5694 5693/5693/5693 5695/5695/5695
f 5693/5693/5693 5692/5692/5692 5695/5695/5695
f 5695/5695/5695 5692/5692/5692 5696/5696/5696
f 5696/5696/5696 5692/5692/5692 5697/5697/5697
f 5698/5698/5698 5697/5697/5697 5699/5699/5699
f 5697/5697/5697 5692/5692/5692 5699/5699/5699
f 5692/5692/5692 5691/5691/5691 5699/5699/5699
f 5700/5700/5700 5701/5701/5701 5702/5702/5702
f 5703/5703/5703 5704/5704/5704 5705/5705/5705
f 5704/5704/5704 5702/5702/5702 5705/5705/5705
f 5702/5702/5702 5701/5701/5701 5705/5705/5705
f 5706/5706/5706 5707/5707/5707 5708/5708/5708
f 5709/5709/5709 5708/5708/5708 5710/5710/5710
f 5708/5708/5708 5707/5707/5707 5710/5710/5710
f 5710/5710/5710 5707/5707/5707 5711/5711/5711
f 5711/5711/5711 5707/5707/5707 5712/5712/5712
f 5713/5713/5713 5712/5712/5712 5714/5714/5714
f 5712/5712/5712 5707/5707/5707 5714/5714/5714
f 5707/5707/5707 5706/5706/5706 5714/5714/5714
f 5715/5715/5715 5716/5716/5716 5717/5717/5717
f 5718/5718/5718 5719/5719/5719 5720/5720/5720
f 5719/5719/5719 5717/5717/5717 5720/5720/5720
f 5717/5717/5717 5716/5716/5716 5720/5720/5720
f 5721/5721/5721 5722/5722/5722 5723/5723/5723
f 5722/5722/5722 5724/5724/5724 5723/5723/5723
f 5725/5725/5725 5726/5726/5726 5727/5727/5727
f 5726/5726/5726 5728/5728/5728 5727/5727/5727
f 5729/5729/5729 5730/5730/5730 5731/5731/5731
f 5730/5730/5730 5732/5732/5732 5731/5731/5731
f 5731/5731/5731 5732/5732/5732 5733/5733/5733
f 5732/5732/5732 5734/5734/5734 5733/5733/5733
f 5735/5735/5735 5736/5736/5736 5737/5737/5737
f 5736/5736/5736 5738/5738/5738 5737/5737/5737
f 5739/5739/5739 5740/5740/5740 5741/5741/5741
f 5741/5741/5741 5740/5740/5740 5742/5742/5742
f 5740/5740/5740 5743/5743/5743 5742/5742/5742
f 5742/5742/5742 5743/5743/5743 5744/5744/5744
f 5743/5743/5743 5745/5745/5745 5744/5744/5744
f 5744/5744/5744 5745/5745/5745 5746/5746/5746
f 5746/5746/5746 5745/5745/5745 5747/5747/5747
f 5748/5748/5748 5749/5749/5749 5750/5750/5750
f 5749/5749/5749 5747/5747/5747 5750/5750/5750
f 5747/5747/5747 5745/5745/5745 5750/5750/5750
f 5751/5751/5751 5752/5752/5752 5753/5753/5753
f 5752/5752/5752 5754/5754/5754 5753/5753/5753
f 5755/5755/5755 5756/5756/5756 5757/5757/5757
f 5756/5756/5756 5758/5758/5758 5757/5757/5757
f 5757/5757/5757 5758/5758/5758 5759/5759/5759
f 5760/5760/5760 5761/5761/5761 5762/5762/5762
f 5762/5762/5762 5761/5761/5761 5763/5763/5763
f 5761/5761/5761 5764/5764/5764 5763/5763/5763
f 5763/5763/5763 5764/5764/5764 5765/5765/5765
f 5764/5764/5764 5759/5759/5759 5765/5765/5765
f 5765/5765/5765 5759/5759/5759 5766/5766/5766
f 5759/5759/5759 5758/5758/5758 5766/5766/5766
f 5767/5767/5767 5768/5768/5768 5769/5769/5769
f 5770/5770/5770 5771/5771/5771 5772/5772/5772
f 5771/5771/5771 5769/5769/5769 5772/5772/5772
f 5769/5769/5769 5768/5768/5768 5772/5772/5772
f 5773/5773/5773 5774/5774/5774 5775/5775/5775
f 5776/5776/5776 5777/5777/5777 5778/5778/5778
f 5777/5777/5777 5775/5775/5775 5778/5778/5778
f 5775/5775/5775 5774/5774/5774 5778/5778/5778
f 5779/5779/5779 5780/5780/5780 5781/5781/5781
f 5782/5782/5782 5783/5783/5783 5784/5784/5784
f 5783/5783/5783 5781/5781/5781 5784/5784/5784
f 5781/5781/5781 5780/5780/5780 5784/5784/5784
f 5785/5785/5785 5786/5786/5786 5787/5787/5787
f 5788/5788/5788 5789/5789/5789 5790/5790/5790
f 5789/5789/5789 5787/5787/5787 5790/5790/5790
f 5787/5787/5787 5786/5786/5786 5790/5790/5790
f 5791/5791/5791 5792/5792/5792 5793/5793/5793
f 5792/5792/5792 5794/5794/5794 5793/5793/5793
f 5793/5793/5793 5794/5794/5794 5795/5795/5795
f 5796/5796/5796 5797/5797/5797 5798/5798/5798
f 5798/5798/5798 5797/5797/5797 5799/5799/5799
f 5797/5797/5797 5800/5800/5800 5799/5799/5799
f 5799/5799/5799 5800/5800/5800 5801/5801/5801
f 5800/5800/5800 5795/5795/5795 5801/5801/5801
f 5801/5801/5801 5795/5795/5795 5802/5802/5802
f 5795/5795/5795 5794/5794/5794 5802/5802/5802
f 5803/5803/5803 5804/5804/5804 5805/5805/5805
f 5806/5806/5806 5805/5805/5805 5807/5807/5807
f 5805/5805/5805 5804/5804/5804 5807/5807/5807
f 5807/5807/5807 5804/5804/5804 5808/5808/5808
f 5808/5808/5808 5804/5804/5804 5809/5809/5809
f 5810/5810/5810 5811/5811/5811 5812/5812/5812
f 5812/5812/5812 5811/5811/5811 5813/5813/5813
f 5811/5811/5811 5809/5809/5809 5813/5813/5813
f 5809/5809/5809 5804/5804/5804 5813/5813/5813
f 5804/5804/5804 5803/5803/5803 5813/5813/5813
f 5814/5814/5814 5815/5815/5815 5816/5816/5816
f 5817/5817/5817 5818/5818/5818 5819/5819/5819
f 5818/5818/5818 5816/5816/5816 5819/5819/5819
f 5816/5816/5816 5815/5815/5815 5819/5819/5819
f 5820/5820/5820 5821/5821/5821 5822/5822/5822
f 5823/5823/5823 5822/5822/5822 5824/5824/5824
f 5822/5822/5822 5821/5821/5821 5824/5824/5824
f 5824/5824/5824 5821/5821/5821 5825/5825/5825
f 5825/5825/5825 5821/5821/5821 5826/5826/5826
f 5827/5827/5827 5826/5826/5826 5828/5828/5828
f 5826/5826/5826 5821/5821/5821 5828/5828/5828
f 5821/5821/5821 5820/5820/5820 5828/5828/5828
f 5829/5829/5829 5830/5830/5830 5831/5831/5831
f 5832/5832/5832 5833/5833/5833 5834/5834/5834
f 5834/5834/5834 5833/5833/5833 5835/5835/5835
f 5835/5835/5835 5833/5833/5833 5836/5836/5836
f 5833/5833/5833 5831/5831/5831 5836/5836/5836
f 5831/5831/5831 5830/5830/5830 5836/5836/5836
f 5837/5837/5837 5838/5838/5838 5839/5839/5839
f 5840/5840/5840 5841/5841/5841 5842/5842/5842
f 5841/5841/5841 5839/5839/5839 5842/5842/5842
f 5839/5839/5839 5838/5838/5838 5842/5842/5842
f 5843/5843/5843 5844/5844/5844 5845/5845/5845
f 5846/5846/5846 5847/5847/5847 5848/5848/5848
f 5847/5847/5847 5845/5845/5845 5848/5848/5848
f 5845/5845/5845 5844/5844/5844 5848/5848/5848
f 5849/5849/5849 5850/5850/5850 5851/5851/5851
f 5850/5850/5850 5852/5852/5852 5851/5851/5851
f 5851/5851/5851 5852/5852/5852 5853/5853/5853
f 5852/5852/5852 5854/5854/5854 5853/5853/5853
f 5855/5855/5855 5856/5856/5856 5857/5857/5857
f 5858/5858/5858 5859/5859/5859 5860/5860/5860
f 5859/5859/5859 5857/5857/5857 5860/5860/5860
f 5857/5857/5857 5856/5856/5856 5860/5860/5860
f 5861/5861/5861 5862/5862/5862 5863/5863/5863
f 5864/5864/5864 5863/5863/5863 5865/5865/5865
f 5863/5863/5863 5862/5862/5862 5865/5865/5865
f 5865/5865/5865 5862/5862/5862 5866/5866/5866
f 5866/5866/5866 5862/5862/5862 5867/5867/5867
f 5868/5868/5868 5867/5867/5867 5869/5869/5869
f 5867/5867/5867 5862/5862/5862 5869/5869/5869
f 5862/5862/5862 5861/5861/5861 5869/5869/5869
f 5870/5870/5870 5871/5871/5871 5872/5872/5872
f 5873/5873/5873 5874/5874/5874 5875/5875/5875
f 5874/5874/5874 5872/5872/5872 5875/5875/5875
f 5872/5872/5872 5871/5871/5871 5875/5875/5875
f 5876/5876/5876 5877/5877/5877 5878/5878/5878
f 5879/5879/5879 5878/5878/5878 5880/5880/5880
f 5878/5878/5878 5877/5877/5877 5880/5880/5880
f 5880/5880/5880 5877/5877/5877 5881/5881/5881
f 5881/5881/5881 5877/5877/5877 5882/5882/5882
f 5883/5883/5883 5882/5882/5882 5884/5884/5884
f 5882/5882/5882 5877/5877/5877 5884/5884/5884
f 5877/5877/5877 5876/5876/5876 5884/5884/5884
f 5885/5885/5885 5886/5886/5886 5887/5887/5887
f 5888/5888/5888 5889/5889/5889 5890/5890/5890
f 5889/5889/5889 5887/5887/5887 5890/5890/5890
f 5887/5887/5887 5886/5886/5886 5890/5890/5890
f 4121/4121/4121 4123/4123/4123 4119/4119/4119
f 3002/3002/3002 3003/3003/3003 3000/3000/3000

