mtllib material.mtl
usemtl blinn2SG
v 5.42439400 -0.75959100 0.06283500
v 5.42393900 -0.75752100 0.05148900
v 5.42413800 -0.76500800 0.07302300
v 5.42281600 -0.75899800 0.04009800
v 5.42319400 -0.77324100 0.08105900
v 5.42113500 -0.76388000 0.02977600
v 5.42165400 -0.78348300 0.08615200
v 5.41906000 -0.77168800 0.02153100
v 5.41967200 -0.79473200 0.08780600
v 5.41679500 -0.78165600 0.01617300
v 5.41743700 -0.80588800 0.08585900
v 5.41456100 -0.79281100 0.01422700
v 5.41517100 -0.81585700 0.08050200
v 5.41257800 -0.80406100 0.01588100
v 5.41309700 -0.82366500 0.07225800
v 5.41103900 -0.81430100 0.02097600
v 5.41141700 -0.82854700 0.06193600
v 5.41009500 -0.82253500 0.02901000
v 5.41029300 -0.83002300 0.05054300
v 5.40983700 -0.82795100 0.03919900
v 5.40244000 -0.75524100 0.06455000
v 5.40198000 -0.75315700 0.05312800
v 5.40218100 -0.76069500 0.07480600
v 5.40085000 -0.75464400 0.04165900
v 5.40123000 -0.76898300 0.08289500
v 5.39915800 -0.75955800 0.03126800
v 5.39968100 -0.77929300 0.08802400
v 5.39706800 -0.76741800 0.02296900
v 5.39768300 -0.79061800 0.08968800
v 5.39478900 -0.77745400 0.01757500
v 5.39543400 -0.80184800 0.08772900
v 5.39254000 -0.78868500 0.01561500
v 5.39315500 -0.81188500 0.08233500
v 5.39054300 -0.80000900 0.01728100
v 5.39106600 -0.81974500 0.07403700
v 5.38899200 -0.81032000 0.02240900
v 5.38937200 -0.82465900 0.06364400
v 5.38804200 -0.81860700 0.03049700
v 5.38824200 -0.82614600 0.05217600
v 5.38778400 -0.82406000 0.04075400
v 5.38634300 -0.55406400 0.12014800
v 5.38545800 -0.54473000 0.08472500
v 5.38609300 -0.56872400 0.15372700
v 5.38346000 -0.54095400 0.04833300
v 5.38471500 -0.58835200 0.18463900
v 5.38039900 -0.54282800 0.01186800
v 5.38154600 -0.57658800 0.11235900
v 5.38075400 -0.56822600 0.08062500
v 5.38132300 -0.58972200 0.14244300
v 5.38224300 -0.61246100 0.21211900
v 5.37896300 -0.56484200 0.04802100
v 5.38008800 -0.60730600 0.17013600
v 5.37635000 -0.55030500 -0.02377400
v 5.37622100 -0.56652200 0.01535200
v 5.37873700 -0.64046100 0.23549400
v 5.37787200 -0.62890500 0.19475600
v 5.37259300 -0.57322000 -0.01657900
v 5.37141200 -0.56320300 -0.05771400
v 5.37473300 -0.65399000 0.21569700
v 5.37428400 -0.67166000 0.25418600
v 5.36816900 -0.58477500 -0.04698500
v 5.36570700 -0.58120200 -0.08911600
v 5.37074300 -0.68194100 0.23244300
v 5.36305800 -0.60090100 -0.07511700
v 5.36899300 -0.70529000 0.26773600
v 5.35937600 -0.60386100 -0.11720700
v 5.36600300 -0.71207000 0.24458300
v 5.35738700 -0.62120100 -0.10028400
v 5.36299500 -0.74052400 0.27581000
v 5.36063000 -0.74363700 0.25181500
v 5.35257500 -0.63062100 -0.14129600
v 5.35129400 -0.64517500 -0.12186500
v 5.35643900 -0.77649500 0.27820800
v 5.35475400 -0.77586200 0.25396400
v 5.34547100 -0.66082200 -0.16078800
v 5.34492800 -0.67223300 -0.13932900
v 5.34948200 -0.81231600 0.27487300
v 5.34852400 -0.80795300 0.25097700
v 5.33823900 -0.69372300 -0.17520700
v 5.33845000 -0.70170700 -0.15224500
v 5.34209000 -0.83912000 0.24292500
v 5.34230000 -0.84710400 0.26588600
v 5.33201600 -0.73287400 -0.16029700
v 5.33105600 -0.72851200 -0.18419400
v 5.33560900 -0.86859500 0.23000900
v 5.33506800 -0.88000500 0.25146800
v 5.32578300 -0.76496600 -0.16328500
v 5.32410100 -0.76433300 -0.18752900
v 5.32924400 -0.89565300 0.21254400
v 5.32796400 -0.91020700 0.23197500
v 5.31990900 -0.79719200 -0.16113600
v 5.31754300 -0.80030300 -0.18513000
v 5.32315100 -0.91962600 0.19096300
v 5.31453600 -0.82875700 -0.15390300
v 5.32116100 -0.93696700 0.20788600
v 5.31555400 -0.73999700 -0.04243100
v 5.31555000 -0.73957800 -0.04249900
v 5.31553800 -0.73978500 -0.04177700
v 5.31553600 -0.73957400 -0.04181200
v 5.31552300 -0.74037500 -0.04224200
v 5.31551300 -0.73916100 -0.04244000
v 5.31552300 -0.73997600 -0.04168100
v 5.31551700 -0.73936200 -0.04178100
v 5.31549100 -0.74012800 -0.04153200
v 5.31546100 -0.74020400 -0.04308100
v 5.31548400 -0.73917100 -0.04168800
v 5.31545500 -0.73958900 -0.04318100
v 5.31546200 -0.74067600 -0.04194800
v 5.31544500 -0.73878400 -0.04225600
v 5.31544800 -0.74022700 -0.04134700
v 5.31541600 -0.74075900 -0.04280300
v 5.31543700 -0.73901900 -0.04154300
v 5.31540200 -0.73897500 -0.04309200
v 5.31541500 -0.73957300 -0.04113300
v 5.31539600 -0.74026100 -0.04114100
v 5.31538400 -0.73892300 -0.04135800
v 5.31537600 -0.74086900 -0.04158200
v 5.31535600 -0.73848600 -0.04196900
v 5.31532700 -0.74119900 -0.04237300
v 5.31534100 -0.74022900 -0.04093700
v 5.31530200 -0.73842100 -0.04282400
v 5.31532900 -0.73889100 -0.04115300
v 5.31526300 -0.74040000 -0.04371000
v 5.31525700 -0.73960400 -0.04383900
v 5.31528700 -0.74013100 -0.04075300
v 5.31527300 -0.74093700 -0.04117700
v 5.31527800 -0.73892500 -0.04094800
v 5.31525000 -0.73829500 -0.04160400
v 5.31520600 -0.74111900 -0.04335000
v 5.31518600 -0.73880900 -0.04372400
v 5.31524200 -0.73998000 -0.04060700
v 5.31523400 -0.73902300 -0.04076200
v 5.31520100 -0.74148500 -0.04183400
v 5.31520800 -0.73979000 -0.04051500
v 5.31520300 -0.73917600 -0.04061400
v 5.31516900 -0.73798400 -0.04240000
v 5.31519000 -0.73957800 -0.04048300
v 5.31518700 -0.73936700 -0.04051800
v 5.31516400 -0.74087200 -0.04077200
v 5.31514200 -0.73823000 -0.04119900
v 5.31508900 -0.74169200 -0.04279300
v 5.31505900 -0.73809200 -0.04337600
v 5.31505000 -0.74158600 -0.04123700
v 5.31505800 -0.74068200 -0.04040800
v 5.31503900 -0.73829800 -0.04079400
v 5.31501500 -0.73770300 -0.04186700
v 5.31496600 -0.74058200 -0.04430300
v 5.31495700 -0.73962400 -0.04445800
v 5.31497000 -0.74038300 -0.04012000
v 5.31489600 -0.74144600 -0.04386900
v 5.31492600 -0.74206000 -0.04209500
v 5.31495200 -0.73849200 -0.04042700
v 5.31487200 -0.73866800 -0.04432000
v 5.31488600 -0.73752600 -0.04283000
v 5.31490300 -0.74000500 -0.03993800
v 5.31488900 -0.74148900 -0.04064300
v 5.31489100 -0.73879200 -0.04013500
v 5.31485600 -0.73760900 -0.04127200
v 5.31486500 -0.73958900 -0.03987700
v 5.31486200 -0.73917000 -0.03994500
v 5.31475700 -0.74213500 -0.04320000
v 5.31471800 -0.73780600 -0.04390100
v 5.31473200 -0.74218800 -0.04132300
v 5.31473600 -0.74121000 -0.04010900
v 5.31468600 -0.73716300 -0.04213800
v 5.31470500 -0.73770800 -0.04067600
v 5.31457400 -0.74074500 -0.04484500
v 5.31456500 -0.73964900 -0.04502200
v 5.31455900 -0.74257900 -0.04235900
v 5.31460400 -0.74077100 -0.03968600
v 5.31457800 -0.73799300 -0.04013700
v 5.31449600 -0.74173400 -0.04434800
v 5.31451200 -0.73712400 -0.04324400
v 5.31446700 -0.73855400 -0.04486400
v 5.31452400 -0.74206600 -0.04055400
v 5.31447800 -0.73704000 -0.04136800
v 5.31450600 -0.74021800 -0.03941700
v 5.31448800 -0.73843400 -0.03970700
v 5.31445000 -0.73960500 -0.03932800
v 5.31444400 -0.73898900 -0.03942800
v 5.31433500 -0.74252100 -0.04358200
v 5.31429100 -0.73756900 -0.04438600
v 5.31432500 -0.74273300 -0.04143100
v 5.31432400 -0.74170300 -0.03986100
v 5.31427100 -0.73668800 -0.04241100
v 5.31428300 -0.73716900 -0.04059500
v 5.31409900 -0.74088300 -0.04532400
v 5.31408800 -0.73967700 -0.04551900
v 5.31411000 -0.74302800 -0.04262200
v 5.31415200 -0.74113600 -0.03931400
v 5.31405400 -0.73678800 -0.04363300
v 5.31412000 -0.73753700 -0.03989700
v 5.31401300 -0.74197300 -0.04477700
v 5.31407600 -0.74258600 -0.04050500
v 5.31398000 -0.73847100 -0.04534400
v 5.31154500 -0.83553700 -0.17705700
v 5.31402200 -0.73654000 -0.04148500
v 5.31402500 -0.74041900 -0.03896600
v 5.31400400 -0.73811000 -0.03934100
v 5.31395500 -0.73962400 -0.03885100
v 5.31394900 -0.73882900 -0.03898100
v 5.31383600 -0.74284000 -0.04393300
v 5.31378700 -0.73738600 -0.04481600
v 5.31384200 -0.74320500 -0.04155900
v 5.31383600 -0.74214900 -0.03967300
v 5.31378000 -0.73628900 -0.04268100
v 5.31378700 -0.73669400 -0.04055600
v 5.31747900 -0.93992700 0.16579700
v 5.31355200 -0.74099500 -0.04572500
v 5.31354000 -0.73970700 -0.04593500
v 5.31358900 -0.74339900 -0.04287400
v 5.31362900 -0.74146700 -0.03901500
v 5.31352700 -0.73652600 -0.04398800
v 5.31359000 -0.73713800 -0.03971800
v 5.31355700 -0.74303600 -0.04050000
v 5.31345800 -0.74215800 -0.04514200
v 5.31342600 -0.73842100 -0.04574800
v 5.31349400 -0.73611900 -0.04162100
v 5.31347500 -0.74060500 -0.03859600
v 5.31345100 -0.73782500 -0.03904700
v 5.31339000 -0.73964900 -0.03845900
v 5.31338200 -0.73869100 -0.03861300
v 5.31327200 -0.74308400 -0.04424000
v 5.31329200 -0.74359300 -0.04170400
v 5.31321900 -0.73726200 -0.04518600
v 5.31322400 -0.73597500 -0.04293900
v 5.31328100 -0.74253700 -0.03954700
v 5.31322600 -0.73629700 -0.04055900
v 5.31300600 -0.74368000 -0.04311100
v 5.31294600 -0.74107700 -0.04604200
v 5.31293400 -0.73973900 -0.04625800
v 5.31304500 -0.74175600 -0.03879400
v 5.31294100 -0.73634300 -0.04430000
v 5.31300100 -0.73680500 -0.03959900
v 5.31297900 -0.74340700 -0.04053800
v 5.31284900 -0.74228500 -0.04543600
v 5.31291100 -0.73578800 -0.04177200
v 5.31281500 -0.73840300 -0.04606500
v 5.31287000 -0.74077000 -0.03831700
v 5.31284100 -0.73759100 -0.03883200
v 5.31265400 -0.74324500 -0.04450000
v 5.31277200 -0.73967600 -0.03815800
v 5.31276100 -0.73858200 -0.03833600
v 5.31269100 -0.74388800 -0.04186200
v 5.31260100 -0.73720000 -0.04548100
v 5.31261900 -0.73575700 -0.04318000
v 5.31267600 -0.74285700 -0.03949000
v 5.31261400 -0.73598500 -0.04060400
v 5.31237900 -0.74386400 -0.04332700
v 5.31229800 -0.74112700 -0.04626400
v 5.31228500 -0.73977300 -0.04648400
v 5.31231200 -0.73624600 -0.04456200
v 5.31241500 -0.74199800 -0.03866000
v 5.31235600 -0.74369000 -0.04061700
v 5.31236600 -0.73654400 -0.03954400
v 5.31228300 -0.73555900 -0.04193600
v 5.31219900 -0.74235100 -0.04565100
v 5.31216500 -0.73842100 -0.04628800
v 5.31222100 -0.74091200 -0.03813300
v 5.31219100 -0.73741100 -0.03870000
v 5.31205200 -0.74408100 -0.04202900
v 5.31200300 -0.74332300 -0.04470400
v 5.31211400 -0.73970600 -0.03795800
v 5.31210300 -0.73850100 -0.03815400
v 5.31194700 -0.73720300 -0.04569600
v 5.31197600 -0.73563700 -0.04339800
v 5.31203200 -0.74310200 -0.03949800
v 5.31196700 -0.73576600 -0.04068800
v 5.31172400 -0.74395000 -0.04351600
v 5.31165500 -0.73623800 -0.04476600
v 5.31162000 -0.74114400 -0.04638800
v 5.31160900 -0.73980700 -0.04660500
v 5.31175500 -0.74218400 -0.03861300
v 5.31170400 -0.74387500 -0.04073700
v 5.31170200 -0.73636200 -0.03955800
v 5.30979600 -0.85888700 -0.14176400
v 5.31162800 -0.73543000 -0.04210600
v 5.31152400 -0.74235300 -0.04578200
v 5.31149000 -0.73847100 -0.04641100
v 5.31154700 -0.74102600 -0.03804900
v 5.31151500 -0.73728800 -0.03865600
v 5.31139100 -0.74416900 -0.04220300
v 5.31132900 -0.74331400 -0.04484700
v 5.31143300 -0.73973900 -0.03786300
v 5.31142200 -0.73845100 -0.03807300
v 5.31127500 -0.73726700 -0.04582700
v 5.31131500 -0.73562000 -0.04358900
v 5.31136700 -0.74326500 -0.03957400
v 5.31130000 -0.73564700 -0.04080900
v 5.31105300 -0.74393300 -0.04367300
v 5.31098700 -0.73631500 -0.04490800
v 5.31103800 -0.74396100 -0.04089400
v 5.31108000 -0.74231200 -0.03865600
v 5.31093300 -0.74112900 -0.04641000
v 5.31092100 -0.73984100 -0.04661800
v 5.31102500 -0.73626600 -0.03963600
v 5.31096300 -0.73541000 -0.04227900
v 5.31084000 -0.74229200 -0.04582700
v 5.31080700 -0.73855400 -0.04643200
v 5.31086400 -0.74110900 -0.03807100
v 5.31083100 -0.73722700 -0.03870000
v 5.31072600 -0.74414900 -0.04237700
v 5.31483100 -0.95962500 0.17979500
v 5.31065200 -0.74321800 -0.04492500
v 5.31065100 -0.73570400 -0.04374500
v 5.31060100 -0.73739600 -0.04586900
v 5.31074600 -0.73977300 -0.03787800
v 5.31073400 -0.73843600 -0.03809400
v 5.31069900 -0.74334300 -0.03971600
v 5.31063100 -0.73563000 -0.04096600
v 5.31038700 -0.74381400 -0.04379500
v 5.31032200 -0.73647800 -0.04498500
v 5.31037800 -0.74394300 -0.04108300
v 5.31040700 -0.74237800 -0.03878700
v 5.31025200 -0.74108000 -0.04632800
v 5.31024100 -0.73987400 -0.04652400
v 5.31035300 -0.73625700 -0.03977900
v 5.31030300 -0.73549800 -0.04245200
v 5.31016400 -0.74217000 -0.04578200
v 5.31013300 -0.73866800 -0.04635000
v 5.31019000 -0.74115900 -0.03819400
v 5.31015400 -0.73722900 -0.03883200
v 5.31007200 -0.74402200 -0.04254700
v 5.30998800 -0.74303700 -0.04493800
v 5.30999900 -0.73589000 -0.04386500
v 5.30993900 -0.73758200 -0.04582200
v 5.31004200 -0.74333300 -0.03992100
v 5.31006900 -0.73980700 -0.03799900
v 5.31005800 -0.73845300 -0.03821700
v 5.30997600 -0.73571500 -0.04115600
v 5.30974100 -0.74359500 -0.04387900
v 5.30968000 -0.73672200 -0.04499300
v 5.30973700 -0.74382400 -0.04130200
v 5.30975400 -0.74238000 -0.03900100
v 5.30966400 -0.73569200 -0.04261900
v 5.30959300 -0.74099900 -0.04614700
v 5.30958300 -0.73990400 -0.04632500
v 5.30970000 -0.73633500 -0.03998200
v 5.30951400 -0.74198900 -0.04565000
v 5.30948600 -0.73881000 -0.04616600
v 5.30953900 -0.74117700 -0.03841700
v 5.30944500 -0.74379100 -0.04270900
v 5.30950500 -0.73729500 -0.03904600
v 5.30937700 -0.73617300 -0.04394400
v 5.30935400 -0.74277600 -0.04488400
v 5.30941300 -0.74323700 -0.04018200
v 5.30930900 -0.73782400 -0.04568600
v 5.30942100 -0.73984100 -0.03822400
v 5.30940900 -0.73850300 -0.03844100
v 5.30934900 -0.73590100 -0.04137000
v 5.30912800 -0.74328300 -0.04392300
v 5.30907300 -0.73704300 -0.04493400
v 5.30913100 -0.74360500 -0.04154300
v 5.30913600 -0.74231800 -0.03929700
v 5.30906200 -0.73598700 -0.04277800
v 5.30908300 -0.73649800 -0.04024100
v 5.31236900 -0.95605300 0.13766400
v 5.30897200 -0.74089000 -0.04586900
v 5.30896300 -0.73993100 -0.04602400
v 5.30890500 -0.74175400 -0.04543500
v 5.30888000 -0.73897600 -0.04588600
v 5.30886000 -0.74346100 -0.04286100
v 5.30892900 -0.74116000 -0.03873400
v 5.30889500 -0.73742200 -0.03934100
v 5.30879800 -0.73654400 -0.04398200
v 5.30876400 -0.74244200 -0.04476500
v 5.30882700 -0.74305300 -0.04049500
v 5.30872600 -0.73811300 -0.04546700
v 5.30876600 -0.73618200 -0.04160800
v 5.30881500 -0.73987300 -0.03854800
v 5.30880300 -0.73858600 -0.03875700
v 5.30856800 -0.74288600 -0.04392400
v 5.30852000 -0.73743200 -0.04481000
v 5.30857500 -0.74329200 -0.04180100
v 5.30851400 -0.73637400 -0.04292300
v 5.30856700 -0.74219400 -0.03966500
v 5.30625500 -0.86916800 -0.16350700
v 5.30851800 -0.73674000 -0.04055000
v 5.30840700 -0.74075200 -0.04550200
v 5.30840200 -0.73995600 -0.04563100
v 5.30835000 -0.74147000 -0.04514200
v 5.30833000 -0.73916100 -0.04551600
v 5.30833200 -0.74304100 -0.04299700
v 5.30837300 -0.74110900 -0.03913800
v 5.30827900 -0.73699500 -0.04397600
v 5.30834200 -0.73760700 -0.03970600
v 5.30823400 -0.74204300 -0.04458400
v 5.30830000 -0.74279200 -0.04084900
v 5.30820200 -0.73844500 -0.04516800
v 5.30824500 -0.73655100 -0.04186100
v 5.30826700 -0.73990400 -0.03896300
v 5.30825600 -0.73869700 -0.03915900
v 5.30807000 -0.74241200 -0.04388500
v 5.30808400 -0.74289300 -0.04207100
v 5.30803000 -0.73787700 -0.04462100
v 5.30802900 -0.73684700 -0.04305100
v 5.30806300 -0.74201100 -0.04009600
v 5.30802000 -0.73706000 -0.04090000
v 5.30791000 -0.74059100 -0.04505400
v 5.30790500 -0.73997600 -0.04515300
v 5.30786600 -0.74114600 -0.04477600
v 5.30785000 -0.73936200 -0.04506400
v 5.30787500 -0.74254000 -0.04311500
v 5.30783000 -0.73751400 -0.04392900
v 5.30788800 -0.74102600 -0.03961700
v 5.30784400 -0.74245600 -0.04123900
v 5.30786000 -0.73784600 -0.04013300
v 5.30777600 -0.74158800 -0.04434600
v 5.30775200 -0.73880900 -0.04479600
v 5.30779600 -0.73700200 -0.04212300
v 5.30779100 -0.73993100 -0.03945900
v 5.30778100 -0.73883600 -0.03963700
v 5.30765000 -0.74187300 -0.04380600
v 5.30766900 -0.74241700 -0.04234500
v 5.30761900 -0.73837100 -0.04437400
v 5.30762300 -0.73739200 -0.04316000
v 5.30763600 -0.74177400 -0.04058200
v 5.30759800 -0.73744500 -0.04128300
v 5.30749400 -0.74041000 -0.04453800
v 5.30748900 -0.73999100 -0.04460600
v 5.30749900 -0.74197200 -0.04321100
v 5.30746300 -0.74078800 -0.04434800
v 5.30745300 -0.73957300 -0.04454500
v 5.30746500 -0.73809100 -0.04384000
v 5.30746800 -0.74205400 -0.04165300
v 5.30748400 -0.74091200 -0.04016300
v 5.30740200 -0.74108900 -0.04405500
v 5.30742800 -0.73752000 -0.04238800
v 5.30745900 -0.73813300 -0.04061300
v 5.30738600 -0.73919700 -0.04436200
v 5.30739800 -0.73995600 -0.04002400
v 5.30739000 -0.73899800 -0.04017900
v 5.30733800 -0.74187700 -0.04261600
v 5.30731600 -0.74128200 -0.04368700
v 5.30580600 -0.88683800 -0.12501700
v 5.30729500 -0.73889800 -0.04407500
v 5.30730400 -0.73799500 -0.04324500
v 5.30729600 -0.74148700 -0.04110600
v 5.30726400 -0.73788900 -0.04168900
v 5.30721300 -0.74134900 -0.04328200
v 5.30719000 -0.73870800 -0.04371100
v 5.30716800 -0.74021300 -0.04396400
v 5.30716700 -0.74000200 -0.04399800
v 5.30718500 -0.74159600 -0.04208100
v 5.30715200 -0.74040500 -0.04386800
v 5.30714600 -0.73979000 -0.04396700
v 5.30715400 -0.73809500 -0.04264900
v 5.30712200 -0.74055700 -0.04372000
v 5.30711300 -0.73960000 -0.04387600
v 5.30716800 -0.74077000 -0.04075900
v 5.30714800 -0.73846100 -0.04113300
v 5.30710600 -0.74128500 -0.04287700
v 5.30707800 -0.74065500 -0.04353500
v 5.30708000 -0.73864300 -0.04330600
v 5.30706700 -0.73944900 -0.04373000
v 5.30709800 -0.73997600 -0.04064400
v 5.30709100 -0.73918000 -0.04077200
v 5.30702600 -0.74069000 -0.04332900
v 5.30705200 -0.74115900 -0.04165900
v 5.30701400 -0.73935200 -0.04354600
v 5.30702700 -0.73838000 -0.04211000
v 5.30700000 -0.74109500 -0.04251300
v 5.30697800 -0.73871100 -0.04290000
v 5.30697000 -0.74065700 -0.04312400
v 5.30695900 -0.73931900 -0.04334100
v 5.30694100 -0.74000500 -0.04334800
v 5.30695400 -0.74060400 -0.04139000
v 5.30691800 -0.74056000 -0.04294000
v 5.30693700 -0.73882100 -0.04168000
v 5.30690700 -0.73935300 -0.04313600
v 5.30691000 -0.74079700 -0.04222700
v 5.30689400 -0.73890500 -0.04253200
v 5.30687200 -0.74040900 -0.04279500
v 5.30689800 -0.73999100 -0.04130100
v 5.30689400 -0.73937700 -0.04140100
v 5.30686300 -0.73945200 -0.04294900
v 5.30683800 -0.74021900 -0.04270100
v 5.30683300 -0.73960300 -0.04280100
v 5.30684300 -0.74041900 -0.04204300
v 5.30683100 -0.73920400 -0.04224100
v 5.30681800 -0.74000700 -0.04267100
v 5.30681700 -0.73979600 -0.04270500
v 5.30680500 -0.74000200 -0.04198300
v 5.30680200 -0.73958400 -0.04205000
v 5.30912600 -0.97762500 0.14839200
v 5.30794400 -0.96760700 0.10725900
v 5.30266500 -0.91192200 -0.10407700
v 5.30180300 -0.90036800 -0.14481500
v 5.30431700 -0.97430500 0.07532700
v 5.30508800 -0.70338800 0.13232800
v 5.30508900 -0.70345900 0.13253100
v 5.30507300 -0.70338200 0.13211400
v 5.30507800 -0.70358700 0.13270200
v 5.30506000 -0.70271200 0.13245200
v 5.30504700 -0.70344300 0.13191000
v 5.30506300 -0.70285100 0.13285200
v 5.30505500 -0.70376100 0.13282600
v 5.30503100 -0.70270200 0.13202900
v 5.30504100 -0.70310500 0.13319100
v 5.30501100 -0.70356300 0.13173500
v 5.30500800 -0.70406200 0.13220800
v 5.30502100 -0.70396400 0.13288900
v 5.30497700 -0.70282000 0.13162600
v 5.30497000 -0.70372900 0.13160700
v 5.30499500 -0.70344900 0.13343600
v 5.30498100 -0.70417500 0.13288600
v 5.30492700 -0.70392800 0.13153800
v 5.30494000 -0.70437400 0.13281800
v 5.30490800 -0.70305500 0.13128100
v 5.30492500 -0.70204900 0.13257800
v 5.30493000 -0.70225400 0.13316700
v 5.30493000 -0.70384900 0.13356100
v 5.30488900 -0.70413900 0.13153600
v 5.30489900 -0.70454000 0.13268900
v 5.30488200 -0.70203300 0.13195800
v 5.30489700 -0.70262700 0.13366500
v 5.30485500 -0.70434200 0.13159900
v 5.30486300 -0.70466000 0.13251500
v 5.30482900 -0.70338600 0.13102800
v 5.30483200 -0.70451500 0.13172100
v 5.30483800 -0.70472000 0.13231100
v 5.30485200 -0.70426500 0.13355500
v 5.30482000 -0.70464300 0.13189400
v 5.30482300 -0.70471500 0.13209700
v 5.30480500 -0.70220800 0.13136500
v 5.30482900 -0.70313200 0.13402400
v 5.30474400 -0.70377900 0.13089200
v 5.30476800 -0.70465900 0.13342000
v 5.30470100 -0.70255400 0.13085800
v 5.30473300 -0.70371900 0.13420800
v 5.30466500 -0.70419600 0.13088700
v 5.30468600 -0.70141700 0.13270300
v 5.30468700 -0.70498900 0.13316700
v 5.30469300 -0.70168100 0.13346500
v 5.30463000 -0.70139600 0.13189900
v 5.30460000 -0.70459600 0.13101200
v 5.30458400 -0.70303900 0.13048600
v 5.30465100 -0.70216500 0.13411000
v 5.30461700 -0.70522400 0.13282200
v 5.30461800 -0.70433100 0.13420000
v 5.30455400 -0.70493800 0.13125600
v 5.30456500 -0.70534300 0.13241800
v 5.30453100 -0.70162000 0.13113200
v 5.30453200 -0.70519300 0.13159500
v 5.30453400 -0.70533200 0.13199500
v 5.30456200 -0.70281800 0.13457500
v 5.30418700 -0.99052200 0.11445300
v 5.30198900 -0.67342600 -0.00357400
v 5.30446100 -0.70361600 0.13028600
v 5.30197600 -0.67382900 -0.00344300
v 5.30196900 -0.67300200 -0.00357700
v 5.30197300 -0.67331600 -0.00289500
v 5.30449600 -0.70490800 0.13400000
v 5.30196500 -0.67352000 -0.00282700
v 5.30196200 -0.67310100 -0.00289500
v 5.30194200 -0.67369400 -0.00270500
v 5.30192900 -0.67417200 -0.00319900
v 5.30439800 -0.70206900 0.13047500
v 5.30193400 -0.67289800 -0.00283400
v 5.30191500 -0.67260100 -0.00345500
v 5.30189800 -0.67353600 -0.00424600
v 5.30187700 -0.67412800 -0.00405500
v 5.30190400 -0.67382000 -0.00253600
v 5.30443800 -0.70357800 0.13481300
v 5.30186800 -0.67291400 -0.00425200
v 5.30189500 -0.67272500 -0.00271300
v 5.30434600 -0.70422800 0.13027800
v 5.30045000 -0.93352100 -0.07945700
v 5.30437700 -0.70539300 0.13362800
v 5.30185500 -0.67442200 -0.00286400
v 5.30185700 -0.67388600 -0.00233800
v 5.30183500 -0.67225800 -0.00321600
v 5.30434800 -0.70082900 0.13282500
v 5.30184600 -0.67260000 -0.00254600
v 5.30184700 -0.67320800 -0.00222500
v 5.30435700 -0.70114700 0.13374200
v 5.30181000 -0.67463300 -0.00369700
v 5.30179000 -0.67232200 -0.00407100
v 5.30428100 -0.70080400 0.13185700
v 5.30424500 -0.70269800 0.12999400
v 5.30180100 -0.67388800 -0.00213000
v 5.30425000 -0.70481600 0.13046200
v 5.30178900 -0.67253400 -0.00235000
v 5.30430600 -0.70172900 0.13451600
v 5.30427300 -0.70574000 0.13312100
v 5.30176000 -0.67455500 -0.00247400
v 5.30428800 -0.70437000 0.13480200
v 5.30170200 -0.67364300 -0.00489700
v 5.30173700 -0.67201000 -0.00288600
v 5.30174700 -0.67382200 -0.00193300
v 5.30173500 -0.67253600 -0.00214100
v 5.30418200 -0.70532000 0.13082100
v 5.30167600 -0.67440900 -0.00464900
v 5.30170200 -0.67500000 -0.00320600
v 5.30166100 -0.67283700 -0.00490400
v 5.30419700 -0.70591400 0.13252800
v 5.30416200 -0.70107500 0.13093300
v 5.30167200 -0.67182100 -0.00372100
v 5.30169700 -0.67369800 -0.00176600
v 5.30168800 -0.67260200 -0.00194300
v 5.30414800 -0.70569300 0.13131900
v 5.30415500 -0.70589700 0.13190800
v 5.30420000 -0.70251500 0.13507500
v 5.30165200 -0.67455700 -0.00206300
v 5.30408600 -0.70344500 0.12973600
v 5.30165700 -0.67352500 -0.00164700
v 5.30164900 -0.67272900 -0.00177400
v 5.30162900 -0.67188200 -0.00249700
v 5.30158800 -0.67506300 -0.00418500
v 5.30162900 -0.67332100 -0.00158400
v 5.30162700 -0.67290300 -0.00165100
v 5.30162000 -0.67310600 -0.00158600
v 5.30156200 -0.67207200 -0.00467000
v 5.30413000 -0.70511700 0.13454500
v 5.30156000 -0.67519600 -0.00263100
v 5.30400200 -0.70161400 0.13014400
v 5.30152700 -0.67145700 -0.00323600
v 5.30154500 -0.67442700 -0.00167400
v 5.30152200 -0.67188400 -0.00208600
v 5.30405000 -0.70342900 0.13536200
v 5.30393600 -0.70423700 0.12972500
v 5.30144700 -0.67553900 -0.00355000
v 5.30140400 -0.67374400 -0.00550900
v 5.30397700 -0.70574700 0.13406400
v 5.30141000 -0.67142200 -0.00421600
v 5.30144500 -0.67417900 -0.00134600
v 5.30137300 -0.67466600 -0.00521100
v 5.30392200 -0.70030100 0.13293900
v 5.30135600 -0.67277500 -0.00551800
v 5.30393300 -0.70066600 0.13398700
v 5.30142500 -0.67201600 -0.00169500
v 5.30140300 -0.67519800 -0.00202800
v 5.30381700 -0.70237000 0.12956500
v 5.30136800 -0.67126800 -0.00266500
v 5.30381200 -0.70499800 0.12996300
v 5.30384500 -0.70027200 0.13183100
v 5.30136600 -0.67383900 -0.00110700
v 5.30387400 -0.70133000 0.13487400
v 5.30384300 -0.70619500 0.13340600
v 5.30135300 -0.67226600 -0.00136200
v 5.30387100 -0.70438200 0.13535000
v 5.30126800 -0.67545300 -0.00465200
v 5.30123600 -0.67185600 -0.00523500
v 5.30131200 -0.67343600 -0.00098300
v 5.30130500 -0.67260900 -0.00111700
v 5.30126500 -0.67579100 -0.00280600
v 5.30372300 -0.70565100 0.13042800
v 5.30129200 -0.67301300 -0.00098800
v 5.30374400 -0.70641900 0.13263900
v 5.30371000 -0.70058200 0.13077400
v 5.30122100 -0.67095200 -0.00359000
v 5.30124500 -0.67500800 -0.00145700
v 5.30368100 -0.70613400 0.13107300
v 5.30368900 -0.70639900 0.13183500
v 5.30121100 -0.67126900 -0.00206200
v 5.30375200 -0.70222900 0.13551300
v 5.30362700 -0.70326900 0.12925300
v 5.30368000 -0.70528000 0.13503900
v 5.30109800 -0.67602600 -0.00388800
v 5.30105400 -0.67107400 -0.00469100
v 5.30352600 -0.70120000 0.12987000
v 5.30101300 -0.67383900 -0.00606700
v 5.30109900 -0.67464400 -0.00097200
v 5.30106100 -0.67579400 -0.00202500
v 5.30107100 -0.67146400 -0.00148800
v 5.30097900 -0.67489400 -0.00572700
v 5.30358100 -0.70327600 0.13584100
v 5.30095900 -0.67272900 -0.00607700
v 5.30101600 -0.67070600 -0.00285000
v 5.30344800 -0.70422300 0.12924200
v 5.30349600 -0.70603800 0.13446000
v 5.30098200 -0.67414200 -0.00062200
v 5.30096100 -0.67183200 -0.00099700
v 5.30341700 -0.69984600 0.13304200
v 5.30085800 -0.67579400 -0.00508800
v 5.30342800 -0.70024700 0.13419600
v 5.30087800 -0.67632900 -0.00299200
v 5.30331500 -0.70206600 0.12920800
v 5.30082000 -0.67167700 -0.00575500
v 5.30090400 -0.67355200 -0.00044100
v 5.30089400 -0.67233700 -0.00063800
v 5.30329700 -0.70513700 0.12952800
v 5.30082700 -0.67050700 -0.00393700
v 5.30333200 -0.69981400 0.13182200
v 5.30087400 -0.67292900 -0.00044700
v 5.30085600 -0.67554900 -0.00128500
v 5.30337600 -0.70436600 0.13582700
v 5.30333500 -0.70657700 0.13367100
v 5.30336300 -0.70097900 0.13517200
v 5.30081200 -0.67070900 -0.00207000
v 5.30319200 -0.70592300 0.13008800
v 5.30157600 -0.97598500 0.04265800
v 5.30318200 -0.70015400 0.13065800
v 5.30321600 -0.70684800 0.13274700
v 5.30066300 -0.67644800 -0.00421400
v 5.30314000 -0.70650300 0.13086300
v 5.30323000 -0.70196900 0.13587700
v 5.30309600 -0.70309300 0.12885200
v 5.30314900 -0.70682200 0.13177900
v 5.30061100 -0.67078200 -0.00513100
v 5.30066700 -0.67507700 -0.00065800
v 5.30063300 -0.67633300 -0.00205400
v 5.30053800 -0.67392300 -0.00655900
v 5.30063100 -0.67096100 -0.00132600
v 5.30315700 -0.70539400 0.13547200
v 5.30058100 -0.67021200 -0.00304600
v 5.30050000 -0.67508500 -0.00618300
v 5.30047900 -0.67270200 -0.00657000
v 5.30298100 -0.70083500 0.12966300
v 5.29829500 -0.92836700 -0.12144000
v 5.30304100 -0.70312200 0.13623900
v 5.30051600 -0.67442700 -0.00020500
v 5.30289100 -0.70418500 0.12883900
v 5.30048800 -0.67143600 -0.00069000
v 5.30041200 -0.67679500 -0.00318900
v 5.30036700 -0.67607500 -0.00547900
v 5.30294500 -0.70626000 0.13481000
v 5.30032600 -0.67154100 -0.00621500
v 5.30035400 -0.67013500 -0.00426900
v 5.30041500 -0.67366300 0.00003000
v 5.30038600 -0.67603700 -0.00116400
v 5.30040100 -0.67209100 -0.00022500
v 5.30284400 -0.69947400 0.13313200
v 5.30037600 -0.67285700 0.00002200
v 5.30285600 -0.69990300 0.13436400
v 5.30033400 -0.67021600 -0.00210800
v 5.30274800 -0.70178800 0.12893500
v 5.30272000 -0.70523000 0.12916700
v 5.30275400 -0.69944000 0.13183100
v 5.30281500 -0.70432300 0.13622300
v 5.30276300 -0.70687700 0.13390500
v 5.30278700 -0.70068400 0.13540800
v 5.30015200 -0.67679700 -0.00451700
v 5.30259800 -0.70612900 0.12980600
v 5.30009700 -0.67055800 -0.00552700
v 5.30259400 -0.69980500 0.13058900
v 5.29921600 -0.95110500 -0.05176300
v 5.30013300 -0.67680000 -0.00211600
v 5.30262600 -0.70718800 0.13284800
v 5.30016100 -0.67547000 -0.00041000
v 5.30011600 -0.67051800 -0.00121200
v 5.30250700 -0.70292100 0.12854200
v 5.30264500 -0.70174200 0.13615900
v 5.30006900 -0.66979700 -0.00325000
v 5.30253900 -0.70679300 0.13069400
v 5.29999300 -0.67399400 -0.00697100
v 5.30254900 -0.70715800 0.13174200
v 5.29995100 -0.67523500 -0.00657000
v 5.30257400 -0.70545500 0.13583200
v 5.29992800 -0.67269000 -0.00698300
v 5.30238000 -0.70053100 0.12952600
v 5.29997800 -0.67468800 0.00013600
v 5.29994500 -0.67109000 -0.00044800
v 5.29987800 -0.67717900 -0.00338800
v 5.30244300 -0.70297100 0.13654600
v 5.29981000 -0.67629300 -0.00581800
v 5.30228100 -0.70412200 0.12852600
v 5.29981300 -0.66984400 -0.00457700
v 5.29976600 -0.67145400 -0.00660300
v 5.29984800 -0.67646100 -0.00109700
v 5.29985600 -0.67376800 0.00041700
v 5.30234100 -0.70640900 0.13510200
v 5.29984000 -0.67187700 0.00011000
v 5.29979000 -0.66980000 -0.00217600
v 5.29980900 -0.67280000 0.00040800
v 5.30221900 -0.69919700 0.13320800
v 5.30213000 -0.70154800 0.12874700
v 5.30223100 -0.69964200 0.13448800
v 5.30209200 -0.70527500 0.12888900
v 5.30212700 -0.69916100 0.13185800
v 5.30220300 -0.70425300 0.13652800
v 5.29958000 -0.67706200 -0.00479100
v 5.30214000 -0.70708900 0.13410700
v 5.30216000 -0.70045200 0.13557100
v 5.29952100 -0.67040200 -0.00587000
v 5.29956900 -0.67718300 -0.00220600
v 5.29978500 -0.97260200 0.01005500
v 5.29959000 -0.67581300 -0.00023300
v 5.30195900 -0.70626400 0.12959200
v 5.29950000 -0.66947100 -0.00345600
v 5.29954000 -0.67014700 -0.00115200
v 5.30196000 -0.69953900 0.13056600
v 5.30199000 -0.70743000 0.13294300
v 5.29938700 -0.67405100 -0.00729400
v 5.30187200 -0.70275700 0.12833000
v 5.30201200 -0.70155100 0.13635100
v 5.30189500 -0.70699700 0.13057000
v 5.29934500 -0.67534000 -0.00687700
v 5.30190500 -0.70739800 0.13172400
v 5.29932100 -0.67269900 -0.00730400
v 5.30194500 -0.70546200 0.13611100
v 5.29899300 -0.96424000 -0.02167900
v 5.29938100 -0.67491800 0.00039000
v 5.29928600 -0.67747000 -0.00358600
v 5.29934500 -0.67080200 -0.00027800
v 5.30173600 -0.70029400 0.12946200
v 5.29919700 -0.67643800 -0.00609600
v 5.29921700 -0.66964000 -0.00485500
v 5.29915200 -0.67141300 -0.00691100
v 5.30180400 -0.70282800 0.13675200
v 5.29925500 -0.67681100 -0.00108400
v 5.30163200 -0.70404000 0.12831200
v 5.29919200 -0.66947600 -0.00227300
v 5.29924200 -0.67386500 0.00071200
v 5.29922400 -0.67170100 0.00036200
v 5.30169700 -0.70647900 0.13533200
v 5.29918900 -0.67275700 0.00070300
v 5.30147800 -0.70134900 0.12865400
v 5.30155800 -0.69901900 0.13326700
v 5.30157000 -0.69946900 0.13456300
v 5.30142900 -0.70526900 0.12869900
v 5.29895800 -0.67723800 -0.00502800
v 5.30155300 -0.70416000 0.13673500
v 5.30146200 -0.69898300 0.13189900
v 5.29889800 -0.67032100 -0.00615000
v 5.30148200 -0.70720600 0.13427000
v 5.29895600 -0.67747500 -0.00232400
v 5.30149700 -0.70029000 0.13566000
v 5.29897200 -0.67609700 -0.00013400
v 5.29888300 -0.66924200 -0.00365900
v 5.29891600 -0.66985700 -0.00114500
v 5.30128800 -0.70632700 0.12945100
v 5.30129400 -0.69936600 0.13059300
v 5.29873800 -0.67409300 -0.00751900
v 5.30132100 -0.70757000 0.13302700
v 5.30121000 -0.70260500 0.12822000
v 5.30134800 -0.70140300 0.13645000
v 5.29869500 -0.67539900 -0.00709700
v 5.29867100 -0.67272400 -0.00752900
v 5.30121900 -0.70710800 0.13049300
v 5.30123000 -0.70753600 0.13172500
v 5.30128500 -0.70541500 0.13630100
v 5.29874100 -0.67511300 0.00055400
v 5.29865500 -0.67766100 -0.00377800
v 5.29870100 -0.67057800 -0.00018200
v 5.30013900 -0.99800000 0.07881200
v 5.30106800 -0.70012900 0.12947500
v 5.29858100 -0.66953000 -0.00509600
v 5.29854500 -0.67651000 -0.00630600
v 5.29862300 -0.67707700 -0.00112600
v 5.29850000 -0.67142200 -0.00713100
v 5.30113600 -0.70269600 0.13685600
v 5.29855300 -0.66924700 -0.00239500
v 5.30096000 -0.70393800 0.12820400
v 5.29858900 -0.67395200 0.00090800
v 5.29856800 -0.67156900 0.00052200
v 5.30102700 -0.70647100 0.13549200
v 5.29852900 -0.67273100 0.00089800
v 5.30080700 -0.70119900 0.12865600
v 5.30087500 -0.69894400 0.13330800
v 5.29830500 -0.67732100 -0.00522500
v 5.30088700 -0.69938900 0.13458800
v 5.30075000 -0.70521400 0.12860400
v 5.29824200 -0.67031700 -0.00636000
v 5.29831100 -0.67766700 -0.00246700
v 5.30088200 -0.70404300 0.13683800
v 5.30078000 -0.69890900 0.13195700
v 5.30080400 -0.70722600 0.13438800
v 5.29831900 -0.67631500 -0.00011300
v 5.30081600 -0.70020100 0.13567000
v 5.29823500 -0.66911700 -0.00385300
v 5.29826000 -0.66965500 -0.00119200
v 5.30060400 -0.70631100 0.12938400
v 5.29806100 -0.67412000 -0.00763900
v 5.30061400 -0.69928600 0.13066600
v 5.30063800 -0.70760300 0.13309800
v 5.30053700 -0.70247000 0.12821700
v 5.29801800 -0.67540800 -0.00722200
v 5.30066800 -0.70129800 0.13645100
v 5.29799600 -0.67276600 -0.00765200
v 5.30053300 -0.70712400 0.13046700
v 5.30054300 -0.70756800 0.13174800
v 5.30061100 -0.70531500 0.13639800
v 5.29799600 -0.67774900 -0.00395800
v 5.29807400 -0.67526300 0.00062000
v 5.29803100 -0.67042500 -0.00016400
v 5.29792200 -0.66951700 -0.00529400
v 5.30039200 -0.70004100 0.12956300
v 5.29787200 -0.67650600 -0.00644200
v 5.29796500 -0.67725400 -0.00122400
v 5.29782700 -0.67148100 -0.00725800
v 5.29789300 -0.66912300 -0.00254100
v 5.30045900 -0.70257700 0.13685200
v 5.30028300 -0.70381700 0.12820000
v 5.29791100 -0.67402700 0.00100000
v 5.29788900 -0.67148200 0.00058800
v 5.30035100 -0.70638400 0.13558000
v 5.29784700 -0.67272300 0.00098800
v 5.30013400 -0.70109800 0.12875500
v 5.29763300 -0.67730600 -0.00537500
v 5.30018800 -0.69897800 0.13333000
v 5.30020000 -0.69940600 0.13456200
v 5.29764900 -0.67775200 -0.00263200
v 5.30007100 -0.70511100 0.12860600
v 5.29757200 -0.67038800 -0.00649700
v 5.30020800 -0.70390700 0.13683600
v 5.30009800 -0.69894300 0.13202800
v 5.29765000 -0.67646100 -0.00017000
v 5.29757200 -0.66909800 -0.00403500
v 5.30012500 -0.70714800 0.13446300
v 5.30013000 -0.70018700 0.13560500
v 5.29758900 -0.66954500 -0.00129200
v 5.29582300 -0.95247700 -0.09395800
v 5.29992100 -0.70622300 0.12939600
v 5.29993700 -0.69930700 0.13078600
v 5.29737300 -0.67412800 -0.00765500
v 5.29995600 -0.70753000 0.13315600
v 5.29986600 -0.70235400 0.12832100
v 5.29998800 -0.70124400 0.13635700
v 5.29733300 -0.67536900 -0.00725500
v 5.29730900 -0.67282500 -0.00766700
v 5.29984900 -0.70704300 0.13049200
v 5.29986200 -0.70749500 0.13178700
v 5.29994100 -0.70516300 0.13640200
v 5.29732900 -0.67772900 -0.00412500
v 5.29739500 -0.67537000 0.00059200
v 5.29725600 -0.66959800 -0.00544300
v 5.29735100 -0.67034500 -0.00022400
v 5.29972200 -0.70003400 0.12972300
v 5.29729800 -0.67733600 -0.00137300
v 5.29719000 -0.67642600 -0.00650300
v 5.29714700 -0.67158700 -0.00728700
v 5.29722500 -0.66910400 -0.00270800
v 5.29978700 -0.70247400 0.13674300
v 5.29961600 -0.70368500 0.12830300
v 5.29722600 -0.67408500 0.00098500
v 5.29720200 -0.67144300 0.00055600
v 5.29968300 -0.70622000 0.13559200
v 5.29715900 -0.67273100 0.00097300
v 5.29947400 -0.70105100 0.12894500
v 5.29696100 -0.67719700 -0.00547500
v 5.29951400 -0.69911500 0.13333100
v 5.29952500 -0.69951600 0.13448700
v 5.29698500 -0.67773400 -0.00281300
v 5.29940600 -0.70496200 0.12870300
v 5.29690200 -0.67053600 -0.00655500
v 5.29954500 -0.70375600 0.13672600
v 5.29942900 -0.69908300 0.13211200
v 5.29691000 -0.66918500 -0.00419900
v 5.29697900 -0.67653500 -0.00030700
v 5.29945900 -0.70697300 0.13448800
v 5.29946100 -0.70024900 0.13546300
v 5.29691700 -0.66953100 -0.00144100
v 5.29925800 -0.70606000 0.12948400
v 5.29927800 -0.69942400 0.13094800
v 5.29921600 -0.70226000 0.12852700
v 5.29669200 -0.67412000 -0.00756500
v 5.29929200 -0.70735200 0.13319900
v 5.29932600 -0.70123900 0.13616700
v 5.29665400 -0.67528300 -0.00718900
v 5.29918700 -0.70687200 0.13056700
v 5.29663200 -0.67289900 -0.00757500
v 5.29928700 -0.70496600 0.13630800
v 5.29919800 -0.70731600 0.13184700
v 5.29666700 -0.67760500 -0.00427100
v 5.29672100 -0.67542900 0.00046500
v 5.29659700 -0.66977400 -0.00554000
v 5.29667500 -0.67034100 -0.00036000
v 5.29907700 -0.70010400 0.12995300
v 5.29664000 -0.67732100 -0.00157000
v 5.29651900 -0.67627300 -0.00648400
v 5.29656700 -0.66918800 -0.00288900
v 5.29913700 -0.70239200 0.13652900
v 5.29648000 -0.67173900 -0.00722000
v 5.29897500 -0.70354200 0.12851000
v 5.29904000 -0.70598200 0.13552900
v 5.29655000 -0.67412800 0.00086300
v 5.29652500 -0.67145300 0.00043000
v 5.29648400 -0.67275700 0.00085000
v 5.29884400 -0.70105700 0.12922500
v 5.29630500 -0.67699400 -0.00552100
v 5.29886900 -0.69935500 0.13331400
v 5.29888000 -0.69971900 0.13436300
v 5.29633800 -0.67760900 -0.00300900
v 5.29877300 -0.70477100 0.12889700
v 5.29891200 -0.70359200 0.13651400
v 5.29625000 -0.67075400 -0.00653300
v 5.29879200 -0.69932600 0.13220600
v 5.29626600 -0.66937600 -0.00434200
v 5.29882400 -0.70670800 0.13446700
v 5.29632400 -0.67653000 -0.00051600
v 5.29882000 -0.70038300 0.13524900
v 5.29707800 -0.99987400 0.04234700
v 5.29626200 -0.66961300 -0.00163800
v 5.29863100 -0.70582900 0.12964800
v 5.29865600 -0.69963600 0.13115000
v 5.29860400 -0.70219000 0.12883200
v 5.29866400 -0.70707200 0.13322500
v 5.29870000 -0.70128300 0.13588800
v 5.29603100 -0.67409400 -0.00737000
v 5.29867100 -0.70472400 0.13612200
v 5.29856300 -0.70660900 0.13069100
v 5.29857400 -0.70703800 0.13192300
v 5.29599700 -0.67515000 -0.00702800
v 5.29597800 -0.67298600 -0.00738000
v 5.29603100 -0.67737600 -0.00439300
v 5.29596500 -0.67004000 -0.00558300
v 5.29847300 -0.70025400 0.13024600
v 5.29606800 -0.67543800 0.00024400
v 5.29600500 -0.67721100 -0.00181100
v 5.29602400 -0.67041300 -0.00057000
v 5.29852900 -0.70232900 0.13621700
v 5.29837800 -0.70339100 0.12881600
v 5.29587700 -0.67604800 -0.00638900
v 5.29593500 -0.66938100 -0.00308000
v 5.29584000 -0.67193200 -0.00705700
v 5.29843800 -0.70567800 0.13539200
v 5.29589900 -0.67415200 0.00063800
v 5.29587700 -0.67151000 0.00021100
v 5.29826200 -0.70111900 0.12958400
v 5.29583400 -0.67279900 0.00062600
v 5.29832300 -0.70342000 0.13620300
v 5.29826900 -0.69969000 0.13327600
v 5.29818800 -0.70454300 0.12917900
v 5.29827900 -0.70000800 0.13419200
v 5.29568200 -0.67670400 -0.00551500
v 5.29572000 -0.67738100 -0.00321100
v 5.29820300 -0.69966500 0.13230900
v 5.29823700 -0.70635800 0.13439700
v 5.29563000 -0.67103900 -0.00643300
v 5.29565200 -0.66966700 -0.00446100
v 5.29822600 -0.70059000 0.13496800
v 5.29570100 -0.67644900 -0.00079600
v 5.29564100 -0.66978800 -0.00187600
v 5.29805700 -0.70553400 0.12988200
v 5.29808400 -0.69993600 0.13138500
v 5.29804300 -0.70214800 0.12922800
v 5.29808600 -0.70669800 0.13323300
v 5.29812100 -0.70137600 0.13552700
v 5.29444600 -0.97210300 -0.06304800
v 5.29810300 -0.70444800 0.13584800
v 5.29799100 -0.70626400 0.13086000
v 5.29800200 -0.70666700 0.13201400
v 5.29541200 -0.67405100 -0.00707400
v 5.29543100 -0.67705000 -0.00449000
v 5.29792400 -0.70047600 0.13059600
v 5.29538200 -0.67497400 -0.00677700
v 5.29536400 -0.67308300 -0.00708300
v 5.29537200 -0.67038900 -0.00556900
v 5.29797100 -0.70229100 0.13581400
v 5.29545500 -0.67539800 -0.00006400
v 5.29783700 -0.70323800 0.12921400
v 5.29540900 -0.67700800 -0.00208900
v 5.29541200 -0.67055900 -0.00084800
v 5.29534400 -0.66967200 -0.00327800
v 5.29789300 -0.70531500 0.13518500
v 5.29527500 -0.67576000 -0.00621800
v 5.29524300 -0.67216300 -0.00680200
v 5.29773900 -0.70123200 0.13001700
v 5.29529200 -0.67416100 0.00031600
v 5.29779100 -0.70324300 0.13580100
v 5.29766600 -0.70428400 0.12954300
v 5.29526900 -0.67161700 -0.00009600
v 5.29773100 -0.70011400 0.13322100
v 5.29773800 -0.70037800 0.13398200
v 5.29770900 -0.70593200 0.13428100
v 5.29767400 -0.70009300 0.13241700
v 5.29522900 -0.67285700 0.00030400
v 5.29515000 -0.67705500 -0.00341700
v 5.29769500 -0.70086200 0.13462700
v 5.29510500 -0.67633300 -0.00545400
v 5.29506100 -0.67138100 -0.00625600
v 5.29508800 -0.67005200 -0.00455200
v 5.29754800 -0.70213100 0.12970600
v 5.29512400 -0.67629400 -0.00113900
v 5.29757500 -0.70031800 0.13164900
v 5.29754500 -0.70518300 0.13018200
v 5.29757300 -0.70624100 0.13322400
v 5.29760700 -0.70151500 0.13509200
v 5.29506900 -0.67005400 -0.00215000
v 5.29760100 -0.70414300 0.13549100
v 5.29748600 -0.70584800 0.13106900
v 5.29749600 -0.70621200 0.13211700
v 5.29744300 -0.70076700 0.13099200
v 5.29748300 -0.70227500 0.13533000
v 5.29736800 -0.70308500 0.12969300
v 5.29508000 -0.99609800 0.00595400
v 5.29488600 -0.67663700 -0.00455800
v 5.29484500 -0.67399400 -0.00668900
v 5.29481900 -0.67476100 -0.00644100
v 5.29483500 -0.67081500 -0.00550300
v 5.29480600 -0.67318800 -0.00669600
v 5.29741600 -0.70489900 0.13491200
v 5.29486800 -0.67671700 -0.00239800
v 5.29489400 -0.67530900 -0.00045200
v 5.29728900 -0.70139600 0.13051200
v 5.29485300 -0.67077600 -0.00118700
v 5.29480900 -0.67005600 -0.00347800
v 5.29473200 -0.67541500 -0.00597600
v 5.29733400 -0.70306700 0.13532000
v 5.29470500 -0.67242400 -0.00646100
v 5.29721800 -0.70399900 0.12998100
v 5.29726500 -0.70061600 0.13314900
v 5.29726900 -0.70082000 0.13373700
v 5.29725600 -0.70543900 0.13412200
v 5.29722200 -0.70060000 0.13252700
v 5.29723700 -0.70119300 0.13423400
v 5.29474200 -0.67415000 -0.00009700
v 5.29419600 -0.98676500 -0.02946800
v 5.29472200 -0.67176600 -0.00048300
v 5.29713000 -0.70214400 0.13025300
v 5.29464100 -0.67664000 -0.00362000
v 5.29714500 -0.70077200 0.13193400
v 5.29711200 -0.70478500 0.13053900
v 5.29459000 -0.67589000 -0.00534100
v 5.29468200 -0.67292900 -0.00010700
v 5.29716900 -0.70169700 0.13459300
v 5.29717400 -0.70381500 0.13506100
v 5.29713800 -0.70570900 0.13319800
v 5.29458700 -0.67051900 -0.00461300
v 5.29455400 -0.67177400 -0.00600900
v 5.29460900 -0.67606800 -0.00153500
v 5.29706200 -0.70536500 0.13131500
v 5.29707100 -0.70568400 0.13223100
v 5.29704200 -0.70111900 0.13142600
v 5.29455900 -0.67040200 -0.00245400
v 5.29707400 -0.70228500 0.13477700
v 5.29698100 -0.70293500 0.13024200
v 5.29702100 -0.70444400 0.13458000
v 5.29692400 -0.70160500 0.13105600
v 5.29440800 -0.67614300 -0.00459700
v 5.29695800 -0.70289600 0.13476900
v 5.29436600 -0.67130300 -0.00538200
v 5.29434600 -0.67392300 -0.00621900
v 5.29685600 -0.70369500 0.13048100
v 5.29439400 -0.67634400 -0.00273100
v 5.29432800 -0.67451500 -0.00602800
v 5.29431600 -0.67330000 -0.00622500
v 5.29688200 -0.70118100 0.13306100
v 5.29688700 -0.70132000 0.13346100
v 5.29439900 -0.67517400 -0.00091200
v 5.29688800 -0.70489300 0.13392400
v 5.29434300 -0.67052200 -0.00367400
v 5.29685400 -0.70117000 0.13263700
v 5.29686500 -0.70157400 0.13379900
v 5.29436300 -0.67105800 -0.00158000
v 5.29680000 -0.70218200 0.13085600
v 5.29425900 -0.67502000 -0.00567000
v 5.29680300 -0.70128900 0.13223400
v 5.29423900 -0.67270900 -0.00604300
v 5.29676900 -0.70434900 0.13094500
v 5.29683500 -0.70347300 0.13457000
v 5.29681900 -0.70191800 0.13404400
v 5.29678900 -0.70511700 0.13315500
v 5.29672700 -0.70483100 0.13159000
v 5.29673200 -0.70152500 0.13188900
v 5.29673300 -0.70509600 0.13235100
v 5.29420500 -0.67614600 -0.00381600
v 5.29675300 -0.70231700 0.13416800
v 5.29426100 -0.67412100 -0.00059000
v 5.29668600 -0.70279400 0.13084700
v 5.29424300 -0.67195700 -0.00093900
v 5.29415000 -0.67538700 -0.00517900
v 5.29416000 -0.67105700 -0.00464100
v 5.29671600 -0.70395900 0.13419800
v 5.29412200 -0.67220800 -0.00569400
v 5.29665100 -0.70185500 0.13163600
v 5.29420600 -0.67301300 -0.00059900
v 5.29416800 -0.67577700 -0.00197500
v 5.29667400 -0.70273400 0.13416400
v 5.29412300 -0.67082500 -0.00277800
v 5.29658800 -0.70338100 0.13103200
v 5.29661400 -0.70430600 0.13369100
v 5.29659700 -0.70179800 0.13295900
v 5.29659800 -0.70186800 0.13316200
v 5.29656700 -0.70224800 0.13150000
v 5.29658200 -0.70179300 0.13274500
v 5.29658700 -0.70199800 0.13333300
v 5.29659200 -0.70312700 0.13402800
v 5.29655600 -0.70185300 0.13254100
v 5.29656400 -0.70217100 0.13345700
v 5.29401000 -0.67558200 -0.00460400
v 5.29652200 -0.70388600 0.13139000
v 5.29653700 -0.70447900 0.13309700
v 5.29652000 -0.70197300 0.13236500
v 5.29397700 -0.67184400 -0.00520900
v 5.29653000 -0.70237400 0.13352000
v 5.29648900 -0.70266400 0.13149400
v 5.29399800 -0.67590000 -0.00307700
v 5.29648800 -0.70425900 0.13188800
v 5.29649500 -0.70446300 0.13247700
v 5.29651000 -0.70345700 0.13377500
v 5.29648000 -0.70213900 0.13223800
v 5.29393000 -0.67383900 -0.00567900
v 5.29395600 -0.67106100 -0.00386200
v 5.29649100 -0.70258500 0.13351800
v 5.29391600 -0.67424200 -0.00554900
v 5.29390800 -0.67341500 -0.00568300
v 5.29398600 -0.67499500 -0.00143100
v 5.29643600 -0.70233800 0.13216900
v 5.29642400 -0.70306400 0.13162000
v 5.29395300 -0.67139800 -0.00201400
v 5.29644800 -0.70278300 0.13344900
v 5.29644100 -0.70369300 0.13343000
v 5.29387000 -0.67458500 -0.00530500
v 5.29385600 -0.67301300 -0.00556000
v 5.29641100 -0.70245100 0.13284600
v 5.29639700 -0.70254900 0.13216500
v 5.29640800 -0.70295100 0.13332200
v 5.29637800 -0.70340800 0.13186400
v 5.29638800 -0.70381200 0.13302600
v 5.29385200 -0.67558400 -0.00400200
v 5.29636500 -0.70275100 0.13223000
v 5.29635500 -0.70366200 0.13220300
v 5.29637100 -0.70307000 0.13314600
v 5.29636000 -0.70380000 0.13260300
v 5.29381800 -0.67165400 -0.00463800
v 5.29634100 -0.70292500 0.13235400
v 5.29634600 -0.70313000 0.13294200
v 5.29379500 -0.67483600 -0.00497100
v 5.29386500 -0.67407500 -0.00114900
v 5.29632900 -0.70305400 0.13252500
v 5.29633200 -0.70312500 0.13272800
v 5.29377700 -0.67267100 -0.00532200
v 5.29384800 -0.67218400 -0.00145500
v 5.29381100 -0.67542900 -0.00245000
v 5.29381600 -0.67310700 -0.00115800
v 5.29377500 -0.67131100 -0.00311600
v 5.29369900 -0.67496800 -0.00458000
v 5.29367700 -0.67242400 -0.00499200
v 5.29369300 -0.67539400 -0.00343000
v 5.29366100 -0.67165700 -0.00403500
v 5.29366000 -0.67477900 -0.00199700
v 5.29360200 -0.67374500 -0.00508100
v 5.29359600 -0.67394800 -0.00501500
v 5.29359200 -0.67353100 -0.00508300
v 5.29363300 -0.67178700 -0.00248200
v 5.29359200 -0.67497000 -0.00417000
v 5.29357200 -0.67412300 -0.00489200
v 5.29356400 -0.67332600 -0.00502200
v 5.29356800 -0.67229500 -0.00460300
v 5.29353400 -0.67424900 -0.00472300
v 5.29352400 -0.67315400 -0.00490100
v 5.29354800 -0.67503100 -0.00294600
v 5.29355900 -0.67401400 -0.00176300
v 5.29351900 -0.67185100 -0.00346200
v 5.29354500 -0.67244200 -0.00201800
v 5.29348600 -0.67431400 -0.00452500
v 5.29347400 -0.67302900 -0.00473400
v 5.29348400 -0.67484100 -0.00378100
v 5.29352000 -0.67320800 -0.00177000
v 5.29346200 -0.67229700 -0.00419400
v 5.29343100 -0.67431700 -0.00431800
v 5.29341800 -0.67296300 -0.00453600
v 5.29343100 -0.67452800 -0.00259600
v 5.29341000 -0.67221800 -0.00297000
v 5.29337300 -0.67364300 -0.00444100
v 5.29337700 -0.67425200 -0.00412000
v 5.29338500 -0.67459200 -0.00345100
v 5.29336500 -0.67296300 -0.00432900
v 5.29336600 -0.67242800 -0.00380200
v 5.29332700 -0.67412600 -0.00395300
v 5.29335400 -0.67393800 -0.00241500
v 5.29331700 -0.67303100 -0.00413100
v 5.29334300 -0.67272400 -0.00261100
v 5.29332400 -0.67331500 -0.00242100
v 5.29330600 -0.67425100 -0.00321300
v 5.29328600 -0.67395400 -0.00383200
v 5.29329100 -0.67267800 -0.00346700
v 5.29327900 -0.67315800 -0.00396200
v 5.29325900 -0.67375000 -0.00377100
v 5.29325600 -0.67333100 -0.00383900
v 5.29325000 -0.67353500 -0.00377200
v 5.29325300 -0.67384800 -0.00308900
v 5.29324500 -0.67302200 -0.00322300
v 5.29323200 -0.67342600 -0.00309300
v 5.29230400 -0.77853200 0.14964400
v 5.29229500 -0.77849400 0.14943300
v 5.29229900 -0.77863200 0.14983400
v 5.29227400 -0.77852100 0.14922200
v 5.29228200 -0.77878600 0.14998200
v 5.29227900 -0.77788300 0.14987000
v 5.29226200 -0.77780600 0.14945300
v 5.29226900 -0.77808200 0.15024500
v 5.29224300 -0.77861100 0.14902900
v 5.29225300 -0.77897600 0.15007700
v 5.29222100 -0.77786100 0.14903500
v 5.29222000 -0.77917700 0.14942100
v 5.29220400 -0.77875700 0.14887600
v 5.29223400 -0.77838300 0.15054000
v 5.29221500 -0.77918500 0.15010900
v 5.29216100 -0.77894200 0.14877700
v 5.29215800 -0.77804000 0.14865700
v 5.29217400 -0.77939200 0.15007300
v 5.29217700 -0.77876000 0.15072700
v 5.29212100 -0.77914900 0.14874000
v 5.29214600 -0.77724600 0.15009300
v 5.29213100 -0.77957800 0.14997200
v 5.29212100 -0.77713300 0.14948100
v 5.29213200 -0.77753700 0.15064300
v 5.29208200 -0.77832600 0.14835300
v 5.29208300 -0.77935900 0.14877100
v 5.29209400 -0.77972200 0.14982000
v 5.29210500 -0.77917300 0.15078800
v 5.29206100 -0.77721300 0.14886600
v 5.29205500 -0.77954900 0.14886600
v 5.29206200 -0.77981400 0.14962800
v 5.29208100 -0.77798100 0.15107600
v 5.29203800 -0.77970200 0.14901500
v 5.29204100 -0.77984100 0.14941600
v 5.29203200 -0.77980200 0.14920500
v 5.29199900 -0.77869200 0.14815600
v 5.29202200 -0.77958300 0.15071500
v 5.29196900 -0.77747700 0.14830900
v 5.29199700 -0.77853400 0.15135100
v 5.29191800 -0.77910200 0.14808500
v 5.29194100 -0.77994900 0.15052000
v 5.29190900 -0.77663500 0.15030700
v 5.29185900 -0.77789800 0.14786400
v 5.29187700 -0.77649000 0.14951500
v 5.29184400 -0.77951600 0.14814500
v 5.29189000 -0.77701400 0.15101900
v 5.29189200 -0.77914100 0.15144000
v 5.29186300 -0.78023500 0.15021600
v 5.29179900 -0.77659400 0.14871800
v 5.29178700 -0.77989200 0.14833200
v 5.29180100 -0.78041500 0.14983700
v 5.29182500 -0.77758900 0.15158000
v 5.29173500 -0.77843600 0.14757500
v 5.29175300 -0.78019400 0.14862800
v 5.29176000 -0.78046900 0.14941800
v 5.29174300 -0.78039300 0.14900100
v 5.29177000 -0.77974300 0.15133500
v 5.29168100 -0.77693500 0.14799800
v 5.29171700 -0.77830400 0.15193600
v 5.29161400 -0.77903800 0.14747000
v 5.29164700 -0.78028100 0.15104600
v 5.29153600 -0.77748100 0.14742200
v 5.29157400 -0.77606800 0.15050700
v 5.29150800 -0.77964400 0.14755900
v 5.29153600 -0.77589400 0.14955300
v 5.29157900 -0.77909100 0.15205200
v 5.29155300 -0.77652400 0.15136300
v 5.29153600 -0.78070300 0.15060100
v 5.29144100 -0.77601800 0.14859700
v 5.29142400 -0.78019700 0.14783400
v 5.29144500 -0.78096600 0.15004400
v 5.29147300 -0.77721600 0.15203900
v 5.29137700 -0.77817600 0.14704700
v 5.29137300 -0.78064200 0.14826700
v 5.29138500 -0.78104600 0.14942900
v 5.29142200 -0.77987000 0.15191600
v 5.29136000 -0.78093300 0.14881700
v 5.29130100 -0.77642800 0.14772900
v 5.29134400 -0.77807600 0.15246700
v 5.29122200 -0.77895500 0.14691200
v 5.29126500 -0.78056600 0.15154200
v 5.29112500 -0.77708400 0.14703600
v 5.29108300 -0.77974200 0.14702600
v 5.29115000 -0.77555900 0.15068900
v 5.29117700 -0.77902200 0.15260600
v 5.29110500 -0.77535900 0.14959700
v 5.29111900 -0.78111200 0.15096500
v 5.29112500 -0.77607900 0.15166800
v 5.29099800 -0.77550100 0.14850200
v 5.29097600 -0.78045700 0.14738300
v 5.29093500 -0.77792400 0.14658600
v 5.29100100 -0.78145200 0.15024400
v 5.29103400 -0.77687100 0.15244100
v 5.29090900 -0.78103300 0.14794300
v 5.29098900 -0.77996000 0.15244200
v 5.29092400 -0.78155600 0.14944800
v 5.29089200 -0.78141100 0.14865600
v 5.29083600 -0.77597000 0.14751000
v 5.29088500 -0.77785600 0.15293100
v 5.29074800 -0.77886100 0.14642200
v 5.29079900 -0.78079800 0.15199200
v 5.29063600 -0.77672100 0.14671600
v 5.29058100 -0.77980600 0.14656000
v 5.29069400 -0.77893700 0.15309000
v 5.29064600 -0.77511800 0.15084700
v 5.29059700 -0.77489900 0.14964500
v 5.29062500 -0.78145300 0.15129900
v 5.29061700 -0.77569100 0.15192600
v 5.29045200 -0.78066600 0.14698900
v 5.29047800 -0.77505500 0.14843900
v 5.29041900 -0.77768000 0.14620100
v 5.29048300 -0.78186400 0.15043200
v 5.29051800 -0.77656400 0.15277600
v 5.29048100 -0.78001000 0.15290300
v 5.29037100 -0.78135900 0.14766400
v 5.29038800 -0.78198800 0.14947400
v 5.29035000 -0.78181400 0.14852100
v 5.29029900 -0.77557200 0.14734500
v 5.29035500 -0.77764800 0.15331600
v 5.29020400 -0.77875200 0.14601400
v 5.29026200 -0.78096900 0.15238800
v 5.29008000 -0.77639900 0.14647200
v 5.29001300 -0.77983500 0.14617300
v 5.29014400 -0.77883900 0.15349200
v 5.29007300 -0.77475600 0.15097600
v 5.29006300 -0.78171900 0.15159500
v 5.29002200 -0.77452300 0.14969400
v 5.29004500 -0.77536900 0.15212900
v 5.28986400 -0.78081900 0.14666400
v 5.28989500 -0.77469000 0.14840700
v 5.28983900 -0.77745400 0.14590500
v 5.28990100 -0.78218900 0.15060200
v 5.28993800 -0.77630000 0.15303700
v 5.28990800 -0.78002100 0.15328500
v 5.28977400 -0.78161100 0.14743500
v 5.28979300 -0.78233100 0.14950700
v 5.28975000 -0.78213200 0.14841600
v 5.28970600 -0.77524100 0.14724000
v 5.28976400 -0.77745700 0.15361400
v 5.28960400 -0.77863600 0.14569800
v 5.28966800 -0.78107600 0.15271800
v 5.28947100 -0.77612400 0.14630800
v 5.28939400 -0.77982700 0.14587300
v 5.28954000 -0.77872900 0.15380100
v 5.28945000 -0.77448500 0.15107700
v 5.28944900 -0.78190300 0.15184500
v 5.28939600 -0.77424200 0.14974600
v 5.28942000 -0.77512200 0.15227400
v 5.28923000 -0.78091200 0.14641300
v 5.28926500 -0.77441600 0.14840800
v 5.28921400 -0.77725100 0.14570200
v 5.28927000 -0.78242000 0.15075100
v 5.28930900 -0.77608700 0.15321700
v 5.28928800 -0.77999000 0.15358000
v 5.28913000 -0.78178400 0.14726400
v 5.28915200 -0.78257700 0.14954500
v 5.28910300 -0.78235700 0.14834400
v 5.28906700 -0.77498900 0.14719500
v 5.28912800 -0.77728900 0.15381500
v 5.28896300 -0.77851300 0.14548200
v 5.28903200 -0.78111800 0.15297400
v 5.28882400 -0.77590500 0.14622800
v 5.28889600 -0.77861100 0.15400900
v 5.28873700 -0.77978400 0.14566900
v 5.28878800 -0.77430900 0.15114500
v 5.28879600 -0.78200000 0.15204200
v 5.28873300 -0.77406300 0.14979600
v 5.28875700 -0.77495400 0.15235600
v 5.28855700 -0.77707600 0.14560000
v 5.28856400 -0.78094200 0.14624600
v 5.28859900 -0.77423900 0.14844200
v 5.28860700 -0.78255200 0.15087600
v 5.28864400 -0.77593200 0.15331000
v 5.28863200 -0.77992100 0.15378100
v 5.28845700 -0.78187300 0.14715400
v 5.28847900 -0.78272000 0.14958800
v 5.28842800 -0.78248400 0.14830500
v 5.28840100 -0.77481900 0.14721500
v 5.28846200 -0.77714900 0.15391600
v 5.28829500 -0.77838500 0.14537000
v 5.28836700 -0.78109100 0.15315100
v 5.28815400 -0.77574700 0.14623500
v 5.28822600 -0.77848600 0.15411300
v 5.28806200 -0.77970600 0.14556500
v 5.28812400 -0.78200700 0.15218400
v 5.28810400 -0.77423300 0.15117700
v 5.28805200 -0.77399000 0.14984600
v 5.28807400 -0.77487000 0.15237400
v 5.28788500 -0.77693200 0.14559800
v 5.28788100 -0.78090900 0.14616300
v 5.28792000 -0.77416400 0.14850800
v 5.28792600 -0.78258000 0.15097200
v 5.28796300 -0.77583700 0.15331700
v 5.28796000 -0.77981200 0.15388200
v 5.28777100 -0.78187600 0.14710600
v 5.28779500 -0.78275400 0.14963400
v 5.28774100 -0.78251100 0.14830200
v 5.28772300 -0.77473600 0.14729600
v 5.28778300 -0.77703900 0.15391400
v 5.28762000 -0.77825800 0.14536700
v 5.28769100 -0.78099700 0.15324400
v 5.28747800 -0.77565300 0.14632900
v 5.28755000 -0.77835900 0.15410900
v 5.28738200 -0.77959500 0.14556400
v 5.28744500 -0.78192500 0.15226400
v 5.28741700 -0.77426000 0.15117500
v 5.28736500 -0.77402500 0.14989200
v 5.28738700 -0.77487200 0.15232600
v 5.28721300 -0.77682400 0.14569900
v 5.28720000 -0.78081200 0.14617000
v 5.28723800 -0.77419200 0.14860400
v 5.28724400 -0.78250600 0.15103700
v 5.28728100 -0.77580200 0.15323500
v 5.28728800 -0.77966900 0.15388000
v 5.28708700 -0.78179100 0.14712400
v 5.28711100 -0.78268100 0.14968300
v 5.28704800 -0.77474400 0.14743700
v 5.28705700 -0.78243400 0.14833600
v 5.28710700 -0.77696000 0.15381100
v 5.28695100 -0.77813300 0.14547000
v 5.28702100 -0.78083900 0.15325100
v 5.28681500 -0.77562700 0.14650500
v 5.28688300 -0.77823300 0.15399700
v 5.28671800 -0.77945400 0.14566500
v 5.28677800 -0.78175400 0.15228400
v 5.28674200 -0.77438600 0.15113700
v 5.28669400 -0.77416800 0.14993600
v 5.28671400 -0.77496100 0.15221600
v 5.28655800 -0.77675300 0.14590000
v 5.28653700 -0.78065700 0.14626300
v 5.28657500 -0.77432300 0.14872900
v 5.28658100 -0.78232900 0.15107200
v 5.28663100 -0.77949300 0.15377700
v 5.28661500 -0.77583200 0.15306700
v 5.28642600 -0.78162300 0.14720600
v 5.28644800 -0.78250200 0.14973400
v 5.28639700 -0.77484100 0.14763500
v 5.28639500 -0.78225900 0.14840200
v 5.28645300 -0.77691700 0.15360600
v 5.28630500 -0.77801500 0.14568000
v 5.28637500 -0.78062000 0.15317200
v 5.28617900 -0.77566700 0.14676300
v 5.28624200 -0.77810900 0.15378200
v 5.28608100 -0.77928600 0.14586600
v 5.28614000 -0.78150300 0.15224000
v 5.28609700 -0.77461200 0.15106500
v 5.28605300 -0.77441300 0.14997400
v 5.28607100 -0.77513300 0.15204400
v 5.28593700 -0.77672300 0.14619400
v 5.28590700 -0.78044300 0.14644200
v 5.28594400 -0.77455500 0.14887700
v 5.28600500 -0.77929000 0.15357500
v 5.28595000 -0.78205400 0.15107300
v 5.28598000 -0.77592500 0.15281600
v 5.28580100 -0.78137500 0.14735100
v 5.28582300 -0.78222200 0.14978500
v 5.28578300 -0.77502400 0.14788500
v 5.28577100 -0.78198700 0.14850300
v 5.28570100 -0.77790500 0.14598800
v 5.28583200 -0.77690900 0.15330600
v 5.28576500 -0.78034600 0.15300800
v 5.28558300 -0.77577500 0.14709200
v 5.28564200 -0.77799100 0.15346600
v 5.28549000 -0.77909600 0.14616300
v 5.28554500 -0.78117300 0.15213400
v 5.28549500 -0.77493000 0.15095900
v 5.28545700 -0.77475600 0.15000600
v 5.28547400 -0.77538500 0.15181600
v 5.28536600 -0.77673400 0.14657700
v 5.28532700 -0.78018200 0.14670300
v 5.28536100 -0.77488000 0.14904800
v 5.28542600 -0.77906400 0.15327900
v 5.28536700 -0.78169000 0.15104100
v 5.28539400 -0.77607700 0.15249100
v 5.28522800 -0.78105300 0.14755400
v 5.28522100 -0.77529100 0.14818100
v 5.28524900 -0.78184600 0.14983500
v 5.28520000 -0.78162700 0.14863400
v 5.28515000 -0.77780600 0.14639000
v 5.28526400 -0.77693800 0.15291900
v 5.28520900 -0.78002300 0.15276400
v 5.28504700 -0.77594700 0.14748800
v 5.28509700 -0.77788400 0.15305800
v 5.28496000 -0.77888900 0.14654800
v 5.28501000 -0.78077300 0.15197000
v 5.28495400 -0.77533300 0.15082500
v 5.28492200 -0.77518700 0.15003000
v 5.28485600 -0.77678500 0.14703700
v 5.28493600 -0.77571100 0.15153500
v 5.28481100 -0.77987400 0.14703900
v 5.28491000 -0.77882100 0.15289400
v 5.28484200 -0.77529100 0.14923600
v 5.28487000 -0.77628600 0.15209800
v 5.28484700 -0.78124200 0.15097700
v 5.28472000 -0.78066500 0.14781100
v 5.28472500 -0.77563200 0.14851400
v 5.28473900 -0.78138500 0.14988300
v 5.28466900 -0.77772200 0.14687400
v 5.28469600 -0.78118500 0.14879100
v 5.28476200 -0.77700200 0.15245300
v 5.28471900 -0.77965900 0.15244400
v 5.28458100 -0.77617700 0.14793800
v 5.28462300 -0.77778800 0.15256800
v 5.28450200 -0.77866600 0.14701300
v 5.28454500 -0.78031500 0.15175200
v 5.28448600 -0.77581000 0.15066300
v 5.28442300 -0.77687500 0.14756400
v 5.28446100 -0.77569900 0.15005000
v 5.28447100 -0.77610200 0.15121200
v 5.28446800 -0.77856700 0.15243300
v 5.28437200 -0.77952800 0.14744000
v 5.28440000 -0.77577800 0.14943600
v 5.28442000 -0.77654700 0.15164500
v 5.28440400 -0.78072600 0.15088300
v 5.28430900 -0.77604100 0.14887800
v 5.28429300 -0.78022000 0.14811600
v 5.28426600 -0.77765400 0.14742800
v 5.28430900 -0.78085000 0.14992600
v 5.28433800 -0.77710000 0.15192100
v 5.28427200 -0.78067600 0.14897200
v 5.28431000 -0.77926300 0.15205800
v 5.28419700 -0.77646300 0.14843400
v 5.28423000 -0.77770600 0.15201000
v 5.28412700 -0.77844000 0.14754400
v 5.28416400 -0.77980900 0.15148300
v 5.28407500 -0.77700000 0.14814400
v 5.28410100 -0.77635100 0.15047800
v 5.28408600 -0.77627500 0.15006100
v 5.28409200 -0.77654900 0.15085300
v 5.28411000 -0.77830900 0.15190500
v 5.28402100 -0.77915500 0.14789900
v 5.28404300 -0.77632900 0.14964300
v 5.28405700 -0.77685300 0.15114700
v 5.28404700 -0.78015000 0.15076200
v 5.28398200 -0.77650800 0.14926400
v 5.28395600 -0.77760300 0.14803900
v 5.28395400 -0.77973000 0.14846100
v 5.28400000 -0.77722800 0.15133500
v 5.28396800 -0.78025300 0.14996500
v 5.28398800 -0.77884700 0.15161600
v 5.28393600 -0.78010900 0.14917300
v 5.28390600 -0.77679500 0.14896100
v 5.28392800 -0.77764100 0.15139500
v 5.28384700 -0.77821000 0.14812900
v 5.28387500 -0.77926800 0.15117100
v 5.28382300 -0.77716200 0.14876400
v 5.28384600 -0.77805100 0.15132400
v 5.28381200 -0.77694100 0.15027500
v 5.28380300 -0.77690300 0.15006400
v 5.28380700 -0.77704200 0.15046400
v 5.28376500 -0.77876300 0.14840400
v 5.28378300 -0.77693100 0.14985300
v 5.28379000 -0.77719500 0.15061500
v 5.28378500 -0.77953200 0.15061500
v 5.28374100 -0.77757100 0.14869200
v 5.28375100 -0.77702100 0.14966000
v 5.28376100 -0.77738600 0.15070900
v 5.28376200 -0.77841800 0.15112600
v 5.28371400 -0.77920700 0.14883700
v 5.28372500 -0.77961100 0.15000000
v 5.28371200 -0.77716600 0.14950700
v 5.28370000 -0.77949900 0.14938600
v 5.28372300 -0.77759500 0.15074000
v 5.28366700 -0.77798500 0.14875300
v 5.28367000 -0.77735100 0.14940700
v 5.28368700 -0.77870500 0.15082400
v 5.28368300 -0.77780200 0.15070400
v 5.28362900 -0.77755900 0.14937100
v 5.28361100 -0.77836000 0.14894000
v 5.28364100 -0.77798800 0.15060400
v 5.28362400 -0.77756700 0.15005800
v 5.28362500 -0.77888400 0.15044500
v 5.28359200 -0.77776900 0.14940300
v 5.28360200 -0.77813300 0.15045000
v 5.28357600 -0.77866400 0.14923500
v 5.28358400 -0.77893800 0.15002600
v 5.28356700 -0.77886200 0.14960900
v 5.28356400 -0.77795900 0.14949600
v 5.28357000 -0.77822400 0.15025800
v 5.28354600 -0.77811100 0.14964600
v 5.28355100 -0.77825200 0.15004700
v 5.28354200 -0.77821400 0.14983500
v 5.27715500 -0.84289100 0.10798300
v 5.27715700 -0.84296200 0.10818600
v 5.27714100 -0.84288500 0.10776900
v 5.27714500 -0.84309000 0.10835700
v 5.27712600 -0.84221600 0.10810700
v 5.27711500 -0.84294500 0.10756400
v 5.27713100 -0.84235400 0.10850700
v 5.27712200 -0.84326500 0.10848000
v 5.27709800 -0.84220400 0.10768500
v 5.27710800 -0.84260700 0.10884600
v 5.27707800 -0.84306500 0.10738900
v 5.27709000 -0.84346600 0.10854400
v 5.27707600 -0.84356400 0.10786200
v 5.27704500 -0.84232200 0.10728100
v 5.27703800 -0.84323200 0.10726100
v 5.27706100 -0.84295200 0.10909100
v 5.27705000 -0.84367800 0.10854100
v 5.27699600 -0.84343100 0.10719300
v 5.27700700 -0.84387700 0.10847300
v 5.27697600 -0.84255800 0.10693600
v 5.27699200 -0.84155300 0.10823300
v 5.27699800 -0.84175700 0.10882200
v 5.27699700 -0.84335100 0.10921500
v 5.27695600 -0.84364200 0.10718900
v 5.27696600 -0.84404400 0.10834400
v 5.27694900 -0.84153700 0.10761300
v 5.27696500 -0.84213000 0.10932000
v 5.27692300 -0.84384400 0.10725400
v 5.27693200 -0.84416300 0.10817000
v 5.27689500 -0.84288900 0.10668200
v 5.27689900 -0.84401900 0.10737700
v 5.27690500 -0.84422300 0.10796400
v 5.27688900 -0.84414700 0.10754800
v 5.27691900 -0.84376800 0.10921000
v 5.27689000 -0.84421700 0.10775200
v 5.27687300 -0.84171000 0.10702000
v 5.27689600 -0.84263400 0.10967900
v 5.27681200 -0.84328200 0.10654700
v 5.27683500 -0.84416100 0.10907400
v 5.27677000 -0.84205700 0.10651200
v 5.27680100 -0.84322200 0.10986300
v 5.27673300 -0.84369900 0.10654000
v 5.27675300 -0.84091900 0.10835900
v 5.27676000 -0.84118500 0.10912000
v 5.27675300 -0.84449100 0.10882100
v 5.27669700 -0.84089900 0.10755400
v 5.27666800 -0.84409800 0.10666700
v 5.27665100 -0.84254200 0.10614000
v 5.27671800 -0.84166700 0.10976500
v 5.27668300 -0.84472800 0.10847700
v 5.27668600 -0.84383400 0.10985500
v 5.27662000 -0.84444100 0.10691100
v 5.27663200 -0.84484600 0.10807200
v 5.27659800 -0.84112400 0.10678700
v 5.27660000 -0.84469400 0.10725000
v 5.27660300 -0.84483400 0.10765000
v 5.27663000 -0.84232000 0.11023000
v 5.27652800 -0.84311900 0.10594100
v 5.27656300 -0.84441100 0.10965500
v 5.27646500 -0.84157300 0.10612900
v 5.27650600 -0.84308100 0.11046800
v 5.27641300 -0.84373100 0.10593300
v 5.27644300 -0.84489600 0.10928300
v 5.27641700 -0.84033200 0.10848000
v 5.27642400 -0.84065100 0.10939600
v 5.27635000 -0.84030600 0.10751200
v 5.27631200 -0.84220000 0.10564900
v 5.27631700 -0.84431800 0.10611800
v 5.27637500 -0.84123100 0.11017100
v 5.27634100 -0.84524300 0.10877700
v 5.27635700 -0.84387300 0.11045700
v 5.27624900 -0.84482300 0.10647600
v 5.27626500 -0.84541700 0.10818300
v 5.27623000 -0.84057700 0.10658900
v 5.27621700 -0.84519600 0.10697400
v 5.27622100 -0.84540100 0.10756200
v 5.27626800 -0.84201700 0.11073000
v 5.27615300 -0.84294800 0.10539100
v 5.27619700 -0.84462000 0.11019900
v 5.27607100 -0.84111700 0.10579800
v 5.27611900 -0.84293200 0.11101600
v 5.27600400 -0.84374000 0.10538100
v 5.27604400 -0.84524900 0.10971800
v 5.27599000 -0.83980400 0.10859300
v 5.27600000 -0.84016900 0.10964100
v 5.27588600 -0.84187300 0.10521900
v 5.27587900 -0.84450100 0.10561900
v 5.27591300 -0.83977400 0.10748700
v 5.27594000 -0.84083400 0.11052900
v 5.27591100 -0.84569700 0.10906100
v 5.27593900 -0.84388500 0.11100500
v 5.27579200 -0.84515400 0.10608300
v 5.27581200 -0.84592300 0.10829400
v 5.27577600 -0.84008400 0.10642900
v 5.27575000 -0.84563600 0.10672700
v 5.27575600 -0.84590200 0.10749000
v 5.27582100 -0.84173200 0.11116700
v 5.27569400 -0.84277200 0.10490800
v 5.27574700 -0.84478300 0.11069300
v 5.27559400 -0.84070200 0.10552500
v 5.27564900 -0.84277700 0.11149500
v 5.27551500 -0.84372500 0.10489700
v 5.27556200 -0.84554000 0.11011500
v 5.27548400 -0.83934900 0.10869700
v 5.27549600 -0.83975000 0.10985100
v 5.27538300 -0.84156800 0.10486300
v 5.27536500 -0.84464000 0.10518300
v 5.27540000 -0.83931600 0.10747700
v 5.27540300 -0.84608000 0.10932500
v 5.27544300 -0.84386900 0.11148100
v 5.27543100 -0.84048200 0.11082800
v 5.27525900 -0.84542600 0.10574200
v 5.27524900 -0.83965800 0.10631400
v 5.27528400 -0.84635100 0.10840100
v 5.27520800 -0.84600600 0.10651700
v 5.27529700 -0.84147300 0.11153200
v 5.27516400 -0.84259600 0.10450800
v 5.27521600 -0.84632500 0.10743400
v 5.27522500 -0.84489700 0.11112600
v 5.27504700 -0.84033900 0.10531800
v 5.27510800 -0.84262500 0.11189400
v 5.27495900 -0.84368700 0.10449400
v 5.27501400 -0.84576200 0.11046500
v 5.27491300 -0.83897700 0.10878700
v 5.27492300 -0.83940500 0.11001900
v 5.27481500 -0.84129100 0.10458800
v 5.27478600 -0.84473200 0.10482200
v 5.27482200 -0.83894400 0.10748600
v 5.27488200 -0.84382500 0.11187700
v 5.27483000 -0.84638000 0.10956100
v 5.27485500 -0.84018700 0.11106200
v 5.27466500 -0.84563200 0.10546000
v 5.27466200 -0.83930800 0.10624400
v 5.27469300 -0.84669000 0.10850200
v 5.27457400 -0.84242400 0.10419700
v 5.27471400 -0.84124500 0.11181400
v 5.27460700 -0.84629600 0.10634800
v 5.27461700 -0.84666100 0.10739700
v 5.27464100 -0.84495800 0.11148600
v 5.27444700 -0.84003400 0.10518000
v 5.27451000 -0.84247400 0.11220000
v 5.27434700 -0.84362500 0.10418100
v 5.27440900 -0.84591100 0.11075700
v 5.27428800 -0.83869900 0.10886300
v 5.27419800 -0.84105000 0.10440300
v 5.27430000 -0.83914500 0.11014200
v 5.27415900 -0.84477700 0.10454300
v 5.27419300 -0.83866400 0.10751100
v 5.27426900 -0.84375700 0.11218400
v 5.27420800 -0.84659200 0.10976300
v 5.27422800 -0.83995600 0.11122600
v 5.27146000 -0.81699100 -0.03389900
v 5.27146200 -0.81706100 -0.03369700
v 5.27402600 -0.84576700 0.10524600
v 5.27144500 -0.81698400 -0.03411400
v 5.27145100 -0.81718900 -0.03352600
v 5.27402700 -0.83904200 0.10622000
v 5.27143200 -0.81631500 -0.03377600
v 5.27141900 -0.81704400 -0.03431800
v 5.27143600 -0.81645400 -0.03337500
v 5.27405700 -0.84693300 0.10859700
v 5.27142700 -0.81736400 -0.03340200
v 5.27140200 -0.81630300 -0.03419800
v 5.27141400 -0.81670800 -0.03303600
v 5.27138300 -0.81716400 -0.03449300
v 5.27394100 -0.84225900 0.10398500
v 5.27407900 -0.84105300 0.11200500
v 5.27138100 -0.81766300 -0.03402000
v 5.27139300 -0.81756600 -0.03333900
v 5.27396200 -0.84649900 0.10622400
v 5.27135100 -0.81642200 -0.03460200
v 5.27397300 -0.84690100 0.10737900
v 5.27134300 -0.81733100 -0.03462100
v 5.27136700 -0.81705100 -0.03279200
v 5.27135400 -0.81777700 -0.03334200
v 5.27401300 -0.84496500 0.11176500
v 5.27130000 -0.81753100 -0.03469000
v 5.27131100 -0.81797500 -0.03341000
v 5.27128100 -0.81665700 -0.03494700
v 5.27129700 -0.81565200 -0.03364900
v 5.27130200 -0.81585700 -0.03306100
v 5.27130200 -0.81745000 -0.03266700
v 5.27126000 -0.81774100 -0.03469300
v 5.27127100 -0.81814300 -0.03353900
v 5.27125300 -0.81563500 -0.03427000
v 5.27126900 -0.81622900 -0.03256300
v 5.27122700 -0.81794400 -0.03462900
v 5.27380400 -0.83979600 0.10511800
v 5.27123600 -0.81826200 -0.03371300
v 5.27120000 -0.81698800 -0.03520000
v 5.27120400 -0.81811700 -0.03450600
v 5.27120900 -0.81832200 -0.03391800
v 5.27122400 -0.81786700 -0.03267200
v 5.27119200 -0.81824600 -0.03433400
v 5.27119400 -0.81831600 -0.03413100
v 5.27117700 -0.81580800 -0.03486300
v 5.27120200 -0.81673300 -0.03220400
v 5.27387000 -0.84233100 0.11240700
v 5.27369900 -0.84354200 0.10396800
v 5.27111600 -0.81738100 -0.03533600
v 5.27114000 -0.81825900 -0.03280800
v 5.27107500 -0.81615500 -0.03537000
v 5.27376300 -0.84598300 0.11098600
v 5.27110600 -0.81732100 -0.03202000
v 5.27103900 -0.81779700 -0.03534200
v 5.27105900 -0.81501800 -0.03352400
v 5.27106000 -0.81859000 -0.03306100
v 5.27106500 -0.81528400 -0.03276200
v 5.27100300 -0.81499800 -0.03432900
v 5.27097300 -0.81819700 -0.03521600
v 5.27354600 -0.84085300 0.10430900
v 5.27095700 -0.81664100 -0.03574200
v 5.27102300 -0.81576500 -0.03211800
v 5.27362500 -0.83852200 0.10892100
v 5.27098900 -0.81882700 -0.03340600
v 5.27363800 -0.83897100 0.11021800
v 5.27099000 -0.81793200 -0.03202800
v 5.27092700 -0.81854100 -0.03497300
v 5.27349800 -0.84477100 0.10435400
v 5.27093800 -0.81894400 -0.03381100
v 5.27090300 -0.81522300 -0.03509600
v 5.27362000 -0.84366200 0.11239000
v 5.27353100 -0.83848600 0.10755400
v 5.27090400 -0.81879400 -0.03463300
v 5.27090800 -0.81893400 -0.03423300
v 5.27093400 -0.81642000 -0.03165300
v 5.27354800 -0.84670800 0.10992500
v 5.27356500 -0.83979300 0.11131500
v 5.27083200 -0.81721900 -0.03594200
v 5.27086800 -0.81851000 -0.03222700
v 5.27077000 -0.81567100 -0.03575300
v 5.27335500 -0.84582900 0.10510500
v 5.27336300 -0.83886800 0.10624700
v 5.27081000 -0.81718000 -0.03141500
v 5.27071800 -0.81783100 -0.03595000
v 5.27338900 -0.84707300 0.10868200
v 5.27328000 -0.84210800 0.10387500
v 5.27074900 -0.81899600 -0.03260000
v 5.27341600 -0.84090400 0.11210500
v 5.27072100 -0.81443100 -0.03340300
v 5.27073000 -0.81475000 -0.03248600
v 5.27328700 -0.84661000 0.10614900
v 5.27329800 -0.84703800 0.10738100
v 5.27065300 -0.81440500 -0.03437100
v 5.27061700 -0.81629900 -0.03623400
v 5.27335300 -0.84491800 0.11195600
v 5.27062100 -0.81841800 -0.03576500
v 5.27067900 -0.81533100 -0.03171100
v 5.27064600 -0.81934200 -0.03310600
v 5.27066200 -0.81797200 -0.03142500
v 5.27055300 -0.81892200 -0.03540700
v 5.27313600 -0.83963200 0.10513000
v 5.27057000 -0.81951600 -0.03370000
v 5.27053400 -0.81467600 -0.03529400
v 5.27052100 -0.81929500 -0.03490900
v 5.27052700 -0.81950000 -0.03432000
v 5.27057300 -0.81611600 -0.03115300
v 5.27045800 -0.81704700 -0.03649200
v 5.27320300 -0.84219800 0.11251100
v 5.27302700 -0.84343900 0.10385800
v 5.27050200 -0.81871900 -0.03168300
v 5.27309500 -0.84597500 0.11114700
v 5.27037400 -0.81521600 -0.03608500
v 5.27042400 -0.81703100 -0.03086700
v 5.27030800 -0.81784000 -0.03650200
v 5.27287500 -0.84070200 0.10431100
v 5.27034800 -0.81934700 -0.03216400
v 5.27294300 -0.83844700 0.10896300
v 5.27295400 -0.83889300 0.11024300
v 5.27029500 -0.81390300 -0.03329000
v 5.27030500 -0.81426700 -0.03224200
v 5.27281800 -0.84471600 0.10425900
v 5.27294900 -0.84354700 0.11249200
v 5.27019100 -0.81597100 -0.03666300
v 5.27284900 -0.83841100 0.10761100
v 5.27018300 -0.81860000 -0.03626300
v 5.27021800 -0.81387400 -0.03439600
v 5.27287200 -0.84672800 0.11004400
v 5.27288300 -0.83970500 0.11132500
v 5.27024600 -0.81493200 -0.03135400
v 5.27021600 -0.81979700 -0.03282100
v 5.27024400 -0.81798400 -0.03087800
v 5.27009600 -0.81925200 -0.03580000
v 5.27011700 -0.82002200 -0.03358900
v 5.27008200 -0.81418400 -0.03545400
v 5.27267000 -0.84581500 0.10503800
v 5.27268200 -0.83879000 0.10632000
v 5.27005300 -0.81973600 -0.03515500
v 5.27006100 -0.82000100 -0.03439300
v 5.27270500 -0.84710600 0.10875300
v 5.27012500 -0.81583100 -0.03071500
v 5.27260400 -0.84197200 0.10387200
v 5.26999800 -0.81687100 -0.03697400
v 5.27273500 -0.84080100 0.11210600
v 5.27259900 -0.84662600 0.10612300
v 5.27005300 -0.81888300 -0.03118900
v 5.27261100 -0.84707100 0.10740300
v 5.27267900 -0.84481700 0.11205300
v 5.26989900 -0.81480100 -0.03635800
v 5.26995400 -0.81687700 -0.03038700
v 5.27245900 -0.83954400 0.10521700
v 5.26982000 -0.81782400 -0.03698600
v 5.26986700 -0.81963900 -0.03176700
v 5.27252600 -0.84207900 0.11250700
v 5.27235000 -0.84332000 0.10385500
v 5.26978900 -0.81344800 -0.03318600
v 5.26979900 -0.81384800 -0.03203100
v 5.26968700 -0.81566600 -0.03702000
v 5.27241800 -0.84588700 0.11123500
v 5.26966900 -0.81873900 -0.03670000
v 5.26970500 -0.81341600 -0.03440600
v 5.26974900 -0.81796800 -0.03040100
v 5.26970800 -0.82017900 -0.03255800
v 5.26973500 -0.81458200 -0.03105500
v 5.27220100 -0.84060100 0.10440900
v 5.27225500 -0.83848000 0.10898400
v 5.26956500 -0.81952500 -0.03614100
v 5.27226600 -0.83890800 0.11021600
v 5.27213800 -0.84461400 0.10426100
v 5.26955400 -0.81375700 -0.03556900
v 5.26958800 -0.82044900 -0.03348200
v 5.27227600 -0.84341000 0.11249000
v 5.27216500 -0.83844600 0.10768400
v 5.26951300 -0.82010600 -0.03536500
v 5.26960200 -0.81557200 -0.03035000
v 5.26946900 -0.81669500 -0.03737500
v 5.26952200 -0.82042400 -0.03444900
v 5.27219200 -0.84665000 0.11011800
v 5.27219800 -0.83968900 0.11126000
v 5.26952900 -0.81899600 -0.03075600
v 5.27198800 -0.84572500 0.10505100
v 5.27200400 -0.83881000 0.10644100
v 5.26935200 -0.81443700 -0.03656500
v 5.27202300 -0.84703400 0.10881200
v 5.27193400 -0.84185700 0.10397600
v 5.27205600 -0.84074700 0.11201200
v 5.26941400 -0.81672400 -0.02998900
v 5.27191600 -0.84654700 0.10614600
v 5.26926200 -0.81778500 -0.03738900
v 5.27192700 -0.84699700 0.10744300
v 5.27200700 -0.84466700 0.11205600
v 5.26931900 -0.81986200 -0.03141800
v 5.27179000 -0.83953700 0.10537800
v 5.26921700 -0.81307600 -0.03309600
v 5.26922800 -0.81350500 -0.03186300
v 5.26912100 -0.81539000 -0.03729400
v 5.27185400 -0.84197600 0.11239700
v 5.26909100 -0.81883200 -0.03706000
v 5.26912800 -0.81304200 -0.03439700
v 5.27168300 -0.84318700 0.10395800
v 5.26918900 -0.81792400 -0.03000500
v 5.26913500 -0.82047900 -0.03232200
v 5.26915900 -0.81428600 -0.03082000
v 5.27174900 -0.84572200 0.11124700
v 5.26897100 -0.81973100 -0.03642200
v 5.26896700 -0.81340600 -0.03563900
v 5.26899900 -0.82078900 -0.03338000
v 5.27154200 -0.84055300 0.10460000
v 5.26887900 -0.81652300 -0.03768500
v 5.26901800 -0.81534300 -0.03006900
v 5.26891200 -0.82039600 -0.03553400
v 5.27158200 -0.83861700 0.10898700
v 5.26892200 -0.82076100 -0.03448600
v 5.27159200 -0.83901900 0.11014100
v 5.27147200 -0.84446500 0.10435900
v 5.27161400 -0.84325900 0.11238100
v 5.26894700 -0.81905700 -0.03039600
v 5.27149700 -0.83858500 0.10776700
v 5.27152600 -0.84647700 0.11014300
v 5.27152700 -0.83975100 0.11111700
v 5.26875100 -0.81413300 -0.03670200
v 5.27132700 -0.84556200 0.10513900
v 5.27134600 -0.83892600 0.10660300
v 5.26881600 -0.81657300 -0.02968300
v 5.27128400 -0.84176300 0.10418200
v 5.26865300 -0.81772400 -0.03770200
v 5.27136000 -0.84685400 0.10885300
v 5.27139500 -0.84074100 0.11182200
v 5.27125500 -0.84637500 0.10622200
v 5.26871400 -0.82001000 -0.03112600
v 5.27135600 -0.84446800 0.11196200
v 5.27126600 -0.84681900 0.10750200
v 5.26859300 -0.81279900 -0.03302000
v 5.26850300 -0.81514900 -0.03748000
v 5.27114500 -0.83960600 0.10560800
v 5.26860500 -0.81324400 -0.03174000
v 5.26846500 -0.81887600 -0.03733900
v 5.26849900 -0.81276300 -0.03437100
v 5.27120600 -0.84189400 0.11218300
v 5.26857400 -0.81785600 -0.02969900
v 5.27104200 -0.84304400 0.10416500
v 5.26851300 -0.82069000 -0.03212000
v 5.26853300 -0.81405500 -0.03065700
v 5.27110800 -0.84548600 0.11118400
v 5.26833100 -0.81986700 -0.03663600
v 5.26833100 -0.81314100 -0.03566200
v 5.26836200 -0.82103200 -0.03328500
v 5.27091200 -0.84056000 0.10487900
v 5.26824600 -0.81635900 -0.03789700
v 5.26838500 -0.81515200 -0.02987700
v 5.26826600 -0.82059900 -0.03565800
v 5.27093600 -0.83885800 0.10896900
v 5.26827600 -0.82100000 -0.03450500
v 5.27094600 -0.83922200 0.11001700
v 5.27084200 -0.84427500 0.10455200
v 5.27097800 -0.84309500 0.11216800
v 5.26831700 -0.81906500 -0.03011700
v 5.27086000 -0.83882900 0.10786200
v 5.27089300 -0.84621100 0.11012100
v 5.27088800 -0.83988700 0.11090400
v 5.26810800 -0.81389500 -0.03676500
v 5.27069900 -0.84533200 0.10530300
v 5.27072300 -0.83913800 0.10680400
v 5.27067200 -0.84169300 0.10448700
v 5.26817600 -0.81642900 -0.02947600
v 5.27073200 -0.84657500 0.10887900
v 5.27076700 -0.84078600 0.11154200
v 5.26800400 -0.81764000 -0.03791500
v 5.27073800 -0.84422700 0.11177600
v 5.27063000 -0.84611300 0.10634500
v 5.27064000 -0.84653900 0.10757700
v 5.26806900 -0.82008200 -0.03089600
v 5.27054100 -0.83975600 0.10590100
v 5.26785100 -0.81495200 -0.03757300
v 5.26793000 -0.81262000 -0.03296100
v 5.27059500 -0.84183200 0.11187200
v 5.26794300 -0.81307000 -0.03166500
v 5.27044500 -0.84289400 0.10447100
v 5.26780400 -0.81887100 -0.03752900
v 5.26792500 -0.81776100 -0.02949300
v 5.26783500 -0.81258500 -0.03432900
v 5.27050500 -0.84518100 0.11104700
v 5.26785500 -0.82080700 -0.03195800
v 5.26787000 -0.81389200 -0.03056800
v 5.27032900 -0.84062100 0.10523800
v 5.26766100 -0.81992800 -0.03677700
v 5.26766600 -0.81296700 -0.03563500
v 5.27039100 -0.84292200 0.11185700
v 5.27033700 -0.83919300 0.10893200
v 5.27025600 -0.84404700 0.10483300
v 5.27034600 -0.83951200 0.10984800
v 5.26769400 -0.82117200 -0.03320200
v 5.26758400 -0.81620700 -0.03800700
v 5.27027000 -0.83916900 0.10796400
v 5.27030400 -0.84586100 0.11005200
v 5.26772100 -0.81500400 -0.02977800
v 5.27029500 -0.84009300 0.11062300
v 5.26759100 -0.82070900 -0.03573400
v 5.26760300 -0.82113700 -0.03450200
v 5.26765700 -0.81901600 -0.02992700
v 5.27012300 -0.84503700 0.10553600
v 5.27011100 -0.84165000 0.10488300
v 5.27015100 -0.83943800 0.10704000
v 5.27015400 -0.84620100 0.10888800
v 5.27018900 -0.84087900 0.11118200
v 5.26744100 -0.81373100 -0.03675300
v 5.27017100 -0.84395100 0.11150200
v 5.27005900 -0.84576900 0.10651400
v 5.27006900 -0.84617000 0.10766900
v 5.26750900 -0.81629700 -0.02937200
v 5.26733300 -0.81753900 -0.03802500
v 5.26999100 -0.83997800 0.10625100
v 5.27004000 -0.84179300 0.11146900
v 5.26990500 -0.84274000 0.10486900
v 5.26739900 -0.82007300 -0.03073500
v 5.26852500 -0.85886100 0.03210300
v 5.26851700 -0.85882200 0.03189200
v 5.26852000 -0.85896100 0.03229200
v 5.26996000 -0.84481700 0.11084000
v 5.26849600 -0.85885000 0.03168000
v 5.26850300 -0.85911500 0.03244300
v 5.26849900 -0.85821100 0.03233000
v 5.26848400 -0.85813400 0.03191300
v 5.26849000 -0.85841000 0.03270400
v 5.26846500 -0.85894000 0.03148900
v 5.26717900 -0.81480000 -0.03757100
v 5.26847400 -0.85930400 0.03253600
v 5.26844200 -0.85818900 0.03149500
v 5.26724600 -0.81254700 -0.03292000
v 5.26844300 -0.85950600 0.03187900
v 5.26980600 -0.84073500 0.10567100
v 5.26842700 -0.85908500 0.03133500
v 5.26845600 -0.85871200 0.03299900
v 5.26725900 -0.81299200 -0.03164000
v 5.26843700 -0.85951300 0.03256700
v 5.26712400 -0.81881600 -0.03762400
v 5.26838400 -0.85927000 0.03123600
v 5.26838100 -0.85836800 0.03111500
v 5.26986000 -0.84274600 0.11145700
v 5.26725500 -0.81764500 -0.02939000
v 5.26839600 -0.85972100 0.03253200
v 5.26973300 -0.84378600 0.10519700
v 5.26715400 -0.81251100 -0.03427100
v 5.26839900 -0.85908900 0.03318600
v 5.26979700 -0.83961700 0.10887600
v 5.26980400 -0.83988200 0.10963700
v 5.26834200 -0.85947800 0.03119900
v 5.26836700 -0.85757300 0.03255200
v 5.26717700 -0.82082800 -0.03183900
v 5.26835400 -0.85990700 0.03243100
v 5.26834300 -0.85746200 0.03194000
v 5.26718700 -0.81380300 -0.03055800
v 5.26977800 -0.84543400 0.10993600
v 5.26974300 -0.83959600 0.10807200
v 5.26835300 -0.85786500 0.03310300
v 5.26830300 -0.85865500 0.03081200
v 5.26830500 -0.85968700 0.03123000
v 5.26976300 -0.84036400 0.11028100
v 5.26831500 -0.86005100 0.03227800
v 5.26832700 -0.85950200 0.03324700
v 5.26828300 -0.85754200 0.03132500
v 5.26827800 -0.85987800 0.03132500
v 5.26828500 -0.86014200 0.03208700
v 5.26830200 -0.85831000 0.03353600
v 5.26826000 -0.86003100 0.03147500
v 5.26826400 -0.86017000 0.03187400
v 5.26825400 -0.86013200 0.03166300
v 5.26961500 -0.84163400 0.10536100
v 5.26964300 -0.83982100 0.10730300
v 5.26961200 -0.84468600 0.10583600
v 5.26697600 -0.81991400 -0.03684400
v 5.26822000 -0.85902100 0.03061500
v 5.26698700 -0.81288900 -0.03556200
v 5.26824500 -0.85991100 0.03317600
v 5.26964000 -0.84574400 0.10887800
v 5.26967400 -0.84101800 0.11074500
v 5.26819100 -0.85780400 0.03076800
v 5.26701000 -0.82120500 -0.03312900
v 5.26966800 -0.84364500 0.11114600
v 5.26691000 -0.81607200 -0.03801100
v 5.26821900 -0.85886300 0.03381000
v 5.26704100 -0.81490000 -0.02977700
v 5.26955500 -0.84535000 0.10672300
v 5.26813800 -0.85943100 0.03054300
v 5.26956400 -0.84571500 0.10777200
v 5.26690400 -0.82072500 -0.03576000
v 5.26691500 -0.82117000 -0.03448000
v 5.26816100 -0.86027700 0.03297800
v 5.26951000 -0.84026900 0.10664700
v 5.26698400 -0.81891600 -0.02982900
v 5.26813000 -0.85696400 0.03276700
v 5.26808000 -0.85822700 0.03032300
v 5.26810000 -0.85681900 0.03197300
v 5.26806500 -0.85984400 0.03060400
v 5.26954900 -0.84177800 0.11098500
v 5.26811300 -0.85734300 0.03347800
v 5.26943600 -0.84258700 0.10534800
v 5.26811200 -0.85946900 0.03389900
v 5.26808500 -0.86056400 0.03267600
v 5.26802000 -0.85692300 0.03117800
v 5.26676500 -0.81364300 -0.03666500
v 5.26948400 -0.84440100 0.11056700
v 5.26800900 -0.86022000 0.03079300
v 5.26802300 -0.86074400 0.03229600
v 5.26804700 -0.85791800 0.03404000
v 5.26795700 -0.85876400 0.03003400
v 5.26797400 -0.86052300 0.03108600
v 5.26935800 -0.84089900 0.10616600
v 5.26798200 -0.86079800 0.03187700
v 5.26796600 -0.86072200 0.03146000
v 5.26683200 -0.81617800 -0.02937500
v 5.26799200 -0.86007100 0.03379400
v 5.26665500 -0.81741900 -0.03802800
v 5.26940100 -0.84257100 0.11097500
v 5.26790200 -0.85726400 0.03045700
v 5.26928700 -0.84350100 0.10563600
v 5.26933300 -0.84011800 0.10880200
v 5.26933700 -0.84032200 0.10939100
v 5.26794000 -0.85863300 0.03439500
v 5.26932400 -0.84494200 0.10977700
v 5.26928900 -0.84010200 0.10818200
v 5.26672400 -0.81998600 -0.03064800
v 5.26783700 -0.85936600 0.02992900
v 5.26930500 -0.84069500 0.10988900
v 5.26787000 -0.86061000 0.03350600
v 5.26919700 -0.84164500 0.10590600
v 5.26921200 -0.84027500 0.10758800
v 5.26918000 -0.84428800 0.10619400
v 5.26775700 -0.85780900 0.02988100
v 5.26923700 -0.84120000 0.11024700
v 5.26650600 -0.81470000 -0.03747300
v 5.26924200 -0.84331800 0.11071600
v 5.26920400 -0.84521200 0.10885300
v 5.26779600 -0.85639800 0.03296700
v 5.26772900 -0.85997300 0.03001800
v 5.26656100 -0.81257900 -0.03289900
v 5.26775700 -0.85622300 0.03201200
v 5.26780000 -0.85941900 0.03451000
v 5.26657300 -0.81300700 -0.03166600
v 5.26912900 -0.84486800 0.10696900
v 5.26777500 -0.85685300 0.03382300
v 5.26775700 -0.86103200 0.03306100
v 5.26913700 -0.84518600 0.10788600
v 5.26644400 -0.81871300 -0.03762200
v 5.26910900 -0.84062200 0.10708100
v 5.26658100 -0.81751000 -0.02939200
v 5.26647000 -0.81254600 -0.03419900
v 5.26914000 -0.84178700 0.11043200
v 5.26904900 -0.84243800 0.10589700
v 5.26766300 -0.85634700 0.03105600
v 5.26764600 -0.86052600 0.03029300
v 5.26649800 -0.82074900 -0.03176400
v 5.26650300 -0.81378900 -0.03062200
v 5.26766800 -0.86129500 0.03250300
v 5.26769500 -0.85754400 0.03449800
v 5.26760000 -0.85850500 0.02950600
v 5.26908900 -0.84394600 0.11023500
v 5.26759500 -0.86097000 0.03072700
v 5.26899000 -0.84110700 0.10670900
v 5.26760700 -0.86137400 0.03188800
v 5.26764500 -0.86019800 0.03437500
v 5.26758200 -0.86126200 0.03127700
v 5.26902500 -0.84239900 0.11042400
v 5.26629400 -0.81982400 -0.03683200
v 5.26631000 -0.81290900 -0.03544200
v 5.26752100 -0.85675700 0.03018700
v 5.26892400 -0.84319800 0.10613600
v 5.26895000 -0.84068400 0.10871500
v 5.26632800 -0.82113200 -0.03307200
v 5.26895500 -0.84082400 0.10911500
v 5.26623800 -0.81595500 -0.03790700
v 5.26895600 -0.84439500 0.10957800
v 5.26892100 -0.84067200 0.10829300
v 5.26756500 -0.85840500 0.03492700
v 5.26636200 -0.81484600 -0.02987100
v 5.26893200 -0.84107800 0.10945400
v 5.26744300 -0.85928400 0.02937000
v 5.26886800 -0.84168400 0.10651100
v 5.26622100 -0.82064500 -0.03573600
v 5.26886900 -0.84079200 0.10788800
v 5.26623300 -0.82109600 -0.03444000
v 5.26883600 -0.84385100 0.10660000
v 5.26890200 -0.84297600 0.11022500
v 5.26631300 -0.81876500 -0.02982600
v 5.26748700 -0.86089500 0.03400100
v 5.26888600 -0.84142000 0.10969800
v 5.26885700 -0.84462000 0.10881000
v 5.26880000 -0.84102700 0.10754300
v 5.26879300 -0.84433500 0.10724400
v 5.26880000 -0.84459900 0.10800600
v 5.26734600 -0.85741300 0.02949500
v 5.26882000 -0.84182000 0.10982300
v 5.26875400 -0.84229700 0.10650300
v 5.26609400 -0.81363500 -0.03650300
v 5.26730500 -0.86007100 0.02948600
v 5.26737100 -0.85588700 0.03314800
v 5.26878400 -0.84346200 0.10985300
v 5.26739800 -0.85935000 0.03506500
v 5.26871900 -0.84135700 0.10729100
v 5.26732700 -0.85568800 0.03205600
v 5.26734100 -0.86144100 0.03342500
v 5.26734600 -0.85640800 0.03412800
v 5.26874300 -0.84223700 0.10981900
v 5.26615900 -0.81607600 -0.02948600
v 5.26598700 -0.81728600 -0.03792500
v 5.26865800 -0.84288300 0.10668700
v 5.26868200 -0.84380800 0.10934600
v 5.26866400 -0.84130100 0.10861400
v 5.26863600 -0.84175100 0.10715500
v 5.26866600 -0.84137200 0.10881600
v 5.26721900 -0.85583000 0.03096100
v 5.26719700 -0.86078600 0.02984100
v 5.26864900 -0.84129500 0.10840000
v 5.26865400 -0.84150000 0.10898800
v 5.26865800 -0.84262900 0.10968200
v 5.26862300 -0.84135500 0.10819600
v 5.26715700 -0.85825200 0.02904500
v 5.26605500 -0.81982100 -0.03063600
v 5.26722300 -0.86178200 0.03270300
v 5.26863100 -0.84167400 0.10911200
v 5.26725500 -0.85720000 0.03490000
v 5.26858900 -0.84338900 0.10704600
v 5.26860500 -0.84398200 0.10875300
v 5.26858800 -0.84147600 0.10802100
v 5.26859900 -0.84187600 0.10917500
v 5.26855700 -0.84216700 0.10714800
v 5.26713200 -0.86136200 0.03040400
v 5.26855600 -0.84376100 0.10754400
v 5.26721100 -0.86028800 0.03490200
v 5.26856100 -0.84396700 0.10813100
v 5.26714500 -0.86188500 0.03190700
v 5.26857800 -0.84295900 0.10943000
v 5.26854600 -0.84164200 0.10789300
v 5.26855900 -0.84208800 0.10917300
v 5.26711300 -0.86174000 0.03111400
v 5.26584500 -0.81465200 -0.03728300
v 5.26850400 -0.84184200 0.10782400
v 5.26849200 -0.84256700 0.10727500
v 5.26705700 -0.85629900 0.02996900
v 5.26851700 -0.84228600 0.10910400
v 5.26588700 -0.81271700 -0.03289600
v 5.26850800 -0.84319700 0.10908400
v 5.26589700 -0.81311900 -0.03174100
v 5.26847800 -0.84195400 0.10850200
v 5.26846400 -0.84205200 0.10782100
v 5.26577800 -0.81856300 -0.03752300
v 5.26591700 -0.81735700 -0.02950200
v 5.26847400 -0.84245400 0.10897500
v 5.26844500 -0.84291100 0.10751800
v 5.26710700 -0.85818500 0.03538900
v 5.26845600 -0.84331400 0.10868100
v 5.26843200 -0.84225500 0.10788400
v 5.26696900 -0.85918900 0.02888100
v 5.26580100 -0.81268500 -0.03411500
v 5.26842300 -0.84316400 0.10785800
v 5.26844000 -0.84257300 0.10880100
v 5.26842600 -0.84330400 0.10825700
v 5.26583200 -0.82057600 -0.03173900
v 5.26840700 -0.84242800 0.10800700
v 5.26841300 -0.84263200 0.10859600
v 5.26583200 -0.81384800 -0.03076500
v 5.26839700 -0.84255600 0.10818000
v 5.26839800 -0.84262800 0.10838200
v 5.26702100 -0.86112600 0.03445100
v 5.26685800 -0.85705000 0.02917600
v 5.26563100 -0.81966200 -0.03674400
v 5.26565200 -0.81302600 -0.03528000
v 5.26558900 -0.81586200 -0.03770100
v 5.26566400 -0.82095300 -0.03302900
v 5.26680300 -0.86013500 0.02902100
v 5.26691600 -0.85926600 0.03555000
v 5.26569900 -0.81484100 -0.03006000
v 5.26686700 -0.85544700 0.03330500
v 5.26681900 -0.85522700 0.03210400
v 5.26684600 -0.86178200 0.03375900
v 5.26556000 -0.82047400 -0.03566000
v 5.26566100 -0.81856600 -0.02992000
v 5.26557100 -0.82091800 -0.03438000
v 5.26684000 -0.85602000 0.03438500
v 5.26667300 -0.86099500 0.02944800
v 5.26669900 -0.85538400 0.03089800
v 5.26545000 -0.81370500 -0.03627500
v 5.26664000 -0.85800900 0.02866100
v 5.26670400 -0.86219300 0.03289100
v 5.26674100 -0.85689200 0.03523600
v 5.26551000 -0.81599200 -0.02970000
v 5.26670200 -0.86033900 0.03536200
v 5.26534700 -0.81714300 -0.03771800
v 5.26659300 -0.86168800 0.03012400
v 5.26661100 -0.86231700 0.03193400
v 5.26657200 -0.86214300 0.03098000
v 5.26541200 -0.81958500 -0.03069800
v 5.26652100 -0.85590100 0.02980500
v 5.26657700 -0.85797700 0.03577600
v 5.26521700 -0.81465900 -0.03700300
v 5.26642600 -0.85908100 0.02847300
v 5.26524300 -0.81295700 -0.03291400
v 5.26648400 -0.86129800 0.03484700
v 5.26525200 -0.81332100 -0.03186500
v 5.26514600 -0.81837400 -0.03733100
v 5.26528500 -0.81719400 -0.02971400
v 5.26516500 -0.81292800 -0.03402000
v 5.26519800 -0.82031100 -0.03176100
v 5.26630100 -0.85672800 0.02893100
v 5.26519300 -0.81398500 -0.03097800
v 5.26623400 -0.86016400 0.02863300
v 5.26636600 -0.85916800 0.03595000
v 5.26500300 -0.81943000 -0.03657900
v 5.26629500 -0.85508500 0.03343700
v 5.26502800 -0.81323700 -0.03507900
v 5.26497700 -0.81579100 -0.03739600
v 5.26628500 -0.86204800 0.03405400
v 5.26624400 -0.85485200 0.03215300
v 5.26503700 -0.82067400 -0.03300300
v 5.26507200 -0.81488500 -0.03034000
v 5.26626600 -0.85569800 0.03458800
v 5.26504300 -0.81832700 -0.03010600
v 5.26493500 -0.82021100 -0.03553700
v 5.26494600 -0.82064100 -0.03430500
v 5.26608600 -0.86114800 0.02912200
v 5.26611700 -0.85501900 0.03086700
v 5.26606200 -0.85778300 0.02836400
v 5.26612300 -0.86251800 0.03306100
v 5.26484500 -0.81385500 -0.03598200
v 5.26615900 -0.85662800 0.03549600
v 5.26613000 -0.86035000 0.03574400
v 5.26490100 -0.81593100 -0.03001100
v 5.26599500 -0.86194000 0.02989600
v 5.26475000 -0.81699400 -0.03741200
v 5.26601500 -0.86266000 0.03196600
v 5.26597200 -0.86246100 0.03087400
v 5.26481100 -0.81928000 -0.03083600
v 5.26592700 -0.85557000 0.02969900
v 5.26598600 -0.85778600 0.03607300
v 5.26463400 -0.81472000 -0.03664400
v 5.26582600 -0.85896500 0.02815700
v 5.26464200 -0.81329300 -0.03295100
v 5.26469500 -0.81702100 -0.03002600
v 5.26456100 -0.81814500 -0.03704900
v 5.26465100 -0.81361100 -0.03203400
v 5.26588900 -0.86140500 0.03517600
v 5.26457600 -0.81326800 -0.03391900
v 5.26460900 -0.81996000 -0.03183100
v 5.26460000 -0.81419300 -0.03126000
v 5.26569300 -0.85645300 0.02876700
v 5.26442900 -0.81913600 -0.03634600
v 5.26445600 -0.81353800 -0.03484300
v 5.26441500 -0.81574800 -0.03700000
v 5.26561500 -0.86015600 0.02833300
v 5.26576100 -0.85905800 0.03625900
v 5.26445900 -0.82030100 -0.03299500
v 5.26449400 -0.81497800 -0.03070100
v 5.26567100 -0.85481400 0.03353700
v 5.26447600 -0.81805000 -0.03038100
v 5.26567000 -0.86223200 0.03430400
v 5.26561700 -0.85457000 0.03220500
v 5.26436400 -0.81986700 -0.03536800
v 5.26437400 -0.82026900 -0.03421400
v 5.26564100 -0.85545000 0.03473200
v 5.26429600 -0.81407800 -0.03563200
v 5.26545100 -0.86124000 0.02887300
v 5.26543700 -0.85757900 0.02816200
v 5.26548700 -0.85474400 0.03086700
v 5.26434300 -0.81589200 -0.03041400
v 5.26421000 -0.81683900 -0.03701400
v 5.26549200 -0.86274900 0.03321000
v 5.26553100 -0.85641600 0.03567600
v 5.26550900 -0.86031900 0.03603900
v 5.26426500 -0.81891500 -0.03104300
v 5.26535200 -0.86211200 0.02972200
v 5.26537400 -0.86290600 0.03200400
v 5.26411200 -0.81483400 -0.03621100
v 5.26532600 -0.86268600 0.03080200
v 5.26528800 -0.85531700 0.02965600
v 5.26416400 -0.81684600 -0.03042600
v 5.26403900 -0.81788500 -0.03668500
v 5.26410200 -0.81371600 -0.03300700
v 5.26411000 -0.81398100 -0.03224600
v 5.26534900 -0.85761800 0.03627500
v 5.26408200 -0.81953300 -0.03194700
v 5.26404800 -0.81369500 -0.03381100
v 5.26518300 -0.85884100 0.02794100
v 5.26406900 -0.81446400 -0.03160100
v 5.26525300 -0.86144600 0.03543400
v 5.26392100 -0.81573300 -0.03652200
v 5.26394800 -0.81392000 -0.03457900
v 5.26391700 -0.81878500 -0.03604600
v 5.26394600 -0.81984200 -0.03300400
v 5.26398000 -0.81511700 -0.03113700
v 5.26397400 -0.81774400 -0.03073600
v 5.26504400 -0.85623500 0.02868800
v 5.26386000 -0.81944900 -0.03515900
v 5.26386900 -0.81981400 -0.03411000
v 5.26381500 -0.81436800 -0.03523600
v 5.26511700 -0.85894000 0.03646900
v 5.26496000 -0.86011200 0.02812800
v 5.26385500 -0.81587700 -0.03089800
v 5.26374100 -0.81668700 -0.03653500
v 5.26500900 -0.85463700 0.03360500
v 5.26501800 -0.86232900 0.03450200
v 5.26379000 -0.81850100 -0.03131600
v 5.26495600 -0.85439200 0.03225500
v 5.26497800 -0.85528200 0.03481500
v 5.26366000 -0.81499800 -0.03571600
v 5.26370600 -0.81666900 -0.03090800
v 5.26478000 -0.85740400 0.02805900
v 5.26359000 -0.81760100 -0.03624700
v 5.26478700 -0.86127100 0.02870400
v 5.26482200 -0.85456800 0.03090000
v 5.26363600 -0.81421800 -0.03307900
v 5.26364300 -0.81442100 -0.03249200
v 5.26362900 -0.81904000 -0.03210600
v 5.26359400 -0.81420000 -0.03370100
v 5.26482900 -0.86288100 0.03333500
v 5.26486600 -0.85626000 0.03576900
v 5.26360900 -0.81479500 -0.03199400
v 5.26485400 -0.86024900 0.03623900
v 5.26350300 -0.81574400 -0.03597600
v 5.26351700 -0.81437400 -0.03429400
v 5.26348500 -0.81838700 -0.03568800
v 5.26467900 -0.86220100 0.02961300
v 5.26354200 -0.81529900 -0.03163600
v 5.26354600 -0.81741700 -0.03116700
v 5.26350900 -0.81931100 -0.03302900
v 5.26470100 -0.86304800 0.03204700
v 5.26464900 -0.86281300 0.03076500
v 5.26343400 -0.81896700 -0.03491300
v 5.26462200 -0.85514800 0.02967500
v 5.26344200 -0.81928600 -0.03399700
v 5.26341400 -0.81472100 -0.03480100
v 5.26344600 -0.81588600 -0.03145100
v 5.26335300 -0.81653800 -0.03598600
v 5.26468300 -0.85747700 0.03637500
v 5.26451600 -0.85871400 0.02783100
v 5.26339300 -0.81804600 -0.03164700
v 5.26329600 -0.81520700 -0.03517300
v 5.26458800 -0.86142000 0.03561100
v 5.26333000 -0.81649800 -0.03145900
v 5.26322900 -0.81729700 -0.03574700
v 5.26325700 -0.81478300 -0.03316700
v 5.26326000 -0.81492200 -0.03276800
v 5.26326000 -0.81849500 -0.03230400
v 5.26322600 -0.81477300 -0.03359000
v 5.26437500 -0.85607500 0.02869400
v 5.26323700 -0.81517600 -0.03242900
v 5.26317400 -0.81578400 -0.03537200
v 5.26317500 -0.81489000 -0.03399400
v 5.26314100 -0.81795100 -0.03528300
v 5.26320800 -0.81707500 -0.03165700
v 5.26319200 -0.81552000 -0.03218400
v 5.26444800 -0.85881400 0.03657200
v 5.26316100 -0.81871900 -0.03307200
v 5.26428400 -0.86003500 0.02802400
v 5.26309900 -0.81843400 -0.03463800
v 5.26310400 -0.81512600 -0.03433900
v 5.26310600 -0.81869800 -0.03387700
v 5.26312600 -0.81591900 -0.03205900
v 5.26305700 -0.81639600 -0.03538000
v 5.26434500 -0.86233600 0.03464300
v 5.26432600 -0.85456200 0.03363700
v 5.26308900 -0.81756100 -0.03202900
v 5.26427300 -0.85431900 0.03230500
v 5.26302400 -0.81545600 -0.03459300
v 5.26429700 -0.85519800 0.03483300
v 5.26304700 -0.81633600 -0.03206400
v 5.26296000 -0.81698300 -0.03519600
v 5.26410700 -0.85726100 0.02805700
v 5.26298700 -0.81790700 -0.03253700
v 5.26296900 -0.81540100 -0.03326900
v 5.26297100 -0.81547100 -0.03306600
v 5.26293900 -0.81584900 -0.03472800
v 5.26410300 -0.86123800 0.02862200
v 5.26295400 -0.81539400 -0.03348300
v 5.26414100 -0.85449300 0.03096700
v 5.26295900 -0.81559900 -0.03289500
v 5.26296300 -0.81672900 -0.03220000
v 5.26292800 -0.81545500 -0.03368800
v 5.26293600 -0.81577300 -0.03277200
v 5.26289300 -0.81748800 -0.03483700
v 5.26414800 -0.86290900 0.03343000
v 5.26418500 -0.85616400 0.03577600
v 5.26290900 -0.81808200 -0.03313000
v 5.26289100 -0.81557400 -0.03386200
v 5.26418300 -0.86014100 0.03634000
v 5.26290200 -0.81597500 -0.03270800
v 5.26286200 -0.81626600 -0.03473500
v 5.26286100 -0.81786100 -0.03433900
v 5.26286600 -0.81806500 -0.03375100
v 5.26288200 -0.81706000 -0.03245400
v 5.26285100 -0.81574200 -0.03399000
v 5.26286400 -0.81618600 -0.03271000
v 5.26399100 -0.86220400 0.02956600
v 5.26281000 -0.81593900 -0.03405800
v 5.26279600 -0.81666600 -0.03460800
v 5.26282000 -0.81638500 -0.03277800
v 5.26401600 -0.86308300 0.03209400
v 5.26281300 -0.81729500 -0.03279800
v 5.26278200 -0.81605300 -0.03338000
v 5.26276900 -0.81615100 -0.03406100
v 5.26396100 -0.86284000 0.03076200
v 5.26394300 -0.85506500 0.02975400
v 5.26278000 -0.81655200 -0.03290700
v 5.26275000 -0.81700900 -0.03436400
v 5.26276000 -0.81741300 -0.03320200
v 5.26273600 -0.81635300 -0.03399800
v 5.26272700 -0.81726300 -0.03402500
v 5.26274500 -0.81667100 -0.03308200
v 5.26273100 -0.81740300 -0.03362500
v 5.26271300 -0.81652700 -0.03387500
v 5.26271800 -0.81673200 -0.03328700
v 5.26400400 -0.85736700 0.03637500
v 5.26384100 -0.85858700 0.02782600
v 5.26270100 -0.81665600 -0.03370300
v 5.26270300 -0.81672600 -0.03350000
v 5.26391300 -0.86132500 0.03570400
v 5.26370000 -0.85598200 0.02878700
v 5.26377200 -0.85868700 0.03656800
v 5.26360500 -0.85992400 0.02802300
v 5.26366700 -0.86225400 0.03472400
v 5.26363900 -0.85458800 0.03363400
v 5.26358800 -0.85435400 0.03235200
v 5.26361000 -0.85520100 0.03478600
v 5.26343400 -0.85715300 0.02815900
v 5.26342100 -0.86114100 0.02862800
v 5.26346000 -0.85452100 0.03106300
v 5.26346700 -0.86283400 0.03349700
v 5.26350200 -0.85613100 0.03569400
v 5.26350900 -0.85999700 0.03634000
v 5.26330900 -0.86212000 0.02958300
v 5.26333300 -0.86301000 0.03214200
v 5.26327000 -0.85507300 0.02989700
v 5.26328000 -0.86276400 0.03079400
v 5.26332900 -0.85728900 0.03626900
v 5.26317200 -0.85846100 0.02792900
v 5.26324400 -0.86116700 0.03571100
v 5.26303600 -0.85595600 0.02896500
v 5.26310500 -0.85856100 0.03645600
v 5.26293900 -0.85978300 0.02812400
v 5.26300000 -0.86208300 0.03474300
v 5.26296300 -0.85471500 0.03359500
v 5.26291700 -0.85449700 0.03239400
v 5.26293700 -0.85528900 0.03467500
v 5.26278000 -0.85708200 0.02836000
v 5.26275900 -0.86098600 0.02872200
v 5.26279600 -0.85465200 0.03118800
v 5.26280300 -0.86265800 0.03353100
v 5.26285200 -0.85982200 0.03623700
v 5.26283600 -0.85616000 0.03552500
v 5.26264800 -0.86195200 0.02966600
v 5.26267100 -0.86283000 0.03219300
v 5.26261900 -0.85516900 0.03009400
v 5.26261700 -0.86258800 0.03086100
v 5.26267400 -0.85724400 0.03606500
v 5.26252700 -0.85834300 0.02813800
v 5.26259600 -0.86094900 0.03563100
v 5.26239900 -0.85599600 0.02922100
v 5.26246400 -0.85843800 0.03624100
v 5.26230300 -0.85961500 0.02832600
v 5.26236200 -0.86183200 0.03470000
v 5.26231700 -0.85494000 0.03352300
v 5.26227400 -0.85474100 0.03243200
v 5.26229300 -0.85546100 0.03450400
v 5.26215900 -0.85705200 0.02865400
v 5.26212900 -0.86077200 0.02890200
v 5.26216600 -0.85488300 0.03133800
v 5.26222600 -0.85961900 0.03603400
v 5.26217100 -0.86238300 0.03353200
v 5.26220200 -0.85625400 0.03527600
v 5.26202200 -0.86170400 0.02981000
v 5.26204300 -0.86255000 0.03224500
v 5.26200300 -0.85535300 0.03034500
v 5.26199400 -0.86231600 0.03096200
v 5.26192200 -0.85823200 0.02844800
v 5.26205300 -0.85723800 0.03576600
v 5.26198700 -0.86067400 0.03546800
v 5.26180500 -0.85610400 0.02955100
v 5.26186400 -0.85832000 0.03592500
v 5.26171300 -0.85942500 0.02862300
v 5.26176700 -0.86150100 0.03459500
v 5.26171700 -0.85525900 0.03341800
v 5.26167900 -0.85508400 0.03246500
v 5.26169500 -0.85571400 0.03427500
v 5.26158700 -0.85706200 0.02903600
v 5.26154900 -0.86050900 0.02916300
v 5.26158500 -0.85520800 0.03150700
v 5.26164800 -0.85939200 0.03573800
v 5.26159000 -0.86201900 0.03350100
v 5.26161700 -0.85640600 0.03495000
v 5.26144900 -0.86138200 0.03001400
v 5.26144400 -0.85561900 0.03064000
v 5.26146900 -0.86217400 0.03229400
v 5.26142300 -0.86195600 0.03109200
v 5.26137300 -0.85813500 0.02884900
v 5.26148600 -0.85726600 0.03537900
v 5.26142900 -0.86035200 0.03522300
v 5.26126800 -0.85627600 0.02994700
v 5.26132000 -0.85821300 0.03551700
v 5.26118000 -0.85921700 0.02900800
v 5.26123000 -0.86110200 0.03442900
v 5.26117600 -0.85566200 0.03328300
v 5.26114300 -0.85551600 0.03249100
v 5.26107700 -0.85711400 0.02949600
v 5.26115700 -0.85604000 0.03399500
v 5.26103400 -0.86020200 0.02949800
v 5.26106500 -0.85561900 0.03169500
v 5.26113200 -0.85915000 0.03535300
v 5.26109100 -0.85661500 0.03455600
v 5.26106900 -0.86157100 0.03343600
v 5.26094300 -0.86099300 0.03027100
v 5.26094800 -0.85596100 0.03097300
v 5.26096100 -0.86171300 0.03234100
v 5.26089000 -0.85805100 0.02933300
v 5.26091700 -0.86151400 0.03125000
v 5.26098300 -0.85733100 0.03491300
v 5.26094200 -0.85998800 0.03490300
v 5.26080300 -0.85650600 0.03039800
v 5.26084600 -0.85811600 0.03502800
v 5.26072400 -0.85899600 0.02947200
v 5.26076700 -0.86064300 0.03421000
v 5.26070700 -0.85613900 0.03312100
v 5.26064400 -0.85720400 0.03002300
v 5.26068200 -0.85602800 0.03250900
v 5.26069300 -0.85643100 0.03367100
v 5.26068900 -0.85889600 0.03489200
v 5.26059400 -0.85985700 0.02990000
v 5.26062200 -0.85610700 0.03189400
v 5.26064200 -0.85687500 0.03410400
v 5.26062500 -0.86105400 0.03334200
v 5.26053000 -0.85637000 0.03133800
v 5.26051400 -0.86054900 0.03057600
v 5.26048900 -0.85798300 0.02988700
v 5.26053200 -0.86117800 0.03238600
v 5.26056000 -0.85742900 0.03438000
v 5.26049300 -0.86100400 0.03143300
v 5.26053100 -0.85959200 0.03451700
v 5.26042000 -0.85679100 0.03089300
v 5.26045100 -0.85803500 0.03446900
v 5.26035000 -0.85876800 0.03000300
v 5.26038600 -0.86013800 0.03394100
v 5.26029700 -0.85732900 0.03060400
v 5.26032400 -0.85668000 0.03293700
v 5.26030700 -0.85660400 0.03252000
v 5.26031400 -0.85687800 0.03331100
v 5.26033100 -0.85863800 0.03436400
v 5.26024200 -0.85948400 0.03035900
v 5.26026500 -0.85665800 0.03210200
v 5.26028000 -0.85718200 0.03360600
v 5.26026800 -0.86047800 0.03322100
v 5.26020300 -0.85683700 0.03172300
v 5.26017700 -0.85793200 0.03049900
v 5.26017600 -0.86005900 0.03091900
v 5.26022300 -0.85755700 0.03379300
v 5.26019000 -0.86058200 0.03242400
v 5.26020900 -0.85917500 0.03407500
v 5.26015900 -0.86043700 0.03163200
v 5.26012800 -0.85712400 0.03141900
v 5.26015000 -0.85797000 0.03385400
v 5.26007000 -0.85853900 0.03058800
v 5.26009800 -0.85959700 0.03363000
v 5.26004500 -0.85749100 0.03122300
v 5.26006700 -0.85838000 0.03378300
v 5.26003300 -0.85727000 0.03273400
v 5.26002500 -0.85723100 0.03252300
v 5.26002900 -0.85737000 0.03292300
v 5.25998700 -0.85909200 0.03086200
v 5.26000500 -0.85725900 0.03231200
v 5.26001100 -0.85752400 0.03307300
v 5.26000600 -0.85986000 0.03307300
v 5.25996200 -0.85790000 0.03115100
v 5.25997300 -0.85735000 0.03211900
v 5.25998300 -0.85771500 0.03316800
v 5.25998500 -0.85874700 0.03358600
v 5.25993500 -0.85953600 0.03129600
v 5.25994600 -0.85994000 0.03245800
v 5.25993500 -0.85749400 0.03196700
v 5.25994700 -0.85792400 0.03319900
v 5.25992100 -0.85982900 0.03184600
v 5.25989000 -0.85831300 0.03121300
v 5.25989300 -0.85768000 0.03186700
v 5.25990900 -0.85903300 0.03328300
v 5.25990500 -0.85813100 0.03316200
v 5.25985100 -0.85788800 0.03183100
v 5.25983300 -0.85868900 0.03140000
v 5.25986300 -0.85831600 0.03306200
v 5.25984500 -0.85789600 0.03251900
v 5.25984700 -0.85921300 0.03290400
v 5.25981400 -0.85809700 0.03186100
v 5.25982400 -0.85846100 0.03290900
v 5.25979800 -0.85899200 0.03169400
v 5.25980400 -0.85926700 0.03248500
v 5.25978900 -0.85919100 0.03206900
v 5.25978600 -0.85828800 0.03195600
v 5.25979400 -0.85855200 0.03271800
v 5.25976800 -0.85844000 0.03210500
v 5.25977200 -0.85858000 0.03250600
v 5.25976300 -0.85854200 0.03229500
v 5.22790600 -0.74840900 0.05402500
v 5.22790300 -0.74836900 0.05387400
v 5.22790600 -0.74847000 0.05417000
v 5.22790600 -0.74847000 0.05417000
v 5.22789400 -0.74835200 0.05371900
v 5.22789900 -0.74855600 0.05430300
v 5.22789900 -0.74855600 0.05430300
v 5.22788100 -0.74836100 0.05356200
v 5.22788500 -0.74850500 0.05399400
v 5.22788500 -0.74850500 0.05399400
v 5.22788300 -0.74846900 0.05385700
v 5.22789000 -0.74865900 0.05442100
v 5.22789000 -0.74865900 0.05442100
v 5.22788500 -0.74856100 0.05412200
v 5.22788500 -0.74856100 0.05412200
v 5.22787500 -0.74845400 0.05371800
v 5.22788000 -0.74863600 0.05424100
v 5.22788000 -0.74863600 0.05424100
v 5.22786300 -0.74839200 0.05340900
v 5.22786300 -0.74839200 0.05340900
v 5.22786400 -0.74846200 0.05357700
v 5.22787300 -0.74877800 0.05452100
v 5.22787300 -0.74877800 0.05452100
v 5.22787000 -0.74873000 0.05434600
v 5.22787000 -0.74873000 0.05434600
v 5.22784700 -0.74849100 0.05344000
v 5.22784300 -0.74844700 0.05326400
v 5.22784300 -0.74844700 0.05326400
v 5.22785700 -0.74883800 0.05443600
v 5.22785700 -0.74883800 0.05443600
v 5.22785500 -0.74891300 0.05460100
v 5.22785500 -0.74891300 0.05460100
v 5.22782900 -0.74854000 0.05331000
v 5.22782900 -0.74854000 0.05331000
v 5.22781800 -0.74852500 0.05312900
v 5.22784000 -0.74895700 0.05450800
v 5.22780700 -0.74861000 0.05318900
v 5.22780700 -0.74861000 0.05318900
v 5.22783200 -0.74905800 0.05465900
v 5.22779100 -0.74862200 0.05300800
v 5.22780600 -0.74920700 0.05469300
v 5.22779700 -0.74922200 0.05459100
v 5.22776100 -0.74873700 0.05290500
v 5.22777800 -0.74936200 0.05470400
v 5.22777200 -0.74936000 0.05460000
v 5.22773000 -0.74886600 0.05282200
v 5.22774900 -0.74951600 0.05468900
v 5.22774400 -0.74949600 0.05458700
v 5.22770000 -0.74900700 0.05276000
v 5.22771800 -0.74966400 0.05465100
v 5.22767400 -0.74917500 0.05282500
v 5.22766900 -0.74915600 0.05272200
v 5.22768900 -0.74975700 0.05449600
v 5.22764700 -0.74931200 0.05281100
v 5.22764000 -0.74931000 0.05270700
v 5.22766200 -0.74987200 0.05442200
v 5.22762200 -0.74945200 0.05282100
v 5.22761200 -0.74946400 0.05271800
v 5.22763500 -0.74997600 0.05432900
v 5.22759800 -0.74958600 0.05285100
v 5.22761100 -0.75006300 0.05422200
v 5.22757900 -0.74971600 0.05290300
v 5.22760100 -0.75014700 0.05428200
v 5.22759000 -0.75013200 0.05410200
v 5.22756300 -0.74975900 0.05281000
v 5.22756300 -0.74975900 0.05281000
v 5.22756100 -0.74983500 0.05297600
v 5.22756100 -0.74983500 0.05297600
v 5.22757500 -0.75022500 0.05414800
v 5.22757500 -0.75022500 0.05414800
v 5.22757100 -0.75018100 0.05397200
v 5.22754500 -0.74989300 0.05289000
v 5.22754500 -0.74989300 0.05289000
v 5.22754700 -0.74994300 0.05306500
v 5.22754700 -0.74994300 0.05306500
v 5.22755500 -0.75021000 0.05383500
v 5.22755400 -0.75028000 0.05400200
v 5.22755400 -0.75028000 0.05400200
v 5.22753800 -0.75003500 0.05317100
v 5.22753800 -0.75003500 0.05317100
v 5.22754300 -0.75021700 0.05369400
v 5.22752900 -0.75001300 0.05299000
v 5.22752900 -0.75001300 0.05299000
v 5.22753300 -0.75011100 0.05328900
v 5.22753300 -0.75011100 0.05328900
v 5.22753500 -0.75020200 0.05355400
v 5.22753300 -0.75016700 0.05341800
v 5.22753300 -0.75016700 0.05341800
v 5.22753700 -0.75031200 0.05384900
v 5.22751800 -0.75011600 0.05310800
v 5.22751800 -0.75011600 0.05310800
v 5.22752400 -0.75032000 0.05369200
v 5.22751200 -0.75020100 0.05324100
v 5.22751200 -0.75020100 0.05324100
v 5.22751600 -0.75030400 0.05353700
v 5.22751200 -0.75026300 0.05338500
vn 0.81000000 0.55620000 0.18590000
vn 0.80090000 0.59740000 -0.04010000
vn 0.80490000 0.44830000 0.38880000
vn 0.77860000 0.56800000 -0.26680000
vn 0.78610000 0.28430000 0.54890000
vn 0.74510000 0.47070000 -0.47250000
vn 0.75540000 0.08040000 0.65030000
vn 0.70380000 0.31530000 -0.63660000
vn 0.71590000 -0.14360000 0.68320000
vn 0.65870000 0.11670000 -0.74330000
vn 0.67150000 -0.36590000 0.64440000
vn 0.61410000 -0.10540000 -0.78210000
vn 0.62630000 -0.56430000 0.53780000
vn 0.57470000 -0.32940000 -0.74910000
vn 0.58510000 -0.71980000 0.37360000
vn 0.54400000 -0.53340000 -0.64770000
vn 0.55160000 -0.81700000 0.16800000
vn 0.52520000 -0.69740000 -0.48770000
vn 0.52920000 -0.84650000 -0.05890000
vn 0.52010000 -0.80520000 -0.28480000
vn -0.38920000 0.86900000 0.30560000
vn -0.40020000 0.91500000 0.05140000
vn -0.39450000 0.74780000 0.53400000
vn -0.42600000 0.88160000 -0.20350000
vn -0.41540000 0.56340000 0.71420000
vn -0.46410000 0.77210000 -0.43410000
vn -0.44970000 0.33390000 0.82840000
vn -0.51110000 0.59740000 -0.61800000
vn -0.49430000 0.08170000 0.86540000
vn -0.56210000 0.37450000 -0.73740000
vn -0.54460000 -0.16830000 0.82160000
vn -0.61220000 0.12540000 -0.78070000
vn -0.59580000 -0.39140000 0.70130000
vn -0.65660000 -0.12580000 -0.74370000
vn -0.64280000 -0.56580000 0.51650000
vn -0.69090000 -0.35470000 -0.62990000
vn -0.68090000 -0.67450000 0.28520000
vn -0.71180000 -0.53880000 -0.45060000
vn -0.70660000 -0.70700000 0.03020000
vn -0.71720000 -0.66020000 -0.22320000
vn 0.40550000 0.86450000 0.29690000
vn 0.40190000 0.90350000 0.14880000
vn 0.40450000 0.80320000 0.43730000
vn 0.39350000 0.91930000 -0.00330000
vn 0.39870000 0.72120000 0.56650000
vn 0.38070000 0.91150000 -0.15570000
vn 0.90590000 -0.39730000 -0.14650000
vn 0.90680000 -0.40670000 -0.11070000
vn 0.90620000 -0.38240000 -0.18040000
vn 0.38850000 0.62040000 0.68130000
vn 0.90880000 -0.41060000 -0.07380000
vn 0.90760000 -0.36260000 -0.21170000
vn 0.36390000 0.88020000 -0.30480000
vn 0.91190000 -0.40870000 -0.03690000
vn 0.37390000 0.50330000 0.77900000
vn 0.91010000 -0.33820000 -0.23960000
vn 0.91600000 -0.40110000 -0.00090000
vn 0.34310000 0.82630000 -0.44660000
vn 0.91360000 -0.30990000 -0.26320000
vn 0.35510000 0.37290000 0.85720000
vn 0.92100000 -0.38810000 0.03340000
vn 0.31940000 0.75100000 -0.57790000
vn 0.91810000 -0.27840000 -0.28210000
vn 0.92680000 -0.36990000 0.06530000
vn 0.33310000 0.23240000 0.91380000
vn 0.29300000 0.65630000 -0.69530000
vn 0.92350000 -0.24420000 -0.29590000
vn 0.93320000 -0.34700000 0.09370000
vn 0.30790000 0.08500000 0.94760000
vn 0.92960000 -0.20860000 -0.30390000
vn 0.26440000 0.54450000 -0.79600000
vn 0.94000000 -0.31990000 0.11820000
vn 0.28070000 -0.06530000 0.95760000
vn 0.93620000 -0.17220000 -0.30650000
vn 0.23470000 0.41820000 -0.87750000
vn 0.94730000 -0.28930000 0.13790000
vn 0.25140000 -0.21500000 0.94370000
vn 0.94320000 -0.13600000 -0.30310000
vn 0.20450000 0.28070000 -0.93780000
vn 0.95460000 -0.25590000 0.15240000
vn 0.95050000 -0.10080000 -0.29400000
vn 0.22140000 -0.36050000 0.90610000
vn 0.96190000 -0.22070000 0.16160000
vn 0.17450000 0.13530000 -0.97530000
vn 0.95780000 -0.06750000 -0.27940000
vn 0.19110000 -0.49810000 0.84580000
vn 0.96890000 -0.18450000 0.16490000
vn 0.14530000 -0.01450000 -0.98930000
vn 0.96500000 -0.03690000 -0.25970000
vn 0.16150000 -0.62420000 0.76440000
vn 0.97550000 -0.14810000 0.16240000
vn 0.11780000 -0.16490000 -0.97920000
vn 0.97190000 -0.00980000 -0.23530000
vn 0.98160000 -0.11250000 0.15420000
vn 0.13320000 -0.73610000 0.66360000
vn 0.99750000 -0.04990000 -0.05040000
vn 0.99660000 0.04830000 -0.06630000
vn 0.99520000 0.00030000 0.09790000
vn 0.99470000 0.05010000 0.09000000
vn 0.99030000 -0.13870000 -0.00620000
vn 0.98800000 0.14550000 -0.05220000
vn 0.99130000 -0.04850000 0.12250000
vn 0.99050000 0.09760000 0.09730000
vn 0.98380000 -0.08470000 0.15810000
vn 0.97540000 -0.09650000 -0.19830000
vn 0.98210000 0.14530000 0.11980000
vn 0.97420000 0.04480000 -0.22100000
vn 0.97620000 -0.20760000 0.06210000
vn 0.97220000 0.23410000 -0.00990000
vn 0.97400000 -0.10690000 0.19970000
vn 0.96520000 -0.22510000 -0.13350000
vn 0.97070000 0.18300000 0.15560000
vn 0.96150000 0.18800000 -0.20030000
vn 0.96640000 0.04930000 0.25250000
vn 0.96090000 -0.11560000 0.25140000
vn 0.95830000 0.20530000 0.19880000
vn 0.95620000 -0.25250000 0.14780000
vn 0.95130000 0.30290000 0.05710000
vn 0.94450000 -0.32650000 -0.03510000
vn 0.94750000 -0.10750000 0.30120000
vn 0.93870000 0.31590000 -0.13810000
vn 0.94560000 0.21250000 0.24620000
vn 0.92980000 -0.14100000 -0.34000000
vn 0.92790000 0.04210000 -0.37050000
vn 0.93540000 -0.08460000 0.34340000
vn 0.93210000 -0.26870000 0.24280000
vn 0.93300000 0.20420000 0.29630000
vn 0.92680000 0.34770000 0.14190000
vn 0.91650000 -0.30620000 -0.25740000
vn 0.91160000 0.22510000 -0.34390000
vn 0.92490000 -0.05000000 0.37690000
vn 0.92190000 0.18010000 0.34310000
vn 0.91530000 -0.39250000 0.09020000
vn 0.91600000 -0.00500000 0.40120000
vn 0.91480000 0.14460000 0.37720000
vn 0.90790000 0.41720000 -0.04080000
vn 0.91080000 0.04830000 0.40990000
vn 0.91120000 0.10170000 0.39910000
vn 0.90650000 -0.25370000 0.33740000
vn 0.90130000 0.36300000 0.23630000
vn 0.88980000 -0.43770000 -0.12920000
vn 0.88220000 0.39040000 -0.26350000
vn 0.88030000 -0.41570000 0.22860000
vn 0.88260000 -0.20970000 0.42080000
vn 0.87700000 0.34680000 0.33270000
vn 0.87220000 0.48210000 0.08250000
vn 0.86110000 -0.18170000 -0.47480000
vn 0.85920000 0.03760000 -0.51020000
vn 0.86180000 -0.14090000 0.48730000
vn 0.84520000 -0.38020000 -0.37550000
vn 0.85200000 -0.52260000 0.03090000
vn 0.85680000 0.30150000 0.41830000
vn 0.83950000 0.25680000 -0.47880000
vn 0.84280000 0.52030000 -0.13780000
vn 0.84590000 -0.05100000 0.53090000
vn 0.84320000 -0.39320000 0.36650000
vn 0.84310000 0.23230000 0.48500000
vn 0.83550000 0.50370000 0.21950000
vn 0.83680000 0.04570000 0.54560000
vn 0.83590000 0.14390000 0.52970000
vn 0.81350000 -0.53780000 -0.22130000
vn 0.80420000 0.45470000 -0.38280000
vn 0.80730000 -0.55210000 0.20830000
vn 0.80790000 -0.32920000 0.48870000
vn 0.79700000 0.60360000 0.02110000
vn 0.80030000 0.48080000 0.35820000
vn 0.77220000 -0.21860000 -0.59660000
vn 0.76960000 0.03230000 -0.63770000
vn 0.76820000 -0.63960000 -0.02870000
vn 0.77720000 -0.22820000 0.58640000
vn 0.77150000 0.41440000 0.48290000
vn 0.75410000 -0.44490000 -0.48320000
vn 0.75700000 0.61090000 -0.23180000
vn 0.74670000 0.28290000 -0.60200000
vn 0.76000000 -0.52330000 0.38540000
vn 0.74940000 0.63190000 0.19790000
vn 0.75420000 -0.10000000 0.64890000
vn 0.75060000 0.31300000 0.58190000
vn 0.74230000 0.04260000 0.66870000
vn 0.74080000 0.18500000 0.64580000
vn 0.71730000 -0.62490000 -0.30830000
vn 0.70680000 0.50780000 -0.49250000
vn 0.71450000 -0.67510000 0.18340000
vn 0.71380000 -0.44060000 0.54440000
vn 0.70240000 0.71060000 -0.04070000
vn 0.70470000 0.60190000 0.37560000
vn 0.66350000 -0.24960000 -0.70530000
vn 0.66090000 0.02610000 -0.75000000
vn 0.66600000 -0.74080000 -0.08780000
vn 0.67370000 -0.31020000 0.67080000
vn 0.65280000 0.68670000 -0.31980000
vn 0.66660000 0.51730000 0.53680000
vn 0.64380000 -0.49890000 -0.58020000
vn 0.65730000 -0.64120000 0.39590000
vn 0.63670000 0.30120000 -0.70980000
vn 0.09290000 -0.31200000 -0.94550000
vn 0.64490000 0.74490000 0.17110000
vn 0.64430000 -0.14550000 0.75080000
vn 0.64050000 0.38620000 0.66380000
vn 0.62800000 0.03730000 0.77730000
vn 0.62720000 0.22100000 0.74680000
vn 0.60360000 -0.69680000 -0.38750000
vn 0.59270000 0.54890000 -0.58940000
vn 0.60380000 -0.78210000 0.15430000
vn 0.60220000 -0.54110000 0.58710000
vn 0.59080000 0.80040000 -0.10180000
vn 0.59100000 0.70920000 0.38450000
vn 0.97830000 0.01310000 -0.20680000
vn 0.53910000 -0.27540000 -0.79590000
vn 0.53690000 0.01900000 -0.84340000
vn 0.54700000 -0.82440000 -0.14530000
vn 0.55490000 -0.38460000 0.73770000
vn 0.53320000 0.74540000 -0.40020000
vn 0.54530000 0.60800000 0.57710000
vn 0.53840000 -0.74340000 0.39680000
vn 0.51740000 -0.54080000 -0.66320000
vn 0.51130000 0.31220000 -0.80070000
vn 0.52540000 0.83930000 0.14010000
vn 0.51910000 -0.18720000 0.83400000
vn 0.51370000 0.45040000 0.73020000
vn 0.49930000 0.03190000 0.86580000
vn 0.49700000 0.25140000 0.83060000
vn 0.47470000 -0.75200000 -0.45730000
vn 0.47950000 -0.86900000 0.12190000
vn 0.46430000 0.57650000 -0.67230000
vn 0.46410000 0.87110000 -0.16060000
vn 0.47550000 -0.62900000 0.61500000
vn 0.46270000 0.79900000 0.38400000
vn 0.41390000 -0.88820000 -0.19970000
vn 0.40210000 -0.29380000 -0.86720000
vn 0.39930000 0.01150000 -0.91680000
vn 0.42210000 -0.44970000 0.78710000
vn 0.39960000 0.78670000 -0.47050000
vn 0.41190000 0.68290000 0.60330000
vn 0.40790000 -0.82640000 0.38820000
vn 0.38030000 -0.56920000 -0.72890000
vn 0.39290000 0.91340000 0.10600000
vn 0.37260000 0.31600000 -0.87250000
vn 0.38180000 -0.22420000 0.89660000
vn 0.37470000 0.50300000 0.77890000
vn 0.33580000 -0.78830000 -0.51560000
vn 0.35980000 0.02610000 0.93270000
vn 0.35720000 0.27640000 0.89220000
vn 0.34380000 -0.93510000 0.08600000
vn 0.32320000 0.59070000 -0.73930000
vn 0.32610000 0.92060000 -0.21490000
vn 0.33820000 -0.70120000 0.62760000
vn 0.32390000 0.86920000 0.37360000
vn 0.27250000 -0.92960000 -0.24820000
vn 0.25540000 -0.30490000 -0.91750000
vn 0.25290000 0.00380000 -0.96750000
vn 0.25690000 0.80840000 -0.52960000
vn 0.27820000 -0.50510000 0.81700000
vn 0.26620000 -0.89010000 0.37000000
vn 0.26850000 0.74130000 0.61520000
vn 0.24980000 0.96580000 0.06910000
vn 0.23350000 -0.58390000 -0.77750000
vn 0.22500000 0.31200000 -0.92310000
vn 0.23530000 -0.25610000 0.93760000
vn 0.22820000 0.54320000 0.80800000
vn 0.19820000 -0.97900000 0.04780000
vn 0.18980000 -0.80550000 -0.56130000
vn 0.21060000 0.01900000 0.97740000
vn 0.20820000 0.29460000 0.93270000
vn 0.17510000 0.59020000 -0.78800000
vn 0.18080000 0.94730000 -0.26430000
vn 0.19270000 -0.75590000 0.62570000
vn 0.17820000 0.91820000 0.35390000
vn 0.12470000 -0.94880000 -0.29030000
vn 0.10870000 0.81040000 -0.57580000
vn 0.10250000 -0.30870000 -0.94560000
vn 0.09960000 -0.00380000 -0.99500000
vn 0.12850000 -0.54700000 0.82720000
vn 0.11910000 -0.93180000 0.34300000
vn 0.11710000 0.78240000 0.61170000
vn 0.98700000 -0.07840000 0.14050000
vn 0.10260000 0.99430000 0.03050000
vn 0.08080000 -0.58460000 -0.80730000
vn 0.07260000 0.30100000 -0.95090000
vn 0.08190000 -0.28230000 0.95580000
vn 0.07450000 0.57090000 0.81770000
vn 0.04820000 -0.99880000 0.00820000
vn 0.03690000 -0.80370000 -0.59390000
vn 0.05580000 0.01170000 0.99840000
vn 0.05320000 0.30570000 0.95060000
vn 0.02370000 0.57550000 -0.81740000
vn 0.03190000 0.95090000 -0.30780000
vn 0.04240000 -0.79280000 0.60810000
vn 0.02700000 0.94480000 0.32650000
vn -0.02740000 -0.94490000 -0.32630000
vn -0.04170000 0.79290000 -0.60800000
vn -0.03130000 -0.95110000 0.30730000
vn -0.02320000 -0.57540000 0.81760000
vn -0.05380000 -0.30530000 -0.95070000
vn -0.05640000 -0.01140000 -0.99830000
vn -0.03630000 0.80360000 0.59410000
vn -0.04980000 0.99870000 -0.00900000
vn -0.07460000 -0.57080000 -0.81770000
vn -0.08170000 0.28210000 -0.95590000
vn -0.07340000 -0.30080000 0.95090000
vn -0.08120000 0.58440000 0.80740000
vn -0.10230000 -0.99430000 -0.03050000
vn 0.10670000 -0.83080000 0.54630000
vn -0.11730000 -0.78240000 -0.61160000
vn -0.11830000 0.93200000 -0.34270000
vn -0.12850000 0.54650000 -0.82760000
vn -0.10020000 0.00380000 0.99500000
vn -0.10070000 0.30920000 0.94570000
vn -0.10930000 -0.81010000 0.57600000
vn -0.12480000 0.94860000 0.29090000
vn -0.17800000 -0.91820000 -0.35390000
vn -0.19240000 0.75600000 -0.62570000
vn -0.18140000 -0.94730000 0.26420000
vn -0.17540000 -0.59010000 0.78810000
vn -0.20790000 -0.29440000 -0.93280000
vn -0.21010000 -0.01930000 -0.97750000
vn -0.18820000 0.80570000 0.56170000
vn -0.19870000 0.97890000 -0.04780000
vn -0.22820000 -0.54320000 -0.80800000
vn -0.23490000 0.25630000 -0.93760000
vn -0.22520000 -0.31220000 0.92300000
vn -0.23240000 0.58430000 0.77760000
vn -0.24950000 -0.96590000 -0.06920000
vn -0.26700000 -0.74190000 -0.61510000
vn -0.26660000 0.89000000 -0.36980000
vn -0.27920000 0.50450000 -0.81700000
vn -0.25810000 -0.80810000 0.52950000
vn -0.25310000 -0.00420000 0.96740000
vn -0.25440000 0.30480000 0.91780000
vn -0.27330000 0.92950000 0.24770000
vn -0.32450000 -0.86930000 -0.37300000
vn -0.33890000 0.70090000 -0.62760000
vn -0.32640000 -0.92040000 0.21510000
vn -0.32360000 -0.59080000 0.73910000
vn -0.34320000 0.93540000 -0.08560000
vn -0.35640000 -0.27680000 -0.89240000
vn -0.35890000 -0.02590000 -0.93300000
vn -0.33610000 0.78820000 0.51560000
vn -0.37580000 -0.50250000 -0.77870000
vn -0.38220000 0.22480000 -0.89630000
vn -0.37210000 -0.31600000 0.87280000
vn -0.39210000 -0.91380000 -0.10610000
vn -0.38030000 0.56930000 0.72890000
vn -0.40780000 0.82650000 -0.38810000
vn -0.41130000 -0.68290000 -0.60370000
vn -0.40020000 -0.78650000 0.47040000
vn -0.42250000 0.44990000 -0.78680000
vn -0.39920000 -0.01140000 0.91680000
vn -0.40280000 0.29340000 0.86700000
vn -0.41480000 0.88780000 0.19950000
vn -0.46350000 -0.79890000 -0.38330000
vn -0.47690000 0.62840000 -0.61450000
vn -0.46380000 -0.87130000 0.16060000
vn -0.46330000 -0.57710000 0.67250000
vn -0.47980000 0.86890000 -0.12180000
vn -0.47510000 0.75170000 0.45730000
vn 0.98410000 0.03130000 -0.17510000
vn -0.49740000 -0.25240000 -0.83000000
vn -0.50050000 -0.03130000 -0.86520000
vn -0.51340000 -0.45020000 -0.73060000
vn -0.51920000 0.18740000 -0.83380000
vn -0.52430000 -0.83990000 -0.14020000
vn -0.51050000 -0.31260000 0.80100000
vn -0.51740000 0.54100000 0.66310000
vn -0.53900000 0.74280000 -0.39710000
vn -0.54580000 -0.60760000 -0.57700000
vn -0.53300000 -0.74560000 0.40000000
vn -0.55460000 0.38490000 -0.73770000
vn -0.54610000 0.82490000 0.14580000
vn -0.53640000 -0.01870000 0.84370000
vn -0.53940000 0.27470000 0.79600000
vn -0.59070000 -0.70950000 -0.38430000
vn -0.60200000 0.54130000 -0.58700000
vn -0.58980000 -0.80100000 0.10220000
vn -0.60390000 0.78180000 -0.15490000
vn -0.59200000 -0.54930000 0.58970000
vn 0.07070000 -0.45270000 -0.88890000
vn -0.60340000 0.69690000 0.38750000
vn -0.62720000 -0.22020000 -0.74710000
vn -0.62880000 -0.03710000 -0.77670000
vn -0.63960000 -0.38670000 -0.66440000
vn -0.64440000 0.14470000 -0.75090000
vn -0.64460000 -0.74510000 -0.17120000
vn -0.63640000 -0.30100000 0.71020000
vn -0.65690000 0.64140000 -0.39640000
vn -0.64400000 0.49880000 0.58010000
vn -0.66670000 -0.51740000 -0.53650000
vn -0.65290000 -0.68650000 0.32020000
vn -0.67430000 0.31010000 -0.67020000
vn -0.66600000 0.74070000 0.08840000
vn -0.66110000 -0.02580000 0.74990000
vn -0.66380000 0.24970000 0.70500000
vn -0.70430000 -0.60230000 -0.37570000
vn -0.70210000 -0.71090000 0.04100000
vn -0.71330000 0.44070000 -0.54500000
vn -0.71430000 0.67530000 -0.18380000
vn -0.70710000 -0.50810000 0.49180000
vn -0.71730000 0.62480000 0.30830000
vn -0.74140000 -0.18330000 -0.64550000
vn -0.74130000 -0.04200000 -0.66980000
vn -0.75080000 -0.31280000 -0.58180000
vn -0.75450000 0.09990000 -0.64860000
vn -0.74930000 -0.63190000 -0.19800000
vn -0.75920000 0.52420000 -0.38570000
vn -0.74740000 -0.28210000 0.60150000
vn -0.75690000 -0.61100000 0.23190000
vn -0.75430000 0.44440000 0.48320000
vn -0.77120000 -0.41520000 -0.48260000
vn -0.77720000 0.22770000 -0.58670000
vn -0.76850000 0.63920000 0.02900000
vn -0.76960000 -0.03150000 0.63770000
vn -0.77210000 0.21850000 0.59680000
vn -0.80050000 -0.48040000 -0.35840000
vn -0.79690000 -0.60370000 -0.02090000
vn -0.80750000 0.32850000 -0.48990000
vn -0.80730000 0.55210000 -0.20830000
vn -0.80470000 -0.45420000 0.38230000
vn -0.81300000 0.53830000 0.22190000
vn -0.83600000 -0.14330000 -0.52960000
vn -0.83700000 -0.04580000 -0.54530000
vn -0.83560000 -0.50320000 -0.22040000
vn -0.84340000 -0.23080000 -0.48520000
vn -0.84580000 0.05250000 -0.53090000
vn -0.84350000 0.39360000 -0.36560000
vn -0.84270000 -0.52040000 0.13800000
vn -0.83990000 -0.25670000 0.47820000
vn -0.85770000 -0.30210000 -0.41610000
vn -0.85140000 0.52350000 -0.03140000
vn -0.84540000 0.37980000 0.37550000
vn -0.86100000 0.13980000 -0.48900000
vn -0.85920000 -0.03740000 0.51030000
vn -0.86080000 0.18240000 0.47510000
vn -0.87270000 -0.48130000 -0.08250000
vn -0.87740000 -0.34670000 -0.33170000
vn 0.99150000 -0.04680000 0.12160000
vn -0.88200000 0.20880000 -0.42250000
vn -0.88020000 0.41620000 -0.22820000
vn -0.88230000 -0.38960000 0.26400000
vn -0.88990000 0.43730000 0.13000000
vn -0.90150000 -0.36250000 -0.23640000
vn -0.90670000 0.25340000 -0.33720000
vn -0.91240000 -0.09580000 -0.39790000
vn -0.91250000 -0.04770000 -0.40620000
vn -0.90800000 -0.41700000 0.04050000
vn -0.91550000 -0.14540000 -0.37530000
vn -0.91620000 -0.00070000 -0.40080000
vn -0.91520000 0.39280000 -0.09010000
vn -0.92270000 -0.18060000 -0.34060000
vn -0.92390000 0.04780000 -0.37950000
vn -0.91160000 -0.22510000 0.34400000
vn -0.91610000 0.30660000 0.25840000
vn -0.92700000 -0.34730000 -0.14160000
vn -0.93270000 -0.20350000 -0.29770000
vn -0.93200000 0.26890000 -0.24310000
vn -0.93560000 0.08350000 -0.34310000
vn -0.92780000 -0.04210000 0.37070000
vn -0.92930000 0.14140000 0.34120000
vn -0.94470000 -0.21200000 -0.25010000
vn -0.93880000 -0.31530000 0.13840000
vn -0.94830000 0.10670000 -0.29870000
vn -0.94470000 0.32630000 0.03430000
vn -0.95120000 -0.30310000 -0.05820000
vn -0.95670000 0.25190000 -0.14610000
vn -0.95910000 -0.20360000 -0.19670000
vn -0.96100000 0.11410000 -0.25210000
vn -0.96620000 -0.04950000 -0.25290000
vn -0.96150000 -0.18780000 0.20050000
vn -0.97120000 -0.18170000 -0.15400000
vn -0.96510000 0.22520000 0.13360000
vn -0.97360000 0.10640000 -0.20190000
vn -0.97230000 -0.23360000 0.00880000
vn -0.97630000 0.20770000 -0.06130000
vn -0.98160000 -0.14690000 -0.12210000
vn -0.97420000 -0.04550000 0.22120000
vn -0.97540000 0.09640000 0.19820000
vn -0.98430000 0.08240000 -0.15590000
vn -0.99000000 -0.10130000 -0.09820000
vn -0.99140000 0.04730000 -0.12210000
vn -0.98790000 -0.14600000 0.05240000
vn -0.99040000 0.13840000 0.00540000
vn -0.99460000 -0.05020000 -0.09110000
vn -0.99500000 0.00360000 -0.09970000
vn -0.99660000 -0.04840000 0.06640000
vn -0.99750000 0.04960000 0.05060000
vn 0.08290000 -0.90610000 0.41490000
vn 0.98900000 0.04430000 -0.14080000
vn 0.99500000 -0.01860000 0.09790000
vn 0.05230000 -0.58310000 -0.81070000
vn 0.99320000 0.05200000 -0.10460000
vn 0.99870000 -0.02250000 -0.04490000
vn 0.99920000 -0.03980000 0.00600000
vn 0.99520000 -0.02050000 -0.09520000
vn 0.99650000 -0.06920000 0.04660000
vn 0.99130000 0.13090000 -0.01530000
vn 0.98890000 -0.03530000 -0.14440000
vn 0.99200000 0.09820000 0.07870000
vn 0.99090000 -0.11160000 0.07480000
vn 0.98440000 0.13280000 -0.11510000
vn 0.98700000 0.03980000 0.15590000
vn 0.98020000 -0.06480000 -0.18700000
vn 0.98040000 -0.18330000 -0.07250000
vn 0.98260000 -0.16220000 0.09080000
vn 0.97200000 0.10600000 -0.20990000
vn 0.97070000 -0.10460000 -0.21650000
vn 0.97620000 -0.04040000 0.21320000
vn 0.97390000 -0.20830000 0.09000000
vn 0.96020000 -0.15110000 -0.23500000
vn 0.96390000 -0.25590000 0.07360000
vn 0.95600000 0.05280000 -0.28870000
vn 0.95930000 0.28210000 0.01330000
vn 0.96060000 0.23440000 0.14950000
vn 0.96100000 -0.13380000 0.24220000
vn 0.95160000 -0.19910000 -0.23420000
vn 0.95320000 -0.29940000 0.04120000
vn 0.94920000 0.28590000 -0.13120000
vn 0.95310000 0.14810000 0.26380000
vn 0.94330000 -0.25010000 -0.21850000
vn 0.94490000 -0.32740000 0.00160000
vn 0.93730000 -0.02530000 -0.34760000
vn 0.93780000 -0.29230000 -0.18750000
vn 0.93900000 -0.34060000 -0.04720000
vn 0.94290000 -0.22990000 0.24100000
vn 0.93450000 -0.32400000 -0.14720000
vn 0.93490000 -0.33960000 -0.10310000
vn 0.93160000 0.24460000 -0.26880000
vn 0.93740000 0.03180000 0.34690000
vn 0.91740000 -0.11950000 -0.37950000
vn 0.92320000 -0.32190000 0.21000000
vn 0.90800000 0.16530000 -0.38490000
vn 0.91520000 -0.10390000 0.38940000
vn 0.89930000 -0.21430000 -0.38110000
vn 0.90400000 0.42560000 0.04120000
vn 0.90410000 -0.40010000 0.15010000
vn 0.90560000 0.36470000 0.21660000
vn 0.89090000 0.43080000 -0.14370000
vn 0.88420000 -0.30750000 -0.35170000
vn 0.88080000 0.05350000 -0.47050000
vn 0.89580000 0.25330000 0.36510000
vn 0.88770000 -0.45500000 0.07090000
vn 0.88810000 -0.24570000 0.38850000
vn 0.87300000 -0.38830000 -0.29500000
vn 0.87540000 -0.48270000 -0.02430000
vn 0.86830000 0.37850000 -0.32060000
vn 0.86810000 -0.44720000 -0.21550000
vn 0.86880000 -0.47970000 -0.12280000
vn 0.87560000 0.10300000 0.47190000
vn 0.06220000 -0.96000000 0.27310000
vn 0.99800000 -0.00140000 -0.06280000
vn 0.85240000 -0.08020000 -0.51670000
vn 0.99490000 -0.09570000 -0.03190000
vn 0.99320000 0.09820000 -0.06270000
vn 0.99540000 0.02390000 0.09250000
vn 0.85970000 -0.37950000 0.34180000
vn 0.99350000 -0.02780000 0.11050000
vn 0.99250000 0.07880000 0.09340000
vn 0.98810000 -0.06790000 0.13830000
vn 0.98400000 -0.17600000 0.02620000
vn 0.83800000 0.27530000 -0.47120000
vn 0.98640000 0.12470000 0.10670000
vn 0.98090000 0.19150000 -0.03380000
vn 0.97640000 -0.02710000 -0.21420000
vn 0.97160000 -0.16330000 -0.17100000
vn 0.97950000 -0.09690000 0.17650000
vn 0.84680000 -0.07220000 0.52700000
vn 0.96910000 0.11790000 -0.21650000
vn 0.97760000 0.16290000 0.13330000
vn 0.82570000 -0.22140000 -0.51890000
vn 0.99750000 0.00580000 0.07010000
vn 0.83260000 -0.49160000 0.25510000
vn 0.96700000 -0.23320000 0.10240000
vn 0.96770000 -0.11180000 0.22590000
vn 0.96260000 0.27010000 0.02010000
vn 0.82690000 0.55820000 0.06860000
vn 0.96460000 0.19530000 0.17720000
vn 0.96630000 0.04940000 0.25280000
vn 0.82920000 0.48470000 0.27850000
vn 0.95620000 -0.27930000 -0.08810000
vn 0.95130000 0.25460000 -0.17380000
vn 0.81180000 0.56360000 -0.15310000
vn 0.80280000 0.13100000 -0.58170000
vn 0.95440000 -0.11280000 0.27630000
vn 0.80350000 -0.35720000 -0.47610000
vn 0.95100000 0.21190000 0.22500000
vn 0.81730000 0.35180000 0.45640000
vn 0.80920000 -0.57100000 0.13850000
vn 0.94470000 -0.26480000 0.19360000
vn 0.81280000 -0.25400000 0.52420000
vn 0.93040000 -0.05030000 -0.36310000
vn 0.93900000 0.32960000 0.09810000
vn 0.94200000 -0.09780000 0.32100000
vn 0.93970000 0.21040000 0.26950000
vn 0.78780000 -0.47480000 -0.39240000
vn 0.92470000 -0.22730000 -0.30540000
vn 0.93090000 -0.36430000 0.02640000
vn 0.92140000 0.13440000 -0.36450000
vn 0.79120000 -0.61160000 0.00140000
vn 0.78440000 0.50140000 -0.36510000
vn 0.92420000 0.37050000 -0.09270000
vn 0.92990000 -0.06860000 0.36140000
vn 0.92700000 0.19360000 0.32120000
vn 0.78000000 -0.56050000 -0.27830000
vn 0.78150000 -0.60750000 -0.14220000
vn 0.79290000 0.17170000 0.58460000
vn 0.91960000 -0.26490000 0.29030000
vn 0.76580000 -0.04200000 -0.64170000
vn 0.92030000 -0.02430000 0.39050000
vn 0.91820000 0.16570000 0.35980000
vn 0.91400000 0.35920000 0.18880000
vn 0.90460000 -0.37690000 -0.19930000
vn 0.91370000 0.02430000 0.40580000
vn 0.91300000 0.12210000 0.38940000
vn 0.91060000 0.07080000 0.40720000
vn 0.89840000 0.31080000 -0.31040000
vn 0.77660000 -0.42550000 0.46460000
vn 0.89810000 -0.41010000 0.15870000
vn 0.74760000 0.37790000 -0.54620000
vn 0.89010000 0.45540000 0.01860000
vn 0.89450000 -0.23430000 0.38090000
vn 0.88890000 0.35840000 0.28520000
vn 0.75880000 -0.03810000 0.65020000
vn 0.73170000 -0.22340000 -0.64400000
vn 0.87190000 -0.48680000 -0.05240000
vn 0.86230000 -0.07340000 -0.50100000
vn 0.74130000 -0.57050000 0.35360000
vn 0.86360000 0.46050000 -0.20520000
vn 0.87140000 -0.17660000 0.45780000
vn 0.85550000 -0.28490000 -0.43230000
vn 0.72960000 0.67730000 0.09450000
vn 0.85170000 0.14820000 -0.50260000
vn 0.73230000 0.59350000 0.33390000
vn 0.86660000 0.32780000 0.37630000
vn 0.86200000 -0.41060000 0.29730000
vn 0.70490000 0.20570000 -0.67880000
vn 0.85420000 0.49800000 0.14960000
vn 0.70270000 -0.39830000 -0.58960000
vn 0.71230000 0.68370000 -0.15860000
vn 0.85270000 -0.09760000 0.51320000
vn 0.71840000 0.44160000 0.53740000
vn 0.71050000 -0.67400000 0.20230000
vn 0.84960000 0.26950000 0.45340000
vn 0.71780000 -0.25620000 0.64740000
vn 0.83130000 -0.46510000 -0.30440000
vn 0.82350000 0.35980000 -0.43860000
vn 0.84030000 -0.00310000 0.54210000
vn 0.83820000 0.18890000 0.51150000
vn 0.83010000 -0.54490000 0.11880000
vn 0.68260000 -0.54960000 -0.48170000
vn 0.83590000 0.09510000 0.54060000
vn 0.68680000 -0.72630000 0.02650000
vn 0.68140000 0.61250000 -0.40070000
vn 0.82040000 0.56840000 -0.06150000
vn 0.82540000 -0.36630000 0.42960000
vn 0.67270000 -0.66010000 -0.33430000
vn 0.67550000 -0.72010000 -0.15850000
vn 0.81750000 0.49760000 0.28980000
vn 0.69090000 0.23610000 0.68330000
vn 0.66140000 -0.00150000 -0.75000000
vn 0.67340000 -0.46270000 0.57660000
vn 0.79210000 -0.59660000 -0.12920000
vn 0.78190000 0.53900000 -0.31330000
vn 0.63930000 0.47110000 -0.60780000
vn 0.77320000 -0.09480000 -0.62710000
vn 0.79170000 -0.28220000 0.54180000
vn 0.78310000 -0.54590000 0.29790000
vn 0.78500000 0.45260000 0.42300000
vn 0.76520000 -0.33610000 -0.54910000
vn 0.65220000 -0.00320000 0.75810000
vn 0.76060000 0.15900000 -0.62950000
vn 0.77410000 0.62370000 0.10800000
vn 0.62030000 -0.22030000 -0.75280000
vn 0.63120000 -0.63620000 0.44360000
vn 0.76480000 -0.16610000 0.62250000
vn 0.75970000 0.36770000 0.53640000
vn 0.61500000 0.77970000 0.11760000
vn 0.73750000 -0.54200000 -0.40280000
vn 0.61720000 0.68820000 0.38140000
vn 0.74190000 -0.66620000 0.07620000
vn 0.59070000 0.27380000 -0.75900000
vn 0.72930000 0.39980000 -0.55530000
vn 0.74670000 -0.02950000 0.66450000
vn 0.74450000 0.25110000 0.61860000
vn 0.58550000 -0.42990000 -0.68730000
vn 0.73090000 0.66790000 -0.14020000
vn 0.59540000 0.78720000 -0.16060000
vn 0.73990000 0.11390000 0.66310000
vn 0.73590000 -0.48920000 0.46810000
vn 0.60440000 -0.25290000 0.75550000
vn 0.59430000 -0.76020000 0.26260000
vn 0.60280000 0.52080000 0.60450000
vn 0.72580000 0.62460000 0.28830000
vn 0.56120000 -0.61070000 -0.55870000
vn 0.99630000 0.05370000 -0.06780000
vn 0.55990000 0.71010000 -0.42700000
vn 0.56690000 -0.82220000 0.05090000
vn 0.69280000 -0.69200000 -0.20290000
vn 0.54910000 -0.74350000 -0.38160000
vn 0.57210000 0.29510000 0.76530000
vn 0.54070000 0.03870000 -0.84030000
vn 0.55200000 -0.81590000 -0.17210000
vn 0.68110000 0.60460000 -0.41300000
vn 0.69260000 -0.38010000 0.61300000
vn 0.68590000 -0.66680000 0.29140000
vn 0.66520000 -0.11390000 -0.73790000
vn 0.68460000 0.56630000 0.45890000
vn 0.55420000 -0.48810000 0.67430000
vn 0.67350000 0.73640000 0.06400000
vn 0.65640000 -0.37910000 -0.65220000
vn 0.65170000 0.16490000 -0.74030000
vn 0.51500000 0.55370000 -0.65440000
vn 0.03760000 -0.70010000 -0.71300000
vn 0.52880000 0.03130000 0.84820000
vn 0.65780000 -0.23080000 0.71690000
vn 0.49370000 -0.21160000 -0.84350000
vn 0.65200000 0.45690000 0.60500000
vn 0.63610000 -0.77100000 0.03180000
vn 0.62620000 -0.60550000 -0.49120000
vn 0.50570000 -0.68640000 0.52270000
vn 0.61640000 0.43060000 -0.65930000
vn 0.62210000 0.75270000 -0.21550000
vn 0.63430000 -0.05540000 0.77110000
vn 0.62830000 -0.59990000 0.49540000
vn 0.63160000 0.30660000 0.71210000
vn 0.48490000 0.86360000 0.13830000
vn 0.62550000 0.13000000 0.76930000
vn 0.48700000 0.76610000 0.41950000
vn 0.61740000 0.73550000 0.27890000
vn 0.46230000 0.33610000 -0.82060000
vn 0.45440000 -0.45060000 -0.76840000
vn 0.46470000 0.87110000 -0.15900000
vn 0.47710000 -0.24310000 0.84460000
vn 0.46420000 -0.82750000 0.31600000
vn 0.47270000 0.58720000 0.65710000
vn 0.57680000 -0.77030000 -0.27180000
vn 0.42670000 -0.65650000 -0.62200000
vn 0.56430000 0.65490000 -0.50270000
vn 0.42760000 0.78820000 -0.44250000
vn 0.99890000 0.02570000 0.03890000
vn 0.57130000 -0.77260000 0.27700000
vn 0.43390000 -0.89790000 0.07370000
vn 0.57690000 -0.46950000 0.66840000
vn 0.56730000 0.66610000 0.48420000
vn 0.40640000 0.07820000 -0.91030000
vn 0.43920000 0.34620000 0.82900000
vn 0.55690000 0.83040000 0.01750000
vn 0.41410000 -0.80800000 -0.41900000
vn 0.54200000 -0.13000000 -0.83030000
vn 0.41570000 -0.89150000 -0.18000000
vn 0.53200000 -0.41290000 -0.73930000
vn 0.42200000 -0.50160000 0.75520000
vn 0.52640000 0.16790000 -0.83350000
vn 0.37870000 0.62270000 -0.68470000
vn 0.53470000 -0.28990000 0.79380000
vn 0.52770000 0.53500000 0.65980000
vn 0.51440000 -0.85750000 -0.01330000
vn 0.39300000 0.06570000 0.91720000
vn 0.49930000 -0.65460000 -0.56760000
vn 0.35550000 -0.19730000 -0.91360000
vn 0.49930000 0.81820000 -0.28520000
vn 0.48950000 0.45000000 -0.74690000
vn 0.50650000 -0.69490000 0.51050000
vn 0.50730000 -0.07890000 0.85820000
vn 0.36880000 -0.71940000 0.58850000
vn 0.50350000 0.35460000 0.78790000
vn 0.49360000 0.82900000 0.26290000
vn 0.49700000 0.14310000 0.85590000
vn 0.34210000 0.92670000 0.15570000
vn 0.32260000 0.39000000 -0.86240000
vn 0.34610000 0.82490000 0.44690000
vn 0.31190000 -0.46040000 -0.83110000
vn 0.32120000 0.93470000 -0.15250000
vn 0.33900000 -0.22700000 0.91300000
vn 0.44660000 -0.83030000 -0.33340000
vn 0.32340000 -0.87460000 0.36120000
vn 0.32990000 0.63980000 0.69420000
vn 0.43450000 0.68950000 -0.57950000
vn 0.44340000 -0.85880000 0.25670000
vn 0.99830000 0.05000000 -0.03100000
vn 0.44730000 -0.54680000 0.70780000
vn 0.28220000 -0.68640000 -0.67020000
vn 0.42850000 0.90310000 -0.02900000
vn 0.43560000 0.75000000 0.49780000
vn 0.28410000 0.84800000 -0.44740000
vn 0.28860000 -0.95270000 0.09520000
vn 0.40450000 -0.14270000 -0.90330000
vn 0.26310000 0.11450000 -0.95790000
vn 0.29620000 0.38910000 0.87230000
vn 0.26720000 -0.85370000 -0.44690000
vn 0.39480000 -0.43700000 -0.80820000
vn 0.26850000 -0.94560000 -0.18360000
vn 0.38890000 0.16610000 -0.90620000
vn 0.27860000 -0.50310000 0.81810000
vn 0.99920000 0.04050000 0.00490000
vn 0.39970000 -0.34150000 0.85070000
vn 0.37890000 -0.92360000 -0.05860000
vn 0.39130000 0.60000000 0.69780000
vn 0.23400000 0.67590000 -0.69880000
vn 0.36000000 -0.68730000 -0.63090000
vn 0.36380000 0.86410000 -0.34790000
vn 0.35130000 0.45850000 -0.81630000
vn 0.24830000 0.09790000 0.96370000
vn 0.37240000 -0.77340000 0.51290000
vn 0.20750000 -0.17810000 -0.96190000
vn 0.35740000 0.90230000 0.24110000
vn 0.36740000 -0.10130000 0.92450000
vn 0.36370000 0.39430000 0.84400000
vn 0.22310000 -0.73490000 0.64040000
vn 0.35570000 0.15250000 0.92210000
vn 0.17410000 0.43530000 -0.88330000
vn 0.19430000 0.96640000 0.16840000
vn 0.19790000 0.86370000 0.46360000
vn 0.16170000 -0.45900000 -0.87360000
vn 0.30700000 -0.86970000 -0.38660000
vn 0.19150000 -0.20590000 0.95960000
vn 0.17180000 0.97470000 -0.14310000
vn 0.29210000 0.70810000 -0.64280000
vn 0.17290000 -0.90090000 0.39810000
vn 0.30500000 -0.92420000 0.23000000
vn 0.17930000 0.67620000 0.71460000
vn 0.30690000 -0.61080000 0.72990000
vn 0.28850000 0.95450000 -0.07500000
vn 0.29430000 0.81510000 0.49900000
vn 0.12950000 -0.70010000 -0.70220000
vn 0.13420000 0.88720000 -0.44140000
vn 0.25650000 -0.15200000 -0.95450000
vn 0.13630000 -0.98410000 0.11400000
vn 0.11320000 0.14830000 -0.98240000
vn 0.14600000 0.42270000 0.89440000
vn 0.24700000 -0.45030000 -0.85800000
vn 0.24250000 0.16010000 -0.95680000
vn 0.11440000 -0.87850000 -0.46380000
vn 0.11580000 -0.97630000 -0.18290000
vn 0.13010000 -0.49230000 0.86070000
vn 0.25440000 -0.38560000 0.88690000
vn 0.23660000 -0.96620000 -0.10210000
vn 0.24460000 0.65030000 0.71920000
vn 0.04510000 -0.99120000 0.12410000
vn 0.08180000 0.71330000 -0.69600000
vn 0.21930000 0.88880000 -0.40240000
vn 0.21310000 -0.70340000 -0.67810000
vn 0.22870000 -0.83340000 0.50310000
vn 0.20300000 0.45700000 -0.86600000
vn 0.09730000 0.12800000 0.98700000
vn 0.21230000 0.95360000 0.21340000
vn 0.05550000 -0.15520000 -0.98630000
vn 0.22030000 -0.12000000 0.96800000
vn 0.21460000 0.42420000 0.87980000
vn 0.07130000 -0.73310000 0.67630000
vn 0.20550000 0.15800000 0.96580000
vn 0.02140000 0.46930000 -0.88280000
vn 0.03890000 0.98330000 0.17760000
vn 0.15870000 -0.88810000 -0.43130000
vn 0.04130000 0.88190000 0.46970000
vn 0.00790000 -0.44630000 -0.89480000
vn 0.14400000 0.70920000 -0.69020000
vn 0.15710000 -0.96770000 0.19690000
vn 0.03980000 -0.17960000 0.98290000
vn 0.01770000 0.99140000 -0.12980000
vn 0.02010000 -0.90530000 0.42440000
vn 0.15910000 -0.65970000 0.73450000
vn 0.02400000 0.69670000 0.71700000
vn 0.14060000 0.98290000 -0.11890000
vn 0.14520000 0.86040000 0.48840000
vn -0.02610000 -0.69630000 -0.71730000
vn 0.10390000 -0.15850000 -0.98190000
vn -0.02040000 0.90520000 -0.42450000
vn -0.01730000 -0.99130000 0.13020000
vn -0.04000000 0.17950000 -0.98300000
vn 0.09410000 -0.45240000 -0.88680000
vn -0.00770000 0.44650000 0.89470000
vn 0.08970000 0.15040000 -0.98450000
vn -0.04320000 -0.88160000 -0.47000000
vn -0.03780000 -0.98340000 -0.17740000
vn -0.02190000 -0.46960000 0.88260000
vn 0.08790000 -0.98600000 -0.14190000
vn 0.10340000 -0.41990000 0.90170000
vn 0.09320000 0.68480000 0.72280000
vn 0.07140000 0.89170000 -0.44690000
vn -0.07150000 0.73310000 -0.67640000
vn 0.06080000 -0.70260000 -0.70900000
vn 0.07970000 -0.87310000 0.48100000
vn 0.05050000 0.44370000 -0.89470000
vn 0.06220000 0.98160000 0.18030000
vn -0.05580000 0.15500000 0.98630000
vn -0.09730000 -0.12790000 -0.98700000
vn 0.06660000 -0.13740000 0.98830000
vn 0.06100000 0.44360000 0.89410000
vn -0.08180000 -0.71330000 0.69610000
vn 0.05190000 0.16030000 0.98570000
vn -0.13100000 0.49200000 -0.86070000
vn 0.00550000 -0.88500000 -0.46560000
vn -0.11720000 0.97610000 0.18290000
vn -0.11400000 0.87860000 0.46380000
vn 0.00870000 -0.98710000 0.15990000
vn -0.14500000 -0.42310000 -0.89440000
vn -0.00740000 0.69270000 -0.72120000
vn -0.11290000 -0.14850000 0.98250000
vn -0.13760000 0.98390000 -0.11390000
vn 0.00760000 -0.69270000 0.72120000
vn -0.00850000 0.98710000 -0.15980000
vn -0.13370000 -0.88730000 0.44130000
vn -0.12950000 0.70030000 0.70200000
vn -0.00580000 0.88520000 0.46520000
vn 0.02740000 -0.80090000 -0.59810000
vn -0.17910000 -0.67660000 -0.71420000
vn -0.17440000 0.90090000 -0.39750000
vn -0.05120000 -0.16020000 -0.98580000
vn -0.17110000 -0.97470000 0.14350000
vn -0.19120000 0.20560000 -0.95980000
vn -0.16270000 0.45870000 0.87350000
vn -0.06010000 -0.44370000 -0.89410000
vn -0.06690000 0.13740000 -0.98820000
vn -0.19610000 -0.86360000 -0.46440000
vn -0.19250000 -0.96660000 -0.16900000
vn -0.17370000 -0.43520000 0.88340000
vn -0.06290000 -0.98160000 -0.18000000
vn -0.04950000 -0.44350000 0.89490000
vn -0.07960000 0.87340000 -0.48050000
vn -0.05960000 0.70270000 0.70900000
vn -0.22280000 0.73480000 -0.64070000
vn -0.07110000 -0.89180000 0.44690000
vn -0.09300000 -0.68480000 -0.72280000
vn -0.10350000 0.41970000 -0.90170000
vn -0.08600000 0.98600000 0.14260000
vn -0.20820000 0.17830000 0.96170000
vn -0.24820000 -0.09780000 -0.96380000
vn -0.08900000 -0.15030000 0.98460000
vn -0.09410000 0.45230000 0.88690000
vn -0.23300000 -0.67640000 0.69870000
vn -0.10440000 0.15820000 0.98190000
vn -0.27940000 0.50290000 -0.81790000
vn -0.14590000 -0.86030000 -0.48850000
vn -0.26850000 0.94570000 0.18310000
vn -0.26600000 0.85390000 0.44730000
vn -0.14070000 -0.98280000 0.11920000
vn -0.29620000 -0.38900000 -0.87230000
vn -0.16030000 0.65950000 -0.73440000
vn -0.26340000 -0.11440000 0.95790000
vn -0.28840000 0.95280000 -0.09490000
vn -0.15810000 0.96750000 -0.19730000
vn -0.14350000 -0.70910000 0.69040000
vn -0.28390000 -0.84810000 0.44730000
vn -0.28130000 0.68650000 0.67050000
vn -0.15860000 0.88810000 0.43140000
vn -0.32980000 -0.63970000 -0.69430000
vn -0.32390000 0.87460000 -0.36090000
vn -0.33800000 0.22720000 -0.91330000
vn -0.20620000 -0.15830000 -0.96560000
vn -0.32160000 -0.93440000 0.15340000
vn -0.31240000 0.46020000 0.83110000
vn -0.21510000 -0.42430000 -0.87960000
vn -0.34610000 -0.82470000 -0.44730000
vn -0.22010000 0.12070000 -0.96800000
vn -0.32220000 -0.39080000 0.86220000
vn -0.34360000 -0.92620000 -0.15550000
vn -0.21320000 -0.95350000 -0.21310000
vn -0.20330000 -0.45730000 0.86580000
vn -0.22850000 0.83370000 -0.50280000
vn -0.21310000 0.70350000 0.67800000
vn -0.36940000 0.71930000 -0.58840000
vn -0.22060000 -0.88860000 0.40220000
vn -0.24570000 -0.65030000 -0.71880000
vn -0.23600000 0.96640000 0.10160000
vn -0.35560000 0.19690000 0.91370000
vn -0.25420000 0.38550000 -0.88700000
vn -0.39300000 -0.06590000 -0.91720000
vn -0.37830000 -0.62290000 0.68470000
vn -0.24180000 -0.15970000 0.95710000
vn -0.24670000 0.44990000 0.85830000
vn -0.25720000 0.15230000 0.95430000
vn -0.42220000 0.50150000 -0.75510000
vn -0.29460000 -0.81520000 -0.49860000
vn -0.41520000 0.89190000 0.17950000
vn -0.41210000 0.80870000 0.41970000
vn -0.28780000 -0.95470000 0.07510000
vn -0.44000000 -0.34590000 -0.82870000
vn -0.40710000 -0.07720000 0.91010000
vn -0.30730000 0.61040000 -0.73000000
vn -0.43310000 0.89830000 -0.07390000
vn -0.30420000 0.92440000 -0.23000000
vn -0.42810000 -0.78800000 0.44260000
vn -0.29230000 -0.70780000 0.64310000
vn -0.42640000 0.65650000 0.62220000
vn 0.03240000 -0.99910000 -0.02840000
vn -0.30670000 0.86960000 0.38710000
vn -0.47240000 -0.58750000 -0.65700000
vn -0.46570000 0.82680000 -0.31560000
vn -0.47730000 0.24320000 -0.84440000
vn -0.46480000 -0.87110000 0.15880000
vn -0.45440000 0.45030000 0.76860000
vn -0.35650000 -0.15270000 -0.92170000
vn -0.46210000 -0.33610000 0.82070000
vn -0.48850000 -0.76520000 -0.41930000
vn -0.48550000 -0.86320000 -0.13830000
vn -0.36420000 -0.39440000 -0.84370000
vn -0.36840000 0.10080000 -0.92420000
vn -0.35800000 -0.90190000 -0.24160000
vn -0.37200000 0.77350000 -0.51310000
vn -0.50700000 0.68570000 -0.52220000
vn -0.35080000 -0.45920000 0.81610000
vn -0.36420000 -0.86390000 0.34800000
vn -0.35970000 0.68760000 0.63070000
vn -0.49320000 0.21130000 0.84380000
vn -0.52890000 -0.03150000 -0.84810000
vn -0.39150000 -0.59980000 -0.69790000
vn -0.38040000 0.92300000 0.05820000
vn -0.39900000 0.34220000 -0.85070000
vn -0.51450000 -0.55420000 0.65440000
vn -0.38870000 -0.16550000 0.90640000
vn -0.39410000 0.43700000 0.80850000
vn -0.55470000 0.48780000 -0.67400000
vn -0.40360000 0.14290000 0.90370000
vn -0.54060000 -0.03820000 0.84040000
vn -0.55170000 0.81630000 0.17100000
vn -0.57180000 -0.29510000 -0.76550000
vn -0.54990000 0.74320000 0.38110000
vn -0.43570000 -0.75010000 -0.49760000
vn -0.42780000 -0.90340000 0.02910000
vn -0.56690000 0.82220000 -0.05110000
vn -0.56100000 -0.70940000 0.42660000
vn -0.44850000 0.54640000 -0.70730000
vn -0.44250000 0.85920000 -0.25680000
vn -0.56200000 0.60980000 0.55880000
vn -0.43410000 -0.68980000 0.57940000
vn -0.44720000 0.83000000 0.33340000
vn -0.60230000 -0.52120000 -0.60460000
vn -0.59440000 0.76000000 -0.26270000
vn -0.60460000 0.25280000 -0.75540000
vn -0.59550000 -0.78710000 0.16080000
vn -0.58610000 0.42970000 0.68700000
vn 0.02190000 -0.88300000 -0.46890000
vn -0.59060000 -0.27340000 0.75930000
vn -0.61640000 -0.68870000 -0.38170000
vn -0.61420000 -0.78020000 -0.11800000
vn -0.49700000 -0.14300000 -0.85590000
vn -0.49320000 -0.82910000 -0.26330000
vn -0.63080000 0.63640000 -0.44390000
vn -0.50380000 -0.35440000 -0.78780000
vn -0.50760000 0.07850000 -0.85800000
vn -0.50650000 0.69490000 -0.51040000
vn -0.62020000 0.22000000 0.75290000
vn -0.48960000 -0.45040000 0.74660000
vn -0.65170000 0.00330000 -0.75850000
vn -0.49890000 -0.81830000 0.28550000
vn -0.49950000 0.65440000 0.56770000
vn -0.51560000 0.85670000 0.01360000
vn -0.63900000 -0.47190000 0.60750000
vn -0.52760000 -0.53510000 -0.65980000
vn -0.53530000 0.28980000 -0.79340000
vn -0.67350000 0.46290000 -0.57630000
vn -0.52650000 -0.16780000 0.83350000
vn -0.66140000 0.00150000 0.75000000
vn -0.69080000 -0.23610000 -0.68340000
vn -0.53260000 0.41260000 0.73900000
vn -0.67460000 0.72080000 0.15890000
vn -0.67280000 0.66030000 0.33370000
vn -0.68100000 -0.61310000 0.40040000
vn -0.68800000 0.72530000 -0.02600000
vn -0.54090000 0.13010000 0.83100000
vn -0.55750000 -0.83000000 -0.01800000
vn -0.68320000 0.54860000 0.48200000
vn -0.56630000 -0.66650000 -0.48480000
vn -0.57700000 0.46940000 -0.66840000
vn -0.57210000 0.77190000 -0.27710000
vn -0.71730000 0.25700000 -0.64760000
vn -0.56400000 -0.65520000 0.50250000
vn -0.71010000 0.67410000 -0.20320000
vn -0.71810000 -0.44220000 -0.53730000
vn -0.71230000 -0.68360000 0.15890000
vn -0.70330000 0.39850000 0.58870000
vn -0.57730000 0.77020000 0.27120000
vn -0.70550000 -0.20440000 0.67860000
vn -0.73170000 -0.59410000 -0.33430000
vn -0.72940000 -0.67750000 -0.09430000
vn -0.74060000 0.57070000 -0.35460000
vn -0.73220000 0.22370000 0.64340000
vn -0.75860000 0.03810000 -0.65050000
vn 0.02410000 -0.98330000 -0.18050000
vn -0.61640000 -0.73660000 -0.27820000
vn -0.62530000 -0.13040000 -0.76940000
vn -0.63140000 -0.30640000 -0.71240000
vn -0.62880000 0.59910000 -0.49570000
vn -0.63460000 0.05510000 -0.77090000
vn -0.74790000 -0.37780000 0.54580000
vn -0.62210000 -0.75260000 0.21570000
vn -0.61670000 -0.43020000 0.65930000
vn -0.77620000 0.42610000 -0.46480000
vn -0.62620000 0.60540000 0.49140000
vn -0.63570000 0.77130000 -0.03170000
vn -0.65150000 -0.45740000 -0.60520000
vn -0.76650000 0.04170000 0.64090000
vn -0.65830000 0.23100000 -0.71650000
vn -0.79300000 -0.17160000 -0.58450000
vn -0.78070000 0.60860000 0.14150000
vn -0.77980000 0.56060000 0.27860000
vn -0.78410000 -0.50200000 0.36490000
vn -0.79150000 0.61120000 -0.00100000
vn -0.78760000 0.47400000 0.39380000
vn -0.65180000 -0.16560000 0.74010000
vn 0.02030000 -0.94430000 -0.32850000
vn -0.65650000 0.37940000 0.65200000
vn -0.81250000 0.25410000 -0.52470000
vn -0.67300000 -0.73690000 -0.06400000
vn -0.80980000 0.57050000 -0.13690000
vn -0.81730000 -0.35200000 -0.45610000
vn -0.68500000 -0.56570000 -0.45920000
vn -0.66520000 0.11420000 0.73790000
vn -0.80330000 0.35750000 0.47630000
vn -0.80270000 -0.13020000 0.58200000
vn -0.81100000 -0.56460000 0.15330000
vn -0.68610000 0.66680000 -0.29110000
vn -0.69270000 0.38030000 -0.61280000
vn -0.68160000 -0.60430000 0.41270000
vn -0.82920000 -0.48470000 -0.27830000
vn -0.82690000 -0.55820000 -0.06870000
vn -0.83280000 0.49100000 -0.25570000
vn -0.69210000 0.69280000 0.20250000
vn -0.82570000 0.22150000 0.51880000
vn -0.84710000 0.07240000 -0.52650000
vn -0.83770000 -0.27520000 0.47170000
vn -0.85980000 0.37930000 -0.34190000
vn -0.72640000 -0.62400000 -0.28800000
vn -0.85190000 0.08090000 0.51740000
vn -0.73640000 0.48860000 -0.46800000
vn -0.73970000 -0.11450000 -0.66310000
vn -0.87560000 -0.10350000 -0.47180000
vn -0.72990000 -0.66890000 0.14040000
vn -0.74440000 -0.25030000 -0.61900000
vn -0.74700000 0.03000000 -0.66420000
vn -0.86910000 0.47940000 0.12190000
vn -0.86830000 0.44610000 0.21710000
vn -0.72950000 -0.39970000 0.55500000
vn -0.86830000 -0.37870000 0.32040000
vn -0.74130000 0.66680000 -0.07650000
vn -0.87540000 0.48280000 0.02140000
vn -0.87310000 0.38790000 0.29550000
vn -0.73750000 0.54200000 0.40300000
vn -0.88840000 0.24570000 -0.38780000
vn -0.76000000 -0.36750000 -0.53610000
vn -0.88790000 0.45470000 -0.07050000
vn -0.76460000 0.16660000 -0.62260000
vn -0.89610000 -0.25340000 -0.36460000
vn -0.88010000 -0.05260000 0.47180000
vn -0.88380000 0.30760000 0.35260000
vn -0.89110000 -0.43050000 0.14350000
vn -0.90560000 -0.36460000 -0.21660000
vn -0.90410000 0.40040000 -0.14940000
vn -0.90420000 -0.42500000 -0.04180000
vn -0.77290000 -0.62520000 -0.10830000
vn -0.89890000 0.21540000 0.38150000
vn -0.76100000 -0.15940000 0.62880000
vn -0.91500000 0.10420000 -0.38970000
vn -0.76470000 0.33700000 0.54920000
vn -0.78440000 -0.45390000 -0.42270000
vn -0.78320000 0.54560000 -0.29830000
vn -0.90810000 -0.16490000 0.38500000
vn -0.79210000 0.28230000 -0.54130000
vn -0.92290000 0.32310000 -0.20940000
vn -0.77320000 0.09480000 0.62700000
vn -0.78180000 -0.53880000 0.31400000
vn -0.91730000 0.11760000 0.38040000
vn -0.79200000 0.59670000 0.12930000
vn -0.93750000 -0.03150000 -0.34660000
vn -0.93200000 -0.24520000 0.26710000
vn -0.93560000 0.33900000 0.09920000
vn -0.93470000 0.32370000 0.14700000
vn -0.94250000 0.23070000 -0.24170000
vn -0.93910000 0.34020000 0.04850000
vn -0.93780000 0.29100000 0.18950000
vn -0.93710000 0.02530000 0.34810000
vn -0.94510000 0.32670000 -0.00140000
vn -0.94290000 0.25080000 0.21920000
vn -0.81760000 -0.49730000 -0.29030000
vn -0.95300000 -0.14870000 -0.26410000
vn -0.94960000 -0.28530000 0.12990000
vn -0.95350000 0.29820000 -0.04300000
vn -0.82520000 0.36620000 -0.43000000
vn -0.95070000 0.20420000 0.23360000
vn -0.96110000 0.13230000 -0.24260000
vn -0.82010000 -0.56890000 0.06180000
vn -0.96040000 -0.23560000 -0.14860000
vn -0.95940000 -0.28180000 -0.01280000
vn -0.95600000 -0.05070000 0.28880000
vn -0.96300000 0.25990000 -0.07170000
vn -0.83580000 -0.09500000 -0.54080000
vn -0.83030000 0.54440000 -0.11920000
vn -0.96060000 0.15150000 0.23290000
vn -0.83870000 -0.18970000 -0.51050000
vn -0.84030000 0.00330000 -0.54210000
vn -0.82390000 -0.35960000 0.43800000
vn -0.97350000 0.21080000 -0.08850000
vn -0.97620000 0.04070000 -0.21290000
vn -0.83130000 0.46480000 0.30470000
vn -0.97080000 0.10390000 0.21640000
vn -0.97220000 -0.10670000 0.20820000
vn -0.84950000 -0.26790000 -0.45460000
vn -0.85290000 0.09790000 -0.51270000
vn -0.98030000 0.18400000 0.07220000
vn -0.98340000 0.15790000 -0.08960000
vn -0.98030000 0.06400000 0.18710000
vn -0.98680000 -0.03910000 -0.15690000
vn -0.98430000 -0.13450000 0.11400000
vn -0.85390000 -0.49800000 -0.15090000
vn -0.99100000 0.11120000 -0.07480000
vn -0.99210000 -0.09890000 -0.07680000
vn -0.98880000 0.03630000 0.14490000
vn -0.99120000 -0.13160000 0.01600000
vn -0.86180000 0.41060000 -0.29790000
vn -0.99640000 0.07160000 -0.04650000
vn -0.99550000 0.02120000 0.09180000
vn -0.86690000 -0.32750000 -0.37580000
vn -0.85160000 -0.14890000 0.50260000
vn -0.99920000 0.03910000 -0.00310000
vn -0.99880000 0.02220000 0.04430000
vn -0.87120000 0.17800000 -0.45750000
vn -0.85540000 0.28550000 0.43230000
vn -0.86350000 -0.46010000 0.20680000
vn -0.86310000 0.07270000 0.49970000
vn -0.87210000 0.48650000 0.05240000
vn -0.88890000 -0.35890000 -0.28480000
vn -0.89370000 0.23480000 -0.38240000
vn -0.89070000 -0.45420000 -0.01890000
vn -0.89840000 0.40970000 -0.15850000
vn -0.89830000 -0.31080000 0.31060000
vn -0.91060000 -0.07420000 -0.40670000
vn -0.91240000 -0.12230000 -0.39060000
vn -0.91320000 -0.02370000 -0.40690000
vn -0.90450000 0.37730000 0.19890000
vn -0.91400000 -0.35890000 -0.18900000
vn -0.91830000 -0.16370000 -0.36050000
vn -0.91890000 0.02340000 -0.39380000
vn -0.91940000 0.26540000 -0.29030000
vn -0.92710000 -0.19420000 -0.32060000
vn -0.92920000 0.06740000 -0.36330000
vn -0.92440000 -0.36980000 0.09380000
vn -0.92150000 -0.13460000 0.36430000
vn -0.93060000 0.36510000 -0.02600000
vn -0.92500000 0.22640000 0.30520000
vn -0.93880000 -0.21000000 -0.27290000
vn -0.94140000 0.09770000 -0.32280000
vn -0.93930000 -0.32860000 -0.09890000
vn -0.93090000 0.05020000 0.36180000
vn -0.94440000 0.26500000 -0.19460000
vn -0.95210000 -0.21060000 -0.22190000
vn -0.95490000 0.11290000 -0.27460000
vn -0.95130000 -0.25380000 0.17480000
vn -0.95600000 0.27980000 0.08840000
vn -0.96630000 -0.05000000 -0.25270000
vn -0.96540000 -0.19460000 -0.17340000
vn -0.96260000 -0.27020000 -0.02150000
vn -0.96810000 0.11300000 -0.22380000
vn -0.96670000 0.23390000 -0.10390000
vn -0.97650000 -0.16590000 -0.13740000
vn -0.96930000 -0.11770000 0.21600000
vn -0.97910000 0.09700000 -0.17890000
vn -0.97170000 0.16250000 0.17130000
vn -0.97620000 0.02660000 0.21530000
vn -0.98100000 -0.19080000 0.03510000
vn -0.98600000 -0.12680000 -0.10850000
vn -0.98420000 0.17530000 -0.02510000
vn -0.98830000 0.06570000 -0.13770000
vn -0.99310000 -0.07340000 -0.09190000
vn -0.99390000 0.02330000 -0.10750000
vn -0.99560000 -0.02160000 -0.09160000
vn -0.99320000 -0.09780000 0.06240000
vn -0.99500000 0.09460000 0.03220000
vn -0.99810000 0.00110000 0.06190000
vn 0.99930000 -0.02980000 -0.02150000
vn 0.99740000 -0.02080000 -0.06920000
vn 0.99830000 -0.05300000 0.02450000
vn 0.99260000 -0.02700000 -0.11880000
vn 0.99390000 -0.09100000 0.06150000
vn 0.99240000 0.11830000 0.03270000
vn 0.98860000 0.13580000 -0.06490000
vn 0.99020000 0.07210000 0.11960000
vn 0.98480000 -0.04880000 -0.16680000
vn 0.98690000 -0.13740000 0.08460000
vn 0.97880000 0.12310000 -0.16350000
vn 0.98030000 -0.18370000 -0.07310000
vn 0.97530000 -0.08480000 -0.20370000
vn 0.98210000 0.00150000 0.18830000
vn 0.97860000 -0.18450000 0.09150000
vn 0.96550000 -0.12780000 -0.22680000
vn 0.96430000 0.08150000 -0.25210000
vn 0.96880000 -0.23420000 0.08160000
vn 0.96890000 -0.08610000 0.23210000
vn 0.95600000 -0.17600000 -0.23480000
vn 0.96110000 0.26350000 0.08310000
vn 0.95860000 -0.27860000 0.05860000
vn 0.95540000 0.28960000 -0.05810000
vn 0.95770000 0.19620000 0.21030000
vn 0.94680000 0.01490000 -0.32160000
vn 0.94680000 -0.22740000 -0.22750000
vn 0.94950000 -0.31290000 0.02200000
vn 0.95200000 -0.18240000 0.24570000
vn 0.94130000 0.27090000 -0.20160000
vn 0.94020000 -0.27140000 -0.20570000
vn 0.94170000 -0.33560000 -0.02360000
vn 0.94610000 0.09290000 0.31040000
vn 0.93600000 -0.30870000 -0.16900000
vn 0.93690000 -0.34160000 -0.07500000
vn 0.93460000 -0.33390000 -0.12260000
vn 0.92740000 -0.06950000 -0.36760000
vn 0.93310000 -0.27690000 0.22970000
vn 0.92030000 0.20990000 -0.33010000
vn 0.92690000 -0.03420000 0.37370000
vn 0.90810000 -0.16540000 -0.38480000
vn 0.91330000 -0.36370000 0.18340000
vn 0.90650000 0.40120000 0.13160000
vn 0.89480000 0.11290000 -0.43200000
vn 0.89900000 0.43490000 -0.05090000
vn 0.89100000 -0.26320000 -0.37000000
vn 0.90240000 0.31450000 0.29470000
vn 0.90230000 -0.17490000 0.39400000
vn 0.89520000 -0.43140000 0.11180000
vn 0.88100000 0.41110000 -0.23430000
vn 0.87790000 -0.35040000 -0.32640000
vn 0.88120000 -0.47210000 0.02480000
vn 0.88730000 0.18190000 0.42370000
vn 0.86630000 -0.01290000 -0.49940000
vn 0.86980000 -0.42060000 -0.25800000
vn 0.87190000 -0.48430000 -0.07290000
vn 0.86780000 -0.46670000 -0.17060000
vn 0.87400000 -0.31470000 0.37020000
vn 0.85440000 0.33160000 -0.40000000
vn 0.86240000 0.01760000 0.50590000
vn 0.83830000 -0.15090000 -0.52390000
vn 0.84590000 -0.43860000 0.30360000
vn 0.82050000 0.20760000 -0.53260000
vn 0.82970000 0.52960000 0.17640000
vn 0.81370000 -0.29140000 -0.50300000
vn 0.82090000 0.56940000 -0.04240000
vn 0.83040000 -0.16340000 0.53270000
vn 0.82500000 0.42510000 0.37240000
vn 0.81970000 -0.53650000 0.20040000
vn 0.79950000 0.54080000 -0.26140000
vn 0.79430000 -0.41930000 -0.43960000
vn 0.79900000 -0.59710000 0.07160000
vn 0.80650000 0.26640000 0.52780000
vn 0.78410000 0.04700000 -0.61890000
vn 0.78250000 -0.52170000 -0.33990000
vn 0.78520000 -0.61520000 -0.07050000
vn 0.79450000 -0.34280000 0.50130000
vn 0.77960000 -0.58910000 -0.21260000
vn 0.76720000 0.44660000 -0.46040000
vn 0.77670000 0.06920000 0.62600000
vn 0.74880000 -0.13200000 -0.64950000
vn 0.75830000 -0.50270000 0.41510000
vn 0.72720000 0.29600000 -0.61930000
vn 0.71700000 -0.31290000 -0.62290000
vn 0.73260000 0.64490000 0.21750000
vn 0.73820000 -0.14790000 0.65820000
vn 0.72280000 0.69030000 -0.03210000
vn 0.72410000 -0.62920000 0.28250000
vn 0.72690000 0.52590000 0.44170000
vn 0.69790000 0.65800000 -0.28270000
vn 0.69230000 -0.47810000 -0.54060000
vn 0.68340000 0.10440000 -0.72250000
vn 0.69810000 -0.70630000 0.11730000
vn 0.70580000 0.34460000 0.61900000
vn 0.67650000 -0.61000000 -0.41270000
vn 0.69590000 -0.36240000 0.62000000
vn 0.67960000 -0.73060000 -0.06590000
vn 0.67230000 -0.69720000 -0.24900000
vn 0.66070000 0.55090000 -0.50990000
vn 0.67220000 0.11920000 0.73070000
vn 0.64060000 -0.11040000 -0.75990000
vn 0.65190000 -0.55490000 0.51680000
vn 0.61540000 0.37850000 -0.69140000
vn 0.60200000 -0.32730000 -0.72830000
vn 0.62880000 -0.12810000 0.76690000
vn 0.61830000 0.74410000 0.25300000
vn 0.60700000 0.79440000 -0.02140000
vn 0.61210000 -0.70510000 0.35800000
vn 0.61200000 0.61300000 0.49970000
vn 0.57210000 -0.52490000 -0.63020000
vn 0.57970000 0.75880000 -0.29690000
vn 0.56550000 0.15960000 -0.80920000
vn 0.57980000 -0.79900000 0.15930000
vn 0.58900000 0.41390000 0.69410000
vn 0.58000000 -0.37350000 0.72390000
vn 0.55460000 -0.68330000 -0.47480000
vn 0.55740000 -0.82800000 -0.06060000
vn 0.54920000 -0.78780000 -0.27890000
vn 0.53930000 0.64040000 -0.54690000
vn 0.55260000 0.16630000 0.81670000
vn 0.51680000 -0.08580000 -0.85180000
vn 0.52960000 -0.59330000 0.60620000
vn 0.48880000 0.45140000 -0.74650000
vn 0.47290000 -0.33390000 -0.81540000
vn 0.50420000 -0.10590000 0.85700000
vn 0.48870000 0.82560000 0.28200000
vn 0.48460000 -0.76470000 0.42470000
vn 0.47650000 0.87910000 -0.01030000
vn 0.48190000 0.68570000 0.54550000
vn 0.43870000 -0.55910000 -0.70350000
vn 0.44780000 0.84090000 -0.30390000
vn 0.43380000 0.21070000 -0.87600000
vn 0.44700000 -0.87250000 0.19740000
vn 0.45830000 0.47310000 0.75240000
vn 0.44980000 -0.37600000 0.81020000
vn 0.41760000 -0.74010000 -0.52710000
vn 0.42280000 -0.90470000 -0.05270000
vn 0.41250000 -0.85930000 -0.30230000
vn 0.40440000 0.71510000 -0.57010000
vn 0.41850000 0.20920000 0.88380000
vn 0.38020000 -0.05920000 -0.92300000
vn 0.39510000 -0.61700000 0.68060000
vn 0.35120000 0.51300000 -0.78330000
vn 0.33190000 -0.33170000 -0.88310000
vn 0.36650000 -0.08120000 0.92690000
vn 0.34710000 0.88690000 0.30500000
vn 0.34450000 -0.80610000 0.48110000
vn 0.33490000 0.94220000 0.00130000
vn 0.33980000 0.74180000 0.57820000
vn 0.29520000 -0.57980000 -0.75940000
vn 0.30490000 0.90260000 -0.30370000
vn 0.29250000 0.25630000 -0.92130000
vn 0.30400000 -0.92410000 0.23140000
vn 0.31460000 0.52170000 0.79300000
vn 0.30890000 -0.36890000 0.87660000
vn 0.27190000 -0.77880000 -0.56520000
vn 0.27760000 -0.95970000 -0.04410000
vn 0.26540000 -0.90990000 -0.31890000
vn 0.25930000 0.77220000 -0.58000000
vn 0.27270000 0.24720000 0.92980000
vn 0.23500000 -0.03150000 -0.97150000
vn 0.25070000 -0.62640000 0.73800000
vn 0.20410000 0.56290000 -0.80090000
vn 0.22020000 -0.05430000 0.97390000
vn 0.18330000 -0.32190000 -0.92880000
vn 0.19720000 0.92640000 0.32080000
vn 0.19670000 -0.82770000 0.52560000
vn 0.18600000 0.98250000 0.01250000
vn 0.18990000 0.77950000 0.59690000
vn 0.14400000 0.29560000 -0.94440000
vn 0.14380000 -0.58610000 -0.79740000
vn 0.15440000 0.94270000 -0.29580000
vn 0.15400000 -0.95340000 0.25960000
vn 0.16370000 0.55670000 0.81440000
vn 0.16070000 -0.35310000 0.92170000
vn 0.11940000 -0.79860000 -0.58990000
vn 0.12460000 -0.99160000 -0.03480000
vn 0.11320000 -0.93810000 -0.32730000
vn 0.10920000 0.81020000 -0.57590000
vn 0.12230000 0.27910000 0.95240000
vn 0.08350000 -0.00250000 -0.99650000
vn 0.09960000 -0.62010000 0.77820000
vn 0.05220000 0.59890000 -0.79910000
vn 0.06920000 -0.02570000 0.99730000
vn 0.03020000 -0.30400000 -0.95220000
vn 0.04580000 -0.82880000 0.55770000
vn 0.04240000 0.94370000 0.32800000
vn 0.03090000 0.99920000 0.02370000
vn 0.03600000 0.79850000 0.60090000
vn -0.00860000 0.32850000 -0.94450000
vn -0.01090000 -0.57820000 -0.81580000
vn 0.00040000 0.95960000 -0.28130000
vn -0.00080000 -0.95960000 0.28140000
vn 0.01160000 0.57810000 0.81590000
vn 0.00840000 -0.32840000 0.94450000
vn -0.03650000 -0.79880000 -0.60050000
vn -0.03110000 -0.99920000 -0.02420000
vn -0.04440000 -0.94380000 -0.32770000
vn -0.04420000 0.82900000 -0.55750000
vn -0.03020000 0.30390000 0.95220000
vn -0.06860000 0.02560000 -0.99730000
vn -0.05280000 -0.59890000 0.79900000
vn -0.09990000 0.62000000 -0.77820000
vn -0.08430000 0.00290000 0.99640000
vn -0.12310000 -0.27920000 -0.95230000
vn -0.10890000 -0.81030000 0.57590000
vn -0.11300000 0.93810000 0.32740000
vn -0.12600000 0.99140000 0.03500000
vn -0.11910000 0.79850000 0.59000000
vn -0.16090000 0.35310000 -0.92170000
vn -0.16480000 -0.55650000 -0.81430000
vn -0.15300000 0.95350000 -0.25970000
vn -0.15470000 -0.94270000 0.29570000
vn -0.14330000 0.58610000 0.79740000
vn -0.14390000 -0.29590000 0.94430000
vn -0.19060000 -0.77960000 -0.59650000
vn -0.18500000 -0.98260000 -0.01340000
vn -0.19740000 0.82740000 -0.52570000
vn -0.19700000 -0.92660000 -0.32020000
vn -0.18370000 0.32120000 0.92900000
vn -0.22080000 0.05450000 -0.97380000
vn -0.20420000 -0.56320000 0.80070000
vn -0.25070000 0.62600000 -0.73840000
vn -0.23450000 0.03150000 0.97160000
vn -0.27320000 -0.24720000 -0.92960000
vn -0.25950000 -0.77190000 0.58030000
vn -0.26540000 0.91000000 0.31860000
vn -0.27800000 0.95950000 0.04480000
vn -0.27250000 0.77860000 0.56520000
vn -0.30820000 0.36860000 -0.87700000
vn -0.31430000 -0.52160000 -0.79320000
vn -0.30430000 0.92410000 -0.23120000
vn -0.30500000 -0.90260000 0.30390000
vn -0.29220000 -0.25620000 0.92140000
vn -0.29570000 0.57920000 0.75970000
vn -0.34030000 -0.74160000 -0.57820000
vn -0.33430000 -0.94250000 -0.00130000
vn -0.34510000 0.80580000 -0.48120000
vn -0.34570000 -0.88730000 -0.30540000
vn -0.33200000 0.33180000 0.88300000
vn -0.36670000 0.08120000 -0.92680000
vn -0.35020000 -0.51360000 0.78330000
vn -0.39480000 0.61740000 -0.68040000
vn -0.37950000 0.05960000 0.92330000
vn -0.41760000 -0.20910000 -0.88420000
vn -0.40370000 -0.71520000 0.57050000
vn -0.41260000 0.85920000 0.30260000
vn -0.42240000 0.90490000 0.05310000
vn -0.41820000 0.74010000 0.52660000
vn -0.44990000 0.37620000 -0.81000000
vn -0.45730000 -0.47330000 -0.75290000
vn -0.44700000 0.87240000 -0.19760000
vn -0.43380000 -0.21040000 0.87610000
vn -0.44770000 -0.84090000 0.30410000
vn -0.43870000 0.55900000 0.70360000
vn -0.48210000 -0.68560000 -0.54550000
vn -0.47700000 -0.87880000 0.01020000
vn -0.48450000 0.76490000 -0.42440000
vn -0.48880000 -0.82530000 -0.28270000
vn -0.50330000 0.10590000 -0.85760000
vn -0.47240000 0.33380000 0.81580000
vn -0.48880000 -0.45170000 0.74640000
vn -0.52940000 0.59310000 -0.60660000
vn -0.51630000 0.08620000 0.85210000
vn -0.55170000 -0.16590000 -0.81740000
vn -0.53970000 -0.64060000 0.54630000
vn -0.54890000 0.78810000 0.27880000
vn -0.55730000 0.82810000 0.06040000
vn -0.55380000 0.68360000 0.47540000
vn -0.58000000 0.37390000 -0.72370000
vn -0.58910000 -0.41430000 -0.69380000
vn -0.57920000 0.79940000 -0.15940000
vn -0.56570000 -0.15910000 0.80910000
vn -0.57970000 -0.75870000 0.29720000
vn -0.57210000 0.52490000 0.63020000
vn -0.61080000 -0.61400000 -0.50000000
vn -0.61190000 0.70510000 -0.35830000
vn -0.60690000 -0.79450000 0.02150000
vn -0.61810000 -0.74430000 -0.25310000
vn -0.62910000 0.12850000 -0.76660000
vn -0.60230000 0.32710000 0.72820000
vn -0.61620000 -0.37860000 0.69070000
vn -0.65160000 0.55530000 -0.51680000
vn -0.64030000 0.11060000 0.76010000
vn -0.67290000 -0.11900000 -0.73010000
vn -0.66140000 -0.55030000 0.50970000
vn -0.67280000 0.69660000 0.24910000
vn -0.67950000 0.73070000 0.06620000
vn -0.69550000 0.36240000 -0.62050000
vn -0.67600000 0.61070000 0.41230000
vn -0.70660000 -0.34420000 -0.61830000
vn -0.68310000 -0.10430000 0.72280000
vn -0.69740000 0.70710000 -0.11670000
vn -0.69180000 0.47780000 0.54140000
vn -0.69790000 -0.65790000 0.28300000
vn -0.72690000 -0.52600000 -0.44150000
vn -0.72400000 0.62870000 -0.28370000
vn -0.72240000 -0.69080000 0.03230000
vn -0.73860000 0.14780000 -0.65770000
vn -0.73290000 -0.64460000 -0.21760000
vn -0.71700000 0.31270000 0.62300000
vn -0.72720000 -0.29640000 0.61920000
vn -0.75750000 0.50320000 -0.41590000
vn -0.74830000 0.13260000 0.64990000
vn -0.77690000 -0.06890000 -0.62580000
vn -0.76650000 -0.44710000 0.46100000
vn -0.77920000 0.58990000 0.21200000
vn -0.79450000 0.34240000 -0.50140000
vn -0.78550000 0.61480000 0.07130000
vn -0.78240000 0.52240000 0.33900000
vn -0.78430000 -0.04710000 0.61870000
vn -0.80660000 -0.26630000 -0.52780000
vn -0.79930000 0.59680000 -0.07110000
vn -0.79490000 0.41810000 0.43970000
vn -0.79920000 -0.54110000 0.26180000
vn -0.82050000 0.53560000 -0.19970000
vn -0.82500000 -0.42470000 -0.37280000
vn -0.83040000 0.16360000 -0.53270000
vn -0.82110000 -0.56930000 0.04180000
vn -0.81320000 0.29200000 0.50350000
vn -0.82940000 -0.53000000 -0.17670000
vn -0.82080000 -0.20680000 0.53250000
vn -0.84640000 0.43800000 -0.30280000
vn -0.83830000 0.15140000 0.52370000
vn -0.86230000 -0.01790000 -0.50610000
vn -0.85390000 -0.33220000 0.40060000
vn -0.87430000 0.31350000 -0.37060000
vn -0.86730000 0.46790000 0.16970000
vn -0.87130000 0.48520000 0.07350000
vn -0.86980000 0.42070000 0.25770000
vn -0.86650000 0.01110000 0.49910000
vn -0.88720000 -0.18220000 -0.42400000
vn -0.88130000 0.47200000 -0.02410000
vn -0.87780000 0.35050000 0.32650000
vn -0.88090000 -0.41110000 0.23440000
vn -0.89580000 0.42970000 -0.11390000
vn -0.90200000 0.17530000 -0.39450000
vn -0.90250000 -0.31350000 -0.29530000
vn -0.89090000 0.26260000 0.37050000
vn -0.89920000 -0.43450000 0.05120000
vn -0.89420000 -0.11270000 0.43320000
vn -0.90640000 -0.40150000 -0.13110000
vn -0.91360000 0.36300000 -0.18320000
vn -0.90790000 0.16520000 0.38520000
vn -0.92700000 0.03450000 -0.37350000
vn -0.92030000 -0.20970000 0.33040000
vn -0.93270000 0.27880000 -0.22890000
vn -0.92700000 0.07020000 0.36840000
vn -0.93510000 0.33140000 0.12580000
vn -0.93680000 0.34260000 0.07160000
vn -0.93640000 0.30700000 0.16980000
vn -0.94610000 -0.09390000 -0.31000000
vn -0.94160000 0.33600000 0.02280000
vn -0.93980000 0.27330000 0.20500000
vn -0.94150000 -0.27090000 0.20070000
vn -0.95170000 0.18310000 -0.24630000
vn -0.94890000 0.31480000 -0.02180000
vn -0.94660000 0.22840000 0.22770000
vn -0.94660000 -0.01520000 0.32200000
vn -0.95790000 -0.19580000 -0.20990000
vn -0.95570000 -0.28860000 0.05830000
vn -0.95820000 0.27960000 -0.05980000
vn -0.96140000 -0.26240000 -0.08270000
vn -0.95570000 0.17670000 0.23540000
vn -0.96900000 0.08620000 -0.23160000
vn -0.96850000 0.23470000 -0.08350000
vn -0.96450000 -0.08200000 0.25090000
vn -0.96600000 0.12530000 0.22600000
vn -0.97860000 0.18400000 -0.09200000
vn -0.98210000 -0.00290000 -0.18820000
vn -0.97580000 0.08230000 0.20270000
vn -0.98040000 0.18320000 0.07250000
vn -0.97900000 -0.12400000 0.16210000
vn -0.98740000 0.13410000 -0.08360000
vn -0.98470000 0.04840000 0.16740000
vn -0.99010000 -0.07330000 -0.11940000
vn -0.98850000 -0.13670000 0.06460000
vn -0.99240000 -0.11910000 -0.03190000
vn -0.99390000 0.09080000 -0.06240000
vn -0.99250000 0.02630000 0.11900000
vn -0.99820000 0.05380000 -0.02560000
vn -0.99750000 0.01930000 0.06760000
vn -0.99940000 0.02760000 0.02030000
vn 0.99880000 -0.02160000 -0.04430000
vn 0.99920000 -0.03960000 0.00490000
vn 0.99530000 -0.02000000 -0.09430000
vn 0.99650000 -0.06930000 0.04600000
vn 0.99120000 0.13150000 -0.01590000
vn 0.98890000 -0.03510000 -0.14410000
vn 0.99210000 0.09870000 0.07710000
vn 0.99110000 -0.11000000 0.07440000
vn 0.98440000 0.13380000 -0.11390000
vn 0.98690000 0.03910000 0.15680000
vn 0.98020000 -0.06430000 -0.18720000
vn 0.98300000 -0.15980000 0.09060000
vn 0.98040000 -0.18320000 -0.07280000
vn 0.97220000 0.10660000 -0.20850000
vn 0.97080000 -0.10280000 -0.21670000
vn 0.97610000 -0.04010000 0.21350000
vn 0.97360000 -0.21010000 0.08960000
vn 0.96050000 -0.15200000 -0.23290000
vn 0.96310000 -0.25930000 0.07240000
vn 0.95600000 0.05150000 -0.28870000
vn 0.95950000 0.28150000 0.01230000
vn 0.96070000 0.23430000 0.14850000
vn 0.96110000 -0.13270000 0.24210000
vn 0.95100000 -0.20220000 -0.23410000
vn 0.95360000 -0.29780000 0.04330000
vn 0.94950000 0.28540000 -0.13020000
vn 0.95320000 0.14790000 0.26370000
vn 0.94350000 -0.24980000 -0.21790000
vn 0.94530000 -0.32630000 0.00140000
vn 0.93720000 -0.02550000 -0.34790000
vn 0.93740000 -0.29110000 -0.19110000
vn 0.93850000 -0.34190000 -0.04930000
vn 0.93480000 -0.32260000 -0.14860000
vn 0.94270000 -0.23040000 0.24130000
vn 0.93520000 -0.34060000 -0.09730000
vn 0.93170000 0.24540000 -0.26770000
vn 0.93770000 0.03160000 0.34590000
vn 0.91760000 -0.11690000 -0.38000000
vn 0.92280000 -0.32350000 0.20900000
vn 0.90810000 0.16540000 -0.38470000
vn 0.91550000 -0.10400000 0.38880000
vn 0.89910000 -0.21450000 -0.38150000
vn 0.90440000 0.42470000 0.04130000
vn 0.90560000 0.36460000 0.21670000
vn 0.90350000 -0.40110000 0.15080000
vn 0.89140000 0.42980000 -0.14380000
vn 0.88390000 -0.30890000 -0.35120000
vn 0.88060000 0.05280000 -0.47100000
vn 0.89620000 0.25350000 0.36410000
vn 0.88780000 -0.45460000 0.07120000
vn 0.88870000 -0.24550000 0.38730000
vn 0.87310000 -0.38850000 -0.29470000
vn 0.87580000 -0.48220000 -0.02280000
vn 0.86860000 0.37800000 -0.32040000
vn 0.86760000 -0.44700000 -0.21770000
vn 0.86870000 -0.48000000 -0.12230000
vn 0.87570000 0.10300000 0.47170000
vn 0.85190000 -0.08030000 -0.51760000
vn 0.85970000 -0.38010000 0.34120000
vn 0.83820000 0.27500000 -0.47090000
vn 0.84700000 -0.07210000 0.52660000
vn 0.82540000 -0.22200000 -0.51910000
vn 0.83290000 -0.49120000 0.25500000
vn 0.82740000 0.55740000 0.06920000
vn 0.82890000 0.48500000 0.27870000
vn 0.81130000 0.56420000 -0.15340000
vn 0.80300000 0.12990000 -0.58160000
vn 0.80340000 -0.35750000 -0.47620000
vn 0.81670000 0.35240000 0.45700000
vn 0.80950000 -0.57050000 0.13880000
vn 0.81280000 -0.25460000 0.52400000
vn 0.78820000 -0.47370000 -0.39290000
vn 0.79140000 -0.61130000 0.00170000
vn 0.78440000 0.50160000 -0.36490000
vn 0.78060000 -0.55980000 -0.27780000
vn 0.78150000 -0.60730000 -0.14250000
vn 0.79260000 0.17210000 0.58500000
vn 0.76620000 -0.04180000 -0.64130000
vn 0.77600000 -0.42650000 0.46480000
vn 0.74770000 0.37820000 -0.54580000
vn 0.75820000 -0.03790000 0.65090000
vn 0.73190000 -0.22320000 -0.64390000
vn 0.74110000 -0.57050000 0.35390000
vn 0.72970000 0.67710000 0.09480000
vn 0.73200000 0.59350000 0.33440000
vn 0.70530000 0.20450000 -0.67880000
vn 0.70340000 -0.39820000 -0.58880000
vn 0.71190000 0.68400000 -0.15900000
vn 0.71790000 0.44190000 0.53780000
vn 0.71060000 -0.67360000 0.20320000
vn 0.71660000 -0.25730000 0.64830000
vn 0.68290000 -0.54850000 -0.48250000
vn 0.68710000 -0.72600000 0.02670000
vn 0.68050000 0.61330000 -0.40100000
vn 0.67320000 -0.65990000 -0.33370000
vn 0.67440000 -0.72110000 -0.15890000
vn 0.69100000 0.23620000 0.68320000
vn 0.66140000 -0.00180000 -0.75010000
vn 0.67360000 -0.46260000 0.57630000
vn 0.63840000 0.47240000 -0.60770000
vn 0.65150000 -0.00330000 0.75870000
vn 0.62030000 -0.22020000 -0.75280000
vn 0.63090000 -0.63640000 0.44390000
vn 0.61490000 0.77980000 0.11760000
vn 0.61780000 0.68770000 0.38130000
vn 0.59030000 0.27390000 -0.75930000
vn 0.58560000 -0.42980000 -0.68730000
vn 0.59470000 0.78770000 -0.16080000
vn 0.59420000 -0.76020000 0.26280000
vn 0.60410000 -0.25300000 0.75570000
vn 0.60270000 0.52080000 0.60460000
vn 0.56170000 -0.61000000 -0.55890000
vn 0.56090000 0.70930000 -0.42700000
vn 0.56660000 -0.82240000 0.05070000
vn 0.54930000 -0.74350000 -0.38140000
vn 0.57220000 0.29470000 0.76540000
vn 0.54020000 0.03830000 -0.84070000
vn 0.55110000 -0.81660000 -0.17140000
vn 0.55470000 -0.48770000 0.67420000
vn 0.51520000 0.55370000 -0.65420000
vn 0.52920000 0.03100000 0.84800000
vn 0.49370000 -0.21130000 -0.84360000
vn 0.50620000 -0.68600000 0.52270000
vn 0.48530000 0.86340000 0.13770000
vn 0.48640000 0.76620000 0.41990000
vn 0.46150000 0.33650000 -0.82080000
vn 0.45450000 -0.45050000 -0.76840000
vn 0.46380000 0.87150000 -0.15900000
vn 0.47790000 -0.24300000 0.84410000
vn 0.46520000 -0.82700000 0.31560000
vn 0.47170000 0.58760000 0.65740000
vn 0.42680000 -0.65610000 -0.62240000
vn 0.42820000 0.78810000 -0.44220000
vn 0.43330000 -0.89820000 0.07340000
vn 0.40680000 0.07710000 -0.91030000
vn 0.43920000 0.34640000 0.82900000
vn 0.41300000 -0.80840000 -0.41940000
vn 0.41550000 -0.89170000 -0.17950000
vn 0.42230000 -0.50160000 0.75500000
vn 0.37910000 0.62240000 -0.68480000
vn 0.39310000 0.06570000 0.91710000
vn 0.35510000 -0.19690000 -0.91390000
vn 0.36860000 -0.71930000 0.58890000
vn 0.34230000 0.92660000 0.15560000
vn 0.32240000 0.39040000 -0.86240000
vn 0.34620000 0.82480000 0.44710000
vn 0.31210000 -0.46010000 -0.83120000
vn 0.32230000 0.93420000 -0.15300000
vn 0.33880000 -0.22730000 0.91300000
vn 0.32270000 -0.87480000 0.36140000
vn 0.33020000 0.63940000 0.69430000
vn 0.99880000 -0.02230000 -0.04420000
vn 0.99920000 -0.03880000 0.00390000
vn 0.28180000 -0.68650000 -0.67040000
vn 0.99510000 -0.02100000 -0.09640000
vn 0.99650000 -0.06990000 0.04500000
vn 0.28460000 0.84780000 -0.44740000
vn 0.99120000 0.13150000 -0.01570000
vn 0.98880000 -0.03570000 -0.14520000
vn 0.99210000 0.09930000 0.07720000
vn 0.28860000 -0.95270000 0.09500000
vn 0.99050000 -0.11380000 0.07710000
vn 0.98430000 0.13430000 -0.11410000
vn 0.98670000 0.03940000 0.15770000
vn 0.98070000 -0.06280000 -0.18520000
vn 0.26370000 0.11430000 -0.95780000
vn 0.29620000 0.38940000 0.87210000
vn 0.98030000 -0.18370000 -0.07270000
vn 0.98290000 -0.16020000 0.09080000
vn 0.26660000 -0.85370000 -0.44720000
vn 0.97220000 0.10600000 -0.20850000
vn 0.26930000 -0.94540000 -0.18360000
vn 0.97090000 -0.10220000 -0.21640000
vn 0.97600000 -0.04060000 0.21410000
vn 0.97330000 -0.21160000 0.08890000
vn 0.28000000 -0.50320000 0.81760000
vn 0.96050000 -0.15200000 -0.23330000
vn 0.96330000 -0.25840000 0.07320000
vn 0.95600000 0.05050000 -0.28910000
vn 0.95970000 0.28090000 0.01250000
vn 0.96070000 0.23410000 0.14930000
vn 0.96120000 -0.13230000 0.24190000
vn 0.95090000 -0.20300000 -0.23380000
vn 0.95420000 -0.29570000 0.04510000
vn 0.94950000 0.28530000 -0.13050000
vn 0.95320000 0.14820000 0.26370000
vn 0.94320000 -0.25050000 -0.21830000
vn 0.23250000 0.67620000 -0.69910000
vn 0.94510000 -0.32690000 -0.00070000
vn 0.93720000 -0.02630000 -0.34780000
vn 0.93750000 -0.29300000 -0.18790000
vn 0.93840000 -0.34190000 -0.05000000
vn 0.94260000 -0.23080000 0.24120000
vn 0.93460000 -0.32300000 -0.14910000
vn 0.93550000 -0.33910000 -0.09910000
vn 0.93160000 0.24610000 -0.26750000
vn 0.93740000 0.03200000 0.34680000
vn 0.24820000 0.09820000 0.96370000
vn 0.20770000 -0.17810000 -0.96180000
vn 0.91750000 -0.11650000 -0.38030000
vn 0.92330000 -0.32200000 0.20920000
vn 0.90790000 0.16580000 -0.38490000
vn 0.22310000 -0.73520000 0.64010000
vn 0.91510000 -0.10360000 0.38970000
vn 0.89930000 -0.21440000 -0.38120000
vn 0.90410000 0.42540000 0.04180000
vn 0.90430000 -0.39940000 0.15070000
vn 0.90590000 0.36390000 0.21670000
vn 0.89130000 0.42980000 -0.14440000
vn 0.88380000 -0.30750000 -0.35260000
vn 0.17420000 0.43520000 -0.88330000
vn 0.88080000 0.05250000 -0.47060000
vn 0.89640000 0.25250000 0.36430000
vn 0.19450000 0.96640000 0.16830000
vn 0.88760000 -0.45530000 0.07010000
vn 0.19660000 0.86370000 0.46400000
vn 0.88870000 -0.24490000 0.38760000
vn 0.87320000 -0.38820000 -0.29470000
vn 0.16140000 -0.45840000 -0.87400000
vn 0.87600000 -0.48170000 -0.02300000
vn 0.86830000 0.37830000 -0.32090000
vn 0.19050000 -0.20560000 0.95990000
vn 0.17240000 0.97460000 -0.14320000
vn 0.86820000 -0.44710000 -0.21520000
vn 0.86880000 -0.47960000 -0.12310000
vn 0.87570000 0.10260000 0.47190000
vn 0.17340000 -0.90090000 0.39790000
vn 0.17930000 0.67640000 0.71440000
vn 0.85220000 -0.08120000 -0.51690000
vn 0.86000000 -0.37900000 0.34160000
vn 0.83790000 0.27550000 -0.47120000
vn 0.12980000 -0.70020000 -0.70200000
vn 0.13300000 0.88750000 -0.44120000
vn 0.84750000 -0.07130000 0.52600000
vn 0.82500000 -0.22180000 -0.51990000
vn 0.13660000 -0.98400000 0.11410000
vn 0.11350000 0.14850000 -0.98240000
vn 0.83200000 -0.49250000 0.25520000
vn 0.14620000 0.42310000 0.89420000
vn 0.82680000 0.55830000 0.06850000
vn 0.82900000 0.48500000 0.27840000
vn 0.11380000 -0.87860000 -0.46380000
vn 0.11600000 -0.97630000 -0.18290000
vn 0.81100000 0.56460000 -0.15350000
vn 0.80250000 0.13070000 -0.58220000
vn 0.13000000 -0.49210000 0.86070000
vn 0.80290000 -0.35820000 -0.47650000
vn 0.81700000 0.35160000 0.45700000
vn 0.80890000 -0.57140000 0.13860000
vn 0.81280000 -0.25410000 0.52410000
vn 0.78740000 -0.47430000 -0.39390000
vn 0.08230000 0.71290000 -0.69640000
vn 0.79140000 -0.61130000 0.00210000
vn 0.78410000 0.50200000 -0.36500000
vn 0.77970000 -0.56050000 -0.27920000
vn 0.78120000 -0.60780000 -0.14260000
vn 0.79330000 0.17140000 0.58420000
vn 0.76600000 -0.04180000 -0.64150000
vn 0.09710000 0.12770000 0.98710000
vn 0.05590000 -0.15510000 -0.98630000
vn 0.77610000 -0.42640000 0.46460000
vn 0.07180000 -0.73320000 0.67620000
vn 0.74800000 0.37790000 -0.54570000
vn 0.75880000 -0.03800000 0.65020000
vn 0.73180000 -0.22430000 -0.64350000
vn 0.02230000 0.46910000 -0.88280000
vn 0.74100000 -0.57070000 0.35380000
vn 0.03940000 0.98320000 0.17800000
vn 0.04090000 0.88150000 0.47030000
vn 0.72970000 0.67720000 0.09430000
vn 0.73180000 0.59400000 0.33410000
vn 0.00810000 -0.44590000 -0.89500000
vn 0.03920000 -0.17960000 0.98300000
vn 0.70530000 0.20470000 -0.67870000
vn 0.01790000 0.99130000 -0.13040000
vn 0.70320000 -0.39860000 -0.58880000
vn 0.71270000 0.68320000 -0.15930000
vn 0.02040000 -0.90520000 0.42450000
vn 0.02550000 0.69690000 0.71670000
vn 0.71810000 0.44210000 0.53750000
vn 0.71070000 -0.67350000 0.20320000
vn 0.71750000 -0.25650000 0.64760000
vn 0.68320000 -0.54840000 -0.48210000
vn 0.68730000 -0.72590000 0.02650000
vn 0.68090000 0.61310000 -0.40060000
vn -0.02590000 -0.69630000 -0.71730000
vn -0.02070000 0.90500000 -0.42490000
vn 0.67300000 -0.65980000 -0.33430000
vn 0.67440000 -0.72100000 -0.15910000
vn -0.01740000 -0.99130000 0.13020000
vn 0.69110000 0.23610000 0.68310000
vn -0.04020000 0.17960000 -0.98290000
vn 0.66120000 -0.00170000 -0.75020000
vn -0.00820000 0.44650000 0.89480000
vn -0.04080000 -0.88210000 -0.46940000
vn 0.67360000 -0.46290000 0.57620000
vn -0.04000000 -0.98330000 -0.17780000
vn -0.02200000 -0.46910000 0.88290000
vn 0.63910000 0.47190000 -0.60740000
vn 0.65180000 -0.00350000 0.75840000
vn -0.07190000 0.73310000 -0.67630000
vn 0.61990000 -0.21990000 -0.75320000
vn 0.63170000 -0.63600000 0.44330000
vn -0.05590000 0.15470000 0.98640000
vn -0.09730000 -0.12800000 -0.98700000
vn 0.61460000 0.77990000 0.11800000
vn 0.61700000 0.68820000 0.38170000
vn 0.59040000 0.27360000 -0.75930000
vn -0.08220000 -0.71340000 0.69590000
vn 0.58590000 -0.42970000 -0.68710000
vn 0.59630000 0.78640000 -0.16100000
vn 0.60500000 -0.25280000 0.75500000
vn 0.59440000 -0.76020000 0.26230000
vn 0.60250000 0.52090000 0.60460000
vn -0.13030000 0.49180000 -0.86090000
vn -0.11670000 0.97610000 0.18320000
vn 0.56200000 -0.60980000 -0.55890000
vn -0.11300000 0.87850000 0.46410000
vn -0.14530000 -0.42310000 -0.89430000
vn 0.56150000 0.70870000 -0.42710000
vn 0.56750000 -0.82180000 0.05090000
vn -0.11270000 -0.14870000 0.98240000
vn -0.13720000 0.98400000 -0.11390000
vn 0.55050000 -0.74280000 -0.38100000
vn 0.57180000 0.29490000 0.76560000
vn 0.54060000 0.03820000 -0.84040000
vn 0.55220000 -0.81590000 -0.17120000
vn -0.13340000 -0.88730000 0.44140000
vn -0.12980000 0.70030000 0.70190000
vn 0.55410000 -0.48820000 0.67430000
vn -0.18060000 -0.67600000 -0.71450000
vn -0.17380000 0.90070000 -0.39810000
vn 0.51450000 0.55450000 -0.65410000
vn -0.17150000 -0.97470000 0.14350000
vn -0.19110000 0.20540000 -0.95980000
vn -0.16240000 0.45880000 0.87360000
vn 0.52890000 0.03160000 0.84810000
vn -0.19540000 -0.86390000 -0.46430000
vn 0.49400000 -0.21130000 -0.84340000
vn -0.19370000 -0.96650000 -0.16860000
vn -0.17460000 -0.43530000 0.88320000
vn 0.50590000 -0.68630000 0.52250000
vn -0.22300000 0.73510000 -0.64030000
vn 0.48490000 0.86360000 0.13830000
vn 0.48720000 0.76570000 0.41980000
vn 0.46180000 0.33610000 -0.82090000
vn -0.20840000 0.17810000 0.96170000
vn 0.45460000 -0.45050000 -0.76840000
vn 0.46390000 0.87160000 -0.15860000
vn -0.24810000 -0.09800000 -0.96380000
vn 0.47730000 -0.24290000 0.84450000
vn 0.46410000 -0.82760000 0.31560000
vn 0.47130000 0.58770000 0.65760000
vn -0.23330000 -0.67620000 0.69880000
vn 0.42690000 -0.65600000 -0.62240000
vn 0.42720000 0.78820000 -0.44290000
vn 0.43410000 -0.89780000 0.07390000
vn -0.27960000 0.50310000 -0.81770000
vn 0.40630000 0.07780000 -0.91040000
vn 0.43920000 0.34650000 0.82890000
vn 0.41400000 -0.80800000 -0.41920000
vn -0.26920000 0.94540000 0.18360000
vn 0.41550000 -0.89180000 -0.17930000
vn -0.26680000 0.85370000 0.44730000
vn -0.29680000 -0.38910000 -0.87210000
vn -0.26320000 -0.11450000 0.95790000
vn 0.42200000 -0.50160000 0.75510000
vn -0.28890000 0.95270000 -0.09490000
vn -0.28420000 -0.84810000 0.44710000
vn -0.28200000 0.68640000 0.67030000
vn 0.37850000 0.62250000 -0.68500000
vn -0.32920000 -0.63970000 -0.69460000
vn -0.32290000 0.87470000 -0.36130000
vn 0.39310000 0.06570000 0.91720000
vn -0.33810000 0.22710000 -0.91330000
vn 0.35530000 -0.19680000 -0.91380000
vn -0.32190000 -0.93440000 0.15290000
vn -0.31260000 0.46030000 0.83090000
vn -0.34610000 -0.82470000 -0.44730000
vn 0.36790000 -0.71970000 0.58880000
vn -0.32270000 -0.39040000 0.86230000
vn -0.34450000 -0.92590000 -0.15500000
vn 0.34320000 0.92630000 0.15530000
vn 0.32110000 0.39060000 -0.86270000
vn -0.36890000 0.71940000 -0.58850000
vn 0.34720000 0.82450000 0.44690000
vn 0.31270000 -0.46040000 -0.83080000
vn 0.32020000 0.93500000 -0.15260000
vn -0.35530000 0.19700000 0.91370000
vn 0.33770000 -0.22720000 0.91340000
vn -0.39310000 -0.06580000 -0.91720000
vn 0.32250000 -0.87490000 0.36130000
vn 0.32940000 0.63960000 0.69450000
vn -0.37830000 -0.62260000 0.68500000
vn 0.28170000 -0.68660000 -0.67020000
vn 0.28280000 0.84840000 -0.44740000
vn 0.28830000 -0.95280000 0.09550000
vn -0.42190000 0.50160000 -0.75520000
vn 0.26360000 0.11430000 -0.95780000
vn 0.29600000 0.38940000 0.87220000
vn 0.26620000 -0.85390000 -0.44720000
vn -0.41550000 0.89180000 0.17920000
vn 0.26860000 -0.94560000 -0.18350000
vn -0.41320000 0.80820000 0.41950000
vn -0.43910000 -0.34630000 -0.82900000
vn -0.40710000 -0.07760000 0.91010000
vn 0.27880000 -0.50340000 0.81780000
vn -0.43370000 0.89810000 -0.07350000
vn -0.42740000 -0.78860000 0.44210000
vn -0.42640000 0.65620000 0.62260000
vn 0.23340000 0.67590000 -0.69900000
vn -0.47130000 -0.58780000 -0.65760000
vn -0.46480000 0.82730000 -0.31550000
vn -0.47740000 0.24300000 -0.84440000
vn 0.24840000 0.09810000 0.96370000
vn -0.46380000 -0.87160000 0.15850000
vn -0.45430000 0.45060000 0.76850000
vn 0.20770000 -0.17740000 -0.96200000
vn -0.46120000 -0.33610000 0.82120000
vn -0.48690000 -0.76620000 -0.41940000
vn -0.48510000 -0.86350000 -0.13800000
vn 0.22290000 -0.73520000 0.64010000
vn -0.50650000 0.68600000 -0.52250000
vn 0.17340000 0.43540000 -0.88340000
vn 0.19330000 0.96660000 0.16850000
vn -0.49330000 0.21130000 0.84380000
vn 0.19620000 0.86380000 0.46410000
vn -0.52910000 -0.03110000 -0.84800000
vn 0.16200000 -0.45870000 -0.87370000
vn 0.19090000 -0.20590000 0.95980000
vn 0.17180000 0.97460000 -0.14350000
vn -0.51460000 -0.55400000 0.65440000
vn 0.17460000 -0.90070000 0.39780000
vn 0.17950000 0.67640000 0.71430000
vn -0.55470000 0.48810000 -0.67380000
vn 0.12970000 -0.70030000 -0.70200000
vn 0.13450000 0.88730000 -0.44120000
vn -0.54020000 -0.03840000 0.84060000
vn -0.55170000 0.81630000 0.17100000
vn -0.57170000 -0.29490000 -0.76570000
vn -0.54990000 0.74290000 0.38160000
vn 0.13720000 -0.98400000 0.11400000
vn 0.11380000 0.14860000 -0.98230000
vn -0.56710000 0.82210000 -0.05090000
vn -0.56090000 -0.70950000 0.42650000
vn 0.14550000 0.42290000 0.89440000
vn -0.56220000 0.60950000 0.55900000
vn 0.11400000 -0.87860000 -0.46380000
vn 0.11620000 -0.97620000 -0.18290000
vn 0.13040000 -0.49180000 0.86090000
vn -0.60240000 -0.52100000 -0.60480000
vn -0.60460000 0.25270000 -0.75540000
vn -0.59450000 0.76000000 -0.26240000
vn -0.59510000 -0.78740000 0.16090000
vn -0.58580000 0.42980000 0.68710000
vn 0.08230000 0.71290000 -0.69640000
vn -0.58990000 -0.27360000 0.75970000
vn -0.61760000 -0.68790000 -0.38130000
vn -0.61440000 -0.78020000 -0.11730000
vn 0.09790000 0.12810000 0.98690000
vn 0.05620000 -0.15500000 -0.98630000
vn -0.63110000 0.63620000 -0.44380000
vn -0.62000000 0.22020000 0.75310000
vn -0.65190000 0.00350000 -0.75830000
vn 0.07170000 -0.73280000 0.67670000
vn 0.99940000 -0.02910000 -0.01850000
vn 0.99750000 -0.01980000 -0.06790000
vn 0.99830000 -0.05220000 0.02460000
vn -0.63930000 -0.47180000 0.60730000
vn 0.99230000 -0.02690000 -0.12120000
vn 0.99390000 -0.09070000 0.06270000
vn 0.99240000 0.11840000 0.03270000
vn 0.98860000 0.13620000 -0.06410000
vn 0.99030000 0.07220000 0.11910000
vn 0.98480000 -0.04780000 -0.16670000
vn 0.02230000 0.46930000 -0.88270000
vn 0.98710000 -0.13560000 0.08510000
vn 0.97890000 0.12370000 -0.16290000
vn 0.03850000 0.98330000 0.17780000
vn 0.98030000 -0.18350000 -0.07290000
vn -0.67360000 0.46290000 -0.57610000
vn 0.97590000 -0.08120000 -0.20240000
vn 0.98220000 0.00160000 0.18800000
vn 0.04140000 0.88180000 0.46990000
vn 0.97870000 -0.18430000 0.09100000
vn 0.00820000 -0.44630000 -0.89490000
vn 0.96520000 -0.12900000 -0.22730000
vn 0.96450000 0.08140000 -0.25120000
vn -0.66090000 0.00190000 0.75050000
vn 0.04020000 -0.17950000 0.98290000
vn 0.96880000 -0.23330000 0.08310000
vn -0.69150000 -0.23520000 -0.68300000
vn 0.01740000 0.99140000 -0.13010000
vn 0.96920000 -0.08510000 0.23100000
vn -0.67540000 0.72020000 0.15850000
vn -0.67370000 0.65950000 0.33360000
vn 0.95540000 -0.17820000 -0.23540000
vn 0.96120000 0.26320000 0.08280000
vn 0.02030000 -0.90520000 0.42460000
vn 0.95830000 -0.27970000 0.05860000
vn 0.95560000 0.28890000 -0.05890000
vn 0.02560000 0.69690000 0.71670000
vn -0.68090000 -0.61310000 0.40060000
vn -0.68750000 0.72570000 -0.02640000
vn 0.95800000 0.19560000 0.20950000
vn 0.94660000 0.01430000 -0.32220000
vn 0.94670000 -0.22620000 -0.22950000
vn -0.68270000 0.54910000 0.48210000
vn 0.94920000 -0.31380000 0.02220000
vn 0.95200000 -0.18210000 0.24620000
vn 0.94120000 0.27120000 -0.20140000
vn 0.94020000 -0.27040000 -0.20710000
vn 0.94190000 -0.33510000 -0.02190000
vn 0.94630000 0.09270000 0.30970000
vn 0.93590000 -0.30990000 -0.16770000
vn 0.93670000 -0.34200000 -0.07540000
vn 0.93440000 -0.33320000 -0.12570000
vn -0.71700000 0.25630000 -0.64820000
vn -0.71010000 0.67430000 -0.20300000
vn -0.71870000 -0.44180000 -0.53690000
vn -0.02560000 -0.69670000 -0.71690000
vn 0.92730000 -0.06950000 -0.36780000
vn -0.02060000 0.90520000 -0.42450000
vn 0.93250000 -0.27880000 0.22960000
vn -0.71180000 -0.68420000 0.15890000
vn -0.70260000 0.39940000 0.58890000
vn 0.92020000 0.21040000 -0.33000000
vn -0.01800000 -0.99130000 0.13010000
vn -0.70570000 -0.20440000 0.67840000
vn -0.03930000 0.17950000 -0.98300000
vn 0.92690000 -0.03490000 0.37370000
vn -0.00780000 0.44660000 0.89470000
vn -0.73210000 -0.59370000 -0.33400000
vn 0.90820000 -0.16650000 -0.38410000
vn -0.72970000 -0.67720000 -0.09460000
vn -0.04170000 -0.88180000 -0.46970000
vn -0.03830000 -0.98330000 -0.17770000
vn 0.91300000 -0.36440000 0.18320000
vn -0.74050000 0.57090000 -0.35460000
vn -0.02150000 -0.46940000 0.88270000
vn 0.90620000 0.40180000 0.13140000
vn 0.89430000 0.11260000 -0.43310000
vn 0.89890000 0.43510000 -0.05120000
vn 0.89130000 -0.26290000 -0.36930000
vn -0.73160000 0.22380000 0.64390000
vn 0.90250000 0.31440000 0.29450000
vn -0.75850000 0.03780000 -0.65060000
vn 0.90190000 -0.17500000 0.39500000
vn 0.89560000 -0.43040000 0.11250000
vn 0.88080000 0.41120000 -0.23470000
vn -0.07160000 0.73320000 -0.67620000
vn -0.74810000 -0.37790000 0.54550000
vn 0.87800000 -0.34980000 -0.32680000
vn 0.88150000 -0.47140000 0.02490000
vn 0.88710000 0.18180000 0.42430000
vn 0.86630000 -0.01210000 -0.49940000
vn 0.86950000 -0.41990000 -0.26010000
vn -0.77590000 0.42630000 -0.46510000
vn 0.87190000 -0.48430000 -0.07210000
vn 0.86810000 -0.46630000 -0.17000000
vn -0.05580000 0.15500000 0.98630000
vn 0.87450000 -0.31350000 0.37010000
vn -0.09740000 -0.12800000 -0.98700000
vn -0.76610000 0.04110000 0.64140000
vn 0.85400000 0.33240000 -0.40030000
vn -0.79300000 -0.17130000 -0.58470000
vn -0.78120000 0.60800000 0.14180000
vn -0.78010000 0.56060000 0.27790000
vn 0.86210000 0.01690000 0.50640000
vn -0.78420000 -0.50170000 0.36510000
vn -0.79130000 0.61150000 -0.00000000
vn -0.08160000 -0.71330000 0.69600000
vn 0.83860000 -0.15060000 -0.52350000
vn -0.78760000 0.47420000 0.39350000
vn 0.84700000 -0.43730000 0.30210000
vn -0.81300000 0.25440000 -0.52380000
vn -0.80890000 0.57160000 -0.13780000
vn -0.81750000 -0.35130000 -0.45640000
vn 0.82050000 0.20770000 -0.53270000
vn -0.80320000 0.35820000 0.47610000
vn -0.12980000 0.49190000 -0.86090000
vn -0.80280000 -0.13050000 0.58170000
vn -0.81200000 -0.56320000 0.15300000
vn 0.82970000 0.52970000 0.17610000
vn 0.81390000 -0.29150000 -0.50270000
vn -0.11720000 0.97610000 0.18280000
vn 0.82070000 0.56980000 -0.04200000
vn 0.83020000 -0.16330000 0.53290000
vn -0.11370000 0.87850000 0.46400000
vn -0.82870000 -0.48550000 -0.27870000
vn 0.82460000 0.42540000 0.37290000
vn 0.82060000 -0.53530000 0.20030000
vn -0.82700000 -0.55800000 -0.06880000
vn -0.14570000 -0.42260000 -0.89450000
vn -0.83270000 0.49130000 -0.25550000
vn -0.11320000 -0.14870000 0.98240000
vn -0.13710000 0.98400000 -0.11410000
vn -0.82550000 0.22210000 0.51890000
vn -0.84720000 0.07170000 -0.52640000
vn 0.79910000 0.54130000 -0.26170000
vn 0.79490000 -0.41910000 -0.43870000
vn -0.13400000 -0.88730000 0.44130000
vn -0.12880000 0.70010000 0.70240000
vn 0.79930000 -0.59660000 0.07140000
vn 0.80620000 0.26650000 0.52810000
vn 0.78430000 0.04740000 -0.61860000
vn -0.83780000 -0.27530000 0.47140000
vn 0.78290000 -0.52150000 -0.33930000
vn -0.86010000 0.37820000 -0.34240000
vn 0.78510000 -0.61530000 -0.07060000
vn 0.79500000 -0.34160000 0.50120000
vn 0.77910000 -0.58950000 -0.21320000
vn -0.85210000 0.08020000 0.51720000
vn -0.18020000 -0.67640000 -0.71410000
vn -0.17400000 0.90100000 -0.39740000
vn 0.76680000 0.44720000 -0.46050000
vn -0.87560000 -0.10320000 -0.47190000
vn -0.86900000 0.47930000 0.12340000
vn -0.17160000 -0.97470000 0.14320000
vn -0.86840000 0.44620000 0.21650000
vn -0.19100000 0.20590000 -0.95970000
vn -0.86880000 -0.37790000 0.31980000
vn -0.87520000 0.48320000 0.02330000
vn 0.77640000 0.06880000 0.62650000
vn -0.16170000 0.45870000 0.87370000
vn -0.87300000 0.38890000 0.29420000
vn 0.74810000 -0.13220000 -0.65020000
vn -0.88860000 0.24520000 -0.38770000
vn -0.19720000 -0.86350000 -0.46420000
vn -0.88820000 0.45410000 -0.07010000
vn -0.19350000 -0.96650000 -0.16860000
vn -0.89590000 -0.25280000 -0.36520000
vn -0.88050000 -0.05300000 0.47110000
vn -0.17500000 -0.43520000 0.88310000
vn 0.75820000 -0.50280000 0.41520000
vn -0.88390000 0.30850000 0.35140000
vn -0.89150000 -0.42950000 0.14400000
vn -0.90450000 0.39910000 -0.15040000
vn -0.90550000 -0.36470000 -0.21680000
vn -0.90390000 -0.42580000 -0.04070000
vn 0.72750000 0.29590000 -0.61900000
vn -0.89960000 0.21410000 0.38060000
vn -0.91520000 0.10350000 -0.38950000
vn -0.22310000 0.73520000 -0.64000000
vn 0.71630000 -0.31340000 -0.62340000
vn 0.73270000 0.64500000 0.21730000
vn -0.90800000 -0.16580000 0.38470000
vn 0.73900000 -0.14700000 0.65740000
vn -0.92320000 0.32200000 -0.20960000
vn 0.72340000 0.68970000 -0.03260000
vn 0.72410000 -0.62900000 0.28290000
vn 0.72680000 0.52590000 0.44180000
vn -0.91790000 0.11720000 0.37920000
vn -0.20860000 0.17800000 0.96170000
vn -0.24820000 -0.09840000 -0.96370000
vn -0.93740000 -0.03060000 -0.34690000
vn -0.93160000 -0.24610000 0.26740000
vn -0.93520000 0.33890000 0.10230000
vn -0.94260000 0.23090000 -0.24130000
vn -0.93470000 0.32350000 0.14730000
vn 0.69800000 0.65790000 -0.28290000
vn 0.69150000 -0.47790000 -0.54170000
vn -0.93910000 0.34030000 0.04890000
vn -0.93770000 0.29210000 0.18830000
vn -0.93720000 0.02660000 0.34790000
vn -0.94550000 0.32570000 -0.00340000
vn 0.68320000 0.10460000 -0.72270000
vn -0.23270000 -0.67620000 0.69900000
vn 0.69720000 -0.70730000 0.11690000
vn -0.94360000 0.24840000 0.21870000
vn 0.70640000 0.34410000 0.61850000
vn -0.95300000 -0.14790000 -0.26440000
vn -0.94930000 -0.28560000 0.13150000
vn -0.95360000 0.29840000 -0.04130000
vn -0.95130000 0.20120000 0.23360000
vn -0.96080000 0.13310000 -0.24320000
vn 0.67630000 -0.61040000 -0.41230000
vn -0.96060000 -0.23430000 -0.14930000
vn 0.69640000 -0.36180000 0.61980000
vn -0.95920000 -0.28240000 -0.01220000
vn 0.67970000 -0.73050000 -0.06640000
vn -0.95590000 -0.05140000 0.28910000
vn -0.96330000 0.25860000 -0.07170000
vn -0.96040000 0.15250000 0.23320000
vn 0.67150000 -0.69790000 -0.24930000
vn -0.27950000 0.50310000 -0.81780000
vn -0.97330000 0.21150000 -0.08950000
vn -0.97600000 0.04000000 -0.21410000
vn 0.66060000 0.55110000 -0.50990000
vn -0.97010000 0.10600000 0.21820000
vn -0.27020000 0.94510000 0.18360000
vn -0.97220000 -0.10720000 0.20820000
vn -0.26670000 0.85400000 0.44680000
vn -0.98030000 0.18370000 0.07310000
vn -0.98340000 0.15820000 -0.08920000
vn -0.29630000 -0.38900000 -0.87230000
vn -0.26350000 -0.11420000 0.95790000
vn -0.98010000 0.06480000 0.18760000
vn -0.98680000 -0.03910000 -0.15710000
vn 0.67300000 0.11890000 0.73000000
vn -0.98430000 -0.13420000 0.11490000
vn -0.99090000 0.11150000 -0.07610000
vn 0.64010000 -0.11070000 -0.76030000
vn -0.28760000 0.95300000 -0.09500000
vn -0.99220000 -0.09780000 -0.07790000
vn -0.98900000 0.03420000 0.14360000
vn -0.99110000 -0.13180000 0.01740000
vn -0.28370000 -0.84820000 0.44720000
vn -0.99660000 0.06990000 -0.04460000
vn -0.99500000 0.02120000 0.09740000
vn -0.28160000 0.68670000 0.67020000
vn -0.99920000 0.03960000 -0.00460000
vn -0.99880000 0.02370000 0.04260000
vn 0.65180000 -0.55480000 0.51710000
vn 0.61520000 0.37880000 -0.69140000
vn -0.33010000 -0.63930000 -0.69440000
vn -0.32270000 0.87490000 -0.36110000
vn -0.33800000 0.22690000 -0.91340000
vn -0.32170000 -0.93440000 0.15300000
vn 0.60180000 -0.32740000 -0.72850000
vn 0.62870000 -0.12830000 0.76700000
vn -0.31210000 0.45970000 0.83140000
vn 0.61830000 0.74410000 0.25300000
vn 0.60760000 0.79400000 -0.02170000
vn 0.61180000 -0.70540000 0.35800000
vn -0.34610000 -0.82480000 -0.44710000
vn -0.32190000 -0.39030000 0.86260000
vn -0.34350000 -0.92620000 -0.15530000
vn 0.61210000 0.61330000 0.49930000
vn 0.57210000 -0.52490000 -0.63020000
vn 0.58010000 0.75840000 -0.29720000
vn -0.36830000 0.71960000 -0.58870000
vn 0.56550000 0.15950000 -0.80920000
vn 0.57980000 -0.79900000 0.15940000
vn 0.58880000 0.41400000 0.69420000
vn -0.35550000 0.19710000 0.91370000
vn 0.57950000 -0.37360000 0.72430000
vn -0.39330000 -0.06570000 -0.91710000
vn 0.55380000 -0.68340000 -0.47560000
vn 0.55770000 -0.82790000 -0.06060000
vn 0.54970000 -0.78750000 -0.27880000
vn -0.37840000 -0.62260000 0.68500000
vn 0.53980000 0.64010000 -0.54670000
vn 0.55210000 0.16590000 0.81710000
vn -0.42240000 0.50200000 -0.75470000
vn 0.51680000 -0.08640000 -0.85170000
vn -0.41520000 0.89190000 0.17910000
vn 0.52950000 -0.59320000 0.60640000
vn -0.41300000 0.80870000 0.41890000
vn -0.43870000 -0.34700000 -0.82890000
vn -0.40680000 -0.07730000 0.91020000
vn -0.43360000 0.89810000 -0.07310000
vn -0.42790000 -0.78830000 0.44220000
vn 0.48920000 0.45160000 -0.74620000
vn -0.42780000 0.65570000 0.62210000
vn 0.47260000 -0.33370000 -0.81560000
vn 0.50350000 -0.10630000 0.85740000
vn -0.47220000 -0.58740000 -0.65730000
vn 0.48900000 0.82540000 0.28230000
vn -0.46420000 0.82750000 -0.31580000
vn -0.47720000 0.24310000 -0.84450000
vn 0.48450000 -0.76470000 0.42480000
vn 0.47690000 0.87890000 -0.01030000
vn -0.46500000 -0.87100000 0.15870000
vn -0.45480000 0.45020000 0.76840000
vn 0.48150000 0.68580000 0.54570000
vn -0.46160000 -0.33630000 0.82090000
vn -0.48770000 -0.76560000 -0.41950000
vn -0.48500000 -0.86350000 -0.13820000
vn 0.43870000 -0.55880000 -0.70370000
vn 0.44810000 0.84070000 -0.30410000
vn 0.43430000 0.21040000 -0.87590000
vn 0.44720000 -0.87230000 0.19770000
vn -0.50630000 0.68590000 -0.52270000
vn 0.45750000 0.47370000 0.75260000
vn 0.44950000 -0.37550000 0.81050000
vn -0.49340000 0.21120000 0.84380000
vn 0.41820000 -0.74000000 -0.52680000
vn -0.52920000 -0.03170000 -0.84790000
vn 0.42240000 -0.90490000 -0.05300000
vn 0.41220000 -0.85930000 -0.30290000
vn -0.51550000 -0.55390000 0.65380000
vn 0.40460000 0.71490000 -0.57030000
vn 0.41810000 0.20910000 0.88400000
vn -0.55480000 0.48830000 -0.67360000
vn 0.38010000 -0.05960000 -0.92300000
vn -0.55170000 0.81630000 0.17080000
vn -0.54030000 -0.03820000 0.84060000
vn -0.57230000 -0.29470000 -0.76520000
vn -0.55000000 0.74290000 0.38170000
vn 0.39490000 -0.61700000 0.68070000
vn -0.56700000 0.82210000 -0.05080000
vn -0.56090000 -0.70940000 0.42690000
vn -0.56240000 0.60940000 0.55880000
vn 0.35060000 0.51380000 -0.78300000
vn -0.60210000 -0.52140000 -0.60470000
vn -0.59470000 0.76000000 -0.26230000
vn -0.60490000 0.25300000 -0.75500000
vn 0.33250000 -0.33200000 -0.88280000
vn 0.36750000 -0.08140000 0.92650000
vn -0.59550000 -0.78710000 0.16090000
vn -0.58560000 0.43030000 0.68700000
vn 0.34690000 0.88680000 0.30520000
vn -0.59070000 -0.27380000 0.75900000
vn 0.34470000 -0.80600000 0.48120000
vn 0.33490000 0.94230000 0.00150000
vn -0.61700000 -0.68830000 -0.38150000
vn -0.61510000 -0.77960000 -0.11800000
vn 0.34030000 0.74170000 0.57800000
vn -0.63110000 0.63610000 -0.44400000
vn 0.29540000 -0.57950000 -0.75960000
vn 0.29330000 0.25600000 -0.92110000
vn 0.30520000 0.90250000 -0.30390000
vn -0.62000000 0.22030000 0.75300000
vn -0.65200000 0.00330000 -0.75820000
vn 0.30390000 -0.92420000 0.23140000
vn 0.31520000 0.52150000 0.79290000
vn 0.30870000 -0.36900000 0.87670000
vn -0.63930000 -0.47160000 0.60740000
vn 0.27190000 -0.77850000 -0.56560000
vn 0.27720000 -0.95980000 -0.04420000
vn -0.67320000 0.46290000 -0.57670000
vn 0.26520000 -0.90990000 -0.31910000
vn 0.25920000 0.77220000 -0.58010000
vn -0.66160000 0.00140000 0.74990000
vn -0.69090000 -0.23600000 -0.68330000
vn -0.67460000 0.72090000 0.15870000
vn -0.67300000 0.65970000 0.33450000
vn 0.27310000 0.24710000 0.92970000
vn -0.68090000 -0.61290000 0.40090000
vn -0.68690000 0.72620000 -0.02710000
vn 0.23420000 -0.03110000 -0.97170000
vn -0.68230000 0.54930000 0.48240000
vn 0.25050000 -0.62580000 0.73870000
vn -0.71750000 0.25690000 -0.64740000
vn -0.71030000 0.67420000 -0.20240000
vn -0.71830000 -0.44200000 -0.53720000
vn -0.71210000 -0.68390000 0.15870000
vn -0.70310000 0.39870000 0.58880000
vn -0.70530000 -0.20490000 0.67860000
vn 0.20410000 0.56300000 -0.80090000
vn -0.73170000 -0.59410000 -0.33420000
vn -0.72930000 -0.67770000 -0.09430000
vn -0.74060000 0.57100000 -0.35410000
vn 0.22060000 -0.05470000 0.97380000
vn 0.18400000 -0.32170000 -0.92880000
vn -0.73210000 0.22380000 0.64340000
vn -0.75830000 0.03790000 -0.65070000
vn 0.19730000 0.92650000 0.32040000
vn 0.19680000 -0.82760000 0.52560000
vn -0.74770000 -0.37800000 0.54590000
vn 0.18510000 0.98260000 0.01240000
vn 0.19040000 0.77950000 0.59680000
vn -0.77600000 0.42600000 -0.46510000
vn -0.76610000 0.04190000 0.64140000
vn 0.14370000 0.29600000 -0.94430000
vn -0.79270000 -0.17200000 -0.58490000
vn 0.14430000 -0.58600000 -0.79740000
vn 0.15400000 0.94270000 -0.29610000
vn -0.78160000 0.60720000 0.14280000
vn -0.78000000 0.56050000 0.27850000
vn -0.78390000 -0.50190000 0.36560000
vn -0.79110000 0.61170000 -0.00190000
vn 0.15380000 -0.95340000 0.25950000
vn 0.16450000 0.55660000 0.81440000
vn -0.78740000 0.47450000 0.39360000
vn 0.16070000 -0.35300000 0.92170000
vn -0.81250000 0.25410000 -0.52460000
vn -0.80880000 0.57150000 -0.13860000
vn -0.81720000 -0.35200000 -0.45630000
vn 0.11970000 -0.79860000 -0.58980000
vn -0.80350000 0.35710000 0.47640000
vn -0.80250000 -0.13060000 0.58220000
vn -0.81130000 -0.56420000 0.15350000
vn 0.12460000 -0.99160000 -0.03470000
vn 0.11270000 -0.93810000 -0.32740000
vn -0.82900000 -0.48490000 -0.27870000
vn 0.10930000 0.81020000 -0.57590000
vn -0.82700000 -0.55790000 -0.06910000
vn -0.83280000 0.49110000 -0.25550000
vn -0.82550000 0.22230000 0.51870000
vn -0.84670000 0.07190000 -0.52720000
vn 0.12300000 0.27920000 0.95230000
vn 0.08360000 -0.00270000 -0.99650000
vn -0.83760000 -0.27540000 0.47190000
vn -0.86020000 0.37890000 -0.34120000
vn 0.09960000 -0.61980000 0.77840000
vn -0.85210000 0.08090000 0.51710000
vn -0.87550000 -0.10330000 -0.47210000
vn -0.86920000 0.47900000 0.12300000
vn -0.86810000 0.44730000 0.21520000
vn -0.86860000 -0.37810000 0.32030000
vn -0.87630000 0.48110000 0.02340000
vn 0.05300000 0.59870000 -0.79920000
vn -0.87330000 0.38770000 0.29490000
vn -0.88850000 0.24570000 -0.38760000
vn -0.88800000 0.45440000 -0.07080000
vn -0.89600000 -0.25380000 -0.36450000
vn -0.88050000 -0.05320000 0.47110000
vn -0.88410000 0.30690000 0.35230000
vn 0.06860000 -0.02610000 0.99730000
vn -0.89150000 -0.42970000 0.14340000
vn 0.03040000 -0.30380000 -0.95230000
vn -0.90570000 -0.36460000 -0.21640000
vn -0.90400000 0.40010000 -0.15080000
vn -0.90430000 -0.42490000 -0.04170000
vn -0.89880000 0.21570000 0.38170000
vn -0.91520000 0.10500000 -0.38910000
vn 0.04500000 -0.82890000 0.55750000
vn 0.04230000 0.94370000 0.32800000
vn -0.90800000 -0.16530000 0.38490000
vn 0.03060000 0.99930000 0.02370000
vn -0.92290000 0.32310000 -0.20960000
vn 0.03570000 0.79870000 0.60070000
vn -0.91730000 0.11850000 0.38020000
vn -0.93750000 -0.03170000 -0.34670000
vn -0.00860000 0.32850000 -0.94450000
vn -0.93170000 -0.24520000 0.26800000
vn -0.93480000 0.34070000 0.10060000
vn -0.93420000 0.32470000 0.14780000
vn -0.94260000 0.23070000 -0.24160000
vn -0.01080000 -0.57840000 -0.81570000
vn -0.93890000 0.34110000 0.04670000
vn 0.00050000 0.95970000 -0.28110000
vn -0.93710000 0.29350000 0.18890000
vn -0.93690000 0.02570000 0.34870000
vn -0.94440000 0.32880000 0.00170000
vn -0.94230000 0.25300000 0.21900000
vn -0.95310000 -0.14930000 -0.26340000
vn -0.00020000 -0.95980000 0.28080000
vn 0.01090000 0.57840000 0.81560000
vn -0.94920000 -0.28590000 0.13180000
vn -0.95320000 0.29980000 -0.04010000
vn 0.00920000 -0.32840000 0.94450000
vn -0.95110000 0.20140000 0.23410000
vn -0.96080000 0.13310000 -0.24330000
vn -0.96050000 -0.23480000 -0.14950000
vn -0.95920000 -0.28230000 -0.01360000
vn -0.95600000 -0.05210000 0.28880000
vn -0.96370000 0.25610000 -0.07520000
vn -0.96070000 0.14960000 0.23360000
vn -0.03560000 -0.79880000 -0.60050000
vn -0.97310000 0.21210000 -0.08980000
vn -0.97620000 0.04120000 -0.21280000
vn -0.97010000 0.10540000 0.21860000
vn -0.03000000 -0.99930000 -0.02390000
vn -0.97210000 -0.10650000 0.20910000
vn -0.98020000 0.18380000 0.07290000
vn -0.98280000 0.16100000 -0.09000000
vn -0.04130000 -0.94390000 -0.32770000
vn -0.04460000 0.82890000 -0.55760000
vn -0.98070000 0.06320000 0.18530000
vn -0.98690000 -0.03880000 -0.15640000
vn -0.98430000 -0.13340000 0.11520000
vn -0.99120000 0.10920000 -0.07450000
vn -0.99200000 -0.09860000 -0.07830000
vn -0.98880000 0.03500000 0.14490000
vn -0.99120000 -0.13120000 0.01560000
vn -0.99650000 0.06940000 -0.04630000
vn -0.99510000 0.02060000 0.09670000
vn -0.03120000 0.30390000 0.95220000
vn -0.06840000 0.02540000 -0.99730000
vn -0.99920000 0.03980000 -0.00610000
vn -0.99880000 0.02270000 0.04390000
vn -0.05250000 -0.59840000 0.79950000
vn -0.10060000 0.61980000 -0.77820000
vn -0.08460000 0.00270000 0.99640000
vn -0.12300000 -0.27890000 -0.95240000
vn -0.10940000 -0.81030000 0.57580000
vn -0.11340000 0.93810000 0.32720000
vn -0.12450000 0.99160000 0.03480000
vn -0.11960000 0.79840000 0.59010000
vn -0.16120000 0.35310000 -0.92160000
vn -0.16490000 -0.55640000 -0.81440000
vn -0.15320000 0.95340000 -0.25980000
vn -0.15450000 -0.94250000 0.29620000
vn -0.14440000 0.58590000 0.79740000
vn -0.14310000 -0.29550000 0.94450000
vn -0.19050000 -0.77960000 -0.59670000
vn -0.18540000 -0.98260000 -0.01280000
vn -0.19700000 0.82750000 -0.52570000
vn -0.19700000 -0.92660000 -0.32040000
vn -0.18430000 0.32140000 0.92880000
vn -0.22030000 0.05440000 -0.97390000
vn -0.20410000 -0.56280000 0.80100000
vn -0.25080000 0.62600000 -0.73840000
vn -0.23410000 0.03180000 0.97170000
vn -0.27330000 -0.24740000 -0.92960000
vn -0.25970000 -0.77200000 0.58020000
vn -0.26570000 0.90990000 0.31850000
vn -0.27660000 0.96000000 0.04430000
vn -0.27210000 0.77880000 0.56510000
vn -0.30910000 0.36930000 -0.87640000
vn -0.31530000 -0.52120000 -0.79310000
vn -0.30490000 0.92400000 -0.23090000
vn -0.30460000 -0.90270000 0.30390000
vn -0.29180000 -0.25620000 0.92150000
vn -0.29570000 0.57910000 0.75970000
vn -0.34020000 -0.74180000 -0.57800000
vn -0.33540000 -0.94210000 -0.00120000
vn -0.34440000 0.80610000 -0.48130000
vn -0.34680000 -0.88690000 -0.30520000
vn -0.33080000 0.33230000 0.88330000
vn -0.36680000 0.08150000 -0.92670000
vn -0.35070000 -0.51370000 0.78300000
vn -0.39370000 0.61720000 -0.68120000
vn -0.37930000 0.05950000 0.92340000
vn -0.41820000 -0.20930000 -0.88390000
vn -0.40370000 -0.71520000 0.57060000
vn -0.41270000 0.85920000 0.30250000
vn -0.42160000 0.90520000 0.05260000
vn -0.41820000 0.73990000 0.52690000
vn -0.44910000 0.37600000 -0.81050000
vn -0.45780000 -0.47320000 -0.75270000
vn -0.44730000 0.87230000 -0.19750000
vn -0.43420000 -0.21060000 0.87590000
vn -0.44780000 -0.84090000 0.30390000
vn -0.43900000 0.55890000 0.70350000
vn -0.48230000 -0.68550000 -0.54530000
vn -0.47630000 -0.87920000 0.01030000
vn -0.48470000 0.76480000 -0.42440000
vn -0.48890000 -0.82530000 -0.28270000
vn -0.50410000 0.10670000 -0.85700000
vn -0.47230000 0.33390000 0.81570000
vn -0.48850000 -0.45170000 0.74660000
vn -0.53000000 0.59310000 -0.60600000
vn -0.51680000 0.08600000 0.85180000
vn -0.55190000 -0.16620000 -0.81720000
vn -0.53890000 -0.64070000 0.54680000
vn -0.54960000 0.78740000 0.27910000
vn -0.55780000 0.82780000 0.06040000
vn -0.55430000 0.68330000 0.47530000
vn -0.57940000 0.37360000 -0.72440000
vn -0.58920000 -0.41400000 -0.69390000
vn -0.57940000 0.79920000 -0.15960000
vn -0.56550000 -0.15880000 0.80930000
vn -0.57990000 -0.75860000 0.29710000
vn -0.57200000 0.52500000 0.63020000
vn -0.61200000 -0.61300000 -0.49960000
vn -0.61270000 0.70470000 -0.35770000
vn -0.60690000 -0.79450000 0.02110000
vn -0.61770000 -0.74460000 -0.25320000
vn -0.62880000 0.12840000 -0.76690000
vn -0.60270000 0.32700000 0.72790000
vn -0.61570000 -0.37860000 0.69110000
vn -0.65240000 0.55470000 -0.51640000
vn -0.64070000 0.11010000 0.75990000
vn -0.67280000 -0.11910000 -0.73020000
vn -0.66180000 -0.55030000 0.50910000
vn -0.67260000 0.69690000 0.24890000
vn -0.67980000 0.73040000 0.06680000
vn -0.69600000 0.36260000 -0.61980000
vn -0.67650000 0.61040000 0.41200000
vn -0.70640000 -0.34460000 -0.61820000
vn -0.69740000 0.70700000 -0.11720000
vn -0.68350000 -0.10400000 0.72250000
vn -0.69150000 0.47810000 0.54160000
vn -0.69810000 -0.65780000 0.28270000
vn -0.72730000 -0.52530000 -0.44170000
vn -0.72430000 0.62840000 -0.28380000
vn -0.72290000 -0.69020000 0.03200000
vn -0.73870000 0.14720000 -0.65770000
vn -0.73290000 -0.64460000 -0.21770000
vn -0.71690000 0.31260000 0.62320000
vn -0.72780000 -0.29640000 0.61840000
vn -0.75830000 0.50280000 -0.41510000
vn -0.74800000 0.13250000 0.65030000
vn -0.77690000 -0.06920000 -0.62580000
vn -0.76700000 -0.44680000 0.46050000
vn -0.77940000 0.58960000 0.21170000
vn -0.79490000 0.34220000 -0.50110000
vn -0.78560000 0.61460000 0.07150000
vn -0.78270000 0.52240000 0.33850000
vn -0.78400000 -0.04690000 0.61900000
vn -0.80620000 -0.26670000 -0.52810000
vn -0.79940000 0.59660000 -0.07120000
vn -0.79490000 0.41840000 0.43940000
vn -0.79910000 -0.54120000 0.26190000
vn -0.82030000 0.53540000 -0.20100000
vn -0.82410000 -0.42610000 -0.37320000
vn -0.83090000 0.16360000 -0.53180000
vn -0.82080000 -0.56960000 0.04210000
vn -0.81380000 0.29120000 0.50290000
vn -0.82990000 -0.52920000 -0.17640000
vn -0.82050000 -0.20760000 0.53270000
vn -0.84610000 0.43830000 -0.30350000
vn -0.83820000 0.15160000 0.52380000
vn -0.86240000 -0.01710000 -0.50590000
vn -0.85360000 -0.33280000 0.40080000
vn -0.87430000 0.31430000 -0.36990000
vn -0.86730000 0.46800000 0.16980000
vn -0.87140000 0.48490000 0.07390000
vn -0.86980000 0.42080000 0.25740000
vn -0.86630000 0.01160000 0.49940000
vn -0.88700000 -0.18180000 -0.42440000
vn -0.88120000 0.47220000 -0.02390000
vn -0.87810000 0.34930000 0.32690000
vn -0.88090000 -0.41110000 0.23450000
vn -0.89580000 0.42980000 -0.11300000
vn -0.90210000 0.17460000 -0.39460000
vn -0.90210000 -0.31490000 -0.29500000
vn -0.89050000 0.26370000 0.37070000
vn -0.89900000 -0.43500000 0.05070000
vn -0.89450000 -0.11270000 0.43270000
vn -0.90610000 -0.40220000 -0.13140000
vn -0.91350000 0.36240000 -0.18480000
vn -0.90820000 0.16630000 0.38400000
vn -0.92710000 0.03540000 -0.37330000
vn -0.92070000 -0.20980000 0.32920000
vn -0.93260000 0.27900000 -0.22890000
vn -0.92750000 0.07070000 0.36720000
vn -0.93440000 0.33400000 0.12380000
vn -0.93640000 0.34330000 0.07320000
vn -0.93580000 0.30850000 0.17050000
vn -0.94640000 -0.09220000 -0.30970000
vn -0.94130000 0.33660000 0.02390000
vn -0.94060000 0.27000000 0.20570000
vn -0.94170000 -0.27040000 0.20040000
vn -0.95190000 0.18230000 -0.24630000
vn -0.94920000 0.31380000 -0.02310000
vn -0.94690000 0.22570000 0.22890000
vn -0.94730000 -0.01550000 0.32000000
vn -0.95810000 -0.19510000 -0.20960000
vn -0.95530000 -0.28950000 0.05900000
vn -0.95860000 0.27830000 -0.06090000
vn -0.95540000 0.17670000 0.23660000
vn -0.96100000 -0.26410000 -0.08260000
vn -0.96890000 0.08510000 -0.23230000
vn -0.96830000 0.23490000 -0.08460000
vn -0.96480000 -0.08180000 0.25000000
vn -0.96580000 0.12620000 0.22630000
vn -0.97780000 0.18790000 -0.09250000
vn -0.98200000 -0.00070000 -0.18870000
vn -0.97590000 0.08160000 0.20230000
vn -0.98040000 0.18290000 0.07310000
vn -0.97870000 -0.12330000 0.16420000
vn -0.98720000 0.13500000 -0.08450000
vn -0.98470000 0.04750000 0.16750000
vn -0.99020000 -0.07180000 -0.11960000
vn -0.98850000 -0.13600000 0.06610000
vn -0.99250000 -0.11790000 -0.03320000
vn -0.99420000 0.08770000 -0.06180000
vn -0.99220000 0.02610000 0.12190000
vn -0.99820000 0.05360000 -0.02770000
vn -0.99720000 0.01980000 0.07180000
vn -0.99940000 0.02880000 0.01930000
vn -0.87040000 0.46410000 0.16450000
vn -0.90560000 0.40950000 0.11070000
vn -0.84590000 0.48010000 0.23240000
vn -0.84670000 0.47890000 0.23180000
vn -0.90810000 0.41210000 0.07440000
vn -0.84940000 0.44620000 0.28190000
vn -0.85040000 0.44490000 0.28080000
vn -0.90080000 0.43290000 0.03380000
vn 0.17360000 -0.92930000 -0.32590000
vn 0.17350000 -0.92940000 -0.32590000
vn -0.44150000 -0.88570000 -0.14360000
vn -0.85090000 0.41540000 0.32160000
vn -0.85010000 0.41630000 0.32260000
vn 0.17430000 -0.87090000 -0.45960000
vn 0.17410000 -0.87090000 -0.45950000
vn -0.43780000 -0.89900000 0.01230000
vn 0.17120000 -0.79470000 -0.58240000
vn 0.17110000 -0.79460000 -0.58250000
vn -0.86300000 0.50380000 -0.03710000
vn -0.86230000 0.50500000 -0.03760000
vn -0.41840000 -0.89350000 0.16300000
vn -0.86020000 0.36920000 0.35180000
vn -0.85900000 0.37040000 0.35350000
vn 0.18100000 -0.69310000 -0.69770000
vn 0.18090000 -0.69310000 -0.69780000
vn 0.20640000 -0.94770000 0.24360000
vn -0.86810000 0.48830000 -0.08920000
vn -0.86910000 0.48680000 -0.08840000
vn 0.19870000 -0.58500000 -0.78630000
vn 0.19870000 -0.58510000 -0.78630000
vn -0.86590000 0.31800000 0.38620000
vn -0.86710000 0.31720000 0.38410000
vn 0.22030000 -0.89630000 0.38490000
vn 0.22040000 -0.89620000 0.38490000
vn -0.89810000 0.42600000 -0.10980000
vn 0.30340000 -0.65510000 -0.69190000
vn 0.31160000 -0.90630000 0.28550000
vn 0.31170000 -0.90630000 0.28540000
vn -0.00800000 -0.04500000 -0.99900000
vn -0.57650000 -0.74370000 -0.33860000
vn -0.92940000 0.20800000 0.30490000
vn -0.27990000 0.15370000 -0.94770000
vn -0.52330000 -0.45200000 0.72240000
vn -0.93650000 0.17020000 0.30650000
vn -0.32310000 0.06030000 -0.94440000
vn -0.50760000 -0.36860000 0.77880000
vn -0.94100000 0.13470000 0.31040000
vn -0.32730000 -0.04230000 -0.94400000
vn -0.20220000 0.76450000 0.61200000
vn -0.69030000 -0.39470000 -0.60640000
vn -0.13050000 0.12310000 0.98380000
vn -0.96180000 0.22040000 -0.16230000
vn -0.38320000 0.57540000 -0.72260000
vn -0.19730000 0.01670000 0.98020000
vn -0.96880000 0.18160000 -0.16890000
vn -0.42600000 0.60480000 -0.67290000
vn -0.16420000 0.16730000 0.97210000
vn -0.98250000 0.02830000 -0.18410000
vn -0.11960000 0.99280000 -0.00050000
vn 0.60720000 0.17730000 0.77450000
vn 0.46070000 0.68780000 -0.56100000
vn 0.71040000 0.23410000 0.66380000
vn -0.91570000 -0.03830000 0.40000000
vn 0.47040000 0.76450000 -0.44070000
vn -0.94450000 0.13940000 -0.29750000
vn -0.94480000 0.13950000 -0.29630000
vn 0.50570000 0.44670000 0.73800000
vn 0.50560000 0.44670000 0.73810000
vn -0.96360000 -0.14370000 0.22550000
vn -0.96390000 -0.14240000 0.22490000
vn 0.49340000 0.81700000 -0.29850000
vn -0.97400000 -0.02710000 -0.22500000
vn -0.97430000 -0.02620000 -0.22380000
vn 0.51900000 0.56040000 0.64550000
vn 0.51890000 0.56040000 0.64550000
vn -0.08750000 0.98870000 -0.12150000
vn -0.97140000 -0.16290000 0.17260000
vn -0.97120000 -0.16410000 0.17290000
vn 0.52740000 0.66380000 0.53030000
vn 0.52740000 0.66370000 0.53040000
vn -0.08350000 0.99590000 0.03480000
vn -0.98030000 -0.06730000 -0.18540000
vn -0.98010000 -0.06840000 -0.18660000
vn 0.53280000 0.74130000 0.40830000
vn 0.53280000 0.74120000 0.40840000
vn -0.07520000 0.97970000 0.18580000
vn 0.53210000 0.80240000 0.27010000
vn 0.53210000 0.80250000 0.27010000
vn -0.99130000 -0.07680000 0.10660000
vn -0.98430000 -0.10320000 -0.14320000
vn -0.98390000 -0.10500000 -0.14450000
vn -0.99630000 -0.05610000 0.06590000
vn -0.98640000 -0.13500000 -0.09320000
vn -0.98620000 -0.13620000 -0.09380000
vn -0.99800000 -0.05630000 0.02860000
vn -0.99290000 -0.11490000 -0.03130000
vt 0.00000000 0.00000000
vt 0.00000000 0.00000000
vt 0.00000000 0.00000000
vt 0.00000000 0.00000000
vt 0.00000000 0.00000000
vt 0.00000000 0.00000000
vt 0.00000000 0.00000000
vt 0.00000000 0.00000000
vt 0.00000000 0.00000000
vt 0.00000000 0.00000000
vt 0.00000000 0.00000000
vt 0.00000000 0.00000000
vt 0.00000000 0.00000000
vt 0.00000000 0.00000000
vt 0.00000000 0.00000000
vt 0.00000000 0.00000000
vt 0.00000000 0.00000000
vt 0.00000000 0.00000000
vt 0.00000000 0.00000000
vt 0.00000000 0.00000000
vt 0.00000000 0.00000000
vt 0.00000000 0.00000000
vt 0.00000000 0.00000000
vt 0.00000000 0.00000000
vt 0.00000000 0.00000000
vt 0.00000000 0.00000000
vt 0.00000000 0.00000000
vt 0.00000000 0.00000000
vt 0.00000000 0.00000000
vt 0.00000000 0.00000000
vt 0.00000000 0.00000000
vt 0.00000000 0.00000000
vt 0.00000000 0.00000000
vt 0.00000000 0.00000000
vt 0.00000000 0.00000000
vt 0.00000000 0.00000000
vt 0.00000000 0.00000000
vt 0.00000000 0.00000000
vt 0.00000000 0.00000000
vt 0.00000000 0.00000000
vt 0.00000000 0.00000000
vt 0.00000000 0.00000000
vt 0.00000000 0.00000000
vt 0.00000000 0.00000000
vt 0.00000000 0.00000000
vt 0.00000000 0.00000000
vt 0.00000000 0.00000000
vt 0.00000000 0.00000000
vt 0.00000000 0.00000000
vt 0.00000000 0.00000000
vt 0.00000000 0.00000000
vt 0.00000000 0.00000000
vt 0.00000000 0.00000000
vt 0.00000000 0.00000000
vt 0.00000000 0.00000000
vt 0.00000000 0.00000000
vt 0.00000000 0.00000000
vt 0.00000000 0.00000000
vt 0.00000000 0.00000000
vt 0.00000000 0.00000000
vt 0.00000000 0.00000000
vt 0.00000000 0.00000000
vt 0.00000000 0.00000000
vt 0.00000000 0.00000000
vt 0.00000000 0.00000000
vt 0.00000000 0.00000000
vt 0.00000000 0.00000000
vt 0.00000000 0.00000000
vt 0.00000000 0.00000000
vt 0.00000000 0.00000000
vt 0.00000000 0.00000000
vt 0.00000000 0.00000000
vt 0.00000000 0.00000000
vt 0.00000000 0.00000000
vt 0.00000000 0.00000000
vt 0.00000000 0.00000000
vt 0.00000000 0.00000000
vt 0.00000000 0.00000000
vt 0.00000000 0.00000000
vt 0.00000000 0.00000000
vt 0.00000000 0.00000000
vt 0.00000000 0.00000000
vt 0.00000000 0.00000000
vt 0.00000000 0.00000000
vt 0.00000000 0.00000000
vt 0.00000000 0.00000000
vt 0.00000000 0.00000000
vt 0.00000000 0.00000000
vt 0.00000000 0.00000000
vt 0.00000000 0.00000000
vt 0.00000000 0.00000000
vt 0.00000000 0.00000000
vt 0.00000000 0.00000000
vt 0.00000000 0.00000000
vt 0.00000000 0.00000000
vt 0.00000000 0.00000000
vt 0.00000000 0.00000000
vt 0.00000000 0.00000000
vt 0.00000000 0.00000000
vt 0.00000000 0.00000000
vt 0.00000000 0.00000000
vt 0.00000000 0.00000000
vt 0.00000000 0.00000000
vt 0.00000000 0.00000000
vt 0.00000000 0.00000000
vt 0.00000000 0.00000000
vt 0.00000000 0.00000000
vt 0.00000000 0.00000000
vt 0.00000000 0.00000000
vt 0.00000000 0.00000000
vt 0.00000000 0.00000000
vt 0.00000000 0.00000000
vt 0.00000000 0.00000000
vt 0.00000000 0.00000000
vt 0.00000000 0.00000000
vt 0.00000000 0.00000000
vt 0.00000000 0.00000000
vt 0.00000000 0.00000000
vt 0.00000000 0.00000000
vt 0.00000000 0.00000000
vt 0.00000000 0.00000000
vt 0.00000000 0.00000000
vt 0.00000000 0.00000000
vt 0.00000000 0.00000000
vt 0.00000000 0.00000000
vt 0.00000000 0.00000000
vt 0.00000000 0.00000000
vt 0.00000000 0.00000000
vt 0.00000000 0.00000000
vt 0.00000000 0.00000000
vt 0.00000000 0.00000000
vt 0.00000000 0.00000000
vt 0.00000000 0.00000000
vt 0.00000000 0.00000000
vt 0.00000000 0.00000000
vt 0.00000000 0.00000000
vt 0.00000000 0.00000000
vt 0.00000000 0.00000000
vt 0.00000000 0.00000000
vt 0.00000000 0.00000000
vt 0.00000000 0.00000000
vt 0.00000000 0.00000000
vt 0.00000000 0.00000000
vt 0.00000000 0.00000000
vt 0.00000000 0.00000000
vt 0.00000000 0.00000000
vt 0.00000000 0.00000000
vt 0.00000000 0.00000000
vt 0.00000000 0.00000000
vt 0.00000000 0.00000000
vt 0.00000000 0.00000000
vt 0.00000000 0.00000000
vt 0.00000000 0.00000000
vt 0.00000000 0.00000000
vt 0.00000000 0.00000000
vt 0.00000000 0.00000000
vt 0.00000000 0.00000000
vt 0.00000000 0.00000000
vt 0.00000000 0.00000000
vt 0.00000000 0.00000000
vt 0.00000000 0.00000000
vt 0.00000000 0.00000000
vt 0.00000000 0.00000000
vt 0.00000000 0.00000000
vt 0.00000000 0.00000000
vt 0.00000000 0.00000000
vt 0.00000000 0.00000000
vt 0.00000000 0.00000000
vt 0.00000000 0.00000000
vt 0.00000000 0.00000000
vt 0.00000000 0.00000000
vt 0.00000000 0.00000000
vt 0.00000000 0.00000000
vt 0.00000000 0.00000000
vt 0.00000000 0.00000000
vt 0.00000000 0.00000000
vt 0.00000000 0.00000000
vt 0.00000000 0.00000000
vt 0.00000000 0.00000000
vt 0.00000000 0.00000000
vt 0.00000000 0.00000000
vt 0.00000000 0.00000000
vt 0.00000000 0.00000000
vt 0.00000000 0.00000000
vt 0.00000000 0.00000000
vt 0.00000000 0.00000000
vt 0.00000000 0.00000000
vt 0.00000000 0.00000000
vt 0.00000000 0.00000000
vt 0.00000000 0.00000000
vt 0.00000000 0.00000000
vt 0.00000000 0.00000000
vt 0.00000000 0.00000000
vt 0.00000000 0.00000000
vt 0.00000000 0.00000000
vt 0.00000000 0.00000000
vt 0.00000000 0.00000000
vt 0.00000000 0.00000000
vt 0.00000000 0.00000000
vt 0.00000000 0.00000000
vt 0.00000000 0.00000000
vt 0.00000000 0.00000000
vt 0.00000000 0.00000000
vt 0.00000000 0.00000000
vt 0.00000000 0.00000000
vt 0.00000000 0.00000000
vt 0.00000000 0.00000000
vt 0.00000000 0.00000000
vt 0.00000000 0.00000000
vt 0.00000000 0.00000000
vt 0.00000000 0.00000000
vt 0.00000000 0.00000000
vt 0.00000000 0.00000000
vt 0.00000000 0.00000000
vt 0.00000000 0.00000000
vt 0.00000000 0.00000000
vt 0.00000000 0.00000000
vt 0.00000000 0.00000000
vt 0.00000000 0.00000000
vt 0.00000000 0.00000000
vt 0.00000000 0.00000000
vt 0.00000000 0.00000000
vt 0.00000000 0.00000000
vt 0.00000000 0.00000000
vt 0.00000000 0.00000000
vt 0.00000000 0.00000000
vt 0.00000000 0.00000000
vt 0.00000000 0.00000000
vt 0.00000000 0.00000000
vt 0.00000000 0.00000000
vt 0.00000000 0.00000000
vt 0.00000000 0.00000000
vt 0.00000000 0.00000000
vt 0.00000000 0.00000000
vt 0.00000000 0.00000000
vt 0.00000000 0.00000000
vt 0.00000000 0.00000000
vt 0.00000000 0.00000000
vt 0.00000000 0.00000000
vt 0.00000000 0.00000000
vt 0.00000000 0.00000000
vt 0.00000000 0.00000000
vt 0.00000000 0.00000000
vt 0.00000000 0.00000000
vt 0.00000000 0.00000000
vt 0.00000000 0.00000000
vt 0.00000000 0.00000000
vt 0.00000000 0.00000000
vt 0.00000000 0.00000000
vt 0.00000000 0.00000000
vt 0.00000000 0.00000000
vt 0.00000000 0.00000000
vt 0.00000000 0.00000000
vt 0.00000000 0.00000000
vt 0.00000000 0.00000000
vt 0.00000000 0.00000000
vt 0.00000000 0.00000000
vt 0.00000000 0.00000000
vt 0.00000000 0.00000000
vt 0.00000000 0.00000000
vt 0.00000000 0.00000000
vt 0.00000000 0.00000000
vt 0.00000000 0.00000000
vt 0.00000000 0.00000000
vt 0.00000000 0.00000000
vt 0.00000000 0.00000000
vt 0.00000000 0.00000000
vt 0.00000000 0.00000000
vt 0.00000000 0.00000000
vt 0.00000000 0.00000000
vt 0.00000000 0.00000000
vt 0.00000000 0.00000000
vt 0.00000000 0.00000000
vt 0.00000000 0.00000000
vt 0.00000000 0.00000000
vt 0.00000000 0.00000000
vt 0.00000000 0.00000000
vt 0.00000000 0.00000000
vt 0.00000000 0.00000000
vt 0.00000000 0.00000000
vt 0.00000000 0.00000000
vt 0.00000000 0.00000000
vt 0.00000000 0.00000000
vt 0.00000000 0.00000000
vt 0.00000000 0.00000000
vt 0.00000000 0.00000000
vt 0.00000000 0.00000000
vt 0.00000000 0.00000000
vt 0.00000000 0.00000000
vt 0.00000000 0.00000000
vt 0.00000000 0.00000000
vt 0.00000000 0.00000000
vt 0.00000000 0.00000000
vt 0.00000000 0.00000000
vt 0.00000000 0.00000000
vt 0.00000000 0.00000000
vt 0.00000000 0.00000000
vt 0.00000000 0.00000000
vt 0.00000000 0.00000000
vt 0.00000000 0.00000000
vt 0.00000000 0.00000000
vt 0.00000000 0.00000000
vt 0.00000000 0.00000000
vt 0.00000000 0.00000000
vt 0.00000000 0.00000000
vt 0.00000000 0.00000000
vt 0.00000000 0.00000000
vt 0.00000000 0.00000000
vt 0.00000000 0.00000000
vt 0.00000000 0.00000000
vt 0.00000000 0.00000000
vt 0.00000000 0.00000000
vt 0.00000000 0.00000000
vt 0.00000000 0.00000000
vt 0.00000000 0.00000000
vt 0.00000000 0.00000000
vt 0.00000000 0.00000000
vt 0.00000000 0.00000000
vt 0.00000000 0.00000000
vt 0.00000000 0.00000000
vt 0.00000000 0.00000000
vt 0.00000000 0.00000000
vt 0.00000000 0.00000000
vt 0.00000000 0.00000000
vt 0.00000000 0.00000000
vt 0.00000000 0.00000000
vt 0.00000000 0.00000000
vt 0.00000000 0.00000000
vt 0.00000000 0.00000000
vt 0.00000000 0.00000000
vt 0.00000000 0.00000000
vt 0.00000000 0.00000000
vt 0.00000000 0.00000000
vt 0.00000000 0.00000000
vt 0.00000000 0.00000000
vt 0.00000000 0.00000000
vt 0.00000000 0.00000000
vt 0.00000000 0.00000000
vt 0.00000000 0.00000000
vt 0.00000000 0.00000000
vt 0.00000000 0.00000000
vt 0.00000000 0.00000000
vt 0.00000000 0.00000000
vt 0.00000000 0.00000000
vt 0.00000000 0.00000000
vt 0.00000000 0.00000000
vt 0.00000000 0.00000000
vt 0.00000000 0.00000000
vt 0.00000000 0.00000000
vt 0.00000000 0.00000000
vt 0.00000000 0.00000000
vt 0.00000000 0.00000000
vt 0.00000000 0.00000000
vt 0.00000000 0.00000000
vt 0.00000000 0.00000000
vt 0.00000000 0.00000000
vt 0.00000000 0.00000000
vt 0.00000000 0.00000000
vt 0.00000000 0.00000000
vt 0.00000000 0.00000000
vt 0.00000000 0.00000000
vt 0.00000000 0.00000000
vt 0.00000000 0.00000000
vt 0.00000000 0.00000000
vt 0.00000000 0.00000000
vt 0.00000000 0.00000000
vt 0.00000000 0.00000000
vt 0.00000000 0.00000000
vt 0.00000000 0.00000000
vt 0.00000000 0.00000000
vt 0.00000000 0.00000000
vt 0.00000000 0.00000000
vt 0.00000000 0.00000000
vt 0.00000000 0.00000000
vt 0.00000000 0.00000000
vt 0.00000000 0.00000000
vt 0.00000000 0.00000000
vt 0.00000000 0.00000000
vt 0.00000000 0.00000000
vt 0.00000000 0.00000000
vt 0.00000000 0.00000000
vt 0.00000000 0.00000000
vt 0.00000000 0.00000000
vt 0.00000000 0.00000000
vt 0.00000000 0.00000000
vt 0.00000000 0.00000000
vt 0.00000000 0.00000000
vt 0.00000000 0.00000000
vt 0.00000000 0.00000000
vt 0.00000000 0.00000000
vt 0.00000000 0.00000000
vt 0.00000000 0.00000000
vt 0.00000000 0.00000000
vt 0.00000000 0.00000000
vt 0.00000000 0.00000000
vt 0.00000000 0.00000000
vt 0.00000000 0.00000000
vt 0.00000000 0.00000000
vt 0.00000000 0.00000000
vt 0.00000000 0.00000000
vt 0.00000000 0.00000000
vt 0.00000000 0.00000000
vt 0.00000000 0.00000000
vt 0.00000000 0.00000000
vt 0.00000000 0.00000000
vt 0.00000000 0.00000000
vt 0.00000000 0.00000000
vt 0.00000000 0.00000000
vt 0.00000000 0.00000000
vt 0.00000000 0.00000000
vt 0.00000000 0.00000000
vt 0.00000000 0.00000000
vt 0.00000000 0.00000000
vt 0.00000000 0.00000000
vt 0.00000000 0.00000000
vt 0.00000000 0.00000000
vt 0.00000000 0.00000000
vt 0.00000000 0.00000000
vt 0.00000000 0.00000000
vt 0.00000000 0.00000000
vt 0.00000000 0.00000000
vt 0.00000000 0.00000000
vt 0.00000000 0.00000000
vt 0.00000000 0.00000000
vt 0.00000000 0.00000000
vt 0.00000000 0.00000000
vt 0.00000000 0.00000000
vt 0.00000000 0.00000000
vt 0.00000000 0.00000000
vt 0.00000000 0.00000000
vt 0.00000000 0.00000000
vt 0.00000000 0.00000000
vt 0.00000000 0.00000000
vt 0.00000000 0.00000000
vt 0.00000000 0.00000000
vt 0.00000000 0.00000000
vt 0.00000000 0.00000000
vt 0.00000000 0.00000000
vt 0.00000000 0.00000000
vt 0.00000000 0.00000000
vt 0.00000000 0.00000000
vt 0.00000000 0.00000000
vt 0.00000000 0.00000000
vt 0.00000000 0.00000000
vt 0.00000000 0.00000000
vt 0.00000000 0.00000000
vt 0.00000000 0.00000000
vt 0.00000000 0.00000000
vt 0.00000000 0.00000000
vt 0.00000000 0.00000000
vt 0.00000000 0.00000000
vt 0.00000000 0.00000000
vt 0.00000000 0.00000000
vt 0.00000000 0.00000000
vt 0.00000000 0.00000000
vt 0.00000000 0.00000000
vt 0.00000000 0.00000000
vt 0.00000000 0.00000000
vt 0.00000000 0.00000000
vt 0.00000000 0.00000000
vt 0.00000000 0.00000000
vt 0.00000000 0.00000000
vt 0.00000000 0.00000000
vt 0.00000000 0.00000000
vt 0.00000000 0.00000000
vt 0.00000000 0.00000000
vt 0.00000000 0.00000000
vt 0.00000000 0.00000000
vt 0.00000000 0.00000000
vt 0.00000000 0.00000000
vt 0.00000000 0.00000000
vt 0.00000000 0.00000000
vt 0.00000000 0.00000000
vt 0.00000000 0.00000000
vt 0.00000000 0.00000000
vt 0.00000000 0.00000000
vt 0.00000000 0.00000000
vt 0.00000000 0.00000000
vt 0.00000000 0.00000000
vt 0.00000000 0.00000000
vt 0.00000000 0.00000000
vt 0.00000000 0.00000000
vt 0.00000000 0.00000000
vt 0.00000000 0.00000000
vt 0.00000000 0.00000000
vt 0.00000000 0.00000000
vt 0.00000000 0.00000000
vt 0.00000000 0.00000000
vt 0.00000000 0.00000000
vt 0.00000000 0.00000000
vt 0.00000000 0.00000000
vt 0.00000000 0.00000000
vt 0.00000000 0.00000000
vt 0.00000000 0.00000000
vt 0.00000000 0.00000000
vt 0.00000000 0.00000000
vt 0.00000000 0.00000000
vt 0.00000000 0.00000000
vt 0.00000000 0.00000000
vt 0.00000000 0.00000000
vt 0.00000000 0.00000000
vt 0.00000000 0.00000000
vt 0.00000000 0.00000000
vt 0.00000000 0.00000000
vt 0.00000000 0.00000000
vt 0.00000000 0.00000000
vt 0.00000000 0.00000000
vt 0.00000000 0.00000000
vt 0.00000000 0.00000000
vt 0.00000000 0.00000000
vt 0.00000000 0.00000000
vt 0.00000000 0.00000000
vt 0.00000000 0.00000000
vt 0.00000000 0.00000000
vt 0.00000000 0.00000000
vt 0.00000000 0.00000000
vt 0.00000000 0.00000000
vt 0.00000000 0.00000000
vt 0.00000000 0.00000000
vt 0.00000000 0.00000000
vt 0.00000000 0.00000000
vt 0.00000000 0.00000000
vt 0.00000000 0.00000000
vt 0.00000000 0.00000000
vt 0.00000000 0.00000000
vt 0.00000000 0.00000000
vt 0.00000000 0.00000000
vt 0.00000000 0.00000000
vt 0.00000000 0.00000000
vt 0.00000000 0.00000000
vt 0.00000000 0.00000000
vt 0.00000000 0.00000000
vt 0.00000000 0.00000000
vt 0.00000000 0.00000000
vt 0.00000000 0.00000000
vt 0.00000000 0.00000000
vt 0.00000000 0.00000000
vt 0.00000000 0.00000000
vt 0.00000000 0.00000000
vt 0.00000000 0.00000000
vt 0.00000000 0.00000000
vt 0.00000000 0.00000000
vt 0.00000000 0.00000000
vt 0.00000000 0.00000000
vt 0.00000000 0.00000000
vt 0.00000000 0.00000000
vt 0.00000000 0.00000000
vt 0.00000000 0.00000000
vt 0.00000000 0.00000000
vt 0.00000000 0.00000000
vt 0.00000000 0.00000000
vt 0.00000000 0.00000000
vt 0.00000000 0.00000000
vt 0.00000000 0.00000000
vt 0.00000000 0.00000000
vt 0.00000000 0.00000000
vt 0.00000000 0.00000000
vt 0.00000000 0.00000000
vt 0.00000000 0.00000000
vt 0.00000000 0.00000000
vt 0.00000000 0.00000000
vt 0.00000000 0.00000000
vt 0.00000000 0.00000000
vt 0.00000000 0.00000000
vt 0.00000000 0.00000000
vt 0.00000000 0.00000000
vt 0.00000000 0.00000000
vt 0.00000000 0.00000000
vt 0.00000000 0.00000000
vt 0.00000000 0.00000000
vt 0.00000000 0.00000000
vt 0.00000000 0.00000000
vt 0.00000000 0.00000000
vt 0.00000000 0.00000000
vt 0.00000000 0.00000000
vt 0.00000000 0.00000000
vt 0.00000000 0.00000000
vt 0.00000000 0.00000000
vt 0.00000000 0.00000000
vt 0.00000000 0.00000000
vt 0.00000000 0.00000000
vt 0.00000000 0.00000000
vt 0.00000000 0.00000000
vt 0.00000000 0.00000000
vt 0.00000000 0.00000000
vt 0.00000000 0.00000000
vt 0.00000000 0.00000000
vt 0.00000000 0.00000000
vt 0.00000000 0.00000000
vt 0.00000000 0.00000000
vt 0.00000000 0.00000000
vt 0.00000000 0.00000000
vt 0.00000000 0.00000000
vt 0.00000000 0.00000000
vt 0.00000000 0.00000000
vt 0.00000000 0.00000000
vt 0.00000000 0.00000000
vt 0.00000000 0.00000000
vt 0.00000000 0.00000000
vt 0.00000000 0.00000000
vt 0.00000000 0.00000000
vt 0.00000000 0.00000000
vt 0.00000000 0.00000000
vt 0.00000000 0.00000000
vt 0.00000000 0.00000000
vt 0.00000000 0.00000000
vt 0.00000000 0.00000000
vt 0.00000000 0.00000000
vt 0.00000000 0.00000000
vt 0.00000000 0.00000000
vt 0.00000000 0.00000000
vt 0.00000000 0.00000000
vt 0.00000000 0.00000000
vt 0.00000000 0.00000000
vt 0.00000000 0.00000000
vt 0.00000000 0.00000000
vt 0.00000000 0.00000000
vt 0.00000000 0.00000000
vt 0.00000000 0.00000000
vt 0.00000000 0.00000000
vt 0.00000000 0.00000000
vt 0.00000000 0.00000000
vt 0.00000000 0.00000000
vt 0.00000000 0.00000000
vt 0.00000000 0.00000000
vt 0.00000000 0.00000000
vt 0.00000000 0.00000000
vt 0.00000000 0.00000000
vt 0.00000000 0.00000000
vt 0.00000000 0.00000000
vt 0.00000000 0.00000000
vt 0.00000000 0.00000000
vt 0.00000000 0.00000000
vt 0.00000000 0.00000000
vt 0.00000000 0.00000000
vt 0.00000000 0.00000000
vt 0.00000000 0.00000000
vt 0.00000000 0.00000000
vt 0.00000000 0.00000000
vt 0.00000000 0.00000000
vt 0.00000000 0.00000000
vt 0.00000000 0.00000000
vt 0.00000000 0.00000000
vt 0.00000000 0.00000000
vt 0.00000000 0.00000000
vt 0.00000000 0.00000000
vt 0.00000000 0.00000000
vt 0.00000000 0.00000000
vt 0.00000000 0.00000000
vt 0.00000000 0.00000000
vt 0.00000000 0.00000000
vt 0.00000000 0.00000000
vt 0.00000000 0.00000000
vt 0.00000000 0.00000000
vt 0.00000000 0.00000000
vt 0.00000000 0.00000000
vt 0.00000000 0.00000000
vt 0.00000000 0.00000000
vt 0.00000000 0.00000000
vt 0.00000000 0.00000000
vt 0.00000000 0.00000000
vt 0.00000000 0.00000000
vt 0.00000000 0.00000000
vt 0.00000000 0.00000000
vt 0.00000000 0.00000000
vt 0.00000000 0.00000000
vt 0.00000000 0.00000000
vt 0.00000000 0.00000000
vt 0.00000000 0.00000000
vt 0.00000000 0.00000000
vt 0.00000000 0.00000000
vt 0.00000000 0.00000000
vt 0.00000000 0.00000000
vt 0.00000000 0.00000000
vt 0.00000000 0.00000000
vt 0.00000000 0.00000000
vt 0.00000000 0.00000000
vt 0.00000000 0.00000000
vt 0.00000000 0.00000000
vt 0.00000000 0.00000000
vt 0.00000000 0.00000000
vt 0.00000000 0.00000000
vt 0.00000000 0.00000000
vt 0.00000000 0.00000000
vt 0.00000000 0.00000000
vt 0.00000000 0.00000000
vt 0.00000000 0.00000000
vt 0.00000000 0.00000000
vt 0.00000000 0.00000000
vt 0.00000000 0.00000000
vt 0.00000000 0.00000000
vt 0.00000000 0.00000000
vt 0.00000000 0.00000000
vt 0.00000000 0.00000000
vt 0.00000000 0.00000000
vt 0.00000000 0.00000000
vt 0.00000000 0.00000000
vt 0.00000000 0.00000000
vt 0.00000000 0.00000000
vt 0.00000000 0.00000000
vt 0.00000000 0.00000000
vt 0.00000000 0.00000000
vt 0.00000000 0.00000000
vt 0.00000000 0.00000000
vt 0.00000000 0.00000000
vt 0.00000000 0.00000000
vt 0.00000000 0.00000000
vt 0.00000000 0.00000000
vt 0.00000000 0.00000000
vt 0.00000000 0.00000000
vt 0.00000000 0.00000000
vt 0.00000000 0.00000000
vt 0.00000000 0.00000000
vt 0.00000000 0.00000000
vt 0.00000000 0.00000000
vt 0.00000000 0.00000000
vt 0.00000000 0.00000000
vt 0.00000000 0.00000000
vt 0.00000000 0.00000000
vt 0.00000000 0.00000000
vt 0.00000000 0.00000000
vt 0.00000000 0.00000000
vt 0.00000000 0.00000000
vt 0.00000000 0.00000000
vt 0.00000000 0.00000000
vt 0.00000000 0.00000000
vt 0.00000000 0.00000000
vt 0.00000000 0.00000000
vt 0.00000000 0.00000000
vt 0.00000000 0.00000000
vt 0.00000000 0.00000000
vt 0.00000000 0.00000000
vt 0.00000000 0.00000000
vt 0.00000000 0.00000000
vt 0.00000000 0.00000000
vt 0.00000000 0.00000000
vt 0.00000000 0.00000000
vt 0.00000000 0.00000000
vt 0.00000000 0.00000000
vt 0.00000000 0.00000000
vt 0.00000000 0.00000000
vt 0.00000000 0.00000000
vt 0.00000000 0.00000000
vt 0.00000000 0.00000000
vt 0.00000000 0.00000000
vt 0.00000000 0.00000000
vt 0.00000000 0.00000000
vt 0.00000000 0.00000000
vt 0.00000000 0.00000000
vt 0.00000000 0.00000000
vt 0.00000000 0.00000000
vt 0.00000000 0.00000000
vt 0.00000000 0.00000000
vt 0.00000000 0.00000000
vt 0.00000000 0.00000000
vt 0.00000000 0.00000000
vt 0.00000000 0.00000000
vt 0.00000000 0.00000000
vt 0.00000000 0.00000000
vt 0.00000000 0.00000000
vt 0.00000000 0.00000000
vt 0.00000000 0.00000000
vt 0.00000000 0.00000000
vt 0.00000000 0.00000000
vt 0.00000000 0.00000000
vt 0.00000000 0.00000000
vt 0.00000000 0.00000000
vt 0.00000000 0.00000000
vt 0.00000000 0.00000000
vt 0.00000000 0.00000000
vt 0.00000000 0.00000000
vt 0.00000000 0.00000000
vt 0.00000000 0.00000000
vt 0.00000000 0.00000000
vt 0.00000000 0.00000000
vt 0.00000000 0.00000000
vt 0.00000000 0.00000000
vt 0.00000000 0.00000000
vt 0.00000000 0.00000000
vt 0.00000000 0.00000000
vt 0.00000000 0.00000000
vt 0.00000000 0.00000000
vt 0.00000000 0.00000000
vt 0.00000000 0.00000000
vt 0.00000000 0.00000000
vt 0.00000000 0.00000000
vt 0.00000000 0.00000000
vt 0.00000000 0.00000000
vt 0.00000000 0.00000000
vt 0.00000000 0.00000000
vt 0.00000000 0.00000000
vt 0.00000000 0.00000000
vt 0.00000000 0.00000000
vt 0.00000000 0.00000000
vt 0.00000000 0.00000000
vt 0.00000000 0.00000000
vt 0.00000000 0.00000000
vt 0.00000000 0.00000000
vt 0.00000000 0.00000000
vt 0.00000000 0.00000000
vt 0.00000000 0.00000000
vt 0.00000000 0.00000000
vt 0.00000000 0.00000000
vt 0.00000000 0.00000000
vt 0.00000000 0.00000000
vt 0.00000000 0.00000000
vt 0.00000000 0.00000000
vt 0.00000000 0.00000000
vt 0.00000000 0.00000000
vt 0.00000000 0.00000000
vt 0.00000000 0.00000000
vt 0.00000000 0.00000000
vt 0.00000000 0.00000000
vt 0.00000000 0.00000000
vt 0.00000000 0.00000000
vt 0.00000000 0.00000000
vt 0.00000000 0.00000000
vt 0.00000000 0.00000000
vt 0.00000000 0.00000000
vt 0.00000000 0.00000000
vt 0.00000000 0.00000000
vt 0.00000000 0.00000000
vt 0.00000000 0.00000000
vt 0.00000000 0.00000000
vt 0.00000000 0.00000000
vt 0.00000000 0.00000000
vt 0.00000000 0.00000000
vt 0.00000000 0.00000000
vt 0.00000000 0.00000000
vt 0.00000000 0.00000000
vt 0.00000000 0.00000000
vt 0.00000000 0.00000000
vt 0.00000000 0.00000000
vt 0.00000000 0.00000000
vt 0.00000000 0.00000000
vt 0.00000000 0.00000000
vt 0.00000000 0.00000000
vt 0.00000000 0.00000000
vt 0.00000000 0.00000000
vt 0.00000000 0.00000000
vt 0.00000000 0.00000000
vt 0.00000000 0.00000000
vt 0.00000000 0.00000000
vt 0.00000000 0.00000000
vt 0.00000000 0.00000000
vt 0.00000000 0.00000000
vt 0.00000000 0.00000000
vt 0.00000000 0.00000000
vt 0.00000000 0.00000000
vt 0.00000000 0.00000000
vt 0.00000000 0.00000000
vt 0.00000000 0.00000000
vt 0.00000000 0.00000000
vt 0.00000000 0.00000000
vt 0.00000000 0.00000000
vt 0.00000000 0.00000000
vt 0.00000000 0.00000000
vt 0.00000000 0.00000000
vt 0.00000000 0.00000000
vt 0.00000000 0.00000000
vt 0.00000000 0.00000000
vt 0.00000000 0.00000000
vt 0.00000000 0.00000000
vt 0.00000000 0.00000000
vt 0.00000000 0.00000000
vt 0.00000000 0.00000000
vt 0.00000000 0.00000000
vt 0.00000000 0.00000000
vt 0.00000000 0.00000000
vt 0.00000000 0.00000000
vt 0.00000000 0.00000000
vt 0.00000000 0.00000000
vt 0.00000000 0.00000000
vt 0.00000000 0.00000000
vt 0.00000000 0.00000000
vt 0.00000000 0.00000000
vt 0.00000000 0.00000000
vt 0.00000000 0.00000000
vt 0.00000000 0.00000000
vt 0.00000000 0.00000000
vt 0.00000000 0.00000000
vt 0.00000000 0.00000000
vt 0.00000000 0.00000000
vt 0.00000000 0.00000000
vt 0.00000000 0.00000000
vt 0.00000000 0.00000000
vt 0.00000000 0.00000000
vt 0.00000000 0.00000000
vt 0.00000000 0.00000000
vt 0.00000000 0.00000000
vt 0.00000000 0.00000000
vt 0.00000000 0.00000000
vt 0.00000000 0.00000000
vt 0.00000000 0.00000000
vt 0.00000000 0.00000000
vt 0.00000000 0.00000000
vt 0.00000000 0.00000000
vt 0.00000000 0.00000000
vt 0.00000000 0.00000000
vt 0.00000000 0.00000000
vt 0.00000000 0.00000000
vt 0.00000000 0.00000000
vt 0.00000000 0.00000000
vt 0.00000000 0.00000000
vt 0.00000000 0.00000000
vt 0.00000000 0.00000000
vt 0.00000000 0.00000000
vt 0.00000000 0.00000000
vt 0.00000000 0.00000000
vt 0.00000000 0.00000000
vt 0.00000000 0.00000000
vt 0.00000000 0.00000000
vt 0.00000000 0.00000000
vt 0.00000000 0.00000000
vt 0.00000000 0.00000000
vt 0.00000000 0.00000000
vt 0.00000000 0.00000000
vt 0.00000000 0.00000000
vt 0.00000000 0.00000000
vt 0.00000000 0.00000000
vt 0.00000000 0.00000000
vt 0.00000000 0.00000000
vt 0.00000000 0.00000000
vt 0.00000000 0.00000000
vt 0.00000000 0.00000000
vt 0.00000000 0.00000000
vt 0.00000000 0.00000000
vt 0.00000000 0.00000000
vt 0.00000000 0.00000000
vt 0.00000000 0.00000000
vt 0.00000000 0.00000000
vt 0.00000000 0.00000000
vt 0.00000000 0.00000000
vt 0.00000000 0.00000000
vt 0.00000000 0.00000000
vt 0.00000000 0.00000000
vt 0.00000000 0.00000000
vt 0.00000000 0.00000000
vt 0.00000000 0.00000000
vt 0.00000000 0.00000000
vt 0.00000000 0.00000000
vt 0.00000000 0.00000000
vt 0.00000000 0.00000000
vt 0.00000000 0.00000000
vt 0.00000000 0.00000000
vt 0.00000000 0.00000000
vt 0.00000000 0.00000000
vt 0.00000000 0.00000000
vt 0.00000000 0.00000000
vt 0.00000000 0.00000000
vt 0.00000000 0.00000000
vt 0.00000000 0.00000000
vt 0.00000000 0.00000000
vt 0.00000000 0.00000000
vt 0.00000000 0.00000000
vt 0.00000000 0.00000000
vt 0.00000000 0.00000000
vt 0.00000000 0.00000000
vt 0.00000000 0.00000000
vt 0.00000000 0.00000000
vt 0.00000000 0.00000000
vt 0.00000000 0.00000000
vt 0.00000000 0.00000000
vt 0.00000000 0.00000000
vt 0.00000000 0.00000000
vt 0.00000000 0.00000000
vt 0.00000000 0.00000000
vt 0.00000000 0.00000000
vt 0.00000000 0.00000000
vt 0.00000000 0.00000000
vt 0.00000000 0.00000000
vt 0.00000000 0.00000000
vt 0.00000000 0.00000000
vt 0.00000000 0.00000000
vt 0.00000000 0.00000000
vt 0.00000000 0.00000000
vt 0.00000000 0.00000000
vt 0.00000000 0.00000000
vt 0.00000000 0.00000000
vt 0.00000000 0.00000000
vt 0.00000000 0.00000000
vt 0.00000000 0.00000000
vt 0.00000000 0.00000000
vt 0.00000000 0.00000000
vt 0.00000000 0.00000000
vt 0.00000000 0.00000000
vt 0.00000000 0.00000000
vt 0.00000000 0.00000000
vt 0.00000000 0.00000000
vt 0.00000000 0.00000000
vt 0.00000000 0.00000000
vt 0.00000000 0.00000000
vt 0.00000000 0.00000000
vt 0.00000000 0.00000000
vt 0.00000000 0.00000000
vt 0.00000000 0.00000000
vt 0.00000000 0.00000000
vt 0.00000000 0.00000000
vt 0.00000000 0.00000000
vt 0.00000000 0.00000000
vt 0.00000000 0.00000000
vt 0.00000000 0.00000000
vt 0.00000000 0.00000000
vt 0.00000000 0.00000000
vt 0.00000000 0.00000000
vt 0.00000000 0.00000000
vt 0.00000000 0.00000000
vt 0.00000000 0.00000000
vt 0.00000000 0.00000000
vt 0.00000000 0.00000000
vt 0.00000000 0.00000000
vt 0.00000000 0.00000000
vt 0.00000000 0.00000000
vt 0.00000000 0.00000000
vt 0.00000000 0.00000000
vt 0.00000000 0.00000000
vt 0.00000000 0.00000000
vt 0.00000000 0.00000000
vt 0.00000000 0.00000000
vt 0.00000000 0.00000000
vt 0.00000000 0.00000000
vt 0.00000000 0.00000000
vt 0.00000000 0.00000000
vt 0.00000000 0.00000000
vt 0.00000000 0.00000000
vt 0.00000000 0.00000000
vt 0.00000000 0.00000000
vt 0.00000000 0.00000000
vt 0.00000000 0.00000000
vt 0.00000000 0.00000000
vt 0.00000000 0.00000000
vt 0.00000000 0.00000000
vt 0.00000000 0.00000000
vt 0.00000000 0.00000000
vt 0.00000000 0.00000000
vt 0.00000000 0.00000000
vt 0.00000000 0.00000000
vt 0.00000000 0.00000000
vt 0.00000000 0.00000000
vt 0.00000000 0.00000000
vt 0.00000000 0.00000000
vt 0.00000000 0.00000000
vt 0.00000000 0.00000000
vt 0.00000000 0.00000000
vt 0.00000000 0.00000000
vt 0.00000000 0.00000000
vt 0.00000000 0.00000000
vt 0.00000000 0.00000000
vt 0.00000000 0.00000000
vt 0.00000000 0.00000000
vt 0.00000000 0.00000000
vt 0.00000000 0.00000000
vt 0.00000000 0.00000000
vt 0.00000000 0.00000000
vt 0.00000000 0.00000000
vt 0.00000000 0.00000000
vt 0.00000000 0.00000000
vt 0.00000000 0.00000000
vt 0.00000000 0.00000000
vt 0.00000000 0.00000000
vt 0.00000000 0.00000000
vt 0.00000000 0.00000000
vt 0.00000000 0.00000000
vt 0.00000000 0.00000000
vt 0.00000000 0.00000000
vt 0.00000000 0.00000000
vt 0.00000000 0.00000000
vt 0.00000000 0.00000000
vt 0.00000000 0.00000000
vt 0.00000000 0.00000000
vt 0.00000000 0.00000000
vt 0.00000000 0.00000000
vt 0.00000000 0.00000000
vt 0.00000000 0.00000000
vt 0.00000000 0.00000000
vt 0.00000000 0.00000000
vt 0.00000000 0.00000000
vt 0.00000000 0.00000000
vt 0.00000000 0.00000000
vt 0.00000000 0.00000000
vt 0.00000000 0.00000000
vt 0.00000000 0.00000000
vt 0.00000000 0.00000000
vt 0.00000000 0.00000000
vt 0.00000000 0.00000000
vt 0.00000000 0.00000000
vt 0.00000000 0.00000000
vt 0.00000000 0.00000000
vt 0.00000000 0.00000000
vt 0.00000000 0.00000000
vt 0.00000000 0.00000000
vt 0.00000000 0.00000000
vt 0.00000000 0.00000000
vt 0.00000000 0.00000000
vt 0.00000000 0.00000000
vt 0.00000000 0.00000000
vt 0.00000000 0.00000000
vt 0.00000000 0.00000000
vt 0.00000000 0.00000000
vt 0.00000000 0.00000000
vt 0.00000000 0.00000000
vt 0.00000000 0.00000000
vt 0.00000000 0.00000000
vt 0.00000000 0.00000000
vt 0.00000000 0.00000000
vt 0.00000000 0.00000000
vt 0.00000000 0.00000000
vt 0.00000000 0.00000000
vt 0.00000000 0.00000000
vt 0.00000000 0.00000000
vt 0.00000000 0.00000000
vt 0.00000000 0.00000000
vt 0.00000000 0.00000000
vt 0.00000000 0.00000000
vt 0.00000000 0.00000000
vt 0.00000000 0.00000000
vt 0.00000000 0.00000000
vt 0.00000000 0.00000000
vt 0.00000000 0.00000000
vt 0.00000000 0.00000000
vt 0.00000000 0.00000000
vt 0.00000000 0.00000000
vt 0.00000000 0.00000000
vt 0.00000000 0.00000000
vt 0.00000000 0.00000000
vt 0.00000000 0.00000000
vt 0.00000000 0.00000000
vt 0.00000000 0.00000000
vt 0.00000000 0.00000000
vt 0.00000000 0.00000000
vt 0.00000000 0.00000000
vt 0.00000000 0.00000000
vt 0.00000000 0.00000000
vt 0.00000000 0.00000000
vt 0.00000000 0.00000000
vt 0.00000000 0.00000000
vt 0.00000000 0.00000000
vt 0.00000000 0.00000000
vt 0.00000000 0.00000000
vt 0.00000000 0.00000000
vt 0.00000000 0.00000000
vt 0.00000000 0.00000000
vt 0.00000000 0.00000000
vt 0.00000000 0.00000000
vt 0.00000000 0.00000000
vt 0.00000000 0.00000000
vt 0.00000000 0.00000000
vt 0.00000000 0.00000000
vt 0.00000000 0.00000000
vt 0.00000000 0.00000000
vt 0.00000000 0.00000000
vt 0.00000000 0.00000000
vt 0.00000000 0.00000000
vt 0.00000000 0.00000000
vt 0.00000000 0.00000000
vt 0.00000000 0.00000000
vt 0.00000000 0.00000000
vt 0.00000000 0.00000000
vt 0.00000000 0.00000000
vt 0.00000000 0.00000000
vt 0.00000000 0.00000000
vt 0.00000000 0.00000000
vt 0.00000000 0.00000000
vt 0.00000000 0.00000000
vt 0.00000000 0.00000000
vt 0.00000000 0.00000000
vt 0.00000000 0.00000000
vt 0.00000000 0.00000000
vt 0.00000000 0.00000000
vt 0.00000000 0.00000000
vt 0.00000000 0.00000000
vt 0.00000000 0.00000000
vt 0.00000000 0.00000000
vt 0.00000000 0.00000000
vt 0.00000000 0.00000000
vt 0.00000000 0.00000000
vt 0.00000000 0.00000000
vt 0.00000000 0.00000000
vt 0.00000000 0.00000000
vt 0.00000000 0.00000000
vt 0.00000000 0.00000000
vt 0.00000000 0.00000000
vt 0.00000000 0.00000000
vt 0.00000000 0.00000000
vt 0.00000000 0.00000000
vt 0.00000000 0.00000000
vt 0.00000000 0.00000000
vt 0.00000000 0.00000000
vt 0.00000000 0.00000000
vt 0.00000000 0.00000000
vt 0.00000000 0.00000000
vt 0.00000000 0.00000000
vt 0.00000000 0.00000000
vt 0.00000000 0.00000000
vt 0.00000000 0.00000000
vt 0.00000000 0.00000000
vt 0.00000000 0.00000000
vt 0.00000000 0.00000000
vt 0.00000000 0.00000000
vt 0.00000000 0.00000000
vt 0.00000000 0.00000000
vt 0.00000000 0.00000000
vt 0.00000000 0.00000000
vt 0.00000000 0.00000000
vt 0.00000000 0.00000000
vt 0.00000000 0.00000000
vt 0.00000000 0.00000000
vt 0.00000000 0.00000000
vt 0.00000000 0.00000000
vt 0.00000000 0.00000000
vt 0.00000000 0.00000000
vt 0.00000000 0.00000000
vt 0.00000000 0.00000000
vt 0.00000000 0.00000000
vt 0.00000000 0.00000000
vt 0.00000000 0.00000000
vt 0.00000000 0.00000000
vt 0.00000000 0.00000000
vt 0.00000000 0.00000000
vt 0.00000000 0.00000000
vt 0.00000000 0.00000000
vt 0.00000000 0.00000000
vt 0.00000000 0.00000000
vt 0.00000000 0.00000000
vt 0.00000000 0.00000000
vt 0.00000000 0.00000000
vt 0.00000000 0.00000000
vt 0.00000000 0.00000000
vt 0.00000000 0.00000000
vt 0.00000000 0.00000000
vt 0.00000000 0.00000000
vt 0.00000000 0.00000000
vt 0.00000000 0.00000000
vt 0.00000000 0.00000000
vt 0.00000000 0.00000000
vt 0.00000000 0.00000000
vt 0.00000000 0.00000000
vt 0.00000000 0.00000000
vt 0.00000000 0.00000000
vt 0.00000000 0.00000000
vt 0.00000000 0.00000000
vt 0.00000000 0.00000000
vt 0.00000000 0.00000000
vt 0.00000000 0.00000000
vt 0.00000000 0.00000000
vt 0.00000000 0.00000000
vt 0.00000000 0.00000000
vt 0.00000000 0.00000000
vt 0.00000000 0.00000000
vt 0.00000000 0.00000000
vt 0.00000000 0.00000000
vt 0.00000000 0.00000000
vt 0.00000000 0.00000000
vt 0.00000000 0.00000000
vt 0.00000000 0.00000000
vt 0.00000000 0.00000000
vt 0.00000000 0.00000000
vt 0.00000000 0.00000000
vt 0.00000000 0.00000000
vt 0.00000000 0.00000000
vt 0.00000000 0.00000000
vt 0.00000000 0.00000000
vt 0.00000000 0.00000000
vt 0.00000000 0.00000000
vt 0.00000000 0.00000000
vt 0.00000000 0.00000000
vt 0.00000000 0.00000000
vt 0.00000000 0.00000000
vt 0.00000000 0.00000000
vt 0.00000000 0.00000000
vt 0.00000000 0.00000000
vt 0.00000000 0.00000000
vt 0.00000000 0.00000000
vt 0.00000000 0.00000000
vt 0.00000000 0.00000000
vt 0.00000000 0.00000000
vt 0.00000000 0.00000000
vt 0.00000000 0.00000000
vt 0.00000000 0.00000000
vt 0.00000000 0.00000000
vt 0.00000000 0.00000000
vt 0.00000000 0.00000000
vt 0.00000000 0.00000000
vt 0.00000000 0.00000000
vt 0.00000000 0.00000000
vt 0.00000000 0.00000000
vt 0.00000000 0.00000000
vt 0.00000000 0.00000000
vt 0.00000000 0.00000000
vt 0.00000000 0.00000000
vt 0.00000000 0.00000000
vt 0.00000000 0.00000000
vt 0.00000000 0.00000000
vt 0.00000000 0.00000000
vt 0.00000000 0.00000000
vt 0.00000000 0.00000000
vt 0.00000000 0.00000000
vt 0.00000000 0.00000000
vt 0.00000000 0.00000000
vt 0.00000000 0.00000000
vt 0.00000000 0.00000000
vt 0.00000000 0.00000000
vt 0.00000000 0.00000000
vt 0.00000000 0.00000000
vt 0.00000000 0.00000000
vt 0.00000000 0.00000000
vt 0.00000000 0.00000000
vt 0.00000000 0.00000000
vt 0.00000000 0.00000000
vt 0.00000000 0.00000000
vt 0.00000000 0.00000000
vt 0.00000000 0.00000000
vt 0.00000000 0.00000000
vt 0.00000000 0.00000000
vt 0.00000000 0.00000000
vt 0.00000000 0.00000000
vt 0.00000000 0.00000000
vt 0.00000000 0.00000000
vt 0.00000000 0.00000000
vt 0.00000000 0.00000000
vt 0.00000000 0.00000000
vt 0.00000000 0.00000000
vt 0.00000000 0.00000000
vt 0.00000000 0.00000000
vt 0.00000000 0.00000000
vt 0.00000000 0.00000000
vt 0.00000000 0.00000000
vt 0.00000000 0.00000000
vt 0.00000000 0.00000000
vt 0.00000000 0.00000000
vt 0.00000000 0.00000000
vt 0.00000000 0.00000000
vt 0.00000000 0.00000000
vt 0.00000000 0.00000000
vt 0.00000000 0.00000000
vt 0.00000000 0.00000000
vt 0.00000000 0.00000000
vt 0.00000000 0.00000000
vt 0.00000000 0.00000000
vt 0.00000000 0.00000000
vt 0.00000000 0.00000000
vt 0.00000000 0.00000000
vt 0.00000000 0.00000000
vt 0.00000000 0.00000000
vt 0.00000000 0.00000000
vt 0.00000000 0.00000000
vt 0.00000000 0.00000000
vt 0.00000000 0.00000000
vt 0.00000000 0.00000000
vt 0.00000000 0.00000000
vt 0.00000000 0.00000000
vt 0.00000000 0.00000000
vt 0.00000000 0.00000000
vt 0.00000000 0.00000000
vt 0.00000000 0.00000000
vt 0.00000000 0.00000000
vt 0.00000000 0.00000000
vt 0.00000000 0.00000000
vt 0.00000000 0.00000000
vt 0.00000000 0.00000000
vt 0.00000000 0.00000000
vt 0.00000000 0.00000000
vt 0.00000000 0.00000000
vt 0.00000000 0.00000000
vt 0.00000000 0.00000000
vt 0.00000000 0.00000000
vt 0.00000000 0.00000000
vt 0.00000000 0.00000000
vt 0.00000000 0.00000000
vt 0.00000000 0.00000000
vt 0.00000000 0.00000000
vt 0.00000000 0.00000000
vt 0.00000000 0.00000000
vt 0.00000000 0.00000000
vt 0.00000000 0.00000000
vt 0.00000000 0.00000000
vt 0.00000000 0.00000000
vt 0.00000000 0.00000000
vt 0.00000000 0.00000000
vt 0.00000000 0.00000000
vt 0.00000000 0.00000000
vt 0.00000000 0.00000000
vt 0.00000000 0.00000000
vt 0.00000000 0.00000000
vt 0.00000000 0.00000000
vt 0.00000000 0.00000000
vt 0.00000000 0.00000000
vt 0.00000000 0.00000000
vt 0.00000000 0.00000000
vt 0.00000000 0.00000000
vt 0.00000000 0.00000000
vt 0.00000000 0.00000000
vt 0.00000000 0.00000000
vt 0.00000000 0.00000000
vt 0.00000000 0.00000000
vt 0.00000000 0.00000000
vt 0.00000000 0.00000000
vt 0.00000000 0.00000000
vt 0.00000000 0.00000000
vt 0.00000000 0.00000000
vt 0.00000000 0.00000000
vt 0.00000000 0.00000000
vt 0.00000000 0.00000000
vt 0.00000000 0.00000000
vt 0.00000000 0.00000000
vt 0.00000000 0.00000000
vt 0.00000000 0.00000000
vt 0.00000000 0.00000000
vt 0.00000000 0.00000000
vt 0.00000000 0.00000000
vt 0.00000000 0.00000000
vt 0.00000000 0.00000000
vt 0.00000000 0.00000000
vt 0.00000000 0.00000000
vt 0.00000000 0.00000000
vt 0.00000000 0.00000000
vt 0.00000000 0.00000000
vt 0.00000000 0.00000000
vt 0.00000000 0.00000000
vt 0.00000000 0.00000000
vt 0.00000000 0.00000000
vt 0.00000000 0.00000000
vt 0.00000000 0.00000000
vt 0.00000000 0.00000000
vt 0.00000000 0.00000000
vt 0.00000000 0.00000000
vt 0.00000000 0.00000000
vt 0.00000000 0.00000000
vt 0.00000000 0.00000000
vt 0.00000000 0.00000000
vt 0.00000000 0.00000000
vt 0.00000000 0.00000000
vt 0.00000000 0.00000000
vt 0.00000000 0.00000000
vt 0.00000000 0.00000000
vt 0.00000000 0.00000000
vt 0.00000000 0.00000000
vt 0.00000000 0.00000000
vt 0.00000000 0.00000000
vt 0.00000000 0.00000000
vt 0.00000000 0.00000000
vt 0.00000000 0.00000000
vt 0.00000000 0.00000000
vt 0.00000000 0.00000000
vt 0.00000000 0.00000000
vt 0.00000000 0.00000000
vt 0.00000000 0.00000000
vt 0.00000000 0.00000000
vt 0.00000000 0.00000000
vt 0.00000000 0.00000000
vt 0.00000000 0.00000000
vt 0.00000000 0.00000000
vt 0.00000000 0.00000000
vt 0.00000000 0.00000000
vt 0.00000000 0.00000000
vt 0.00000000 0.00000000
vt 0.00000000 0.00000000
vt 0.00000000 0.00000000
vt 0.00000000 0.00000000
vt 0.00000000 0.00000000
vt 0.00000000 0.00000000
vt 0.00000000 0.00000000
vt 0.00000000 0.00000000
vt 0.00000000 0.00000000
vt 0.00000000 0.00000000
vt 0.00000000 0.00000000
vt 0.00000000 0.00000000
vt 0.00000000 0.00000000
vt 0.00000000 0.00000000
vt 0.00000000 0.00000000
vt 0.00000000 0.00000000
vt 0.00000000 0.00000000
vt 0.00000000 0.00000000
vt 0.00000000 0.00000000
vt 0.00000000 0.00000000
vt 0.00000000 0.00000000
vt 0.00000000 0.00000000
vt 0.00000000 0.00000000
vt 0.00000000 0.00000000
vt 0.00000000 0.00000000
vt 0.00000000 0.00000000
vt 0.00000000 0.00000000
vt 0.00000000 0.00000000
vt 0.00000000 0.00000000
vt 0.00000000 0.00000000
vt 0.00000000 0.00000000
vt 0.00000000 0.00000000
vt 0.00000000 0.00000000
vt 0.00000000 0.00000000
vt 0.00000000 0.00000000
vt 0.00000000 0.00000000
vt 0.00000000 0.00000000
vt 0.00000000 0.00000000
vt 0.00000000 0.00000000
vt 0.00000000 0.00000000
vt 0.00000000 0.00000000
vt 0.00000000 0.00000000
vt 0.00000000 0.00000000
vt 0.00000000 0.00000000
vt 0.00000000 0.00000000
vt 0.00000000 0.00000000
vt 0.00000000 0.00000000
vt 0.00000000 0.00000000
vt 0.00000000 0.00000000
vt 0.00000000 0.00000000
vt 0.00000000 0.00000000
vt 0.00000000 0.00000000
vt 0.00000000 0.00000000
vt 0.00000000 0.00000000
vt 0.00000000 0.00000000
vt 0.00000000 0.00000000
vt 0.00000000 0.00000000
vt 0.00000000 0.00000000
vt 0.00000000 0.00000000
vt 0.00000000 0.00000000
vt 0.00000000 0.00000000
vt 0.00000000 0.00000000
vt 0.00000000 0.00000000
vt 0.00000000 0.00000000
vt 0.00000000 0.00000000
vt 0.00000000 0.00000000
vt 0.00000000 0.00000000
vt 0.00000000 0.00000000
vt 0.00000000 0.00000000
vt 0.00000000 0.00000000
vt 0.00000000 0.00000000
vt 0.00000000 0.00000000
vt 0.00000000 0.00000000
vt 0.00000000 0.00000000
vt 0.00000000 0.00000000
vt 0.00000000 0.00000000
vt 0.00000000 0.00000000
vt 0.00000000 0.00000000
vt 0.00000000 0.00000000
vt 0.00000000 0.00000000
vt 0.00000000 0.00000000
vt 0.00000000 0.00000000
vt 0.00000000 0.00000000
vt 0.00000000 0.00000000
vt 0.00000000 0.00000000
vt 0.00000000 0.00000000
vt 0.00000000 0.00000000
vt 0.00000000 0.00000000
vt 0.00000000 0.00000000
vt 0.00000000 0.00000000
vt 0.00000000 0.00000000
vt 0.00000000 0.00000000
vt 0.00000000 0.00000000
vt 0.00000000 0.00000000
vt 0.00000000 0.00000000
vt 0.00000000 0.00000000
vt 0.00000000 0.00000000
vt 0.00000000 0.00000000
vt 0.00000000 0.00000000
vt 0.00000000 0.00000000
vt 0.00000000 0.00000000
vt 0.00000000 0.00000000
vt 0.00000000 0.00000000
vt 0.00000000 0.00000000
vt 0.00000000 0.00000000
vt 0.00000000 0.00000000
vt 0.00000000 0.00000000
vt 0.00000000 0.00000000
vt 0.00000000 0.00000000
vt 0.00000000 0.00000000
vt 0.00000000 0.00000000
vt 0.00000000 0.00000000
vt 0.00000000 0.00000000
vt 0.00000000 0.00000000
vt 0.00000000 0.00000000
vt 0.00000000 0.00000000
vt 0.00000000 0.00000000
vt 0.00000000 0.00000000
vt 0.00000000 0.00000000
vt 0.00000000 0.00000000
vt 0.00000000 0.00000000
vt 0.00000000 0.00000000
vt 0.00000000 0.00000000
vt 0.00000000 0.00000000
vt 0.00000000 0.00000000
vt 0.00000000 0.00000000
vt 0.00000000 0.00000000
vt 0.00000000 0.00000000
vt 0.00000000 0.00000000
vt 0.00000000 0.00000000
vt 0.00000000 0.00000000
vt 0.00000000 0.00000000
vt 0.00000000 0.00000000
vt 0.00000000 0.00000000
vt 0.00000000 0.00000000
vt 0.00000000 0.00000000
vt 0.00000000 0.00000000
vt 0.00000000 0.00000000
vt 0.00000000 0.00000000
vt 0.00000000 0.00000000
vt 0.00000000 0.00000000
vt 0.00000000 0.00000000
vt 0.00000000 0.00000000
vt 0.00000000 0.00000000
vt 0.00000000 0.00000000
vt 0.00000000 0.00000000
vt 0.00000000 0.00000000
vt 0.00000000 0.00000000
vt 0.00000000 0.00000000
vt 0.00000000 0.00000000
vt 0.00000000 0.00000000
vt 0.00000000 0.00000000
vt 0.00000000 0.00000000
vt 0.00000000 0.00000000
vt 0.00000000 0.00000000
vt 0.00000000 0.00000000
vt 0.00000000 0.00000000
vt 0.00000000 0.00000000
vt 0.00000000 0.00000000
vt 0.00000000 0.00000000
vt 0.00000000 0.00000000
vt 0.00000000 0.00000000
vt 0.00000000 0.00000000
vt 0.00000000 0.00000000
vt 0.00000000 0.00000000
vt 0.00000000 0.00000000
vt 0.00000000 0.00000000
vt 0.00000000 0.00000000
vt 0.00000000 0.00000000
vt 0.00000000 0.00000000
vt 0.00000000 0.00000000
vt 0.00000000 0.00000000
vt 0.00000000 0.00000000
vt 0.00000000 0.00000000
vt 0.00000000 0.00000000
vt 0.00000000 0.00000000
vt 0.00000000 0.00000000
vt 0.00000000 0.00000000
vt 0.00000000 0.00000000
vt 0.00000000 0.00000000
vt 0.00000000 0.00000000
vt 0.00000000 0.00000000
vt 0.00000000 0.00000000
vt 0.00000000 0.00000000
vt 0.00000000 0.00000000
vt 0.00000000 0.00000000
vt 0.00000000 0.00000000
vt 0.00000000 0.00000000
vt 0.00000000 0.00000000
vt 0.00000000 0.00000000
vt 0.00000000 0.00000000
vt 0.00000000 0.00000000
vt 0.00000000 0.00000000
vt 0.00000000 0.00000000
vt 0.00000000 0.00000000
vt 0.00000000 0.00000000
vt 0.00000000 0.00000000
vt 0.00000000 0.00000000
vt 0.00000000 0.00000000
vt 0.00000000 0.00000000
vt 0.00000000 0.00000000
vt 0.00000000 0.00000000
vt 0.00000000 0.00000000
vt 0.00000000 0.00000000
vt 0.00000000 0.00000000
vt 0.00000000 0.00000000
vt 0.00000000 0.00000000
vt 0.00000000 0.00000000
vt 0.00000000 0.00000000
vt 0.00000000 0.00000000
vt 0.00000000 0.00000000
vt 0.00000000 0.00000000
vt 0.00000000 0.00000000
vt 0.00000000 0.00000000
vt 0.00000000 0.00000000
vt 0.00000000 0.00000000
vt 0.00000000 0.00000000
vt 0.00000000 0.00000000
vt 0.00000000 0.00000000
vt 0.00000000 0.00000000
vt 0.00000000 0.00000000
vt 0.00000000 0.00000000
vt 0.00000000 0.00000000
vt 0.00000000 0.00000000
vt 0.00000000 0.00000000
vt 0.00000000 0.00000000
vt 0.00000000 0.00000000
vt 0.00000000 0.00000000
vt 0.00000000 0.00000000
vt 0.00000000 0.00000000
vt 0.00000000 0.00000000
vt 0.00000000 0.00000000
vt 0.00000000 0.00000000
vt 0.00000000 0.00000000
vt 0.00000000 0.00000000
vt 0.00000000 0.00000000
vt 0.00000000 0.00000000
vt 0.00000000 0.00000000
vt 0.00000000 0.00000000
vt 0.00000000 0.00000000
vt 0.00000000 0.00000000
vt 0.00000000 0.00000000
vt 0.00000000 0.00000000
vt 0.00000000 0.00000000
vt 0.00000000 0.00000000
vt 0.00000000 0.00000000
vt 0.00000000 0.00000000
vt 0.00000000 0.00000000
vt 0.00000000 0.00000000
vt 0.00000000 0.00000000
vt 0.00000000 0.00000000
vt 0.00000000 0.00000000
vt 0.00000000 0.00000000
vt 0.00000000 0.00000000
vt 0.00000000 0.00000000
vt 0.00000000 0.00000000
vt 0.00000000 0.00000000
vt 0.00000000 0.00000000
vt 0.00000000 0.00000000
vt 0.00000000 0.00000000
vt 0.00000000 0.00000000
vt 0.00000000 0.00000000
vt 0.00000000 0.00000000
vt 0.00000000 0.00000000
vt 0.00000000 0.00000000
vt 0.00000000 0.00000000
vt 0.00000000 0.00000000
vt 0.00000000 0.00000000
vt 0.00000000 0.00000000
vt 0.00000000 0.00000000
vt 0.00000000 0.00000000
vt 0.00000000 0.00000000
vt 0.00000000 0.00000000
vt 0.00000000 0.00000000
vt 0.00000000 0.00000000
vt 0.00000000 0.00000000
vt 0.00000000 0.00000000
vt 0.00000000 0.00000000
vt 0.00000000 0.00000000
vt 0.00000000 0.00000000
vt 0.00000000 0.00000000
vt 0.00000000 0.00000000
vt 0.00000000 0.00000000
vt 0.00000000 0.00000000
vt 0.00000000 0.00000000
vt 0.00000000 0.00000000
vt 0.00000000 0.00000000
vt 0.00000000 0.00000000
vt 0.00000000 0.00000000
vt 0.00000000 0.00000000
vt 0.00000000 0.00000000
vt 0.00000000 0.00000000
vt 0.00000000 0.00000000
vt 0.00000000 0.00000000
vt 0.00000000 0.00000000
vt 0.00000000 0.00000000
vt 0.00000000 0.00000000
vt 0.00000000 0.00000000
vt 0.00000000 0.00000000
vt 0.00000000 0.00000000
vt 0.00000000 0.00000000
vt 0.00000000 0.00000000
vt 0.00000000 0.00000000
vt 0.00000000 0.00000000
vt 0.00000000 0.00000000
vt 0.00000000 0.00000000
vt 0.00000000 0.00000000
vt 0.00000000 0.00000000
vt 0.00000000 0.00000000
vt 0.00000000 0.00000000
vt 0.00000000 0.00000000
vt 0.00000000 0.00000000
vt 0.00000000 0.00000000
vt 0.00000000 0.00000000
vt 0.00000000 0.00000000
vt 0.00000000 0.00000000
vt 0.00000000 0.00000000
vt 0.00000000 0.00000000
vt 0.00000000 0.00000000
vt 0.00000000 0.00000000
vt 0.00000000 0.00000000
vt 0.00000000 0.00000000
vt 0.00000000 0.00000000
vt 0.00000000 0.00000000
vt 0.00000000 0.00000000
vt 0.00000000 0.00000000
vt 0.00000000 0.00000000
vt 0.00000000 0.00000000
vt 0.00000000 0.00000000
vt 0.00000000 0.00000000
vt 0.00000000 0.00000000
vt 0.00000000 0.00000000
vt 0.00000000 0.00000000
vt 0.00000000 0.00000000
vt 0.00000000 0.00000000
vt 0.00000000 0.00000000
vt 0.00000000 0.00000000
vt 0.00000000 0.00000000
vt 0.00000000 0.00000000
vt 0.00000000 0.00000000
vt 0.00000000 0.00000000
vt 0.00000000 0.00000000
vt 0.00000000 0.00000000
vt 0.00000000 0.00000000
vt 0.00000000 0.00000000
vt 0.00000000 0.00000000
vt 0.00000000 0.00000000
vt 0.00000000 0.00000000
vt 0.00000000 0.00000000
vt 0.00000000 0.00000000
vt 0.00000000 0.00000000
vt 0.00000000 0.00000000
vt 0.00000000 0.00000000
vt 0.00000000 0.00000000
vt 0.00000000 0.00000000
vt 0.00000000 0.00000000
vt 0.00000000 0.00000000
vt 0.00000000 0.00000000
vt 0.00000000 0.00000000
vt 0.00000000 0.00000000
vt 0.00000000 0.00000000
vt 0.00000000 0.00000000
vt 0.00000000 0.00000000
vt 0.00000000 0.00000000
vt 0.00000000 0.00000000
vt 0.00000000 0.00000000
vt 0.00000000 0.00000000
vt 0.00000000 0.00000000
vt 0.00000000 0.00000000
vt 0.00000000 0.00000000
vt 0.00000000 0.00000000
vt 0.00000000 0.00000000
vt 0.00000000 0.00000000
vt 0.00000000 0.00000000
vt 0.00000000 0.00000000
vt 0.00000000 0.00000000
vt 0.00000000 0.00000000
vt 0.00000000 0.00000000
vt 0.00000000 0.00000000
vt 0.00000000 0.00000000
vt 0.00000000 0.00000000
vt 0.00000000 0.00000000
vt 0.00000000 0.00000000
vt 0.00000000 0.00000000
vt 0.00000000 0.00000000
vt 0.00000000 0.00000000
vt 0.00000000 0.00000000
vt 0.00000000 0.00000000
vt 0.00000000 0.00000000
vt 0.00000000 0.00000000
vt 0.00000000 0.00000000
vt 0.00000000 0.00000000
vt 0.00000000 0.00000000
vt 0.00000000 0.00000000
vt 0.00000000 0.00000000
vt 0.00000000 0.00000000
vt 0.00000000 0.00000000
vt 0.00000000 0.00000000
vt 0.00000000 0.00000000
vt 0.00000000 0.00000000
vt 0.00000000 0.00000000
vt 0.00000000 0.00000000
vt 0.00000000 0.00000000
vt 0.00000000 0.00000000
vt 0.00000000 0.00000000
vt 0.00000000 0.00000000
vt 0.00000000 0.00000000
vt 0.00000000 0.00000000
vt 0.00000000 0.00000000
vt 0.00000000 0.00000000
vt 0.00000000 0.00000000
vt 0.00000000 0.00000000
vt 0.00000000 0.00000000
vt 0.00000000 0.00000000
vt 0.00000000 0.00000000
vt 0.00000000 0.00000000
vt 0.00000000 0.00000000
vt 0.00000000 0.00000000
vt 0.00000000 0.00000000
vt 0.00000000 0.00000000
vt 0.00000000 0.00000000
vt 0.00000000 0.00000000
vt 0.00000000 0.00000000
vt 0.00000000 0.00000000
vt 0.00000000 0.00000000
vt 0.00000000 0.00000000
vt 0.00000000 0.00000000
vt 0.00000000 0.00000000
vt 0.00000000 0.00000000
vt 0.00000000 0.00000000
vt 0.00000000 0.00000000
vt 0.00000000 0.00000000
vt 0.00000000 0.00000000
vt 0.00000000 0.00000000
vt 0.00000000 0.00000000
vt 0.00000000 0.00000000
vt 0.00000000 0.00000000
vt 0.00000000 0.00000000
vt 0.00000000 0.00000000
vt 0.00000000 0.00000000
vt 0.00000000 0.00000000
vt 0.00000000 0.00000000
vt 0.00000000 0.00000000
vt 0.00000000 0.00000000
vt 0.00000000 0.00000000
vt 0.00000000 0.00000000
vt 0.00000000 0.00000000
vt 0.00000000 0.00000000
vt 0.00000000 0.00000000
vt 0.00000000 0.00000000
vt 0.00000000 0.00000000
vt 0.00000000 0.00000000
vt 0.00000000 0.00000000
vt 0.00000000 0.00000000
vt 0.00000000 0.00000000
vt 0.00000000 0.00000000
vt 0.00000000 0.00000000
vt 0.00000000 0.00000000
vt 0.00000000 0.00000000
vt 0.00000000 0.00000000
vt 0.00000000 0.00000000
vt 0.00000000 0.00000000
vt 0.00000000 0.00000000
vt 0.00000000 0.00000000
vt 0.00000000 0.00000000
vt 0.00000000 0.00000000
vt 0.00000000 0.00000000
vt 0.00000000 0.00000000
vt 0.00000000 0.00000000
vt 0.00000000 0.00000000
vt 0.00000000 0.00000000
vt 0.00000000 0.00000000
vt 0.00000000 0.00000000
vt 0.00000000 0.00000000
vt 0.00000000 0.00000000
vt 0.00000000 0.00000000
vt 0.00000000 0.00000000
vt 0.00000000 0.00000000
vt 0.00000000 0.00000000
vt 0.00000000 0.00000000
vt 0.00000000 0.00000000
vt 0.00000000 0.00000000
vt 0.00000000 0.00000000
vt 0.00000000 0.00000000
vt 0.00000000 0.00000000
vt 0.00000000 0.00000000
vt 0.00000000 0.00000000
vt 0.00000000 0.00000000
vt 0.00000000 0.00000000
vt 0.00000000 0.00000000
vt 0.00000000 0.00000000
vt 0.00000000 0.00000000
vt 0.00000000 0.00000000
vt 0.00000000 0.00000000
vt 0.00000000 0.00000000
vt 0.00000000 0.00000000
vt 0.00000000 0.00000000
vt 0.00000000 0.00000000
vt 0.00000000 0.00000000
vt 0.00000000 0.00000000
vt 0.00000000 0.00000000
vt 0.00000000 0.00000000
vt 0.00000000 0.00000000
vt 0.00000000 0.00000000
vt 0.00000000 0.00000000
vt 0.00000000 0.00000000
vt 0.00000000 0.00000000
vt 0.00000000 0.00000000
vt 0.00000000 0.00000000
vt 0.00000000 0.00000000
vt 0.00000000 0.00000000
vt 0.00000000 0.00000000
vt 0.00000000 0.00000000
vt 0.00000000 0.00000000
vt 0.00000000 0.00000000
vt 0.00000000 0.00000000
vt 0.00000000 0.00000000
vt 0.00000000 0.00000000
vt 0.00000000 0.00000000
vt 0.00000000 0.00000000
vt 0.00000000 0.00000000
vt 0.00000000 0.00000000
vt 0.00000000 0.00000000
vt 0.00000000 0.00000000
vt 0.00000000 0.00000000
vt 0.00000000 0.00000000
vt 0.00000000 0.00000000
vt 0.00000000 0.00000000
vt 0.00000000 0.00000000
vt 0.00000000 0.00000000
vt 0.00000000 0.00000000
vt 0.00000000 0.00000000
vt 0.00000000 0.00000000
vt 0.00000000 0.00000000
vt 0.00000000 0.00000000
vt 0.00000000 0.00000000
vt 0.00000000 0.00000000
vt 0.00000000 0.00000000
vt 0.00000000 0.00000000
vt 0.00000000 0.00000000
vt 0.00000000 0.00000000
vt 0.00000000 0.00000000
vt 0.00000000 0.00000000
vt 0.00000000 0.00000000
vt 0.00000000 0.00000000
vt 0.00000000 0.00000000
vt 0.00000000 0.00000000
vt 0.00000000 0.00000000
vt 0.00000000 0.00000000
vt 0.00000000 0.00000000
vt 0.00000000 0.00000000
vt 0.00000000 0.00000000
vt 0.00000000 0.00000000
vt 0.00000000 0.00000000
vt 0.00000000 0.00000000
vt 0.00000000 0.00000000
vt 0.00000000 0.00000000
vt 0.00000000 0.00000000
vt 0.00000000 0.00000000
vt 0.00000000 0.00000000
vt 0.00000000 0.00000000
vt 0.00000000 0.00000000
vt 0.00000000 0.00000000
vt 0.00000000 0.00000000
vt 0.00000000 0.00000000
vt 0.00000000 0.00000000
vt 0.00000000 0.00000000
vt 0.00000000 0.00000000
vt 0.00000000 0.00000000
vt 0.00000000 0.00000000
vt 0.00000000 0.00000000
vt 0.00000000 0.00000000
vt 0.00000000 0.00000000
vt 0.00000000 0.00000000
vt 0.00000000 0.00000000
vt 0.00000000 0.00000000
vt 0.00000000 0.00000000
vt 0.00000000 0.00000000
vt 0.00000000 0.00000000
vt 0.00000000 0.00000000
vt 0.00000000 0.00000000
vt 0.00000000 0.00000000
vt 0.00000000 0.00000000
vt 0.00000000 0.00000000
vt 0.00000000 0.00000000
vt 0.00000000 0.00000000
vt 0.00000000 0.00000000
vt 0.00000000 0.00000000
vt 0.00000000 0.00000000
vt 0.00000000 0.00000000
vt 0.00000000 0.00000000
vt 0.00000000 0.00000000
vt 0.00000000 0.00000000
vt 0.00000000 0.00000000
vt 0.00000000 0.00000000
vt 0.00000000 0.00000000
vt 0.00000000 0.00000000
vt 0.00000000 0.00000000
vt 0.00000000 0.00000000
vt 0.00000000 0.00000000
vt 0.00000000 0.00000000
vt 0.00000000 0.00000000
vt 0.00000000 0.00000000
vt 0.00000000 0.00000000
vt 0.00000000 0.00000000
vt 0.00000000 0.00000000
vt 0.00000000 0.00000000
vt 0.00000000 0.00000000
vt 0.00000000 0.00000000
vt 0.00000000 0.00000000
vt 0.00000000 0.00000000
vt 0.00000000 0.00000000
vt 0.00000000 0.00000000
vt 0.00000000 0.00000000
vt 0.00000000 0.00000000
vt 0.00000000 0.00000000
vt 0.00000000 0.00000000
vt 0.00000000 0.00000000
vt 0.00000000 0.00000000
vt 0.00000000 0.00000000
vt 0.00000000 0.00000000
vt 0.00000000 0.00000000
vt 0.00000000 0.00000000
vt 0.00000000 0.00000000
vt 0.00000000 0.00000000
vt 0.00000000 0.00000000
vt 0.00000000 0.00000000
vt 0.00000000 0.00000000
vt 0.00000000 0.00000000
vt 0.00000000 0.00000000
vt 0.00000000 0.00000000
vt 0.00000000 0.00000000
vt 0.00000000 0.00000000
vt 0.00000000 0.00000000
vt 0.00000000 0.00000000
vt 0.00000000 0.00000000
vt 0.00000000 0.00000000
vt 0.00000000 0.00000000
vt 0.00000000 0.00000000
vt 0.00000000 0.00000000
vt 0.00000000 0.00000000
vt 0.00000000 0.00000000
vt 0.00000000 0.00000000
vt 0.00000000 0.00000000
vt 0.00000000 0.00000000
vt 0.00000000 0.00000000
vt 0.00000000 0.00000000
vt 0.00000000 0.00000000
vt 0.00000000 0.00000000
vt 0.00000000 0.00000000
vt 0.00000000 0.00000000
vt 0.00000000 0.00000000
vt 0.00000000 0.00000000
vt 0.00000000 0.00000000
vt 0.00000000 0.00000000
vt 0.00000000 0.00000000
vt 0.00000000 0.00000000
vt 0.00000000 0.00000000
vt 0.00000000 0.00000000
vt 0.00000000 0.00000000
vt 0.00000000 0.00000000
vt 0.00000000 0.00000000
vt 0.00000000 0.00000000
vt 0.00000000 0.00000000
vt 0.00000000 0.00000000
vt 0.00000000 0.00000000
vt 0.00000000 0.00000000
vt 0.00000000 0.00000000
vt 0.00000000 0.00000000
vt 0.00000000 0.00000000
vt 0.00000000 0.00000000
vt 0.00000000 0.00000000
vt 0.00000000 0.00000000
vt 0.00000000 0.00000000
vt 0.00000000 0.00000000
vt 0.00000000 0.00000000
vt 0.00000000 0.00000000
vt 0.00000000 0.00000000
vt 0.00000000 0.00000000
vt 0.00000000 0.00000000
vt 0.00000000 0.00000000
vt 0.00000000 0.00000000
vt 0.00000000 0.00000000
vt 0.00000000 0.00000000
vt 0.00000000 0.00000000
vt 0.00000000 0.00000000
vt 0.00000000 0.00000000
vt 0.00000000 0.00000000
vt 0.00000000 0.00000000
vt 0.00000000 0.00000000
vt 0.00000000 0.00000000
vt 0.00000000 0.00000000
vt 0.00000000 0.00000000
vt 0.00000000 0.00000000
vt 0.00000000 0.00000000
vt 0.00000000 0.00000000
vt 0.00000000 0.00000000
vt 0.00000000 0.00000000
vt 0.00000000 0.00000000
vt 0.00000000 0.00000000
vt 0.00000000 0.00000000
vt 0.00000000 0.00000000
vt 0.00000000 0.00000000
vt 0.00000000 0.00000000
vt 0.00000000 0.00000000
vt 0.00000000 0.00000000
vt 0.00000000 0.00000000
vt 0.00000000 0.00000000
vt 0.00000000 0.00000000
vt 0.00000000 0.00000000
vt 0.00000000 0.00000000
vt 0.00000000 0.00000000
vt 0.00000000 0.00000000
vt 0.00000000 0.00000000
vt 0.00000000 0.00000000
vt 0.00000000 0.00000000
vt 0.00000000 0.00000000
vt 0.00000000 0.00000000
vt 0.00000000 0.00000000
vt 0.00000000 0.00000000
vt 0.00000000 0.00000000
vt 0.00000000 0.00000000
vt 0.00000000 0.00000000
vt 0.00000000 0.00000000
vt 0.00000000 0.00000000
vt 0.00000000 0.00000000
vt 0.00000000 0.00000000
vt 0.00000000 0.00000000
vt 0.00000000 0.00000000
vt 0.00000000 0.00000000
vt 0.00000000 0.00000000
vt 0.00000000 0.00000000
vt 0.00000000 0.00000000
vt 0.00000000 0.00000000
vt 0.00000000 0.00000000
vt 0.00000000 0.00000000
vt 0.00000000 0.00000000
vt 0.00000000 0.00000000
vt 0.00000000 0.00000000
vt 0.00000000 0.00000000
vt 0.00000000 0.00000000
vt 0.00000000 0.00000000
vt 0.00000000 0.00000000
vt 0.00000000 0.00000000
vt 0.00000000 0.00000000
vt 0.00000000 0.00000000
vt 0.00000000 0.00000000
vt 0.00000000 0.00000000
vt 0.00000000 0.00000000
vt 0.00000000 0.00000000
vt 0.00000000 0.00000000
vt 0.00000000 0.00000000
vt 0.00000000 0.00000000
vt 0.00000000 0.00000000
vt 0.00000000 0.00000000
vt 0.00000000 0.00000000
vt 0.00000000 0.00000000
vt 0.00000000 0.00000000
vt 0.00000000 0.00000000
vt 0.00000000 0.00000000
vt 0.00000000 0.00000000
vt 0.00000000 0.00000000
vt 0.00000000 0.00000000
vt 0.00000000 0.00000000
vt 0.00000000 0.00000000
vt 0.00000000 0.00000000
vt 0.00000000 0.00000000
vt 0.00000000 0.00000000
vt 0.00000000 0.00000000
vt 0.00000000 0.00000000
vt 0.00000000 0.00000000
vt 0.00000000 0.00000000
vt 0.00000000 0.00000000
vt 0.00000000 0.00000000
vt 0.00000000 0.00000000
vt 0.00000000 0.00000000
vt 0.00000000 0.00000000
vt 0.00000000 0.00000000
vt 0.00000000 0.00000000
vt 0.00000000 0.00000000
vt 0.00000000 0.00000000
vt 0.00000000 0.00000000
vt 0.00000000 0.00000000
vt 0.00000000 0.00000000
vt 0.00000000 0.00000000
vt 0.00000000 0.00000000
vt 0.00000000 0.00000000
vt 0.00000000 0.00000000
vt 0.00000000 0.00000000
vt 0.00000000 0.00000000
vt 0.00000000 0.00000000
vt 0.00000000 0.00000000
vt 0.00000000 0.00000000
vt 0.00000000 0.00000000
vt 0.00000000 0.00000000
vt 0.00000000 0.00000000
vt 0.00000000 0.00000000
vt 0.00000000 0.00000000
vt 0.00000000 0.00000000
vt 0.00000000 0.00000000
vt 0.00000000 0.00000000
vt 0.00000000 0.00000000
vt 0.00000000 0.00000000
vt 0.00000000 0.00000000
vt 0.00000000 0.00000000
vt 0.00000000 0.00000000
vt 0.00000000 0.00000000
vt 0.00000000 0.00000000
vt 0.00000000 0.00000000
vt 0.00000000 0.00000000
vt 0.00000000 0.00000000
vt 0.00000000 0.00000000
vt 0.00000000 0.00000000
vt 0.00000000 0.00000000
vt 0.00000000 0.00000000
vt 0.00000000 0.00000000
vt 0.00000000 0.00000000
vt 0.00000000 0.00000000
vt 0.00000000 0.00000000
vt 0.00000000 0.00000000
vt 0.00000000 0.00000000
vt 0.00000000 0.00000000
vt 0.00000000 0.00000000
vt 0.00000000 0.00000000
vt 0.00000000 0.00000000
vt 0.00000000 0.00000000
vt 0.00000000 0.00000000
vt 0.00000000 0.00000000
vt 0.00000000 0.00000000
vt 0.00000000 0.00000000
vt 0.00000000 0.00000000
vt 0.00000000 0.00000000
vt 0.00000000 0.00000000
vt 0.00000000 0.00000000
vt 0.00000000 0.00000000
vt 0.00000000 0.00000000
vt 0.00000000 0.00000000
vt 0.00000000 0.00000000
vt 0.00000000 0.00000000
vt 0.00000000 0.00000000
vt 0.00000000 0.00000000
vt 0.00000000 0.00000000
vt 0.00000000 0.00000000
vt 0.00000000 0.00000000
vt 0.00000000 0.00000000
vt 0.00000000 0.00000000
vt 0.00000000 0.00000000
vt 0.00000000 0.00000000
vt 0.00000000 0.00000000
vt 0.00000000 0.00000000
vt 0.00000000 0.00000000
vt 0.00000000 0.00000000
vt 0.00000000 0.00000000
vt 0.00000000 0.00000000
vt 0.00000000 0.00000000
vt 0.00000000 0.00000000
vt 0.00000000 0.00000000
vt 0.00000000 0.00000000
vt 0.00000000 0.00000000
vt 0.00000000 0.00000000
vt 0.00000000 0.00000000
vt 0.00000000 0.00000000
vt 0.00000000 0.00000000
vt 0.00000000 0.00000000
vt 0.00000000 0.00000000
vt 0.00000000 0.00000000
vt 0.00000000 0.00000000
vt 0.00000000 0.00000000
vt 0.00000000 0.00000000
vt 0.00000000 0.00000000
vt 0.00000000 0.00000000
vt 0.00000000 0.00000000
vt 0.00000000 0.00000000
vt 0.00000000 0.00000000
vt 0.00000000 0.00000000
vt 0.00000000 0.00000000
vt 0.00000000 0.00000000
vt 0.00000000 0.00000000
vt 0.00000000 0.00000000
vt 0.00000000 0.00000000
vt 0.00000000 0.00000000
vt 0.00000000 0.00000000
vt 0.00000000 0.00000000
vt 0.00000000 0.00000000
vt 0.00000000 0.00000000
vt 0.00000000 0.00000000
vt 0.00000000 0.00000000
vt 0.00000000 0.00000000
vt 0.00000000 0.00000000
vt 0.00000000 0.00000000
vt 0.00000000 0.00000000
vt 0.00000000 0.00000000
vt 0.00000000 0.00000000
vt 0.00000000 0.00000000
vt 0.00000000 0.00000000
vt 0.00000000 0.00000000
vt 0.00000000 0.00000000
vt 0.00000000 0.00000000
vt 0.00000000 0.00000000
vt 0.00000000 0.00000000
vt 0.00000000 0.00000000
vt 0.00000000 0.00000000
vt 0.00000000 0.00000000
vt 0.00000000 0.00000000
vt 0.00000000 0.00000000
vt 0.00000000 0.00000000
vt 0.00000000 0.00000000
vt 0.00000000 0.00000000
vt 0.00000000 0.00000000
vt 0.00000000 0.00000000
vt 0.00000000 0.00000000
vt 0.00000000 0.00000000
vt 0.00000000 0.00000000
vt 0.00000000 0.00000000
vt 0.00000000 0.00000000
vt 0.00000000 0.00000000
vt 0.00000000 0.00000000
vt 0.00000000 0.00000000
vt 0.00000000 0.00000000
vt 0.00000000 0.00000000
vt 0.00000000 0.00000000
vt 0.00000000 0.00000000
vt 0.00000000 0.00000000
vt 0.00000000 0.00000000
vt 0.00000000 0.00000000
vt 0.00000000 0.00000000
vt 0.00000000 0.00000000
vt 0.00000000 0.00000000
vt 0.00000000 0.00000000
vt 0.00000000 0.00000000
vt 0.00000000 0.00000000
vt 0.00000000 0.00000000
vt 0.00000000 0.00000000
vt 0.00000000 0.00000000
vt 0.00000000 0.00000000
vt 0.00000000 0.00000000
vt 0.00000000 0.00000000
vt 0.00000000 0.00000000
vt 0.00000000 0.00000000
vt 0.00000000 0.00000000
vt 0.00000000 0.00000000
vt 0.00000000 0.00000000
vt 0.00000000 0.00000000
vt 0.00000000 0.00000000
vt 0.00000000 0.00000000
vt 0.00000000 0.00000000
vt 0.00000000 0.00000000
vt 0.00000000 0.00000000
vt 0.00000000 0.00000000
vt 0.00000000 0.00000000
vt 0.00000000 0.00000000
vt 0.00000000 0.00000000
vt 0.00000000 0.00000000
vt 0.00000000 0.00000000
vt 0.00000000 0.00000000
vt 0.00000000 0.00000000
vt 0.00000000 0.00000000
vt 0.00000000 0.00000000
vt 0.00000000 0.00000000
vt 0.00000000 0.00000000
vt 0.00000000 0.00000000
vt 0.00000000 0.00000000
vt 0.00000000 0.00000000
vt 0.00000000 0.00000000
vt 0.00000000 0.00000000
vt 0.00000000 0.00000000
vt 0.00000000 0.00000000
vt 0.00000000 0.00000000
vt 0.00000000 0.00000000
vt 0.00000000 0.00000000
vt 0.00000000 0.00000000
vt 0.00000000 0.00000000
vt 0.00000000 0.00000000
vt 0.00000000 0.00000000
vt 0.00000000 0.00000000
vt 0.00000000 0.00000000
vt 0.00000000 0.00000000
vt 0.00000000 0.00000000
vt 0.00000000 0.00000000
vt 0.00000000 0.00000000
vt 0.00000000 0.00000000
vt 0.00000000 0.00000000
vt 0.00000000 0.00000000
vt 0.00000000 0.00000000
vt 0.00000000 0.00000000
vt 0.00000000 0.00000000
vt 0.00000000 0.00000000
vt 0.00000000 0.00000000
vt 0.00000000 0.00000000
vt 0.00000000 0.00000000
vt 0.00000000 0.00000000
vt 0.00000000 0.00000000
vt 0.00000000 0.00000000
vt 0.00000000 0.00000000
vt 0.00000000 0.00000000
vt 0.00000000 0.00000000
vt 0.00000000 0.00000000
vt 0.00000000 0.00000000
vt 0.00000000 0.00000000
vt 0.00000000 0.00000000
vt 0.00000000 0.00000000
vt 0.00000000 0.00000000
vt 0.00000000 0.00000000
vt 0.00000000 0.00000000
vt 0.00000000 0.00000000
vt 0.00000000 0.00000000
vt 0.00000000 0.00000000
vt 0.00000000 0.00000000
vt 0.00000000 0.00000000
vt 0.00000000 0.00000000
vt 0.00000000 0.00000000
vt 0.00000000 0.00000000
vt 0.00000000 0.00000000
vt 0.00000000 0.00000000
vt 0.00000000 0.00000000
vt 0.00000000 0.00000000
vt 0.00000000 0.00000000
vt 0.00000000 0.00000000
vt 0.00000000 0.00000000
vt 0.00000000 0.00000000
vt 0.00000000 0.00000000
vt 0.00000000 0.00000000
vt 0.00000000 0.00000000
vt 0.00000000 0.00000000
vt 0.00000000 0.00000000
vt 0.00000000 0.00000000
vt 0.00000000 0.00000000
vt 0.00000000 0.00000000
vt 0.00000000 0.00000000
vt 0.00000000 0.00000000
vt 0.00000000 0.00000000
vt 0.00000000 0.00000000
vt 0.00000000 0.00000000
vt 0.00000000 0.00000000
vt 0.00000000 0.00000000
vt 0.00000000 0.00000000
vt 0.00000000 0.00000000
vt 0.00000000 0.00000000
vt 0.00000000 0.00000000
vt 0.00000000 0.00000000
vt 0.00000000 0.00000000
vt 0.00000000 0.00000000
vt 0.00000000 0.00000000
vt 0.00000000 0.00000000
vt 0.00000000 0.00000000
vt 0.00000000 0.00000000
vt 0.00000000 0.00000000
vt 0.00000000 0.00000000
vt 0.00000000 0.00000000
vt 0.00000000 0.00000000
vt 0.00000000 0.00000000
vt 0.00000000 0.00000000
vt 0.00000000 0.00000000
vt 0.00000000 0.00000000
vt 0.00000000 0.00000000
vt 0.00000000 0.00000000
vt 0.00000000 0.00000000
vt 0.00000000 0.00000000
vt 0.00000000 0.00000000
vt 0.00000000 0.00000000
vt 0.00000000 0.00000000
vt 0.00000000 0.00000000
vt 0.00000000 0.00000000
vt 0.00000000 0.00000000
vt 0.00000000 0.00000000
vt 0.00000000 0.00000000
vt 0.00000000 0.00000000
vt 0.00000000 0.00000000
vt 0.00000000 0.00000000
vt 0.00000000 0.00000000
vt 0.00000000 0.00000000
vt 0.00000000 0.00000000
vt 0.00000000 0.00000000
vt 0.00000000 0.00000000
vt 0.00000000 0.00000000
vt 0.00000000 0.00000000
vt 0.00000000 0.00000000
vt 0.00000000 0.00000000
vt 0.00000000 0.00000000
vt 0.00000000 0.00000000
vt 0.00000000 0.00000000
vt 0.00000000 0.00000000
vt 0.00000000 0.00000000
vt 0.00000000 0.00000000
vt 0.00000000 0.00000000
vt 0.00000000 0.00000000
vt 0.00000000 0.00000000
vt 0.00000000 0.00000000
vt 0.00000000 0.00000000
vt 0.00000000 0.00000000
vt 0.00000000 0.00000000
vt 0.00000000 0.00000000
vt 0.00000000 0.00000000
vt 0.00000000 0.00000000
vt 0.00000000 0.00000000
vt 0.00000000 0.00000000
vt 0.00000000 0.00000000
vt 0.00000000 0.00000000
vt 0.00000000 0.00000000
vt 0.00000000 0.00000000
vt 0.00000000 0.00000000
vt 0.00000000 0.00000000
vt 0.00000000 0.00000000
vt 0.00000000 0.00000000
vt 0.00000000 0.00000000
vt 0.00000000 0.00000000
vt 0.00000000 0.00000000
vt 0.00000000 0.00000000
vt 0.00000000 0.00000000
vt 0.00000000 0.00000000
vt 0.00000000 0.00000000
vt 0.00000000 0.00000000
vt 0.00000000 0.00000000
vt 0.00000000 0.00000000
vt 0.00000000 0.00000000
vt 0.00000000 0.00000000
vt 0.00000000 0.00000000
vt 0.00000000 0.00000000
vt 0.00000000 0.00000000
vt 0.00000000 0.00000000
vt 0.00000000 0.00000000
vt 0.00000000 0.00000000
vt 0.00000000 0.00000000
vt 0.00000000 0.00000000
vt 0.00000000 0.00000000
vt 0.00000000 0.00000000
vt 0.00000000 0.00000000
vt 0.00000000 0.00000000
vt 0.00000000 0.00000000
vt 0.00000000 0.00000000
vt 0.00000000 0.00000000
vt 0.00000000 0.00000000
vt 0.00000000 0.00000000
vt 0.00000000 0.00000000
vt 0.00000000 0.00000000
vt 0.00000000 0.00000000
vt 0.00000000 0.00000000
vt 0.00000000 0.00000000
vt 0.00000000 0.00000000
vt 0.00000000 0.00000000
vt 0.00000000 0.00000000
vt 0.00000000 0.00000000
vt 0.00000000 0.00000000
vt 0.00000000 0.00000000
vt 0.00000000 0.00000000
vt 0.00000000 0.00000000
vt 0.00000000 0.00000000
vt 0.00000000 0.00000000
vt 0.00000000 0.00000000
vt 0.00000000 0.00000000
vt 0.00000000 0.00000000
vt 0.00000000 0.00000000
vt 0.00000000 0.00000000
vt 0.00000000 0.00000000
vt 0.00000000 0.00000000
vt 0.00000000 0.00000000
vt 0.00000000 0.00000000
vt 0.00000000 0.00000000
vt 0.00000000 0.00000000
vt 0.00000000 0.00000000
vt 0.00000000 0.00000000
vt 0.00000000 0.00000000
vt 0.00000000 0.00000000
vt 0.00000000 0.00000000
vt 0.00000000 0.00000000
vt 0.00000000 0.00000000
vt 0.00000000 0.00000000
vt 0.00000000 0.00000000
vt 0.00000000 0.00000000
vt 0.00000000 0.00000000
vt 0.00000000 0.00000000
vt 0.00000000 0.00000000
vt 0.00000000 0.00000000
vt 0.00000000 0.00000000
vt 0.00000000 0.00000000
vt 0.00000000 0.00000000
vt 0.00000000 0.00000000
vt 0.00000000 0.00000000
vt 0.00000000 0.00000000
vt 0.00000000 0.00000000
vt 0.00000000 0.00000000
vt 0.00000000 0.00000000
vt 0.00000000 0.00000000
vt 0.00000000 0.00000000
vt 0.00000000 0.00000000
vt 0.00000000 0.00000000
vt 0.00000000 0.00000000
vt 0.00000000 0.00000000
vt 0.00000000 0.00000000
vt 0.00000000 0.00000000
vt 0.00000000 0.00000000
vt 0.00000000 0.00000000
vt 0.00000000 0.00000000
vt 0.00000000 0.00000000
vt 0.00000000 0.00000000
vt 0.00000000 0.00000000
vt 0.00000000 0.00000000
vt 0.00000000 0.00000000
vt 0.00000000 0.00000000
vt 0.00000000 0.00000000
vt 0.00000000 0.00000000
vt 0.00000000 0.00000000
vt 0.00000000 0.00000000
vt 0.00000000 0.00000000
vt 0.00000000 0.00000000
vt 0.00000000 0.00000000
vt 0.00000000 0.00000000
vt 0.00000000 0.00000000
vt 0.00000000 0.00000000
vt 0.00000000 0.00000000
vt 0.00000000 0.00000000
vt 0.00000000 0.00000000
vt 0.00000000 0.00000000
vt 0.00000000 0.00000000
vt 0.00000000 0.00000000
vt 0.00000000 0.00000000
vt 0.00000000 0.00000000
vt 0.00000000 0.00000000
vt 0.00000000 0.00000000
vt 0.00000000 0.00000000
vt 0.00000000 0.00000000
vt 0.00000000 0.00000000
vt 0.00000000 0.00000000
vt 0.00000000 0.00000000
vt 0.00000000 0.00000000
vt 0.00000000 0.00000000
vt 0.00000000 0.00000000
vt 0.00000000 0.00000000
vt 0.00000000 0.00000000
vt 0.00000000 0.00000000
vt 0.00000000 0.00000000
vt 0.00000000 0.00000000
vt 0.00000000 0.00000000
vt 0.00000000 0.00000000
vt 0.00000000 0.00000000
vt 0.00000000 0.00000000
vt 0.00000000 0.00000000
vt 0.00000000 0.00000000
vt 0.00000000 0.00000000
vt 0.00000000 0.00000000
vt 0.00000000 0.00000000
vt 0.00000000 0.00000000
vt 0.00000000 0.00000000
vt 0.00000000 0.00000000
vt 0.00000000 0.00000000
vt 0.00000000 0.00000000
vt 0.00000000 0.00000000
vt 0.00000000 0.00000000
vt 0.00000000 0.00000000
vt 0.00000000 0.00000000
vt 0.00000000 0.00000000
vt 0.00000000 0.00000000
vt 0.00000000 0.00000000
vt 0.00000000 0.00000000
vt 0.00000000 0.00000000
vt 0.00000000 0.00000000
vt 0.00000000 0.00000000
vt 0.00000000 0.00000000
vt 0.00000000 0.00000000
vt 0.00000000 0.00000000
vt 0.00000000 0.00000000
vt 0.00000000 0.00000000
vt 0.00000000 0.00000000
vt 0.00000000 0.00000000
vt 0.00000000 0.00000000
vt 0.00000000 0.00000000
vt 0.00000000 0.00000000
vt 0.00000000 0.00000000
vt 0.00000000 0.00000000
vt 0.00000000 0.00000000
vt 0.00000000 0.00000000
vt 0.00000000 0.00000000
vt 0.00000000 0.00000000
vt 0.00000000 0.00000000
vt 0.00000000 0.00000000
vt 0.00000000 0.00000000
vt 0.00000000 0.00000000
vt 0.00000000 0.00000000
vt 0.00000000 0.00000000
vt 0.00000000 0.00000000
vt 0.00000000 0.00000000
vt 0.00000000 0.00000000
vt 0.00000000 0.00000000
vt 0.00000000 0.00000000
vt 0.00000000 0.00000000
vt 0.00000000 0.00000000
vt 0.00000000 0.00000000
vt 0.00000000 0.00000000
vt 0.00000000 0.00000000
vt 0.00000000 0.00000000
vt 0.00000000 0.00000000
vt 0.00000000 0.00000000
vt 0.00000000 0.00000000
vt 0.00000000 0.00000000
vt 0.00000000 0.00000000
vt 0.00000000 0.00000000
vt 0.00000000 0.00000000
vt 0.00000000 0.00000000
vt 0.00000000 0.00000000
vt 0.00000000 0.00000000
vt 0.00000000 0.00000000
vt 0.00000000 0.00000000
vt 0.00000000 0.00000000
vt 0.00000000 0.00000000
vt 0.00000000 0.00000000
vt 0.00000000 0.00000000
vt 0.00000000 0.00000000
vt 0.00000000 0.00000000
vt 0.00000000 0.00000000
vt 0.00000000 0.00000000
vt 0.00000000 0.00000000
vt 0.00000000 0.00000000
vt 0.00000000 0.00000000
vt 0.00000000 0.00000000
vt 0.00000000 0.00000000
vt 0.00000000 0.00000000
vt 0.00000000 0.00000000
vt 0.00000000 0.00000000
vt 0.00000000 0.00000000
vt 0.00000000 0.00000000
vt 0.00000000 0.00000000
vt 0.00000000 0.00000000
vt 0.00000000 0.00000000
vt 0.00000000 0.00000000
vt 0.00000000 0.00000000
vt 0.00000000 0.00000000
vt 0.00000000 0.00000000
vt 0.00000000 0.00000000
vt 0.00000000 0.00000000
vt 0.00000000 0.00000000
vt 0.00000000 0.00000000
vt 0.00000000 0.00000000
vt 0.00000000 0.00000000
vt 0.00000000 0.00000000
vt 0.00000000 0.00000000
vt 0.00000000 0.00000000
vt 0.00000000 0.00000000
vt 0.00000000 0.00000000
vt 0.00000000 0.00000000
vt 0.00000000 0.00000000
vt 0.00000000 0.00000000
vt 0.00000000 0.00000000
vt 0.00000000 0.00000000
vt 0.00000000 0.00000000
vt 0.00000000 0.00000000
vt 0.00000000 0.00000000
vt 0.00000000 0.00000000
vt 0.00000000 0.00000000
vt 0.00000000 0.00000000
vt 0.00000000 0.00000000
vt 0.00000000 0.00000000
vt 0.00000000 0.00000000
vt 0.00000000 0.00000000
vt 0.00000000 0.00000000
vt 0.00000000 0.00000000
vt 0.00000000 0.00000000
vt 0.00000000 0.00000000
vt 0.00000000 0.00000000
vt 0.00000000 0.00000000
vt 0.00000000 0.00000000
vt 0.00000000 0.00000000
vt 0.00000000 0.00000000
vt 0.00000000 0.00000000
vt 0.00000000 0.00000000
vt 0.00000000 0.00000000
vt 0.00000000 0.00000000
vt 0.00000000 0.00000000
vt 0.00000000 0.00000000
vt 0.00000000 0.00000000
vt 0.00000000 0.00000000
vt 0.00000000 0.00000000
vt 0.00000000 0.00000000
vt 0.00000000 0.00000000
vt 0.00000000 0.00000000
vt 0.00000000 0.00000000
vt 0.00000000 0.00000000
vt 0.00000000 0.00000000
vt 0.00000000 0.00000000
vt 0.00000000 0.00000000
vt 0.00000000 0.00000000
vt 0.00000000 0.00000000
vt 0.00000000 0.00000000
vt 0.00000000 0.00000000
vt 0.00000000 0.00000000
vt 0.00000000 0.00000000
vt 0.00000000 0.00000000
vt 0.00000000 0.00000000
vt 0.00000000 0.00000000
vt 0.00000000 0.00000000
vt 0.00000000 0.00000000
vt 0.00000000 0.00000000
vt 0.00000000 0.00000000
vt 0.00000000 0.00000000
vt 0.00000000 0.00000000
vt 0.00000000 0.00000000
vt 0.00000000 0.00000000
vt 0.00000000 0.00000000
vt 0.00000000 0.00000000
vt 0.00000000 0.00000000
vt 0.00000000 0.00000000
vt 0.00000000 0.00000000
vt 0.00000000 0.00000000
vt 0.00000000 0.00000000
vt 0.00000000 0.00000000
vt 0.00000000 0.00000000
vt 0.00000000 0.00000000
vt 0.00000000 0.00000000
vt 0.00000000 0.00000000
vt 0.00000000 0.00000000
vt 0.00000000 0.00000000
vt 0.00000000 0.00000000
vt 0.00000000 0.00000000
vt 0.00000000 0.00000000
vt 0.00000000 0.00000000
vt 0.00000000 0.00000000
vt 0.00000000 0.00000000
vt 0.00000000 0.00000000
vt 0.00000000 0.00000000
vt 0.00000000 0.00000000
vt 0.00000000 0.00000000
vt 0.00000000 0.00000000
vt 0.00000000 0.00000000
vt 0.00000000 0.00000000
vt 0.00000000 0.00000000
vt 0.00000000 0.00000000
vt 0.00000000 0.00000000
vt 0.00000000 0.00000000
vt 0.00000000 0.00000000
vt 0.00000000 0.00000000
vt 0.00000000 0.00000000
vt 0.00000000 0.00000000
vt 0.00000000 0.00000000
vt 0.00000000 0.00000000
vt 0.00000000 0.00000000
vt 0.00000000 0.00000000
f 482/482/482 481/481/481 483/483/483
f 482/482/482 483/483/483 484/484/484
f 481/481/481 477/477/477 479/479/479
f 481/481/481 479/479/479 483/483/483
f 477/477/477 473/473/473 471/471/471
f 477/477/477 471/471/471 479/479/479
f 473/473/473 468/468/468 462/462/462
f 473/473/473 462/462/462 471/471/471
f 468/468/468 464/464/464 452/452/452
f 468/468/468 452/452/452 462/462/462
f 464/464/464 458/458/458 440/440/440
f 464/464/464 440/440/440 452/452/452
f 458/458/458 453/453/453 434/434/434
f 458/458/458 434/434/434 440/440/440
f 453/453/453 448/448/448 427/427/427
f 453/453/453 427/427/427 434/434/434
f 448/448/448 445/445/445 422/422/422
f 448/448/448 422/422/422 427/427/427
f 445/445/445 442/442/442 419/419/419
f 445/445/445 419/419/419 422/422/422
f 442/442/442 443/443/443 420/420/420
f 442/442/442 420/420/420 419/419/419
f 443/443/443 446/446/446 423/423/423
f 443/443/443 423/423/423 420/420/420
f 446/446/446 449/449/449 430/430/430
f 446/446/446 430/430/430 423/423/423
f 449/449/449 455/455/455 436/436/436
f 449/449/449 436/436/436 430/430/430
f 455/455/455 460/460/460 441/441/441
f 455/455/455 441/441/441 436/436/436
f 460/460/460 465/465/465 454/454/454
f 460/460/460 454/454/454 441/441/441
f 465/465/465 470/470/470 463/463/463
f 465/465/465 463/463/463 454/454/454
f 470/470/470 476/476/476 472/472/472
f 470/470/470 472/472/472 463/463/463
f 476/476/476 478/478/478 480/480/480
f 476/476/476 480/480/480 472/472/472
f 478/478/478 482/482/482 484/484/484
f 478/478/478 484/484/484 480/480/480
f 484/484/484 483/483/483 474/474/474
f 484/484/484 474/474/474 475/475/475
f 483/483/483 479/479/479 467/467/467
f 483/483/483 467/467/467 474/474/474
f 479/479/479 471/471/471 459/459/459
f 479/479/479 459/459/459 467/467/467
f 471/471/471 462/462/462 444/444/444
f 471/471/471 444/444/444 459/459/459
f 462/462/462 452/452/452 433/433/433
f 462/462/462 433/433/433 444/444/444
f 452/452/452 440/440/440 421/421/421
f 452/452/452 421/421/421 433/433/433
f 440/440/440 434/434/434 413/413/413
f 440/440/440 413/413/413 421/421/421
f 434/434/434 427/427/427 408/408/408
f 434/434/434 408/408/408 413/413/413
f 427/427/427 422/422/422 401/401/401
f 427/427/427 401/401/401 408/408/408
f 422/422/422 419/419/419 399/399/399
f 422/422/422 399/399/399 401/401/401
f 419/419/419 420/420/420 400/400/400
f 419/419/419 400/400/400 399/399/399
f 420/420/420 423/423/423 402/402/402
f 420/420/420 402/402/402 400/400/400
f 423/423/423 430/430/430 409/409/409
f 423/423/423 409/409/409 402/402/402
f 430/430/430 436/436/436 415/415/415
f 430/430/430 415/415/415 409/409/409
f 436/436/436 441/441/441 424/424/424
f 436/436/436 424/424/424 415/415/415
f 441/441/441 454/454/454 437/437/437
f 441/441/441 437/437/437 424/424/424
f 454/454/454 463/463/463 447/447/447
f 454/454/454 447/447/447 437/437/437
f 463/463/463 472/472/472 461/461/461
f 463/463/463 461/461/461 447/447/447
f 472/472/472 480/480/480 469/469/469
f 472/472/472 469/469/469 461/461/461
f 480/480/480 484/484/484 475/475/475
f 480/480/480 475/475/475 469/469/469
f 475/475/475 474/474/474 456/456/456
f 475/475/475 456/456/456 457/457/457
f 474/474/474 467/467/467 450/450/450
f 474/474/474 450/450/450 456/456/456
f 467/467/467 459/459/459 438/438/438
f 467/467/467 438/438/438 450/450/450
f 459/459/459 444/444/444 425/425/425
f 459/459/459 425/425/425 438/438/438
f 444/444/444 433/433/433 414/414/414
f 444/444/444 414/414/414 425/425/425
f 433/433/433 421/421/421 403/403/403
f 433/433/433 403/403/403 414/414/414
f 421/421/421 413/413/413 393/393/393
f 421/421/421 393/393/393 403/403/403
f 413/413/413 408/408/408 387/387/387
f 413/413/413 387/387/387 393/393/393
f 408/408/408 401/401/401 381/381/381
f 408/408/408 381/381/381 387/387/387
f 401/401/401 399/399/399 379/379/379
f 401/401/401 379/379/379 381/381/381
f 399/399/399 400/400/400 380/380/380
f 399/399/399 380/380/380 379/379/379
f 400/400/400 402/402/402 382/382/382
f 400/400/400 382/382/382 380/380/380
f 402/402/402 409/409/409 389/389/389
f 402/402/402 389/389/389 382/382/382
f 409/409/409 415/415/415 395/395/395
f 409/409/409 395/395/395 389/389/389
f 415/415/415 424/424/424 404/404/404
f 415/415/415 404/404/404 395/395/395
f 424/424/424 437/437/437 416/416/416
f 424/424/424 416/416/416 404/404/404
f 437/437/437 447/447/447 428/428/428
f 437/437/437 428/428/428 416/416/416
f 447/447/447 461/461/461 439/439/439
f 447/447/447 439/439/439 428/428/428
f 461/461/461 469/469/469 451/451/451
f 461/461/461 451/451/451 439/439/439
f 469/469/469 475/475/475 457/457/457
f 469/469/469 457/457/457 451/451/451
f 457/457/457 456/456/456 431/431/431
f 457/457/457 431/431/431 432/432/432
f 456/456/456 450/450/450 426/426/426
f 456/456/456 426/426/426 431/431/431
f 450/450/450 438/438/438 417/417/417
f 450/450/450 417/417/417 426/426/426
f 438/438/438 425/425/425 406/406/406
f 438/438/438 406/406/406 417/417/417
f 425/425/425 414/414/414 394/394/394
f 425/425/425 394/394/394 406/406/406
f 414/414/414 403/403/403 383/383/383
f 414/414/414 383/383/383 394/394/394
f 403/403/403 393/393/393 372/372/372
f 403/403/403 372/372/372 383/383/383
f 393/393/393 387/387/387 366/366/366
f 393/393/393 366/366/366 372/372/372
f 387/387/387 381/381/381 360/360/360
f 387/387/387 360/360/360 366/366/366
f 381/381/381 379/379/379 358/358/358
f 381/381/381 358/358/358 360/360/360
f 379/379/379 380/380/380 359/359/359
f 379/379/379 359/359/359 358/358/358
f 380/380/380 382/382/382 361/361/361
f 380/380/380 361/361/361 359/359/359
f 382/382/382 389/389/389 368/368/368
f 382/382/382 368/368/368 361/361/361
f 389/389/389 395/395/395 373/373/373
f 389/389/389 373/373/373 368/368/368
f 395/395/395 404/404/404 385/385/385
f 395/395/395 385/385/385 373/373/373
f 404/404/404 416/416/416 396/396/396
f 404/404/404 396/396/396 385/385/385
f 416/416/416 428/428/428 410/410/410
f 416/416/416 410/410/410 396/396/396
f 428/428/428 439/439/439 418/418/418
f 428/428/428 418/418/418 410/410/410
f 439/439/439 451/451/451 429/429/429
f 439/439/439 429/429/429 418/418/418
f 451/451/451 457/457/457 432/432/432
f 451/451/451 432/432/432 429/429/429
f 432/432/432 431/431/431 411/411/411
f 432/432/432 411/411/411 412/412/412
f 431/431/431 426/426/426 405/405/405
f 431/431/431 405/405/405 411/411/411
f 426/426/426 417/417/417 397/397/397
f 426/426/426 397/397/397 405/405/405
f 417/417/417 406/406/406 388/388/388
f 417/417/417 388/388/388 397/397/397
f 406/406/406 394/394/394 374/374/374
f 406/406/406 374/374/374 388/388/388
f 394/394/394 383/383/383 362/362/362
f 394/394/394 362/362/362 374/374/374
f 383/383/383 372/372/372 351/351/351
f 383/383/383 351/351/351 362/362/362
f 372/372/372 366/366/366 345/345/345
f 372/372/372 345/345/345 351/351/351
f 366/366/366 360/360/360 339/339/339
f 366/366/366 339/339/339 345/345/345
f 360/360/360 358/358/358 336/336/336
f 360/360/360 336/336/336 339/339/339
f 358/358/358 359/359/359 337/337/337
f 358/358/358 337/337/337 336/336/336
f 359/359/359 361/361/361 340/340/340
f 359/359/359 340/340/340 337/337/337
f 361/361/361 368/368/368 347/347/347
f 361/361/361 347/347/347 340/340/340
f 368/368/368 373/373/373 352/352/352
f 368/368/368 352/352/352 347/347/347
f 373/373/373 385/385/385 365/365/365
f 373/373/373 365/365/365 352/352/352
f 385/385/385 396/396/396 375/375/375
f 385/385/385 375/375/375 365/365/365
f 396/396/396 410/410/410 390/390/390
f 396/396/396 390/390/390 375/375/375
f 410/410/410 418/418/418 398/398/398
f 410/410/410 398/398/398 390/390/390
f 418/418/418 429/429/429 407/407/407
f 418/418/418 407/407/407 398/398/398
f 429/429/429 432/432/432 412/412/412
f 429/429/429 412/412/412 407/407/407
f 412/412/412 411/411/411 391/391/391
f 412/412/412 391/391/391 392/392/392
f 411/411/411 405/405/405 384/384/384
f 411/411/411 384/384/384 391/391/391
f 405/405/405 397/397/397 376/376/376
f 405/405/405 376/376/376 384/384/384
f 397/397/397 388/388/388 367/367/367
f 397/397/397 367/367/367 376/376/376
f 388/388/388 374/374/374 353/353/353
f 388/388/388 353/353/353 367/367/367
f 374/374/374 362/362/362 342/342/342
f 374/374/374 342/342/342 353/353/353
f 362/362/362 351/351/351 331/331/331
f 362/362/362 331/331/331 342/342/342
f 351/351/351 345/345/345 324/324/324
f 351/351/351 324/324/324 331/331/331
f 345/345/345 339/339/339 319/319/319
f 345/345/345 319/319/319 324/324/324
f 339/339/339 336/336/336 315/315/315
f 339/339/339 315/315/315 319/319/319
f 336/336/336 337/337/337 316/316/316
f 336/336/336 316/316/316 315/315/315
f 337/337/337 340/340/340 320/320/320
f 337/337/337 320/320/320 316/316/316
f 340/340/340 347/347/347 326/326/326
f 340/340/340 326/326/326 320/320/320
f 347/347/347 352/352/352 332/332/332
f 347/347/347 332/332/332 326/326/326
f 352/352/352 365/365/365 344/344/344
f 352/352/352 344/344/344 332/332/332
f 365/365/365 375/375/375 355/355/355
f 365/365/365 355/355/355 344/344/344
f 375/375/375 390/390/390 369/369/369
f 375/375/375 369/369/369 355/355/355
f 390/390/390 398/398/398 378/378/378
f 390/390/390 378/378/378 369/369/369
f 398/398/398 407/407/407 386/386/386
f 398/398/398 386/386/386 378/378/378
f 407/407/407 412/412/412 392/392/392
f 407/407/407 392/392/392 386/386/386
f 392/392/392 391/391/391 370/370/370
f 392/392/392 370/370/370 371/371/371
f 391/391/391 384/384/384 363/363/363
f 391/391/391 363/363/363 370/370/370
f 384/384/384 376/376/376 354/354/354
f 384/384/384 354/354/354 363/363/363
f 376/376/376 367/367/367 346/346/346
f 376/376/376 346/346/346 354/354/354
f 367/367/367 353/353/353 333/333/333
f 367/367/367 333/333/333 346/346/346
f 353/353/353 342/342/342 323/323/323
f 353/353/353 323/323/323 333/333/333
f 342/342/342 331/331/331 311/311/311
f 342/342/342 311/311/311 323/323/323
f 331/331/331 324/324/324 304/304/304
f 331/331/331 304/304/304 311/311/311
f 324/324/324 319/319/319 298/298/298
f 324/324/324 298/298/298 304/304/304
f 319/319/319 315/315/315 294/294/294
f 319/319/319 294/294/294 298/298/298
f 315/315/315 316/316/316 295/295/295
f 315/315/315 295/295/295 294/294/294
f 316/316/316 320/320/320 299/299/299
f 316/316/316 299/299/299 295/295/295
f 320/320/320 326/326/326 306/306/306
f 320/320/320 306/306/306 299/299/299
f 326/326/326 332/332/332 312/312/312
f 326/326/326 312/312/312 306/306/306
f 332/332/332 344/344/344 325/325/325
f 332/332/332 325/325/325 312/312/312
f 344/344/344 355/355/355 335/335/335
f 344/344/344 335/335/335 325/325/325
f 355/355/355 369/369/369 350/350/350
f 355/355/355 350/350/350 335/335/335
f 369/369/369 378/378/378 356/356/356
f 369/369/369 356/356/356 350/350/350
f 378/378/378 386/386/386 364/364/364
f 378/378/378 364/364/364 356/356/356
f 386/386/386 392/392/392 371/371/371
f 386/386/386 371/371/371 364/364/364
f 371/371/371 370/370/370 348/348/348
f 371/371/371 348/348/348 349/349/349
f 370/370/370 363/363/363 341/341/341
f 370/370/370 341/341/341 348/348/348
f 363/363/363 354/354/354 334/334/334
f 363/363/363 334/334/334 341/341/341
f 354/354/354 346/346/346 327/327/327
f 354/354/354 327/327/327 334/334/334
f 346/346/346 333/333/333 313/313/313
f 346/346/346 313/313/313 327/327/327
f 333/333/333 323/323/323 302/302/302
f 333/333/333 302/302/302 313/313/313
f 323/323/323 311/311/311 290/290/290
f 323/323/323 290/290/290 302/302/302
f 311/311/311 304/304/304 283/283/283
f 311/311/311 283/283/283 290/290/290
f 304/304/304 298/298/298 278/278/278
f 304/304/304 278/278/278 283/283/283
f 298/298/298 294/294/294 271/271/271
f 298/298/298 271/271/271 278/278/278
f 294/294/294 295/295/295 272/272/272
f 294/294/294 272/272/272 271/271/271
f 295/295/295 299/299/299 279/279/279
f 295/295/295 279/279/279 272/272/272
f 299/299/299 306/306/306 286/286/286
f 299/299/299 286/286/286 279/279/279
f 306/306/306 312/312/312 291/291/291
f 306/306/306 291/291/291 286/286/286
f 312/312/312 325/325/325 305/305/305
f 312/312/312 305/305/305 291/291/291
f 325/325/325 335/335/335 318/318/318
f 325/325/325 318/318/318 305/305/305
f 335/335/335 350/350/350 330/330/330
f 335/335/335 330/330/330 318/318/318
f 350/350/350 356/356/356 338/338/338
f 350/350/350 338/338/338 330/330/330
f 356/356/356 364/364/364 343/343/343
f 356/356/356 343/343/343 338/338/338
f 364/364/364 371/371/371 349/349/349
f 364/364/364 349/349/349 343/343/343
f 349/349/349 348/348/348 328/328/328
f 349/349/349 328/328/328 329/329/329
f 348/348/348 341/341/341 321/321/321
f 348/348/348 321/321/321 328/328/328
f 341/341/341 334/334/334 314/314/314
f 341/341/341 314/314/314 321/321/321
f 334/334/334 327/327/327 309/309/309
f 334/334/334 309/309/309 314/314/314
f 327/327/327 313/313/313 292/292/292
f 327/327/327 292/292/292 309/309/309
f 313/313/313 302/302/302 282/282/282
f 313/313/313 282/282/282 292/292/292
f 302/302/302 290/290/290 269/269/269
f 302/302/302 269/269/269 282/282/282
f 290/290/290 283/283/283 262/262/262
f 290/290/290 262/262/262 269/269/269
f 283/283/283 278/278/278 257/257/257
f 283/283/283 257/257/257 262/262/262
f 278/278/278 271/271/271 250/250/250
f 278/278/278 250/250/250 257/257/257
f 271/271/271 272/272/272 251/251/251
f 271/271/271 251/251/251 250/250/250
f 272/272/272 279/279/279 258/258/258
f 272/272/272 258/258/258 251/251/251
f 279/279/279 286/286/286 265/265/265
f 279/279/279 265/265/265 258/258/258
f 286/286/286 291/291/291 270/270/270
f 286/286/286 270/270/270 265/265/265
f 291/291/291 305/305/305 287/287/287
f 291/291/291 287/287/287 270/270/270
f 305/305/305 318/318/318 297/297/297
f 305/305/305 297/297/297 287/287/287
f 318/318/318 330/330/330 310/310/310
f 318/318/318 310/310/310 297/297/297
f 330/330/330 338/338/338 317/317/317
f 330/330/330 317/317/317 310/310/310
f 338/338/338 343/343/343 322/322/322
f 338/338/338 322/322/322 317/317/317
f 343/343/343 349/349/349 329/329/329
f 343/343/343 329/329/329 322/322/322
f 329/329/329 328/328/328 307/307/307
f 329/329/329 307/307/307 308/308/308
f 328/328/328 321/321/321 300/300/300
f 328/328/328 300/300/300 307/307/307
f 321/321/321 314/314/314 293/293/293
f 321/321/321 293/293/293 300/300/300
f 314/314/314 309/309/309 288/288/288
f 314/314/314 288/288/288 293/293/293
f 309/309/309 292/292/292 274/274/274
f 309/309/309 274/274/274 288/288/288
f 292/292/292 282/282/282 261/261/261
f 292/292/292 261/261/261 274/274/274
f 282/282/282 269/269/269 249/249/249
f 282/282/282 249/249/249 261/261/261
f 269/269/269 262/262/262 241/241/241
f 269/269/269 241/241/241 249/249/249
f 262/262/262 257/257/257 236/236/236
f 262/262/262 236/236/236 241/241/241
f 257/257/257 250/250/250 230/230/230
f 257/257/257 230/230/230 236/236/236
f 250/250/250 251/251/251 231/231/231
f 250/250/250 231/231/231 230/230/230
f 251/251/251 258/258/258 238/238/238
f 251/251/251 238/238/238 231/231/231
f 258/258/258 265/265/265 245/245/245
f 258/258/258 245/245/245 238/238/238
f 265/265/265 270/270/270 252/252/252
f 265/265/265 252/252/252 245/245/245
f 270/270/270 287/287/287 266/266/266
f 270/270/270 266/266/266 252/252/252
f 287/287/287 297/297/297 277/277/277
f 287/287/287 277/277/277 266/266/266
f 297/297/297 310/310/310 289/289/289
f 297/297/297 289/289/289 277/277/277
f 310/310/310 317/317/317 296/296/296
f 310/310/310 296/296/296 289/289/289
f 317/317/317 322/322/322 301/301/301
f 317/317/317 301/301/301 296/296/296
f 322/322/322 329/329/329 308/308/308
f 322/322/322 308/308/308 301/301/301
f 308/308/308 307/307/307 284/284/284
f 308/308/308 284/284/284 285/285/285
f 307/307/307 300/300/300 280/280/280
f 307/307/307 280/280/280 284/284/284
f 300/300/300 293/293/293 273/273/273
f 300/300/300 273/273/273 280/280/280
f 293/293/293 288/288/288 267/267/267
f 293/293/293 267/267/267 273/273/273
f 288/288/288 274/274/274 254/254/254
f 288/288/288 254/254/254 267/267/267
f 274/274/274 261/261/261 244/244/244
f 274/274/274 244/244/244 254/254/254
f 261/261/261 249/249/249 229/229/229
f 261/261/261 229/229/229 244/244/244
f 249/249/249 241/241/241 223/223/223
f 249/249/249 223/223/223 229/229/229
f 241/241/241 236/236/236 216/216/216
f 241/241/241 216/216/216 223/223/223
f 236/236/236 230/230/230 209/209/209
f 236/236/236 209/209/209 216/216/216
f 230/230/230 231/231/231 210/210/210
f 230/230/230 210/210/210 209/209/209
f 231/231/231 238/238/238 217/217/217
f 231/231/231 217/217/217 210/210/210
f 238/238/238 245/245/245 225/225/225
f 238/238/238 225/225/225 217/217/217
f 245/245/245 252/252/252 233/233/233
f 245/245/245 233/233/233 225/225/225
f 252/252/252 266/266/266 246/246/246
f 252/252/252 246/246/246 233/233/233
f 266/266/266 277/277/277 256/256/256
f 266/266/266 256/256/256 246/246/246
f 277/277/277 289/289/289 268/268/268
f 277/277/277 268/268/268 256/256/256
f 289/289/289 296/296/296 275/275/275
f 289/289/289 275/275/275 268/268/268
f 296/296/296 301/301/301 281/281/281
f 296/296/296 281/281/281 275/275/275
f 301/301/301 308/308/308 285/285/285
f 301/301/301 285/285/285 281/281/281
f 285/285/285 284/284/284 263/263/263
f 285/285/285 263/263/263 264/264/264
f 284/284/284 280/280/280 259/259/259
f 284/284/284 259/259/259 263/263/263
f 280/280/280 273/273/273 253/253/253
f 280/280/280 253/253/253 259/259/259
f 273/273/273 267/267/267 247/247/247
f 273/273/273 247/247/247 253/253/253
f 267/267/267 254/254/254 235/235/235
f 267/267/267 235/235/235 247/247/247
f 254/254/254 244/244/244 224/224/224
f 254/254/254 224/224/224 235/235/235
f 244/244/244 229/229/229 211/211/211
f 244/244/244 211/211/211 224/224/224
f 229/229/229 223/223/223 202/202/202
f 229/229/229 202/202/202 211/211/211
f 223/223/223 216/216/216 193/193/193
f 223/223/223 193/193/193 202/202/202
f 216/216/216 209/209/209 187/187/187
f 216/216/216 187/187/187 193/193/193
f 209/209/209 210/210/210 188/188/188
f 209/209/209 188/188/188 187/187/187
f 210/210/210 217/217/217 195/195/195
f 210/210/210 195/195/195 188/188/188
f 217/217/217 225/225/225 203/203/203
f 217/217/217 203/203/203 195/195/195
f 225/225/225 233/233/233 213/213/213
f 225/225/225 213/213/213 203/203/203
f 233/233/233 246/246/246 226/226/226
f 233/233/233 226/226/226 213/213/213
f 246/246/246 256/256/256 237/237/237
f 246/246/246 237/237/237 226/226/226
f 256/256/256 268/268/268 248/248/248
f 256/256/256 248/248/248 237/237/237
f 268/268/268 275/275/275 255/255/255
f 268/268/268 255/255/255 248/248/248
f 275/275/275 281/281/281 260/260/260
f 275/275/275 260/260/260 255/255/255
f 281/281/281 285/285/285 264/264/264
f 281/281/281 264/264/264 260/260/260
f 264/264/264 263/263/263 242/242/242
f 264/264/264 242/242/242 243/243/243
f 263/263/263 259/259/259 239/239/239
f 263/263/263 239/239/239 242/242/242
f 259/259/259 253/253/253 232/232/232
f 259/259/259 232/232/232 239/239/239
f 253/253/253 247/247/247 227/227/227
f 253/253/253 227/227/227 232/232/232
f 247/247/247 235/235/235 215/215/215
f 247/247/247 215/215/215 227/227/227
f 235/235/235 224/224/224 204/204/204
f 235/235/235 204/204/204 215/215/215
f 224/224/224 211/211/211 189/189/189
f 224/224/224 189/189/189 204/204/204
f 211/211/211 202/202/202 181/181/181
f 211/211/211 181/181/181 189/189/189
f 202/202/202 193/193/193 172/172/172
f 202/202/202 172/172/172 181/181/181
f 193/193/193 187/187/187 167/167/167
f 193/193/193 167/167/167 172/172/172
f 187/187/187 188/188/188 168/168/168
f 187/187/187 168/168/168 167/167/167
f 188/188/188 195/195/195 174/174/174
f 188/188/188 174/174/174 168/168/168
f 195/195/195 203/203/203 182/182/182
f 195/195/195 182/182/182 174/174/174
f 203/203/203 213/213/213 191/191/191
f 203/203/203 191/191/191 182/182/182
f 213/213/213 226/226/226 206/206/206
f 213/213/213 206/206/206 191/191/191
f 226/226/226 237/237/237 218/218/218
f 226/226/226 218/218/218 206/206/206
f 237/237/237 248/248/248 228/228/228
f 237/237/237 228/228/228 218/218/218
f 248/248/248 255/255/255 234/234/234
f 248/248/248 234/234/234 228/228/228
f 255/255/255 260/260/260 240/240/240
f 255/255/255 240/240/240 234/234/234
f 260/260/260 264/264/264 243/243/243
f 260/260/260 243/243/243 240/240/240
f 243/243/243 242/242/242 221/221/221
f 243/243/243 221/221/221 222/222/222
f 242/242/242 239/239/239 219/219/219
f 242/242/242 219/219/219 221/221/221
f 239/239/239 232/232/232 212/212/212
f 239/239/239 212/212/212 219/219/219
f 232/232/232 227/227/227 205/205/205
f 232/232/232 205/205/205 212/212/212
f 227/227/227 215/215/215 194/194/194
f 227/227/227 194/194/194 205/205/205
f 215/215/215 204/204/204 183/183/183
f 215/215/215 183/183/183 194/194/194
f 204/204/204 189/189/189 169/169/169
f 204/204/204 169/169/169 183/183/183
f 189/189/189 181/181/181 161/161/161
f 189/189/189 161/161/161 169/169/169
f 181/181/181 172/172/172 150/150/150
f 181/181/181 150/150/150 161/161/161
f 172/172/172 167/167/167 147/147/147
f 172/172/172 147/147/147 150/150/150
f 167/167/167 168/168/168 148/148/148
f 167/167/167 148/148/148 147/147/147
f 168/168/168 174/174/174 153/153/153
f 168/168/168 153/153/153 148/148/148
f 174/174/174 182/182/182 162/162/162
f 174/174/174 162/162/162 153/153/153
f 182/182/182 191/191/191 173/173/173
f 182/182/182 173/173/173 162/162/162
f 191/191/191 206/206/206 185/185/185
f 191/191/191 185/185/185 173/173/173
f 206/206/206 218/218/218 197/197/197
f 206/206/206 197/197/197 185/185/185
f 218/218/218 228/228/228 207/207/207
f 218/218/218 207/207/207 197/197/197
f 228/228/228 234/234/234 214/214/214
f 228/228/228 214/214/214 207/207/207
f 234/234/234 240/240/240 220/220/220
f 234/234/234 220/220/220 214/214/214
f 240/240/240 243/243/243 222/222/222
f 240/240/240 222/222/222 220/220/220
f 222/222/222 221/221/221 200/200/200
f 222/222/222 200/200/200 201/201/201
f 221/221/221 219/219/219 198/198/198
f 221/221/221 198/198/198 200/200/200
f 219/219/219 212/212/212 190/190/190
f 219/219/219 190/190/190 198/198/198
f 212/212/212 205/205/205 184/184/184
f 212/212/212 184/184/184 190/190/190
f 205/205/205 194/194/194 175/175/175
f 205/205/205 175/175/175 184/184/184
f 194/194/194 183/183/183 163/163/163
f 194/194/194 163/163/163 175/175/175
f 183/183/183 169/169/169 151/151/151
f 183/183/183 151/151/151 163/163/163
f 169/169/169 161/161/161 141/141/141
f 169/169/169 141/141/141 151/151/151
f 161/161/161 150/150/150 129/129/129
f 161/161/161 129/129/129 141/141/141
f 150/150/150 147/147/147 123/123/123
f 150/150/150 123/123/123 129/129/129
f 147/147/147 148/148/148 124/124/124
f 147/147/147 124/124/124 123/123/123
f 148/148/148 153/153/153 130/130/130
f 148/148/148 130/130/130 124/124/124
f 153/153/153 162/162/162 142/142/142
f 153/153/153 142/142/142 130/130/130
f 162/162/162 173/173/173 154/154/154
f 162/162/162 154/154/154 142/142/142
f 173/173/173 185/185/185 165/165/165
f 173/173/173 165/165/165 154/154/154
f 185/185/185 197/197/197 176/176/176
f 185/185/185 176/176/176 165/165/165
f 197/197/197 207/207/207 186/186/186
f 197/197/197 186/186/186 176/176/176
f 207/207/207 214/214/214 192/192/192
f 207/207/207 192/192/192 186/186/186
f 214/214/214 220/220/220 199/199/199
f 214/214/214 199/199/199 192/192/192
f 220/220/220 222/222/222 201/201/201
f 220/220/220 201/201/201 199/199/199
f 201/201/201 200/200/200 179/179/179
f 201/201/201 179/179/179 180/180/180
f 200/200/200 198/198/198 177/177/177
f 200/200/200 177/177/177 179/179/179
f 198/198/198 190/190/190 170/170/170
f 198/198/198 170/170/170 177/177/177
f 190/190/190 184/184/184 164/164/164
f 190/190/190 164/164/164 170/170/170
f 184/184/184 175/175/175 156/156/156
f 184/184/184 156/156/156 164/164/164
f 175/175/175 163/163/163 143/143/143
f 175/175/175 143/143/143 156/156/156
f 163/163/163 151/151/151 133/133/133
f 163/163/163 133/133/133 143/143/143
f 151/151/151 141/141/141 119/119/119
f 151/151/151 119/119/119 133/133/133
f 141/141/141 129/129/129 111/111/111
f 141/141/141 111/111/111 119/119/119
f 129/129/129 123/123/123 105/105/105
f 129/129/129 105/105/105 111/111/111
f 123/123/123 124/124/124 107/107/107
f 123/123/123 107/107/107 105/105/105
f 124/124/124 130/130/130 113/113/113
f 124/124/124 113/113/113 107/107/107
f 130/130/130 142/142/142 121/121/121
f 130/130/130 121/121/121 113/113/113
f 142/142/142 154/154/154 136/136/136
f 142/142/142 136/136/136 121/121/121
f 154/154/154 165/165/165 146/146/146
f 154/154/154 146/146/146 136/136/136
f 165/165/165 176/176/176 158/158/158
f 165/165/165 158/158/158 146/146/146
f 176/176/176 186/186/186 166/166/166
f 176/176/176 166/166/166 158/158/158
f 186/186/186 192/192/192 171/171/171
f 186/186/186 171/171/171 166/166/166
f 192/192/192 199/199/199 178/178/178
f 192/192/192 178/178/178 171/171/171
f 199/199/199 201/201/201 180/180/180
f 199/199/199 180/180/180 178/178/178
f 180/180/180 179/179/179 159/159/159
f 180/180/180 159/159/159 160/160/160
f 179/179/179 177/177/177 155/155/155
f 179/179/179 155/155/155 159/159/159
f 177/177/177 170/170/170 149/149/149
f 177/177/177 149/149/149 155/155/155
f 170/170/170 164/164/164 144/144/144
f 170/170/170 144/144/144 149/149/149
f 164/164/164 156/156/156 139/139/139
f 164/164/164 139/139/139 144/144/144
f 156/156/156 143/143/143 126/126/126
f 156/156/156 126/126/126 139/139/139
f 143/143/143 133/133/133 117/117/117
f 143/143/143 117/117/117 126/126/126
f 133/133/133 119/119/119 108/108/108
f 133/133/133 108/108/108 117/117/117
f 119/119/119 111/111/111 100/100/100
f 119/119/119 100/100/100 108/108/108
f 111/111/111 105/105/105 96/96/96
f 111/111/111 96/96/96 100/100/100
f 105/105/105 107/107/107 97/97/97
f 105/105/105 97/97/97 96/96/96
f 107/107/107 113/113/113 101/101/101
f 107/107/107 101/101/101 97/97/97
f 113/113/113 121/121/121 109/109/109
f 113/113/113 109/109/109 101/101/101
f 121/121/121 136/136/136 118/118/118
f 121/121/121 118/118/118 109/109/109
f 136/136/136 146/146/146 128/128/128
f 136/136/136 128/128/128 118/118/118
f 146/146/146 158/158/158 140/140/140
f 146/146/146 140/140/140 128/128/128
f 158/158/158 166/166/166 145/145/145
f 158/158/158 145/145/145 140/140/140
f 166/166/166 171/171/171 152/152/152
f 166/166/166 152/152/152 145/145/145
f 171/171/171 178/178/178 157/157/157
f 171/171/171 157/157/157 152/152/152
f 178/178/178 180/180/180 160/160/160
f 178/178/178 160/160/160 157/157/157
f 160/160/160 159/159/159 137/137/137
f 160/160/160 137/137/137 138/138/138
f 159/159/159 155/155/155 134/134/134
f 159/159/159 134/134/134 137/137/137
f 155/155/155 149/149/149 131/131/131
f 155/155/155 131/131/131 134/134/134
f 149/149/149 144/144/144 125/125/125
f 149/149/149 125/125/125 131/131/131
f 144/144/144 139/139/139 120/120/120
f 144/144/144 120/120/120 125/125/125
f 139/139/139 126/126/126 115/115/115
f 139/139/139 115/115/115 120/120/120
f 126/126/126 117/117/117 110/110/110
f 126/126/126 110/110/110 115/115/115
f 117/117/117 108/108/108 104/104/104
f 117/117/117 104/104/104 110/110/110
f 108/108/108 100/100/100 102/102/102
f 108/108/108 102/102/102 104/104/104
f 100/100/100 96/96/96 98/98/98
f 100/100/100 98/98/98 102/102/102
f 96/96/96 97/97/97 99/99/99
f 96/96/96 99/99/99 98/98/98
f 97/97/97 101/101/101 103/103/103
f 97/97/97 103/103/103 99/99/99
f 101/101/101 109/109/109 106/106/106
f 101/101/101 106/106/106 103/103/103
f 109/109/109 118/118/118 112/112/112
f 109/109/109 112/112/112 106/106/106
f 118/118/118 128/128/128 116/116/116
f 118/118/118 116/116/116 112/112/112
f 128/128/128 140/140/140 122/122/122
f 128/128/128 122/122/122 116/116/116
f 140/140/140 145/145/145 127/127/127
f 140/140/140 127/127/127 122/122/122
f 145/145/145 152/152/152 132/132/132
f 145/145/145 132/132/132 127/127/127
f 152/152/152 157/157/157 135/135/135
f 152/152/152 135/135/135 132/132/132
f 157/157/157 160/160/160 138/138/138
f 157/157/157 138/138/138 135/135/135
f 481/481/481 482/482/482 466/466/466
f 477/477/477 481/481/481 466/466/466
f 473/473/473 477/477/477 466/466/466
f 468/468/468 473/473/473 466/466/466
f 464/464/464 468/468/468 466/466/466
f 458/458/458 464/464/464 466/466/466
f 453/453/453 458/458/458 466/466/466
f 448/448/448 453/453/453 466/466/466
f 445/445/445 448/448/448 466/466/466
f 442/442/442 445/445/445 466/466/466
f 443/443/443 442/442/442 466/466/466
f 446/446/446 443/443/443 466/466/466
f 449/449/449 446/446/446 466/466/466
f 455/455/455 449/449/449 466/466/466
f 460/460/460 455/455/455 466/466/466
f 465/465/465 460/460/460 466/466/466
f 470/470/470 465/465/465 466/466/466
f 476/476/476 470/470/470 466/466/466
f 478/478/478 476/476/476 466/466/466
f 482/482/482 478/478/478 466/466/466
f 138/138/138 137/137/137 114/114/114
f 137/137/137 134/134/134 114/114/114
f 134/134/134 131/131/131 114/114/114
f 131/131/131 125/125/125 114/114/114
f 125/125/125 120/120/120 114/114/114
f 120/120/120 115/115/115 114/114/114
f 115/115/115 110/110/110 114/114/114
f 110/110/110 104/104/104 114/114/114
f 104/104/104 102/102/102 114/114/114
f 102/102/102 98/98/98 114/114/114
f 98/98/98 99/99/99 114/114/114
f 99/99/99 103/103/103 114/114/114
f 103/103/103 106/106/106 114/114/114
f 106/106/106 112/112/112 114/114/114
f 112/112/112 116/116/116 114/114/114
f 116/116/116 122/122/122 114/114/114
f 122/122/122 127/127/127 114/114/114
f 127/127/127 132/132/132 114/114/114
f 132/132/132 135/135/135 114/114/114
f 135/135/135 138/138/138 114/114/114
f 1258/1258/1258 1252/1252/1252 1249/1249/1249
f 1258/1258/1258 1249/1249/1249 1257/1257/1257
f 1252/1252/1252 1248/1248/1248 1240/1240/1240
f 1252/1252/1252 1240/1240/1240 1249/1249/1249
f 1248/1248/1248 1243/1243/1243 1228/1228/1228
f 1248/1248/1248 1228/1228/1228 1240/1240/1240
f 1243/1243/1243 1238/1238/1238 1219/1219/1219
f 1243/1243/1243 1219/1219/1219 1228/1228/1228
f 1238/1238/1238 1232/1232/1232 1210/1210/1210
f 1238/1238/1238 1210/1210/1210 1219/1219/1219
f 1232/1232/1232 1229/1229/1229 1195/1195/1195
f 1232/1232/1232 1195/1195/1195 1210/1210/1210
f 1229/1229/1229 1225/1225/1225 1187/1187/1187
f 1229/1229/1229 1187/1187/1187 1195/1195/1195
f 1225/1225/1225 1224/1224/1224 1184/1184/1184
f 1225/1225/1225 1184/1184/1184 1187/1187/1187
f 1224/1224/1224 1226/1226/1226 1188/1188/1188
f 1224/1224/1224 1188/1188/1188 1184/1184/1184
f 1226/1226/1226 1230/1230/1230 1196/1196/1196
f 1226/1226/1226 1196/1196/1196 1188/1188/1188
f 1230/1230/1230 1233/1233/1233 1214/1214/1214
f 1230/1230/1230 1214/1214/1214 1196/1196/1196
f 1233/1233/1233 1239/1239/1239 1220/1220/1220
f 1233/1233/1233 1220/1220/1220 1214/1214/1214
f 1239/1239/1239 1244/1244/1244 1231/1231/1231
f 1239/1239/1239 1231/1231/1231 1220/1220/1220
f 1244/1244/1244 1250/1250/1250 1242/1242/1242
f 1244/1244/1244 1242/1242/1242 1231/1231/1231
f 1250/1250/1250 1254/1254/1254 1251/1251/1251
f 1250/1250/1250 1251/1251/1251 1242/1242/1242
f 1254/1254/1254 1260/1260/1260 1259/1259/1259
f 1254/1254/1254 1259/1259/1259 1251/1251/1251
f 1260/1260/1260 1262/1262/1262 1265/1265/1265
f 1260/1260/1260 1265/1265/1265 1259/1259/1259
f 1262/1262/1262 1263/1263/1263 1266/1266/1266
f 1262/1262/1262 1266/1266/1266 1265/1265/1265
f 1263/1263/1263 1261/1261/1261 1264/1264/1264
f 1263/1263/1263 1264/1264/1264 1266/1266/1266
f 1261/1261/1261 1258/1258/1258 1257/1257/1257
f 1261/1261/1261 1257/1257/1257 1264/1264/1264
f 1257/1257/1257 1249/1249/1249 1234/1234/1234
f 1257/1257/1257 1234/1234/1234 1245/1245/1245
f 1249/1249/1249 1240/1240/1240 1221/1221/1221
f 1249/1249/1249 1221/1221/1221 1234/1234/1234
f 1240/1240/1240 1228/1228/1228 1202/1202/1202
f 1240/1240/1240 1202/1202/1202 1221/1221/1221
f 1228/1228/1228 1219/1219/1219 1172/1172/1172
f 1228/1228/1228 1172/1172/1172 1202/1202/1202
f 1219/1219/1219 1210/1210/1210 1153/1153/1153
f 1219/1219/1219 1153/1153/1153 1172/1172/1172
f 1210/1210/1210 1195/1195/1195 1138/1138/1138
f 1210/1210/1210 1138/1138/1138 1153/1153/1153
f 1195/1195/1195 1187/1187/1187 1127/1127/1127
f 1195/1195/1195 1127/1127/1127 1138/1138/1138
f 1187/1187/1187 1184/1184/1184 1124/1124/1124
f 1187/1187/1187 1124/1124/1124 1127/1127/1127
f 1184/1184/1184 1188/1188/1188 1128/1128/1128
f 1184/1184/1184 1128/1128/1128 1124/1124/1124
f 1188/1188/1188 1196/1196/1196 1140/1140/1140
f 1188/1188/1188 1140/1140/1140 1128/1128/1128
f 1196/1196/1196 1214/1214/1214 1156/1156/1156
f 1196/1196/1196 1156/1156/1156 1140/1140/1140
f 1214/1214/1214 1220/1220/1220 1176/1176/1176
f 1214/1214/1214 1176/1176/1176 1156/1156/1156
f 1220/1220/1220 1231/1231/1231 1207/1207/1207
f 1220/1220/1220 1207/1207/1207 1176/1176/1176
f 1231/1231/1231 1242/1242/1242 1222/1222/1222
f 1231/1231/1231 1222/1222/1222 1207/1207/1207
f 1242/1242/1242 1251/1251/1251 1236/1236/1236
f 1242/1242/1242 1236/1236/1236 1222/1222/1222
f 1251/1251/1251 1259/1259/1259 1246/1246/1246
f 1251/1251/1251 1246/1246/1246 1236/1236/1236
f 1259/1259/1259 1265/1265/1265 1255/1255/1255
f 1259/1259/1259 1255/1255/1255 1246/1246/1246
f 1265/1265/1265 1266/1266/1266 1256/1256/1256
f 1265/1265/1265 1256/1256/1256 1255/1255/1255
f 1266/1266/1266 1264/1264/1264 1253/1253/1253
f 1266/1266/1266 1253/1253/1253 1256/1256/1256
f 1264/1264/1264 1257/1257/1257 1245/1245/1245
f 1264/1264/1264 1245/1245/1245 1253/1253/1253
f 1245/1245/1245 1234/1234/1234 1216/1216/1216
f 1245/1245/1245 1216/1216/1216 1223/1223/1223
f 1234/1234/1234 1221/1221/1221 1179/1179/1179
f 1234/1234/1234 1179/1179/1179 1216/1216/1216
f 1221/1221/1221 1202/1202/1202 1148/1148/1148
f 1221/1221/1221 1148/1148/1148 1179/1179/1179
f 1202/1202/1202 1172/1172/1172 1121/1121/1121
f 1202/1202/1202 1121/1121/1121 1148/1148/1148
f 1172/1172/1172 1153/1153/1153 1105/1105/1105
f 1172/1172/1172 1105/1105/1105 1121/1121/1121
f 1153/1153/1153 1138/1138/1138 1089/1089/1089
f 1153/1153/1153 1089/1089/1089 1105/1105/1105
f 1138/1138/1138 1127/1127/1127 1080/1080/1080
f 1138/1138/1138 1080/1080/1080 1089/1089/1089
f 1127/1127/1127 1124/1124/1124 1079/1079/1079
f 1127/1127/1127 1079/1079/1079 1080/1080/1080
f 1124/1124/1124 1128/1128/1128 1082/1082/1082
f 1124/1124/1124 1082/1082/1082 1079/1079/1079
f 1128/1128/1128 1140/1140/1140 1091/1091/1091
f 1128/1128/1128 1091/1091/1091 1082/1082/1082
f 1140/1140/1140 1156/1156/1156 1111/1111/1111
f 1140/1140/1140 1111/1111/1111 1091/1091/1091
f 1156/1156/1156 1176/1176/1176 1123/1123/1123
f 1156/1156/1156 1123/1123/1123 1111/1111/1111
f 1176/1176/1176 1207/1207/1207 1154/1154/1154
f 1176/1176/1176 1154/1154/1154 1123/1123/1123
f 1207/1207/1207 1222/1222/1222 1185/1185/1185
f 1207/1207/1207 1185/1185/1185 1154/1154/1154
f 1222/1222/1222 1236/1236/1236 1218/1218/1218
f 1222/1222/1222 1218/1218/1218 1185/1185/1185
f 1236/1236/1236 1246/1246/1246 1227/1227/1227
f 1236/1236/1236 1227/1227/1227 1218/1218/1218
f 1246/1246/1246 1255/1255/1255 1237/1237/1237
f 1246/1246/1246 1237/1237/1237 1227/1227/1227
f 1255/1255/1255 1256/1256/1256 1241/1241/1241
f 1255/1255/1255 1241/1241/1241 1237/1237/1237
f 1256/1256/1256 1253/1253/1253 1235/1235/1235
f 1256/1256/1256 1235/1235/1235 1241/1241/1241
f 1253/1253/1253 1245/1245/1245 1223/1223/1223
f 1253/1253/1253 1223/1223/1223 1235/1235/1235
f 1223/1223/1223 1216/1216/1216 1159/1159/1159
f 1223/1223/1223 1159/1159/1159 1189/1189/1189
f 1216/1216/1216 1179/1179/1179 1126/1126/1126
f 1216/1216/1216 1126/1126/1126 1159/1159/1159
f 1179/1179/1179 1148/1148/1148 1102/1102/1102
f 1179/1179/1179 1102/1102/1102 1126/1126/1126
f 1148/1148/1148 1121/1121/1121 1078/1078/1078
f 1148/1148/1148 1078/1078/1078 1102/1102/1102
f 1121/1121/1121 1105/1105/1105 1061/1061/1061
f 1121/1121/1121 1061/1061/1061 1078/1078/1078
f 1105/1105/1105 1089/1089/1089 1047/1047/1047
f 1105/1105/1105 1047/1047/1047 1061/1061/1061
f 1089/1089/1089 1080/1080/1080 1037/1037/1037
f 1089/1089/1089 1037/1037/1037 1047/1047/1047
f 1080/1080/1080 1079/1079/1079 1034/1034/1034
f 1080/1080/1080 1034/1034/1034 1037/1037/1037
f 1079/1079/1079 1082/1082/1082 1038/1038/1038
f 1079/1079/1079 1038/1038/1038 1034/1034/1034
f 1082/1082/1082 1091/1091/1091 1048/1048/1048
f 1082/1082/1082 1048/1048/1048 1038/1038/1038
f 1091/1091/1091 1111/1111/1111 1062/1062/1062
f 1091/1091/1091 1062/1062/1062 1048/1048/1048
f 1111/1111/1111 1123/1123/1123 1081/1081/1081
f 1111/1111/1111 1081/1081/1081 1062/1062/1062
f 1123/1123/1123 1154/1154/1154 1110/1110/1110
f 1123/1123/1123 1110/1110/1110 1081/1081/1081
f 1154/1154/1154 1185/1185/1185 1133/1133/1133
f 1154/1154/1154 1133/1133/1133 1110/1110/1110
f 1185/1185/1185 1218/1218/1218 1161/1161/1161
f 1185/1185/1185 1161/1161/1161 1133/1133/1133
f 1218/1218/1218 1227/1227/1227 1192/1192/1192
f 1218/1218/1218 1192/1192/1192 1161/1161/1161
f 1227/1227/1227 1237/1237/1237 1215/1215/1215
f 1227/1227/1227 1215/1215/1215 1192/1192/1192
f 1237/1237/1237 1241/1241/1241 1217/1217/1217
f 1237/1237/1237 1217/1217/1217 1215/1215/1215
f 1241/1241/1241 1235/1235/1235 1211/1211/1211
f 1241/1241/1241 1211/1211/1211 1217/1217/1217
f 1235/1235/1235 1223/1223/1223 1189/1189/1189
f 1235/1235/1235 1189/1189/1189 1211/1211/1211
f 1189/1189/1189 1159/1159/1159 1112/1112/1112
f 1189/1189/1189 1112/1112/1112 1131/1131/1131
f 1159/1159/1159 1126/1126/1126 1084/1084/1084
f 1159/1159/1159 1084/1084/1084 1112/1112/1112
f 1126/1126/1126 1102/1102/1102 1059/1059/1059
f 1126/1126/1126 1059/1059/1059 1084/1084/1084
f 1102/1102/1102 1078/1078/1078 1035/1035/1035
f 1102/1102/1102 1035/1035/1035 1059/1059/1059
f 1078/1078/1078 1061/1061/1061 1016/1016/1016
f 1078/1078/1078 1016/1016/1016 1035/1035/1035
f 1061/1061/1061 1047/1047/1047 1004/1004/1004
f 1061/1061/1061 1004/1004/1004 1016/1016/1016
f 1047/1047/1047 1037/1037/1037 994/994/994
f 1047/1047/1047 994/994/994 1004/1004/1004
f 1037/1037/1037 1034/1034/1034 990/990/990
f 1037/1037/1037 990/990/990 994/994/994
f 1034/1034/1034 1038/1038/1038 995/995/995
f 1034/1034/1034 995/995/995 990/990/990
f 1038/1038/1038 1048/1048/1048 1006/1006/1006
f 1038/1038/1038 1006/1006/1006 995/995/995
f 1048/1048/1048 1062/1062/1062 1020/1020/1020
f 1048/1048/1048 1020/1020/1020 1006/1006/1006
f 1062/1062/1062 1081/1081/1081 1039/1039/1039
f 1062/1062/1062 1039/1039/1039 1020/1020/1020
f 1081/1081/1081 1110/1110/1110 1063/1063/1063
f 1081/1081/1081 1063/1063/1063 1039/1039/1039
f 1110/1110/1110 1133/1133/1133 1088/1088/1088
f 1110/1110/1110 1088/1088/1088 1063/1063/1063
f 1133/1133/1133 1161/1161/1161 1116/1116/1116
f 1133/1133/1133 1116/1116/1116 1088/1088/1088
f 1161/1161/1161 1192/1192/1192 1136/1136/1136
f 1161/1161/1161 1136/1136/1136 1116/1116/1116
f 1192/1192/1192 1215/1215/1215 1152/1152/1152
f 1192/1192/1192 1152/1152/1152 1136/1136/1136
f 1215/1215/1215 1217/1217/1217 1158/1158/1158
f 1215/1215/1215 1158/1158/1158 1152/1152/1152
f 1217/1217/1217 1211/1211/1211 1150/1150/1150
f 1217/1217/1217 1150/1150/1150 1158/1158/1158
f 1211/1211/1211 1189/1189/1189 1131/1131/1131
f 1211/1211/1211 1131/1131/1131 1150/1150/1150
f 1131/1131/1131 1112/1112/1112 1065/1065/1065
f 1131/1131/1131 1065/1065/1065 1085/1085/1085
f 1112/1112/1112 1084/1084/1084 1043/1043/1043
f 1112/1112/1112 1043/1043/1043 1065/1065/1065
f 1084/1084/1084 1059/1059/1059 1017/1017/1017
f 1084/1084/1084 1017/1017/1017 1043/1043/1043
f 1059/1059/1059 1035/1035/1035 996/996/996
f 1059/1059/1059 996/996/996 1017/1017/1017
f 1035/1035/1035 1016/1016/1016 971/971/971
f 1035/1035/1035 971/971/971 996/996/996
f 1016/1016/1016 1004/1004/1004 961/961/961
f 1016/1016/1016 961/961/961 971/971/971
f 1004/1004/1004 994/994/994 950/950/950
f 1004/1004/1004 950/950/950 961/961/961
f 994/994/994 990/990/990 947/947/947
f 994/994/994 947/947/947 950/950/950
f 990/990/990 995/995/995 952/952/952
f 990/990/990 952/952/952 947/947/947
f 995/995/995 1006/1006/1006 964/964/964
f 995/995/995 964/964/964 952/952/952
f 1006/1006/1006 1020/1020/1020 977/977/977
f 1006/1006/1006 977/977/977 964/964/964
f 1020/1020/1020 1039/1039/1039 997/997/997
f 1020/1020/1020 997/997/997 977/977/977
f 1039/1039/1039 1063/1063/1063 1021/1021/1021
f 1039/1039/1039 1021/1021/1021 997/997/997
f 1063/1063/1063 1088/1088/1088 1045/1045/1045
f 1063/1063/1063 1045/1045/1045 1021/1021/1021
f 1088/1088/1088 1116/1116/1116 1070/1070/1070
f 1088/1088/1088 1070/1070/1070 1045/1045/1045
f 1116/1116/1116 1136/1136/1136 1087/1087/1087
f 1116/1116/1116 1087/1087/1087 1070/1070/1070
f 1136/1136/1136 1152/1152/1152 1100/1100/1100
f 1136/1136/1136 1100/1100/1100 1087/1087/1087
f 1152/1152/1152 1158/1158/1158 1106/1106/1106
f 1152/1152/1152 1106/1106/1106 1100/1100/1100
f 1158/1158/1158 1150/1150/1150 1098/1098/1098
f 1158/1158/1158 1098/1098/1098 1106/1106/1106
f 1150/1150/1150 1131/1131/1131 1085/1085/1085
f 1150/1150/1150 1085/1085/1085 1098/1098/1098
f 1085/1085/1085 1065/1065/1065 1023/1023/1023
f 1085/1085/1085 1023/1023/1023 1041/1041/1041
f 1065/1065/1065 1043/1043/1043 1000/1000/1000
f 1065/1065/1065 1000/1000/1000 1023/1023/1023
f 1043/1043/1043 1017/1017/1017 974/974/974
f 1043/1043/1043 974/974/974 1000/1000/1000
f 1017/1017/1017 996/996/996 955/955/955
f 1017/1017/1017 955/955/955 974/974/974
f 996/996/996 971/971/971 931/931/931
f 996/996/996 931/931/931 955/955/955
f 971/971/971 961/961/961 921/921/921
f 971/971/971 921/921/921 931/931/931
f 961/961/961 950/950/950 910/910/910
f 961/961/961 910/910/910 921/921/921
f 950/950/950 947/947/947 906/906/906
f 950/950/950 906/906/906 910/910/910
f 947/947/947 952/952/952 911/911/911
f 947/947/947 911/911/911 906/906/906
f 952/952/952 964/964/964 922/922/922
f 952/952/952 922/922/922 911/911/911
f 964/964/964 977/977/977 936/936/936
f 964/964/964 936/936/936 922/922/922
f 977/977/977 997/997/997 957/957/957
f 977/977/977 957/957/957 936/936/936
f 997/997/997 1021/1021/1021 979/979/979
f 997/997/997 979/979/979 957/957/957
f 1021/1021/1021 1045/1045/1045 1005/1005/1005
f 1021/1021/1021 1005/1005/1005 979/979/979
f 1045/1045/1045 1070/1070/1070 1024/1024/1024
f 1045/1045/1045 1024/1024/1024 1005/1005/1005
f 1070/1070/1070 1087/1087/1087 1044/1044/1044
f 1070/1070/1070 1044/1044/1044 1024/1024/1024
f 1087/1087/1087 1100/1100/1100 1053/1053/1053
f 1087/1087/1087 1053/1053/1053 1044/1044/1044
f 1100/1100/1100 1106/1106/1106 1058/1058/1058
f 1100/1100/1100 1058/1058/1058 1053/1053/1053
f 1106/1106/1106 1098/1098/1098 1050/1050/1050
f 1106/1106/1106 1050/1050/1050 1058/1058/1058
f 1098/1098/1098 1085/1085/1085 1041/1041/1041
f 1098/1098/1098 1041/1041/1041 1050/1050/1050
f 1041/1041/1041 1023/1023/1023 981/981/981
f 1041/1041/1041 981/981/981 999/999/999
f 1023/1023/1023 1000/1000/1000 960/960/960
f 1023/1023/1023 960/960/960 981/981/981
f 1000/1000/1000 974/974/974 934/934/934
f 1000/1000/1000 934/934/934 960/960/960
f 974/974/974 955/955/955 915/915/915
f 974/974/974 915/915/915 934/934/934
f 955/955/955 931/931/931 890/890/890
f 955/955/955 890/890/890 915/915/915
f 931/931/931 921/921/921 879/879/879
f 931/931/931 879/879/879 890/890/890
f 921/921/921 910/910/910 868/868/868
f 921/921/921 868/868/868 879/879/879
f 910/910/910 906/906/906 864/864/864
f 910/910/910 864/864/864 868/868/868
f 906/906/906 911/911/911 870/870/870
f 906/906/906 870/870/870 864/864/864
f 911/911/911 922/922/922 881/881/881
f 911/911/911 881/881/881 870/870/870
f 922/922/922 936/936/936 895/895/895
f 922/922/922 895/895/895 881/881/881
f 936/936/936 957/957/957 917/917/917
f 936/936/936 917/917/917 895/895/895
f 957/957/957 979/979/979 939/939/939
f 957/957/957 939/939/939 917/917/917
f 979/979/979 1005/1005/1005 962/962/962
f 979/979/979 962/962/962 939/939/939
f 1005/1005/1005 1024/1024/1024 984/984/984
f 1005/1005/1005 984/984/984 962/962/962
f 1024/1024/1024 1044/1044/1044 1001/1001/1001
f 1024/1024/1024 1001/1001/1001 984/984/984
f 1044/1044/1044 1053/1053/1053 1009/1009/1009
f 1044/1044/1044 1009/1009/1009 1001/1001/1001
f 1053/1053/1053 1058/1058/1058 1011/1011/1011
f 1053/1053/1053 1011/1011/1011 1009/1009/1009
f 1058/1058/1058 1050/1050/1050 1008/1008/1008
f 1058/1058/1058 1008/1008/1008 1011/1011/1011
f 1050/1050/1050 1041/1041/1041 999/999/999
f 1050/1050/1050 999/999/999 1008/1008/1008
f 999/999/999 981/981/981 940/940/940
f 999/999/999 940/940/940 956/956/956
f 981/981/981 960/960/960 920/920/920
f 981/981/981 920/920/920 940/940/940
f 960/960/960 934/934/934 893/893/893
f 960/960/960 893/893/893 920/920/920
f 934/934/934 915/915/915 874/874/874
f 934/934/934 874/874/874 893/893/893
f 915/915/915 890/890/890 851/851/851
f 915/915/915 851/851/851 874/874/874
f 890/890/890 879/879/879 839/839/839
f 890/890/890 839/839/839 851/851/851
f 879/879/879 868/868/868 828/828/828
f 879/879/879 828/828/828 839/839/839
f 868/868/868 864/864/864 824/824/824
f 868/868/868 824/824/824 828/828/828
f 864/864/864 870/870/870 829/829/829
f 864/864/864 829/829/829 824/824/824
f 870/870/870 881/881/881 841/841/841
f 870/870/870 841/841/841 829/829/829
f 881/881/881 895/895/895 854/854/854
f 881/881/881 854/854/854 841/841/841
f 895/895/895 917/917/917 877/877/877
f 895/895/895 877/877/877 854/854/854
f 917/917/917 939/939/939 899/899/899
f 917/917/917 899/899/899 877/877/877
f 939/939/939 962/962/962 923/923/923
f 939/939/939 923/923/923 899/899/899
f 962/962/962 984/984/984 943/943/943
f 962/962/962 943/943/943 923/923/923
f 984/984/984 1001/1001/1001 958/958/958
f 984/984/984 958/958/958 943/943/943
f 1001/1001/1001 1009/1009/1009 968/968/968
f 1001/1001/1001 968/968/968 958/958/958
f 1009/1009/1009 1011/1011/1011 969/969/969
f 1009/1009/1009 969/969/969 968/968/968
f 1011/1011/1011 1008/1008/1008 967/967/967
f 1011/1011/1011 967/967/967 969/969/969
f 1008/1008/1008 999/999/999 956/956/956
f 1008/1008/1008 956/956/956 967/967/967
f 956/956/956 940/940/940 898/898/898
f 956/956/956 898/898/898 916/916/916
f 940/940/940 920/920/920 880/880/880
f 940/940/940 880/880/880 898/898/898
f 920/920/920 893/893/893 855/855/855
f 920/920/920 855/855/855 880/880/880
f 893/893/893 874/874/874 834/834/834
f 893/893/893 834/834/834 855/855/855
f 874/874/874 851/851/851 812/812/812
f 874/874/874 812/812/812 834/834/834
f 851/851/851 839/839/839 797/797/797
f 851/851/851 797/797/797 812/812/812
f 839/839/839 828/828/828 788/788/788
f 839/839/839 788/788/788 797/797/797
f 828/828/828 824/824/824 784/784/784
f 828/828/828 784/784/784 788/788/788
f 824/824/824 829/829/829 790/790/790
f 824/824/824 790/790/790 784/784/784
f 829/829/829 841/841/841 799/799/799
f 829/829/829 799/799/799 790/790/790
f 841/841/841 854/854/854 815/815/815
f 841/841/841 815/815/815 799/799/799
f 854/854/854 877/877/877 838/838/838
f 854/854/854 838/838/838 815/815/815
f 877/877/877 899/899/899 861/861/861
f 877/877/877 861/861/861 838/838/838
f 899/899/899 923/923/923 882/882/882
f 899/899/899 882/882/882 861/861/861
f 923/923/923 943/943/943 902/902/902
f 923/923/923 902/902/902 882/882/882
f 943/943/943 958/958/958 918/918/918
f 943/943/943 918/918/918 902/902/902
f 958/958/958 968/968/968 927/927/927
f 958/958/958 927/927/927 918/918/918
f 968/968/968 969/969/969 929/929/929
f 968/968/968 929/929/929 927/927/927
f 969/969/969 967/967/967 926/926/926
f 969/969/969 926/926/926 929/929/929
f 967/967/967 956/956/956 916/916/916
f 967/967/967 916/916/916 926/926/926
f 916/916/916 898/898/898 859/859/859
f 916/916/916 859/859/859 875/875/875
f 898/898/898 880/880/880 840/840/840
f 898/898/898 840/840/840 859/859/859
f 880/880/880 855/855/855 817/817/817
f 880/880/880 817/817/817 840/840/840
f 855/855/855 834/834/834 794/794/794
f 855/855/855 794/794/794 817/817/817
f 834/834/834 812/812/812 772/772/772
f 834/834/834 772/772/772 794/794/794
f 812/812/812 797/797/797 756/756/756
f 812/812/812 756/756/756 772/772/772
f 797/797/797 788/788/788 748/748/748
f 797/797/797 748/748/748 756/756/756
f 788/788/788 784/784/784 746/746/746
f 788/788/788 746/746/746 748/748/748
f 784/784/784 790/790/790 750/750/750
f 784/784/784 750/750/750 746/746/746
f 790/790/790 799/799/799 759/759/759
f 790/790/790 759/759/759 750/750/750
f 799/799/799 815/815/815 775/775/775
f 799/799/799 775/775/775 759/759/759
f 815/815/815 838/838/838 798/798/798
f 815/815/815 798/798/798 775/775/775
f 838/838/838 861/861/861 820/820/820
f 838/838/838 820/820/820 798/798/798
f 861/861/861 882/882/882 843/843/843
f 861/861/861 843/843/843 820/820/820
f 882/882/882 902/902/902 862/862/862
f 882/882/882 862/862/862 843/843/843
f 902/902/902 918/918/918 876/876/876
f 902/902/902 876/876/876 862/862/862
f 918/918/918 927/927/927 886/886/886
f 918/918/918 886/886/886 876/876/876
f 927/927/927 929/929/929 888/888/888
f 927/927/927 888/888/888 886/886/886
f 929/929/929 926/926/926 885/885/885
f 929/929/929 885/885/885 888/888/888
f 926/926/926 916/916/916 875/875/875
f 926/926/926 875/875/875 885/885/885
f 875/875/875 859/859/859 819/819/819
f 875/875/875 819/819/819 833/833/833
f 859/859/859 840/840/840 801/801/801
f 859/859/859 801/801/801 819/819/819
f 840/840/840 817/817/817 776/776/776
f 840/840/840 776/776/776 801/801/801
f 817/817/817 794/794/794 754/754/754
f 817/817/817 754/754/754 776/776/776
f 794/794/794 772/772/772 733/733/733
f 794/794/794 733/733/733 754/754/754
f 772/772/772 756/756/756 716/716/716
f 772/772/772 716/716/716 733/733/733
f 756/756/756 748/748/748 707/707/707
f 756/756/756 707/707/707 716/716/716
f 748/748/748 746/746/746 703/703/703
f 748/748/748 703/703/703 707/707/707
f 746/746/746 750/750/750 708/708/708
f 746/746/746 708/708/708 703/703/703
f 750/750/750 759/759/759 718/718/718
f 750/750/750 718/718/718 708/708/708
f 759/759/759 775/775/775 735/735/735
f 759/759/759 735/735/735 718/718/718
f 775/775/775 798/798/798 758/758/758
f 775/775/775 758/758/758 735/735/735
f 798/798/798 820/820/820 780/780/780
f 798/798/798 780/780/780 758/758/758
f 820/820/820 843/843/843 803/803/803
f 820/820/820 803/803/803 780/780/780
f 843/843/843 862/862/862 821/821/821
f 843/843/843 821/821/821 803/803/803
f 862/862/862 876/876/876 835/835/835
f 862/862/862 835/835/835 821/821/821
f 876/876/876 886/886/886 846/846/846
f 876/876/876 846/846/846 835/835/835
f 886/886/886 888/888/888 848/848/848
f 886/886/886 848/848/848 846/846/846
f 888/888/888 885/885/885 845/845/845
f 888/888/888 845/845/845 848/848/848
f 885/885/885 875/875/875 833/833/833
f 885/885/885 833/833/833 845/845/845
f 833/833/833 819/819/819 778/778/778
f 833/833/833 778/778/778 793/793/793
f 819/819/819 801/801/801 760/760/760
f 819/819/819 760/760/760 778/778/778
f 801/801/801 776/776/776 738/738/738
f 801/801/801 738/738/738 760/760/760
f 776/776/776 754/754/754 715/715/715
f 776/776/776 715/715/715 738/738/738
f 754/754/754 733/733/733 695/695/695
f 754/754/754 695/695/695 715/715/715
f 733/733/733 716/716/716 675/675/675
f 733/733/733 675/675/675 695/695/695
f 716/716/716 707/707/707 666/666/666
f 716/716/716 666/666/666 675/675/675
f 707/707/707 703/703/703 662/662/662
f 707/707/707 662/662/662 666/666/666
f 703/703/703 708/708/708 668/668/668
f 703/703/703 668/668/668 662/662/662
f 708/708/708 718/718/718 679/679/679
f 708/708/708 679/679/679 668/668/668
f 718/718/718 735/735/735 700/700/700
f 718/718/718 700/700/700 679/679/679
f 735/735/735 758/758/758 719/719/719
f 735/735/735 719/719/719 700/700/700
f 758/758/758 780/780/780 744/744/744
f 758/758/758 744/744/744 719/719/719
f 780/780/780 803/803/803 764/764/764
f 780/780/780 764/764/764 744/744/744
f 803/803/803 821/821/821 781/781/781
f 803/803/803 781/781/781 764/764/764
f 821/821/821 835/835/835 795/795/795
f 821/821/821 795/795/795 781/781/781
f 835/835/835 846/846/846 805/805/805
f 835/835/835 805/805/805 795/795/795
f 846/846/846 848/848/848 807/807/807
f 846/846/846 807/807/807 805/805/805
f 848/848/848 845/845/845 804/804/804
f 848/848/848 804/804/804 807/807/807
f 845/845/845 833/833/833 793/793/793
f 845/845/845 793/793/793 804/804/804
f 793/793/793 778/778/778 740/740/740
f 793/793/793 740/740/740 752/752/752
f 778/778/778 760/760/760 721/721/721
f 778/778/778 721/721/721 740/740/740
f 760/760/760 738/738/738 702/702/702
f 760/760/760 702/702/702 721/721/721
f 738/738/738 715/715/715 677/677/677
f 738/738/738 677/677/677 702/702/702
f 715/715/715 695/695/695 659/659/659
f 715/715/715 659/659/659 677/677/677
f 695/695/695 675/675/675 642/642/642
f 695/695/695 642/642/642 659/659/659
f 675/675/675 666/666/666 627/627/627
f 675/675/675 627/627/627 642/642/642
f 666/666/666 662/662/662 623/623/623
f 666/666/666 623/623/623 627/627/627
f 662/662/662 668/668/668 629/629/629
f 662/662/662 629/629/629 623/623/623
f 668/668/668 679/679/679 643/643/643
f 668/668/668 643/643/643 629/629/629
f 679/679/679 700/700/700 660/660/660
f 679/679/679 660/660/660 643/643/643
f 700/700/700 719/719/719 683/683/683
f 700/700/700 683/683/683 660/660/660
f 719/719/719 744/744/744 706/706/706
f 719/719/719 706/706/706 683/683/683
f 744/744/744 764/764/764 726/726/726
f 744/744/744 726/726/726 706/706/706
f 764/764/764 781/781/781 741/741/741
f 764/764/764 741/741/741 726/726/726
f 781/781/781 795/795/795 753/753/753
f 781/781/781 753/753/753 741/741/741
f 795/795/795 805/805/805 763/763/763
f 795/795/795 763/763/763 753/753/753
f 805/805/805 807/807/807 765/765/765
f 805/805/805 765/765/765 763/763/763
f 807/807/807 804/804/804 761/761/761
f 807/807/807 761/761/761 765/765/765
f 804/804/804 793/793/793 752/752/752
f 804/804/804 752/752/752 761/761/761
f 752/752/752 740/740/740 701/701/701
f 752/752/752 701/701/701 712/712/712
f 740/740/740 721/721/721 686/686/686
f 740/740/740 686/686/686 701/701/701
f 721/721/721 702/702/702 664/664/664
f 721/721/721 664/664/664 686/686/686
f 702/702/702 677/677/677 646/646/646
f 702/702/702 646/646/646 664/664/664
f 677/677/677 659/659/659 622/622/622
f 677/677/677 622/622/622 646/646/646
f 659/659/659 642/642/642 609/609/609
f 659/659/659 609/609/609 622/622/622
f 642/642/642 627/627/627 593/593/593
f 642/642/642 593/593/593 609/609/609
f 627/627/627 623/623/623 588/588/588
f 627/627/627 588/588/588 593/593/593
f 623/623/623 629/629/629 595/595/595
f 623/623/623 595/595/595 588/588/588
f 629/629/629 643/643/643 613/613/613
f 629/629/629 613/613/613 595/595/595
f 643/643/643 660/660/660 625/625/625
f 643/643/643 625/625/625 613/613/613
f 660/660/660 683/683/683 651/651/651
f 660/660/660 651/651/651 625/625/625
f 683/683/683 706/706/706 669/669/669
f 683/683/683 669/669/669 651/651/651
f 706/706/706 726/726/726 690/690/690
f 706/706/706 690/690/690 669/669/669
f 726/726/726 741/741/741 704/704/704
f 726/726/726 704/704/704 690/690/690
f 741/741/741 753/753/753 714/714/714
f 741/741/741 714/714/714 704/704/704
f 753/753/753 763/763/763 722/722/722
f 753/753/753 722/722/722 714/714/714
f 763/763/763 765/765/765 724/724/724
f 763/763/763 724/724/724 722/722/722
f 765/765/765 761/761/761 720/720/720
f 765/765/765 720/720/720 724/724/724
f 761/761/761 752/752/752 712/712/712
f 761/761/761 712/712/712 720/720/720
f 712/712/712 701/701/701 663/663/663
f 712/712/712 663/663/663 672/672/672
f 701/701/701 686/686/686 652/652/652
f 701/701/701 652/652/652 663/663/663
f 686/686/686 664/664/664 632/632/632
f 686/686/686 632/632/632 652/652/652
f 664/664/664 646/646/646 615/615/615
f 664/664/664 615/615/615 632/632/632
f 646/646/646 622/622/622 594/594/594
f 646/646/646 594/594/594 615/615/615
f 622/622/622 609/609/609 577/577/577
f 622/622/622 577/577/577 594/594/594
f 609/609/609 593/593/593 562/562/562
f 609/609/609 562/562/562 577/577/577
f 593/593/593 588/588/588 561/561/561
f 593/593/593 561/561/561 562/562/562
f 588/588/588 595/595/595 565/565/565
f 588/588/588 565/565/565 561/561/561
f 595/595/595 613/613/613 578/578/578
f 595/595/595 578/578/578 565/565/565
f 613/613/613 625/625/625 598/598/598
f 613/613/613 598/598/598 578/578/578
f 625/625/625 651/651/651 617/617/617
f 625/625/625 617/617/617 598/598/598
f 651/651/651 669/669/669 634/634/634
f 651/651/651 634/634/634 617/617/617
f 669/669/669 690/690/690 655/655/655
f 669/669/669 655/655/655 634/634/634
f 690/690/690 704/704/704 665/665/665
f 690/690/690 665/665/665 655/655/655
f 704/704/704 714/714/714 673/673/673
f 704/704/704 673/673/673 665/665/665
f 714/714/714 722/722/722 681/681/681
f 714/714/714 681/681/681 673/673/673
f 722/722/722 724/724/724 685/685/685
f 722/722/722 685/685/685 681/681/681
f 724/724/724 720/720/720 680/680/680
f 724/724/724 680/680/680 685/685/685
f 720/720/720 712/712/712 672/672/672
f 720/720/720 672/672/672 680/680/680
f 672/672/672 663/663/663 626/626/626
f 672/672/672 626/626/626 637/637/637
f 663/663/663 652/652/652 618/618/618
f 663/663/663 618/618/618 626/626/626
f 652/652/652 632/632/632 604/604/604
f 652/652/652 604/604/604 618/618/618
f 632/632/632 615/615/615 586/586/586
f 632/632/632 586/586/586 604/604/604
f 615/615/615 594/594/594 570/570/570
f 615/615/615 570/570/570 586/586/586
f 594/594/594 577/577/577 557/557/557
f 594/594/594 557/557/557 570/570/570
f 577/577/577 562/562/562 550/550/550
f 577/577/577 550/550/550 557/557/557
f 562/562/562 561/561/561 548/548/548
f 562/562/562 548/548/548 550/550/550
f 561/561/561 565/565/565 551/551/551
f 561/561/561 551/551/551 548/548/548
f 565/565/565 578/578/578 560/560/560
f 565/565/565 560/560/560 551/551/551
f 578/578/578 598/598/598 572/572/572
f 578/578/578 572/572/572 560/560/560
f 598/598/598 617/617/617 589/589/589
f 598/598/598 589/589/589 572/572/572
f 617/617/617 634/634/634 608/608/608
f 617/617/617 608/608/608 589/589/589
f 634/634/634 655/655/655 619/619/619
f 634/634/634 619/619/619 608/608/608
f 655/655/655 665/665/665 631/631/631
f 655/655/655 631/631/631 619/619/619
f 665/665/665 673/673/673 640/640/640
f 665/665/665 640/640/640 631/631/631
f 673/673/673 681/681/681 645/645/645
f 673/673/673 645/645/645 640/640/640
f 681/681/681 685/685/685 648/648/648
f 681/681/681 648/648/648 645/645/645
f 685/685/685 680/680/680 644/644/644
f 685/685/685 644/644/644 648/648/648
f 680/680/680 672/672/672 637/637/637
f 680/680/680 637/637/637 644/644/644
f 637/637/637 626/626/626 599/599/599
f 637/637/637 599/599/599 606/606/606
f 626/626/626 618/618/618 590/590/590
f 626/626/626 590/590/590 599/599/599
f 618/618/618 604/604/604 581/581/581
f 618/618/618 581/581/581 590/590/590
f 604/604/604 586/586/586 571/571/571
f 604/604/604 571/571/571 581/581/581
f 586/586/586 570/570/570 563/563/563
f 586/586/586 563/563/563 571/571/571
f 570/570/570 557/557/557 556/556/556
f 570/570/570 556/556/556 563/563/563
f 557/557/557 550/550/550 554/554/554
f 557/557/557 554/554/554 556/556/556
f 550/550/550 548/548/548 552/552/552
f 550/550/550 552/552/552 554/554/554
f 548/548/548 551/551/551 555/555/555
f 548/548/548 555/555/555 552/552/552
f 551/551/551 560/560/560 559/559/559
f 551/551/551 559/559/559 555/555/555
f 560/560/560 572/572/572 566/566/566
f 560/560/560 566/566/566 559/559/559
f 572/572/572 589/589/589 574/574/574
f 572/572/572 574/574/574 566/566/566
f 589/589/589 608/608/608 583/583/583
f 589/589/589 583/583/583 574/574/574
f 608/608/608 619/619/619 591/591/591
f 608/608/608 591/591/591 583/583/583
f 619/619/619 631/631/631 600/600/600
f 619/619/619 600/600/600 591/591/591
f 631/631/631 640/640/640 607/607/607
f 631/631/631 607/607/607 600/600/600
f 640/640/640 645/645/645 611/611/611
f 640/640/640 611/611/611 607/607/607
f 645/645/645 648/648/648 612/612/612
f 645/645/645 612/612/612 611/611/611
f 648/648/648 644/644/644 610/610/610
f 648/648/648 610/610/610 612/612/612
f 644/644/644 637/637/637 606/606/606
f 644/644/644 606/606/606 610/610/610
f 1252/1252/1252 1258/1258/1258 1247/1247/1247
f 1248/1248/1248 1252/1252/1252 1247/1247/1247
f 1243/1243/1243 1248/1248/1248 1247/1247/1247
f 1238/1238/1238 1243/1243/1243 1247/1247/1247
f 1232/1232/1232 1238/1238/1238 1247/1247/1247
f 1229/1229/1229 1232/1232/1232 1247/1247/1247
f 1225/1225/1225 1229/1229/1229 1247/1247/1247
f 1224/1224/1224 1225/1225/1225 1247/1247/1247
f 1226/1226/1226 1224/1224/1224 1247/1247/1247
f 1230/1230/1230 1226/1226/1226 1247/1247/1247
f 1233/1233/1233 1230/1230/1230 1247/1247/1247
f 1239/1239/1239 1233/1233/1233 1247/1247/1247
f 1244/1244/1244 1239/1239/1239 1247/1247/1247
f 1250/1250/1250 1244/1244/1244 1247/1247/1247
f 1254/1254/1254 1250/1250/1250 1247/1247/1247
f 1260/1260/1260 1254/1254/1254 1247/1247/1247
f 1262/1262/1262 1260/1260/1260 1247/1247/1247
f 1263/1263/1263 1262/1262/1262 1247/1247/1247
f 1261/1261/1261 1263/1263/1263 1247/1247/1247
f 1258/1258/1258 1261/1261/1261 1247/1247/1247
f 606/606/606 599/599/599 575/575/575
f 599/599/599 590/590/590 575/575/575
f 590/590/590 581/581/581 575/575/575
f 581/581/581 571/571/571 575/575/575
f 571/571/571 563/563/563 575/575/575
f 563/563/563 556/556/556 575/575/575
f 556/556/556 554/554/554 575/575/575
f 554/554/554 552/552/552 575/575/575
f 552/552/552 555/555/555 575/575/575
f 555/555/555 559/559/559 575/575/575
f 559/559/559 566/566/566 575/575/575
f 566/566/566 574/574/574 575/575/575
f 574/574/574 583/583/583 575/575/575
f 583/583/583 591/591/591 575/575/575
f 591/591/591 600/600/600 575/575/575
f 600/600/600 607/607/607 575/575/575
f 607/607/607 611/611/611 575/575/575
f 611/611/611 612/612/612 575/575/575
f 612/612/612 610/610/610 575/575/575
f 610/610/610 606/606/606 575/575/575
f 63/63/63 59/59/59 55/55/55
f 63/63/63 55/55/55 60/60/60
f 67/67/67 63/63/63 60/60/60
f 67/67/67 60/60/60 65/65/65
f 70/70/70 67/67/67 65/65/65
f 70/70/70 65/65/65 69/69/69
f 74/74/74 70/70/70 69/69/69
f 74/74/74 69/69/69 73/73/73
f 78/78/78 74/74/74 73/73/73
f 78/78/78 73/73/73 77/77/77
f 81/81/81 78/78/78 77/77/77
f 81/81/81 77/77/77 82/82/82
f 85/85/85 81/81/81 82/82/82
f 85/85/85 82/82/82 86/86/86
f 89/89/89 85/85/85 86/86/86
f 89/89/89 86/86/86 90/90/90
f 93/93/93 89/89/89 90/90/90
f 93/93/93 90/90/90 95/95/95
f 208/208/208 93/93/93 95/95/95
f 208/208/208 95/95/95 303/303/303
f 357/357/357 208/208/208 303/303/303
f 357/357/357 303/303/303 485/485/485
f 486/486/486 357/357/357 485/485/485
f 486/486/486 485/485/485 547/547/547
f 489/489/489 486/486/486 547/547/547
f 489/489/489 547/547/547 836/836/836
f 692/692/692 489/489/489 836/836/836
f 692/692/692 836/836/836 983/983/983
f 777/777/777 692/692/692 983/983/983
f 777/777/777 983/983/983 1077/1077/1077
f 792/792/792 777/777/777 1077/1077/1077
f 792/792/792 1077/1077/1077 1099/1099/1099
f 737/737/737 792/792/792 1099/1099/1099
f 737/737/737 1099/1099/1099 1030/1030/1030
f 568/568/568 737/737/737 1030/1030/1030
f 568/568/568 1030/1030/1030 903/903/903
f 487/487/487 568/568/568 903/903/903
f 487/487/487 903/903/903 710/710/710
f 435/435/435 487/487/487 710/710/710
f 435/435/435 710/710/710 488/488/488
f 276/276/276 435/435/435 488/488/488
f 276/276/276 488/488/488 377/377/377
f 94/94/94 276/276/276 377/377/377
f 94/94/94 377/377/377 196/196/196
f 91/91/91 94/94/94 196/196/196
f 91/91/91 196/196/196 92/92/92
f 87/87/87 91/91/91 92/92/92
f 87/87/87 92/92/92 88/88/88
f 83/83/83 87/87/87 88/88/88
f 83/83/83 88/88/88 84/84/84
f 80/80/80 83/83/83 84/84/84
f 80/80/80 84/84/84 79/79/79
f 76/76/76 80/80/80 79/79/79
f 76/76/76 79/79/79 75/75/75
f 72/72/72 76/76/76 75/75/75
f 72/72/72 75/75/75 71/71/71
f 68/68/68 72/72/72 71/71/71
f 68/68/68 71/71/71 66/66/66
f 64/64/64 68/68/68 66/66/66
f 64/64/64 66/66/66 62/62/62
f 61/61/61 64/64/64 62/62/62
f 61/61/61 62/62/62 58/58/58
f 57/57/57 61/61/61 58/58/58
f 57/57/57 58/58/58 53/53/53
f 54/54/54 57/57/57 53/53/53
f 54/54/54 53/53/53 46/46/46
f 51/51/51 54/54/54 46/46/46
f 51/51/51 46/46/46 44/44/44
f 48/48/48 51/51/51 44/44/44
f 48/48/48 44/44/44 42/42/42
f 47/47/47 48/48/48 42/42/42
f 47/47/47 42/42/42 41/41/41
f 49/49/49 47/47/47 41/41/41
f 49/49/49 41/41/41 43/43/43
f 52/52/52 49/49/49 43/43/43
f 52/52/52 43/43/43 45/45/45
f 56/56/56 52/52/52 45/45/45
f 56/56/56 45/45/45 50/50/50
f 59/59/59 56/56/56 50/50/50
f 59/59/59 50/50/50 55/55/55
f 60/60/60 55/55/55 2817/2817/2817
f 60/60/60 2817/2817/2817 2825/2825/2825
f 65/65/65 60/60/60 2825/2825/2825
f 65/65/65 2825/2825/2825 2833/2833/2833
f 69/69/69 65/65/65 2833/2833/2833
f 69/69/69 2833/2833/2833 2835/2835/2835
f 73/73/73 69/69/69 2835/2835/2835
f 73/73/73 2835/2835/2835 2838/2838/2838
f 77/77/77 73/73/73 2838/2838/2838
f 77/77/77 2838/2838/2838 2841/2841/2841
f 82/82/82 77/77/77 2841/2841/2841
f 82/82/82 2841/2841/2841 2844/2844/2844
f 86/86/86 82/82/82 2844/2844/2844
f 86/86/86 2844/2844/2844 2847/2847/2847
f 90/90/90 86/86/86 2847/2847/2847
f 90/90/90 2847/2847/2847 2850/2850/2850
f 95/95/95 90/90/90 2850/2850/2850
f 95/95/95 2850/2850/2850 2853/2853/2853
f 303/303/303 95/95/95 2853/2853/2853
f 303/303/303 2853/2853/2853 2857/2857/2857
f 485/485/485 303/303/303 2857/2857/2857
f 485/485/485 2857/2857/2857 2863/2863/2863
f 547/547/547 485/485/485 2863/2863/2863
f 547/547/547 2863/2863/2863 2872/2872/2872
f 836/836/836 547/547/547 2872/2872/2872
f 836/836/836 2872/2872/2872 2883/2883/2883
f 983/983/983 836/836/836 2883/2883/2883
f 983/983/983 2883/2883/2883 2886/2886/2886
f 1077/1077/1077 983/983/983 2886/2886/2886
f 1077/1077/1077 2886/2886/2886 2889/2889/2889
f 1099/1099/1099 1077/1077/1077 2889/2889/2889
f 1099/1099/1099 2889/2889/2889 2890/2890/2890
f 1030/1030/1030 1099/1099/1099 2890/2890/2890
f 1030/1030/1030 2890/2890/2890 2888/2888/2888
f 903/903/903 1030/1030/1030 2888/2888/2888
f 903/903/903 2888/2888/2888 2885/2885/2885
f 710/710/710 903/903/903 2885/2885/2885
f 710/710/710 2885/2885/2885 2877/2877/2877
f 488/488/488 710/710/710 2877/2877/2877
f 488/488/488 2877/2877/2877 2866/2866/2866
f 377/377/377 488/488/488 2866/2866/2866
f 377/377/377 2866/2866/2866 2859/2859/2859
f 196/196/196 377/377/377 2859/2859/2859
f 196/196/196 2859/2859/2859 2854/2854/2854
f 92/92/92 196/196/196 2854/2854/2854
f 92/92/92 2854/2854/2854 2852/2852/2852
f 88/88/88 92/92/92 2852/2852/2852
f 88/88/88 2852/2852/2852 2849/2849/2849
f 84/84/84 88/88/88 2849/2849/2849
f 84/84/84 2849/2849/2849 2846/2846/2846
f 79/79/79 84/84/84 2846/2846/2846
f 79/79/79 2846/2846/2846 2843/2843/2843
f 75/75/75 79/79/79 2843/2843/2843
f 75/75/75 2843/2843/2843 2840/2840/2840
f 71/71/71 75/75/75 2840/2840/2840
f 71/71/71 2840/2840/2840 2837/2837/2837
f 66/66/66 71/71/71 2837/2837/2837
f 66/66/66 2837/2837/2837 2834/2834/2834
f 62/62/62 66/66/66 2834/2834/2834
f 62/62/62 2834/2834/2834 2829/2829/2829
f 58/58/58 62/62/62 2829/2829/2829
f 58/58/58 2829/2829/2829 2821/2821/2821
f 53/53/53 58/58/58 2821/2821/2821
f 53/53/53 2821/2821/2821 2814/2814/2814
f 46/46/46 53/53/53 2814/2814/2814
f 46/46/46 2814/2814/2814 2802/2802/2802
f 44/44/44 46/46/46 2802/2802/2802
f 44/44/44 2802/2802/2802 2799/2799/2799
f 42/42/42 44/44/44 2799/2799/2799
f 42/42/42 2799/2799/2799 2796/2796/2796
f 41/41/41 42/42/42 2796/2796/2796
f 41/41/41 2796/2796/2796 2795/2795/2795
f 43/43/43 41/41/41 2795/2795/2795
f 43/43/43 2795/2795/2795 2797/2797/2797
f 45/45/45 43/43/43 2797/2797/2797
f 45/45/45 2797/2797/2797 2800/2800/2800
f 50/50/50 45/45/45 2800/2800/2800
f 50/50/50 2800/2800/2800 2807/2807/2807
f 55/55/55 50/50/50 2807/2807/2807
f 55/55/55 2807/2807/2807 2817/2817/2817
f 2826/2826/2826 2824/2824/2824 2830/2830/2830
f 2835/2835/2835 2833/2833/2833 2836/2836/2836
f 2838/2838/2838 2835/2835/2835 2836/2836/2836
f 2838/2838/2838 2836/2836/2836 2839/2839/2839
f 2841/2841/2841 2838/2838/2838 2839/2839/2839
f 2841/2841/2841 2839/2839/2839 2842/2842/2842
f 2844/2844/2844 2841/2841/2841 2842/2842/2842
f 2857/2857/2857 2853/2853/2853 2855/2855/2855
f 2864/2864/2864 2855/2855/2855 2858/2858/2858
f 2871/2871/2871 2858/2858/2858 2865/2865/2865
f 2883/2883/2883 2865/2865/2865 2870/2870/2870
f 2886/2886/2886 2883/2883/2883 2870/2870/2870
f 2886/2886/2886 2870/2870/2870 2875/2875/2875
f 2889/2889/2889 2886/2886/2886 2875/2875/2875
f 2889/2889/2889 2875/2875/2875 2880/2880/2880
f 2890/2890/2890 2889/2889/2889 2880/2880/2880
f 2890/2890/2890 2880/2880/2880 2882/2882/2882
f 2887/2887/2887 2881/2881/2881 2878/2878/2878
f 2884/2884/2884 2879/2879/2879 2873/2873/2873
f 2876/2876/2876 2874/2874/2874 2868/2868/2868
f 2867/2867/2867 2869/2869/2869 2861/2861/2861
f 2860/2860/2860 2862/2862/2862 2856/2856/2856
f 2852/2852/2852 2854/2854/2854 2851/2851/2851
f 2849/2849/2849 2852/2852/2852 2851/2851/2851
f 2849/2849/2849 2851/2851/2851 2848/2848/2848
f 2846/2846/2846 2849/2849/2849 2848/2848/2848
f 2846/2846/2846 2848/2848/2848 2845/2845/2845
f 2843/2843/2843 2846/2846/2846 2845/2845/2845
f 2829/2829/2829 2834/2834/2834 2831/2831/2831
f 2822/2822/2822 2832/2832/2832 2827/2827/2827
f 2813/2813/2813 2828/2828/2828 2820/2820/2820
f 2802/2802/2802 2820/2820/2820 2815/2815/2815
f 2799/2799/2799 2802/2802/2802 2815/2815/2815
f 2799/2799/2799 2815/2815/2815 2810/2810/2810
f 2796/2796/2796 2799/2799/2799 2810/2810/2810
f 2796/2796/2796 2810/2810/2810 2805/2805/2805
f 2795/2795/2795 2796/2796/2796 2805/2805/2805
f 2795/2795/2795 2805/2805/2805 2804/2804/2804
f 2798/2798/2798 2803/2803/2803 2809/2809/2809
f 2801/2801/2801 2808/2808/2808 2811/2811/2811
f 2806/2806/2806 2812/2812/2812 2819/2819/2819
f 2816/2816/2816 2818/2818/2818 2823/2823/2823
f 27/27/27 29/29/29 9/9/9
f 27/27/27 9/9/9 7/7/7
f 29/29/29 31/31/31 11/11/11
f 29/29/29 11/11/11 9/9/9
f 31/31/31 33/33/33 13/13/13
f 31/31/31 13/13/13 11/11/11
f 33/33/33 35/35/35 15/15/15
f 33/33/33 15/15/15 13/13/13
f 35/35/35 37/37/37 17/17/17
f 35/35/35 17/17/17 15/15/15
f 37/37/37 39/39/39 19/19/19
f 37/37/37 19/19/19 17/17/17
f 39/39/39 40/40/40 20/20/20
f 39/39/39 20/20/20 19/19/19
f 40/40/40 38/38/38 18/18/18
f 40/40/40 18/18/18 20/20/20
f 38/38/38 36/36/36 16/16/16
f 38/38/38 16/16/16 18/18/18
f 36/36/36 34/34/34 14/14/14
f 36/36/36 14/14/14 16/16/16
f 34/34/34 32/32/32 12/12/12
f 34/34/34 12/12/12 14/14/14
f 32/32/32 30/30/30 10/10/10
f 32/32/32 10/10/10 12/12/12
f 30/30/30 28/28/28 8/8/8
f 30/30/30 8/8/8 10/10/10
f 28/28/28 26/26/26 6/6/6
f 28/28/28 6/6/6 8/8/8
f 26/26/26 24/24/24 4/4/4
f 26/26/26 4/4/4 6/6/6
f 24/24/24 22/22/22 2/2/2
f 24/24/24 2/2/2 4/4/4
f 22/22/22 21/21/21 1/1/1
f 22/22/22 1/1/1 2/2/2
f 21/21/21 23/23/23 3/3/3
f 21/21/21 3/3/3 1/1/1
f 23/23/23 25/25/25 5/5/5
f 23/23/23 5/5/5 3/3/3
f 25/25/25 27/27/27 7/7/7
f 25/25/25 7/7/7 5/5/5
f 2791/2791/2791 2793/2793/2793 2788/2788/2788
f 2791/2791/2791 2788/2788/2788 2784/2784/2784
f 2793/2793/2793 2794/2794/2794 2789/2789/2789
f 2793/2793/2793 2789/2789/2789 2788/2788/2788
f 2794/2794/2794 2792/2792/2792 2787/2787/2787
f 2794/2794/2794 2787/2787/2787 2789/2789/2789
f 2792/2792/2792 2790/2790/2790 2781/2781/2781
f 2792/2792/2792 2781/2781/2781 2787/2787/2787
f 2790/2790/2790 2785/2785/2785 2776/2776/2776
f 2790/2790/2790 2776/2776/2776 2781/2781/2781
f 2785/2785/2785 2780/2780/2780 2767/2767/2767
f 2785/2785/2785 2767/2767/2767 2776/2776/2776
f 2780/2780/2780 2777/2777/2777 2758/2758/2758
f 2780/2780/2780 2758/2758/2758 2767/2767/2767
f 2777/2777/2777 2773/2773/2773 2754/2754/2754
f 2777/2777/2777 2754/2754/2754 2758/2758/2758
f 2773/2773/2773 2768/2768/2768 2747/2747/2747
f 2773/2773/2773 2747/2747/2747 2754/2754/2754
f 2768/2768/2768 2764/2764/2764 2744/2744/2744
f 2768/2768/2768 2744/2744/2744 2747/2747/2747
f 2764/2764/2764 2761/2761/2761 2740/2740/2740
f 2764/2764/2764 2740/2740/2740 2744/2744/2744
f 2761/2761/2761 2760/2760/2760 2739/2739/2739
f 2761/2761/2761 2739/2739/2739 2740/2740/2740
f 2760/2760/2760 2762/2762/2762 2741/2741/2741
f 2760/2760/2760 2741/2741/2741 2739/2739/2739
f 2762/2762/2762 2765/2765/2765 2745/2745/2745
f 2762/2762/2762 2745/2745/2745 2741/2741/2741
f 2765/2765/2765 2769/2769/2769 2750/2750/2750
f 2765/2765/2765 2750/2750/2750 2745/2745/2745
f 2769/2769/2769 2774/2774/2774 2755/2755/2755
f 2769/2769/2769 2755/2755/2755 2750/2750/2750
f 2774/2774/2774 2779/2779/2779 2759/2759/2759
f 2774/2774/2774 2759/2759/2759 2755/2755/2755
f 2779/2779/2779 2782/2782/2782 2770/2770/2770
f 2779/2779/2779 2770/2770/2770 2759/2759/2759
f 2782/2782/2782 2786/2786/2786 2778/2778/2778
f 2782/2782/2782 2778/2778/2778 2770/2770/2770
f 2786/2786/2786 2791/2791/2791 2784/2784/2784
f 2786/2786/2786 2784/2784/2784 2778/2778/2778
f 2784/2784/2784 2788/2788/2788 2772/2772/2772
f 2784/2784/2784 2772/2772/2772 2766/2766/2766
f 2788/2788/2788 2789/2789/2789 2775/2775/2775
f 2788/2788/2788 2775/2775/2775 2772/2772/2772
f 2789/2789/2789 2787/2787/2787 2771/2771/2771
f 2789/2789/2789 2771/2771/2771 2775/2775/2775
f 2787/2787/2787 2781/2781/2781 2763/2763/2763
f 2787/2787/2787 2763/2763/2763 2771/2771/2771
f 2781/2781/2781 2776/2776/2776 2756/2756/2756
f 2781/2781/2781 2756/2756/2756 2763/2763/2763
f 2776/2776/2776 2767/2767/2767 2748/2748/2748
f 2776/2776/2776 2748/2748/2748 2756/2756/2756
f 2767/2767/2767 2758/2758/2758 2738/2738/2738
f 2767/2767/2767 2738/2738/2738 2748/2748/2748
f 2758/2758/2758 2754/2754/2754 2734/2734/2734
f 2758/2758/2758 2734/2734/2734 2738/2738/2738
f 2754/2754/2754 2747/2747/2747 2727/2727/2727
f 2754/2754/2754 2727/2727/2727 2734/2734/2734
f 2747/2747/2747 2744/2744/2744 2724/2724/2724
f 2747/2747/2747 2724/2724/2724 2727/2727/2727
f 2744/2744/2744 2740/2740/2740 2720/2720/2720
f 2744/2744/2744 2720/2720/2720 2724/2724/2724
f 2740/2740/2740 2739/2739/2739 2718/2718/2718
f 2740/2740/2740 2718/2718/2718 2720/2720/2720
f 2739/2739/2739 2741/2741/2741 2721/2721/2721
f 2739/2739/2739 2721/2721/2721 2718/2718/2718
f 2741/2741/2741 2745/2745/2745 2725/2725/2725
f 2741/2741/2741 2725/2725/2725 2721/2721/2721
f 2745/2745/2745 2750/2750/2750 2731/2731/2731
f 2745/2745/2745 2731/2731/2731 2725/2725/2725
f 2750/2750/2750 2755/2755/2755 2735/2735/2735
f 2750/2750/2750 2735/2735/2735 2731/2731/2731
f 2755/2755/2755 2759/2759/2759 2742/2742/2742
f 2755/2755/2755 2742/2742/2742 2735/2735/2735
f 2759/2759/2759 2770/2770/2770 2752/2752/2752
f 2759/2759/2759 2752/2752/2752 2742/2742/2742
f 2770/2770/2770 2778/2778/2778 2757/2757/2757
f 2770/2770/2770 2757/2757/2757 2752/2752/2752
f 2778/2778/2778 2784/2784/2784 2766/2766/2766
f 2778/2778/2778 2766/2766/2766 2757/2757/2757
f 2766/2766/2766 2772/2772/2772 2751/2751/2751
f 2766/2766/2766 2751/2751/2751 2746/2746/2746
f 2772/2772/2772 2775/2775/2775 2753/2753/2753
f 2772/2772/2772 2753/2753/2753 2751/2751/2751
f 2775/2775/2775 2771/2771/2771 2749/2749/2749
f 2775/2775/2775 2749/2749/2749 2753/2753/2753
f 2771/2771/2771 2763/2763/2763 2743/2743/2743
f 2771/2771/2771 2743/2743/2743 2749/2749/2749
f 2763/2763/2763 2756/2756/2756 2736/2736/2736
f 2763/2763/2763 2736/2736/2736 2743/2743/2743
f 2756/2756/2756 2748/2748/2748 2729/2729/2729
f 2756/2756/2756 2729/2729/2729 2736/2736/2736
f 2748/2748/2748 2738/2738/2738 2719/2719/2719
f 2748/2748/2748 2719/2719/2719 2729/2729/2729
f 2738/2738/2738 2734/2734/2734 2714/2714/2714
f 2738/2738/2738 2714/2714/2714 2719/2719/2719
f 2734/2734/2734 2727/2727/2727 2708/2708/2708
f 2734/2734/2734 2708/2708/2708 2714/2714/2714
f 2727/2727/2727 2724/2724/2724 2703/2703/2703
f 2727/2727/2727 2703/2703/2703 2708/2708/2708
f 2724/2724/2724 2720/2720/2720 2699/2699/2699
f 2724/2724/2724 2699/2699/2699 2703/2703/2703
f 2720/2720/2720 2718/2718/2718 2698/2698/2698
f 2720/2720/2720 2698/2698/2698 2699/2699/2699
f 2718/2718/2718 2721/2721/2721 2701/2701/2701
f 2718/2718/2718 2701/2701/2701 2698/2698/2698
f 2721/2721/2721 2725/2725/2725 2705/2705/2705
f 2721/2721/2721 2705/2705/2705 2701/2701/2701
f 2725/2725/2725 2731/2731/2731 2712/2712/2712
f 2725/2725/2725 2712/2712/2712 2705/2705/2705
f 2731/2731/2731 2735/2735/2735 2715/2715/2715
f 2731/2731/2731 2715/2715/2715 2712/2712/2712
f 2735/2735/2735 2742/2742/2742 2722/2722/2722
f 2735/2735/2735 2722/2722/2722 2715/2715/2715
f 2742/2742/2742 2752/2752/2752 2733/2733/2733
f 2742/2742/2742 2733/2733/2733 2722/2722/2722
f 2752/2752/2752 2757/2757/2757 2737/2737/2737
f 2752/2752/2752 2737/2737/2737 2733/2733/2733
f 2757/2757/2757 2766/2766/2766 2746/2746/2746
f 2757/2757/2757 2746/2746/2746 2737/2737/2737
f 2746/2746/2746 2751/2751/2751 2730/2730/2730
f 2746/2746/2746 2730/2730/2730 2726/2726/2726
f 2751/2751/2751 2753/2753/2753 2732/2732/2732
f 2751/2751/2751 2732/2732/2732 2730/2730/2730
f 2753/2753/2753 2749/2749/2749 2728/2728/2728
f 2753/2753/2753 2728/2728/2728 2732/2732/2732
f 2749/2749/2749 2743/2743/2743 2723/2723/2723
f 2749/2749/2749 2723/2723/2723 2728/2728/2728
f 2743/2743/2743 2736/2736/2736 2716/2716/2716
f 2743/2743/2743 2716/2716/2716 2723/2723/2723
f 2736/2736/2736 2729/2729/2729 2710/2710/2710
f 2736/2736/2736 2710/2710/2710 2716/2716/2716
f 2729/2729/2729 2719/2719/2719 2700/2700/2700
f 2729/2729/2729 2700/2700/2700 2710/2710/2710
f 2719/2719/2719 2714/2714/2714 2694/2694/2694
f 2719/2719/2719 2694/2694/2694 2700/2700/2700
f 2714/2714/2714 2708/2708/2708 2688/2688/2688
f 2714/2714/2714 2688/2688/2688 2694/2694/2694
f 2708/2708/2708 2703/2703/2703 2683/2683/2683
f 2708/2708/2708 2683/2683/2683 2688/2688/2688
f 2703/2703/2703 2699/2699/2699 2679/2679/2679
f 2703/2703/2703 2679/2679/2679 2683/2683/2683
f 2699/2699/2699 2698/2698/2698 2678/2678/2678
f 2699/2699/2699 2678/2678/2678 2679/2679/2679
f 2698/2698/2698 2701/2701/2701 2680/2680/2680
f 2698/2698/2698 2680/2680/2680 2678/2678/2678
f 2701/2701/2701 2705/2705/2705 2686/2686/2686
f 2701/2701/2701 2686/2686/2686 2680/2680/2680
f 2705/2705/2705 2712/2712/2712 2692/2692/2692
f 2705/2705/2705 2692/2692/2692 2686/2686/2686
f 2712/2712/2712 2715/2715/2715 2695/2695/2695
f 2712/2712/2712 2695/2695/2695 2692/2692/2692
f 2715/2715/2715 2722/2722/2722 2704/2704/2704
f 2715/2715/2715 2704/2704/2704 2695/2695/2695
f 2722/2722/2722 2733/2733/2733 2713/2713/2713
f 2722/2722/2722 2713/2713/2713 2704/2704/2704
f 2733/2733/2733 2737/2737/2737 2717/2717/2717
f 2733/2733/2733 2717/2717/2717 2713/2713/2713
f 2737/2737/2737 2746/2746/2746 2726/2726/2726
f 2737/2737/2737 2726/2726/2726 2717/2717/2717
f 2726/2726/2726 2730/2730/2730 2709/2709/2709
f 2726/2726/2726 2709/2709/2709 2706/2706/2706
f 2730/2730/2730 2732/2732/2732 2711/2711/2711
f 2730/2730/2730 2711/2711/2711 2709/2709/2709
f 2732/2732/2732 2728/2728/2728 2707/2707/2707
f 2732/2732/2732 2707/2707/2707 2711/2711/2711
f 2728/2728/2728 2723/2723/2723 2702/2702/2702
f 2728/2728/2728 2702/2702/2702 2707/2707/2707
f 2723/2723/2723 2716/2716/2716 2696/2696/2696
f 2723/2723/2723 2696/2696/2696 2702/2702/2702
f 2716/2716/2716 2710/2710/2710 2691/2691/2691
f 2716/2716/2716 2691/2691/2691 2696/2696/2696
f 2710/2710/2710 2700/2700/2700 2681/2681/2681
f 2710/2710/2710 2681/2681/2681 2691/2691/2691
f 2700/2700/2700 2694/2694/2694 2674/2674/2674
f 2700/2700/2700 2674/2674/2674 2681/2681/2681
f 2694/2694/2694 2688/2688/2688 2669/2669/2669
f 2694/2694/2694 2669/2669/2669 2674/2674/2674
f 2688/2688/2688 2683/2683/2683 2663/2663/2663
f 2688/2688/2688 2663/2663/2663 2669/2669/2669
f 2683/2683/2683 2679/2679/2679 2659/2659/2659
f 2683/2683/2683 2659/2659/2659 2663/2663/2663
f 2679/2679/2679 2678/2678/2678 2658/2658/2658
f 2679/2679/2679 2658/2658/2658 2659/2659/2659
f 2678/2678/2678 2680/2680/2680 2660/2660/2660
f 2678/2678/2678 2660/2660/2660 2658/2658/2658
f 2680/2680/2680 2686/2686/2686 2666/2666/2666
f 2680/2680/2680 2666/2666/2666 2660/2660/2660
f 2686/2686/2686 2692/2692/2692 2672/2672/2672
f 2686/2686/2686 2672/2672/2672 2666/2666/2666
f 2692/2692/2692 2695/2695/2695 2675/2675/2675
f 2692/2692/2692 2675/2675/2675 2672/2672/2672
f 2695/2695/2695 2704/2704/2704 2684/2684/2684
f 2695/2695/2695 2684/2684/2684 2675/2675/2675
f 2704/2704/2704 2713/2713/2713 2693/2693/2693
f 2704/2704/2704 2693/2693/2693 2684/2684/2684
f 2713/2713/2713 2717/2717/2717 2697/2697/2697
f 2713/2713/2713 2697/2697/2697 2693/2693/2693
f 2717/2717/2717 2726/2726/2726 2706/2706/2706
f 2717/2717/2717 2706/2706/2706 2697/2697/2697
f 2706/2706/2706 2709/2709/2709 2689/2689/2689
f 2706/2706/2706 2689/2689/2689 2685/2685/2685
f 2709/2709/2709 2711/2711/2711 2690/2690/2690
f 2709/2709/2709 2690/2690/2690 2689/2689/2689
f 2711/2711/2711 2707/2707/2707 2687/2687/2687
f 2711/2711/2711 2687/2687/2687 2690/2690/2690
f 2707/2707/2707 2702/2702/2702 2682/2682/2682
f 2707/2707/2707 2682/2682/2682 2687/2687/2687
f 2702/2702/2702 2696/2696/2696 2676/2676/2676
f 2702/2702/2702 2676/2676/2676 2682/2682/2682
f 2696/2696/2696 2691/2691/2691 2671/2671/2671
f 2696/2696/2696 2671/2671/2671 2676/2676/2676
f 2691/2691/2691 2681/2681/2681 2661/2661/2661
f 2691/2691/2691 2661/2661/2661 2671/2671/2671
f 2681/2681/2681 2674/2674/2674 2654/2654/2654
f 2681/2681/2681 2654/2654/2654 2661/2661/2661
f 2674/2674/2674 2669/2669/2669 2649/2649/2649
f 2674/2674/2674 2649/2649/2649 2654/2654/2654
f 2669/2669/2669 2663/2663/2663 2643/2643/2643
f 2669/2669/2669 2643/2643/2643 2649/2649/2649
f 2663/2663/2663 2659/2659/2659 2639/2639/2639
f 2663/2663/2663 2639/2639/2639 2643/2643/2643
f 2659/2659/2659 2658/2658/2658 2638/2638/2638
f 2659/2659/2659 2638/2638/2638 2639/2639/2639
f 2658/2658/2658 2660/2660/2660 2640/2640/2640
f 2658/2658/2658 2640/2640/2640 2638/2638/2638
f 2660/2660/2660 2666/2666/2666 2646/2646/2646
f 2660/2660/2660 2646/2646/2646 2640/2640/2640
f 2666/2666/2666 2672/2672/2672 2651/2651/2651
f 2666/2666/2666 2651/2651/2651 2646/2646/2646
f 2672/2672/2672 2675/2675/2675 2655/2655/2655
f 2672/2672/2672 2655/2655/2655 2651/2651/2651
f 2675/2675/2675 2684/2684/2684 2664/2664/2664
f 2675/2675/2675 2664/2664/2664 2655/2655/2655
f 2684/2684/2684 2693/2693/2693 2673/2673/2673
f 2684/2684/2684 2673/2673/2673 2664/2664/2664
f 2693/2693/2693 2697/2697/2697 2677/2677/2677
f 2693/2693/2693 2677/2677/2677 2673/2673/2673
f 2697/2697/2697 2706/2706/2706 2685/2685/2685
f 2697/2697/2697 2685/2685/2685 2677/2677/2677
f 2685/2685/2685 2689/2689/2689 2668/2668/2668
f 2685/2685/2685 2668/2668/2668 2665/2665/2665
f 2689/2689/2689 2690/2690/2690 2670/2670/2670
f 2689/2689/2689 2670/2670/2670 2668/2668/2668
f 2690/2690/2690 2687/2687/2687 2667/2667/2667
f 2690/2690/2690 2667/2667/2667 2670/2670/2670
f 2687/2687/2687 2682/2682/2682 2662/2662/2662
f 2687/2687/2687 2662/2662/2662 2667/2667/2667
f 2682/2682/2682 2676/2676/2676 2656/2656/2656
f 2682/2682/2682 2656/2656/2656 2662/2662/2662
f 2676/2676/2676 2671/2671/2671 2652/2652/2652
f 2676/2676/2676 2652/2652/2652 2656/2656/2656
f 2671/2671/2671 2661/2661/2661 2641/2641/2641
f 2671/2671/2671 2641/2641/2641 2652/2652/2652
f 2661/2661/2661 2654/2654/2654 2634/2634/2634
f 2661/2661/2661 2634/2634/2634 2641/2641/2641
f 2654/2654/2654 2649/2649/2649 2629/2629/2629
f 2654/2654/2654 2629/2629/2629 2634/2634/2634
f 2649/2649/2649 2643/2643/2643 2623/2623/2623
f 2649/2649/2649 2623/2623/2623 2629/2629/2629
f 2643/2643/2643 2639/2639/2639 2619/2619/2619
f 2643/2643/2643 2619/2619/2619 2623/2623/2623
f 2639/2639/2639 2638/2638/2638 2618/2618/2618
f 2639/2639/2639 2618/2618/2618 2619/2619/2619
f 2638/2638/2638 2640/2640/2640 2620/2620/2620
f 2638/2638/2638 2620/2620/2620 2618/2618/2618
f 2640/2640/2640 2646/2646/2646 2625/2625/2625
f 2640/2640/2640 2625/2625/2625 2620/2620/2620
f 2646/2646/2646 2651/2651/2651 2631/2631/2631
f 2646/2646/2646 2631/2631/2631 2625/2625/2625
f 2651/2651/2651 2655/2655/2655 2635/2635/2635
f 2651/2651/2651 2635/2635/2635 2631/2631/2631
f 2655/2655/2655 2664/2664/2664 2645/2645/2645
f 2655/2655/2655 2645/2645/2645 2635/2635/2635
f 2664/2664/2664 2673/2673/2673 2653/2653/2653
f 2664/2664/2664 2653/2653/2653 2645/2645/2645
f 2673/2673/2673 2677/2677/2677 2657/2657/2657
f 2673/2673/2673 2657/2657/2657 2653/2653/2653
f 2677/2677/2677 2685/2685/2685 2665/2665/2665
f 2677/2677/2677 2665/2665/2665 2657/2657/2657
f 2665/2665/2665 2668/2668/2668 2648/2648/2648
f 2665/2665/2665 2648/2648/2648 2644/2644/2644
f 2668/2668/2668 2670/2670/2670 2650/2650/2650
f 2668/2668/2668 2650/2650/2650 2648/2648/2648
f 2670/2670/2670 2667/2667/2667 2647/2647/2647
f 2670/2670/2670 2647/2647/2647 2650/2650/2650
f 2667/2667/2667 2662/2662/2662 2642/2642/2642
f 2667/2667/2667 2642/2642/2642 2647/2647/2647
f 2662/2662/2662 2656/2656/2656 2636/2636/2636
f 2662/2662/2662 2636/2636/2636 2642/2642/2642
f 2656/2656/2656 2652/2652/2652 2632/2632/2632
f 2656/2656/2656 2632/2632/2632 2636/2636/2636
f 2652/2652/2652 2641/2641/2641 2621/2621/2621
f 2652/2652/2652 2621/2621/2621 2632/2632/2632
f 2641/2641/2641 2634/2634/2634 2614/2614/2614
f 2641/2641/2641 2614/2614/2614 2621/2621/2621
f 2634/2634/2634 2629/2629/2629 2599/2599/2599
f 2634/2634/2634 2599/2599/2599 2614/2614/2614
f 2629/2629/2629 2623/2623/2623 2572/2572/2572
f 2629/2629/2629 2572/2572/2572 2599/2599/2599
f 2623/2623/2623 2619/2619/2619 2560/2560/2560
f 2623/2623/2623 2560/2560/2560 2572/2572/2572
f 2619/2619/2619 2618/2618/2618 2558/2558/2558
f 2619/2619/2619 2558/2558/2558 2560/2560/2560
f 2618/2618/2618 2620/2620/2620 2562/2562/2562
f 2618/2618/2618 2562/2562/2562 2558/2558/2558
f 2620/2620/2620 2625/2625/2625 2579/2579/2579
f 2620/2620/2620 2579/2579/2579 2562/2562/2562
f 2625/2625/2625 2631/2631/2631 2609/2609/2609
f 2625/2625/2625 2609/2609/2609 2579/2579/2579
f 2631/2631/2631 2635/2635/2635 2615/2615/2615
f 2631/2631/2631 2615/2615/2615 2609/2609/2609
f 2635/2635/2635 2645/2645/2645 2626/2626/2626
f 2635/2635/2635 2626/2626/2626 2615/2615/2615
f 2645/2645/2645 2653/2653/2653 2633/2633/2633
f 2645/2645/2645 2633/2633/2633 2626/2626/2626
f 2653/2653/2653 2657/2657/2657 2637/2637/2637
f 2653/2653/2653 2637/2637/2637 2633/2633/2633
f 2657/2657/2657 2665/2665/2665 2644/2644/2644
f 2657/2657/2657 2644/2644/2644 2637/2637/2637
f 2644/2644/2644 2648/2648/2648 2628/2628/2628
f 2644/2644/2644 2628/2628/2628 2624/2624/2624
f 2648/2648/2648 2650/2650/2650 2630/2630/2630
f 2648/2648/2648 2630/2630/2630 2628/2628/2628
f 2650/2650/2650 2647/2647/2647 2627/2627/2627
f 2650/2650/2650 2627/2627/2627 2630/2630/2630
f 2647/2647/2647 2642/2642/2642 2622/2622/2622
f 2647/2647/2647 2622/2622/2622 2627/2627/2627
f 2642/2642/2642 2636/2636/2636 2616/2616/2616
f 2642/2642/2642 2616/2616/2616 2622/2622/2622
f 2636/2636/2636 2632/2632/2632 2610/2610/2610
f 2636/2636/2636 2610/2610/2610 2616/2616/2616
f 2632/2632/2632 2621/2621/2621 2565/2565/2565
f 2632/2632/2632 2565/2565/2565 2610/2610/2610
f 2621/2621/2621 2614/2614/2614 2542/2542/2542
f 2621/2621/2621 2542/2542/2542 2565/2565/2565
f 2614/2614/2614 2599/2599/2599 2526/2526/2526
f 2614/2614/2614 2526/2526/2526 2542/2542/2542
f 2599/2599/2599 2572/2572/2572 2507/2507/2507
f 2599/2599/2599 2507/2507/2507 2526/2526/2526
f 2572/2572/2572 2560/2560/2560 2500/2500/2500
f 2572/2572/2572 2500/2500/2500 2507/2507/2507
f 2560/2560/2560 2558/2558/2558 2497/2497/2497
f 2560/2560/2560 2497/2497/2497 2500/2500/2500
f 2558/2558/2558 2562/2562/2562 2501/2501/2501
f 2558/2558/2558 2501/2501/2501 2497/2497/2497
f 2562/2562/2562 2579/2579/2579 2513/2513/2513
f 2562/2562/2562 2513/2513/2513 2501/2501/2501
f 2579/2579/2579 2609/2609/2609 2531/2531/2531
f 2579/2579/2579 2531/2531/2531 2513/2513/2513
f 2609/2609/2609 2615/2615/2615 2549/2549/2549
f 2609/2609/2609 2549/2549/2549 2531/2531/2531
f 2615/2615/2615 2626/2626/2626 2582/2582/2582
f 2615/2615/2615 2582/2582/2582 2549/2549/2549
f 2626/2626/2626 2633/2633/2633 2613/2613/2613
f 2626/2626/2626 2613/2613/2613 2582/2582/2582
f 2633/2633/2633 2637/2637/2637 2617/2617/2617
f 2633/2633/2633 2617/2617/2617 2613/2613/2613
f 2637/2637/2637 2644/2644/2644 2624/2624/2624
f 2637/2637/2637 2624/2624/2624 2617/2617/2617
f 2624/2624/2624 2628/2628/2628 2594/2594/2594
f 2624/2624/2624 2594/2594/2594 2578/2578/2578
f 2628/2628/2628 2630/2630/2630 2598/2598/2598
f 2628/2628/2628 2598/2598/2598 2594/2594/2594
f 2630/2630/2630 2627/2627/2627 2590/2590/2590
f 2630/2630/2630 2590/2590/2590 2598/2598/2598
f 2627/2627/2627 2622/2622/2622 2570/2570/2570
f 2627/2627/2627 2570/2570/2570 2590/2590/2590
f 2622/2622/2622 2616/2616/2616 2551/2551/2551
f 2622/2622/2622 2551/2551/2551 2570/2570/2570
f 2616/2616/2616 2610/2610/2610 2532/2532/2532
f 2616/2616/2616 2532/2532/2532 2551/2551/2551
f 2610/2610/2610 2565/2565/2565 2504/2504/2504
f 2610/2610/2610 2504/2504/2504 2532/2532/2532
f 2565/2565/2565 2542/2542/2542 2489/2489/2489
f 2565/2565/2565 2489/2489/2489 2504/2504/2504
f 2542/2542/2542 2526/2526/2526 2472/2472/2472
f 2542/2542/2542 2472/2472/2472 2489/2489/2489
f 2526/2526/2526 2507/2507/2507 2461/2461/2461
f 2526/2526/2526 2461/2461/2461 2472/2472/2472
f 2507/2507/2507 2500/2500/2500 2454/2454/2454
f 2507/2507/2507 2454/2454/2454 2461/2461/2461
f 2500/2500/2500 2497/2497/2497 2451/2451/2451
f 2500/2500/2500 2451/2451/2451 2454/2454/2454
f 2497/2497/2497 2501/2501/2501 2457/2457/2457
f 2497/2497/2497 2457/2457/2457 2451/2451/2451
f 2501/2501/2501 2513/2513/2513 2465/2465/2465
f 2501/2501/2501 2465/2465/2465 2457/2457/2457
f 2513/2513/2513 2531/2531/2531 2477/2477/2477
f 2513/2513/2513 2477/2477/2477 2465/2465/2465
f 2531/2531/2531 2549/2549/2549 2493/2493/2493
f 2531/2531/2531 2493/2493/2493 2477/2477/2477
f 2549/2549/2549 2582/2582/2582 2515/2515/2515
f 2549/2549/2549 2515/2515/2515 2493/2493/2493
f 2582/2582/2582 2613/2613/2613 2535/2535/2535
f 2582/2582/2582 2535/2535/2535 2515/2515/2515
f 2613/2613/2613 2617/2617/2617 2557/2557/2557
f 2613/2613/2613 2557/2557/2557 2535/2535/2535
f 2617/2617/2617 2624/2624/2624 2578/2578/2578
f 2617/2617/2617 2578/2578/2578 2557/2557/2557
f 2578/2578/2578 2594/2594/2594 2523/2523/2523
f 2578/2578/2578 2523/2523/2523 2512/2512/2512
f 2594/2594/2594 2598/2598/2598 2524/2524/2524
f 2594/2594/2594 2524/2524/2524 2523/2523/2523
f 2598/2598/2598 2590/2590/2590 2519/2519/2519
f 2598/2598/2598 2519/2519/2519 2524/2524/2524
f 2590/2590/2590 2570/2570/2570 2506/2506/2506
f 2590/2590/2590 2506/2506/2506 2519/2519/2519
f 2570/2570/2570 2551/2551/2551 2494/2494/2494
f 2570/2570/2570 2494/2494/2494 2506/2506/2506
f 2551/2551/2551 2532/2532/2532 2480/2480/2480
f 2551/2551/2551 2480/2480/2480 2494/2494/2494
f 2532/2532/2532 2504/2504/2504 2460/2460/2460
f 2532/2532/2532 2460/2460/2460 2480/2480/2480
f 2504/2504/2504 2489/2489/2489 2443/2443/2443
f 2504/2504/2504 2443/2443/2443 2460/2460/2460
f 2489/2489/2489 2472/2472/2472 2431/2431/2431
f 2489/2489/2489 2431/2431/2431 2443/2443/2443
f 2472/2472/2472 2461/2461/2461 2419/2419/2419
f 2472/2472/2472 2419/2419/2419 2431/2431/2431
f 2461/2461/2461 2454/2454/2454 2411/2411/2411
f 2461/2461/2461 2411/2411/2411 2419/2419/2419
f 2454/2454/2454 2451/2451/2451 2407/2407/2407
f 2454/2454/2454 2407/2407/2407 2411/2411/2411
f 2451/2451/2451 2457/2457/2457 2414/2414/2414
f 2451/2451/2451 2414/2414/2414 2407/2407/2407
f 2457/2457/2457 2465/2465/2465 2423/2423/2423
f 2457/2457/2457 2423/2423/2423 2414/2414/2414
f 2465/2465/2465 2477/2477/2477 2432/2432/2432
f 2465/2465/2465 2432/2432/2432 2423/2423/2423
f 2477/2477/2477 2493/2493/2493 2448/2448/2448
f 2477/2477/2477 2448/2448/2448 2432/2432/2432
f 2493/2493/2493 2515/2515/2515 2466/2466/2466
f 2493/2493/2493 2466/2466/2466 2448/2448/2448
f 2515/2515/2515 2535/2535/2535 2482/2482/2482
f 2515/2515/2515 2482/2482/2482 2466/2466/2466
f 2535/2535/2535 2557/2557/2557 2498/2498/2498
f 2535/2535/2535 2498/2498/2498 2482/2482/2482
f 2557/2557/2557 2578/2578/2578 2512/2512/2512
f 2557/2557/2557 2512/2512/2512 2498/2498/2498
f 2512/2512/2512 2523/2523/2523 2469/2469/2469
f 2512/2512/2512 2469/2469/2469 2464/2464/2464
f 2523/2523/2523 2524/2524/2524 2471/2471/2471
f 2523/2523/2523 2471/2471/2471 2469/2469/2469
f 2524/2524/2524 2519/2519/2519 2468/2468/2468
f 2524/2524/2524 2468/2468/2468 2471/2471/2471
f 2519/2519/2519 2506/2506/2506 2459/2459/2459
f 2519/2519/2519 2459/2459/2459 2468/2468/2468
f 2506/2506/2506 2494/2494/2494 2447/2447/2447
f 2506/2506/2506 2447/2447/2447 2459/2459/2459
f 2494/2494/2494 2480/2480/2480 2434/2434/2434
f 2494/2494/2494 2434/2434/2434 2447/2447/2447
f 2480/2480/2480 2460/2460/2460 2420/2420/2420
f 2480/2480/2480 2420/2420/2420 2434/2434/2434
f 2460/2460/2460 2443/2443/2443 2402/2402/2402
f 2460/2460/2460 2402/2402/2402 2420/2420/2420
f 2443/2443/2443 2431/2431/2431 2391/2391/2391
f 2443/2443/2443 2391/2391/2391 2402/2402/2402
f 2431/2431/2431 2419/2419/2419 2379/2379/2379
f 2431/2431/2431 2379/2379/2379 2391/2391/2391
f 2419/2419/2419 2411/2411/2411 2372/2372/2372
f 2419/2419/2419 2372/2372/2372 2379/2379/2379
f 2411/2411/2411 2407/2407/2407 2371/2371/2371
f 2411/2411/2411 2371/2371/2371 2372/2372/2372
f 2407/2407/2407 2414/2414/2414 2377/2377/2377
f 2407/2407/2407 2377/2377/2377 2371/2371/2371
f 2414/2414/2414 2423/2423/2423 2383/2383/2383
f 2414/2414/2414 2383/2383/2383 2377/2377/2377
f 2423/2423/2423 2432/2432/2432 2392/2392/2392
f 2423/2423/2423 2392/2392/2392 2383/2383/2383
f 2432/2432/2432 2448/2448/2448 2405/2405/2405
f 2432/2432/2432 2405/2405/2405 2392/2392/2392
f 2448/2448/2448 2466/2466/2466 2424/2424/2424
f 2448/2448/2448 2424/2424/2424 2405/2405/2405
f 2466/2466/2466 2482/2482/2482 2439/2439/2439
f 2466/2466/2466 2439/2439/2439 2424/2424/2424
f 2482/2482/2482 2498/2498/2498 2453/2453/2453
f 2482/2482/2482 2453/2453/2453 2439/2439/2439
f 2498/2498/2498 2512/2512/2512 2464/2464/2464
f 2498/2498/2498 2464/2464/2464 2453/2453/2453
f 2464/2464/2464 2469/2469/2469 2428/2428/2428
f 2464/2464/2464 2428/2428/2428 2421/2421/2421
f 2469/2469/2469 2471/2471/2471 2429/2429/2429
f 2469/2469/2469 2429/2429/2429 2428/2428/2428
f 2471/2471/2471 2468/2468/2468 2426/2426/2426
f 2471/2471/2471 2426/2426/2426 2429/2429/2429
f 2468/2468/2468 2459/2459/2459 2418/2418/2418
f 2468/2468/2468 2418/2418/2418 2426/2426/2426
f 2459/2459/2459 2447/2447/2447 2404/2404/2404
f 2459/2459/2459 2404/2404/2404 2418/2418/2418
f 2447/2447/2447 2434/2434/2434 2394/2394/2394
f 2447/2447/2447 2394/2394/2394 2404/2404/2404
f 2434/2434/2434 2420/2420/2420 2381/2381/2381
f 2434/2434/2434 2381/2381/2381 2394/2394/2394
f 2420/2420/2420 2402/2402/2402 2363/2363/2363
f 2420/2420/2420 2363/2363/2363 2381/2381/2381
f 2402/2402/2402 2391/2391/2391 2337/2337/2337
f 2402/2402/2402 2337/2337/2337 2363/2363/2363
f 2391/2391/2391 2379/2379/2379 2309/2309/2309
f 2391/2391/2391 2309/2309/2309 2337/2337/2337
f 2379/2379/2379 2372/2372/2372 2298/2298/2298
f 2379/2379/2379 2298/2298/2298 2309/2309/2309
f 2372/2372/2372 2371/2371/2371 2294/2294/2294
f 2372/2372/2372 2294/2294/2294 2298/2298/2298
f 2371/2371/2371 2377/2377/2377 2300/2300/2300
f 2371/2371/2371 2300/2300/2300 2294/2294/2294
f 2377/2377/2377 2383/2383/2383 2319/2319/2319
f 2377/2377/2377 2319/2319/2319 2300/2300/2300
f 2383/2383/2383 2392/2392/2392 2348/2348/2348
f 2383/2383/2383 2348/2348/2348 2319/2319/2319
f 2392/2392/2392 2405/2405/2405 2369/2369/2369
f 2392/2392/2392 2369/2369/2369 2348/2348/2348
f 2405/2405/2405 2424/2424/2424 2385/2385/2385
f 2405/2405/2405 2385/2385/2385 2369/2369/2369
f 2424/2424/2424 2439/2439/2439 2396/2396/2396
f 2424/2424/2424 2396/2396/2396 2385/2385/2385
f 2439/2439/2439 2453/2453/2453 2410/2410/2410
f 2439/2439/2439 2410/2410/2410 2396/2396/2396
f 2453/2453/2453 2464/2464/2464 2421/2421/2421
f 2453/2453/2453 2421/2421/2421 2410/2410/2410
f 2421/2421/2421 2428/2428/2428 2388/2388/2388
f 2421/2421/2421 2388/2388/2388 2382/2382/2382
f 2428/2428/2428 2429/2429/2429 2389/2389/2389
f 2428/2428/2428 2389/2389/2389 2388/2388/2388
f 2429/2429/2429 2426/2426/2426 2387/2387/2387
f 2429/2429/2429 2387/2387/2387 2389/2389/2389
f 2426/2426/2426 2418/2418/2418 2378/2378/2378
f 2426/2426/2426 2378/2378/2378 2387/2387/2387
f 2418/2418/2418 2404/2404/2404 2368/2368/2368
f 2418/2418/2418 2368/2368/2368 2378/2378/2378
f 2404/2404/2404 2394/2394/2394 2351/2351/2351
f 2404/2404/2404 2351/2351/2351 2368/2368/2368
f 2394/2394/2394 2381/2381/2381 2315/2315/2315
f 2394/2394/2394 2315/2315/2315 2351/2351/2351
f 2381/2381/2381 2363/2363/2363 2289/2289/2289
f 2381/2381/2381 2289/2289/2289 2315/2315/2315
f 2363/2363/2363 2337/2337/2337 2264/2264/2264
f 2363/2363/2363 2264/2264/2264 2289/2289/2289
f 2337/2337/2337 2309/2309/2309 2248/2248/2248
f 2337/2337/2337 2248/2248/2248 2264/2264/2264
f 2309/2309/2309 2298/2298/2298 2235/2235/2235
f 2309/2309/2309 2235/2235/2235 2248/2248/2248
f 2298/2298/2298 2294/2294/2294 2232/2232/2232
f 2298/2298/2298 2232/2232/2232 2235/2235/2235
f 2294/2294/2294 2300/2300/2300 2239/2239/2239
f 2294/2294/2294 2239/2239/2239 2232/2232/2232
f 2300/2300/2300 2319/2319/2319 2253/2253/2253
f 2300/2300/2300 2253/2253/2253 2239/2239/2239
f 2319/2319/2319 2348/2348/2348 2272/2272/2272
f 2319/2319/2319 2272/2272/2272 2253/2253/2253
f 2348/2348/2348 2369/2369/2369 2296/2296/2296
f 2348/2348/2348 2296/2296/2296 2272/2272/2272
f 2369/2369/2369 2385/2385/2385 2327/2327/2327
f 2369/2369/2369 2327/2327/2327 2296/2296/2296
f 2385/2385/2385 2396/2396/2396 2362/2362/2362
f 2385/2385/2385 2362/2362/2362 2327/2327/2327
f 2396/2396/2396 2410/2410/2410 2373/2373/2373
f 2396/2396/2396 2373/2373/2373 2362/2362/2362
f 2410/2410/2410 2421/2421/2421 2382/2382/2382
f 2410/2410/2410 2382/2382/2382 2373/2373/2373
f 2382/2382/2382 2388/2388/2388 2329/2329/2329
f 2382/2382/2382 2329/2329/2329 2317/2317/2317
f 2388/2388/2388 2389/2389/2389 2333/2333/2333
f 2388/2388/2388 2333/2333/2333 2329/2329/2329
f 2389/2389/2389 2387/2387/2387 2325/2325/2325
f 2389/2389/2389 2325/2325/2325 2333/2333/2333
f 2387/2387/2387 2378/2378/2378 2310/2310/2310
f 2387/2387/2387 2310/2310/2310 2325/2325/2325
f 2378/2378/2378 2368/2368/2368 2293/2293/2293
f 2378/2378/2378 2293/2293/2293 2310/2310/2310
f 2368/2368/2368 2351/2351/2351 2275/2275/2275
f 2368/2368/2368 2275/2275/2275 2293/2293/2293
f 2351/2351/2351 2315/2315/2315 2254/2254/2254
f 2351/2351/2351 2254/2254/2254 2275/2275/2275
f 2315/2315/2315 2289/2289/2289 2227/2227/2227
f 2315/2315/2315 2227/2227/2227 2254/2254/2254
f 2289/2289/2289 2264/2264/2264 2213/2213/2213
f 2289/2289/2289 2213/2213/2213 2227/2227/2227
f 2264/2264/2264 2248/2248/2248 2198/2198/2198
f 2264/2264/2264 2198/2198/2198 2213/2213/2213
f 2248/2248/2248 2235/2235/2235 2191/2191/2191
f 2248/2248/2248 2191/2191/2191 2198/2198/2198
f 2235/2235/2235 2232/2232/2232 2189/2189/2189
f 2235/2235/2235 2189/2189/2189 2191/2191/2191
f 2232/2232/2232 2239/2239/2239 2194/2194/2194
f 2232/2232/2232 2194/2194/2194 2189/2189/2189
f 2239/2239/2239 2253/2253/2253 2203/2203/2203
f 2239/2239/2239 2203/2203/2203 2194/2194/2194
f 2253/2253/2253 2272/2272/2272 2217/2217/2217
f 2253/2253/2253 2217/2217/2217 2203/2203/2203
f 2272/2272/2272 2296/2296/2296 2236/2236/2236
f 2272/2272/2272 2236/2236/2236 2217/2217/2217
f 2296/2296/2296 2327/2327/2327 2259/2259/2259
f 2296/2296/2296 2259/2259/2259 2236/2236/2236
f 2327/2327/2327 2362/2362/2362 2283/2283/2283
f 2327/2327/2327 2283/2283/2283 2259/2259/2259
f 2362/2362/2362 2373/2373/2373 2299/2299/2299
f 2362/2362/2362 2299/2299/2299 2283/2283/2283
f 2373/2373/2373 2382/2382/2382 2317/2317/2317
f 2373/2373/2373 2317/2317/2317 2299/2299/2299
f 2317/2317/2317 2329/2329/2329 2258/2258/2258
f 2317/2317/2317 2258/2258/2258 2252/2252/2252
f 2329/2329/2329 2333/2333/2333 2260/2260/2260
f 2329/2329/2329 2260/2260/2260 2258/2258/2258
f 2333/2333/2333 2325/2325/2325 2256/2256/2256
f 2333/2333/2333 2256/2256/2256 2260/2260/2260
f 2325/2325/2325 2310/2310/2310 2249/2249/2249
f 2325/2325/2325 2249/2249/2249 2256/2256/2256
f 2310/2310/2310 2293/2293/2293 2233/2233/2233
f 2310/2310/2310 2233/2233/2233 2249/2249/2249
f 2293/2293/2293 2275/2275/2275 2221/2221/2221
f 2293/2293/2293 2221/2221/2221 2233/2233/2233
f 2275/2275/2275 2254/2254/2254 2204/2204/2204
f 2275/2275/2275 2204/2204/2204 2221/2221/2221
f 2254/2254/2254 2227/2227/2227 2190/2190/2190
f 2254/2254/2254 2190/2190/2190 2204/2204/2204
f 2227/2227/2227 2213/2213/2213 2175/2175/2175
f 2227/2227/2227 2175/2175/2175 2190/2190/2190
f 2213/2213/2213 2198/2198/2198 2159/2159/2159
f 2213/2213/2213 2159/2159/2159 2175/2175/2175
f 2198/2198/2198 2191/2191/2191 2149/2149/2149
f 2198/2198/2198 2149/2149/2149 2159/2159/2159
f 2191/2191/2191 2189/2189/2189 2146/2146/2146
f 2191/2191/2191 2146/2146/2146 2149/2149/2149
f 2189/2189/2189 2194/2194/2194 2153/2153/2153
f 2189/2189/2189 2153/2153/2153 2146/2146/2146
f 2194/2194/2194 2203/2203/2203 2162/2162/2162
f 2194/2194/2194 2162/2162/2162 2153/2153/2153
f 2203/2203/2203 2217/2217/2217 2179/2179/2179
f 2203/2203/2203 2179/2179/2179 2162/2162/2162
f 2217/2217/2217 2236/2236/2236 2196/2196/2196
f 2217/2217/2217 2196/2196/2196 2179/2179/2179
f 2236/2236/2236 2259/2259/2259 2210/2210/2210
f 2236/2236/2236 2210/2210/2210 2196/2196/2196
f 2259/2259/2259 2283/2283/2283 2223/2223/2223
f 2259/2259/2259 2223/2223/2223 2210/2210/2210
f 2283/2283/2283 2299/2299/2299 2240/2240/2240
f 2283/2283/2283 2240/2240/2240 2223/2223/2223
f 2299/2299/2299 2317/2317/2317 2252/2252/2252
f 2299/2299/2299 2252/2252/2252 2240/2240/2240
f 2252/2252/2252 2258/2258/2258 2207/2207/2207
f 2252/2252/2252 2207/2207/2207 2202/2202/2202
f 2258/2258/2258 2260/2260/2260 2208/2208/2208
f 2258/2258/2258 2208/2208/2208 2207/2207/2207
f 2260/2260/2260 2256/2256/2256 2205/2205/2205
f 2260/2260/2260 2205/2205/2205 2208/2208/2208
f 2256/2256/2256 2249/2249/2249 2201/2201/2201
f 2256/2256/2256 2201/2201/2201 2205/2205/2205
f 2249/2249/2249 2233/2233/2233 2192/2192/2192
f 2249/2249/2249 2192/2192/2192 2201/2201/2201
f 2233/2233/2233 2221/2221/2221 2182/2182/2182
f 2233/2233/2233 2182/2182/2182 2192/2192/2192
f 2221/2221/2221 2204/2204/2204 2170/2170/2170
f 2221/2221/2221 2170/2170/2170 2182/2182/2182
f 2204/2204/2204 2190/2190/2190 2154/2154/2154
f 2204/2204/2204 2154/2154/2154 2170/2170/2170
f 2190/2190/2190 2175/2175/2175 2136/2136/2136
f 2190/2190/2190 2136/2136/2136 2154/2154/2154
f 2175/2175/2175 2159/2159/2159 2126/2126/2126
f 2175/2175/2175 2126/2126/2126 2136/2136/2136
f 2159/2159/2159 2149/2149/2149 2121/2121/2121
f 2159/2159/2159 2121/2121/2121 2126/2126/2126
f 2149/2149/2149 2146/2146/2146 2120/2120/2120
f 2149/2149/2149 2120/2120/2120 2121/2121/2121
f 2146/2146/2146 2153/2153/2153 2122/2122/2122
f 2146/2146/2146 2122/2122/2122 2120/2120/2120
f 2153/2153/2153 2162/2162/2162 2131/2131/2131
f 2153/2153/2153 2131/2131/2131 2122/2122/2122
f 2162/2162/2162 2179/2179/2179 2142/2142/2142
f 2162/2162/2162 2142/2142/2142 2131/2131/2131
f 2179/2179/2179 2196/2196/2196 2158/2158/2158
f 2179/2179/2179 2158/2158/2158 2142/2142/2142
f 2196/2196/2196 2210/2210/2210 2172/2172/2172
f 2196/2196/2196 2172/2172/2172 2158/2158/2158
f 2210/2210/2210 2223/2223/2223 2186/2186/2186
f 2210/2210/2210 2186/2186/2186 2172/2172/2172
f 2223/2223/2223 2240/2240/2240 2197/2197/2197
f 2223/2223/2223 2197/2197/2197 2186/2186/2186
f 2240/2240/2240 2252/2252/2252 2202/2202/2202
f 2240/2240/2240 2202/2202/2202 2197/2197/2197
f 2202/2202/2202 2207/2207/2207 2164/2164/2164
f 2202/2202/2202 2164/2164/2164 2161/2161/2161
f 2207/2207/2207 2208/2208/2208 2165/2165/2165
f 2207/2207/2207 2165/2165/2165 2164/2164/2164
f 2208/2208/2208 2205/2205/2205 2163/2163/2163
f 2208/2208/2208 2163/2163/2163 2165/2165/2165
f 2205/2205/2205 2201/2201/2201 2160/2160/2160
f 2205/2205/2205 2160/2160/2160 2163/2163/2163
f 2201/2201/2201 2192/2192/2192 2155/2155/2155
f 2201/2201/2201 2155/2155/2155 2160/2160/2160
f 2192/2192/2192 2182/2182/2182 2145/2145/2145
f 2192/2192/2192 2145/2145/2145 2155/2155/2155
f 2182/2182/2182 2170/2170/2170 2135/2135/2135
f 2182/2182/2182 2135/2135/2135 2145/2145/2145
f 2170/2170/2170 2154/2154/2154 2130/2130/2130
f 2170/2170/2170 2130/2130/2130 2135/2135/2135
f 2154/2154/2154 2136/2136/2136 2123/2123/2123
f 2154/2154/2154 2123/2123/2123 2130/2130/2130
f 2136/2136/2136 2126/2126/2126 2118/2118/2118
f 2136/2136/2136 2118/2118/2118 2123/2123/2123
f 2126/2126/2126 2121/2121/2121 2115/2115/2115
f 2126/2126/2126 2115/2115/2115 2118/2118/2118
f 2121/2121/2121 2120/2120/2120 2114/2114/2114
f 2121/2121/2121 2114/2114/2114 2115/2115/2115
f 2120/2120/2120 2122/2122/2122 2116/2116/2116
f 2120/2120/2120 2116/2116/2116 2114/2114/2114
f 2122/2122/2122 2131/2131/2131 2119/2119/2119
f 2122/2122/2122 2119/2119/2119 2116/2116/2116
f 2131/2131/2131 2142/2142/2142 2125/2125/2125
f 2131/2131/2131 2125/2125/2125 2119/2119/2119
f 2142/2142/2142 2158/2158/2158 2133/2133/2133
f 2142/2142/2142 2133/2133/2133 2125/2125/2125
f 2158/2158/2158 2172/2172/2172 2139/2139/2139
f 2158/2158/2158 2139/2139/2139 2133/2133/2133
f 2172/2172/2172 2186/2186/2186 2148/2148/2148
f 2172/2172/2172 2148/2148/2148 2139/2139/2139
f 2186/2186/2186 2197/2197/2197 2157/2157/2157
f 2186/2186/2186 2157/2157/2157 2148/2148/2148
f 2197/2197/2197 2202/2202/2202 2161/2161/2161
f 2197/2197/2197 2161/2161/2161 2157/2157/2157
f 2793/2793/2793 2791/2791/2791 2783/2783/2783
f 2794/2794/2794 2793/2793/2793 2783/2783/2783
f 2792/2792/2792 2794/2794/2794 2783/2783/2783
f 2790/2790/2790 2792/2792/2792 2783/2783/2783
f 2785/2785/2785 2790/2790/2790 2783/2783/2783
f 2780/2780/2780 2785/2785/2785 2783/2783/2783
f 2777/2777/2777 2780/2780/2780 2783/2783/2783
f 2773/2773/2773 2777/2777/2777 2783/2783/2783
f 2768/2768/2768 2773/2773/2773 2783/2783/2783
f 2764/2764/2764 2768/2768/2768 2783/2783/2783
f 2761/2761/2761 2764/2764/2764 2783/2783/2783
f 2760/2760/2760 2761/2761/2761 2783/2783/2783
f 2762/2762/2762 2760/2760/2760 2783/2783/2783
f 2765/2765/2765 2762/2762/2762 2783/2783/2783
f 2769/2769/2769 2765/2765/2765 2783/2783/2783
f 2774/2774/2774 2769/2769/2769 2783/2783/2783
f 2779/2779/2779 2774/2774/2774 2783/2783/2783
f 2782/2782/2782 2779/2779/2779 2783/2783/2783
f 2786/2786/2786 2782/2782/2782 2783/2783/2783
f 2791/2791/2791 2786/2786/2786 2783/2783/2783
f 2161/2161/2161 2164/2164/2164 2128/2128/2128
f 2164/2164/2164 2165/2165/2165 2128/2128/2128
f 2165/2165/2165 2163/2163/2163 2128/2128/2128
f 2163/2163/2163 2160/2160/2160 2128/2128/2128
f 2160/2160/2160 2155/2155/2155 2128/2128/2128
f 2155/2155/2155 2145/2145/2145 2128/2128/2128
f 2145/2145/2145 2135/2135/2135 2128/2128/2128
f 2135/2135/2135 2130/2130/2130 2128/2128/2128
f 2130/2130/2130 2123/2123/2123 2128/2128/2128
f 2123/2123/2123 2118/2118/2118 2128/2128/2128
f 2118/2118/2118 2115/2115/2115 2128/2128/2128
f 2115/2115/2115 2114/2114/2114 2128/2128/2128
f 2114/2114/2114 2116/2116/2116 2128/2128/2128
f 2116/2116/2116 2119/2119/2119 2128/2128/2128
f 2119/2119/2119 2125/2125/2125 2128/2128/2128
f 2125/2125/2125 2133/2133/2133 2128/2128/2128
f 2133/2133/2133 2139/2139/2139 2128/2128/2128
f 2139/2139/2139 2148/2148/2148 2128/2128/2128
f 2148/2148/2148 2157/2157/2157 2128/2128/2128
f 2157/2157/2157 2161/2161/2161 2128/2128/2128
f 1623/1623/1623 1629/1629/1629 1609/1609/1609
f 1623/1623/1623 1609/1609/1609 1604/1604/1604
f 1629/1629/1629 1633/1633/1633 1613/1613/1613
f 1629/1629/1629 1613/1613/1613 1609/1609/1609
f 1633/1633/1633 1636/1636/1636 1624/1624/1624
f 1633/1633/1633 1624/1624/1624 1613/1613/1613
f 1636/1636/1636 1640/1640/1640 1632/1632/1632
f 1636/1636/1636 1632/1632/1632 1624/1624/1624
f 1640/1640/1640 1645/1645/1645 1638/1638/1638
f 1640/1640/1640 1638/1638/1638 1632/1632/1632
f 1645/1645/1645 1647/1647/1647 1642/1642/1642
f 1645/1645/1645 1642/1642/1642 1638/1638/1638
f 1647/1647/1647 1648/1648/1648 1643/1643/1643
f 1647/1647/1647 1643/1643/1643 1642/1642/1642
f 1648/1648/1648 1646/1646/1646 1641/1641/1641
f 1648/1648/1648 1641/1641/1641 1643/1643/1643
f 1646/1646/1646 1644/1644/1644 1635/1635/1635
f 1646/1646/1646 1635/1635/1635 1641/1641/1641
f 1644/1644/1644 1639/1639/1639 1630/1630/1630
f 1644/1644/1644 1630/1630/1630 1635/1635/1635
f 1639/1639/1639 1634/1634/1634 1621/1621/1621
f 1639/1639/1639 1621/1621/1621 1630/1630/1630
f 1634/1634/1634 1631/1631/1631 1612/1612/1612
f 1634/1634/1634 1612/1612/1612 1621/1621/1621
f 1631/1631/1631 1627/1627/1627 1608/1608/1608
f 1631/1631/1631 1608/1608/1608 1612/1612/1612
f 1627/1627/1627 1622/1622/1622 1601/1601/1601
f 1627/1627/1627 1601/1601/1601 1608/1608/1608
f 1622/1622/1622 1618/1618/1618 1598/1598/1598
f 1622/1622/1622 1598/1598/1598 1601/1601/1601
f 1618/1618/1618 1615/1615/1615 1594/1594/1594
f 1618/1618/1618 1594/1594/1594 1598/1598/1598
f 1615/1615/1615 1614/1614/1614 1593/1593/1593
f 1615/1615/1615 1593/1593/1593 1594/1594/1594
f 1614/1614/1614 1616/1616/1616 1595/1595/1595
f 1614/1614/1614 1595/1595/1595 1593/1593/1593
f 1616/1616/1616 1619/1619/1619 1599/1599/1599
f 1616/1616/1616 1599/1599/1599 1595/1595/1595
f 1619/1619/1619 1623/1623/1623 1604/1604/1604
f 1619/1619/1619 1604/1604/1604 1599/1599/1599
f 1604/1604/1604 1609/1609/1609 1589/1589/1589
f 1604/1604/1604 1589/1589/1589 1585/1585/1585
f 1609/1609/1609 1613/1613/1613 1596/1596/1596
f 1609/1609/1609 1596/1596/1596 1589/1589/1589
f 1613/1613/1613 1624/1624/1624 1606/1606/1606
f 1613/1613/1613 1606/1606/1606 1596/1596/1596
f 1624/1624/1624 1632/1632/1632 1611/1611/1611
f 1624/1624/1624 1611/1611/1611 1606/1606/1606
f 1632/1632/1632 1638/1638/1638 1620/1620/1620
f 1632/1632/1632 1620/1620/1620 1611/1611/1611
f 1638/1638/1638 1642/1642/1642 1626/1626/1626
f 1638/1638/1638 1626/1626/1626 1620/1620/1620
f 1642/1642/1642 1643/1643/1643 1628/1628/1628
f 1642/1642/1642 1628/1628/1628 1626/1626/1626
f 1643/1643/1643 1641/1641/1641 1625/1625/1625
f 1643/1643/1643 1625/1625/1625 1628/1628/1628
f 1641/1641/1641 1635/1635/1635 1617/1617/1617
f 1641/1641/1641 1617/1617/1617 1625/1625/1625
f 1635/1635/1635 1630/1630/1630 1610/1610/1610
f 1635/1635/1635 1610/1610/1610 1617/1617/1617
f 1630/1630/1630 1621/1621/1621 1602/1602/1602
f 1630/1630/1630 1602/1602/1602 1610/1610/1610
f 1621/1621/1621 1612/1612/1612 1592/1592/1592
f 1621/1621/1621 1592/1592/1592 1602/1602/1602
f 1612/1612/1612 1608/1608/1608 1588/1588/1588
f 1612/1612/1612 1588/1588/1588 1592/1592/1592
f 1608/1608/1608 1601/1601/1601 1581/1581/1581
f 1608/1608/1608 1581/1581/1581 1588/1588/1588
f 1601/1601/1601 1598/1598/1598 1578/1578/1578
f 1601/1601/1601 1578/1578/1578 1581/1581/1581
f 1598/1598/1598 1594/1594/1594 1574/1574/1574
f 1598/1598/1598 1574/1574/1574 1578/1578/1578
f 1594/1594/1594 1593/1593/1593 1572/1572/1572
f 1594/1594/1594 1572/1572/1572 1574/1574/1574
f 1593/1593/1593 1595/1595/1595 1575/1575/1575
f 1593/1593/1593 1575/1575/1575 1572/1572/1572
f 1595/1595/1595 1599/1599/1599 1579/1579/1579
f 1595/1595/1595 1579/1579/1579 1575/1575/1575
f 1599/1599/1599 1604/1604/1604 1585/1585/1585
f 1599/1599/1599 1585/1585/1585 1579/1579/1579
f 1585/1585/1585 1589/1589/1589 1569/1569/1569
f 1585/1585/1585 1569/1569/1569 1566/1566/1566
f 1589/1589/1589 1596/1596/1596 1576/1576/1576
f 1589/1589/1589 1576/1576/1576 1569/1569/1569
f 1596/1596/1596 1606/1606/1606 1587/1587/1587
f 1596/1596/1596 1587/1587/1587 1576/1576/1576
f 1606/1606/1606 1611/1611/1611 1591/1591/1591
f 1606/1606/1606 1591/1591/1591 1587/1587/1587
f 1611/1611/1611 1620/1620/1620 1600/1600/1600
f 1611/1611/1611 1600/1600/1600 1591/1591/1591
f 1620/1620/1620 1626/1626/1626 1605/1605/1605
f 1620/1620/1620 1605/1605/1605 1600/1600/1600
f 1626/1626/1626 1628/1628/1628 1607/1607/1607
f 1626/1626/1626 1607/1607/1607 1605/1605/1605
f 1628/1628/1628 1625/1625/1625 1603/1603/1603
f 1628/1628/1628 1603/1603/1603 1607/1607/1607
f 1625/1625/1625 1617/1617/1617 1597/1597/1597
f 1625/1625/1625 1597/1597/1597 1603/1603/1603
f 1617/1617/1617 1610/1610/1610 1590/1590/1590
f 1617/1617/1617 1590/1590/1590 1597/1597/1597
f 1610/1610/1610 1602/1602/1602 1583/1583/1583
f 1610/1610/1610 1583/1583/1583 1590/1590/1590
f 1602/1602/1602 1592/1592/1592 1573/1573/1573
f 1602/1602/1602 1573/1573/1573 1583/1583/1583
f 1592/1592/1592 1588/1588/1588 1568/1568/1568
f 1592/1592/1592 1568/1568/1568 1573/1573/1573
f 1588/1588/1588 1581/1581/1581 1562/1562/1562
f 1588/1588/1588 1562/1562/1562 1568/1568/1568
f 1581/1581/1581 1578/1578/1578 1558/1558/1558
f 1581/1581/1581 1558/1558/1558 1562/1562/1562
f 1578/1578/1578 1574/1574/1574 1553/1553/1553
f 1578/1578/1578 1553/1553/1553 1558/1558/1558
f 1574/1574/1574 1572/1572/1572 1552/1552/1552
f 1574/1574/1574 1552/1552/1552 1553/1553/1553
f 1572/1572/1572 1575/1575/1575 1555/1555/1555
f 1572/1572/1572 1555/1555/1555 1552/1552/1552
f 1575/1575/1575 1579/1579/1579 1559/1559/1559
f 1575/1575/1575 1559/1559/1559 1555/1555/1555
f 1579/1579/1579 1585/1585/1585 1566/1566/1566
f 1579/1579/1579 1566/1566/1566 1559/1559/1559
f 1566/1566/1566 1569/1569/1569 1549/1549/1549
f 1566/1566/1566 1549/1549/1549 1546/1546/1546
f 1569/1569/1569 1576/1576/1576 1557/1557/1557
f 1569/1569/1569 1557/1557/1557 1549/1549/1549
f 1576/1576/1576 1587/1587/1587 1567/1567/1567
f 1576/1576/1576 1567/1567/1567 1557/1557/1557
f 1587/1587/1587 1591/1591/1591 1571/1571/1571
f 1587/1587/1587 1571/1571/1571 1567/1567/1567
f 1591/1591/1591 1600/1600/1600 1580/1580/1580
f 1591/1591/1591 1580/1580/1580 1571/1571/1571
f 1600/1600/1600 1605/1605/1605 1584/1584/1584
f 1600/1600/1600 1584/1584/1584 1580/1580/1580
f 1605/1605/1605 1607/1607/1607 1586/1586/1586
f 1605/1605/1605 1586/1586/1586 1584/1584/1584
f 1607/1607/1607 1603/1603/1603 1582/1582/1582
f 1607/1607/1607 1582/1582/1582 1586/1586/1586
f 1603/1603/1603 1597/1597/1597 1577/1577/1577
f 1603/1603/1603 1577/1577/1577 1582/1582/1582
f 1597/1597/1597 1590/1590/1590 1570/1570/1570
f 1597/1597/1597 1570/1570/1570 1577/1577/1577
f 1590/1590/1590 1583/1583/1583 1564/1564/1564
f 1590/1590/1590 1564/1564/1564 1570/1570/1570
f 1583/1583/1583 1573/1573/1573 1554/1554/1554
f 1583/1583/1583 1554/1554/1554 1564/1564/1564
f 1573/1573/1573 1568/1568/1568 1548/1548/1548
f 1573/1573/1573 1548/1548/1548 1554/1554/1554
f 1568/1568/1568 1562/1562/1562 1542/1542/1542
f 1568/1568/1568 1542/1542/1542 1548/1548/1548
f 1562/1562/1562 1558/1558/1558 1537/1537/1537
f 1562/1562/1562 1537/1537/1537 1542/1542/1542
f 1558/1558/1558 1553/1553/1553 1533/1533/1533
f 1558/1558/1558 1533/1533/1533 1537/1537/1537
f 1553/1553/1553 1552/1552/1552 1532/1532/1532
f 1553/1553/1553 1532/1532/1532 1533/1533/1533
f 1552/1552/1552 1555/1555/1555 1534/1534/1534
f 1552/1552/1552 1534/1534/1534 1532/1532/1532
f 1555/1555/1555 1559/1559/1559 1540/1540/1540
f 1555/1555/1555 1540/1540/1540 1534/1534/1534
f 1559/1559/1559 1566/1566/1566 1546/1546/1546
f 1559/1559/1559 1546/1546/1546 1540/1540/1540
f 1546/1546/1546 1549/1549/1549 1529/1529/1529
f 1546/1546/1546 1529/1529/1529 1526/1526/1526
f 1549/1549/1549 1557/1557/1557 1538/1538/1538
f 1549/1549/1549 1538/1538/1538 1529/1529/1529
f 1557/1557/1557 1567/1567/1567 1547/1547/1547
f 1557/1557/1557 1547/1547/1547 1538/1538/1538
f 1567/1567/1567 1571/1571/1571 1551/1551/1551
f 1567/1567/1567 1551/1551/1551 1547/1547/1547
f 1571/1571/1571 1580/1580/1580 1560/1560/1560
f 1571/1571/1571 1560/1560/1560 1551/1551/1551
f 1580/1580/1580 1584/1584/1584 1563/1563/1563
f 1580/1580/1580 1563/1563/1563 1560/1560/1560
f 1584/1584/1584 1586/1586/1586 1565/1565/1565
f 1584/1584/1584 1565/1565/1565 1563/1563/1563
f 1586/1586/1586 1582/1582/1582 1561/1561/1561
f 1586/1586/1586 1561/1561/1561 1565/1565/1565
f 1582/1582/1582 1577/1577/1577 1556/1556/1556
f 1582/1582/1582 1556/1556/1556 1561/1561/1561
f 1577/1577/1577 1570/1570/1570 1550/1550/1550
f 1577/1577/1577 1550/1550/1550 1556/1556/1556
f 1570/1570/1570 1564/1564/1564 1545/1545/1545
f 1570/1570/1570 1545/1545/1545 1550/1550/1550
f 1564/1564/1564 1554/1554/1554 1535/1535/1535
f 1564/1564/1564 1535/1535/1535 1545/1545/1545
f 1554/1554/1554 1548/1548/1548 1528/1528/1528
f 1554/1554/1554 1528/1528/1528 1535/1535/1535
f 1548/1548/1548 1542/1542/1542 1523/1523/1523
f 1548/1548/1548 1523/1523/1523 1528/1528/1528
f 1542/1542/1542 1537/1537/1537 1517/1517/1517
f 1542/1542/1542 1517/1517/1517 1523/1523/1523
f 1537/1537/1537 1533/1533/1533 1513/1513/1513
f 1537/1537/1537 1513/1513/1513 1517/1517/1517
f 1533/1533/1533 1532/1532/1532 1512/1512/1512
f 1533/1533/1533 1512/1512/1512 1513/1513/1513
f 1532/1532/1532 1534/1534/1534 1514/1514/1514
f 1532/1532/1532 1514/1514/1514 1512/1512/1512
f 1534/1534/1534 1540/1540/1540 1520/1520/1520
f 1534/1534/1534 1520/1520/1520 1514/1514/1514
f 1540/1540/1540 1546/1546/1546 1526/1526/1526
f 1540/1540/1540 1526/1526/1526 1520/1520/1520
f 1526/1526/1526 1529/1529/1529 1509/1509/1509
f 1526/1526/1526 1509/1509/1509 1505/1505/1505
f 1529/1529/1529 1538/1538/1538 1518/1518/1518
f 1529/1529/1529 1518/1518/1518 1509/1509/1509
f 1538/1538/1538 1547/1547/1547 1527/1527/1527
f 1538/1538/1538 1527/1527/1527 1518/1518/1518
f 1547/1547/1547 1551/1551/1551 1531/1531/1531
f 1547/1547/1547 1531/1531/1531 1527/1527/1527
f 1551/1551/1551 1560/1560/1560 1539/1539/1539
f 1551/1551/1551 1539/1539/1539 1531/1531/1531
f 1560/1560/1560 1563/1563/1563 1543/1543/1543
f 1560/1560/1560 1543/1543/1543 1539/1539/1539
f 1563/1563/1563 1565/1565/1565 1544/1544/1544
f 1563/1563/1563 1544/1544/1544 1543/1543/1543
f 1565/1565/1565 1561/1561/1561 1541/1541/1541
f 1565/1565/1565 1541/1541/1541 1544/1544/1544
f 1561/1561/1561 1556/1556/1556 1536/1536/1536
f 1561/1561/1561 1536/1536/1536 1541/1541/1541
f 1556/1556/1556 1550/1550/1550 1530/1530/1530
f 1556/1556/1556 1530/1530/1530 1536/1536/1536
f 1550/1550/1550 1545/1545/1545 1525/1525/1525
f 1550/1550/1550 1525/1525/1525 1530/1530/1530
f 1545/1545/1545 1535/1535/1535 1515/1515/1515
f 1545/1545/1545 1515/1515/1515 1525/1525/1525
f 1535/1535/1535 1528/1528/1528 1508/1508/1508
f 1535/1535/1535 1508/1508/1508 1515/1515/1515
f 1528/1528/1528 1523/1523/1523 1503/1503/1503
f 1528/1528/1528 1503/1503/1503 1508/1508/1508
f 1523/1523/1523 1517/1517/1517 1497/1497/1497
f 1523/1523/1523 1497/1497/1497 1503/1503/1503
f 1517/1517/1517 1513/1513/1513 1493/1493/1493
f 1517/1517/1517 1493/1493/1493 1497/1497/1497
f 1513/1513/1513 1512/1512/1512 1492/1492/1492
f 1513/1513/1513 1492/1492/1492 1493/1493/1493
f 1512/1512/1512 1514/1514/1514 1494/1494/1494
f 1512/1512/1512 1494/1494/1494 1492/1492/1492
f 1514/1514/1514 1520/1520/1520 1500/1500/1500
f 1514/1514/1514 1500/1500/1500 1494/1494/1494
f 1520/1520/1520 1526/1526/1526 1505/1505/1505
f 1520/1520/1520 1505/1505/1505 1500/1500/1500
f 1505/1505/1505 1509/1509/1509 1489/1489/1489
f 1505/1505/1505 1489/1489/1489 1485/1485/1485
f 1509/1509/1509 1518/1518/1518 1499/1499/1499
f 1509/1509/1509 1499/1499/1499 1489/1489/1489
f 1518/1518/1518 1527/1527/1527 1507/1507/1507
f 1518/1518/1518 1507/1507/1507 1499/1499/1499
f 1527/1527/1527 1531/1531/1531 1511/1511/1511
f 1527/1527/1527 1511/1511/1511 1507/1507/1507
f 1531/1531/1531 1539/1539/1539 1519/1519/1519
f 1531/1531/1531 1519/1519/1519 1511/1511/1511
f 1539/1539/1539 1543/1543/1543 1522/1522/1522
f 1539/1539/1539 1522/1522/1522 1519/1519/1519
f 1543/1543/1543 1544/1544/1544 1524/1524/1524
f 1543/1543/1543 1524/1524/1524 1522/1522/1522
f 1544/1544/1544 1541/1541/1541 1521/1521/1521
f 1544/1544/1544 1521/1521/1521 1524/1524/1524
f 1541/1541/1541 1536/1536/1536 1516/1516/1516
f 1541/1541/1541 1516/1516/1516 1521/1521/1521
f 1536/1536/1536 1530/1530/1530 1510/1510/1510
f 1536/1536/1536 1510/1510/1510 1516/1516/1516
f 1530/1530/1530 1525/1525/1525 1506/1506/1506
f 1530/1530/1530 1506/1506/1506 1510/1510/1510
f 1525/1525/1525 1515/1515/1515 1495/1495/1495
f 1525/1525/1525 1495/1495/1495 1506/1506/1506
f 1515/1515/1515 1508/1508/1508 1488/1488/1488
f 1515/1515/1515 1488/1488/1488 1495/1495/1495
f 1508/1508/1508 1503/1503/1503 1483/1483/1483
f 1508/1508/1508 1483/1483/1483 1488/1488/1488
f 1503/1503/1503 1497/1497/1497 1477/1477/1477
f 1503/1503/1503 1477/1477/1477 1483/1483/1483
f 1497/1497/1497 1493/1493/1493 1473/1473/1473
f 1497/1497/1497 1473/1473/1473 1477/1477/1477
f 1493/1493/1493 1492/1492/1492 1472/1472/1472
f 1493/1493/1493 1472/1472/1472 1473/1473/1473
f 1492/1492/1492 1494/1494/1494 1474/1474/1474
f 1492/1492/1492 1474/1474/1474 1472/1472/1472
f 1494/1494/1494 1500/1500/1500 1479/1479/1479
f 1494/1494/1494 1479/1479/1479 1474/1474/1474
f 1500/1500/1500 1505/1505/1505 1485/1485/1485
f 1500/1500/1500 1485/1485/1485 1479/1479/1479
f 1485/1485/1485 1489/1489/1489 1469/1469/1469
f 1485/1485/1485 1469/1469/1469 1465/1465/1465
f 1489/1489/1489 1499/1499/1499 1480/1480/1480
f 1489/1489/1489 1480/1480/1480 1469/1469/1469
f 1499/1499/1499 1507/1507/1507 1487/1487/1487
f 1499/1499/1499 1487/1487/1487 1480/1480/1480
f 1507/1507/1507 1511/1511/1511 1491/1491/1491
f 1507/1507/1507 1491/1491/1491 1487/1487/1487
f 1511/1511/1511 1519/1519/1519 1498/1498/1498
f 1511/1511/1511 1498/1498/1498 1491/1491/1491
f 1519/1519/1519 1522/1522/1522 1502/1502/1502
f 1519/1519/1519 1502/1502/1502 1498/1498/1498
f 1522/1522/1522 1524/1524/1524 1504/1504/1504
f 1522/1522/1522 1504/1504/1504 1502/1502/1502
f 1524/1524/1524 1521/1521/1521 1501/1501/1501
f 1524/1524/1524 1501/1501/1501 1504/1504/1504
f 1521/1521/1521 1516/1516/1516 1496/1496/1496
f 1521/1521/1521 1496/1496/1496 1501/1501/1501
f 1516/1516/1516 1510/1510/1510 1490/1490/1490
f 1516/1516/1516 1490/1490/1490 1496/1496/1496
f 1510/1510/1510 1506/1506/1506 1486/1486/1486
f 1510/1510/1510 1486/1486/1486 1490/1490/1490
f 1506/1506/1506 1495/1495/1495 1475/1475/1475
f 1506/1506/1506 1475/1475/1475 1486/1486/1486
f 1495/1495/1495 1488/1488/1488 1468/1468/1468
f 1495/1495/1495 1468/1468/1468 1475/1475/1475
f 1488/1488/1488 1483/1483/1483 1464/1464/1464
f 1488/1488/1488 1464/1464/1464 1468/1468/1468
f 1483/1483/1483 1477/1477/1477 1457/1457/1457
f 1483/1483/1483 1457/1457/1457 1464/1464/1464
f 1477/1477/1477 1473/1473/1473 1453/1453/1453
f 1477/1477/1477 1453/1453/1453 1457/1457/1457
f 1473/1473/1473 1472/1472/1472 1452/1452/1452
f 1473/1473/1473 1452/1452/1452 1453/1453/1453
f 1472/1472/1472 1474/1474/1474 1454/1454/1454
f 1472/1472/1472 1454/1454/1454 1452/1452/1452
f 1474/1474/1474 1479/1479/1479 1459/1459/1459
f 1474/1474/1474 1459/1459/1459 1454/1454/1454
f 1479/1479/1479 1485/1485/1485 1465/1465/1465
f 1479/1479/1479 1465/1465/1465 1459/1459/1459
f 1465/1465/1465 1469/1469/1469 1449/1449/1449
f 1465/1465/1465 1449/1449/1449 1445/1445/1445
f 1469/1469/1469 1480/1480/1480 1460/1460/1460
f 1469/1469/1469 1460/1460/1460 1449/1449/1449
f 1480/1480/1480 1487/1487/1487 1467/1467/1467
f 1480/1480/1480 1467/1467/1467 1460/1460/1460
f 1487/1487/1487 1491/1491/1491 1471/1471/1471
f 1487/1487/1487 1471/1471/1471 1467/1467/1467
f 1491/1491/1491 1498/1498/1498 1478/1478/1478
f 1491/1491/1491 1478/1478/1478 1471/1471/1471
f 1498/1498/1498 1502/1502/1502 1482/1482/1482
f 1498/1498/1498 1482/1482/1482 1478/1478/1478
f 1502/1502/1502 1504/1504/1504 1484/1484/1484
f 1502/1502/1502 1484/1484/1484 1482/1482/1482
f 1504/1504/1504 1501/1501/1501 1481/1481/1481
f 1504/1504/1504 1481/1481/1481 1484/1484/1484
f 1501/1501/1501 1496/1496/1496 1476/1476/1476
f 1501/1501/1501 1476/1476/1476 1481/1481/1481
f 1496/1496/1496 1490/1490/1490 1470/1470/1470
f 1496/1496/1496 1470/1470/1470 1476/1476/1476
f 1490/1490/1490 1486/1486/1486 1466/1466/1466
f 1490/1490/1490 1466/1466/1466 1470/1470/1470
f 1486/1486/1486 1475/1475/1475 1455/1455/1455
f 1486/1486/1486 1455/1455/1455 1466/1466/1466
f 1475/1475/1475 1468/1468/1468 1448/1448/1448
f 1475/1475/1475 1448/1448/1448 1455/1455/1455
f 1468/1468/1468 1464/1464/1464 1444/1444/1444
f 1468/1468/1468 1444/1444/1444 1448/1448/1448
f 1464/1464/1464 1457/1457/1457 1437/1437/1437
f 1464/1464/1464 1437/1437/1437 1444/1444/1444
f 1457/1457/1457 1453/1453/1453 1433/1433/1433
f 1457/1457/1457 1433/1433/1433 1437/1437/1437
f 1453/1453/1453 1452/1452/1452 1431/1431/1431
f 1453/1453/1453 1431/1431/1431 1433/1433/1433
f 1452/1452/1452 1454/1454/1454 1434/1434/1434
f 1452/1452/1452 1434/1434/1434 1431/1431/1431
f 1454/1454/1454 1459/1459/1459 1439/1439/1439
f 1454/1454/1454 1439/1439/1439 1434/1434/1434
f 1459/1459/1459 1465/1465/1465 1445/1445/1445
f 1459/1459/1459 1445/1445/1445 1439/1439/1439
f 1445/1445/1445 1449/1449/1449 1429/1429/1429
f 1445/1445/1445 1429/1429/1429 1425/1425/1425
f 1449/1449/1449 1460/1460/1460 1440/1440/1440
f 1449/1449/1449 1440/1440/1440 1429/1429/1429
f 1460/1460/1460 1467/1467/1467 1447/1447/1447
f 1460/1460/1460 1447/1447/1447 1440/1440/1440
f 1467/1467/1467 1471/1471/1471 1451/1451/1451
f 1467/1467/1467 1451/1451/1451 1447/1447/1447
f 1471/1471/1471 1478/1478/1478 1458/1458/1458
f 1471/1471/1471 1458/1458/1458 1451/1451/1451
f 1478/1478/1478 1482/1482/1482 1462/1462/1462
f 1478/1478/1478 1462/1462/1462 1458/1458/1458
f 1482/1482/1482 1484/1484/1484 1463/1463/1463
f 1482/1482/1482 1463/1463/1463 1462/1462/1462
f 1484/1484/1484 1481/1481/1481 1461/1461/1461
f 1484/1484/1484 1461/1461/1461 1463/1463/1463
f 1481/1481/1481 1476/1476/1476 1456/1456/1456
f 1481/1481/1481 1456/1456/1456 1461/1461/1461
f 1476/1476/1476 1470/1470/1470 1450/1450/1450
f 1476/1476/1476 1450/1450/1450 1456/1456/1456
f 1470/1470/1470 1466/1466/1466 1446/1446/1446
f 1470/1470/1470 1446/1446/1446 1450/1450/1450
f 1466/1466/1466 1455/1455/1455 1435/1435/1435
f 1466/1466/1466 1435/1435/1435 1446/1446/1446
f 1455/1455/1455 1448/1448/1448 1428/1428/1428
f 1455/1455/1455 1428/1428/1428 1435/1435/1435
f 1448/1448/1448 1444/1444/1444 1424/1424/1424
f 1448/1448/1448 1424/1424/1424 1428/1428/1428
f 1444/1444/1444 1437/1437/1437 1416/1416/1416
f 1444/1444/1444 1416/1416/1416 1424/1424/1424
f 1437/1437/1437 1433/1433/1433 1413/1413/1413
f 1437/1437/1437 1413/1413/1413 1416/1416/1416
f 1433/1433/1433 1431/1431/1431 1411/1411/1411
f 1433/1433/1433 1411/1411/1411 1413/1413/1413
f 1431/1431/1431 1434/1434/1434 1414/1414/1414
f 1431/1431/1431 1414/1414/1414 1411/1411/1411
f 1434/1434/1434 1439/1439/1439 1419/1419/1419
f 1434/1434/1434 1419/1419/1419 1414/1414/1414
f 1439/1439/1439 1445/1445/1445 1425/1425/1425
f 1439/1439/1439 1425/1425/1425 1419/1419/1419
f 1425/1425/1425 1429/1429/1429 1410/1410/1410
f 1425/1425/1425 1410/1410/1410 1405/1405/1405
f 1429/1429/1429 1440/1440/1440 1420/1420/1420
f 1429/1429/1429 1420/1420/1420 1410/1410/1410
f 1440/1440/1440 1447/1447/1447 1427/1427/1427
f 1440/1440/1440 1427/1427/1427 1420/1420/1420
f 1447/1447/1447 1451/1451/1451 1432/1432/1432
f 1447/1447/1447 1432/1432/1432 1427/1427/1427
f 1451/1451/1451 1458/1458/1458 1438/1438/1438
f 1451/1451/1451 1438/1438/1438 1432/1432/1432
f 1458/1458/1458 1462/1462/1462 1442/1442/1442
f 1458/1458/1458 1442/1442/1442 1438/1438/1438
f 1462/1462/1462 1463/1463/1463 1443/1443/1443
f 1462/1462/1462 1443/1443/1443 1442/1442/1442
f 1463/1463/1463 1461/1461/1461 1441/1441/1441
f 1463/1463/1463 1441/1441/1441 1443/1443/1443
f 1461/1461/1461 1456/1456/1456 1436/1436/1436
f 1461/1461/1461 1436/1436/1436 1441/1441/1441
f 1456/1456/1456 1450/1450/1450 1430/1430/1430
f 1456/1456/1456 1430/1430/1430 1436/1436/1436
f 1450/1450/1450 1446/1446/1446 1426/1426/1426
f 1450/1450/1450 1426/1426/1426 1430/1430/1430
f 1446/1446/1446 1435/1435/1435 1417/1417/1417
f 1446/1446/1446 1417/1417/1417 1426/1426/1426
f 1435/1435/1435 1428/1428/1428 1408/1408/1408
f 1435/1435/1435 1408/1408/1408 1417/1417/1417
f 1428/1428/1428 1424/1424/1424 1404/1404/1404
f 1428/1428/1428 1404/1404/1404 1408/1408/1408
f 1424/1424/1424 1416/1416/1416 1396/1396/1396
f 1424/1424/1424 1396/1396/1396 1404/1404/1404
f 1416/1416/1416 1413/1413/1413 1393/1393/1393
f 1416/1416/1416 1393/1393/1393 1396/1396/1396
f 1413/1413/1413 1411/1411/1411 1391/1391/1391
f 1413/1413/1413 1391/1391/1391 1393/1393/1393
f 1411/1411/1411 1414/1414/1414 1394/1394/1394
f 1411/1411/1411 1394/1394/1394 1391/1391/1391
f 1414/1414/1414 1419/1419/1419 1399/1399/1399
f 1414/1414/1414 1399/1399/1399 1394/1394/1394
f 1419/1419/1419 1425/1425/1425 1405/1405/1405
f 1419/1419/1419 1405/1405/1405 1399/1399/1399
f 1405/1405/1405 1410/1410/1410 1390/1390/1390
f 1405/1405/1405 1390/1390/1390 1385/1385/1385
f 1410/1410/1410 1420/1420/1420 1400/1400/1400
f 1410/1410/1410 1400/1400/1400 1390/1390/1390
f 1420/1420/1420 1427/1427/1427 1407/1407/1407
f 1420/1420/1420 1407/1407/1407 1400/1400/1400
f 1427/1427/1427 1432/1432/1432 1412/1412/1412
f 1427/1427/1427 1412/1412/1412 1407/1407/1407
f 1432/1432/1432 1438/1438/1438 1418/1418/1418
f 1432/1432/1432 1418/1418/1418 1412/1412/1412
f 1438/1438/1438 1442/1442/1442 1422/1422/1422
f 1438/1438/1438 1422/1422/1422 1418/1418/1418
f 1442/1442/1442 1443/1443/1443 1423/1423/1423
f 1442/1442/1442 1423/1423/1423 1422/1422/1422
f 1443/1443/1443 1441/1441/1441 1421/1421/1421
f 1443/1443/1443 1421/1421/1421 1423/1423/1423
f 1441/1441/1441 1436/1436/1436 1415/1415/1415
f 1441/1441/1441 1415/1415/1415 1421/1421/1421
f 1436/1436/1436 1430/1430/1430 1409/1409/1409
f 1436/1436/1436 1409/1409/1409 1415/1415/1415
f 1430/1430/1430 1426/1426/1426 1406/1406/1406
f 1430/1430/1430 1406/1406/1406 1409/1409/1409
f 1426/1426/1426 1417/1417/1417 1397/1397/1397
f 1426/1426/1426 1397/1397/1397 1406/1406/1406
f 1417/1417/1417 1408/1408/1408 1388/1388/1388
f 1417/1417/1417 1388/1388/1388 1397/1397/1397
f 1408/1408/1408 1404/1404/1404 1384/1384/1384
f 1408/1408/1408 1384/1384/1384 1388/1388/1388
f 1404/1404/1404 1396/1396/1396 1376/1376/1376
f 1404/1404/1404 1376/1376/1376 1384/1384/1384
f 1396/1396/1396 1393/1393/1393 1372/1372/1372
f 1396/1396/1396 1372/1372/1372 1376/1376/1376
f 1393/1393/1393 1391/1391/1391 1371/1371/1371
f 1393/1393/1393 1371/1371/1371 1372/1372/1372
f 1391/1391/1391 1394/1394/1394 1374/1374/1374
f 1391/1391/1391 1374/1374/1374 1371/1371/1371
f 1394/1394/1394 1399/1399/1399 1379/1379/1379
f 1394/1394/1394 1379/1379/1379 1374/1374/1374
f 1399/1399/1399 1405/1405/1405 1385/1385/1385
f 1399/1399/1399 1385/1385/1385 1379/1379/1379
f 1385/1385/1385 1390/1390/1390 1370/1370/1370
f 1385/1385/1385 1370/1370/1370 1365/1365/1365
f 1390/1390/1390 1400/1400/1400 1380/1380/1380
f 1390/1390/1390 1380/1380/1380 1370/1370/1370
f 1400/1400/1400 1407/1407/1407 1387/1387/1387
f 1400/1400/1400 1387/1387/1387 1380/1380/1380
f 1407/1407/1407 1412/1412/1412 1392/1392/1392
f 1407/1407/1407 1392/1392/1392 1387/1387/1387
f 1412/1412/1412 1418/1418/1418 1398/1398/1398
f 1412/1412/1412 1398/1398/1398 1392/1392/1392
f 1418/1418/1418 1422/1422/1422 1402/1402/1402
f 1418/1418/1418 1402/1402/1402 1398/1398/1398
f 1422/1422/1422 1423/1423/1423 1403/1403/1403
f 1422/1422/1422 1403/1403/1403 1402/1402/1402
f 1423/1423/1423 1421/1421/1421 1401/1401/1401
f 1423/1423/1423 1401/1401/1401 1403/1403/1403
f 1421/1421/1421 1415/1415/1415 1395/1395/1395
f 1421/1421/1421 1395/1395/1395 1401/1401/1401
f 1415/1415/1415 1409/1409/1409 1389/1389/1389
f 1415/1415/1415 1389/1389/1389 1395/1395/1395
f 1409/1409/1409 1406/1406/1406 1386/1386/1386
f 1409/1409/1409 1386/1386/1386 1389/1389/1389
f 1406/1406/1406 1397/1397/1397 1377/1377/1377
f 1406/1406/1406 1377/1377/1377 1386/1386/1386
f 1397/1397/1397 1388/1388/1388 1368/1368/1368
f 1397/1397/1397 1368/1368/1368 1377/1377/1377
f 1388/1388/1388 1384/1384/1384 1364/1364/1364
f 1388/1388/1388 1364/1364/1364 1368/1368/1368
f 1384/1384/1384 1376/1376/1376 1355/1355/1355
f 1384/1384/1384 1355/1355/1355 1364/1364/1364
f 1376/1376/1376 1372/1372/1372 1352/1352/1352
f 1376/1376/1376 1352/1352/1352 1355/1355/1355
f 1372/1372/1372 1371/1371/1371 1350/1350/1350
f 1372/1372/1372 1350/1350/1350 1352/1352/1352
f 1371/1371/1371 1374/1374/1374 1354/1354/1354
f 1371/1371/1371 1354/1354/1354 1350/1350/1350
f 1374/1374/1374 1379/1379/1379 1359/1359/1359
f 1374/1374/1374 1359/1359/1359 1354/1354/1354
f 1379/1379/1379 1385/1385/1385 1365/1365/1365
f 1379/1379/1379 1365/1365/1365 1359/1359/1359
f 1365/1365/1365 1370/1370/1370 1351/1351/1351
f 1365/1365/1365 1351/1351/1351 1345/1345/1345
f 1370/1370/1370 1380/1380/1380 1361/1361/1361
f 1370/1370/1370 1361/1361/1361 1351/1351/1351
f 1380/1380/1380 1387/1387/1387 1367/1367/1367
f 1380/1380/1380 1367/1367/1367 1361/1361/1361
f 1387/1387/1387 1392/1392/1392 1373/1373/1373
f 1387/1387/1387 1373/1373/1373 1367/1367/1367
f 1392/1392/1392 1398/1398/1398 1378/1378/1378
f 1392/1392/1392 1378/1378/1378 1373/1373/1373
f 1398/1398/1398 1402/1402/1402 1382/1382/1382
f 1398/1398/1398 1382/1382/1382 1378/1378/1378
f 1402/1402/1402 1403/1403/1403 1383/1383/1383
f 1402/1402/1402 1383/1383/1383 1382/1382/1382
f 1403/1403/1403 1401/1401/1401 1381/1381/1381
f 1403/1403/1403 1381/1381/1381 1383/1383/1383
f 1401/1401/1401 1395/1395/1395 1375/1375/1375
f 1401/1401/1401 1375/1375/1375 1381/1381/1381
f 1395/1395/1395 1389/1389/1389 1369/1369/1369
f 1395/1395/1395 1369/1369/1369 1375/1375/1375
f 1389/1389/1389 1386/1386/1386 1366/1366/1366
f 1389/1389/1389 1366/1366/1366 1369/1369/1369
f 1386/1386/1386 1377/1377/1377 1357/1357/1357
f 1386/1386/1386 1357/1357/1357 1366/1366/1366
f 1377/1377/1377 1368/1368/1368 1348/1348/1348
f 1377/1377/1377 1348/1348/1348 1357/1357/1357
f 1368/1368/1368 1364/1364/1364 1344/1344/1344
f 1368/1368/1368 1344/1344/1344 1348/1348/1348
f 1364/1364/1364 1355/1355/1355 1335/1335/1335
f 1364/1364/1364 1335/1335/1335 1344/1344/1344
f 1355/1355/1355 1352/1352/1352 1331/1331/1331
f 1355/1355/1355 1331/1331/1331 1335/1335/1335
f 1352/1352/1352 1350/1350/1350 1329/1329/1329
f 1352/1352/1352 1329/1329/1329 1331/1331/1331
f 1350/1350/1350 1354/1354/1354 1333/1333/1333
f 1350/1350/1350 1333/1333/1333 1329/1329/1329
f 1354/1354/1354 1359/1359/1359 1338/1338/1338
f 1354/1354/1354 1338/1338/1338 1333/1333/1333
f 1359/1359/1359 1365/1365/1365 1345/1345/1345
f 1359/1359/1359 1345/1345/1345 1338/1338/1338
f 1345/1345/1345 1351/1351/1351 1332/1332/1332
f 1345/1345/1345 1332/1332/1332 1325/1325/1325
f 1351/1351/1351 1361/1361/1361 1342/1342/1342
f 1351/1351/1351 1342/1342/1342 1332/1332/1332
f 1361/1361/1361 1367/1367/1367 1347/1347/1347
f 1361/1361/1361 1347/1347/1347 1342/1342/1342
f 1367/1367/1367 1373/1373/1373 1353/1353/1353
f 1367/1367/1367 1353/1353/1353 1347/1347/1347
f 1373/1373/1373 1378/1378/1378 1358/1358/1358
f 1373/1373/1373 1358/1358/1358 1353/1353/1353
f 1378/1378/1378 1382/1382/1382 1362/1362/1362
f 1378/1378/1378 1362/1362/1362 1358/1358/1358
f 1382/1382/1382 1383/1383/1383 1363/1363/1363
f 1382/1382/1382 1363/1363/1363 1362/1362/1362
f 1383/1383/1383 1381/1381/1381 1360/1360/1360
f 1383/1383/1383 1360/1360/1360 1363/1363/1363
f 1381/1381/1381 1375/1375/1375 1356/1356/1356
f 1381/1381/1381 1356/1356/1356 1360/1360/1360
f 1375/1375/1375 1369/1369/1369 1349/1349/1349
f 1375/1375/1375 1349/1349/1349 1356/1356/1356
f 1369/1369/1369 1366/1366/1366 1346/1346/1346
f 1369/1369/1369 1346/1346/1346 1349/1349/1349
f 1366/1366/1366 1357/1357/1357 1339/1339/1339
f 1366/1366/1366 1339/1339/1339 1346/1346/1346
f 1357/1357/1357 1348/1348/1348 1328/1328/1328
f 1357/1357/1357 1328/1328/1328 1339/1339/1339
f 1348/1348/1348 1344/1344/1344 1324/1324/1324
f 1348/1348/1348 1324/1324/1324 1328/1328/1328
f 1344/1344/1344 1335/1335/1335 1315/1315/1315
f 1344/1344/1344 1315/1315/1315 1324/1324/1324
f 1335/1335/1335 1331/1331/1331 1310/1310/1310
f 1335/1335/1335 1310/1310/1310 1315/1315/1315
f 1331/1331/1331 1329/1329/1329 1308/1308/1308
f 1331/1331/1331 1308/1308/1308 1310/1310/1310
f 1329/1329/1329 1333/1333/1333 1312/1312/1312
f 1329/1329/1329 1312/1312/1312 1308/1308/1308
f 1333/1333/1333 1338/1338/1338 1318/1318/1318
f 1333/1333/1333 1318/1318/1318 1312/1312/1312
f 1338/1338/1338 1345/1345/1345 1325/1325/1325
f 1338/1338/1338 1325/1325/1325 1318/1318/1318
f 1325/1325/1325 1332/1332/1332 1313/1313/1313
f 1325/1325/1325 1313/1313/1313 1305/1305/1305
f 1332/1332/1332 1342/1342/1342 1323/1323/1323
f 1332/1332/1332 1323/1323/1323 1313/1313/1313
f 1342/1342/1342 1347/1347/1347 1327/1327/1327
f 1342/1342/1342 1327/1327/1327 1323/1323/1323
f 1347/1347/1347 1353/1353/1353 1334/1334/1334
f 1347/1347/1347 1334/1334/1334 1327/1327/1327
f 1353/1353/1353 1358/1358/1358 1337/1337/1337
f 1353/1353/1353 1337/1337/1337 1334/1334/1334
f 1358/1358/1358 1362/1362/1362 1341/1341/1341
f 1358/1358/1358 1341/1341/1341 1337/1337/1337
f 1362/1362/1362 1363/1363/1363 1343/1343/1343
f 1362/1362/1362 1343/1343/1343 1341/1341/1341
f 1363/1363/1363 1360/1360/1360 1340/1340/1340
f 1363/1363/1363 1340/1340/1340 1343/1343/1343
f 1360/1360/1360 1356/1356/1356 1336/1336/1336
f 1360/1360/1360 1336/1336/1336 1340/1340/1340
f 1356/1356/1356 1349/1349/1349 1330/1330/1330
f 1356/1356/1356 1330/1330/1330 1336/1336/1336
f 1349/1349/1349 1346/1346/1346 1326/1326/1326
f 1349/1349/1349 1326/1326/1326 1330/1330/1330
f 1346/1346/1346 1339/1339/1339 1319/1319/1319
f 1346/1346/1346 1319/1319/1319 1326/1326/1326
f 1339/1339/1339 1328/1328/1328 1309/1309/1309
f 1339/1339/1339 1309/1309/1309 1319/1319/1319
f 1328/1328/1328 1324/1324/1324 1304/1304/1304
f 1328/1328/1328 1304/1304/1304 1309/1309/1309
f 1324/1324/1324 1315/1315/1315 1295/1295/1295
f 1324/1324/1324 1295/1295/1295 1304/1304/1304
f 1315/1315/1315 1310/1310/1310 1289/1289/1289
f 1315/1315/1315 1289/1289/1289 1295/1295/1295
f 1310/1310/1310 1308/1308/1308 1287/1287/1287
f 1310/1310/1310 1287/1287/1287 1289/1289/1289
f 1308/1308/1308 1312/1312/1312 1290/1290/1290
f 1308/1308/1308 1290/1290/1290 1287/1287/1287
f 1312/1312/1312 1318/1318/1318 1298/1298/1298
f 1312/1312/1312 1298/1298/1298 1290/1290/1290
f 1318/1318/1318 1325/1325/1325 1305/1305/1305
f 1318/1318/1318 1305/1305/1305 1298/1298/1298
f 1305/1305/1305 1313/1313/1313 1294/1294/1294
f 1305/1305/1305 1294/1294/1294 1285/1285/1285
f 1313/1313/1313 1323/1323/1323 1303/1303/1303
f 1313/1313/1313 1303/1303/1303 1294/1294/1294
f 1323/1323/1323 1327/1327/1327 1307/1307/1307
f 1323/1323/1323 1307/1307/1307 1303/1303/1303
f 1327/1327/1327 1334/1334/1334 1314/1314/1314
f 1327/1327/1327 1314/1314/1314 1307/1307/1307
f 1334/1334/1334 1337/1337/1337 1317/1317/1317
f 1334/1334/1334 1317/1317/1317 1314/1314/1314
f 1337/1337/1337 1341/1341/1341 1321/1321/1321
f 1337/1337/1337 1321/1321/1321 1317/1317/1317
f 1341/1341/1341 1343/1343/1343 1322/1322/1322
f 1341/1341/1341 1322/1322/1322 1321/1321/1321
f 1343/1343/1343 1340/1340/1340 1320/1320/1320
f 1343/1343/1343 1320/1320/1320 1322/1322/1322
f 1340/1340/1340 1336/1336/1336 1316/1316/1316
f 1340/1340/1340 1316/1316/1316 1320/1320/1320
f 1336/1336/1336 1330/1330/1330 1311/1311/1311
f 1336/1336/1336 1311/1311/1311 1316/1316/1316
f 1330/1330/1330 1326/1326/1326 1306/1306/1306
f 1330/1330/1330 1306/1306/1306 1311/1311/1311
f 1326/1326/1326 1319/1319/1319 1302/1302/1302
f 1326/1326/1326 1302/1302/1302 1306/1306/1306
f 1319/1319/1319 1309/1309/1309 1291/1291/1291
f 1319/1319/1319 1291/1291/1291 1302/1302/1302
f 1309/1309/1309 1304/1304/1304 1283/1283/1283
f 1309/1309/1309 1283/1283/1283 1291/1291/1291
f 1304/1304/1304 1295/1295/1295 1277/1277/1277
f 1304/1304/1304 1277/1277/1277 1283/1283/1283
f 1295/1295/1295 1289/1289/1289 1273/1273/1273
f 1295/1295/1295 1273/1273/1273 1277/1277/1277
f 1289/1289/1289 1287/1287/1287 1272/1272/1272
f 1289/1289/1289 1272/1272/1272 1273/1273/1273
f 1287/1287/1287 1290/1290/1290 1274/1274/1274
f 1287/1287/1287 1274/1274/1274 1272/1272/1272
f 1290/1290/1290 1298/1298/1298 1280/1280/1280
f 1290/1290/1290 1280/1280/1280 1274/1274/1274
f 1298/1298/1298 1305/1305/1305 1285/1285/1285
f 1298/1298/1298 1285/1285/1285 1280/1280/1280
f 1285/1285/1285 1294/1294/1294 1281/1281/1281
f 1285/1285/1285 1281/1281/1281 1276/1276/1276
f 1294/1294/1294 1303/1303/1303 1284/1284/1284
f 1294/1294/1294 1284/1284/1284 1281/1281/1281
f 1303/1303/1303 1307/1307/1307 1288/1288/1288
f 1303/1303/1303 1288/1288/1288 1284/1284/1284
f 1307/1307/1307 1314/1314/1314 1293/1293/1293
f 1307/1307/1307 1293/1293/1293 1288/1288/1288
f 1314/1314/1314 1317/1317/1317 1297/1297/1297
f 1314/1314/1314 1297/1297/1297 1293/1293/1293
f 1317/1317/1317 1321/1321/1321 1300/1300/1300
f 1317/1317/1317 1300/1300/1300 1297/1297/1297
f 1321/1321/1321 1322/1322/1322 1301/1301/1301
f 1321/1321/1321 1301/1301/1301 1300/1300/1300
f 1322/1322/1322 1320/1320/1320 1299/1299/1299
f 1322/1322/1322 1299/1299/1299 1301/1301/1301
f 1320/1320/1320 1316/1316/1316 1296/1296/1296
f 1320/1320/1320 1296/1296/1296 1299/1299/1299
f 1316/1316/1316 1311/1311/1311 1292/1292/1292
f 1316/1316/1316 1292/1292/1292 1296/1296/1296
f 1311/1311/1311 1306/1306/1306 1286/1286/1286
f 1311/1311/1311 1286/1286/1286 1292/1292/1292
f 1306/1306/1306 1302/1302/1302 1282/1282/1282
f 1306/1306/1306 1282/1282/1282 1286/1286/1286
f 1302/1302/1302 1291/1291/1291 1279/1279/1279
f 1302/1302/1302 1279/1279/1279 1282/1282/1282
f 1291/1291/1291 1283/1283/1283 1275/1275/1275
f 1291/1291/1291 1275/1275/1275 1279/1279/1279
f 1283/1283/1283 1277/1277/1277 1270/1270/1270
f 1283/1283/1283 1270/1270/1270 1275/1275/1275
f 1277/1277/1277 1273/1273/1273 1268/1268/1268
f 1277/1277/1277 1268/1268/1268 1270/1270/1270
f 1273/1273/1273 1272/1272/1272 1267/1267/1267
f 1273/1273/1273 1267/1267/1267 1268/1268/1268
f 1272/1272/1272 1274/1274/1274 1269/1269/1269
f 1272/1272/1272 1269/1269/1269 1267/1267/1267
f 1274/1274/1274 1280/1280/1280 1271/1271/1271
f 1274/1274/1274 1271/1271/1271 1269/1269/1269
f 1280/1280/1280 1285/1285/1285 1276/1276/1276
f 1280/1280/1280 1276/1276/1276 1271/1271/1271
f 1629/1629/1629 1623/1623/1623 1637/1637/1637
f 1633/1633/1633 1629/1629/1629 1637/1637/1637
f 1636/1636/1636 1633/1633/1633 1637/1637/1637
f 1640/1640/1640 1636/1636/1636 1637/1637/1637
f 1645/1645/1645 1640/1640/1640 1637/1637/1637
f 1647/1647/1647 1645/1645/1645 1637/1637/1637
f 1648/1648/1648 1647/1647/1647 1637/1637/1637
f 1646/1646/1646 1648/1648/1648 1637/1637/1637
f 1644/1644/1644 1646/1646/1646 1637/1637/1637
f 1639/1639/1639 1644/1644/1644 1637/1637/1637
f 1634/1634/1634 1639/1639/1639 1637/1637/1637
f 1631/1631/1631 1634/1634/1634 1637/1637/1637
f 1627/1627/1627 1631/1631/1631 1637/1637/1637
f 1622/1622/1622 1627/1627/1627 1637/1637/1637
f 1618/1618/1618 1622/1622/1622 1637/1637/1637
f 1615/1615/1615 1618/1618/1618 1637/1637/1637
f 1614/1614/1614 1615/1615/1615 1637/1637/1637
f 1616/1616/1616 1614/1614/1614 1637/1637/1637
f 1619/1619/1619 1616/1616/1616 1637/1637/1637
f 1623/1623/1623 1619/1619/1619 1637/1637/1637
f 1276/1276/1276 1281/1281/1281 1278/1278/1278
f 1281/1281/1281 1284/1284/1284 1278/1278/1278
f 1284/1284/1284 1288/1288/1288 1278/1278/1278
f 1288/1288/1288 1293/1293/1293 1278/1278/1278
f 1293/1293/1293 1297/1297/1297 1278/1278/1278
f 1297/1297/1297 1300/1300/1300 1278/1278/1278
f 1300/1300/1300 1301/1301/1301 1278/1278/1278
f 1301/1301/1301 1299/1299/1299 1278/1278/1278
f 1299/1299/1299 1296/1296/1296 1278/1278/1278
f 1296/1296/1296 1292/1292/1292 1278/1278/1278
f 1292/1292/1292 1286/1286/1286 1278/1278/1278
f 1286/1286/1286 1282/1282/1282 1278/1278/1278
f 1282/1282/1282 1279/1279/1279 1278/1278/1278
f 1279/1279/1279 1275/1275/1275 1278/1278/1278
f 1275/1275/1275 1270/1270/1270 1278/1278/1278
f 1270/1270/1270 1268/1268/1268 1278/1278/1278
f 1268/1268/1268 1267/1267/1267 1278/1278/1278
f 1267/1267/1267 1269/1269/1269 1278/1278/1278
f 1269/1269/1269 1271/1271/1271 1278/1278/1278
f 1271/1271/1271 1276/1276/1276 1278/1278/1278
f 2611/2611/2611 2607/2607/2607 2601/2601/2601
f 2611/2611/2611 2601/2601/2601 2604/2604/2604
f 2607/2607/2607 2603/2603/2603 2592/2592/2592
f 2607/2607/2607 2592/2592/2592 2601/2601/2601
f 2603/2603/2603 2597/2597/2597 2584/2584/2584
f 2603/2603/2603 2584/2584/2584 2592/2592/2592
f 2597/2597/2597 2591/2591/2591 2569/2569/2569
f 2597/2597/2597 2569/2569/2569 2584/2584/2584
f 2591/2591/2591 2588/2588/2588 2561/2561/2561
f 2591/2591/2591 2561/2561/2561 2569/2569/2569
f 2588/2588/2588 2581/2581/2581 2553/2553/2553
f 2588/2588/2588 2553/2553/2553 2561/2561/2561
f 2581/2581/2581 2575/2575/2575 2545/2545/2545
f 2581/2581/2581 2545/2545/2545 2553/2553/2553
f 2575/2575/2575 2571/2571/2571 2541/2541/2541
f 2575/2575/2575 2541/2541/2541 2545/2545/2545
f 2571/2571/2571 2567/2567/2567 2538/2538/2538
f 2571/2571/2571 2538/2538/2538 2541/2541/2541
f 2567/2567/2567 2568/2568/2568 2539/2539/2539
f 2567/2567/2567 2539/2539/2539 2538/2538/2538
f 2568/2568/2568 2573/2573/2573 2543/2543/2543
f 2568/2568/2568 2543/2543/2543 2539/2539/2539
f 2573/2573/2573 2576/2576/2576 2548/2548/2548
f 2573/2573/2573 2548/2548/2548 2543/2543/2543
f 2576/2576/2576 2583/2583/2583 2555/2555/2555
f 2576/2576/2576 2555/2555/2555 2548/2548/2548
f 2583/2583/2583 2589/2589/2589 2563/2563/2563
f 2583/2583/2583 2563/2563/2563 2555/2555/2555
f 2589/2589/2589 2593/2593/2593 2574/2574/2574
f 2589/2589/2589 2574/2574/2574 2563/2563/2563
f 2593/2593/2593 2600/2600/2600 2587/2587/2587
f 2593/2593/2593 2587/2587/2587 2574/2574/2574
f 2600/2600/2600 2605/2605/2605 2595/2595/2595
f 2600/2600/2600 2595/2595/2595 2587/2587/2587
f 2605/2605/2605 2608/2608/2608 2602/2602/2602
f 2605/2605/2605 2602/2602/2602 2595/2595/2595
f 2608/2608/2608 2612/2612/2612 2606/2606/2606
f 2608/2608/2608 2606/2606/2606 2602/2602/2602
f 2612/2612/2612 2611/2611/2611 2604/2604/2604
f 2612/2612/2612 2604/2604/2604 2606/2606/2606
f 2604/2604/2604 2601/2601/2601 2577/2577/2577
f 2604/2604/2604 2577/2577/2577 2585/2585/2585
f 2601/2601/2601 2592/2592/2592 2564/2564/2564
f 2601/2601/2601 2564/2564/2564 2577/2577/2577
f 2592/2592/2592 2584/2584/2584 2556/2556/2556
f 2592/2592/2592 2556/2556/2556 2564/2564/2564
f 2584/2584/2584 2569/2569/2569 2544/2544/2544
f 2584/2584/2584 2544/2544/2544 2556/2556/2556
f 2569/2569/2569 2561/2561/2561 2534/2534/2534
f 2569/2569/2569 2534/2534/2534 2544/2544/2544
f 2561/2561/2561 2553/2553/2553 2528/2528/2528
f 2561/2561/2561 2528/2528/2528 2534/2534/2534
f 2553/2553/2553 2545/2545/2545 2517/2517/2517
f 2553/2553/2553 2517/2517/2517 2528/2528/2528
f 2545/2545/2545 2541/2541/2541 2511/2511/2511
f 2545/2545/2545 2511/2511/2511 2517/2517/2517
f 2541/2541/2541 2538/2538/2538 2508/2508/2508
f 2541/2541/2541 2508/2508/2508 2511/2511/2511
f 2538/2538/2538 2539/2539/2539 2509/2509/2509
f 2538/2538/2538 2509/2509/2509 2508/2508/2508
f 2539/2539/2539 2543/2543/2543 2514/2514/2514
f 2539/2539/2539 2514/2514/2514 2509/2509/2509
f 2543/2543/2543 2548/2548/2548 2520/2520/2520
f 2543/2543/2543 2520/2520/2520 2514/2514/2514
f 2548/2548/2548 2555/2555/2555 2529/2529/2529
f 2548/2548/2548 2529/2529/2529 2520/2520/2520
f 2555/2555/2555 2563/2563/2563 2536/2536/2536
f 2555/2555/2555 2536/2536/2536 2529/2529/2529
f 2563/2563/2563 2574/2574/2574 2547/2547/2547
f 2563/2563/2563 2547/2547/2547 2536/2536/2536
f 2574/2574/2574 2587/2587/2587 2559/2559/2559
f 2574/2574/2574 2559/2559/2559 2547/2547/2547
f 2587/2587/2587 2595/2595/2595 2566/2566/2566
f 2587/2587/2587 2566/2566/2566 2559/2559/2559
f 2595/2595/2595 2602/2602/2602 2580/2580/2580
f 2595/2595/2595 2580/2580/2580 2566/2566/2566
f 2602/2602/2602 2606/2606/2606 2586/2586/2586
f 2602/2602/2602 2586/2586/2586 2580/2580/2580
f 2606/2606/2606 2604/2604/2604 2585/2585/2585
f 2606/2606/2606 2585/2585/2585 2586/2586/2586
f 2585/2585/2585 2577/2577/2577 2546/2546/2546
f 2585/2585/2585 2546/2546/2546 2552/2552/2552
f 2577/2577/2577 2564/2564/2564 2537/2537/2537
f 2577/2577/2577 2537/2537/2537 2546/2546/2546
f 2564/2564/2564 2556/2556/2556 2530/2530/2530
f 2564/2564/2564 2530/2530/2530 2537/2537/2537
f 2556/2556/2556 2544/2544/2544 2516/2516/2516
f 2556/2556/2556 2516/2516/2516 2530/2530/2530
f 2544/2544/2544 2534/2534/2534 2502/2502/2502
f 2544/2544/2544 2502/2502/2502 2516/2516/2516
f 2534/2534/2534 2528/2528/2528 2492/2492/2492
f 2534/2534/2534 2492/2492/2492 2502/2502/2502
f 2528/2528/2528 2517/2517/2517 2484/2484/2484
f 2528/2528/2528 2484/2484/2484 2492/2492/2492
f 2517/2517/2517 2511/2511/2511 2479/2479/2479
f 2517/2517/2517 2479/2479/2479 2484/2484/2484
f 2511/2511/2511 2508/2508/2508 2475/2475/2475
f 2511/2511/2511 2475/2475/2475 2479/2479/2479
f 2508/2508/2508 2509/2509/2509 2476/2476/2476
f 2508/2508/2508 2476/2476/2476 2475/2475/2475
f 2509/2509/2509 2514/2514/2514 2481/2481/2481
f 2509/2509/2509 2481/2481/2481 2476/2476/2476
f 2514/2514/2514 2520/2520/2520 2487/2487/2487
f 2514/2514/2514 2487/2487/2487 2481/2481/2481
f 2520/2520/2520 2529/2529/2529 2495/2495/2495
f 2520/2520/2520 2495/2495/2495 2487/2487/2487
f 2529/2529/2529 2536/2536/2536 2503/2503/2503
f 2529/2529/2529 2503/2503/2503 2495/2495/2495
f 2536/2536/2536 2547/2547/2547 2521/2521/2521
f 2536/2536/2536 2521/2521/2521 2503/2503/2503
f 2547/2547/2547 2559/2559/2559 2533/2533/2533
f 2547/2547/2547 2533/2533/2533 2521/2521/2521
f 2559/2559/2559 2566/2566/2566 2540/2540/2540
f 2559/2559/2559 2540/2540/2540 2533/2533/2533
f 2566/2566/2566 2580/2580/2580 2550/2550/2550
f 2566/2566/2566 2550/2550/2550 2540/2540/2540
f 2580/2580/2580 2586/2586/2586 2554/2554/2554
f 2580/2580/2580 2554/2554/2554 2550/2550/2550
f 2586/2586/2586 2585/2585/2585 2552/2552/2552
f 2586/2586/2586 2552/2552/2552 2554/2554/2554
f 2552/2552/2552 2546/2546/2546 2518/2518/2518
f 2552/2552/2552 2518/2518/2518 2525/2525/2525
f 2546/2546/2546 2537/2537/2537 2505/2505/2505
f 2546/2546/2546 2505/2505/2505 2518/2518/2518
f 2537/2537/2537 2530/2530/2530 2496/2496/2496
f 2537/2537/2537 2496/2496/2496 2505/2505/2505
f 2530/2530/2530 2516/2516/2516 2483/2483/2483
f 2530/2530/2530 2483/2483/2483 2496/2496/2496
f 2516/2516/2516 2502/2502/2502 2470/2470/2470
f 2516/2516/2516 2470/2470/2470 2483/2483/2483
f 2502/2502/2502 2492/2492/2492 2458/2458/2458
f 2502/2502/2502 2458/2458/2458 2470/2470/2470
f 2492/2492/2492 2484/2484/2484 2445/2445/2445
f 2492/2492/2492 2445/2445/2445 2458/2458/2458
f 2484/2484/2484 2479/2479/2479 2440/2440/2440
f 2484/2484/2484 2440/2440/2440 2445/2445/2445
f 2479/2479/2479 2475/2475/2475 2435/2435/2435
f 2479/2479/2479 2435/2435/2435 2440/2440/2440
f 2475/2475/2475 2476/2476/2476 2438/2438/2438
f 2475/2475/2475 2438/2438/2438 2435/2435/2435
f 2476/2476/2476 2481/2481/2481 2442/2442/2442
f 2476/2476/2476 2442/2442/2442 2438/2438/2438
f 2481/2481/2481 2487/2487/2487 2450/2450/2450
f 2481/2481/2481 2450/2450/2450 2442/2442/2442
f 2487/2487/2487 2495/2495/2495 2462/2462/2462
f 2487/2487/2487 2462/2462/2462 2450/2450/2450
f 2495/2495/2495 2503/2503/2503 2473/2473/2473
f 2495/2495/2495 2473/2473/2473 2462/2462/2462
f 2503/2503/2503 2521/2521/2521 2488/2488/2488
f 2503/2503/2503 2488/2488/2488 2473/2473/2473
f 2521/2521/2521 2533/2533/2533 2499/2499/2499
f 2521/2521/2521 2499/2499/2499 2488/2488/2488
f 2533/2533/2533 2540/2540/2540 2510/2510/2510
f 2533/2533/2533 2510/2510/2510 2499/2499/2499
f 2540/2540/2540 2550/2550/2550 2522/2522/2522
f 2540/2540/2540 2522/2522/2522 2510/2510/2510
f 2550/2550/2550 2554/2554/2554 2527/2527/2527
f 2550/2550/2550 2527/2527/2527 2522/2522/2522
f 2554/2554/2554 2552/2552/2552 2525/2525/2525
f 2554/2554/2554 2525/2525/2525 2527/2527/2527
f 2525/2525/2525 2518/2518/2518 2485/2485/2485
f 2525/2525/2525 2485/2485/2485 2490/2490/2490
f 2518/2518/2518 2505/2505/2505 2474/2474/2474
f 2518/2518/2518 2474/2474/2474 2485/2485/2485
f 2505/2505/2505 2496/2496/2496 2463/2463/2463
f 2505/2505/2505 2463/2463/2463 2474/2474/2474
f 2496/2496/2496 2483/2483/2483 2446/2446/2446
f 2496/2496/2496 2446/2446/2446 2463/2463/2463
f 2483/2483/2483 2470/2470/2470 2433/2433/2433
f 2483/2483/2483 2433/2433/2433 2446/2446/2446
f 2470/2470/2470 2458/2458/2458 2422/2422/2422
f 2470/2470/2470 2422/2422/2422 2433/2433/2433
f 2458/2458/2458 2445/2445/2445 2408/2408/2408
f 2458/2458/2458 2408/2408/2408 2422/2422/2422
f 2445/2445/2445 2440/2440/2440 2400/2400/2400
f 2445/2445/2445 2400/2400/2400 2408/2408/2408
f 2440/2440/2440 2435/2435/2435 2395/2395/2395
f 2440/2440/2440 2395/2395/2395 2400/2400/2400
f 2435/2435/2435 2438/2438/2438 2397/2397/2397
f 2435/2435/2435 2397/2397/2397 2395/2395/2395
f 2438/2438/2438 2442/2442/2442 2403/2403/2403
f 2438/2438/2438 2403/2403/2403 2397/2397/2397
f 2442/2442/2442 2450/2450/2450 2413/2413/2413
f 2442/2442/2442 2413/2413/2413 2403/2403/2403
f 2450/2450/2450 2462/2462/2462 2425/2425/2425
f 2450/2450/2450 2425/2425/2425 2413/2413/2413
f 2462/2462/2462 2473/2473/2473 2436/2436/2436
f 2462/2462/2462 2436/2436/2436 2425/2425/2425
f 2473/2473/2473 2488/2488/2488 2452/2452/2452
f 2473/2473/2473 2452/2452/2452 2436/2436/2436
f 2488/2488/2488 2499/2499/2499 2467/2467/2467
f 2488/2488/2488 2467/2467/2467 2452/2452/2452
f 2499/2499/2499 2510/2510/2510 2478/2478/2478
f 2499/2499/2499 2478/2478/2478 2467/2467/2467
f 2510/2510/2510 2522/2522/2522 2486/2486/2486
f 2510/2510/2510 2486/2486/2486 2478/2478/2478
f 2522/2522/2522 2527/2527/2527 2491/2491/2491
f 2522/2522/2522 2491/2491/2491 2486/2486/2486
f 2527/2527/2527 2525/2525/2525 2490/2490/2490
f 2527/2527/2527 2490/2490/2490 2491/2491/2491
f 2490/2490/2490 2485/2485/2485 2444/2444/2444
f 2490/2490/2490 2444/2444/2444 2455/2455/2455
f 2485/2485/2485 2474/2474/2474 2437/2437/2437
f 2485/2485/2485 2437/2437/2437 2444/2444/2444
f 2474/2474/2474 2463/2463/2463 2427/2427/2427
f 2474/2474/2474 2427/2427/2427 2437/2437/2437
f 2463/2463/2463 2446/2446/2446 2409/2409/2409
f 2463/2463/2463 2409/2409/2409 2427/2427/2427
f 2446/2446/2446 2433/2433/2433 2393/2393/2393
f 2446/2446/2446 2393/2393/2393 2409/2409/2409
f 2433/2433/2433 2422/2422/2422 2380/2380/2380
f 2433/2433/2433 2380/2380/2380 2393/2393/2393
f 2422/2422/2422 2408/2408/2408 2365/2365/2365
f 2422/2422/2422 2365/2365/2365 2380/2380/2380
f 2408/2408/2408 2400/2400/2400 2352/2352/2352
f 2408/2408/2408 2352/2352/2352 2365/2365/2365
f 2400/2400/2400 2395/2395/2395 2339/2339/2339
f 2400/2400/2400 2339/2339/2339 2352/2352/2352
f 2395/2395/2395 2397/2397/2397 2341/2341/2341
f 2395/2395/2395 2341/2341/2341 2339/2339/2339
f 2397/2397/2397 2403/2403/2403 2359/2359/2359
f 2397/2397/2397 2359/2359/2359 2341/2341/2341
f 2403/2403/2403 2413/2413/2413 2370/2370/2370
f 2403/2403/2403 2370/2370/2370 2359/2359/2359
f 2413/2413/2413 2425/2425/2425 2384/2384/2384
f 2413/2413/2413 2384/2384/2384 2370/2370/2370
f 2425/2425/2425 2436/2436/2436 2399/2399/2399
f 2425/2425/2425 2399/2399/2399 2384/2384/2384
f 2436/2436/2436 2452/2452/2452 2415/2415/2415
f 2436/2436/2436 2415/2415/2415 2399/2399/2399
f 2452/2452/2452 2467/2467/2467 2430/2430/2430
f 2452/2452/2452 2430/2430/2430 2415/2415/2415
f 2467/2467/2467 2478/2478/2478 2441/2441/2441
f 2467/2467/2467 2441/2441/2441 2430/2430/2430
f 2478/2478/2478 2486/2486/2486 2449/2449/2449
f 2478/2478/2478 2449/2449/2449 2441/2441/2441
f 2486/2486/2486 2491/2491/2491 2456/2456/2456
f 2486/2486/2486 2456/2456/2456 2449/2449/2449
f 2491/2491/2491 2490/2490/2490 2455/2455/2455
f 2491/2491/2491 2455/2455/2455 2456/2456/2456
f 2455/2455/2455 2444/2444/2444 2406/2406/2406
f 2455/2455/2455 2406/2406/2406 2416/2416/2416
f 2444/2444/2444 2437/2437/2437 2398/2398/2398
f 2444/2444/2444 2398/2398/2398 2406/2406/2406
f 2437/2437/2437 2427/2427/2427 2386/2386/2386
f 2437/2437/2437 2386/2386/2386 2398/2398/2398
f 2427/2427/2427 2409/2409/2409 2366/2366/2366
f 2427/2427/2427 2366/2366/2366 2386/2386/2386
f 2409/2409/2409 2393/2393/2393 2334/2334/2334
f 2409/2409/2409 2334/2334/2334 2366/2366/2366
f 2393/2393/2393 2380/2380/2380 2292/2292/2292
f 2393/2393/2393 2292/2292/2292 2334/2334/2334
f 2380/2380/2380 2365/2365/2365 2263/2263/2263
f 2380/2380/2380 2263/2263/2263 2292/2292/2292
f 2365/2365/2365 2352/2352/2352 2245/2245/2245
f 2365/2365/2365 2245/2245/2245 2263/2263/2263
f 2352/2352/2352 2339/2339/2339 2234/2234/2234
f 2352/2352/2352 2234/2234/2234 2245/2245/2245
f 2339/2339/2339 2341/2341/2341 2237/2237/2237
f 2339/2339/2339 2237/2237/2237 2234/2234/2234
f 2341/2341/2341 2359/2359/2359 2251/2251/2251
f 2341/2341/2341 2251/2251/2251 2237/2237/2237
f 2359/2359/2359 2370/2370/2370 2273/2273/2273
f 2359/2359/2359 2273/2273/2273 2251/2251/2251
f 2370/2370/2370 2384/2384/2384 2302/2302/2302
f 2370/2370/2370 2302/2302/2302 2273/2273/2273
f 2384/2384/2384 2399/2399/2399 2345/2345/2345
f 2384/2384/2384 2345/2345/2345 2302/2302/2302
f 2399/2399/2399 2415/2415/2415 2375/2375/2375
f 2399/2399/2399 2375/2375/2375 2345/2345/2345
f 2415/2415/2415 2430/2430/2430 2390/2390/2390
f 2415/2415/2415 2390/2390/2390 2375/2375/2375
f 2430/2430/2430 2441/2441/2441 2401/2401/2401
f 2430/2430/2430 2401/2401/2401 2390/2390/2390
f 2441/2441/2441 2449/2449/2449 2412/2412/2412
f 2441/2441/2441 2412/2412/2412 2401/2401/2401
f 2449/2449/2449 2456/2456/2456 2417/2417/2417
f 2449/2449/2449 2417/2417/2417 2412/2412/2412
f 2456/2456/2456 2455/2455/2455 2416/2416/2416
f 2456/2456/2456 2416/2416/2416 2417/2417/2417
f 2416/2416/2416 2406/2406/2406 2364/2364/2364
f 2416/2416/2416 2364/2364/2364 2374/2374/2374
f 2406/2406/2406 2398/2398/2398 2344/2344/2344
f 2406/2406/2406 2344/2344/2344 2364/2364/2364
f 2398/2398/2398 2386/2386/2386 2303/2303/2303
f 2398/2398/2398 2303/2303/2303 2344/2344/2344
f 2386/2386/2386 2366/2366/2366 2269/2269/2269
f 2386/2386/2386 2269/2269/2269 2303/2303/2303
f 2366/2366/2366 2334/2334/2334 2229/2229/2229
f 2366/2366/2366 2229/2229/2229 2269/2269/2269
f 2334/2334/2334 2292/2292/2292 2199/2199/2199
f 2334/2334/2334 2199/2199/2199 2229/2229/2229
f 2292/2292/2292 2263/2263/2263 2171/2171/2171
f 2292/2292/2292 2171/2171/2171 2199/2199/2199
f 2263/2263/2263 2245/2245/2245 2141/2141/2141
f 2263/2263/2263 2141/2141/2141 2171/2171/2171
f 2245/2245/2245 2234/2234/2234 2127/2127/2127
f 2245/2245/2245 2127/2127/2127 2141/2141/2141
f 2234/2234/2234 2237/2237/2237 2132/2132/2132
f 2234/2234/2234 2132/2132/2132 2127/2127/2127
f 2237/2237/2237 2251/2251/2251 2150/2150/2150
f 2237/2237/2237 2150/2150/2150 2132/2132/2132
f 2251/2251/2251 2273/2273/2273 2180/2180/2180
f 2251/2251/2251 2180/2180/2180 2150/2150/2150
f 2273/2273/2273 2302/2302/2302 2209/2209/2209
f 2273/2273/2273 2209/2209/2209 2180/2180/2180
f 2302/2302/2302 2345/2345/2345 2244/2244/2244
f 2302/2302/2302 2244/2244/2244 2209/2209/2209
f 2345/2345/2345 2375/2375/2375 2282/2282/2282
f 2345/2345/2345 2282/2282/2282 2244/2244/2244
f 2375/2375/2375 2390/2390/2390 2316/2316/2316
f 2375/2375/2375 2316/2316/2316 2282/2282/2282
f 2390/2390/2390 2401/2401/2401 2356/2356/2356
f 2390/2390/2390 2356/2356/2356 2316/2316/2316
f 2401/2401/2401 2412/2412/2412 2367/2367/2367
f 2401/2401/2401 2367/2367/2367 2356/2356/2356
f 2412/2412/2412 2417/2417/2417 2376/2376/2376
f 2412/2412/2412 2376/2376/2376 2367/2367/2367
f 2417/2417/2417 2416/2416/2416 2374/2374/2374
f 2417/2417/2417 2374/2374/2374 2376/2376/2376
f 2374/2374/2374 2364/2364/2364 2262/2262/2262
f 2374/2374/2374 2262/2262/2262 2277/2277/2277
f 2364/2364/2364 2344/2344/2344 2242/2242/2242
f 2364/2364/2364 2242/2242/2242 2262/2262/2262
f 2344/2344/2344 2303/2303/2303 2211/2211/2211
f 2344/2344/2344 2211/2211/2211 2242/2242/2242
f 2303/2303/2303 2269/2269/2269 2178/2178/2178
f 2303/2303/2303 2178/2178/2178 2211/2211/2211
f 2269/2269/2269 2229/2229/2229 2124/2124/2124
f 2269/2269/2269 2124/2124/2124 2178/2178/2178
f 2229/2229/2229 2199/2199/2199 2104/2104/2104
f 2229/2229/2229 2104/2104/2104 2124/2124/2124
f 2199/2199/2199 2171/2171/2171 2085/2085/2085
f 2199/2199/2199 2085/2085/2085 2104/2104/2104
f 2171/2171/2171 2141/2141/2141 2079/2079/2079
f 2171/2171/2171 2079/2079/2079 2085/2085/2085
f 2141/2141/2141 2127/2127/2127 2073/2073/2073
f 2141/2141/2141 2073/2073/2073 2079/2079/2079
f 2127/2127/2127 2132/2132/2132 2075/2075/2075
f 2127/2127/2127 2075/2075/2075 2073/2073/2073
f 2132/2132/2132 2150/2150/2150 2082/2082/2082
f 2132/2132/2132 2082/2082/2082 2075/2075/2075
f 2150/2150/2150 2180/2180/2180 2094/2094/2094
f 2150/2150/2150 2094/2094/2094 2082/2082/2082
f 2180/2180/2180 2209/2209/2209 2108/2108/2108
f 2180/2180/2180 2108/2108/2108 2094/2094/2094
f 2209/2209/2209 2244/2244/2244 2138/2138/2138
f 2209/2209/2209 2138/2138/2138 2108/2108/2108
f 2244/2244/2244 2282/2282/2282 2188/2188/2188
f 2244/2244/2244 2188/2188/2188 2138/2138/2138
f 2282/2282/2282 2316/2316/2316 2220/2220/2220
f 2282/2282/2282 2220/2220/2220 2188/2188/2188
f 2316/2316/2316 2356/2356/2356 2250/2250/2250
f 2316/2316/2316 2250/2250/2250 2220/2220/2220
f 2356/2356/2356 2367/2367/2367 2267/2267/2267
f 2356/2356/2356 2267/2267/2267 2250/2250/2250
f 2367/2367/2367 2376/2376/2376 2279/2279/2279
f 2367/2367/2367 2279/2279/2279 2267/2267/2267
f 2376/2376/2376 2374/2374/2374 2277/2277/2277
f 2376/2376/2376 2277/2277/2277 2279/2279/2279
f 2277/2277/2277 2262/2262/2262 2169/2169/2169
f 2277/2277/2277 2169/2169/2169 2184/2184/2184
f 2262/2262/2262 2242/2242/2242 2134/2134/2134
f 2262/2262/2262 2134/2134/2134 2169/2169/2169
f 2242/2242/2242 2211/2211/2211 2109/2109/2109
f 2242/2242/2242 2109/2109/2109 2134/2134/2134
f 2211/2211/2211 2178/2178/2178 2091/2091/2091
f 2211/2211/2211 2091/2091/2091 2109/2109/2109
f 2178/2178/2178 2124/2124/2124 2072/2072/2072
f 2178/2178/2178 2072/2072/2072 2091/2091/2091
f 2124/2124/2124 2104/2104/2104 2059/2059/2059
f 2124/2124/2124 2059/2059/2059 2072/2072/2072
f 2104/2104/2104 2085/2085/2085 2044/2044/2044
f 2104/2104/2104 2044/2044/2044 2059/2059/2059
f 2085/2085/2085 2079/2079/2079 2036/2036/2036
f 2085/2085/2085 2036/2036/2036 2044/2044/2044
f 2079/2079/2079 2073/2073/2073 2031/2031/2031
f 2079/2079/2079 2031/2031/2031 2036/2036/2036
f 2073/2073/2073 2075/2075/2075 2034/2034/2034
f 2073/2073/2073 2034/2034/2034 2031/2031/2031
f 2075/2075/2075 2082/2082/2082 2041/2041/2041
f 2075/2075/2075 2041/2041/2041 2034/2034/2034
f 2082/2082/2082 2094/2094/2094 2048/2048/2048
f 2082/2082/2082 2048/2048/2048 2041/2041/2041
f 2094/2094/2094 2108/2108/2108 2063/2063/2063
f 2094/2094/2094 2063/2063/2063 2048/2048/2048
f 2108/2108/2108 2138/2138/2138 2078/2078/2078
f 2108/2108/2108 2078/2078/2078 2063/2063/2063
f 2138/2138/2138 2188/2188/2188 2098/2098/2098
f 2138/2138/2138 2098/2098/2098 2078/2078/2078
f 2188/2188/2188 2220/2220/2220 2113/2113/2113
f 2188/2188/2188 2113/2113/2113 2098/2098/2098
f 2220/2220/2220 2250/2250/2250 2147/2147/2147
f 2220/2220/2220 2147/2147/2147 2113/2113/2113
f 2250/2250/2250 2267/2267/2267 2176/2176/2176
f 2250/2250/2250 2176/2176/2176 2147/2147/2147
f 2267/2267/2267 2279/2279/2279 2185/2185/2185
f 2267/2267/2267 2185/2185/2185 2176/2176/2176
f 2279/2279/2279 2277/2277/2277 2184/2184/2184
f 2279/2279/2279 2184/2184/2184 2185/2185/2185
f 2184/2184/2184 2169/2169/2169 2084/2084/2084
f 2184/2184/2184 2084/2084/2084 2096/2096/2096
f 2169/2169/2169 2134/2134/2134 2077/2077/2077
f 2169/2169/2169 2077/2077/2077 2084/2084/2084
f 2134/2134/2134 2109/2109/2109 2066/2066/2066
f 2134/2134/2134 2066/2066/2066 2077/2077/2077
f 2109/2109/2109 2091/2091/2091 2047/2047/2047
f 2109/2109/2109 2047/2047/2047 2066/2066/2066
f 2091/2091/2091 2072/2072/2072 2032/2032/2032
f 2091/2091/2091 2032/2032/2032 2047/2047/2047
f 2072/2072/2072 2059/2059/2059 2019/2019/2019
f 2072/2072/2072 2019/2019/2019 2032/2032/2032
f 2059/2059/2059 2044/2044/2044 2004/2004/2004
f 2059/2059/2059 2004/2004/2004 2019/2019/2019
f 2044/2044/2044 2036/2036/2036 1997/1997/1997
f 2044/2044/2044 1997/1997/1997 2004/2004/2004
f 2036/2036/2036 2031/2031/2031 1992/1992/1992
f 2036/2036/2036 1992/1992/1992 1997/1997/1997
f 2031/2031/2031 2034/2034/2034 1993/1993/1993
f 2031/2031/2031 1993/1993/1993 1992/1992/1992
f 2034/2034/2034 2041/2041/2041 2001/2001/2001
f 2034/2034/2034 2001/2001/2001 1993/1993/1993
f 2041/2041/2041 2048/2048/2048 2008/2008/2008
f 2041/2041/2041 2008/2008/2008 2001/2001/2001
f 2048/2048/2048 2063/2063/2063 2022/2022/2022
f 2048/2048/2048 2022/2022/2022 2008/2008/2008
f 2063/2063/2063 2078/2078/2078 2038/2038/2038
f 2063/2063/2063 2038/2038/2038 2022/2022/2022
f 2078/2078/2078 2098/2098/2098 2055/2055/2055
f 2078/2078/2078 2055/2055/2055 2038/2038/2038
f 2098/2098/2098 2113/2113/2113 2070/2070/2070
f 2098/2098/2098 2070/2070/2070 2055/2055/2055
f 2113/2113/2113 2147/2147/2147 2081/2081/2081
f 2113/2113/2113 2081/2081/2081 2070/2070/2070
f 2147/2147/2147 2176/2176/2176 2090/2090/2090
f 2147/2147/2147 2090/2090/2090 2081/2081/2081
f 2176/2176/2176 2185/2185/2185 2097/2097/2097
f 2176/2176/2176 2097/2097/2097 2090/2090/2090
f 2185/2185/2185 2184/2184/2184 2096/2096/2096
f 2185/2185/2185 2096/2096/2096 2097/2097/2097
f 2096/2096/2096 2084/2084/2084 2043/2043/2043
f 2096/2096/2096 2043/2043/2043 2049/2049/2049
f 2084/2084/2084 2077/2077/2077 2035/2035/2035
f 2084/2084/2084 2035/2035/2035 2043/2043/2043
f 2077/2077/2077 2066/2066/2066 2024/2024/2024
f 2077/2077/2077 2024/2024/2024 2035/2035/2035
f 2066/2066/2066 2047/2047/2047 2007/2007/2007
f 2066/2066/2066 2007/2007/2007 2024/2024/2024
f 2047/2047/2047 2032/2032/2032 1994/1994/1994
f 2047/2047/2047 1994/1994/1994 2007/2007/2007
f 2032/2032/2032 2019/2019/2019 1981/1981/1981
f 2032/2032/2032 1981/1981/1981 1994/1994/1994
f 2019/2019/2019 2004/2004/2004 1968/1968/1968
f 2019/2019/2019 1968/1968/1968 1981/1981/1981
f 2004/2004/2004 1997/1997/1997 1959/1959/1959
f 2004/2004/2004 1959/1959/1959 1968/1968/1968
f 1997/1997/1997 1992/1992/1992 1954/1954/1954
f 1997/1997/1997 1954/1954/1954 1959/1959/1959
f 1992/1992/1992 1993/1993/1993 1955/1955/1955
f 1992/1992/1992 1955/1955/1955 1954/1954/1954
f 1993/1993/1993 2001/2001/2001 1962/1962/1962
f 1993/1993/1993 1962/1962/1962 1955/1955/1955
f 2001/2001/2001 2008/2008/2008 1973/1973/1973
f 2001/2001/2001 1973/1973/1973 1962/1962/1962
f 2008/2008/2008 2022/2022/2022 1985/1985/1985
f 2008/2008/2008 1985/1985/1985 1973/1973/1973
f 2022/2022/2022 2038/2038/2038 1999/1999/1999
f 2022/2022/2022 1999/1999/1999 1985/1985/1985
f 2038/2038/2038 2055/2055/2055 2015/2015/2015
f 2038/2038/2038 2015/2015/2015 1999/1999/1999
f 2055/2055/2055 2070/2070/2070 2028/2028/2028
f 2055/2055/2055 2028/2028/2028 2015/2015/2015
f 2070/2070/2070 2081/2081/2081 2040/2040/2040
f 2070/2070/2070 2040/2040/2040 2028/2028/2028
f 2081/2081/2081 2090/2090/2090 2045/2045/2045
f 2081/2081/2081 2045/2045/2045 2040/2040/2040
f 2090/2090/2090 2097/2097/2097 2051/2051/2051
f 2090/2090/2090 2051/2051/2051 2045/2045/2045
f 2097/2097/2097 2096/2096/2096 2049/2049/2049
f 2097/2097/2097 2049/2049/2049 2051/2051/2051
f 2049/2049/2049 2043/2043/2043 2003/2003/2003
f 2049/2049/2049 2003/2003/2003 2009/2009/2009
f 2043/2043/2043 2035/2035/2035 1996/1996/1996
f 2043/2043/2043 1996/1996/1996 2003/2003/2003
f 2035/2035/2035 2024/2024/2024 1987/1987/1987
f 2035/2035/2035 1987/1987/1987 1996/1996/1996
f 2024/2024/2024 2007/2007/2007 1974/1974/1974
f 2024/2024/2024 1974/1974/1974 1987/1987/1987
f 2007/2007/2007 1994/1994/1994 1956/1956/1956
f 2007/2007/2007 1956/1956/1956 1974/1974/1974
f 1994/1994/1994 1981/1981/1981 1947/1947/1947
f 1994/1994/1994 1947/1947/1947 1956/1956/1956
f 1981/1981/1981 1968/1968/1968 1933/1933/1933
f 1981/1981/1981 1933/1933/1933 1947/1947/1947
f 1968/1968/1968 1959/1959/1959 1925/1925/1925
f 1968/1968/1968 1925/1925/1925 1933/1933/1933
f 1959/1959/1959 1954/1954/1954 1918/1918/1918
f 1959/1959/1959 1918/1918/1918 1925/1925/1925
f 1954/1954/1954 1955/1955/1955 1919/1919/1919
f 1954/1954/1954 1919/1919/1919 1918/1918/1918
f 1955/1955/1955 1962/1962/1962 1928/1928/1928
f 1955/1955/1955 1928/1928/1928 1919/1919/1919
f 1962/1962/1962 1973/1973/1973 1939/1939/1939
f 1962/1962/1962 1939/1939/1939 1928/1928/1928
f 1973/1973/1973 1985/1985/1985 1948/1948/1948
f 1973/1973/1973 1948/1948/1948 1939/1939/1939
f 1985/1985/1985 1999/1999/1999 1960/1960/1960
f 1985/1985/1985 1960/1960/1960 1948/1948/1948
f 1999/1999/1999 2015/2015/2015 1978/1978/1978
f 1999/1999/1999 1978/1978/1978 1960/1960/1960
f 2015/2015/2015 2028/2028/2028 1990/1990/1990
f 2015/2015/2015 1990/1990/1990 1978/1978/1978
f 2028/2028/2028 2040/2040/2040 2000/2000/2000
f 2028/2028/2028 2000/2000/2000 1990/1990/1990
f 2040/2040/2040 2045/2045/2045 2005/2005/2005
f 2040/2040/2040 2005/2005/2005 2000/2000/2000
f 2045/2045/2045 2051/2051/2051 2011/2011/2011
f 2045/2045/2045 2011/2011/2011 2005/2005/2005
f 2051/2051/2051 2049/2049/2049 2009/2009/2009
f 2051/2051/2051 2009/2009/2009 2011/2011/2011
f 2009/2009/2009 2003/2003/2003 1965/1965/1965
f 2009/2009/2009 1965/1965/1965 1972/1972/1972
f 2003/2003/2003 1996/1996/1996 1958/1958/1958
f 2003/2003/2003 1958/1958/1958 1965/1965/1965
f 1996/1996/1996 1987/1987/1987 1950/1950/1950
f 1996/1996/1996 1950/1950/1950 1958/1958/1958
f 1987/1987/1987 1974/1974/1974 1941/1941/1941
f 1987/1987/1987 1941/1941/1941 1950/1950/1950
f 1974/1974/1974 1956/1956/1956 1922/1922/1922
f 1974/1974/1974 1922/1922/1922 1941/1941/1941
f 1956/1956/1956 1947/1947/1947 1911/1911/1911
f 1956/1956/1956 1911/1911/1911 1922/1922/1922
f 1947/1947/1947 1933/1933/1933 1902/1902/1902
f 1947/1947/1947 1902/1902/1902 1911/1911/1911
f 1933/1933/1933 1925/1925/1925 1892/1892/1892
f 1933/1933/1933 1892/1892/1892 1902/1902/1902
f 1925/1925/1925 1918/1918/1918 1888/1888/1888
f 1925/1925/1925 1888/1888/1888 1892/1892/1892
f 1918/1918/1918 1919/1919/1919 1889/1889/1889
f 1918/1918/1918 1889/1889/1889 1888/1888/1888
f 1919/1919/1919 1928/1928/1928 1896/1896/1896
f 1919/1919/1919 1896/1896/1896 1889/1889/1889
f 1928/1928/1928 1939/1939/1939 1905/1905/1905
f 1928/1928/1928 1905/1905/1905 1896/1896/1896
f 1939/1939/1939 1948/1948/1948 1912/1912/1912
f 1939/1939/1939 1912/1912/1912 1905/1905/1905
f 1948/1948/1948 1960/1960/1960 1930/1930/1930
f 1948/1948/1948 1930/1930/1930 1912/1912/1912
f 1960/1960/1960 1978/1978/1978 1944/1944/1944
f 1960/1960/1960 1944/1944/1944 1930/1930/1930
f 1978/1978/1978 1990/1990/1990 1951/1951/1951
f 1978/1978/1978 1951/1951/1951 1944/1944/1944
f 1990/1990/1990 2000/2000/2000 1961/1961/1961
f 1990/1990/1990 1961/1961/1961 1951/1951/1951
f 2000/2000/2000 2005/2005/2005 1969/1969/1969
f 2000/2000/2000 1969/1969/1969 1961/1961/1961
f 2005/2005/2005 2011/2011/2011 1975/1975/1975
f 2005/2005/2005 1975/1975/1975 1969/1969/1969
f 2011/2011/2011 2009/2009/2009 1972/1972/1972
f 2011/2011/2011 1972/1972/1972 1975/1975/1975
f 1972/1972/1972 1965/1965/1965 1931/1931/1931
f 1972/1972/1972 1931/1931/1931 1936/1936/1936
f 1965/1965/1965 1958/1958/1958 1924/1924/1924
f 1965/1965/1965 1924/1924/1924 1931/1931/1931
f 1958/1958/1958 1950/1950/1950 1913/1913/1913
f 1958/1958/1958 1913/1913/1913 1924/1924/1924
f 1950/1950/1950 1941/1941/1941 1906/1906/1906
f 1950/1950/1950 1906/1906/1906 1913/1913/1913
f 1941/1941/1941 1922/1922/1922 1893/1893/1893
f 1941/1941/1941 1893/1893/1893 1906/1906/1906
f 1922/1922/1922 1911/1911/1911 1879/1879/1879
f 1922/1922/1922 1879/1879/1879 1893/1893/1893
f 1911/1911/1911 1902/1902/1902 1869/1869/1869
f 1911/1911/1911 1869/1869/1869 1879/1879/1879
f 1902/1902/1902 1892/1892/1892 1857/1857/1857
f 1902/1902/1902 1857/1857/1857 1869/1869/1869
f 1892/1892/1892 1888/1888/1888 1854/1854/1854
f 1892/1892/1892 1854/1854/1854 1857/1857/1857
f 1888/1888/1888 1889/1889/1889 1856/1856/1856
f 1888/1888/1888 1856/1856/1856 1854/1854/1854
f 1889/1889/1889 1896/1896/1896 1861/1861/1861
f 1889/1889/1889 1861/1861/1861 1856/1856/1856
f 1896/1896/1896 1905/1905/1905 1874/1874/1874
f 1896/1896/1896 1874/1874/1874 1861/1861/1861
f 1905/1905/1905 1912/1912/1912 1882/1882/1882
f 1905/1905/1905 1882/1882/1882 1874/1874/1874
f 1912/1912/1912 1930/1930/1930 1898/1898/1898
f 1912/1912/1912 1898/1898/1898 1882/1882/1882
f 1930/1930/1930 1944/1944/1944 1909/1909/1909
f 1930/1930/1930 1909/1909/1909 1898/1898/1898
f 1944/1944/1944 1951/1951/1951 1915/1915/1915
f 1944/1944/1944 1915/1915/1915 1909/1909/1909
f 1951/1951/1951 1961/1961/1961 1929/1929/1929
f 1951/1951/1951 1929/1929/1929 1915/1915/1915
f 1961/1961/1961 1969/1969/1969 1932/1932/1932
f 1961/1961/1961 1932/1932/1932 1929/1929/1929
f 1969/1969/1969 1975/1975/1975 1937/1937/1937
f 1969/1969/1969 1937/1937/1937 1932/1932/1932
f 1975/1975/1975 1972/1972/1972 1936/1936/1936
f 1975/1975/1975 1936/1936/1936 1937/1937/1937
f 1936/1936/1936 1931/1931/1931 1899/1899/1899
f 1936/1936/1936 1899/1899/1899 1903/1903/1903
f 1931/1931/1931 1924/1924/1924 1895/1895/1895
f 1931/1931/1931 1895/1895/1895 1899/1899/1899
f 1924/1924/1924 1913/1913/1913 1883/1883/1883
f 1924/1924/1924 1883/1883/1883 1895/1895/1895
f 1913/1913/1913 1906/1906/1906 1877/1877/1877
f 1913/1913/1913 1877/1877/1877 1883/1883/1883
f 1906/1906/1906 1893/1893/1893 1860/1860/1860
f 1906/1906/1906 1860/1860/1860 1877/1877/1877
f 1893/1893/1893 1879/1879/1879 1850/1850/1850
f 1893/1893/1893 1850/1850/1850 1860/1860/1860
f 1879/1879/1879 1869/1869/1869 1844/1844/1844
f 1879/1879/1879 1844/1844/1844 1850/1850/1850
f 1869/1869/1869 1857/1857/1857 1833/1833/1833
f 1869/1869/1869 1833/1833/1833 1844/1844/1844
f 1857/1857/1857 1854/1854/1854 1828/1828/1828
f 1857/1857/1857 1828/1828/1828 1833/1833/1833
f 1854/1854/1854 1856/1856/1856 1829/1829/1829
f 1854/1854/1854 1829/1829/1829 1828/1828/1828
f 1856/1856/1856 1861/1861/1861 1834/1834/1834
f 1856/1856/1856 1834/1834/1834 1829/1829/1829
f 1861/1861/1861 1874/1874/1874 1845/1845/1845
f 1861/1861/1861 1845/1845/1845 1834/1834/1834
f 1874/1874/1874 1882/1882/1882 1852/1852/1852
f 1874/1874/1874 1852/1852/1852 1845/1845/1845
f 1882/1882/1882 1898/1898/1898 1865/1865/1865
f 1882/1882/1882 1865/1865/1865 1852/1852/1852
f 1898/1898/1898 1909/1909/1909 1878/1878/1878
f 1898/1898/1898 1878/1878/1878 1865/1865/1865
f 1909/1909/1909 1915/1915/1915 1886/1886/1886
f 1909/1909/1909 1886/1886/1886 1878/1878/1878
f 1915/1915/1915 1929/1929/1929 1897/1897/1897
f 1915/1915/1915 1897/1897/1897 1886/1886/1886
f 1929/1929/1929 1932/1932/1932 1901/1901/1901
f 1929/1929/1929 1901/1901/1901 1897/1897/1897
f 1932/1932/1932 1937/1937/1937 1904/1904/1904
f 1932/1932/1932 1904/1904/1904 1901/1901/1901
f 1937/1937/1937 1936/1936/1936 1903/1903/1903
f 1937/1937/1937 1903/1903/1903 1904/1904/1904
f 1903/1903/1903 1899/1899/1899 1866/1866/1866
f 1903/1903/1903 1866/1866/1866 1872/1872/1872
f 1899/1899/1899 1895/1895/1895 1858/1858/1858
f 1899/1899/1899 1858/1858/1858 1866/1866/1866
f 1895/1895/1895 1883/1883/1883 1853/1853/1853
f 1895/1895/1895 1853/1853/1853 1858/1858/1858
f 1883/1883/1883 1877/1877/1877 1848/1848/1848
f 1883/1883/1883 1848/1848/1848 1853/1853/1853
f 1877/1877/1877 1860/1860/1860 1838/1838/1838
f 1877/1877/1877 1838/1838/1838 1848/1848/1848
f 1860/1860/1860 1850/1850/1850 1827/1827/1827
f 1860/1860/1860 1827/1827/1827 1838/1838/1838
f 1850/1850/1850 1844/1844/1844 1819/1819/1819
f 1850/1850/1850 1819/1819/1819 1827/1827/1827
f 1844/1844/1844 1833/1833/1833 1811/1811/1811
f 1844/1844/1844 1811/1811/1811 1819/1819/1819
f 1833/1833/1833 1828/1828/1828 1806/1806/1806
f 1833/1833/1833 1806/1806/1806 1811/1811/1811
f 1828/1828/1828 1829/1829/1829 1808/1808/1808
f 1828/1828/1828 1808/1808/1808 1806/1806/1806
f 1829/1829/1829 1834/1834/1834 1812/1812/1812
f 1829/1829/1829 1812/1812/1812 1808/1808/1808
f 1834/1834/1834 1845/1845/1845 1822/1822/1822
f 1834/1834/1834 1822/1822/1822 1812/1812/1812
f 1845/1845/1845 1852/1852/1852 1830/1830/1830
f 1845/1845/1845 1830/1830/1830 1822/1822/1822
f 1852/1852/1852 1865/1865/1865 1841/1841/1841
f 1852/1852/1852 1841/1841/1841 1830/1830/1830
f 1865/1865/1865 1878/1878/1878 1849/1849/1849
f 1865/1865/1865 1849/1849/1849 1841/1841/1841
f 1878/1878/1878 1886/1886/1886 1855/1855/1855
f 1878/1878/1878 1855/1855/1855 1849/1849/1849
f 1886/1886/1886 1897/1897/1897 1863/1863/1863
f 1886/1886/1886 1863/1863/1863 1855/1855/1855
f 1897/1897/1897 1901/1901/1901 1868/1868/1868
f 1897/1897/1897 1868/1868/1868 1863/1863/1863
f 1901/1901/1901 1904/1904/1904 1873/1873/1873
f 1901/1901/1901 1873/1873/1873 1868/1868/1868
f 1904/1904/1904 1903/1903/1903 1872/1872/1872
f 1904/1904/1904 1872/1872/1872 1873/1873/1873
f 1872/1872/1872 1866/1866/1866 1839/1839/1839
f 1872/1872/1872 1839/1839/1839 1842/1842/1842
f 1866/1866/1866 1858/1858/1858 1835/1835/1835
f 1866/1866/1866 1835/1835/1835 1839/1839/1839
f 1858/1858/1858 1853/1853/1853 1831/1831/1831
f 1858/1858/1858 1831/1831/1831 1835/1835/1835
f 1853/1853/1853 1848/1848/1848 1825/1825/1825
f 1853/1853/1853 1825/1825/1825 1831/1831/1831
f 1848/1848/1848 1838/1838/1838 1821/1821/1821
f 1848/1848/1848 1821/1821/1821 1825/1825/1825
f 1838/1838/1838 1827/1827/1827 1813/1813/1813
f 1838/1838/1838 1813/1813/1813 1821/1821/1821
f 1827/1827/1827 1819/1819/1819 1807/1807/1807
f 1827/1827/1827 1807/1807/1807 1813/1813/1813
f 1819/1819/1819 1811/1811/1811 1803/1803/1803
f 1819/1819/1819 1803/1803/1803 1807/1807/1807
f 1811/1811/1811 1806/1806/1806 1800/1800/1800
f 1811/1811/1811 1800/1800/1800 1803/1803/1803
f 1806/1806/1806 1808/1808/1808 1801/1801/1801
f 1806/1806/1806 1801/1801/1801 1800/1800/1800
f 1808/1808/1808 1812/1812/1812 1804/1804/1804
f 1808/1808/1808 1804/1804/1804 1801/1801/1801
f 1812/1812/1812 1822/1822/1822 1810/1810/1810
f 1812/1812/1812 1810/1810/1810 1804/1804/1804
f 1822/1822/1822 1830/1830/1830 1817/1817/1817
f 1822/1822/1822 1817/1817/1817 1810/1810/1810
f 1830/1830/1830 1841/1841/1841 1823/1823/1823
f 1830/1830/1830 1823/1823/1823 1817/1817/1817
f 1841/1841/1841 1849/1849/1849 1826/1826/1826
f 1841/1841/1841 1826/1826/1826 1823/1823/1823
f 1849/1849/1849 1855/1855/1855 1832/1832/1832
f 1849/1849/1849 1832/1832/1832 1826/1826/1826
f 1855/1855/1855 1863/1863/1863 1837/1837/1837
f 1855/1855/1855 1837/1837/1837 1832/1832/1832
f 1863/1863/1863 1868/1868/1868 1840/1840/1840
f 1863/1863/1863 1840/1840/1840 1837/1837/1837
f 1868/1868/1868 1873/1873/1873 1843/1843/1843
f 1868/1868/1868 1843/1843/1843 1840/1840/1840
f 1873/1873/1873 1872/1872/1872 1842/1842/1842
f 1873/1873/1873 1842/1842/1842 1843/1843/1843
f 2607/2607/2607 2611/2611/2611 2596/2596/2596
f 2603/2603/2603 2607/2607/2607 2596/2596/2596
f 2597/2597/2597 2603/2603/2603 2596/2596/2596
f 2591/2591/2591 2597/2597/2597 2596/2596/2596
f 2588/2588/2588 2591/2591/2591 2596/2596/2596
f 2581/2581/2581 2588/2588/2588 2596/2596/2596
f 2575/2575/2575 2581/2581/2581 2596/2596/2596
f 2571/2571/2571 2575/2575/2575 2596/2596/2596
f 2567/2567/2567 2571/2571/2571 2596/2596/2596
f 2568/2568/2568 2567/2567/2567 2596/2596/2596
f 2573/2573/2573 2568/2568/2568 2596/2596/2596
f 2576/2576/2576 2573/2573/2573 2596/2596/2596
f 2583/2583/2583 2576/2576/2576 2596/2596/2596
f 2589/2589/2589 2583/2583/2583 2596/2596/2596
f 2593/2593/2593 2589/2589/2589 2596/2596/2596
f 2600/2600/2600 2593/2593/2593 2596/2596/2596
f 2605/2605/2605 2600/2600/2600 2596/2596/2596
f 2608/2608/2608 2605/2605/2605 2596/2596/2596
f 2612/2612/2612 2608/2608/2608 2596/2596/2596
f 2611/2611/2611 2612/2612/2612 2596/2596/2596
f 1842/1842/1842 1839/1839/1839 1816/1816/1816
f 1839/1839/1839 1835/1835/1835 1816/1816/1816
f 1835/1835/1835 1831/1831/1831 1816/1816/1816
f 1831/1831/1831 1825/1825/1825 1816/1816/1816
f 1825/1825/1825 1821/1821/1821 1816/1816/1816
f 1821/1821/1821 1813/1813/1813 1816/1816/1816
f 1813/1813/1813 1807/1807/1807 1816/1816/1816
f 1807/1807/1807 1803/1803/1803 1816/1816/1816
f 1803/1803/1803 1800/1800/1800 1816/1816/1816
f 1800/1800/1800 1801/1801/1801 1816/1816/1816
f 1801/1801/1801 1804/1804/1804 1816/1816/1816
f 1804/1804/1804 1810/1810/1810 1816/1816/1816
f 1810/1810/1810 1817/1817/1817 1816/1816/1816
f 1817/1817/1817 1823/1823/1823 1816/1816/1816
f 1823/1823/1823 1826/1826/1826 1816/1816/1816
f 1826/1826/1826 1832/1832/1832 1816/1816/1816
f 1832/1832/1832 1837/1837/1837 1816/1816/1816
f 1837/1837/1837 1840/1840/1840 1816/1816/1816
f 1840/1840/1840 1843/1843/1843 1816/1816/1816
f 1843/1843/1843 1842/1842/1842 1816/1816/1816
f 1212/1212/1212 1208/1208/1208 1200/1200/1200
f 1212/1212/1212 1200/1200/1200 1204/1204/1204
f 1208/1208/1208 1203/1203/1203 1191/1191/1191
f 1208/1208/1208 1191/1191/1191 1200/1200/1200
f 1203/1203/1203 1198/1198/1198 1178/1178/1178
f 1203/1203/1203 1178/1178/1178 1191/1191/1191
f 1198/1198/1198 1190/1190/1190 1166/1166/1166
f 1198/1198/1198 1166/1166/1166 1178/1178/1178
f 1190/1190/1190 1183/1183/1183 1157/1157/1157
f 1190/1190/1190 1157/1157/1157 1166/1166/1166
f 1183/1183/1183 1175/1175/1175 1146/1146/1146
f 1183/1183/1183 1146/1146/1146 1157/1157/1157
f 1175/1175/1175 1170/1170/1170 1139/1139/1139
f 1175/1175/1175 1139/1139/1139 1146/1146/1146
f 1170/1170/1170 1167/1167/1167 1134/1134/1134
f 1170/1170/1170 1134/1134/1134 1139/1139/1139
f 1167/1167/1167 1164/1164/1164 1129/1129/1129
f 1167/1167/1167 1129/1129/1129 1134/1134/1134
f 1164/1164/1164 1165/1165/1165 1130/1130/1130
f 1164/1164/1164 1130/1130/1130 1129/1129/1129
f 1165/1165/1165 1168/1168/1168 1135/1135/1135
f 1165/1165/1165 1135/1135/1135 1130/1130/1130
f 1168/1168/1168 1171/1171/1171 1143/1143/1143
f 1168/1168/1168 1143/1143/1143 1135/1135/1135
f 1171/1171/1171 1177/1177/1177 1149/1149/1149
f 1171/1171/1171 1149/1149/1149 1143/1143/1143
f 1177/1177/1177 1186/1186/1186 1160/1160/1160
f 1177/1177/1177 1160/1160/1160 1149/1149/1149
f 1186/1186/1186 1193/1193/1193 1169/1169/1169
f 1186/1186/1186 1169/1169/1169 1160/1160/1160
f 1193/1193/1193 1199/1199/1199 1182/1182/1182
f 1193/1193/1193 1182/1182/1182 1169/1169/1169
f 1199/1199/1199 1205/1205/1205 1194/1194/1194
f 1199/1199/1199 1194/1194/1194 1182/1182/1182
f 1205/1205/1205 1209/1209/1209 1201/1201/1201
f 1205/1205/1205 1201/1201/1201 1194/1194/1194
f 1209/1209/1209 1213/1213/1213 1206/1206/1206
f 1209/1209/1209 1206/1206/1206 1201/1201/1201
f 1213/1213/1213 1212/1212/1212 1204/1204/1204
f 1213/1213/1213 1204/1204/1204 1206/1206/1206
f 1204/1204/1204 1200/1200/1200 1173/1173/1173
f 1204/1204/1204 1173/1173/1173 1180/1180/1180
f 1200/1200/1200 1191/1191/1191 1162/1162/1162
f 1200/1200/1200 1162/1162/1162 1173/1173/1173
f 1191/1191/1191 1178/1178/1178 1151/1151/1151
f 1191/1191/1191 1151/1151/1151 1162/1162/1162
f 1178/1178/1178 1166/1166/1166 1137/1137/1137
f 1178/1178/1178 1137/1137/1137 1151/1151/1151
f 1166/1166/1166 1157/1157/1157 1120/1120/1120
f 1166/1166/1166 1120/1120/1120 1137/1137/1137
f 1157/1157/1157 1146/1146/1146 1115/1115/1115
f 1157/1157/1157 1115/1115/1115 1120/1120/1120
f 1146/1146/1146 1139/1139/1139 1103/1103/1103
f 1146/1146/1146 1103/1103/1103 1115/1115/1115
f 1139/1139/1139 1134/1134/1134 1096/1096/1096
f 1139/1139/1139 1096/1096/1096 1103/1103/1103
f 1134/1134/1134 1129/1129/1129 1093/1093/1093
f 1134/1134/1134 1093/1093/1093 1096/1096/1096
f 1129/1129/1129 1130/1130/1130 1094/1094/1094
f 1129/1129/1129 1094/1094/1094 1093/1093/1093
f 1130/1130/1130 1135/1135/1135 1097/1097/1097
f 1130/1130/1130 1097/1097/1097 1094/1094/1094
f 1135/1135/1135 1143/1143/1143 1107/1107/1107
f 1135/1135/1135 1107/1107/1107 1097/1097/1097
f 1143/1143/1143 1149/1149/1149 1117/1117/1117
f 1143/1143/1143 1117/1117/1117 1107/1107/1107
f 1149/1149/1149 1160/1160/1160 1122/1122/1122
f 1149/1149/1149 1122/1122/1122 1117/1117/1117
f 1160/1160/1160 1169/1169/1169 1142/1142/1142
f 1160/1160/1160 1142/1142/1142 1122/1122/1122
f 1169/1169/1169 1182/1182/1182 1155/1155/1155
f 1169/1169/1169 1155/1155/1155 1142/1142/1142
f 1182/1182/1182 1194/1194/1194 1163/1163/1163
f 1182/1182/1182 1163/1163/1163 1155/1155/1155
f 1194/1194/1194 1201/1201/1201 1174/1174/1174
f 1194/1194/1194 1174/1174/1174 1163/1163/1163
f 1201/1201/1201 1206/1206/1206 1181/1181/1181
f 1201/1201/1201 1181/1181/1181 1174/1174/1174
f 1206/1206/1206 1204/1204/1204 1180/1180/1180
f 1206/1206/1206 1180/1180/1180 1181/1181/1181
f 1180/1180/1180 1173/1173/1173 1141/1141/1141
f 1180/1180/1180 1141/1141/1141 1145/1145/1145
f 1173/1173/1173 1162/1162/1162 1125/1125/1125
f 1173/1173/1173 1125/1125/1125 1141/1141/1141
f 1162/1162/1162 1151/1151/1151 1118/1118/1118
f 1162/1162/1162 1118/1118/1118 1125/1125/1125
f 1151/1151/1151 1137/1137/1137 1101/1101/1101
f 1151/1151/1151 1101/1101/1101 1118/1118/1118
f 1137/1137/1137 1120/1120/1120 1086/1086/1086
f 1137/1137/1137 1086/1086/1086 1101/1101/1101
f 1120/1120/1120 1115/1115/1115 1074/1074/1074
f 1120/1120/1120 1074/1074/1074 1086/1086/1086
f 1115/1115/1115 1103/1103/1103 1066/1066/1066
f 1115/1115/1115 1066/1066/1066 1074/1074/1074
f 1103/1103/1103 1096/1096/1096 1057/1057/1057
f 1103/1103/1103 1057/1057/1057 1066/1066/1066
f 1096/1096/1096 1093/1093/1093 1054/1054/1054
f 1096/1096/1096 1054/1054/1054 1057/1057/1057
f 1093/1093/1093 1094/1094/1094 1055/1055/1055
f 1093/1093/1093 1055/1055/1055 1054/1054/1054
f 1094/1094/1094 1097/1097/1097 1060/1060/1060
f 1094/1094/1094 1060/1060/1060 1055/1055/1055
f 1097/1097/1097 1107/1107/1107 1069/1069/1069
f 1097/1097/1097 1069/1069/1069 1060/1060/1060
f 1107/1107/1107 1117/1117/1117 1075/1075/1075
f 1107/1107/1107 1075/1075/1075 1069/1069/1069
f 1117/1117/1117 1122/1122/1122 1090/1090/1090
f 1117/1117/1117 1090/1090/1090 1075/1075/1075
f 1122/1122/1122 1142/1142/1142 1108/1108/1108
f 1122/1122/1122 1108/1108/1108 1090/1090/1090
f 1142/1142/1142 1155/1155/1155 1119/1119/1119
f 1142/1142/1142 1119/1119/1119 1108/1108/1108
f 1155/1155/1155 1163/1163/1163 1132/1132/1132
f 1155/1155/1155 1132/1132/1132 1119/1119/1119
f 1163/1163/1163 1174/1174/1174 1144/1144/1144
f 1163/1163/1163 1144/1144/1144 1132/1132/1132
f 1174/1174/1174 1181/1181/1181 1147/1147/1147
f 1174/1174/1174 1147/1147/1147 1144/1144/1144
f 1181/1181/1181 1180/1180/1180 1145/1145/1145
f 1181/1181/1181 1145/1145/1145 1147/1147/1147
f 1145/1145/1145 1141/1141/1141 1104/1104/1104
f 1145/1145/1145 1104/1104/1104 1113/1113/1113
f 1141/1141/1141 1125/1125/1125 1092/1092/1092
f 1141/1141/1141 1092/1092/1092 1104/1104/1104
f 1125/1125/1125 1118/1118/1118 1076/1076/1076
f 1125/1125/1125 1076/1076/1076 1092/1092/1092
f 1118/1118/1118 1101/1101/1101 1064/1064/1064
f 1118/1118/1118 1064/1064/1064 1076/1076/1076
f 1101/1101/1101 1086/1086/1086 1049/1049/1049
f 1101/1101/1101 1049/1049/1049 1064/1064/1064
f 1086/1086/1086 1074/1074/1074 1036/1036/1036
f 1086/1086/1086 1036/1036/1036 1049/1049/1049
f 1074/1074/1074 1066/1066/1066 1026/1026/1026
f 1074/1074/1074 1026/1026/1026 1036/1036/1036
f 1066/1066/1066 1057/1057/1057 1018/1018/1018
f 1066/1066/1066 1018/1018/1018 1026/1026/1026
f 1057/1057/1057 1054/1054/1054 1013/1013/1013
f 1057/1057/1057 1013/1013/1013 1018/1018/1018
f 1054/1054/1054 1055/1055/1055 1015/1015/1015
f 1054/1054/1054 1015/1015/1015 1013/1013/1013
f 1055/1055/1055 1060/1060/1060 1022/1022/1022
f 1055/1055/1055 1022/1022/1022 1015/1015/1015
f 1060/1060/1060 1069/1069/1069 1029/1029/1029
f 1060/1060/1060 1029/1029/1029 1022/1022/1022
f 1069/1069/1069 1075/1075/1075 1040/1040/1040
f 1069/1069/1069 1040/1040/1040 1029/1029/1029
f 1075/1075/1075 1090/1090/1090 1051/1051/1051
f 1075/1075/1075 1051/1051/1051 1040/1040/1040
f 1090/1090/1090 1108/1108/1108 1071/1071/1071
f 1090/1090/1090 1071/1071/1071 1051/1051/1051
f 1108/1108/1108 1119/1119/1119 1083/1083/1083
f 1108/1108/1108 1083/1083/1083 1071/1071/1071
f 1119/1119/1119 1132/1132/1132 1095/1095/1095
f 1119/1119/1119 1095/1095/1095 1083/1083/1083
f 1132/1132/1132 1144/1144/1144 1109/1109/1109
f 1132/1132/1132 1109/1109/1109 1095/1095/1095
f 1144/1144/1144 1147/1147/1147 1114/1114/1114
f 1144/1144/1144 1114/1114/1114 1109/1109/1109
f 1147/1147/1147 1145/1145/1145 1113/1113/1113
f 1147/1147/1147 1113/1113/1113 1114/1114/1114
f 1113/1113/1113 1104/1104/1104 1067/1067/1067
f 1113/1113/1113 1067/1067/1067 1072/1072/1072
f 1104/1104/1104 1092/1092/1092 1052/1052/1052
f 1104/1104/1104 1052/1052/1052 1067/1067/1067
f 1092/1092/1092 1076/1076/1076 1042/1042/1042
f 1092/1092/1092 1042/1042/1042 1052/1052/1052
f 1076/1076/1076 1064/1064/1064 1027/1027/1027
f 1076/1076/1076 1027/1027/1027 1042/1042/1042
f 1064/1064/1064 1049/1049/1049 1010/1010/1010
f 1064/1064/1064 1010/1010/1010 1027/1027/1027
f 1049/1049/1049 1036/1036/1036 998/998/998
f 1049/1049/1049 998/998/998 1010/1010/1010
f 1036/1036/1036 1026/1026/1026 986/986/986
f 1036/1036/1036 986/986/986 998/998/998
f 1026/1026/1026 1018/1018/1018 978/978/978
f 1026/1026/1026 978/978/978 986/986/986
f 1018/1018/1018 1013/1013/1013 972/972/972
f 1018/1018/1018 972/972/972 978/978/978
f 1013/1013/1013 1015/1015/1015 973/973/973
f 1013/1013/1013 973/973/973 972/972/972
f 1015/1015/1015 1022/1022/1022 982/982/982
f 1015/1015/1015 982/982/982 973/973/973
f 1022/1022/1022 1029/1029/1029 989/989/989
f 1022/1022/1022 989/989/989 982/982/982
f 1029/1029/1029 1040/1040/1040 1002/1002/1002
f 1029/1029/1029 1002/1002/1002 989/989/989
f 1040/1040/1040 1051/1051/1051 1012/1012/1012
f 1040/1040/1040 1012/1012/1012 1002/1002/1002
f 1051/1051/1051 1071/1071/1071 1031/1031/1031
f 1051/1051/1051 1031/1031/1031 1012/1012/1012
f 1071/1071/1071 1083/1083/1083 1046/1046/1046
f 1071/1071/1071 1046/1046/1046 1031/1031/1031
f 1083/1083/1083 1095/1095/1095 1056/1056/1056
f 1083/1083/1083 1056/1056/1056 1046/1046/1046
f 1095/1095/1095 1109/1109/1109 1068/1068/1068
f 1095/1095/1095 1068/1068/1068 1056/1056/1056
f 1109/1109/1109 1114/1114/1114 1073/1073/1073
f 1109/1109/1109 1073/1073/1073 1068/1068/1068
f 1114/1114/1114 1113/1113/1113 1072/1072/1072
f 1114/1114/1114 1072/1072/1072 1073/1073/1073
f 1072/1072/1072 1067/1067/1067 1025/1025/1025
f 1072/1072/1072 1025/1025/1025 1032/1032/1032
f 1067/1067/1067 1052/1052/1052 1014/1014/1014
f 1067/1067/1067 1014/1014/1014 1025/1025/1025
f 1052/1052/1052 1042/1042/1042 1003/1003/1003
f 1052/1052/1052 1003/1003/1003 1014/1014/1014
f 1042/1042/1042 1027/1027/1027 987/987/987
f 1042/1042/1042 987/987/987 1003/1003/1003
f 1027/1027/1027 1010/1010/1010 970/970/970
f 1027/1027/1027 970/970/970 987/987/987
f 1010/1010/1010 998/998/998 959/959/959
f 1010/1010/1010 959/959/959 970/970/970
f 998/998/998 986/986/986 945/945/945
f 998/998/998 945/945/945 959/959/959
f 986/986/986 978/978/978 938/938/938
f 986/986/986 938/938/938 945/945/945
f 978/978/978 972/972/972 932/932/932
f 978/978/978 932/932/932 938/938/938
f 972/972/972 973/973/973 933/933/933
f 972/972/972 933/933/933 932/932/932
f 973/973/973 982/982/982 942/942/942
f 973/973/973 942/942/942 933/933/933
f 982/982/982 989/989/989 949/949/949
f 982/982/982 949/949/949 942/942/942
f 989/989/989 1002/1002/1002 963/963/963
f 989/989/989 963/963/963 949/949/949
f 1002/1002/1002 1012/1012/1012 976/976/976
f 1002/1002/1002 976/976/976 963/963/963
f 1012/1012/1012 1031/1031/1031 991/991/991
f 1012/1012/1012 991/991/991 976/976/976
f 1031/1031/1031 1046/1046/1046 1007/1007/1007
f 1031/1031/1031 1007/1007/1007 991/991/991
f 1046/1046/1046 1056/1056/1056 1019/1019/1019
f 1046/1046/1046 1019/1019/1019 1007/1007/1007
f 1056/1056/1056 1068/1068/1068 1028/1028/1028
f 1056/1056/1056 1028/1028/1028 1019/1019/1019
f 1068/1068/1068 1073/1073/1073 1033/1033/1033
f 1068/1068/1068 1033/1033/1033 1028/1028/1028
f 1073/1073/1073 1072/1072/1072 1032/1032/1032
f 1073/1073/1073 1032/1032/1032 1033/1033/1033
f 1032/1032/1032 1025/1025/1025 985/985/985
f 1032/1032/1032 985/985/985 992/992/992
f 1025/1025/1025 1014/1014/1014 975/975/975
f 1025/1025/1025 975/975/975 985/985/985
f 1014/1014/1014 1003/1003/1003 965/965/965
f 1014/1014/1014 965/965/965 975/975/975
f 1003/1003/1003 987/987/987 946/946/946
f 1003/1003/1003 946/946/946 965/965/965
f 987/987/987 970/970/970 930/930/930
f 987/987/987 930/930/930 946/946/946
f 970/970/970 959/959/959 919/919/919
f 970/970/970 919/919/919 930/930/930
f 959/959/959 945/945/945 905/905/905
f 959/959/959 905/905/905 919/919/919
f 945/945/945 938/938/938 897/897/897
f 945/945/945 897/897/897 905/905/905
f 938/938/938 932/932/932 891/891/891
f 938/938/938 891/891/891 897/897/897
f 932/932/932 933/933/933 892/892/892
f 932/932/932 892/892/892 891/891/891
f 933/933/933 942/942/942 901/901/901
f 933/933/933 901/901/901 892/892/892
f 942/942/942 949/949/949 909/909/909
f 942/942/942 909/909/909 901/901/901
f 949/949/949 963/963/963 924/924/924
f 949/949/949 924/924/924 909/909/909
f 963/963/963 976/976/976 937/937/937
f 963/963/963 937/937/937 924/924/924
f 976/976/976 991/991/991 953/953/953
f 976/976/976 953/953/953 937/937/937
f 991/991/991 1007/1007/1007 966/966/966
f 991/991/991 966/966/966 953/953/953
f 1007/1007/1007 1019/1019/1019 980/980/980
f 1007/1007/1007 980/980/980 966/966/966
f 1019/1019/1019 1028/1028/1028 988/988/988
f 1019/1019/1019 988/988/988 980/980/980
f 1028/1028/1028 1033/1033/1033 993/993/993
f 1028/1028/1028 993/993/993 988/988/988
f 1033/1033/1033 1032/1032/1032 992/992/992
f 1033/1033/1033 992/992/992 993/993/993
f 992/992/992 985/985/985 944/944/944
f 992/992/992 944/944/944 951/951/951
f 985/985/985 975/975/975 935/935/935
f 985/985/985 935/935/935 944/944/944
f 975/975/975 965/965/965 925/925/925
f 975/975/975 925/925/925 935/935/935
f 965/965/965 946/946/946 908/908/908
f 965/965/965 908/908/908 925/925/925
f 946/946/946 930/930/930 889/889/889
f 946/946/946 889/889/889 908/908/908
f 930/930/930 919/919/919 878/878/878
f 930/930/930 878/878/878 889/889/889
f 919/919/919 905/905/905 865/865/865
f 919/919/919 865/865/865 878/878/878
f 905/905/905 897/897/897 857/857/857
f 905/905/905 857/857/857 865/865/865
f 897/897/897 891/891/891 850/850/850
f 897/897/897 850/850/850 857/857/857
f 891/891/891 892/892/892 852/852/852
f 891/891/891 852/852/852 850/850/850
f 892/892/892 901/901/901 860/860/860
f 892/892/892 860/860/860 852/852/852
f 901/901/901 909/909/909 869/869/869
f 901/901/901 869/869/869 860/860/860
f 909/909/909 924/924/924 883/883/883
f 909/909/909 883/883/883 869/869/869
f 924/924/924 937/937/937 896/896/896
f 924/924/924 896/896/896 883/883/883
f 937/937/937 953/953/953 914/914/914
f 937/937/937 914/914/914 896/896/896
f 953/953/953 966/966/966 928/928/928
f 953/953/953 928/928/928 914/914/914
f 966/966/966 980/980/980 941/941/941
f 966/966/966 941/941/941 928/928/928
f 980/980/980 988/988/988 948/948/948
f 980/980/980 948/948/948 941/941/941
f 988/988/988 993/993/993 954/954/954
f 988/988/988 954/954/954 948/948/948
f 993/993/993 992/992/992 951/951/951
f 993/993/993 951/951/951 954/954/954
f 951/951/951 944/944/944 904/904/904
f 951/951/951 904/904/904 912/912/912
f 944/944/944 935/935/935 894/894/894
f 944/944/944 894/894/894 904/904/904
f 935/935/935 925/925/925 884/884/884
f 935/935/935 884/884/884 894/894/894
f 925/925/925 908/908/908 867/867/867
f 925/925/925 867/867/867 884/884/884
f 908/908/908 889/889/889 849/849/849
f 908/908/908 849/849/849 867/867/867
f 889/889/889 878/878/878 837/837/837
f 889/889/889 837/837/837 849/849/849
f 878/878/878 865/865/865 823/823/823
f 878/878/878 823/823/823 837/837/837
f 865/865/865 857/857/857 814/814/814
f 865/865/865 814/814/814 823/823/823
f 857/857/857 850/850/850 809/809/809
f 857/857/857 809/809/809 814/814/814
f 850/850/850 852/852/852 810/810/810
f 850/850/850 810/810/810 809/809/809
f 852/852/852 860/860/860 818/818/818
f 852/852/852 818/818/818 810/810/810
f 860/860/860 869/869/869 827/827/827
f 860/860/860 827/827/827 818/818/818
f 869/869/869 883/883/883 842/842/842
f 869/869/869 842/842/842 827/827/827
f 883/883/883 896/896/896 856/856/856
f 883/883/883 856/856/856 842/842/842
f 896/896/896 914/914/914 873/873/873
f 896/896/896 873/873/873 856/856/856
f 914/914/914 928/928/928 887/887/887
f 914/914/914 887/887/887 873/873/873
f 928/928/928 941/941/941 900/900/900
f 928/928/928 900/900/900 887/887/887
f 941/941/941 948/948/948 907/907/907
f 941/941/941 907/907/907 900/900/900
f 948/948/948 954/954/954 913/913/913
f 948/948/948 913/913/913 907/907/907
f 954/954/954 951/951/951 912/912/912
f 954/954/954 912/912/912 913/913/913
f 912/912/912 904/904/904 863/863/863
f 912/912/912 863/863/863 871/871/871
f 904/904/904 894/894/894 853/853/853
f 904/904/904 853/853/853 863/863/863
f 894/894/894 884/884/884 844/844/844
f 894/894/894 844/844/844 853/853/853
f 884/884/884 867/867/867 826/826/826
f 884/884/884 826/826/826 844/844/844
f 867/867/867 849/849/849 808/808/808
f 867/867/867 808/808/808 826/826/826
f 849/849/849 837/837/837 796/796/796
f 849/849/849 796/796/796 808/808/808
f 837/837/837 823/823/823 782/782/782
f 837/837/837 782/782/782 796/796/796
f 823/823/823 814/814/814 770/770/770
f 823/823/823 770/770/770 782/782/782
f 814/814/814 809/809/809 766/766/766
f 814/814/814 766/766/766 770/770/770
f 809/809/809 810/810/810 768/768/768
f 809/809/809 768/768/768 766/766/766
f 810/810/810 818/818/818 774/774/774
f 810/810/810 774/774/774 768/768/768
f 818/818/818 827/827/827 786/786/786
f 818/818/818 786/786/786 774/774/774
f 827/827/827 842/842/842 800/800/800
f 827/827/827 800/800/800 786/786/786
f 842/842/842 856/856/856 813/813/813
f 842/842/842 813/813/813 800/800/800
f 856/856/856 873/873/873 832/832/832
f 856/856/856 832/832/832 813/813/813
f 873/873/873 887/887/887 847/847/847
f 873/873/873 847/847/847 832/832/832
f 887/887/887 900/900/900 858/858/858
f 887/887/887 858/858/858 847/847/847
f 900/900/900 907/907/907 866/866/866
f 900/900/900 866/866/866 858/858/858
f 907/907/907 913/913/913 872/872/872
f 907/907/907 872/872/872 866/866/866
f 913/913/913 912/912/912 871/871/871
f 913/913/913 871/871/871 872/872/872
f 871/871/871 863/863/863 822/822/822
f 871/871/871 822/822/822 830/830/830
f 863/863/863 853/853/853 811/811/811
f 863/863/863 811/811/811 822/822/822
f 853/853/853 844/844/844 802/802/802
f 853/853/853 802/802/802 811/811/811
f 844/844/844 826/826/826 785/785/785
f 844/844/844 785/785/785 802/802/802
f 826/826/826 808/808/808 767/767/767
f 826/826/826 767/767/767 785/785/785
f 808/808/808 796/796/796 751/751/751
f 808/808/808 751/751/751 767/767/767
f 796/796/796 782/782/782 736/736/736
f 796/796/796 736/736/736 751/751/751
f 782/782/782 770/770/770 729/729/729
f 782/782/782 729/729/729 736/736/736
f 770/770/770 766/766/766 723/723/723
f 770/770/770 723/723/723 729/729/729
f 766/766/766 768/768/768 725/725/725
f 766/766/766 725/725/725 723/723/723
f 768/768/768 774/774/774 732/732/732
f 768/768/768 732/732/732 725/725/725
f 774/774/774 786/786/786 743/743/743
f 774/774/774 743/743/743 732/732/732
f 786/786/786 800/800/800 755/755/755
f 786/786/786 755/755/755 743/743/743
f 800/800/800 813/813/813 771/771/771
f 800/800/800 771/771/771 755/755/755
f 813/813/813 832/832/832 791/791/791
f 813/813/813 791/791/791 771/771/771
f 832/832/832 847/847/847 806/806/806
f 832/832/832 806/806/806 791/791/791
f 847/847/847 858/858/858 816/816/816
f 847/847/847 816/816/816 806/806/806
f 858/858/858 866/866/866 825/825/825
f 858/858/858 825/825/825 816/816/816
f 866/866/866 872/872/872 831/831/831
f 866/866/866 831/831/831 825/825/825
f 872/872/872 871/871/871 830/830/830
f 872/872/872 830/830/830 831/831/831
f 830/830/830 822/822/822 779/779/779
f 830/830/830 779/779/779 787/787/787
f 822/822/822 811/811/811 769/769/769
f 822/822/822 769/769/769 779/779/779
f 811/811/811 802/802/802 757/757/757
f 811/811/811 757/757/757 769/769/769
f 802/802/802 785/785/785 742/742/742
f 802/802/802 742/742/742 757/757/757
f 785/785/785 767/767/767 727/727/727
f 785/785/785 727/727/727 742/742/742
f 767/767/767 751/751/751 709/709/709
f 767/767/767 709/709/709 727/727/727
f 751/751/751 736/736/736 693/693/693
f 751/751/751 693/693/693 709/709/709
f 736/736/736 729/729/729 684/684/684
f 736/736/736 684/684/684 693/693/693
f 729/729/729 723/723/723 674/674/674
f 729/729/729 674/674/674 684/684/684
f 723/723/723 725/725/725 676/676/676
f 723/723/723 676/676/676 674/674/674
f 725/725/725 732/732/732 689/689/689
f 725/725/725 689/689/689 676/676/676
f 732/732/732 743/743/743 697/697/697
f 732/732/732 697/697/697 689/689/689
f 743/743/743 755/755/755 711/711/711
f 743/743/743 711/711/711 697/697/697
f 755/755/755 771/771/771 730/730/730
f 755/755/755 730/730/730 711/711/711
f 771/771/771 791/791/791 749/749/749
f 771/771/771 749/749/749 730/730/730
f 791/791/791 806/806/806 762/762/762
f 791/791/791 762/762/762 749/749/749
f 806/806/806 816/816/816 773/773/773
f 806/806/806 773/773/773 762/762/762
f 816/816/816 825/825/825 783/783/783
f 816/816/816 783/783/783 773/773/773
f 825/825/825 831/831/831 789/789/789
f 825/825/825 789/789/789 783/783/783
f 831/831/831 830/830/830 787/787/787
f 831/831/831 787/787/787 789/789/789
f 787/787/787 779/779/779 734/734/734
f 787/787/787 734/734/734 745/745/745
f 779/779/779 769/769/769 728/728/728
f 779/779/779 728/728/728 734/734/734
f 769/769/769 757/757/757 713/713/713
f 769/769/769 713/713/713 728/728/728
f 757/757/757 742/742/742 698/698/698
f 757/757/757 698/698/698 713/713/713
f 742/742/742 727/727/727 678/678/678
f 742/742/742 678/678/678 698/698/698
f 727/727/727 709/709/709 661/661/661
f 727/727/727 661/661/661 678/678/678
f 709/709/709 693/693/693 650/650/650
f 709/709/709 650/650/650 661/661/661
f 693/693/693 684/684/684 636/636/636
f 693/693/693 636/636/636 650/650/650
f 684/684/684 674/674/674 628/628/628
f 684/684/684 628/628/628 636/636/636
f 674/674/674 676/676/676 630/630/630
f 674/674/674 630/630/630 628/628/628
f 676/676/676 689/689/689 638/638/638
f 676/676/676 638/638/638 630/630/630
f 689/689/689 697/697/697 656/656/656
f 689/689/689 656/656/656 638/638/638
f 697/697/697 711/711/711 667/667/667
f 697/697/697 667/667/667 656/656/656
f 711/711/711 730/730/730 687/687/687
f 711/711/711 687/687/687 667/667/667
f 730/730/730 749/749/749 705/705/705
f 730/730/730 705/705/705 687/687/687
f 749/749/749 762/762/762 717/717/717
f 749/749/749 717/717/717 705/705/705
f 762/762/762 773/773/773 731/731/731
f 762/762/762 731/731/731 717/717/717
f 773/773/773 783/783/783 739/739/739
f 773/773/773 739/739/739 731/731/731
f 783/783/783 789/789/789 747/747/747
f 783/783/783 747/747/747 739/739/739
f 789/789/789 787/787/787 745/745/745
f 789/789/789 745/745/745 747/747/747
f 745/745/745 734/734/734 691/691/691
f 745/745/745 691/691/691 696/696/696
f 734/734/734 728/728/728 682/682/682
f 734/734/734 682/682/682 691/691/691
f 728/728/728 713/713/713 670/670/670
f 728/728/728 670/670/670 682/682/682
f 713/713/713 698/698/698 657/657/657
f 713/713/713 657/657/657 670/670/670
f 698/698/698 678/678/678 633/633/633
f 698/698/698 633/633/633 657/657/657
f 678/678/678 661/661/661 616/616/616
f 678/678/678 616/616/616 633/633/633
f 661/661/661 650/650/650 597/597/597
f 661/661/661 597/597/597 616/616/616
f 650/650/650 636/636/636 579/579/579
f 650/650/650 579/579/579 597/597/597
f 636/636/636 628/628/628 573/573/573
f 636/636/636 573/573/573 579/579/579
f 628/628/628 630/630/630 576/576/576
f 628/628/628 576/576/576 573/573/573
f 630/630/630 638/638/638 584/584/584
f 630/630/630 584/584/584 576/576/576
f 638/638/638 656/656/656 603/603/603
f 638/638/638 603/603/603 584/584/584
f 656/656/656 667/667/667 620/620/620
f 656/656/656 620/620/620 603/603/603
f 667/667/667 687/687/687 641/641/641
f 667/667/667 641/641/641 620/620/620
f 687/687/687 705/705/705 658/658/658
f 687/687/687 658/658/658 641/641/641
f 705/705/705 717/717/717 671/671/671
f 705/705/705 671/671/671 658/658/658
f 717/717/717 731/731/731 688/688/688
f 717/717/717 688/688/688 671/671/671
f 731/731/731 739/739/739 694/694/694
f 731/731/731 694/694/694 688/688/688
f 739/739/739 747/747/747 699/699/699
f 739/739/739 699/699/699 694/694/694
f 747/747/747 745/745/745 696/696/696
f 747/747/747 696/696/696 699/699/699
f 696/696/696 691/691/691 647/647/647
f 696/696/696 647/647/647 653/653/653
f 691/691/691 682/682/682 635/635/635
f 691/691/691 635/635/635 647/647/647
f 682/682/682 670/670/670 621/621/621
f 682/682/682 621/621/621 635/635/635
f 670/670/670 657/657/657 605/605/605
f 670/670/670 605/605/605 621/621/621
f 657/657/657 633/633/633 580/580/580
f 657/657/657 580/580/580 605/605/605
f 633/633/633 616/616/616 558/558/558
f 633/633/633 558/558/558 580/580/580
f 616/616/616 597/597/597 543/543/543
f 616/616/616 543/543/543 558/558/558
f 597/597/597 579/579/579 535/535/535
f 597/597/597 535/535/535 543/543/543
f 579/579/579 573/573/573 532/532/532
f 579/579/579 532/532/532 535/535/535
f 573/573/573 576/576/576 534/534/534
f 573/573/573 534/534/534 532/532/532
f 576/576/576 584/584/584 538/538/538
f 576/576/576 538/538/538 534/534/534
f 584/584/584 603/603/603 546/546/546
f 584/584/584 546/546/546 538/538/538
f 603/603/603 620/620/620 564/564/564
f 603/603/603 564/564/564 546/546/546
f 620/620/620 641/641/641 587/587/587
f 620/620/620 587/587/587 564/564/564
f 641/641/641 658/658/658 614/614/614
f 641/641/641 614/614/614 587/587/587
f 658/658/658 671/671/671 624/624/624
f 658/658/658 624/624/624 614/614/614
f 671/671/671 688/688/688 639/639/639
f 671/671/671 639/639/639 624/624/624
f 688/688/688 694/694/694 649/649/649
f 688/688/688 649/649/649 639/639/639
f 694/694/694 699/699/699 654/654/654
f 694/694/694 654/654/654 649/649/649
f 699/699/699 696/696/696 653/653/653
f 699/699/699 653/653/653 654/654/654
f 653/653/653 647/647/647 592/592/592
f 653/653/653 592/592/592 601/601/601
f 647/647/647 635/635/635 582/582/582
f 647/647/647 582/582/582 592/592/592
f 635/635/635 621/621/621 567/567/567
f 635/635/635 567/567/567 582/582/582
f 621/621/621 605/605/605 549/549/549
f 621/621/621 549/549/549 567/567/567
f 605/605/605 580/580/580 537/537/537
f 605/605/605 537/537/537 549/549/549
f 580/580/580 558/558/558 529/529/529
f 580/580/580 529/529/529 537/537/537
f 558/558/558 543/543/543 525/525/525
f 558/558/558 525/525/525 529/529/529
f 543/543/543 535/535/535 515/515/515
f 543/543/543 515/515/515 525/525/525
f 535/535/535 532/532/532 510/510/510
f 535/535/535 510/510/510 515/515/515
f 532/532/532 534/534/534 511/511/511
f 532/532/532 511/511/511 510/510/510
f 534/534/534 538/538/538 516/516/516
f 534/534/534 516/516/516 511/511/511
f 538/538/538 546/546/546 526/526/526
f 538/538/538 526/526/526 516/516/516
f 546/546/546 564/564/564 530/530/530
f 546/546/546 530/530/530 526/526/526
f 564/564/564 587/587/587 540/540/540
f 564/564/564 540/540/540 530/530/530
f 587/587/587 614/614/614 553/553/553
f 587/587/587 553/553/553 540/540/540
f 614/614/614 624/624/624 569/569/569
f 614/614/614 569/569/569 553/553/553
f 624/624/624 639/639/639 585/585/585
f 624/624/624 585/585/585 569/569/569
f 639/639/639 649/649/649 596/596/596
f 639/639/639 596/596/596 585/585/585
f 649/649/649 654/654/654 602/602/602
f 649/649/649 602/602/602 596/596/596
f 654/654/654 653/653/653 601/601/601
f 654/654/654 601/601/601 602/602/602
f 601/601/601 592/592/592 541/541/541
f 601/601/601 541/541/541 544/544/544
f 592/592/592 582/582/582 536/536/536
f 592/592/592 536/536/536 541/541/541
f 582/582/582 567/567/567 531/531/531
f 582/582/582 531/531/531 536/536/536
f 567/567/567 549/549/549 527/527/527
f 567/567/567 527/527/527 531/531/531
f 549/549/549 537/537/537 519/519/519
f 549/549/549 519/519/519 527/527/527
f 537/537/537 529/529/529 509/509/509
f 537/537/537 509/509/509 519/519/519
f 529/529/529 525/525/525 503/503/503
f 529/529/529 503/503/503 509/509/509
f 525/525/525 515/515/515 498/498/498
f 525/525/525 498/498/498 503/503/503
f 515/515/515 510/510/510 494/494/494
f 515/515/515 494/494/494 498/498/498
f 510/510/510 511/511/511 496/496/496
f 510/510/510 496/496/496 494/494/494
f 511/511/511 516/516/516 499/499/499
f 511/511/511 499/499/499 496/496/496
f 516/516/516 526/526/526 505/505/505
f 516/516/516 505/505/505 499/499/499
f 526/526/526 530/530/530 512/512/512
f 526/526/526 512/512/512 505/505/505
f 530/530/530 540/540/540 522/522/522
f 530/530/530 522/522/522 512/512/512
f 540/540/540 553/553/553 528/528/528
f 540/540/540 528/528/528 522/522/522
f 553/553/553 569/569/569 533/533/533
f 553/553/553 533/533/533 528/528/528
f 569/569/569 585/585/585 539/539/539
f 569/569/569 539/539/539 533/533/533
f 585/585/585 596/596/596 542/542/542
f 585/585/585 542/542/542 539/539/539
f 596/596/596 602/602/602 545/545/545
f 596/596/596 545/545/545 542/542/542
f 602/602/602 601/601/601 544/544/544
f 602/602/602 544/544/544 545/545/545
f 544/544/544 541/541/541 520/520/520
f 544/544/544 520/520/520 523/523/523
f 541/541/541 536/536/536 517/517/517
f 541/541/541 517/517/517 520/520/520
f 536/536/536 531/531/531 513/513/513
f 536/536/536 513/513/513 517/517/517
f 531/531/531 527/527/527 507/507/507
f 531/531/531 507/507/507 513/513/513
f 527/527/527 519/519/519 504/504/504
f 527/527/527 504/504/504 507/507/507
f 519/519/519 509/509/509 500/500/500
f 519/519/519 500/500/500 504/504/504
f 509/509/509 503/503/503 495/495/495
f 509/509/509 495/495/495 500/500/500
f 503/503/503 498/498/498 492/492/492
f 503/503/503 492/492/492 495/495/495
f 498/498/498 494/494/494 490/490/490
f 498/498/498 490/490/490 492/492/492
f 494/494/494 496/496/496 491/491/491
f 494/494/494 491/491/491 490/490/490
f 496/496/496 499/499/499 493/493/493
f 496/496/496 493/493/493 491/491/491
f 499/499/499 505/505/505 497/497/497
f 499/499/499 497/497/497 493/493/493
f 505/505/505 512/512/512 502/502/502
f 505/505/505 502/502/502 497/497/497
f 512/512/512 522/522/522 506/506/506
f 512/512/512 506/506/506 502/502/502
f 522/522/522 528/528/528 508/508/508
f 522/522/522 508/508/508 506/506/506
f 528/528/528 533/533/533 514/514/514
f 528/528/528 514/514/514 508/508/508
f 533/533/533 539/539/539 518/518/518
f 533/533/533 518/518/518 514/514/514
f 539/539/539 542/542/542 521/521/521
f 539/539/539 521/521/521 518/518/518
f 542/542/542 545/545/545 524/524/524
f 542/542/542 524/524/524 521/521/521
f 545/545/545 544/544/544 523/523/523
f 545/545/545 523/523/523 524/524/524
f 1208/1208/1208 1212/1212/1212 1197/1197/1197
f 1203/1203/1203 1208/1208/1208 1197/1197/1197
f 1198/1198/1198 1203/1203/1203 1197/1197/1197
f 1190/1190/1190 1198/1198/1198 1197/1197/1197
f 1183/1183/1183 1190/1190/1190 1197/1197/1197
f 1175/1175/1175 1183/1183/1183 1197/1197/1197
f 1170/1170/1170 1175/1175/1175 1197/1197/1197
f 1167/1167/1167 1170/1170/1170 1197/1197/1197
f 1164/1164/1164 1167/1167/1167 1197/1197/1197
f 1165/1165/1165 1164/1164/1164 1197/1197/1197
f 1168/1168/1168 1165/1165/1165 1197/1197/1197
f 1171/1171/1171 1168/1168/1168 1197/1197/1197
f 1177/1177/1177 1171/1171/1171 1197/1197/1197
f 1186/1186/1186 1177/1177/1177 1197/1197/1197
f 1193/1193/1193 1186/1186/1186 1197/1197/1197
f 1199/1199/1199 1193/1193/1193 1197/1197/1197
f 1205/1205/1205 1199/1199/1199 1197/1197/1197
f 1209/1209/1209 1205/1205/1205 1197/1197/1197
f 1213/1213/1213 1209/1209/1209 1197/1197/1197
f 1212/1212/1212 1213/1213/1213 1197/1197/1197
f 523/523/523 520/520/520 501/501/501
f 520/520/520 517/517/517 501/501/501
f 517/517/517 513/513/513 501/501/501
f 513/513/513 507/507/507 501/501/501
f 507/507/507 504/504/504 501/501/501
f 504/504/504 500/500/500 501/501/501
f 500/500/500 495/495/495 501/501/501
f 495/495/495 492/492/492 501/501/501
f 492/492/492 490/490/490 501/501/501
f 490/490/490 491/491/491 501/501/501
f 491/491/491 493/493/493 501/501/501
f 493/493/493 497/497/497 501/501/501
f 497/497/497 502/502/502 501/501/501
f 502/502/502 506/506/506 501/501/501
f 506/506/506 508/508/508 501/501/501
f 508/508/508 514/514/514 501/501/501
f 514/514/514 518/518/518 501/501/501
f 518/518/518 521/521/521 501/501/501
f 521/521/521 524/524/524 501/501/501
f 524/524/524 523/523/523 501/501/501
f 2338/2338/2338 2346/2346/2346 2330/2330/2330
f 2338/2338/2338 2330/2330/2330 2313/2313/2313
f 2346/2346/2346 2354/2354/2354 2340/2340/2340
f 2346/2346/2346 2340/2340/2340 2330/2330/2330
f 2354/2354/2354 2358/2358/2358 2349/2349/2349
f 2354/2354/2354 2349/2349/2349 2340/2340/2340
f 2358/2358/2358 2361/2361/2361 2355/2355/2355
f 2358/2358/2358 2355/2355/2355 2349/2349/2349
f 2361/2361/2361 2360/2360/2360 2353/2353/2353
f 2361/2361/2361 2353/2353/2353 2355/2355/2355
f 2360/2360/2360 2357/2357/2357 2347/2347/2347
f 2360/2360/2360 2347/2347/2347 2353/2353/2353
f 2357/2357/2357 2350/2350/2350 2336/2336/2336
f 2357/2357/2357 2336/2336/2336 2347/2347/2347
f 2350/2350/2350 2343/2343/2343 2324/2324/2324
f 2350/2350/2350 2324/2324/2324 2336/2336/2336
f 2343/2343/2343 2335/2335/2335 2307/2307/2307
f 2343/2343/2343 2307/2307/2307 2324/2324/2324
f 2335/2335/2335 2331/2331/2331 2297/2297/2297
f 2335/2335/2335 2297/2297/2297 2307/2307/2307
f 2331/2331/2331 2322/2322/2322 2286/2286/2286
f 2331/2331/2331 2286/2286/2286 2297/2297/2297
f 2322/2322/2322 2314/2314/2314 2278/2278/2278
f 2322/2322/2322 2278/2278/2278 2286/2286/2286
f 2314/2314/2314 2311/2311/2311 2271/2271/2271
f 2314/2314/2314 2271/2271/2271 2278/2278/2278
f 2311/2311/2311 2306/2306/2306 2266/2266/2266
f 2311/2311/2311 2266/2266/2266 2271/2271/2271
f 2306/2306/2306 2308/2308/2308 2268/2268/2268
f 2306/2306/2306 2268/2268/2268 2266/2266/2266
f 2308/2308/2308 2312/2312/2312 2274/2274/2274
f 2308/2308/2308 2274/2274/2274 2268/2268/2268
f 2312/2312/2312 2318/2318/2318 2284/2284/2284
f 2312/2312/2312 2284/2284/2284 2274/2274/2274
f 2318/2318/2318 2323/2323/2323 2290/2290/2290
f 2318/2318/2318 2290/2290/2290 2284/2284/2284
f 2323/2323/2323 2332/2332/2332 2301/2301/2301
f 2323/2323/2323 2301/2301/2301 2290/2290/2290
f 2332/2332/2332 2338/2338/2338 2313/2313/2313
f 2332/2332/2332 2313/2313/2313 2301/2301/2301
f 2313/2313/2313 2330/2330/2330 2295/2295/2295
f 2313/2313/2313 2295/2295/2295 2281/2281/2281
f 2330/2330/2330 2340/2340/2340 2305/2305/2305
f 2330/2330/2330 2305/2305/2305 2295/2295/2295
f 2340/2340/2340 2349/2349/2349 2321/2321/2321
f 2340/2340/2340 2321/2321/2321 2305/2305/2305
f 2349/2349/2349 2355/2355/2355 2328/2328/2328
f 2349/2349/2349 2328/2328/2328 2321/2321/2321
f 2355/2355/2355 2353/2353/2353 2326/2326/2326
f 2355/2355/2355 2326/2326/2326 2328/2328/2328
f 2353/2353/2353 2347/2347/2347 2320/2320/2320
f 2353/2353/2353 2320/2320/2320 2326/2326/2326
f 2347/2347/2347 2336/2336/2336 2304/2304/2304
f 2347/2347/2347 2304/2304/2304 2320/2320/2320
f 2336/2336/2336 2324/2324/2324 2291/2291/2291
f 2336/2336/2336 2291/2291/2291 2304/2304/2304
f 2324/2324/2324 2307/2307/2307 2276/2276/2276
f 2324/2324/2324 2276/2276/2276 2291/2291/2291
f 2307/2307/2307 2297/2297/2297 2257/2257/2257
f 2307/2307/2307 2257/2257/2257 2276/2276/2276
f 2297/2297/2297 2286/2286/2286 2243/2243/2243
f 2297/2297/2297 2243/2243/2243 2257/2257/2257
f 2286/2286/2286 2278/2278/2278 2225/2225/2225
f 2286/2286/2286 2225/2225/2225 2243/2243/2243
f 2278/2278/2278 2271/2271/2271 2219/2219/2219
f 2278/2278/2278 2219/2219/2219 2225/2225/2225
f 2271/2271/2271 2266/2266/2266 2215/2215/2215
f 2271/2271/2271 2215/2215/2215 2219/2219/2219
f 2266/2266/2266 2268/2268/2268 2216/2216/2216
f 2266/2266/2266 2216/2216/2216 2215/2215/2215
f 2268/2268/2268 2274/2274/2274 2222/2222/2222
f 2268/2268/2268 2222/2222/2222 2216/2216/2216
f 2274/2274/2274 2284/2284/2284 2228/2228/2228
f 2274/2274/2274 2228/2228/2228 2222/2222/2222
f 2284/2284/2284 2290/2290/2290 2246/2246/2246
f 2284/2284/2284 2246/2246/2246 2228/2228/2228
f 2290/2290/2290 2301/2301/2301 2261/2261/2261
f 2290/2290/2290 2261/2261/2261 2246/2246/2246
f 2301/2301/2301 2313/2313/2313 2281/2281/2281
f 2301/2301/2301 2281/2281/2281 2261/2261/2261
f 2281/2281/2281 2295/2295/2295 2255/2255/2255
f 2281/2281/2281 2255/2255/2255 2230/2230/2230
f 2295/2295/2295 2305/2305/2305 2270/2270/2270
f 2295/2295/2295 2270/2270/2270 2255/2255/2255
f 2305/2305/2305 2321/2321/2321 2285/2285/2285
f 2305/2305/2305 2285/2285/2285 2270/2270/2270
f 2321/2321/2321 2328/2328/2328 2288/2288/2288
f 2321/2321/2321 2288/2288/2288 2285/2285/2285
f 2328/2328/2328 2326/2326/2326 2287/2287/2287
f 2328/2328/2328 2287/2287/2287 2288/2288/2288
f 2326/2326/2326 2320/2320/2320 2280/2280/2280
f 2326/2326/2326 2280/2280/2280 2287/2287/2287
f 2320/2320/2320 2304/2304/2304 2265/2265/2265
f 2320/2320/2320 2265/2265/2265 2280/2280/2280
f 2304/2304/2304 2291/2291/2291 2247/2247/2247
f 2304/2304/2304 2247/2247/2247 2265/2265/2265
f 2291/2291/2291 2276/2276/2276 2224/2224/2224
f 2291/2291/2291 2224/2224/2224 2247/2247/2247
f 2276/2276/2276 2257/2257/2257 2206/2206/2206
f 2276/2276/2276 2206/2206/2206 2224/2224/2224
f 2257/2257/2257 2243/2243/2243 2187/2187/2187
f 2257/2257/2257 2187/2187/2187 2206/2206/2206
f 2243/2243/2243 2225/2225/2225 2167/2167/2167
f 2243/2243/2243 2167/2167/2167 2187/2187/2187
f 2225/2225/2225 2219/2219/2219 2152/2152/2152
f 2225/2225/2225 2152/2152/2152 2167/2167/2167
f 2219/2219/2219 2215/2215/2215 2143/2143/2143
f 2219/2219/2219 2143/2143/2143 2152/2152/2152
f 2215/2215/2215 2216/2216/2216 2144/2144/2144
f 2215/2215/2215 2144/2144/2144 2143/2143/2143
f 2216/2216/2216 2222/2222/2222 2156/2156/2156
f 2216/2216/2216 2156/2156/2156 2144/2144/2144
f 2222/2222/2222 2228/2228/2228 2174/2174/2174
f 2222/2222/2222 2174/2174/2174 2156/2156/2156
f 2228/2228/2228 2246/2246/2246 2193/2193/2193
f 2228/2228/2228 2193/2193/2193 2174/2174/2174
f 2246/2246/2246 2261/2261/2261 2212/2212/2212
f 2246/2246/2246 2212/2212/2212 2193/2193/2193
f 2261/2261/2261 2281/2281/2281 2230/2230/2230
f 2261/2261/2261 2230/2230/2230 2212/2212/2212
f 2230/2230/2230 2255/2255/2255 2200/2200/2200
f 2230/2230/2230 2200/2200/2200 2177/2177/2177
f 2255/2255/2255 2270/2270/2270 2218/2218/2218
f 2255/2255/2255 2218/2218/2218 2200/2200/2200
f 2270/2270/2270 2285/2285/2285 2231/2231/2231
f 2270/2270/2270 2231/2231/2231 2218/2218/2218
f 2285/2285/2285 2288/2288/2288 2241/2241/2241
f 2285/2285/2285 2241/2241/2241 2231/2231/2231
f 2288/2288/2288 2287/2287/2287 2238/2238/2238
f 2288/2288/2288 2238/2238/2238 2241/2241/2241
f 2287/2287/2287 2280/2280/2280 2226/2226/2226
f 2287/2287/2287 2226/2226/2226 2238/2238/2238
f 2280/2280/2280 2265/2265/2265 2214/2214/2214
f 2280/2280/2280 2214/2214/2214 2226/2226/2226
f 2265/2265/2265 2247/2247/2247 2195/2195/2195
f 2265/2265/2265 2195/2195/2195 2214/2214/2214
f 2247/2247/2247 2224/2224/2224 2166/2166/2166
f 2247/2247/2247 2166/2166/2166 2195/2195/2195
f 2224/2224/2224 2206/2206/2206 2129/2129/2129
f 2224/2224/2224 2129/2129/2129 2166/2166/2166
f 2206/2206/2206 2187/2187/2187 2110/2110/2110
f 2206/2206/2206 2110/2110/2110 2129/2129/2129
f 2187/2187/2187 2167/2167/2167 2101/2101/2101
f 2187/2187/2187 2101/2101/2101 2110/2110/2110
f 2167/2167/2167 2152/2152/2152 2092/2092/2092
f 2167/2167/2167 2092/2092/2092 2101/2101/2101
f 2152/2152/2152 2143/2143/2143 2087/2087/2087
f 2152/2152/2152 2087/2087/2087 2092/2092/2092
f 2143/2143/2143 2144/2144/2144 2089/2089/2089
f 2143/2143/2143 2089/2089/2089 2087/2087/2087
f 2144/2144/2144 2156/2156/2156 2095/2095/2095
f 2144/2144/2144 2095/2095/2095 2089/2089/2089
f 2156/2156/2156 2174/2174/2174 2103/2103/2103
f 2156/2156/2156 2103/2103/2103 2095/2095/2095
f 2174/2174/2174 2193/2193/2193 2111/2111/2111
f 2174/2174/2174 2111/2111/2111 2103/2103/2103
f 2193/2193/2193 2212/2212/2212 2137/2137/2137
f 2193/2193/2193 2137/2137/2137 2111/2111/2111
f 2212/2212/2212 2230/2230/2230 2177/2177/2177
f 2212/2212/2212 2177/2177/2177 2137/2137/2137
f 2177/2177/2177 2200/2200/2200 2117/2117/2117
f 2177/2177/2177 2117/2117/2117 2105/2105/2105
f 2200/2200/2200 2218/2218/2218 2151/2151/2151
f 2200/2200/2200 2151/2151/2151 2117/2117/2117
f 2218/2218/2218 2231/2231/2231 2173/2173/2173
f 2218/2218/2218 2173/2173/2173 2151/2151/2151
f 2231/2231/2231 2241/2241/2241 2183/2183/2183
f 2231/2231/2231 2183/2183/2183 2173/2173/2173
f 2241/2241/2241 2238/2238/2238 2181/2181/2181
f 2241/2241/2241 2181/2181/2181 2183/2183/2183
f 2238/2238/2238 2226/2226/2226 2168/2168/2168
f 2238/2238/2238 2168/2168/2168 2181/2181/2181
f 2226/2226/2226 2214/2214/2214 2140/2140/2140
f 2226/2226/2226 2140/2140/2140 2168/2168/2168
f 2214/2214/2214 2195/2195/2195 2112/2112/2112
f 2214/2214/2214 2112/2112/2112 2140/2140/2140
f 2195/2195/2195 2166/2166/2166 2100/2100/2100
f 2195/2195/2195 2100/2100/2100 2112/2112/2112
f 2166/2166/2166 2129/2129/2129 2083/2083/2083
f 2166/2166/2166 2083/2083/2083 2100/2100/2100
f 2129/2129/2129 2110/2110/2110 2071/2071/2071
f 2129/2129/2129 2071/2071/2071 2083/2083/2083
f 2110/2110/2110 2101/2101/2101 2061/2061/2061
f 2110/2110/2110 2061/2061/2061 2071/2071/2071
f 2101/2101/2101 2092/2092/2092 2056/2056/2056
f 2101/2101/2101 2056/2056/2056 2061/2061/2061
f 2092/2092/2092 2087/2087/2087 2050/2050/2050
f 2092/2092/2092 2050/2050/2050 2056/2056/2056
f 2087/2087/2087 2089/2089/2089 2052/2052/2052
f 2087/2087/2087 2052/2052/2052 2050/2050/2050
f 2089/2089/2089 2095/2095/2095 2058/2058/2058
f 2089/2089/2089 2058/2058/2058 2052/2052/2052
f 2095/2095/2095 2103/2103/2103 2065/2065/2065
f 2095/2095/2095 2065/2065/2065 2058/2058/2058
f 2103/2103/2103 2111/2111/2111 2074/2074/2074
f 2103/2103/2103 2074/2074/2074 2065/2065/2065
f 2111/2111/2111 2137/2137/2137 2086/2086/2086
f 2111/2111/2111 2086/2086/2086 2074/2074/2074
f 2137/2137/2137 2177/2177/2177 2105/2105/2105
f 2137/2137/2137 2105/2105/2105 2086/2086/2086
f 2105/2105/2105 2117/2117/2117 2080/2080/2080
f 2105/2105/2105 2080/2080/2080 2067/2067/2067
f 2117/2117/2117 2151/2151/2151 2093/2093/2093
f 2117/2117/2117 2093/2093/2093 2080/2080/2080
f 2151/2151/2151 2173/2173/2173 2102/2102/2102
f 2151/2151/2151 2102/2102/2102 2093/2093/2093
f 2173/2173/2173 2183/2183/2183 2107/2107/2107
f 2173/2173/2173 2107/2107/2107 2102/2102/2102
f 2183/2183/2183 2181/2181/2181 2106/2106/2106
f 2183/2183/2183 2106/2106/2106 2107/2107/2107
f 2181/2181/2181 2168/2168/2168 2099/2099/2099
f 2181/2181/2181 2099/2099/2099 2106/2106/2106
f 2168/2168/2168 2140/2140/2140 2088/2088/2088
f 2168/2168/2168 2088/2088/2088 2099/2099/2099
f 2140/2140/2140 2112/2112/2112 2076/2076/2076
f 2140/2140/2140 2076/2076/2076 2088/2088/2088
f 2112/2112/2112 2100/2100/2100 2062/2062/2062
f 2112/2112/2112 2062/2062/2062 2076/2076/2076
f 2100/2100/2100 2083/2083/2083 2046/2046/2046
f 2100/2100/2100 2046/2046/2046 2062/2062/2062
f 2083/2083/2083 2071/2071/2071 2033/2033/2033
f 2083/2083/2083 2033/2033/2033 2046/2046/2046
f 2071/2071/2071 2061/2061/2061 2021/2021/2021
f 2071/2071/2071 2021/2021/2021 2033/2033/2033
f 2061/2061/2061 2056/2056/2056 2016/2016/2016
f 2061/2061/2061 2016/2016/2016 2021/2021/2021
f 2056/2056/2056 2050/2050/2050 2010/2010/2010
f 2056/2056/2056 2010/2010/2010 2016/2016/2016
f 2050/2050/2050 2052/2052/2052 2012/2012/2012
f 2050/2050/2050 2012/2012/2012 2010/2010/2010
f 2052/2052/2052 2058/2058/2058 2018/2018/2018
f 2052/2052/2052 2018/2018/2018 2012/2012/2012
f 2058/2058/2058 2065/2065/2065 2026/2026/2026
f 2058/2058/2058 2026/2026/2026 2018/2018/2018
f 2065/2065/2065 2074/2074/2074 2037/2037/2037
f 2065/2065/2065 2037/2037/2037 2026/2026/2026
f 2074/2074/2074 2086/2086/2086 2054/2054/2054
f 2074/2074/2074 2054/2054/2054 2037/2037/2037
f 2086/2086/2086 2105/2105/2105 2067/2067/2067
f 2086/2086/2086 2067/2067/2067 2054/2054/2054
f 2067/2067/2067 2080/2080/2080 2042/2042/2042
f 2067/2067/2067 2042/2042/2042 2029/2029/2029
f 2080/2080/2080 2093/2093/2093 2057/2057/2057
f 2080/2080/2080 2057/2057/2057 2042/2042/2042
f 2093/2093/2093 2102/2102/2102 2064/2064/2064
f 2093/2093/2093 2064/2064/2064 2057/2057/2057
f 2102/2102/2102 2107/2107/2107 2069/2069/2069
f 2102/2102/2102 2069/2069/2069 2064/2064/2064
f 2107/2107/2107 2106/2106/2106 2068/2068/2068
f 2107/2107/2107 2068/2068/2068 2069/2069/2069
f 2106/2106/2106 2099/2099/2099 2060/2060/2060
f 2106/2106/2106 2060/2060/2060 2068/2068/2068
f 2099/2099/2099 2088/2088/2088 2053/2053/2053
f 2099/2099/2099 2053/2053/2053 2060/2060/2060
f 2088/2088/2088 2076/2076/2076 2039/2039/2039
f 2088/2088/2088 2039/2039/2039 2053/2053/2053
f 2076/2076/2076 2062/2062/2062 2023/2023/2023
f 2076/2076/2076 2023/2023/2023 2039/2039/2039
f 2062/2062/2062 2046/2046/2046 2006/2006/2006
f 2062/2062/2062 2006/2006/2006 2023/2023/2023
f 2046/2046/2046 2033/2033/2033 1991/1991/1991
f 2046/2046/2046 1991/1991/1991 2006/2006/2006
f 2033/2033/2033 2021/2021/2021 1980/1980/1980
f 2033/2033/2033 1980/1980/1980 1991/1991/1991
f 2021/2021/2021 2016/2016/2016 1971/1971/1971
f 2021/2021/2021 1971/1971/1971 1980/1980/1980
f 2016/2016/2016 2010/2010/2010 1964/1964/1964
f 2016/2016/2016 1964/1964/1964 1971/1971/1971
f 2010/2010/2010 2012/2012/2012 1966/1966/1966
f 2010/2010/2010 1966/1966/1966 1964/1964/1964
f 2012/2012/2012 2018/2018/2018 1977/1977/1977
f 2012/2012/2012 1977/1977/1977 1966/1966/1966
f 2018/2018/2018 2026/2026/2026 1984/1984/1984
f 2018/2018/2018 1984/1984/1984 1977/1977/1977
f 2026/2026/2026 2037/2037/2037 1995/1995/1995
f 2026/2026/2026 1995/1995/1995 1984/1984/1984
f 2037/2037/2037 2054/2054/2054 2014/2014/2014
f 2037/2037/2037 2014/2014/2014 1995/1995/1995
f 2054/2054/2054 2067/2067/2067 2029/2029/2029
f 2054/2054/2054 2029/2029/2029 2014/2014/2014
f 2029/2029/2029 2042/2042/2042 2002/2002/2002
f 2029/2029/2029 2002/2002/2002 1989/1989/1989
f 2042/2042/2042 2057/2057/2057 2017/2017/2017
f 2042/2042/2042 2017/2017/2017 2002/2002/2002
f 2057/2057/2057 2064/2064/2064 2025/2025/2025
f 2057/2057/2057 2025/2025/2025 2017/2017/2017
f 2064/2064/2064 2069/2069/2069 2030/2030/2030
f 2064/2064/2064 2030/2030/2030 2025/2025/2025
f 2069/2069/2069 2068/2068/2068 2027/2027/2027
f 2069/2069/2069 2027/2027/2027 2030/2030/2030
f 2068/2068/2068 2060/2060/2060 2020/2020/2020
f 2068/2068/2068 2020/2020/2020 2027/2027/2027
f 2060/2060/2060 2053/2053/2053 2013/2013/2013
f 2060/2060/2060 2013/2013/2013 2020/2020/2020
f 2053/2053/2053 2039/2039/2039 1998/1998/1998
f 2053/2053/2053 1998/1998/1998 2013/2013/2013
f 2039/2039/2039 2023/2023/2023 1983/1983/1983
f 2039/2039/2039 1983/1983/1983 1998/1998/1998
f 2023/2023/2023 2006/2006/2006 1963/1963/1963
f 2023/2023/2023 1963/1963/1963 1983/1983/1983
f 2006/2006/2006 1991/1991/1991 1949/1949/1949
f 2006/2006/2006 1949/1949/1949 1963/1963/1963
f 1991/1991/1991 1980/1980/1980 1935/1935/1935
f 1991/1991/1991 1935/1935/1935 1949/1949/1949
f 1980/1980/1980 1971/1971/1971 1923/1923/1923
f 1980/1980/1980 1923/1923/1923 1935/1935/1935
f 1971/1971/1971 1964/1964/1964 1916/1916/1916
f 1971/1971/1971 1916/1916/1916 1923/1923/1923
f 1964/1964/1964 1966/1966/1966 1917/1917/1917
f 1964/1964/1964 1917/1917/1917 1916/1916/1916
f 1966/1966/1966 1977/1977/1977 1927/1927/1927
f 1966/1966/1966 1927/1927/1927 1917/1917/1917
f 1977/1977/1977 1984/1984/1984 1942/1942/1942
f 1977/1977/1977 1942/1942/1942 1927/1927/1927
f 1984/1984/1984 1995/1995/1995 1952/1952/1952
f 1984/1984/1984 1952/1952/1952 1942/1942/1942
f 1995/1995/1995 2014/2014/2014 1970/1970/1970
f 1995/1995/1995 1970/1970/1970 1952/1952/1952
f 2014/2014/2014 2029/2029/2029 1989/1989/1989
f 2014/2014/2014 1989/1989/1989 1970/1970/1970
f 1989/1989/1989 2002/2002/2002 1957/1957/1957
f 1989/1989/1989 1957/1957/1957 1946/1946/1946
f 2002/2002/2002 2017/2017/2017 1976/1976/1976
f 2002/2002/2002 1976/1976/1976 1957/1957/1957
f 2017/2017/2017 2025/2025/2025 1982/1982/1982
f 2017/2017/2017 1982/1982/1982 1976/1976/1976
f 2025/2025/2025 2030/2030/2030 1988/1988/1988
f 2025/2025/2025 1988/1988/1988 1982/1982/1982
f 2030/2030/2030 2027/2027/2027 1986/1986/1986
f 2030/2030/2030 1986/1986/1986 1988/1988/1988
f 2027/2027/2027 2020/2020/2020 1979/1979/1979
f 2027/2027/2027 1979/1979/1979 1986/1986/1986
f 2020/2020/2020 2013/2013/2013 1967/1967/1967
f 2020/2020/2020 1967/1967/1967 1979/1979/1979
f 2013/2013/2013 1998/1998/1998 1953/1953/1953
f 2013/2013/2013 1953/1953/1953 1967/1967/1967
f 1998/1998/1998 1983/1983/1983 1940/1940/1940
f 1998/1998/1998 1940/1940/1940 1953/1953/1953
f 1983/1983/1983 1963/1963/1963 1914/1914/1914
f 1983/1983/1983 1914/1914/1914 1940/1940/1940
f 1963/1963/1963 1949/1949/1949 1900/1900/1900
f 1963/1963/1963 1900/1900/1900 1914/1914/1914
f 1949/1949/1949 1935/1935/1935 1881/1881/1881
f 1949/1949/1949 1881/1881/1881 1900/1900/1900
f 1935/1935/1935 1923/1923/1923 1871/1871/1871
f 1935/1935/1935 1871/1871/1871 1881/1881/1881
f 1923/1923/1923 1916/1916/1916 1862/1862/1862
f 1923/1923/1923 1862/1862/1862 1871/1871/1871
f 1916/1916/1916 1917/1917/1917 1864/1864/1864
f 1916/1916/1916 1864/1864/1864 1862/1862/1862
f 1917/1917/1917 1927/1927/1927 1876/1876/1876
f 1917/1917/1917 1876/1876/1876 1864/1864/1864
f 1927/1927/1927 1942/1942/1942 1887/1887/1887
f 1927/1927/1927 1887/1887/1887 1876/1876/1876
f 1942/1942/1942 1952/1952/1952 1907/1907/1907
f 1942/1942/1942 1907/1907/1907 1887/1887/1887
f 1952/1952/1952 1970/1970/1970 1921/1921/1921
f 1952/1952/1952 1921/1921/1921 1907/1907/1907
f 1970/1970/1970 1989/1989/1989 1946/1946/1946
f 1970/1970/1970 1946/1946/1946 1921/1921/1921
f 1946/1946/1946 1957/1957/1957 1910/1910/1910
f 1946/1946/1946 1910/1910/1910 1894/1894/1894
f 1957/1957/1957 1976/1976/1976 1926/1926/1926
f 1957/1957/1957 1926/1926/1926 1910/1910/1910
f 1976/1976/1976 1982/1982/1982 1938/1938/1938
f 1976/1976/1976 1938/1938/1938 1926/1926/1926
f 1982/1982/1982 1988/1988/1988 1945/1945/1945
f 1982/1982/1982 1945/1945/1945 1938/1938/1938
f 1988/1988/1988 1986/1986/1986 1943/1943/1943
f 1988/1988/1988 1943/1943/1943 1945/1945/1945
f 1986/1986/1986 1979/1979/1979 1934/1934/1934
f 1986/1986/1986 1934/1934/1934 1943/1943/1943
f 1979/1979/1979 1967/1967/1967 1920/1920/1920
f 1979/1979/1979 1920/1920/1920 1934/1934/1934
f 1967/1967/1967 1953/1953/1953 1908/1908/1908
f 1967/1967/1967 1908/1908/1908 1920/1920/1920
f 1953/1953/1953 1940/1940/1940 1885/1885/1885
f 1953/1953/1953 1885/1885/1885 1908/1908/1908
f 1940/1940/1940 1914/1914/1914 1859/1859/1859
f 1940/1940/1940 1859/1859/1859 1885/1885/1885
f 1914/1914/1914 1900/1900/1900 1836/1836/1836
f 1914/1914/1914 1836/1836/1836 1859/1859/1859
f 1900/1900/1900 1881/1881/1881 1805/1805/1805
f 1900/1900/1900 1805/1805/1805 1836/1836/1836
f 1881/1881/1881 1871/1871/1871 1796/1796/1796
f 1881/1881/1881 1796/1796/1796 1805/1805/1805
f 1871/1871/1871 1862/1862/1862 1792/1792/1792
f 1871/1871/1871 1792/1792/1792 1796/1796/1796
f 1862/1862/1862 1864/1864/1864 1794/1794/1794
f 1862/1862/1862 1794/1794/1794 1792/1792/1792
f 1864/1864/1864 1876/1876/1876 1799/1799/1799
f 1864/1864/1864 1799/1799/1799 1794/1794/1794
f 1876/1876/1876 1887/1887/1887 1815/1815/1815
f 1876/1876/1876 1815/1815/1815 1799/1799/1799
f 1887/1887/1887 1907/1907/1907 1846/1846/1846
f 1887/1887/1887 1846/1846/1846 1815/1815/1815
f 1907/1907/1907 1921/1921/1921 1870/1870/1870
f 1907/1907/1907 1870/1870/1870 1846/1846/1846
f 1921/1921/1921 1946/1946/1946 1894/1894/1894
f 1921/1921/1921 1894/1894/1894 1870/1870/1870
f 1894/1894/1894 1910/1910/1910 1851/1851/1851
f 1894/1894/1894 1851/1851/1851 1824/1824/1824
f 1910/1910/1910 1926/1926/1926 1875/1875/1875
f 1910/1910/1910 1875/1875/1875 1851/1851/1851
f 1926/1926/1926 1938/1938/1938 1884/1884/1884
f 1926/1926/1926 1884/1884/1884 1875/1875/1875
f 1938/1938/1938 1945/1945/1945 1891/1891/1891
f 1938/1938/1938 1891/1891/1891 1884/1884/1884
f 1945/1945/1945 1943/1943/1943 1890/1890/1890
f 1945/1945/1945 1890/1890/1890 1891/1891/1891
f 1943/1943/1943 1934/1934/1934 1880/1880/1880
f 1943/1943/1943 1880/1880/1880 1890/1890/1890
f 1934/1934/1934 1920/1920/1920 1867/1867/1867
f 1934/1934/1934 1867/1867/1867 1880/1880/1880
f 1920/1920/1920 1908/1908/1908 1847/1847/1847
f 1920/1920/1920 1847/1847/1847 1867/1867/1867
f 1908/1908/1908 1885/1885/1885 1814/1814/1814
f 1908/1908/1908 1814/1814/1814 1847/1847/1847
f 1885/1885/1885 1859/1859/1859 1793/1793/1793
f 1885/1885/1885 1793/1793/1793 1814/1814/1814
f 1859/1859/1859 1836/1836/1836 1788/1788/1788
f 1859/1859/1859 1788/1788/1788 1793/1793/1793
f 1836/1836/1836 1805/1805/1805 1781/1781/1781
f 1836/1836/1836 1781/1781/1781 1788/1788/1788
f 1805/1805/1805 1796/1796/1796 1776/1776/1776
f 1805/1805/1805 1776/1776/1776 1781/1781/1781
f 1796/1796/1796 1792/1792/1792 1772/1772/1772
f 1796/1796/1796 1772/1772/1772 1776/1776/1776
f 1792/1792/1792 1794/1794/1794 1773/1773/1773
f 1792/1792/1792 1773/1773/1773 1772/1772/1772
f 1794/1794/1794 1799/1799/1799 1779/1779/1779
f 1794/1794/1794 1779/1779/1779 1773/1773/1773
f 1799/1799/1799 1815/1815/1815 1784/1784/1784
f 1799/1799/1799 1784/1784/1784 1779/1779/1779
f 1815/1815/1815 1846/1846/1846 1789/1789/1789
f 1815/1815/1815 1789/1789/1789 1784/1784/1784
f 1846/1846/1846 1870/1870/1870 1797/1797/1797
f 1846/1846/1846 1797/1797/1797 1789/1789/1789
f 1870/1870/1870 1894/1894/1894 1824/1824/1824
f 1870/1870/1870 1824/1824/1824 1797/1797/1797
f 1824/1824/1824 1851/1851/1851 1791/1791/1791
f 1824/1824/1824 1791/1791/1791 1787/1787/1787
f 1851/1851/1851 1875/1875/1875 1798/1798/1798
f 1851/1851/1851 1798/1798/1798 1791/1791/1791
f 1875/1875/1875 1884/1884/1884 1809/1809/1809
f 1875/1875/1875 1809/1809/1809 1798/1798/1798
f 1884/1884/1884 1891/1891/1891 1820/1820/1820
f 1884/1884/1884 1820/1820/1820 1809/1809/1809
f 1891/1891/1891 1890/1890/1890 1818/1818/1818
f 1891/1891/1891 1818/1818/1818 1820/1820/1820
f 1890/1890/1890 1880/1880/1880 1802/1802/1802
f 1890/1890/1890 1802/1802/1802 1818/1818/1818
f 1880/1880/1880 1867/1867/1867 1795/1795/1795
f 1880/1880/1880 1795/1795/1795 1802/1802/1802
f 1867/1867/1867 1847/1847/1847 1790/1790/1790
f 1867/1867/1867 1790/1790/1790 1795/1795/1795
f 1847/1847/1847 1814/1814/1814 1783/1783/1783
f 1847/1847/1847 1783/1783/1783 1790/1790/1790
f 1814/1814/1814 1793/1793/1793 1774/1774/1774
f 1814/1814/1814 1774/1774/1774 1783/1783/1783
f 1793/1793/1793 1788/1788/1788 1768/1768/1768
f 1793/1793/1793 1768/1768/1768 1774/1774/1774
f 1788/1788/1788 1781/1781/1781 1761/1761/1761
f 1788/1788/1788 1761/1761/1761 1768/1768/1768
f 1781/1781/1781 1776/1776/1776 1756/1756/1756
f 1781/1781/1781 1756/1756/1756 1761/1761/1761
f 1776/1776/1776 1772/1772/1772 1752/1752/1752
f 1776/1776/1776 1752/1752/1752 1756/1756/1756
f 1772/1772/1772 1773/1773/1773 1753/1753/1753
f 1772/1772/1772 1753/1753/1753 1752/1752/1752
f 1773/1773/1773 1779/1779/1779 1759/1759/1759
f 1773/1773/1773 1759/1759/1759 1753/1753/1753
f 1779/1779/1779 1784/1784/1784 1764/1764/1764
f 1779/1779/1779 1764/1764/1764 1759/1759/1759
f 1784/1784/1784 1789/1789/1789 1769/1769/1769
f 1784/1784/1784 1769/1769/1769 1764/1764/1764
f 1789/1789/1789 1797/1797/1797 1777/1777/1777
f 1789/1789/1789 1777/1777/1777 1769/1769/1769
f 1797/1797/1797 1824/1824/1824 1787/1787/1787
f 1797/1797/1797 1787/1787/1787 1777/1777/1777
f 1787/1787/1787 1791/1791/1791 1771/1771/1771
f 1787/1787/1787 1771/1771/1771 1767/1767/1767
f 1791/1791/1791 1798/1798/1798 1778/1778/1778
f 1791/1791/1791 1778/1778/1778 1771/1771/1771
f 1798/1798/1798 1809/1809/1809 1782/1782/1782
f 1798/1798/1798 1782/1782/1782 1778/1778/1778
f 1809/1809/1809 1820/1820/1820 1786/1786/1786
f 1809/1809/1809 1786/1786/1786 1782/1782/1782
f 1820/1820/1820 1818/1818/1818 1785/1785/1785
f 1820/1820/1820 1785/1785/1785 1786/1786/1786
f 1818/1818/1818 1802/1802/1802 1780/1780/1780
f 1818/1818/1818 1780/1780/1780 1785/1785/1785
f 1802/1802/1802 1795/1795/1795 1775/1775/1775
f 1802/1802/1802 1775/1775/1775 1780/1780/1780
f 1795/1795/1795 1790/1790/1790 1770/1770/1770
f 1795/1795/1795 1770/1770/1770 1775/1775/1775
f 1790/1790/1790 1783/1783/1783 1765/1765/1765
f 1790/1790/1790 1765/1765/1765 1770/1770/1770
f 1783/1783/1783 1774/1774/1774 1754/1754/1754
f 1783/1783/1783 1754/1754/1754 1765/1765/1765
f 1774/1774/1774 1768/1768/1768 1748/1748/1748
f 1774/1774/1774 1748/1748/1748 1754/1754/1754
f 1768/1768/1768 1761/1761/1761 1742/1742/1742
f 1768/1768/1768 1742/1742/1742 1748/1748/1748
f 1761/1761/1761 1756/1756/1756 1736/1736/1736
f 1761/1761/1761 1736/1736/1736 1742/1742/1742
f 1756/1756/1756 1752/1752/1752 1732/1732/1732
f 1756/1756/1756 1732/1732/1732 1736/1736/1736
f 1752/1752/1752 1753/1753/1753 1733/1733/1733
f 1752/1752/1752 1733/1733/1733 1732/1732/1732
f 1753/1753/1753 1759/1759/1759 1737/1737/1737
f 1753/1753/1753 1737/1737/1737 1733/1733/1733
f 1759/1759/1759 1764/1764/1764 1745/1745/1745
f 1759/1759/1759 1745/1745/1745 1737/1737/1737
f 1764/1764/1764 1769/1769/1769 1749/1749/1749
f 1764/1764/1764 1749/1749/1749 1745/1745/1745
f 1769/1769/1769 1777/1777/1777 1758/1758/1758
f 1769/1769/1769 1758/1758/1758 1749/1749/1749
f 1777/1777/1777 1787/1787/1787 1767/1767/1767
f 1777/1777/1777 1767/1767/1767 1758/1758/1758
f 1767/1767/1767 1771/1771/1771 1751/1751/1751
f 1767/1767/1767 1751/1751/1751 1747/1747/1747
f 1771/1771/1771 1778/1778/1778 1757/1757/1757
f 1771/1771/1771 1757/1757/1757 1751/1751/1751
f 1778/1778/1778 1782/1782/1782 1762/1762/1762
f 1778/1778/1778 1762/1762/1762 1757/1757/1757
f 1782/1782/1782 1786/1786/1786 1766/1766/1766
f 1782/1782/1782 1766/1766/1766 1762/1762/1762
f 1786/1786/1786 1785/1785/1785 1763/1763/1763
f 1786/1786/1786 1763/1763/1763 1766/1766/1766
f 1785/1785/1785 1780/1780/1780 1760/1760/1760
f 1785/1785/1785 1760/1760/1760 1763/1763/1763
f 1780/1780/1780 1775/1775/1775 1755/1755/1755
f 1780/1780/1780 1755/1755/1755 1760/1760/1760
f 1775/1775/1775 1770/1770/1770 1750/1750/1750
f 1775/1775/1775 1750/1750/1750 1755/1755/1755
f 1770/1770/1770 1765/1765/1765 1746/1746/1746
f 1770/1770/1770 1746/1746/1746 1750/1750/1750
f 1765/1765/1765 1754/1754/1754 1734/1734/1734
f 1765/1765/1765 1734/1734/1734 1746/1746/1746
f 1754/1754/1754 1748/1748/1748 1728/1728/1728
f 1754/1754/1754 1728/1728/1728 1734/1734/1734
f 1748/1748/1748 1742/1742/1742 1722/1722/1722
f 1748/1748/1748 1722/1722/1722 1728/1728/1728
f 1742/1742/1742 1736/1736/1736 1714/1714/1714
f 1742/1742/1742 1714/1714/1714 1722/1722/1722
f 1736/1736/1736 1732/1732/1732 1712/1712/1712
f 1736/1736/1736 1712/1712/1712 1714/1714/1714
f 1732/1732/1732 1733/1733/1733 1713/1713/1713
f 1732/1732/1732 1713/1713/1713 1712/1712/1712
f 1733/1733/1733 1737/1737/1737 1717/1717/1717
f 1733/1733/1733 1717/1717/1717 1713/1713/1713
f 1737/1737/1737 1745/1745/1745 1725/1725/1725
f 1737/1737/1737 1725/1725/1725 1717/1717/1717
f 1745/1745/1745 1749/1749/1749 1729/1729/1729
f 1745/1745/1745 1729/1729/1729 1725/1725/1725
f 1749/1749/1749 1758/1758/1758 1739/1739/1739
f 1749/1749/1749 1739/1739/1739 1729/1729/1729
f 1758/1758/1758 1767/1767/1767 1747/1747/1747
f 1758/1758/1758 1747/1747/1747 1739/1739/1739
f 1747/1747/1747 1751/1751/1751 1731/1731/1731
f 1747/1747/1747 1731/1731/1731 1727/1727/1727
f 1751/1751/1751 1757/1757/1757 1738/1738/1738
f 1751/1751/1751 1738/1738/1738 1731/1731/1731
f 1757/1757/1757 1762/1762/1762 1741/1741/1741
f 1757/1757/1757 1741/1741/1741 1738/1738/1738
f 1762/1762/1762 1766/1766/1766 1744/1744/1744
f 1762/1762/1762 1744/1744/1744 1741/1741/1741
f 1766/1766/1766 1763/1763/1763 1743/1743/1743
f 1766/1766/1766 1743/1743/1743 1744/1744/1744
f 1763/1763/1763 1760/1760/1760 1740/1740/1740
f 1763/1763/1763 1740/1740/1740 1743/1743/1743
f 1760/1760/1760 1755/1755/1755 1735/1735/1735
f 1760/1760/1760 1735/1735/1735 1740/1740/1740
f 1755/1755/1755 1750/1750/1750 1730/1730/1730
f 1755/1755/1755 1730/1730/1730 1735/1735/1735
f 1750/1750/1750 1746/1746/1746 1726/1726/1726
f 1750/1750/1750 1726/1726/1726 1730/1730/1730
f 1746/1746/1746 1734/1734/1734 1715/1715/1715
f 1746/1746/1746 1715/1715/1715 1726/1726/1726
f 1734/1734/1734 1728/1728/1728 1708/1708/1708
f 1734/1734/1734 1708/1708/1708 1715/1715/1715
f 1728/1728/1728 1722/1722/1722 1702/1702/1702
f 1728/1728/1728 1702/1702/1702 1708/1708/1708
f 1722/1722/1722 1714/1714/1714 1694/1694/1694
f 1722/1722/1722 1694/1694/1694 1702/1702/1702
f 1714/1714/1714 1712/1712/1712 1691/1691/1691
f 1714/1714/1714 1691/1691/1691 1694/1694/1694
f 1712/1712/1712 1713/1713/1713 1692/1692/1692
f 1712/1712/1712 1692/1692/1692 1691/1691/1691
f 1713/1713/1713 1717/1717/1717 1697/1697/1697
f 1713/1713/1713 1697/1697/1697 1692/1692/1692
f 1717/1717/1717 1725/1725/1725 1705/1705/1705
f 1717/1717/1717 1705/1705/1705 1697/1697/1697
f 1725/1725/1725 1729/1729/1729 1709/1709/1709
f 1725/1725/1725 1709/1709/1709 1705/1705/1705
f 1729/1729/1729 1739/1739/1739 1719/1719/1719
f 1729/1729/1729 1719/1719/1719 1709/1709/1709
f 1739/1739/1739 1747/1747/1747 1727/1727/1727
f 1739/1739/1739 1727/1727/1727 1719/1719/1719
f 1727/1727/1727 1731/1731/1731 1711/1711/1711
f 1727/1727/1727 1711/1711/1711 1707/1707/1707
f 1731/1731/1731 1738/1738/1738 1718/1718/1718
f 1731/1731/1731 1718/1718/1718 1711/1711/1711
f 1738/1738/1738 1741/1741/1741 1721/1721/1721
f 1738/1738/1738 1721/1721/1721 1718/1718/1718
f 1741/1741/1741 1744/1744/1744 1724/1724/1724
f 1741/1741/1741 1724/1724/1724 1721/1721/1721
f 1744/1744/1744 1743/1743/1743 1723/1723/1723
f 1744/1744/1744 1723/1723/1723 1724/1724/1724
f 1743/1743/1743 1740/1740/1740 1720/1720/1720
f 1743/1743/1743 1720/1720/1720 1723/1723/1723
f 1740/1740/1740 1735/1735/1735 1716/1716/1716
f 1740/1740/1740 1716/1716/1716 1720/1720/1720
f 1735/1735/1735 1730/1730/1730 1710/1710/1710
f 1735/1735/1735 1710/1710/1710 1716/1716/1716
f 1730/1730/1730 1726/1726/1726 1706/1706/1706
f 1730/1730/1730 1706/1706/1706 1710/1710/1710
f 1726/1726/1726 1715/1715/1715 1696/1696/1696
f 1726/1726/1726 1696/1696/1696 1706/1706/1706
f 1715/1715/1715 1708/1708/1708 1688/1688/1688
f 1715/1715/1715 1688/1688/1688 1696/1696/1696
f 1708/1708/1708 1702/1702/1702 1684/1684/1684
f 1708/1708/1708 1684/1684/1684 1688/1688/1688
f 1702/1702/1702 1694/1694/1694 1674/1674/1674
f 1702/1702/1702 1674/1674/1674 1684/1684/1684
f 1694/1694/1694 1691/1691/1691 1669/1669/1669
f 1694/1694/1694 1669/1669/1669 1674/1674/1674
f 1691/1691/1691 1692/1692/1692 1670/1670/1670
f 1691/1691/1691 1670/1670/1670 1669/1669/1669
f 1692/1692/1692 1697/1697/1697 1675/1675/1675
f 1692/1692/1692 1675/1675/1675 1670/1670/1670
f 1697/1697/1697 1705/1705/1705 1685/1685/1685
f 1697/1697/1697 1685/1685/1685 1675/1675/1675
f 1705/1705/1705 1709/1709/1709 1689/1689/1689
f 1705/1705/1705 1689/1689/1689 1685/1685/1685
f 1709/1709/1709 1719/1719/1719 1699/1699/1699
f 1709/1709/1709 1699/1699/1699 1689/1689/1689
f 1719/1719/1719 1727/1727/1727 1707/1707/1707
f 1719/1719/1719 1707/1707/1707 1699/1699/1699
f 1707/1707/1707 1711/1711/1711 1693/1693/1693
f 1707/1707/1707 1693/1693/1693 1687/1687/1687
f 1711/1711/1711 1718/1718/1718 1698/1698/1698
f 1711/1711/1711 1698/1698/1698 1693/1693/1693
f 1718/1718/1718 1721/1721/1721 1701/1701/1701
f 1718/1718/1718 1701/1701/1701 1698/1698/1698
f 1721/1721/1721 1724/1724/1724 1704/1704/1704
f 1721/1721/1721 1704/1704/1704 1701/1701/1701
f 1724/1724/1724 1723/1723/1723 1703/1703/1703
f 1724/1724/1724 1703/1703/1703 1704/1704/1704
f 1723/1723/1723 1720/1720/1720 1700/1700/1700
f 1723/1723/1723 1700/1700/1700 1703/1703/1703
f 1720/1720/1720 1716/1716/1716 1695/1695/1695
f 1720/1720/1720 1695/1695/1695 1700/1700/1700
f 1716/1716/1716 1710/1710/1710 1690/1690/1690
f 1716/1716/1716 1690/1690/1690 1695/1695/1695
f 1710/1710/1710 1706/1706/1706 1686/1686/1686
f 1710/1710/1710 1686/1686/1686 1690/1690/1690
f 1706/1706/1706 1696/1696/1696 1678/1678/1678
f 1706/1706/1706 1678/1678/1678 1686/1686/1686
f 1696/1696/1696 1688/1688/1688 1668/1668/1668
f 1696/1696/1696 1668/1668/1668 1678/1678/1678
f 1688/1688/1688 1684/1684/1684 1662/1662/1662
f 1688/1688/1688 1662/1662/1662 1668/1668/1668
f 1684/1684/1684 1674/1674/1674 1657/1657/1657
f 1684/1684/1684 1657/1657/1657 1662/1662/1662
f 1674/1674/1674 1669/1669/1669 1653/1653/1653
f 1674/1674/1674 1653/1653/1653 1657/1657/1657
f 1669/1669/1669 1670/1670/1670 1655/1655/1655
f 1669/1669/1669 1655/1655/1655 1653/1653/1653
f 1670/1670/1670 1675/1675/1675 1658/1658/1658
f 1670/1670/1670 1658/1658/1658 1655/1655/1655
f 1675/1675/1675 1685/1685/1685 1664/1664/1664
f 1675/1675/1675 1664/1664/1664 1658/1658/1658
f 1685/1685/1685 1689/1689/1689 1671/1671/1671
f 1685/1685/1685 1671/1671/1671 1664/1664/1664
f 1689/1689/1689 1699/1699/1699 1682/1682/1682
f 1689/1689/1689 1682/1682/1682 1671/1671/1671
f 1699/1699/1699 1707/1707/1707 1687/1687/1687
f 1699/1699/1699 1687/1687/1687 1682/1682/1682
f 1687/1687/1687 1693/1693/1693 1673/1673/1673
f 1687/1687/1687 1673/1673/1673 1667/1667/1667
f 1693/1693/1693 1698/1698/1698 1677/1677/1677
f 1693/1693/1693 1677/1677/1677 1673/1673/1673
f 1698/1698/1698 1701/1701/1701 1680/1680/1680
f 1698/1698/1698 1680/1680/1680 1677/1677/1677
f 1701/1701/1701 1704/1704/1704 1683/1683/1683
f 1701/1701/1701 1683/1683/1683 1680/1680/1680
f 1704/1704/1704 1703/1703/1703 1681/1681/1681
f 1704/1704/1704 1681/1681/1681 1683/1683/1683
f 1703/1703/1703 1700/1700/1700 1679/1679/1679
f 1703/1703/1703 1679/1679/1679 1681/1681/1681
f 1700/1700/1700 1695/1695/1695 1676/1676/1676
f 1700/1700/1700 1676/1676/1676 1679/1679/1679
f 1695/1695/1695 1690/1690/1690 1672/1672/1672
f 1695/1695/1695 1672/1672/1672 1676/1676/1676
f 1690/1690/1690 1686/1686/1686 1666/1666/1666
f 1690/1690/1690 1666/1666/1666 1672/1672/1672
f 1686/1686/1686 1678/1678/1678 1663/1663/1663
f 1686/1686/1686 1663/1663/1663 1666/1666/1666
f 1678/1678/1678 1668/1668/1668 1659/1659/1659
f 1678/1678/1678 1659/1659/1659 1663/1663/1663
f 1668/1668/1668 1662/1662/1662 1654/1654/1654
f 1668/1668/1668 1654/1654/1654 1659/1659/1659
f 1662/1662/1662 1657/1657/1657 1651/1651/1651
f 1662/1662/1662 1651/1651/1651 1654/1654/1654
f 1657/1657/1657 1653/1653/1653 1649/1649/1649
f 1657/1657/1657 1649/1649/1649 1651/1651/1651
f 1653/1653/1653 1655/1655/1655 1650/1650/1650
f 1653/1653/1653 1650/1650/1650 1649/1649/1649
f 1655/1655/1655 1658/1658/1658 1652/1652/1652
f 1655/1655/1655 1652/1652/1652 1650/1650/1650
f 1658/1658/1658 1664/1664/1664 1656/1656/1656
f 1658/1658/1658 1656/1656/1656 1652/1652/1652
f 1664/1664/1664 1671/1671/1671 1660/1660/1660
f 1664/1664/1664 1660/1660/1660 1656/1656/1656
f 1671/1671/1671 1682/1682/1682 1665/1665/1665
f 1671/1671/1671 1665/1665/1665 1660/1660/1660
f 1682/1682/1682 1687/1687/1687 1667/1667/1667
f 1682/1682/1682 1667/1667/1667 1665/1665/1665
f 2346/2346/2346 2338/2338/2338 2342/2342/2342
f 2354/2354/2354 2346/2346/2346 2342/2342/2342
f 2358/2358/2358 2354/2354/2354 2342/2342/2342
f 2361/2361/2361 2358/2358/2358 2342/2342/2342
f 2360/2360/2360 2361/2361/2361 2342/2342/2342
f 2357/2357/2357 2360/2360/2360 2342/2342/2342
f 2350/2350/2350 2357/2357/2357 2342/2342/2342
f 2343/2343/2343 2350/2350/2350 2342/2342/2342
f 2335/2335/2335 2343/2343/2343 2342/2342/2342
f 2331/2331/2331 2335/2335/2335 2342/2342/2342
f 2322/2322/2322 2331/2331/2331 2342/2342/2342
f 2314/2314/2314 2322/2322/2322 2342/2342/2342
f 2311/2311/2311 2314/2314/2314 2342/2342/2342
f 2306/2306/2306 2311/2311/2311 2342/2342/2342
f 2308/2308/2308 2306/2306/2306 2342/2342/2342
f 2312/2312/2312 2308/2308/2308 2342/2342/2342
f 2318/2318/2318 2312/2312/2312 2342/2342/2342
f 2323/2323/2323 2318/2318/2318 2342/2342/2342
f 2332/2332/2332 2323/2323/2323 2342/2342/2342
f 2338/2338/2338 2332/2332/2332 2342/2342/2342
f 1667/1667/1667 1673/1673/1673 1661/1661/1661
f 1673/1673/1673 1677/1677/1677 1661/1661/1661
f 1677/1677/1677 1680/1680/1680 1661/1661/1661
f 1680/1680/1680 1683/1683/1683 1661/1661/1661
f 1683/1683/1683 1681/1681/1681 1661/1661/1661
f 1681/1681/1681 1679/1679/1679 1661/1661/1661
f 1679/1679/1679 1676/1676/1676 1661/1661/1661
f 1676/1676/1676 1672/1672/1672 1661/1661/1661
f 1672/1672/1672 1666/1666/1666 1661/1661/1661
f 1666/1666/1666 1663/1663/1663 1661/1661/1661
f 1663/1663/1663 1659/1659/1659 1661/1661/1661
f 1659/1659/1659 1654/1654/1654 1661/1661/1661
f 1654/1654/1654 1651/1651/1651 1661/1661/1661
f 1651/1651/1651 1649/1649/1649 1661/1661/1661
f 1649/1649/1649 1650/1650/1650 1661/1661/1661
f 1650/1650/1650 1652/1652/1652 1661/1661/1661
f 1652/1652/1652 1656/1656/1656 1661/1661/1661
f 1656/1656/1656 1660/1660/1660 1661/1661/1661
f 1660/1660/1660 1665/1665/1665 1661/1661/1661
f 1665/1665/1665 1667/1667/1667 1661/1661/1661

