mtllib material.mtl
usemtl lambert2SG
v 5.22667500 -0.42167800 0.06660500
v 5.22920000 -0.40731100 0.20326900
v 5.22415000 -0.40731100 -0.07005800
v 5.23161500 -0.36484100 0.33396000
v 5.22173500 -0.36484100 -0.20074900
v 5.23381400 -0.29612100 0.45296500
v 5.21953600 -0.29612100 -0.31975600
v 5.23570100 -0.20415500 0.55508600
v 5.21764900 -0.20415500 -0.42187500
v 5.23719400 -0.09296400 0.63585700
v 5.21615700 -0.09296400 -0.50264800
v 5.23822600 0.03259400 0.69175000
v 5.21512400 0.03259400 -0.55853900
v 5.23875400 0.16703000 0.72032000
v 5.21459600 0.16703000 -0.58711000
v 5.22667500 0.23575000 0.06660500
v 5.23875400 0.30447000 0.72032000
v 5.21459600 0.30447000 -0.58711000
v 5.23822600 0.43890700 0.69175000
v 5.21512400 0.43890700 -0.55853900
v 5.21615700 0.56446400 -0.50264800
v 5.23719400 0.56446500 0.63585700
v 5.23570100 0.67565500 0.55508600
v 5.21764900 0.67565500 -0.42187500
v 5.21953600 0.76762000 -0.31975600
v 5.23381400 0.76762100 0.45296500
v 5.22173500 0.83634000 -0.20074900
v 5.23161500 0.83634100 0.33396000
v 5.22920000 0.87881200 0.20326900
v 5.22415000 0.87881200 -0.07005800
v 5.22667500 0.89317800 0.06660500
v 5.01149900 -0.54131000 0.07058100
v 5.01448300 -0.52432900 0.23211400
v 5.00851400 -0.52432900 -0.09095100
v 5.01733800 -0.47413000 0.38658600
v 5.00566000 -0.47413000 -0.24542400
v 5.01993700 -0.39290400 0.52724700
v 5.00306100 -0.39290400 -0.38608600
v 5.02216700 -0.28420500 0.64795100
v 5.00083100 -0.28420500 -0.50678800
v 5.02393100 -0.15278000 0.74342000
v 4.99906700 -0.15278000 -0.60225800
v 5.02515200 -0.00437500 0.80948300
v 4.99784600 -0.00437500 -0.66832100
v 4.99722200 0.15452500 -0.70209100
v 5.02577600 0.15452600 0.84325200
v 4.99722200 0.31697500 -0.70209100
v 5.02577600 0.31697600 0.84325200
v 5.02515200 0.47587500 0.80948300
v 4.99784600 0.47587500 -0.66832100
v 5.02393100 0.62428000 0.74342000
v 4.99906700 0.62428000 -0.60225800
v 5.02216700 0.75570500 0.64795100
v 5.00083100 0.75570500 -0.50678800
v 5.01993700 0.86440500 0.52724700
v 5.00306100 0.86440500 -0.38608600
v 5.00566000 0.94562900 -0.24542400
v 5.01733800 0.94563000 0.38658500
v 5.00851400 0.99582900 -0.09095100
v 5.01448300 0.99583000 0.23211300
v 5.01149900 1.01281000 0.07058100
v 4.91863900 -0.65709800 0.05687500
v 4.92121300 -0.64613200 0.19619300
v 4.91606500 -0.64613200 -0.08244100
v 4.91863900 -0.63386200 0.05687500
v 4.92114600 -0.62318200 0.19255800
v 4.91613200 -0.62318200 -0.07880700
v 4.92372400 -0.61350300 0.33207900
v 4.91355400 -0.61350300 -0.21832800
v 4.92359200 -0.59140500 0.32490100
v 4.91368700 -0.59140500 -0.21114900
v 4.92610900 -0.56001400 0.46118900
v 4.91116800 -0.56001400 -0.34743800
v 4.92591500 -0.53931100 0.45064200
v 4.91136300 -0.53931100 -0.33689100
v 4.92831100 -0.48698300 0.58034400
v 4.90896700 -0.48698300 -0.46659200
v 4.92805900 -0.46818600 0.56668800
v 4.90921900 -0.46818600 -0.45293800
v 4.93027500 -0.39620900 0.68660900
v 4.90700300 -0.39620900 -0.57285700
v 4.92997100 -0.37978000 0.67018200
v 4.90730700 -0.37978000 -0.55643100
v 4.93195200 -0.28992600 0.77736700
v 4.90532600 -0.28992600 -0.66361600
v 4.93160400 -0.27626900 0.75857400
v 4.90567400 -0.27626900 -0.64482200
v 4.93330100 -0.17075200 0.85038500
v 4.90397700 -0.17075200 -0.73663400
v 4.93291900 -0.16020300 0.82968600
v 4.90436000 -0.16020300 -0.71593600
v 4.93428900 -0.04161900 0.90386500
v 4.90298900 -0.04161900 -0.79011300
v 4.93388100 -0.03443900 0.88177000
v 4.90339700 -0.03443900 -0.76802000
v 4.93489200 0.09429100 0.93648700
v 4.90238600 0.09429100 -0.82273700
v 4.93446800 0.09792500 0.91354300
v 4.90281000 0.09792500 -0.79979200
v 4.93509400 0.23363100 0.94745200
v 4.93466500 0.23363100 0.92422100
v 4.90261300 0.23363100 -0.81047100
v 4.90218400 0.23363100 -0.83370100
v 4.93446800 0.36933700 0.91354300
v 4.90281000 0.36933700 -0.79979200
v 4.93489200 0.37297200 0.93648700
v 4.90238600 0.37297200 -0.82273700
v 4.93388100 0.50170100 0.88177000
v 4.90339700 0.50170200 -0.76802000
v 4.93428900 0.50888200 0.90386400
v 4.90298900 0.50888200 -0.79011300
v 4.93291900 0.62746500 0.82968600
v 4.90436000 0.62746500 -0.71593600
v 4.93330100 0.63801300 0.85038500
v 4.90397700 0.63801400 -0.73663400
v 4.93160400 0.74353100 0.75857400
v 4.90567400 0.74353200 -0.64482200
v 4.93195200 0.75718800 0.77736700
v 4.90532600 0.75718900 -0.66361600
v 4.92997100 0.84704200 0.67018200
v 4.90730700 0.84704300 -0.55643000
v 4.93027500 0.86347100 0.68660800
v 4.90700300 0.86347200 -0.57285700
v 4.92805900 0.93544800 0.56668800
v 4.90921900 0.93545000 -0.45293800
v 4.92831100 0.95424600 0.58034300
v 4.90896700 0.95424600 -0.46659200
v 4.92591500 1.00657400 0.45064200
v 4.91136300 1.00657500 -0.33689100
v 4.92610900 1.02727600 0.46118900
v 4.91116800 1.02727600 -0.34743800
v 4.92359200 1.05866600 0.32490100
v 4.91368700 1.05866700 -0.21114900
v 4.92372400 1.08076400 0.33207900
v 4.91355400 1.08076500 -0.21832800
v 4.92114600 1.09044500 0.19255800
v 4.91613200 1.09044500 -0.07880600
v 4.91863900 1.10112500 0.05687500
v 4.92121300 1.11339300 0.19619300
v 4.91606500 1.11339400 -0.08244100
v 4.91863900 1.12435900 0.05687500
v 4.83525000 -0.71599600 0.05841600
v 4.83799500 -0.70430500 0.20694600
v 4.83250600 -0.70430500 -0.09011200
v 4.83525000 -0.69122500 0.05841600
v 4.83792300 -0.67983800 0.20307100
v 4.83257700 -0.67983800 -0.08623800
v 4.84067200 -0.66951800 0.35181700
v 4.82982900 -0.66951800 -0.23498400
v 4.84053000 -0.64595900 0.34416400
v 4.82997000 -0.64595900 -0.22733100
v 4.84321500 -0.61249300 0.48946400
v 4.82728600 -0.61249300 -0.37263100
v 4.84300700 -0.59042200 0.47822000
v 4.82749300 -0.59042200 -0.36138800
v 4.82493800 -0.53463400 -0.49966400
v 4.84556200 -0.53463300 0.61649800
v 4.84529300 -0.51459300 0.60194000
v 4.82520700 -0.51459300 -0.48510800
v 4.84765500 -0.43785700 0.72978900
v 4.82284500 -0.43785700 -0.61295600
v 4.84733200 -0.42034100 0.71227600
v 4.82316900 -0.42034100 -0.59544400
v 4.84944300 -0.32454600 0.82655000
v 4.82105700 -0.32454600 -0.70971700
v 4.84907300 -0.30998600 0.80651300
v 4.82142700 -0.30998500 -0.68968000
v 4.85088200 -0.19749100 0.90439600
v 4.81961900 -0.19749100 -0.78756300
v 4.85047300 -0.18624500 0.88232800
v 4.82002600 -0.18624500 -0.76549600
v 4.85193500 -0.05981900 0.96141100
v 4.81856500 -0.05981900 -0.84457900
v 4.85150000 -0.05216500 0.93785700
v 4.81900000 -0.05216500 -0.82102400
v 4.85257800 0.08507700 0.99619200
v 4.81792300 0.08507700 -0.87935900
v 4.85212600 0.08895200 0.97173000
v 4.81837500 0.08895200 -0.85489700
v 4.85279400 0.23363100 1.00788100
v 4.85233600 0.23363100 0.98311400
v 4.81816400 0.23363100 -0.86628200
v 4.81770700 0.23363100 -0.89104900
v 4.85212600 0.37831000 0.97173000
v 4.81837500 0.37831100 -0.85489700
v 4.85257800 0.38218600 0.99619200
v 4.81792300 0.38218600 -0.87935900
v 4.85150000 0.51942700 0.93785700
v 4.81900000 0.51942800 -0.82102400
v 4.85193500 0.52708100 0.96141100
v 4.81856500 0.52708200 -0.84457900
v 4.85047300 0.65350600 0.88232800
v 4.82002600 0.65350700 -0.76549500
v 4.85088200 0.66475300 0.90439600
v 4.81961900 0.66475300 -0.78756300
v 4.84907300 0.77724700 0.80651200
v 4.82142700 0.77724800 -0.68968000
v 4.84944300 0.79180700 0.82654900
v 4.82105700 0.79180800 -0.70971700
v 4.84733200 0.88760300 0.71227600
v 4.82316900 0.88760400 -0.59544400
v 4.84765500 0.90511900 0.72978900
v 4.82284500 0.90511900 -0.61295600
v 4.84529300 0.98185500 0.60194000
v 4.82520700 0.98185600 -0.48510700
v 4.84556200 1.00189500 0.61649800
v 4.82493800 1.00189600 -0.49966400
v 4.84300700 1.05768300 0.47822000
v 4.82749300 1.05768500 -0.36138700
v 4.84321500 1.07975500 0.48946400
v 4.82728600 1.07975500 -0.37263100
v 4.84053000 1.11322100 0.34416400
v 4.82997000 1.11322200 -0.22733100
v 4.84067200 1.13678000 0.35181700
v 4.82982900 1.13678100 -0.23498400
v 4.83792300 1.14710000 0.20307100
v 4.83257700 1.14710100 -0.08623800
v 4.83525000 1.15848600 0.05841600
v 4.83799500 1.17156600 0.20694600
v 4.83250600 1.17156700 -0.09011200
v 4.83525000 1.18325700 0.05841600
v 4.79632400 -0.74836500 0.07455700
v 4.80010400 -0.72686000 0.27913100
v 4.79254400 -0.72686000 -0.13001700
v 4.80371900 -0.66328400 0.47476500
v 4.78892900 -0.66328400 -0.32565100
v 4.80701000 -0.56041600 0.65290600
v 4.78563800 -0.56041500 -0.50379300
v 4.80983400 -0.42275100 0.80577200
v 4.78281300 -0.42275100 -0.65665900
v 4.81206900 -0.25630800 0.92668100
v 4.78057900 -0.25630800 -0.77756700
v 4.81361500 -0.06835800 1.01034600
v 4.77903300 -0.06835800 -0.86123200
v 4.81440500 0.13288200 1.05311400
v 4.77824300 0.13288200 -0.90400000
v 4.81440500 0.33861800 1.05311400
v 4.77824300 0.33861800 -0.90400000
v 4.77903300 0.53985800 -0.86123200
v 4.81361500 0.53985900 1.01034600
v 4.81206900 0.72780800 0.92668100
v 4.78057900 0.72780800 -0.77756700
v 4.80983400 0.89425200 0.80577200
v 4.78281300 0.89425200 -0.65665800
v 4.78563800 1.03191600 -0.50379300
v 4.80701000 1.03191700 0.65290600
v 4.78892900 1.13478400 -0.32565100
v 4.80371900 1.13478500 0.47476400
v 4.79254400 1.19835900 -0.13001700
v 4.80010400 1.19836000 0.27913100
v 4.79632400 1.21986500 0.07455700
v 4.58114900 -0.88640200 0.07853300
v 4.58545900 -0.86188000 0.31180100
v 4.57683800 -0.86188000 -0.15473600
v 4.58958100 -0.78938700 0.53487500
v 4.57271700 -0.78938700 -0.37781000
v 4.59333400 -0.67209100 0.73800400
v 4.56896300 -0.67209000 -0.58094000
v 4.59655500 -0.51511600 0.91231200
v 4.56574200 -0.51511600 -0.75524700
v 4.59910200 -0.32532600 1.05017900
v 4.56319500 -0.32532600 -0.89311400
v 4.56143200 -0.11101400 -0.98851500
v 4.60086400 -0.11101300 1.14558100
v 4.60176600 0.11845300 1.19434700
v 4.56053200 0.11845300 -1.03728200
v 4.60176600 0.35304700 1.19434700
v 4.56053200 0.35304700 -1.03728200
v 4.56143200 0.58251400 -0.98851500
v 4.60086400 0.58251500 1.14558100
v 4.59910200 0.79682600 1.05017900
v 4.56319500 0.79682600 -0.89311300
v 4.56574200 0.98661600 -0.75524700
v 4.59655500 0.98661700 0.91231200
v 4.56896300 1.14359000 -0.58094000
v 4.59333400 1.14359100 0.73800400
v 4.57271700 1.26088700 -0.37781000
v 4.58958100 1.26088800 0.53487500
v 4.57683800 1.33338000 -0.15473600
v 4.58545900 1.33338200 0.31180100
v 4.58114900 1.35790200 0.07853300
v 4.36597300 -0.97382500 0.08250900
v 4.37061800 -0.94739300 0.33395100
v 4.36132600 -0.94739300 -0.16893300
v 4.37506100 -0.86925200 0.57440300
v 4.35688300 -0.86925200 -0.40938600
v 4.37910700 -0.74281700 0.79335700
v 4.35283800 -0.74281700 -0.62834100
v 4.38257800 -0.57361400 0.98124500
v 4.34936600 -0.57361400 -0.81622800
v 4.38532400 -0.36903800 1.12985300
v 4.34662000 -0.36903800 -0.96483500
v 4.38722400 -0.13802900 1.23268700
v 4.34472000 -0.13802900 -1.06767000
v 4.38819600 0.10931500 1.28525200
v 4.34374900 0.10931500 -1.12023600
v 4.38819600 0.36218500 1.28525200
v 4.34374900 0.36218500 -1.12023600
v 4.38722400 0.60952900 1.23268700
v 4.34472000 0.60952900 -1.06767000
v 4.38532400 0.84053800 1.12985300
v 4.34662000 0.84053800 -0.96483500
v 4.38257800 1.04511400 0.98124500
v 4.34936600 1.04511400 -0.81622800
v 4.35283800 1.21431700 -0.62834100
v 4.37910700 1.21431800 0.79335700
v 4.35688300 1.34075200 -0.40938600
v 4.37506100 1.34075500 0.57440300
v 4.36132600 1.41889300 -0.16893300
v 4.37061800 1.41889400 0.33395000
v 4.36597300 1.44532500 0.08250900
v 4.15079700 -0.98762900 0.08648500
v 4.15549600 -0.96089600 0.34079500
v 4.14609800 -0.96089600 -0.16782700
v 4.15998900 -0.88186300 0.58399300
v 4.14160400 -0.88186300 -0.41102400
v 4.16408200 -0.75398300 0.80544600
v 4.13751300 -0.75398300 -0.63247800
v 4.16759300 -0.58285000 0.99547700
v 4.13400100 -0.58285000 -0.82250800
v 4.17037000 -0.37593900 1.14578100
v 4.13122400 -0.37593900 -0.97281200
v 4.17229200 -0.14229500 1.24978900
v 4.12930200 -0.14229500 -1.07682000
v 4.17327400 0.10787200 1.30295400
v 4.12832000 0.10787200 -1.12998600
v 4.17327400 0.36362800 1.30295400
v 4.12832000 0.36362800 -1.12998600
v 4.17229200 0.61379500 1.24978900
v 4.12930200 0.61379500 -1.07682000
v 4.13122400 0.84744000 -0.97281200
v 4.17037000 0.84744100 1.14578100
v 4.13400100 1.05435000 -0.82250800
v 4.16759300 1.05435100 0.99547700
v 4.16408200 1.22548500 0.80544600
v 4.13751300 1.22548500 -0.63247700
v 4.14160400 1.35336200 -0.41102400
v 4.15998900 1.35336300 0.58399300
v 4.14609800 1.43239500 -0.16782700
v 4.15549600 1.43239600 0.34079500
v 4.15079700 1.45912900 0.08648500
v 3.93562100 -0.98762900 0.09046000
v 3.94032000 -0.96089600 0.34477100
v 3.93092200 -0.96089600 -0.16385100
v 3.94481300 -0.88186300 0.58796900
v 3.92642800 -0.88186300 -0.40704900
v 3.94890500 -0.75398300 0.80942200
v 3.92233600 -0.75398300 -0.62850200
v 3.95241600 -0.58285000 0.99945300
v 3.91882500 -0.58285000 -0.81853200
v 3.95519400 -0.37593900 1.14975700
v 3.91604800 -0.37593900 -0.96883700
v 3.95711500 -0.14229500 1.25376500
v 3.91412600 -0.14229500 -1.07284400
v 3.95809800 0.10787200 1.30693000
v 3.91314400 0.10787200 -1.12601000
v 3.95809800 0.36362800 1.30693000
v 3.91314400 0.36362800 -1.12601000
v 3.95711500 0.61379500 1.25376500
v 3.91412600 0.61379500 -1.07284400
v 3.91604800 0.84744000 -0.96883700
v 3.95519400 0.84744100 1.14975700
v 3.91882500 1.05435000 -0.81853200
v 3.95241600 1.05435100 0.99945300
v 3.94890500 1.22548500 0.80942200
v 3.92233600 1.22548500 -0.62850100
v 3.92642800 1.35336200 -0.40704900
v 3.94481300 1.35336300 0.58796900
v 3.93092200 1.43239500 -0.16385100
v 3.94032000 1.43239600 0.34477100
v 3.93562100 1.45912900 0.09046000
v 3.72044600 -0.98762900 0.09443600
v 3.72514400 -0.96089600 0.34874700
v 3.71574700 -0.96089600 -0.15987500
v 3.72963800 -0.88186300 0.59194400
v 3.71125300 -0.88186300 -0.40307300
v 3.73373000 -0.75398300 0.81339800
v 3.70716100 -0.75398300 -0.62452600
v 3.73724100 -0.58285000 1.00342900
v 3.70365000 -0.58285000 -0.81455700
v 3.74001800 -0.37593900 1.15373200
v 3.70087300 -0.37593900 -0.96486100
v 3.74194000 -0.14229500 1.25774100
v 3.69895100 -0.14229500 -1.06886800
v 3.74292300 0.10787200 1.31090500
v 3.69796800 0.10787200 -1.12203400
v 3.74292300 0.36362800 1.31090500
v 3.69796800 0.36362800 -1.12203400
v 3.74194000 0.61379500 1.25774100
v 3.69895100 0.61379500 -1.06886800
v 3.70087300 0.84744000 -0.96486100
v 3.74001800 0.84744100 1.15373200
v 3.70365000 1.05435000 -0.81455700
v 3.73724100 1.05435100 1.00342900
v 3.73373000 1.22548500 0.81339800
v 3.70716100 1.22548500 -0.62452500
v 3.71125300 1.35336200 -0.40307300
v 3.72963800 1.35336300 0.59194400
v 3.71574700 1.43239500 -0.15987500
v 3.72514400 1.43239600 0.34874700
v 3.72044600 1.45912900 0.09443600
v 3.59182300 -0.98437500 0.10532000
v 3.58879200 -0.98231600 0.16380600
v 3.58663400 -0.98231600 0.04698500
v 3.57972000 -1.00853500 0.10554400
v 3.57668900 -1.00647400 0.16403000
v 3.57453100 -1.00647400 0.04720900
v 3.57761700 -0.97618800 0.22100500
v 3.57335400 -0.97618800 -0.00976100
v 3.56551400 -1.00034700 0.22122800
v 3.56125000 -1.00034700 -0.00953700
v 3.55893700 -0.99811900 0.10592800
v 3.55857100 -0.96614200 0.27550600
v 3.55230700 -0.96614100 -0.06352100
v 3.55609500 -0.99618800 0.16077300
v 3.55407100 -0.99618800 0.05122500
v 3.55353800 -1.00889600 0.10602800
v 3.55069600 -1.00696500 0.16087300
v 3.54867200 -1.00696500 0.05132400
v 3.54561500 -0.99044100 0.21441000
v 3.54161600 -0.99044100 -0.00198800
v 3.54646800 -0.99030100 0.27572900
v 3.54020400 -0.99030100 -0.06329800
v 3.53914800 -0.98700000 0.10629400
v 3.54021600 -1.00121800 0.21450900
v 3.53621800 -1.00121800 -0.00188900
v 3.53648500 -1.00035000 0.10634300
v 3.53650000 -0.98519300 0.15815000
v 3.53458600 -0.98519200 0.05457000
v 3.53379700 -0.99852400 0.15820000
v 3.53188300 -0.99852400 0.05462000
v 3.53212300 -0.95242500 0.32596900
v 3.52401300 -0.95242500 -0.11297300
v 3.52670900 -0.97981800 0.20886300
v 3.52292900 -0.97981800 0.00425300
v 3.52775500 -0.98102100 0.26551800
v 3.52188100 -0.98102100 -0.05240300
v 3.52388900 -0.99309100 0.20891500
v 3.52010800 -0.99309100 0.00430500
v 3.52235600 -0.99179600 0.26561800
v 3.51648200 -0.99179600 -0.05230300
v 3.52002000 -0.97658400 0.32619200
v 3.51191000 -0.97658400 -0.11275000
v 3.51001500 -0.97100700 0.25718400
v 3.50446100 -0.97100700 -0.04341800
v 3.50526900 -0.96922400 0.09841200
v 3.50989700 -0.94289200 0.34889700
v 3.50064100 -0.94289200 -0.15207400
v 3.51432300 -0.86504800 0.58843500
v 3.49621500 -0.86504800 -0.39161200
v 3.51835300 -0.73909500 0.80655700
v 3.49218400 -0.73909500 -0.60973400
v 3.52181200 -0.57053500 0.99372900
v 3.48872600 -0.57053500 -0.79690600
v 3.52454700 -0.36673700 1.14177200
v 3.48599100 -0.36673700 -0.94494900
v 3.52644000 -0.13660700 1.24421500
v 3.48409800 -0.13660700 -1.04739100
v 3.52740800 0.10979600 1.29658100
v 3.48313000 0.10979600 -1.09975700
v 3.48313000 0.36170400 -1.09975700
v 3.52740800 0.36170500 1.29658100
v 3.52644000 0.60810800 1.24421500
v 3.48409800 0.60810800 -1.04739100
v 3.48599100 0.83823700 -0.94494800
v 3.52454700 0.83823800 1.14177200
v 3.48872600 1.04203500 -0.79690500
v 3.52181200 1.04203600 0.99372900
v 3.49218400 1.21059400 -0.60973300
v 3.51835300 1.21059500 0.80655700
v 3.49621500 1.33654900 -0.39161100
v 3.51432300 1.33655000 0.58843500
v 3.50064100 1.41439200 -0.15207400
v 3.50989700 1.41439300 0.34889700
v 3.50526900 1.44072300 0.09841200
v 3.50700200 -0.98418300 0.25723900
v 3.50144700 -0.98418300 -0.04336200
v 3.50295400 -0.96815800 0.31283900
v 3.49534900 -0.96815800 -0.09877500
v 3.49892700 -0.93537500 0.37115100
v 3.48917000 -0.93537500 -0.15689800
v 3.49755500 -0.97893500 0.31293900
v 3.48994900 -0.97893400 -0.09867500
v 3.48683000 -0.95897800 0.30192300
v 3.47963900 -0.95897800 -0.08727000
v 3.48682400 -0.95953600 0.37137500
v 3.47706700 -0.95953600 -0.15667400
v 3.48355200 -0.97202100 0.30198300
v 3.47636100 -0.97202100 -0.08720900
v 3.47182400 -0.95217000 0.35520900
v 3.46267500 -0.95217000 -0.13996500
v 3.46642500 -0.96294700 0.35530900
v 3.45727600 -0.96294700 -0.13986500
v 3.45979700 -0.91541400 0.40993800
v 3.44863400 -0.91541400 -0.19421400
v 3.45772400 -0.94402600 0.34197700
v 3.44907200 -0.94402600 -0.12622200
v 3.45411800 -0.95690400 0.34204400
v 3.44546600 -0.95690400 -0.12615500
v 3.44769300 -0.93957300 0.41016200
v 3.43653000 -0.93957300 -0.19399000
v 3.43513000 -0.93345100 0.39158200
v 3.42466200 -0.93345100 -0.17495800
v 3.42973200 -0.94422800 0.39168200
v 3.41926400 -0.94422800 -0.17485900
v 3.42341200 -0.92651800 0.37636200
v 3.41351400 -0.92651800 -0.15931600
v 3.41942300 -0.93920400 0.37643500
v 3.40952500 -0.93920400 -0.15924200
v 3.41569900 -0.89303000 0.44137700
v 3.40340400 -0.89303000 -0.22400200
v 3.40359600 -0.91719000 0.44160100
v 3.39130100 -0.91719000 -0.22377800
v 3.39377800 -0.91246100 0.42106400
v 3.38224900 -0.91246100 -0.20289200
v 3.38838000 -0.92323800 0.42116400
v 3.37685000 -0.92323800 -0.20279200
v 3.37384100 -0.90688800 -0.18573600
v 3.38474200 -0.90688700 0.40423000
v 3.38032300 -0.91935800 0.40431200
v 3.36942200 -0.91935800 -0.18565500
v 3.36771800 -0.86877600 0.46469400
v 3.35459500 -0.86877600 -0.24553000
v 3.35561500 -0.89293600 0.46491700
v 3.34249200 -0.89293600 -0.24530600
v 3.34878400 -0.88971700 0.44292800
v 3.33647800 -0.88971700 -0.22307900
v 3.34338400 -0.90049500 0.44302800
v 3.33107800 -0.90049500 -0.22298000
v 3.34266600 -0.88561600 0.42489500
v 3.33103000 -0.88561600 -0.20483300
v 3.33778000 -0.89785300 0.42498400
v 3.32614400 -0.89785300 -0.20474100
v 3.31875300 -0.89148100 0.11036600
v 3.31803000 -0.89099300 0.12391800
v 3.31752900 -0.89099300 0.09684900
v 3.31493300 -0.89910600 0.11043600
v 3.31439200 -0.88954400 0.08371100
v 3.31537900 -0.88954300 0.13716300
v 3.31421000 -0.89861900 0.12398800
v 3.31371000 -0.89861900 0.09692000
v 3.31155900 -0.89716800 0.13723300
v 3.31057200 -0.89716800 0.08378200
v 3.31703500 -0.84325000 0.47931300
v 3.30340600 -0.84325000 -0.25826700
v 3.30942200 -0.88716800 0.07128100
v 3.31087200 -0.88716900 0.14976800
v 3.30705200 -0.89479400 0.14983900
v 3.30560200 -0.89479400 0.07135100
v 3.30462700 -0.88393200 0.16142000
v 3.30275100 -0.88393200 0.05986800
v 3.30080800 -0.89155700 0.16149000
v 3.29893000 -0.89155700 0.05993900
v 3.30493100 -0.86741000 0.47953600
v 3.29130200 -0.86741000 -0.25804300
v 3.29680500 -0.87991700 0.17183100
v 3.29454900 -0.87991700 0.04975300
v 3.30125600 -0.86578100 0.45663700
v 3.28847600 -0.86578000 -0.23502300
v 3.29821800 -0.86323000 0.43784700
v 3.28613500 -0.86323000 -0.21613400
v 3.29298400 -0.88754200 0.17190200
v 3.29072900 -0.88754200 0.04982300
v 3.29009300 -0.86675300 0.10238800
v 3.29438500 -0.84233100 0.33470000
v 3.28580000 -0.84233100 -0.12992400
v 3.29849000 -0.78518300 0.55685900
v 3.28169500 -0.78518300 -0.35208300
v 3.30222800 -0.66836700 0.75915600
v 3.27795800 -0.66836700 -0.55438000
v 3.30543600 -0.51203700 0.93274800
v 3.27475000 -0.51203700 -0.72797200
v 3.30797300 -0.32302600 1.07005000
v 3.27221300 -0.32302600 -0.86527500
v 3.30972800 -0.10959200 1.16506100
v 3.27045800 -0.10959200 -0.96028400
v 3.31062600 0.11893500 1.21362700
v 3.26956000 0.11893500 -1.00885100
v 3.26956000 0.35256600 -1.00885100
v 3.31062600 0.35256700 1.21362700
v 3.27045800 0.58109200 -0.96028400
v 3.30972800 0.58109300 1.16506100
v 3.27221300 0.79452500 -0.86527500
v 3.30797300 0.79452600 1.07005000
v 3.30543600 0.98353800 0.93274800
v 3.27475000 0.98353800 -0.72797200
v 3.27795800 1.13986800 -0.55438000
v 3.30222800 1.13986900 0.75915600
v 3.28169500 1.25668300 -0.35208300
v 3.29849000 1.25668400 0.55685800
v 3.28580000 1.32887900 -0.12992400
v 3.29438500 1.32888000 0.33469900
v 3.29009300 1.35330000 0.10238800
v 3.29585700 -0.87655700 0.45673700
v 3.28307700 -0.87655700 -0.23492300
v 3.29284200 -0.87522000 0.43794600
v 3.28075800 -0.87522000 -0.21603500
v 3.28760700 -0.87522600 0.18075100
v 3.28502700 -0.87522600 0.04117900
v 3.28378700 -0.88285200 0.18082200
v 3.28120700 -0.88285100 0.04125000
v 3.27726200 -0.86997700 0.18796700
v 3.27442300 -0.86997700 0.03435000
v 3.27344100 -0.87760200 0.18803700
v 3.27060300 -0.87760200 0.03442100
v 3.26602600 -0.86429800 0.19331100
v 3.26299700 -0.86429800 0.02942500
v 3.26220600 -0.87192200 0.19338200
v 3.25917800 -0.87192200 0.02949600
v 3.26489800 -0.81707900 0.48487500
v 3.25799800 -0.81707900 0.11148800
v 3.25109900 -0.81707900 -0.26189900
v 3.25417400 -0.85832900 0.19665900
v 3.25102900 -0.85832900 0.02651700
v 3.25035300 -0.86595400 0.19672900
v 3.24720900 -0.86595400 0.02658700
v 3.25249500 -0.84027700 0.44277000
v 3.24026000 -0.84027700 -0.21936400
v 3.25279400 -0.84123900 0.48509800
v 3.25236400 -0.84123900 0.46185200
v 3.23942500 -0.84123900 -0.23842900
v 3.23899500 -0.84123900 -0.26167500
v 3.24696600 -0.85201500 0.46195200
v 3.24661400 -0.85201500 0.44287800
v 3.23437900 -0.85201500 -0.21925600
v 3.23402700 -0.85201500 -0.23832900
v 3.23880600 -0.85221400 0.02569100
v 3.24198900 -0.85221300 0.19793500
v 3.23817000 -0.85983900 0.19800600
v 3.23498700 -0.85983900 0.02576200
v 3.23657800 -0.85983900 0.11188400
v 3.22662200 -0.84609800 0.02696800
v 3.22976600 -0.84609700 0.19711000
v 3.22594600 -0.85372300 0.19718000
v 3.22280200 -0.85372300 0.02703800
v 3.21779700 -0.84012800 0.19420100
v 3.21476900 -0.84012800 0.03031600
v 3.21397800 -0.84775400 0.19427200
v 3.21094800 -0.84775400 0.03038700
v 3.21259200 -0.79090800 0.48124200
v 3.19896300 -0.79090800 -0.25633700
v 3.20637200 -0.83445000 0.18927700
v 3.20353300 -0.83445000 0.03566000
v 3.20255200 -0.84207500 0.18934800
v 3.19971300 -0.84207500 0.03573000
v 3.20661900 -0.81732500 0.43954000
v 3.19453500 -0.81732500 -0.21444200
v 3.20331500 -0.81669700 0.45844700
v 3.19053500 -0.81669700 -0.23321300
v 3.19576700 -0.82920100 0.18244800
v 3.19318800 -0.82920100 0.04287500
v 3.20023500 -0.82881100 0.43965800
v 3.18815100 -0.82881100 -0.21432400
v 3.20048800 -0.81506700 0.48146600
v 3.18685900 -0.81506700 -0.25611300
v 3.19791600 -0.82747400 0.45854600
v 3.18513500 -0.82747400 -0.23311300
v 3.19194700 -0.83682500 0.18251900
v 3.18936800 -0.83682500 0.04294600
v 3.18624400 -0.82451000 0.17387500
v 3.18398900 -0.82451000 0.05179600
v 3.18242500 -0.83213500 0.17394500
v 3.18016900 -0.83213400 0.05186600
v 3.17804500 -0.82049500 0.16375900
v 3.17616800 -0.82049500 0.06220700
v 3.17422400 -0.82812000 0.16382900
v 3.17234800 -0.82812000 0.06227700
v 3.16992200 -0.81725800 0.07385800
v 3.17137100 -0.81725800 0.15234600
v 3.16755200 -0.82488300 0.15241600
v 3.16610200 -0.82488300 0.07392800
v 3.16541500 -0.81488300 0.08646400
v 3.16640200 -0.81488300 0.13991500
v 3.16326500 -0.81343300 0.12677700
v 3.16276500 -0.81343300 0.09970900
v 3.16159600 -0.82250900 0.08653400
v 3.16258300 -0.82250800 0.13998600
v 3.16204100 -0.81294500 0.11326100
v 3.15944400 -0.82105800 0.12684800
v 3.15894400 -0.82105800 0.09977900
v 3.15822200 -0.82057000 0.11333200
v 3.16172400 -0.79493700 0.42823700
v 3.15008800 -0.79493700 -0.20148800
v 3.16140200 -0.76538200 0.46850600
v 3.14827900 -0.76538200 -0.24171800
v 3.15531300 -0.79276000 0.44650300
v 3.14300700 -0.79276000 -0.21950500
v 3.15484900 -0.80617700 0.42836400
v 3.14321300 -0.80617700 -0.20136100
v 3.14991400 -0.80353600 0.44660200
v 3.13760800 -0.80353600 -0.21940500
v 3.14929900 -0.78954100 0.46873000
v 3.13617600 -0.78954100 -0.24149400
v 3.11891300 -0.77366600 0.40914100
v 3.10801200 -0.77366600 -0.18082500
v 3.11259300 -0.74112800 0.44697800
v 3.10029800 -0.74112800 -0.21840100
v 3.11157100 -0.78467300 0.40927600
v 3.10066900 -0.78467300 -0.18068900
v 3.10954300 -0.77001600 0.42631600
v 3.09801300 -0.77001600 -0.19764000
v 3.10414200 -0.78079300 0.42641600
v 3.09261300 -0.78079300 -0.19754000
v 3.10049000 -0.76528700 0.44720200
v 3.08819500 -0.76528700 -0.21817800
v 3.07491800 -0.76216900 0.10636400
v 3.07875100 -0.74036200 0.31380700
v 3.07108500 -0.74036200 -0.10108000
v 3.08241600 -0.67589400 0.51218500
v 3.06741900 -0.67589400 -0.29945800
v 3.08575400 -0.57158300 0.69282600
v 3.06408100 -0.57158300 -0.48009900
v 3.08861800 -0.43198800 0.84783500
v 3.06121700 -0.43198800 -0.63510800
v 3.09088300 -0.26320900 0.97043900
v 3.05895200 -0.26320900 -0.75771200
v 3.09245100 -0.07262400 1.05527900
v 3.05738400 -0.07262400 -0.84255100
v 3.09325200 0.13143900 1.09864600
v 3.05658300 0.13143900 -0.88591900
v 3.09325200 0.34006100 1.09864600
v 3.05658300 0.34006100 -0.88591900
v 3.05738400 0.54412400 -0.84255100
v 3.09245100 0.54412500 1.05527900
v 3.09088300 0.73471000 0.97043900
v 3.05895200 0.73471000 -0.75771200
v 3.08861800 0.90348800 0.84783500
v 3.06121700 0.90348800 -0.63510800
v 3.06408100 1.04308300 -0.48009800
v 3.08575400 1.04308400 0.69282600
v 3.06741900 1.14739400 -0.29945700
v 3.08241600 1.14739500 0.51218500
v 3.07108500 1.21186200 -0.10108000
v 3.07875100 1.21186300 0.31380700
v 3.07491800 1.23366800 0.10636400
v 3.07924000 -0.75403600 0.38272100
v 3.06934100 -0.75403600 -0.15295600
v 3.07146700 -0.76482600 0.38286500
v 3.06156900 -0.76482600 -0.15281300
v 3.06712800 -0.74902600 0.39838200
v 3.05666000 -0.74902600 -0.16815900
v 3.06736400 -0.71874400 0.41718900
v 3.05620100 -0.71874400 -0.18696200
v 3.06172900 -0.75980300 0.39848100
v 3.05126100 -0.75980300 -0.16805900
v 3.05525900 -0.74290500 0.41741300
v 3.04409600 -0.74290400 -0.18673900
v 3.04368200 -0.73652800 0.34962800
v 3.03503100 -0.73652800 -0.11857200
v 3.03552600 -0.74712700 0.34977900
v 3.02687500 -0.74712700 -0.11842100
v 3.02911600 -0.73030700 0.36338900
v 3.01996600 -0.73030700 -0.13178500
v 3.02682700 -0.69878300 0.37987400
v 3.01707100 -0.69878200 -0.14817500
v 3.02371700 -0.74108400 0.36348900
v 3.01456800 -0.74108300 -0.13168500
v 3.01472400 -0.72294200 0.38009800
v 3.00496700 -0.72294200 -0.14795100
v 3.00592500 -0.72157600 -0.07851700
v 3.01311600 -0.72157600 0.31067500
v 3.00463200 -0.73201000 0.31083200
v 2.99744000 -0.73201000 -0.07836000
v 2.99644100 -0.71431900 0.32219800
v 2.98883500 -0.71431900 -0.08941600
v 2.98348700 -0.63456200 -0.28610200
v 2.99077000 -0.71820000 0.10813500
v 2.98704600 -0.69706100 -0.09338500
v 2.99077000 -0.57643000 0.10813500
v 2.98755900 -0.55838700 -0.06566200
v 2.98448800 -0.50504100 -0.23186300
v 2.97608000 0.50452700 -0.68688700
v 2.99449200 -0.69706200 0.30965400
v 2.99805300 -0.63456400 0.50236900
v 2.99397900 -0.55838800 0.28193100
v 3.00129500 -0.53344100 0.67786500
v 2.98024100 -0.53344100 -0.46159500
v 2.99705000 -0.50504200 0.44813200
v 2.99984700 -0.41872800 0.59947800
v 2.98168900 -0.41872800 -0.38320600
v 2.97745800 -0.39810300 -0.61219300
v 3.00407800 -0.39810200 0.82846700
v 2.97929000 -0.30321600 -0.51307800
v 3.00224600 -0.30321500 0.72935000
v 3.00627900 -0.23446200 0.94759000
v 2.97525700 -0.23446200 -0.73131900
v 3.00414400 -0.16355100 0.83207400
v 2.97739200 -0.16355100 -0.61580300
v 3.00780200 -0.04966900 1.03002500
v 2.97373400 -0.04966900 -0.81375500
v 3.00545800 -0.00584100 0.90315700
v 2.97607800 -0.00584100 -0.68688700
v 3.00858100 0.14819800 1.07216500
v 2.97295500 0.14819800 -0.85589500
v 3.00612900 0.16302400 0.93949400
v 2.97540700 0.16302400 -0.72322200
v 2.99076800 0.24934300 0.10813500
v 3.00612900 0.33566200 0.93949400
v 2.97540700 0.33566200 -0.72322200
v 3.00858100 0.35048800 1.07216600
v 2.97295500 0.35048800 -0.85589500
v 3.00545800 0.50452700 0.90315700
v 3.00780200 0.54835500 1.03002500
v 2.97373400 0.54835500 -0.81375500
v 3.00414400 0.66223800 0.83207300
v 3.00627900 0.73314800 0.94759000
v 2.97929000 0.80190100 -0.51307900
v 3.00224600 0.80190200 0.72935000
v 2.97745800 0.89678800 -0.61219500
v 3.00407800 0.89678900 0.82846600
v 2.98168900 0.91741400 -0.38320700
v 2.99984600 0.91741500 0.59947600
v 2.98448600 1.00372700 -0.23186300
v 2.98024100 1.03212500 -0.46159500
v 3.00129500 1.03212700 0.67786400
v 2.98755700 1.05707200 -0.06566200
v 2.99076800 1.07511600 0.10813700
v 2.98348400 1.13324900 -0.28610200
v 2.98704400 1.19574500 -0.09338600
v 2.99076800 1.21688500 0.10813700
v 2.97739100 0.66223700 -0.61580300
v 2.97525600 0.73314800 -0.73131900
v 2.99704900 1.00372800 0.44813400
v 2.99397900 1.05707200 0.28193400
v 2.99805200 1.13325100 0.50237100
v 2.99449100 1.19574600 0.30965700
v 2.99198400 -0.68173300 0.33594900
v 2.98387400 -0.68173300 -0.10299300
v 2.99104200 -0.72509600 0.32229800
v 2.98343700 -0.72509600 -0.08931700
v 2.98829300 -0.70954700 0.26682500
v 2.98273800 -0.70954600 -0.03377800
v 2.97954500 -0.71984800 0.26698600
v 2.97399100 -0.71984800 -0.03361700
v 2.97988100 -0.70589300 0.33617300
v 2.97177100 -0.70589300 -0.10276900
v 2.96982500 -0.70073600 0.21915400
v 2.96604400 -0.70073600 0.01454300
v 2.96991100 -0.70145700 0.27582600
v 2.96403600 -0.70145600 -0.04209500
v 2.96451100 -0.71223400 0.27592500
v 2.95863700 -0.71223400 -0.04199500
v 2.96369100 -0.66801600 0.28649800
v 2.95742700 -0.66801600 -0.05253000
v 2.96088400 -0.71094000 0.21931900
v 2.95710300 -0.71094000 0.01470800
v 2.95625400 -0.69536100 0.06525500
v 2.95816700 -0.69536100 0.16883600
v 2.95360500 -0.69355500 0.11711200
v 2.95158800 -0.69217700 0.28672200
v 2.94532300 -0.69217600 -0.05230600
v 2.95017300 -0.69203600 0.22541300
v 2.94617500 -0.69203600 0.00901400
v 2.94910800 -0.70550600 0.16900400
v 2.94719400 -0.70550600 0.06542300
v 2.94450700 -0.70368000 0.11728000
v 2.94077700 -0.70281200 0.00911300
v 2.94477500 -0.70281200 0.22551200
v 2.94264500 -0.65797000 0.23273700
v 2.93838100 -0.65797000 0.00197100
v 2.93771900 -0.68628900 0.17219900
v 2.93569500 -0.68628900 0.06265000
v 2.93285300 -0.68435800 0.11749600
v 2.93232100 -0.69706500 0.17229900
v 2.93029600 -0.69706500 0.06275000
v 2.93054100 -0.68213000 0.23296100
v 2.92627700 -0.68213000 0.00219500
v 2.92936300 -0.65184200 0.17599100
v 2.92720500 -0.65184200 0.05917000
v 2.92745400 -0.69513400 0.11759600
v 2.92417400 -0.64978200 0.11765700
v 2.91726000 -0.67600200 0.17621400
v 2.91510100 -0.67600200 0.05939300
v 2.91207000 -0.67394300 0.11788000
v 2.85974200 -0.57351900 0.11034000
v 2.86285100 -0.55583400 0.27856700
v 2.85663400 -0.55583400 -0.05788900
v 2.86582300 -0.50355300 0.43944300
v 2.85366100 -0.50355300 -0.21876300
v 2.86853000 -0.41896200 0.58593400
v 2.85095500 -0.41896200 -0.36525600
v 2.87085200 -0.30575700 0.71164100
v 2.84863200 -0.30575700 -0.49096200
v 2.87269000 -0.16888400 0.81106700
v 2.84679500 -0.16888400 -0.59038800
v 2.87396100 -0.01432800 0.87986800
v 2.84552300 -0.01432800 -0.65918900
v 2.87461100 0.15115800 0.91503700
v 2.84487300 0.15115800 -0.69435900
v 2.87461100 0.32034200 0.91503700
v 2.84487300 0.32034200 -0.69435900
v 2.84552300 0.48582700 -0.65918900
v 2.87396100 0.48582800 0.87986800
v 2.87269000 0.64038500 0.81106700
v 2.84679500 0.64038500 -0.59038800
v 2.84863200 0.77725600 -0.49096200
v 2.87085200 0.77725700 0.71164100
v 2.85095500 0.89046200 -0.36525500
v 2.86853000 0.89046300 0.58593400
v 2.86582300 0.97505400 0.43944300
v 2.85366100 0.97505400 -0.21876300
v 2.85663400 1.02733400 -0.05788900
v 2.86285100 1.02733500 0.27856700
v 2.85974200 1.04501800 0.11034000
v 2.76545700 -0.48308500 0.11229800
v 2.76263800 -0.46707900 -0.04025200
v 2.77097100 -0.41976300 0.41073200
v 2.75994300 -0.41976300 -0.18613500
v 2.77342600 -0.34320400 0.54357200
v 2.77553200 -0.24074600 0.65756400
v 2.75538200 -0.24074600 -0.43296700
v 2.77719800 -0.11687100 0.74772500
v 2.75371600 -0.11687100 -0.52312700
v 2.77835000 0.02301000 0.81011500
v 2.75256300 0.02301000 -0.58551700
v 2.77894000 0.17278300 0.84200600
v 2.75197400 0.17278300 -0.61741000
v 2.77894000 0.32590200 0.84200600
v 2.75197400 0.32590200 -0.61741000
v 2.75256300 0.47567500 -0.58551800
v 2.77835000 0.47567600 0.81011500
v 2.77719800 0.61555700 0.74772500
v 2.77553200 0.73943300 0.65756400
v 2.77342600 0.84188900 0.54357200
v 2.75748800 0.84188900 -0.31897500
v 2.75994300 0.91844700 -0.18613500
v 2.76263800 0.96576500 -0.04025200
v 2.76545700 0.98177000 0.11229800
v 2.76827300 -0.46708000 0.26484900
v 2.75748600 -0.34320400 -0.31897500
v 2.75371400 0.61555700 -0.52312700
v 2.75538000 0.73943200 -0.43296700
v 2.77096900 0.91844800 0.41073200
v 2.76827300 0.96576500 0.26484900
v 2.70712500 -0.35895700 0.11337600
v 2.70946100 -0.34566500 0.23982700
v 2.70478800 -0.34566500 -0.01307500
v 2.71169600 -0.30636700 0.36075100
v 2.70255400 -0.30636700 -0.13400000
v 2.71373000 -0.24278300 0.47086500
v 2.70052000 -0.24278300 -0.24411300
v 2.71547600 -0.15768900 0.56535400
v 2.69877300 -0.15768900 -0.33860200
v 2.71685700 -0.05480800 0.64009100
v 2.69739200 -0.05480800 -0.41333700
v 2.71781300 0.06136800 0.69180600
v 2.69643700 0.06136800 -0.46505400
v 2.69594900 0.18575800 -0.49148900
v 2.71830100 0.18575900 0.71824100
v 2.71830100 0.31292700 0.71824100
v 2.69594900 0.31292700 -0.49148900
v 2.71781300 0.43731800 0.69180600
v 2.69643700 0.43731800 -0.46505400
v 2.71685700 0.55349300 0.64009100
v 2.69739200 0.55349300 -0.41333700
v 2.69877300 0.65637500 -0.33860200
v 2.71547600 0.65637600 0.56535400
v 2.71373000 0.74146800 0.47086500
v 2.70052000 0.74146800 -0.24411300
v 2.70255400 0.80505200 -0.13400000
v 2.71169600 0.80505300 0.36075200
v 2.70946100 0.84435000 0.23982700
v 2.70478800 0.84435000 -0.01307500
v 2.70712500 0.85764200 0.11337600
v 2.64456600 -0.28364100 0.11431600
v 2.64656100 -0.27229100 0.22228400
v 2.64257100 -0.27229100 0.00634600
v 2.64846800 -0.23873700 0.32553400
v 2.64066300 -0.23873700 -0.09690400
v 2.65020600 -0.18444600 0.41955300
v 2.63892600 -0.18444600 -0.19092300
v 2.65169700 -0.11179100 0.50023300
v 2.63743500 -0.11179100 -0.27160100
v 2.65287600 -0.02394600 0.56404500
v 2.63625600 -0.02394600 -0.33541400
v 2.65369200 0.07525000 0.60820100
v 2.63544000 0.07525000 -0.37957000
v 2.63502300 0.18145800 -0.40214200
v 2.65410900 0.18145900 0.63077300
v 2.64456600 0.23575000 0.11431600
v 2.65410900 0.29004100 0.63077300
v 2.63502300 0.29004100 -0.40214200
v 2.65369200 0.39625100 0.60820100
v 2.63544000 0.39625100 -0.37957000
v 2.63625600 0.49544500 -0.33541400
v 2.65287600 0.49544600 0.56404500
v 2.63743500 0.58329000 -0.27160100
v 2.65169700 0.58329100 0.50023300
v 2.63892600 0.65594600 -0.19092300
v 2.65020600 0.65594700 0.41955300
v 2.64846800 0.71023800 0.32553400
v 2.64066300 0.71023800 -0.09690400
v 2.64257100 0.74379100 0.00634600
v 2.64656100 0.74379200 0.22228400
v 2.64456600 0.75514100 0.11431600
v 2.62772200 -0.35895700 0.11484300
v 2.63005900 -0.34566500 0.24129400
v 2.62538600 -0.34566500 -0.01160800
v 2.63229300 -0.30636700 0.36222000
v 2.62315100 -0.30636700 -0.13253300
v 2.63432800 -0.24278300 0.47233300
v 2.62111700 -0.24278300 -0.24264600
v 2.63607400 -0.15768900 0.56682200
v 2.61937100 -0.15768900 -0.33713500
v 2.63745500 -0.05480800 0.64155800
v 2.61799000 -0.05480800 -0.41187000
v 2.63841000 0.06136800 0.69327300
v 2.61703400 0.06136800 -0.46358600
v 2.61654600 0.18575800 -0.49002200
v 2.63889800 0.18575900 0.71970900
v 2.63889800 0.31292700 0.71970900
v 2.61654600 0.31292700 -0.49002200
v 2.63841000 0.43731800 0.69327300
v 2.61703400 0.43731800 -0.46358600
v 2.63745500 0.55349300 0.64155800
v 2.61799000 0.55349300 -0.41187000
v 2.61937100 0.65637500 -0.33713500
v 2.63607400 0.65637600 0.56682200
v 2.63432800 0.74146800 0.47233200
v 2.62111700 0.74146800 -0.24264600
v 2.62315100 0.80505200 -0.13253300
v 2.63229300 0.80505300 0.36222000
v 2.63005900 0.84435000 0.24129400
v 2.62538600 0.84435000 -0.01160800
v 2.62772200 0.85764200 0.11484300
v 2.47356500 -0.41968000 0.11769100
v 2.47613500 -0.40506000 0.25676500
v 2.47099500 -0.40506000 -0.02138200
v 2.47859200 -0.36184000 0.38976100
v 2.46853800 -0.36184000 -0.15437800
v 2.48083000 -0.29190800 0.51086600
v 2.46630000 -0.29190800 -0.27548300
v 2.48275000 -0.19832100 0.61478800
v 2.46438000 -0.19832100 -0.37940500
v 2.48426900 -0.08516900 0.69698400
v 2.46286200 -0.08516900 -0.46160100
v 2.48532000 0.04260300 0.75386300
v 2.46181100 0.04260300 -0.51847800
v 2.48585700 0.17941100 0.78293700
v 2.46127300 0.17941100 -0.54755200
v 2.48585700 0.31927500 0.78293700
v 2.46127300 0.31927500 -0.54755200
v 2.48532000 0.45608200 0.75386200
v 2.46181100 0.45608200 -0.51847800
v 2.46286200 0.58385400 -0.46160000
v 2.48426900 0.58385500 0.69698400
v 2.46438000 0.69700600 -0.37940400
v 2.48275000 0.69700700 0.61478800
v 2.46630000 0.79059300 -0.27548300
v 2.48083000 0.79059400 0.51086600
v 2.46853800 0.86052500 -0.15437800
v 2.47859200 0.86052600 0.38976100
v 2.47099500 0.90374600 -0.02138200
v 2.47613500 0.90374700 0.25676500
v 2.47356500 0.91836500 0.11769100
v 2.31940900 -0.57871500 0.12054000
v 2.32258900 -0.56062000 0.29267300
v 2.31622800 -0.56062000 -0.05159300
v 2.32563100 -0.50712600 0.45728400
v 2.31318700 -0.50712600 -0.21620400
v 2.32840100 -0.42057000 0.60717800
v 2.31041700 -0.42057000 -0.36609700
v 2.33077700 -0.30473600 0.73580300
v 2.30804100 -0.30473600 -0.49472200
v 2.33265700 -0.16468600 0.83753700
v 2.30616100 -0.16468600 -0.59645700
v 2.33395800 -0.00654100 0.90793600
v 2.30486000 -0.00654100 -0.66685600
v 2.33462300 0.16278700 0.94392200
v 2.30419500 0.16278700 -0.70284200
v 2.33462300 0.33589800 0.94392200
v 2.30419500 0.33589800 -0.70284200
v 2.33395800 0.50522700 0.90793600
v 2.30486000 0.50522700 -0.66685600
v 2.33265700 0.66337200 0.83753700
v 2.30616100 0.66337200 -0.59645700
v 2.33077700 0.80342200 0.73580300
v 2.30804100 0.80342200 -0.49472200
v 2.32840100 0.91925600 0.60717800
v 2.31041700 0.91925600 -0.36609700
v 2.31318700 1.00581100 -0.21620400
v 2.32563100 1.00581200 0.45728400
v 2.31622800 1.05930500 -0.05159300
v 2.32258900 1.05930600 0.29267300
v 2.31940900 1.07740000 0.12054000
v 2.22947900 -0.67341400 0.08470600
v 2.22947900 -0.67341400 0.08470600
v 2.22947900 -0.67341400 0.08470600
v 2.22871400 -0.67493500 0.10849700
v 2.22871400 -0.67493500 0.10849700
v 2.22871400 -0.67493500 0.10849700
v 2.22611900 -0.67403500 0.06109900
v 2.22611900 -0.67403500 0.06109900
v 2.22611900 -0.67403500 0.06109900
v 2.22384100 -0.67856000 0.13188800
v 2.22384100 -0.67856000 0.13188800
v 2.22384100 -0.67856000 0.13188800
v 2.22384100 -0.67856000 0.13188800
v 2.21871700 -0.67678200 0.03825900
v 2.21871700 -0.67678200 0.03825900
v 2.21871700 -0.67678200 0.03825900
v 2.21871700 -0.67678200 0.03825900
v 2.21498000 -0.68419900 0.15430300
v 2.21498000 -0.68419900 0.15430300
v 2.21498000 -0.68419900 0.15430300
v 2.20745300 -0.68158600 0.01674800
v 2.20745300 -0.68158600 0.01674800
v 2.20745300 -0.68158600 0.01674800
v 2.20745300 -0.68158600 0.01674800
v 2.20250300 -0.62122200 0.08717400
v 2.20173700 -0.62274400 0.11096500
v 2.20173700 -0.62274400 0.11096500
v 2.20235200 -0.69171400 0.17518800
v 2.20235200 -0.69171400 0.17518800
v 2.20235200 -0.69171400 0.17518800
v 2.20235200 -0.69171400 0.17518800
v 2.19914300 -0.62184300 0.06356700
v 2.19686400 -0.62636800 0.13435600
v 2.19686400 -0.62636800 0.13435600
v 2.19686400 -0.62636800 0.13435600
v 2.19686400 -0.62636800 0.13435600
v 2.19260600 -0.68833200 -0.00290500
v 2.19174100 -0.62459000 0.04072700
v 2.19174100 -0.62459000 0.04072700
v 2.19230300 -0.73451900 0.08558000
v 2.19181800 -0.73552600 0.10156700
v 2.19007300 -0.73492100 0.06971300
v 2.18861900 -0.73792400 0.11731400
v 2.18800400 -0.63200800 0.15676900
v 2.18800400 -0.63200800 0.15676900
v 2.18800400 -0.63200800 0.15676900
v 2.18800400 -0.63200800 0.15676900
v 2.18517100 -0.73672800 0.05433000
v 2.18626500 -0.70091900 0.19403100
v 2.18626500 -0.70091900 0.19403100
v 2.18277200 -0.74166200 0.13245800
v 2.18047600 -0.62939500 0.01921600
v 2.18047600 -0.62939500 0.01921600
v 2.17770000 -0.73990200 0.03978500
v 2.17454000 -0.69685100 -0.02021500
v 2.17454000 -0.69685100 -0.02021500
v 2.17454000 -0.69685100 -0.02021500
v 2.17526400 -0.70155200 0.08713800
v 2.17477800 -0.70256000 0.10312600
v 2.17537500 -0.63952300 0.17765600
v 2.17537500 -0.63952300 0.17765600
v 2.17303400 -0.70195500 0.07127100
v 2.17439100 -0.74666400 0.14664200
v 2.17157900 -0.70495700 0.11887200
v 2.16781100 -0.74438100 0.02642100
v 2.16813200 -0.70376100 0.05588900
v 2.16562800 -0.63614000 -0.00043700
v 2.16562800 -0.63614000 -0.00043700
v 2.16573200 -0.70869500 0.13401600
v 2.16711600 -0.71159000 0.21036600
v 2.16711600 -0.71159000 0.21036600
v 2.16711600 -0.71159000 0.21036600
v 2.16711600 -0.71159000 0.21036600
v 2.16525100 -0.70016000 0.12338800
v 2.16889800 -0.67941200 0.32076700
v 2.16160400 -0.67941200 -0.07399100
v 2.17238600 -0.61807200 0.50952000
v 2.15811600 -0.61807200 -0.26274300
v 2.17556100 -0.51882200 0.68139800
v 2.15494100 -0.51882200 -0.43462100
v 2.17828700 -0.38599900 0.82888700
v 2.15221500 -0.38599900 -0.58211000
v 2.18044200 -0.22540900 0.94554300
v 2.15006000 -0.22540900 -0.69876600
v 2.14856800 -0.04407000 -0.77948900
v 2.18193300 -0.04406900 1.02626600
v 2.18269600 0.15009300 1.06753000
v 2.14780600 0.15009300 -0.82075200
v 2.18269600 0.34859300 1.06753000
v 2.14780600 0.34859300 -0.82075200
v 2.14856800 0.54275500 -0.77948900
v 2.18193300 0.54275600 1.02626600
v 2.18044200 0.72409400 0.94554300
v 2.15006000 0.72409400 -0.69876600
v 2.17828700 0.88468500 0.82888700
v 2.15221500 0.88468500 -0.58211000
v 2.15494100 1.01750700 -0.43462000
v 2.17556100 1.01750900 0.68139800
v 2.15811600 1.11675600 -0.26274300
v 2.17238600 1.11675700 0.50952000
v 2.16160400 1.17809700 -0.07399100
v 2.16889800 1.17809800 0.32076700
v 2.16525100 1.19884600 0.12338800
v 2.16365000 -0.75282600 0.15952500
v 2.16066100 -0.70693500 0.04134400
v 2.15929000 -0.64872700 0.19649900
v 2.15571500 -0.75007300 0.01456400
v 2.15735100 -0.71369700 0.14820100
v 2.15370100 -0.70693400 -0.03475700
v 2.15370100 -0.70693400 -0.03475700
v 2.15370100 -0.70693400 -0.03475700
v 2.15370100 -0.70693400 -0.03475700
v 2.15077100 -0.71141400 0.02798000
v 2.14756400 -0.64465900 -0.01774700
v 2.14756400 -0.64465900 -0.01774700
v 2.15077600 -0.76001200 0.17078000
v 2.14661000 -0.71985900 0.16108400
v 2.14167700 -0.75685400 0.00451700
v 2.14537900 -0.72346000 0.22379300
v 2.14537900 -0.72346000 0.22379300
v 2.14537900 -0.72346000 0.22379300
v 2.14537900 -0.72346000 0.22379300
v 2.13867500 -0.71710600 0.01612300
v 2.14014000 -0.65939800 0.21283400
v 2.14014000 -0.65939800 0.21283400
v 2.13605900 -0.76805900 0.18009900
v 2.13060200 -0.71833300 -0.04617200
v 2.13060200 -0.71833300 -0.04617200
v 2.13060200 -0.71833300 -0.04617200
v 2.13373600 -0.72704500 0.17233700
v 2.12672400 -0.65474200 -0.03228900
v 2.12672400 -0.65474200 -0.03228900
v 2.12601500 -0.76457300 -0.00344000
v 2.12463700 -0.72388700 0.00607600
v 2.12158500 -0.73624000 0.23398100
v 2.12158500 -0.73624000 0.23398100
v 2.12158500 -0.73624000 0.23398100
v 2.11985000 -0.77677200 0.18721900
v 2.11902000 -0.73509200 0.18165700
v 2.11840200 -0.67126800 0.22626100
v 2.11840200 -0.67126800 0.22626100
v 2.11840200 -0.67126800 0.22626100
v 2.10910700 -0.77304600 -0.00907500
v 2.10897500 -0.73160600 -0.00188100
v 2.10581300 -0.73076700 -0.05417900
v 2.10581300 -0.73076700 -0.05417900
v 2.10581300 -0.73076700 -0.05417900
v 2.10362600 -0.66614200 -0.04370400
v 2.10362600 -0.66614200 -0.04370400
v 2.10281000 -0.74380700 0.18877800
v 2.10255000 -0.78593700 0.19191900
v 2.09206600 -0.74007900 -0.00751600
v 2.09632200 -0.74961500 0.24067800
v 2.09632200 -0.74961500 0.24067800
v 2.09632200 -0.74961500 0.24067800
v 2.09632200 -0.74961500 0.24067800
v 2.09137900 -0.78206100 -0.01220300
v 2.09460700 -0.68404900 0.23644800
v 2.09460700 -0.68404900 0.23644800
v 2.08551100 -0.75297100 0.19347800
v 2.08461900 -0.79530700 0.19404700
v 2.07994300 -0.74393100 -0.05858200
v 2.07994300 -0.74393100 -0.05858200
v 2.07994300 -0.74393100 -0.05858200
v 2.07883700 -0.67857600 -0.05171100
v 2.07883700 -0.67857600 -0.05171100
v 2.07883700 -0.67857600 -0.05171100
v 2.07895900 -0.79334400 0.09066600
v 2.07433900 -0.74909400 -0.01064500
v 2.07330100 -0.79138000 -0.01271500
v 2.07021100 -0.76325400 0.24371900
v 2.07021100 -0.76325400 0.24371900
v 2.07021100 -0.76325400 0.24371900
v 2.07021100 -0.76325400 0.24371900
v 2.06934400 -0.69742300 0.24314500
v 2.06934400 -0.69742300 0.24314500
v 2.06757800 -0.76234100 0.19560500
v 2.06654200 -0.80462600 0.19353700
v 2.06192000 -0.76037700 0.09222500
v 2.05626200 -0.75841300 -0.01115600
v 2.05537200 -0.80074900 -0.01058800
v 2.05363000 -0.75750000 -0.05927000
v 2.05363000 -0.75750000 -0.05927000
v 2.05363000 -0.75750000 -0.05927000
v 2.05363000 -0.75750000 -0.05927000
v 2.05296700 -0.69173900 -0.05611400
v 2.05296700 -0.69173900 -0.05611400
v 2.04950300 -0.77165900 0.19509500
v 2.04881400 -0.81364100 0.19040800
v 2.04389900 -0.77682200 0.24303000
v 2.04389900 -0.77682200 0.24303000
v 2.04389900 -0.77682200 0.24303000
v 2.04389900 -0.77682200 0.24303000
v 2.04323500 -0.71106200 0.24618700
v 2.04323500 -0.71106200 0.24618700
v 2.03833200 -0.76778200 -0.00902900
v 2.03807100 -0.80991300 -0.00588700
v 2.03494400 -0.70818500 0.09469200
v 2.03494400 -0.70818500 0.09469200
v 2.03494400 -0.70818500 0.09469200
v 2.03494400 -0.70818500 0.09469200
v 2.03494400 -0.70818500 0.09469200
v 2.03494400 -0.70818500 0.09469200
v 2.02751900 -0.77113800 -0.05622900
v 2.02751900 -0.77113800 -0.05622900
v 2.03190500 -0.82211400 0.18477200
v 2.03177500 -0.78067400 0.19196700
v 2.02665200 -0.70530800 -0.05680200
v 2.02665200 -0.70530800 -0.05680200
v 2.02186000 -0.81862800 0.00123400
v 2.02103200 -0.77694600 -0.00432800
v 2.01802800 -0.78998600 0.23862700
v 2.01624300 -0.82983300 0.17681500
v 2.01692100 -0.72463000 0.24549800
v 2.01692100 -0.72463000 0.24549800
v 2.01692100 -0.72463000 0.24549800
v 2.01486700 -0.78914700 0.18633100
v 2.01109500 -0.76377500 0.12623600
v 2.01498700 -0.74163500 0.33683900
v 2.00720400 -0.74163500 -0.08436700
v 2.01870800 -0.67618600 0.53823800
v 2.00348200 -0.67618600 -0.28576500
v 2.02209600 -0.57028600 0.72163100
v 2.00009400 -0.57028600 -0.46915700
v 2.02500400 -0.42856500 0.87900200
v 1.99718600 -0.42856500 -0.62652700
v 2.02730400 -0.25721500 1.00347300
v 1.99488600 -0.25721500 -0.75099900
v 2.02889500 -0.06372700 1.08960500
v 1.99329500 -0.06372700 -0.83713000
v 2.02970900 0.14344300 1.13363200
v 1.99248100 0.14344300 -0.88115900
v 2.02970900 0.35524300 1.13363200
v 1.99248100 0.35524300 -0.88115900
v 2.02889500 0.56241300 1.08960500
v 1.99329500 0.56241300 -0.83713000
v 1.99488600 0.75590100 -0.75099900
v 2.02730400 0.75590200 1.00347300
v 1.99718600 0.92725000 -0.62652700
v 2.02500400 0.92725100 0.87900200
v 2.00009400 1.06897200 -0.46915700
v 2.02209600 1.06897300 0.72163100
v 2.00348200 1.17487100 -0.28576500
v 2.01870800 1.17487200 0.53823800
v 2.00720400 1.24032000 -0.08436700
v 2.01498700 1.24032100 0.33683900
v 2.01109500 1.26246000 0.12623600
v 2.00714400 -0.82667500 0.01055400
v 2.00482000 -0.78566200 0.00279100
v 2.00225700 -0.78451400 -0.04953200
v 2.00225700 -0.78451400 -0.04953200
v 2.00225700 -0.78451400 -0.04953200
v 2.00225700 -0.78451400 -0.04953200
v 2.00054300 -0.71894600 -0.05376100
v 2.00220500 -0.83661400 0.16676900
v 1.99920400 -0.79686600 0.17837400
v 1.99427100 -0.83386100 0.02180800
v 1.99010400 -0.79370900 0.01211300
v 1.99323700 -0.80242100 0.23062000
v 1.99323700 -0.80242100 0.23062000
v 1.99010900 -0.84230600 0.15490900
v 1.99105100 -0.73779400 0.24109500
v 1.98353000 -0.84002300 0.03468900
v 1.98516600 -0.80364700 0.16832800
v 1.97846300 -0.79729300 -0.03934500
v 1.97846300 -0.79729300 -0.03934500
v 1.97846300 -0.79729300 -0.03934500
v 1.98022100 -0.84678600 0.14154400
v 1.97723200 -0.80089500 0.02336700
v 1.97527900 -0.73232100 -0.04706400
v 1.97527900 -0.73232100 -0.04706400
v 1.97527900 -0.73232100 -0.04706400
v 1.97527900 -0.73232100 -0.04706400
v 1.97514800 -0.84502500 0.04887500
v 1.97274800 -0.84995900 0.12700100
v 1.97306900 -0.80933900 0.15646900
v 1.96930100 -0.84876300 0.06401900
v 1.97014000 -0.81382000 0.21920600
v 1.97014000 -0.81382000 0.21920600
v 1.96648900 -0.80705600 0.03624800
v 1.96784700 -0.85176600 0.11161800
v 1.96610400 -0.85116000 0.07976500
v 1.96561800 -0.85216800 0.09575100
v 1.96626100 -0.75022800 0.23308800
v 1.96626100 -0.75022800 0.23308800
v 1.96318100 -0.81381800 0.14310300
v 1.95672400 -0.80916400 -0.02591800
v 1.95672400 -0.80916400 -0.02591800
v 1.95672400 -0.80916400 -0.02591800
v 1.95810900 -0.81205700 0.05043400
v 1.95570900 -0.81699300 0.12855900
v 1.95148700 -0.74510100 -0.03687700
v 1.95148700 -0.74510100 -0.03687700
v 1.95148700 -0.74510100 -0.03687700
v 1.95226100 -0.81579600 0.06557700
v 1.95080800 -0.81879900 0.11317700
v 1.94906400 -0.81819300 0.08132400
v 1.94857700 -0.81920200 0.09731000
v 1.94930100 -0.82390300 0.20466300
v 1.94316200 -0.76162800 0.22167400
v 1.94316200 -0.76162800 0.22167400
v 1.93757600 -0.81983400 -0.00958200
v 1.93757600 -0.81983400 -0.00958200
v 1.93757600 -0.81983400 -0.00958200
v 1.92974800 -0.75697200 -0.02345000
v 1.92974800 -0.75697200 -0.02345000
v 1.93123600 -0.83242200 0.18735400
v 1.92148900 -0.82904000 0.00926100
v 1.92148900 -0.82904000 0.00926100
v 1.92148900 -0.82904000 0.00926100
v 1.92232400 -0.77171100 0.20713100
v 1.91638900 -0.83916700 0.16770100
v 1.91638900 -0.83916700 0.16770100
v 1.91638900 -0.83916700 0.16770100
v 1.91059900 -0.76764200 -0.00711400
v 1.90886100 -0.83655500 0.03014700
v 1.90886100 -0.83655500 0.03014700
v 1.90886100 -0.83655500 0.03014700
v 1.90512500 -0.84397200 0.14619000
v 1.90512500 -0.84397200 0.14619000
v 1.90426000 -0.78023100 0.18982100
v 1.90426000 -0.78023100 0.18982100
v 1.90000100 -0.84219400 0.05256000
v 1.90000100 -0.84219400 0.05256000
v 1.90000100 -0.84219400 0.05256000
v 1.89772200 -0.84671800 0.12334900
v 1.89772200 -0.84671800 0.12334900
v 1.89772200 -0.84671800 0.12334900
v 1.89772200 -0.84671800 0.12334900
v 1.89451200 -0.77684800 0.01172900
v 1.89451200 -0.77684800 0.01172900
v 1.89512700 -0.84581900 0.07595100
v 1.89512700 -0.84581900 0.07595100
v 1.89512700 -0.84581900 0.07595100
v 1.89512700 -0.84581900 0.07595100
v 1.89436200 -0.84733900 0.09974300
v 1.89436200 -0.84733900 0.09974300
v 1.89436200 -0.84733900 0.09974300
v 1.88941200 -0.78697500 0.17016900
v 1.88941200 -0.78697500 0.17016900
v 1.88188400 -0.78436300 0.03261400
v 1.88188400 -0.78436300 0.03261400
v 1.87814800 -0.79178100 0.14865700
v 1.87814800 -0.79178100 0.14865700
v 1.87302300 -0.79000200 0.05502800
v 1.87074500 -0.79452600 0.12581700
v 1.87074500 -0.79452600 0.12581700
v 1.87074500 -0.79452600 0.12581700
v 1.87074500 -0.79452600 0.12581700
v 1.86815100 -0.79362600 0.07841900
v 1.86815100 -0.79362600 0.07841900
v 1.86738500 -0.79514700 0.10221100
v 1.86738500 -0.79514700 0.10221100
v 1.85693900 -0.81293100 0.12908500
v 1.86101900 -0.78971800 0.34990600
v 1.85285900 -0.78971800 -0.09173700
v 1.86492100 -0.72109200 0.56107700
v 1.84895700 -0.72109200 -0.30290600
v 1.86847400 -0.61005400 0.75336800
v 1.84540400 -0.61005400 -0.49519800
v 1.87152300 -0.46145700 0.91837400
v 1.84235500 -0.46145700 -0.66020400
v 1.87393400 -0.28179400 1.04888400
v 1.83994300 -0.28179400 -0.79071400
v 1.87560300 -0.07891800 1.13919500
v 1.83827500 -0.07891800 -0.88102500
v 1.83742200 0.13830500 -0.92718900
v 1.87645600 0.13830600 1.18535900
v 1.83742200 0.36038000 -0.92718900
v 1.87645600 0.36038100 1.18535900
v 1.87560300 0.57760300 1.13919500
v 1.83827500 0.57760300 -0.88102500
v 1.83994300 0.78047900 -0.79071400
v 1.87393400 0.78048000 1.04888400
v 1.84235500 0.96014200 -0.66020400
v 1.87152300 0.96014300 0.91837400
v 1.84540400 1.10874000 -0.49519800
v 1.86847400 1.10874100 0.75336800
v 1.84895700 1.21977800 -0.30290600
v 1.86492100 1.21977900 0.56107700
v 1.86101900 1.28840300 0.34990600
v 1.85285900 1.28840300 -0.09173700
v 1.85693900 1.31161600 0.12908500
v 1.75153400 -0.89520800 0.10169500
v 1.75153400 -0.72982400 0.10169500
v 1.75034700 -0.89520800 0.12146000
v 1.74961800 -0.89520800 0.08198800
v 1.75034700 -0.72982400 0.12146000
v 1.74961800 -0.72982400 0.08198800
v 1.74608100 -0.89520800 0.14079500
v 1.74464000 -0.89520800 0.06282400
v 1.74608100 -0.72982400 0.14079500
v 1.74464000 -0.72982400 0.06282400
v 1.73877200 -0.96696300 0.10193100
v 1.73877200 -0.89520800 0.10193100
v 1.73884200 -0.89520800 0.15922500
v 1.73672500 -0.89520800 0.04467400
v 1.73884200 -0.72982400 0.15922500
v 1.73672500 -0.72982400 0.04467400
v 1.73770300 -0.96696300 0.11969600
v 1.73704800 -0.96696300 0.08421800
v 1.73770300 -0.89520800 0.11969600
v 1.73704800 -0.89520800 0.08421800
v 1.73537700 -1.59667300 0.10199400
v 1.73537700 -1.43833000 0.10199500
v 1.73420200 -1.59667300 0.11175100
v 1.73384300 -1.59667300 0.09228800
v 1.73420200 -1.43833000 0.11175100
v 1.73384300 -1.43833000 0.09228700
v 1.73386900 -0.96696300 0.13707500
v 1.73257400 -0.96696300 0.06699300
v 1.73386900 -0.89520800 0.13707500
v 1.73257400 -0.89520800 0.06699300
v 1.73034900 -1.59667300 0.12131600
v 1.72963900 -1.59667300 0.08287100
v 1.73034900 -1.43833000 0.12131600
v 1.72963900 -1.43833000 0.08287000
v 1.72881100 -0.89520800 0.17629500
v 1.72607100 -0.89520800 0.02798600
v 1.72881100 -0.72982400 0.17629500
v 1.72607100 -0.72982400 0.02798600
v 1.72736400 -0.96696300 0.15364000
v 1.72546100 -0.96696300 0.05067800
v 1.72546100 -0.89520800 0.05067800
v 1.72736400 -0.89520700 0.15364000
v 1.72553500 -1.04675300 0.10217600
v 1.72553500 -0.96696300 0.10217600
v 1.72459100 -1.04675300 0.11786700
v 1.72401200 -1.04675300 0.08653000
v 1.72459100 -0.96696300 0.11786700
v 1.72401200 -0.96696300 0.08653000
v 1.72391000 -1.59667300 0.13045600
v 1.72286700 -1.59667300 0.07397700
v 1.72391000 -1.43833000 0.13045500
v 1.72286700 -1.43833000 0.07397600
v 1.72120500 -1.04675300 0.13321700
v 1.72006100 -1.04675300 0.07131500
v 1.72120500 -0.96696300 0.13321700
v 1.72006100 -0.96696300 0.07131600
v 1.71834700 -0.96696300 0.16898400
v 1.71588300 -0.96696300 0.03567900
v 1.71588300 -0.89520800 0.03567900
v 1.71834700 -0.89520700 0.16898400
v 1.71545900 -1.04675300 0.14784800
v 1.71377800 -1.04675200 0.05690600
v 1.71545900 -0.96696300 0.14784900
v 1.71377800 -0.96696300 0.05690600
v 1.71623300 -0.89520800 0.19158600
v 1.71293600 -0.89520800 0.01317000
v 1.71623300 -0.72982400 0.19158600
v 1.71293600 -0.72982400 0.01317000
v 1.71369600 -1.59667300 0.06582200
v 1.71369600 -1.43833000 0.06582300
v 1.71504500 -1.59667300 0.13894300
v 1.71504500 -1.43833000 0.13894200
v 1.71306300 -1.20361700 0.10240500
v 1.71306300 -1.04675300 0.10240600
v 1.71223800 -1.20361700 0.11614300
v 1.71173100 -1.20361700 0.08870900
v 1.71223800 -1.04675300 0.11614400
v 1.71173100 -1.04675300 0.08870900
v 1.70927200 -1.20361700 0.12958200
v 1.70827100 -1.20361700 0.07538800
v 1.70927200 -1.04675300 0.12958200
v 1.70827100 -1.04675300 0.07538800
v 1.70749400 -1.04675300 0.16140100
v 1.70531800 -1.04675200 0.04365700
v 1.70749400 -0.96696300 0.16140100
v 1.70531800 -0.96696300 0.04365700
v 1.70704000 -0.96696300 0.18272800
v 1.70407700 -0.96696300 0.02236200
v 1.70704000 -0.89520800 0.18272800
v 1.70407700 -0.89520800 0.02236200
v 1.70424100 -1.20361700 0.14239200
v 1.70277000 -1.20361700 0.06277300
v 1.70424100 -1.04675300 0.14239200
v 1.70277000 -1.04675200 0.06277300
v 1.70234800 -1.59667300 0.05860900
v 1.70397300 -1.43833000 0.14657000
v 1.70234800 -1.43833000 0.05860900
v 1.70397200 -1.59667300 0.14657100
v 1.70278200 -0.83606300 0.13193300
v 1.70695100 -0.81234500 0.35756400
v 1.69861300 -0.81234500 -0.09369600
v 1.71093800 -0.74222500 0.57333300
v 1.69462600 -0.74222500 -0.30946500
v 1.71456800 -0.62876900 0.76981000
v 1.69099600 -0.62876900 -0.50594400
v 1.71768300 -0.47693500 0.93841100
v 1.68788100 -0.47693500 -0.67454300
v 1.72014700 -0.29336000 1.07176300
v 1.68541600 -0.29336000 -0.80789500
v 1.72185200 -0.08606600 1.16404000
v 1.72272400 0.13588700 1.21121000
v 1.72272400 0.36279900 1.21121000
v 1.72185200 0.58475200 1.16404000
v 1.68541600 0.79204600 -0.80789500
v 1.72014700 0.79204800 1.07176300
v 1.68788100 0.97562100 -0.67454200
v 1.71768300 0.97562200 0.93841100
v 1.69099600 1.12745500 -0.50594300
v 1.71456800 1.12745600 0.76981000
v 1.69462600 1.24091000 -0.30946500
v 1.71093800 1.24091100 0.57333200
v 1.69861300 1.31102900 -0.09369600
v 1.70695100 1.31103000 0.35756400
v 1.70278200 1.33474800 0.13193300
v 1.70141700 -0.89520800 0.20472100
v 1.69764500 -0.89520800 0.00059100
v 1.70141700 -0.72982400 0.20472100
v 1.69764500 -0.72982400 0.00059100
v 1.69726900 -1.20361700 0.15425700
v 1.69536400 -1.20361700 0.05117300
v 1.69726900 -1.04675300 0.15425700
v 1.69536400 -1.04675200 0.05117400
v 1.69750800 -1.04675300 0.17354100
v 1.69489000 -1.04675200 0.03189500
v 1.69750800 -0.96696300 0.17354100
v 1.69489000 -0.96696300 0.03189500
v 1.69552600 -1.20361700 0.10272900
v 1.69552500 -1.43833000 0.10273100
v 1.69514300 -1.65195900 0.10273700
v 1.69477700 -1.43833000 0.10895300
v 1.69486500 -1.20361700 0.11371900
v 1.69446000 -1.20361700 0.09177200
v 1.69454700 -1.43833000 0.09654000
v 1.69439900 -1.65195900 0.10892500
v 1.69417100 -1.65195900 0.09658100
v 1.69231900 -1.43833000 0.11505300
v 1.69249300 -1.20361700 0.12447100
v 1.69169200 -1.20361700 0.08111500
v 1.69186500 -1.43833000 0.09053500
v 1.69372300 -0.96696300 0.19453400
v 1.69033300 -0.96696300 0.01105600
v 1.69372300 -0.89520800 0.19453400
v 1.69033300 -0.89520800 0.01105600
v 1.69195400 -1.65195900 0.11499100
v 1.69150300 -1.65195800 0.09061000
v 1.69096200 -1.43833000 0.15315200
v 1.69096000 -1.59667300 0.15315300
v 1.68910000 -1.43833000 0.05250800
v 1.68909900 -1.59667300 0.05250800
v 1.68821400 -1.43833000 0.12088000
v 1.68754600 -1.43833000 0.08486400
v 1.68846800 -1.20361700 0.13471900
v 1.68729100 -1.20361700 0.07102400
v 1.68720900 -1.65195900 0.08496800
v 1.68787000 -1.65195900 0.12078900
v 1.68852700 -1.20361700 0.16488400
v 1.68623400 -1.20361700 0.04087600
v 1.68852600 -1.04675300 0.16488500
v 1.68623400 -1.04675300 0.04087600
v 1.68574500 -1.04675300 0.18396900
v 1.68275100 -1.04675300 0.02190700
v 1.68574500 -0.96696300 0.18396900
v 1.68275100 -0.96696300 0.02190800
v 1.68472700 -0.89520800 0.21537700
v 1.68057300 -0.89520800 -0.00944100
v 1.68472700 -0.72982400 0.21537700
v 1.68057300 -0.72982400 -0.00944100
v 1.68169800 -1.43833000 0.07966400
v 1.68255900 -1.43833000 0.12629300
v 1.68289000 -1.20361700 0.14421100
v 1.68136600 -1.20361700 0.06174500
v 1.68139100 -1.65195900 0.07979600
v 1.68224700 -1.65195900 0.12617300
v 1.67822800 -1.20361700 0.17401400
v 1.67560700 -1.20361700 0.03213300
v 1.67822800 -1.04675300 0.17401500
v 1.67560700 -1.04675300 0.03213200
v 1.67872300 -0.96696300 0.20411200
v 1.67499000 -0.96696300 0.00203800
v 1.67872300 -0.89520800 0.20411200
v 1.67499000 -0.89520800 0.00203800
v 1.67633800 -1.59667300 0.15852800
v 1.67633800 -1.43832900 0.15852700
v 1.67428900 -1.43833000 0.04768100
v 1.67428800 -1.59667300 0.04768100
v 1.67549800 -1.43833000 0.13115700
v 1.67446200 -1.43833000 0.07506300
v 1.67589700 -1.20361700 0.15271300
v 1.67406400 -1.20361700 0.05350600
v 1.67522600 -1.65195900 0.13101100
v 1.67419500 -1.65195900 0.07522100
v 1.67249600 -1.04675300 0.19242800
v 1.67249600 -0.96696300 0.19242800
v 1.66919800 -1.04675300 0.01394400
v 1.66919800 -0.96696300 0.01394400
v 1.66765800 -1.20361700 0.16001700
v 1.66556100 -1.20361700 0.04651200
v 1.66720100 -1.43833000 0.13535500
v 1.66601400 -1.43833000 0.07117300
v 1.66697200 -1.65195900 0.13518600
v 1.66579200 -1.65195900 0.07135200
v 1.66662900 -1.04675300 0.18142200
v 1.66374200 -1.04675300 0.02516000
v 1.66662800 -1.20361700 0.18142200
v 1.66374100 -1.20361700 0.02516000
v 1.66657800 -0.89520800 0.22329100
v 1.66214400 -0.89520800 -0.01667800
v 1.66657800 -0.72982400 0.22329100
v 1.66214400 -0.72982400 -0.01667800
v 1.66241000 -0.96696300 0.21122500
v 1.65842400 -0.96696300 -0.00446700
v 1.66241000 -0.89520800 0.21122500
v 1.65842400 -0.89520800 -0.00446700
v 1.66046500 -1.59667300 0.16255500
v 1.66046300 -1.43833000 0.16255500
v 1.65827700 -1.43833000 0.04424300
v 1.65827600 -1.59667300 0.04424300
v 1.65787600 -1.43833000 0.13878200
v 1.65837800 -1.20361700 0.16594200
v 1.65606800 -1.20361700 0.04093400
v 1.65656900 -1.43833000 0.06809500
v 1.65769900 -1.65195800 0.13859200
v 1.65639700 -1.65195900 0.06829000
v 1.65808600 -1.04675300 0.19871100
v 1.65456600 -1.04675300 0.00819800
v 1.65808600 -0.96696300 0.19871100
v 1.65456600 -0.96696300 0.00819800
v 1.65401300 -1.20361700 0.18692200
v 1.65093100 -1.20361700 0.02013000
v 1.65401300 -1.04675300 0.18692200
v 1.65093100 -1.04675300 0.02013000
v 1.64775200 -1.43833000 0.14135100
v 1.64635800 -1.43833000 0.06590100
v 1.64828600 -1.20361700 0.17034200
v 1.64582100 -1.20361700 0.03690900
v 1.64763000 -1.65195800 0.14114800
v 1.64624200 -1.65195800 0.06611000
v 1.64741400 -0.89520800 0.22826700
v 1.64280900 -0.89520800 -0.02094400
v 1.64741400 -0.72982400 0.22826700
v 1.64280900 -0.72982400 -0.02094400
v 1.64518500 -0.96696300 0.21569900
v 1.64104600 -0.96696300 -0.00830100
v 1.64518500 -0.89520800 0.21569900
v 1.64104600 -0.89520800 -0.00830100
v 1.64145000 -1.43833000 0.04227400
v 1.64371900 -1.59667300 0.16514100
v 1.64144900 -1.59667300 0.04227300
v 1.64371900 -1.43833000 0.16514200
v 1.64287200 -1.04675300 0.20266200
v 1.64287200 -0.96696300 0.20266200
v 1.63921500 -1.04675300 0.00481100
v 1.63921500 -0.96696300 0.00481100
v 1.64069400 -1.20361700 0.19038100
v 1.64069400 -1.04675300 0.19038100
v 1.63749300 -1.20361700 0.01716500
v 1.63749300 -1.04675300 0.01716500
v 1.63562700 -1.43833000 0.06464500
v 1.63707400 -1.43833000 0.14300100
v 1.63763000 -1.20361700 0.17311000
v 1.63506900 -1.20361700 0.03453700
v 1.63701100 -1.65195900 0.14279000
v 1.63557100 -1.65195900 0.06486000
v 1.62422800 -1.59667300 0.04182500
v 1.62422800 -1.43832900 0.04182600
v 1.62537600 -1.65195900 0.10402600
v 1.62464700 -1.65195800 0.06457600
v 1.62464300 -1.43833000 0.06436000
v 1.62408000 -1.20361700 0.03387600
v 1.62375600 -1.20361700 0.01633800
v 1.62375600 -1.04675300 0.01633800
v 1.62352600 -1.04675300 0.00386800
v 1.62747100 -0.96696300 0.21742200
v 1.62722700 -0.96696300 0.20418500
v 1.62352600 -0.96696300 0.00386800
v 1.62328100 -0.96696300 -0.00936900
v 1.62770700 -0.89520800 0.23018600
v 1.62747100 -0.89520800 0.21742200
v 1.62328100 -0.89520800 -0.00936900
v 1.62304500 -0.89520800 -0.02213300
v 1.62770700 -0.72982400 0.23018600
v 1.62537600 -0.72982400 0.10402600
v 1.62304500 -0.72982400 -0.02213300
v 1.62667100 -1.20361700 0.17417600
v 1.62722600 -1.04675300 0.20418500
v 1.62699600 -1.04675300 0.19171400
v 1.62699500 -1.20361700 0.19171400
v 1.62610200 -1.65195800 0.14347800
v 1.62610600 -1.43833000 0.14369400
v 1.62652100 -1.43833000 0.16622800
v 1.62651900 -1.59667300 0.16622800
v 1.61374300 -1.65195800 0.06526400
v 1.61518000 -1.65195800 0.14319300
v 1.61367900 -1.43833000 0.06505200
v 1.61312200 -1.20361700 0.03494200
v 1.61568200 -1.20361700 0.17351600
v 1.61512400 -1.43833000 0.14340900
v 1.61005800 -1.20361700 0.01767200
v 1.61005800 -1.04675300 0.01767200
v 1.61325700 -1.20361700 0.19088900
v 1.61325700 -1.04675200 0.19088800
v 1.60787800 -1.04675300 0.00539000
v 1.61153400 -1.04675200 0.20324200
v 1.61153400 -0.96696300 0.20324200
v 1.60787800 -0.96696300 0.00539000
v 1.60703600 -1.59667300 0.04291000
v 1.60703500 -1.43833000 0.04291000
v 1.60930100 -1.43833000 0.16578100
v 1.60930000 -1.59667300 0.16578200
v 1.60970600 -0.96696300 0.21635400
v 1.60556700 -0.96696300 -0.00764600
v 1.60556700 -0.89520800 -0.00764600
v 1.60970600 -0.89520700 0.21635400
v 1.60794200 -0.89520800 0.22899700
v 1.60333700 -0.89520800 -0.02021500
v 1.60794200 -0.72982400 0.22899700
v 1.60333700 -0.72982400 -0.02021500
v 1.60451000 -1.65195800 0.14194400
v 1.60312100 -1.65195800 0.06690500
v 1.60439700 -1.43833000 0.14215200
v 1.60493200 -1.20361700 0.17114500
v 1.60246500 -1.20361700 0.03770900
v 1.60299800 -1.43833000 0.06670300
v 1.59981900 -1.20361700 0.18792400
v 1.59673700 -1.20361700 0.02113100
v 1.59673700 -1.04675300 0.02113100
v 1.59981900 -1.04675200 0.18792400
v 1.59618600 -1.04675200 0.19985600
v 1.59266500 -1.04675300 0.00934200
v 1.59618500 -0.96696300 0.19985500
v 1.59266500 -0.96696300 0.00934200
v 1.59435600 -1.65195800 0.13976500
v 1.59305000 -1.65195800 0.06946200
v 1.59418500 -1.43833000 0.13995900
v 1.59468300 -1.20361700 0.16711900
v 1.59237200 -1.20361700 0.04211100
v 1.59287200 -1.43833000 0.06927200
v 1.59247800 -1.43833000 0.16381200
v 1.59247700 -1.59667300 0.16381200
v 1.59028900 -1.59667300 0.04549800
v 1.59028700 -1.43833000 0.04549900
v 1.59232700 -0.96696300 0.21251900
v 1.58834100 -0.96696300 -0.00317200
v 1.58834100 -0.89520800 -0.00317200
v 1.59232700 -0.89520700 0.21251900
v 1.58860800 -0.89520800 0.22473100
v 1.58417400 -0.89520800 -0.01523800
v 1.58860800 -0.72982400 0.22473100
v 1.58417400 -0.72982400 -0.01523800
v 1.58701200 -1.20361700 0.18289300
v 1.58701100 -1.04675300 0.18289300
v 1.58412300 -1.20361700 0.02663100
v 1.58412300 -1.04675300 0.02663100
v 1.58496000 -1.65195900 0.13670200
v 1.58377700 -1.65195800 0.07286900
v 1.58355100 -1.43833000 0.07269700
v 1.58473500 -1.43833000 0.13687900
v 1.58519000 -1.20361700 0.16154100
v 1.58309300 -1.20361700 0.04803500
v 1.58155400 -1.04675300 0.19410900
v 1.57825700 -1.04675300 0.01562400
v 1.58155400 -0.96696300 0.19410900
v 1.57825700 -0.96696300 0.01562400
v 1.57552800 -1.65195800 0.07704100
v 1.57655600 -1.65195900 0.13283300
v 1.57525400 -1.43833000 0.07689400
v 1.57629000 -1.43833000 0.13299200
v 1.57668800 -1.20361700 0.15454700
v 1.57485500 -1.20361700 0.05533800
v 1.57646800 -1.59667300 0.16037300
v 1.57646600 -1.43833000 0.16037200
v 1.57440700 -1.43833000 0.04952900
v 1.57440600 -1.59667300 0.04953000
v 1.57576200 -0.96696300 0.20601400
v 1.57202900 -0.96696300 0.00394100
v 1.57202900 -0.89520800 0.00394100
v 1.57576200 -0.89520700 0.20601400
v 1.57514600 -1.20361700 0.17592000
v 1.57514600 -1.04675300 0.17592000
v 1.57252400 -1.20361700 0.03403800
v 1.57252400 -1.04675300 0.03403800
v 1.56850500 -1.65195900 0.08188000
v 1.56936000 -1.65195900 0.12825600
v 1.56905300 -1.43833000 0.12839100
v 1.56819200 -1.43833000 0.08175900
v 1.56938500 -1.20361700 0.14630800
v 1.56786100 -1.20361700 0.06384100
v 1.57017800 -0.89520800 0.21749400
v 1.56602400 -0.89520800 -0.00732400
v 1.57017800 -0.72982400 0.21749400
v 1.56602400 -0.72982400 -0.00732400
v 1.56800200 -1.04675300 0.18614400
v 1.56800200 -0.96696300 0.18614400
v 1.56500600 -1.04675300 0.02408400
v 1.56500600 -0.96696300 0.02408400
v 1.56451600 -1.20361700 0.16717700
v 1.56222500 -1.20361700 0.04316800
v 1.56451600 -1.04675300 0.16717700
v 1.56222500 -1.04675300 0.04316800
v 1.56354400 -1.65195900 0.12308600
v 1.56288100 -1.65195900 0.08726500
v 1.56320400 -1.43833000 0.12318900
v 1.56253800 -1.43833000 0.08717200
v 1.56345900 -1.20361700 0.13702900
v 1.56228300 -1.20361700 0.07333400
v 1.56165300 -1.59667300 0.15554300
v 1.56165100 -1.43833000 0.15554300
v 1.55979100 -1.43833000 0.05489900
v 1.55978800 -1.59667300 0.05489900
v 1.55924800 -1.65195900 0.11744700
v 1.55879700 -1.65195900 0.09306200
v 1.56041900 -0.96696300 0.19699700
v 1.55702900 -0.96696300 0.01351900
v 1.56041900 -0.89520800 0.19699700
v 1.55702900 -0.89520800 0.01351900
v 1.55888600 -1.43833000 0.11751900
v 1.55843200 -1.43833000 0.09300200
v 1.55905900 -1.20361700 0.12693700
v 1.55825800 -1.20361700 0.08358200
v 1.55658100 -1.65195900 0.11147200
v 1.55635300 -1.65195900 0.09912700
v 1.55620500 -1.43833000 0.11151300
v 1.55597400 -1.43833000 0.09910000
v 1.55629200 -1.20361700 0.11628100
v 1.55588700 -1.20361700 0.09433300
v 1.55560800 -1.65195900 0.10531400
v 1.55522700 -1.43833000 0.10532000
v 1.55522600 -1.20361700 0.10532200
v 1.55586100 -1.04675300 0.17615800
v 1.55324400 -1.04675300 0.03451200
v 1.55586100 -0.96696300 0.17615800
v 1.55324400 -0.96696300 0.03451100
v 1.55348300 -1.20361700 0.05379500
v 1.55538700 -1.20361700 0.15687800
v 1.55538700 -1.04675300 0.15687800
v 1.55348200 -1.04675300 0.05379500
v 1.55310700 -0.89520800 0.20746100
v 1.54933500 -0.89520800 0.00333100
v 1.55310700 -0.72982400 0.20746100
v 1.54933500 -0.72982400 0.00333100
v 1.54862500 -0.85341300 0.13478200
v 1.55286100 -0.82931500 0.36401800
v 1.54439000 -0.82931500 -0.09445500
v 1.55691200 -0.75807500 0.58323600
v 1.54033900 -0.75807400 -0.31367300
v 1.56060000 -0.64280500 0.78285500
v 1.53665100 -0.64280500 -0.51329100
v 1.56376500 -0.48854400 0.95415000
v 1.53348600 -0.48854400 -0.68458600
v 1.56626800 -0.30203400 1.08963400
v 1.53098200 -0.30203400 -0.82006900
v 1.56800100 -0.09142700 1.18338500
v 1.56888600 0.13407300 1.23130900
v 1.56888600 0.36461300 1.23130900
v 1.56800100 0.59011400 1.18338500
v 1.53098200 0.80072000 -0.82006900
v 1.56626800 0.80072100 1.08963400
v 1.56376500 0.98723000 0.95415000
v 1.53348600 0.98723000 -0.68458600
v 1.53665100 1.14149000 -0.51329100
v 1.56060000 1.14149100 0.78285500
v 1.54033900 1.25676000 -0.31367300
v 1.55691200 1.25676100 0.58323600
v 1.54439000 1.32800000 -0.09445500
v 1.55286100 1.32800100 0.36401800
v 1.54862500 1.35209700 0.13478200
v 1.54678200 -1.59667300 0.06147800
v 1.54678200 -1.43833000 0.06148000
v 1.54840300 -1.59667300 0.14944700
v 1.54840300 -1.43833000 0.14944700
v 1.54798100 -1.20361700 0.14527900
v 1.54798100 -1.04675300 0.14527900
v 1.54650900 -1.20361700 0.06566000
v 1.54650900 -1.04675300 0.06566000
v 1.54667400 -0.96696300 0.18569000
v 1.54371100 -0.96696300 0.02532500
v 1.54667400 -0.89520800 0.18569000
v 1.54371100 -0.89520800 0.02532500
v 1.54325700 -1.04675300 0.04665200
v 1.54543300 -1.04675200 0.16439600
v 1.54543300 -0.96696300 0.16439600
v 1.54325700 -0.96696300 0.04665200
v 1.54248000 -1.20361700 0.13266400
v 1.54147900 -1.20361700 0.07847100
v 1.54147900 -1.04675300 0.07847000
v 1.54248000 -1.04675200 0.13266400
v 1.53902000 -1.20361700 0.11934400
v 1.53851300 -1.20361700 0.09190900
v 1.53902000 -1.04675300 0.11934300
v 1.53851300 -1.04675300 0.09190900
v 1.53768900 -1.20361700 0.10564700
v 1.53768900 -1.04675300 0.10564700
v 1.53570700 -1.59667300 0.06911000
v 1.53705600 -1.59667300 0.14223100
v 1.53705700 -1.43833000 0.14223300
v 1.53570600 -1.43833000 0.06911000
v 1.53781600 -0.89520800 0.19488300
v 1.53451900 -0.89520800 0.01646700
v 1.53781600 -0.72982400 0.19488300
v 1.53451900 -0.72982400 0.01646700
v 1.53697300 -1.04675300 0.15114700
v 1.53529300 -1.04675300 0.06020400
v 1.53697300 -0.96696300 0.15114700
v 1.53529300 -0.96696300 0.06020400
v 1.53486800 -0.96696300 0.17237300
v 1.53240500 -0.96696300 0.03906900
v 1.53486900 -0.89520800 0.17237400
v 1.53240500 -0.89520800 0.03906900
v 1.53069100 -1.04675200 0.13673700
v 1.52954700 -1.04675200 0.07483600
v 1.53069100 -0.96696300 0.13673700
v 1.52954700 -0.96696300 0.07483600
v 1.52788500 -1.59667300 0.13407700
v 1.52684200 -1.59667300 0.07759800
v 1.52788500 -1.43833000 0.13407500
v 1.52684100 -1.43833000 0.07759700
v 1.52616100 -1.04675300 0.09018600
v 1.52674000 -1.04675200 0.12152300
v 1.52674000 -0.96696300 0.12152300
v 1.52616100 -0.96696300 0.09018600
v 1.52521700 -1.04675300 0.10587700
v 1.52521700 -0.96696300 0.10587700
v 1.52529100 -0.96696300 0.15737300
v 1.52338800 -0.96696300 0.05441200
v 1.52529100 -0.89520800 0.15737300
v 1.52338800 -0.89520800 0.05441200
v 1.52468100 -0.89520800 0.18006700
v 1.52194000 -0.89520800 0.03175800
v 1.52468100 -0.72982400 0.18006700
v 1.52194000 -0.72982400 0.03175800
v 1.52111400 -1.59667300 0.12518800
v 1.52111300 -1.43833000 0.12518500
v 1.52040200 -1.43833000 0.08673900
v 1.52040100 -1.59667300 0.08674000
v 1.51817700 -0.96696300 0.14106000
v 1.51688200 -0.96696300 0.07097700
v 1.51817700 -0.89520800 0.14106000
v 1.51688200 -0.89520800 0.07097700
v 1.51690900 -1.59667300 0.11576500
v 1.51690900 -1.43833000 0.11576600
v 1.51654800 -1.59667300 0.09630100
v 1.51654800 -1.43833000 0.09630000
v 1.51537400 -1.59667300 0.10605400
v 1.51537400 -1.43833000 0.10605400
v 1.51370300 -0.96696300 0.12383500
v 1.51304700 -0.96696300 0.08835700
v 1.51370300 -0.89520800 0.12383500
v 1.51304700 -0.89520800 0.08835700
v 1.51402500 -0.89520800 0.16337900
v 1.51190900 -0.89520800 0.04882800
v 1.51402500 -0.72982400 0.16337900
v 1.51190900 -0.72982400 0.04882800
v 1.51197900 -0.96696300 0.10612200
v 1.51197900 -0.89520800 0.10612200
v 1.50611000 -0.89520800 0.14522900
v 1.50467000 -0.89520800 0.06725800
v 1.50611000 -0.72982400 0.14522900
v 1.50467000 -0.72982400 0.06725800
v 1.50113400 -0.89520800 0.12606400
v 1.50040500 -0.89520800 0.08659300
v 1.50113400 -0.72982400 0.12606400
v 1.50040500 -0.72982400 0.08659300
v 1.49921700 -0.89520800 0.10635700
v 1.49921700 -0.72982400 0.10635700
v 1.39447000 -0.86208700 0.13763000
v 1.39873900 -0.83780000 0.36867000
v 1.39020100 -0.83780000 -0.09341000
v 1.40282200 -0.76599900 0.58961300
v 1.38611900 -0.76599900 -0.31435200
v 1.40653900 -0.64982300 0.79080100
v 1.38240100 -0.64982300 -0.51554100
v 1.40972900 -0.49434900 0.96344300
v 1.37921100 -0.49434900 -0.68818200
v 1.41225200 -0.30637200 1.09999400
v 1.37668800 -0.30637200 -0.82473200
v 1.41399800 -0.09410800 1.19448300
v 1.41489000 0.13316700 1.24278300
v 1.41489000 0.36551900 1.24278300
v 1.41399800 0.59279400 1.19448300
v 1.37668800 0.80505700 -0.82473200
v 1.41225200 0.80505800 1.09999300
v 1.37921100 0.99303400 -0.68818200
v 1.40972900 0.99303500 0.96344300
v 1.38240100 1.14850800 -0.51554100
v 1.40653900 1.14850900 0.79080100
v 1.38611900 1.26468500 -0.31435200
v 1.40282200 1.26468600 0.58961200
v 1.39020100 1.33648500 -0.09341000
v 1.39873900 1.33648600 0.36866900
v 1.39447000 1.36077200 0.13763000
v 1.24031200 -0.87654500 0.14047800
v 1.24463600 -0.85194200 0.37452400
v 1.23598700 -0.85194200 -0.09356700
v 1.24877200 -0.77920700 0.59834100
v 1.23185200 -0.77920700 -0.31738300
v 1.25253800 -0.66152000 0.80214600
v 1.22808600 -0.66152000 -0.52118900
v 1.25576900 -0.50402300 0.97703500
v 1.22485400 -0.50402300 -0.69607600
v 1.25832500 -0.31360100 1.11536000
v 1.22229900 -0.31360100 -0.83440200
v 1.26009400 -0.09857600 1.21108000
v 1.26099800 0.13165600 1.26000800
v 1.26099800 0.36703000 1.26000800
v 1.26009400 0.59726100 1.21107900
v 1.22229900 0.81228600 -0.83440200
v 1.25832500 0.81228700 1.11536000
v 1.22485400 1.00270800 -0.69607600
v 1.25576900 1.00270900 0.97703400
v 1.22808600 1.16020500 -0.52118900
v 1.25253800 1.16020600 0.80214600
v 1.23185200 1.27789200 -0.31738200
v 1.24877200 1.27789300 0.59834100
v 1.23598700 1.35062700 -0.09356700
v 1.24463600 1.35062800 0.37452300
v 1.24031200 1.37523000 0.14047800
v 1.08615500 -0.89678600 0.14332700
v 1.09055800 -0.87174000 0.38158000
v 1.08175300 -0.87174000 -0.09492600
v 1.09476800 -0.79769800 0.60942000
v 1.07754300 -0.79769800 -0.32276600
v 1.09860100 -0.67789500 0.81689000
v 1.07371000 -0.67789500 -0.53023500
v 1.10189100 -0.51756700 0.99492100
v 1.07042000 -0.51756700 -0.70826700
v 1.10449300 -0.32372100 1.13573400
v 1.06781900 -0.32372100 -0.84908000
v 1.10629300 -0.10483100 1.23317500
v 1.10721300 0.12954000 1.28298200
v 1.10721300 0.36914600 1.28298200
v 1.10629300 0.60351700 1.23317500
v 1.06781900 0.82240700 -0.84908000
v 1.10449300 0.82240800 1.13573400
v 1.07042000 1.01625200 -0.70826700
v 1.10189100 1.01625300 0.99492100
v 1.07371000 1.17658000 -0.53023500
v 1.09860100 1.17658100 0.81689000
v 1.07754300 1.29638300 -0.32276600
v 1.09476800 1.29638400 0.60942000
v 1.08175300 1.37042500 -0.09492600
v 1.09055800 1.37042600 0.38158000
v 1.08615500 1.39547100 0.14332700
v 0.93199800 -0.91702700 0.14617500
v 0.93647800 -0.89153900 0.38863600
v 0.92751800 -0.89153900 -0.09628500
v 0.94076300 -0.81618900 0.62049900
v 0.92323400 -0.81618900 -0.32814900
v 0.94466400 -0.69427000 0.83163400
v 0.91933300 -0.69427000 -0.53928200
v 0.94801100 -0.53111100 1.01280900
v 0.91598500 -0.53111100 -0.72045800
v 0.95065900 -0.33384200 1.15610900
v 0.91333800 -0.33384200 -0.86375700
v 0.95249100 -0.11108500 1.25527000
v 0.91150500 -0.11108500 -0.96291900
v 0.95342800 0.12742400 1.30595800
v 0.91056900 0.12742400 -1.01360700
v 0.95342800 0.37126200 1.30595800
v 0.91056900 0.37126200 -1.01360700
v 0.95249100 0.60977100 1.25527000
v 0.91150500 0.60977100 -0.96291900
v 0.91333800 0.83252700 -0.86375700
v 0.95065900 0.83252800 1.15610900
v 0.94801100 1.02979700 1.01280900
v 0.91598500 1.02979700 -0.72045800
v 0.91933300 1.19295500 -0.53928200
v 0.94466400 1.19295600 0.83163400
v 0.92323400 1.31487400 -0.32814900
v 0.94076300 1.31487500 0.62049900
v 0.92751800 1.39022400 -0.09628500
v 0.93647800 1.39022400 0.38863600
v 0.93199800 1.41571100 0.14617500
v 0.77784200 -0.93437600 0.14902400
v 0.78238900 -0.90850900 0.39509100
v 0.77329500 -0.90850900 -0.09704300
v 0.78673600 -0.83203800 0.63040300
v 0.76894800 -0.83203800 -0.33235600
v 0.79069600 -0.70830500 0.84467800
v 0.76498800 -0.70830500 -0.54663000
v 0.79409300 -0.54272000 1.02854800
v 0.76159100 -0.54272000 -0.73050000
v 0.79678100 -0.34251700 1.17398000
v 0.75890400 -0.34251700 -0.87593100
v 0.79864000 -0.11644600 1.27461500
v 0.75704400 -0.11644600 -0.97656700
v 0.79959100 0.12561000 1.32605800
v 0.75609400 0.12561000 -1.02801000
v 0.75609400 0.37307400 -1.02801000
v 0.79959100 0.37307500 1.32605800
v 0.79864000 0.61513200 1.27461500
v 0.75704400 0.61513200 -0.97656700
v 0.75890400 0.84120200 -0.87593100
v 0.79678100 0.84120300 1.17398000
v 0.76159100 1.04140500 -0.73050000
v 0.79409300 1.04140600 1.02854800
v 0.76498800 1.20699100 -0.54663000
v 0.79069600 1.20699200 0.84467800
v 0.76894800 1.33072400 -0.33235600
v 0.78673600 1.33072500 0.63040300
v 0.77329500 1.40719400 -0.09704300
v 0.78238900 1.40719500 0.39509100
v 0.77784200 1.43306200 0.14902400
v 0.76006100 -0.49549100 0.14935200
v 0.76221300 -0.48632500 0.26579600
v 0.75791000 -0.48632500 0.03290700
v 0.76431100 -0.45905300 0.37937400
v 0.75581100 -0.45905300 -0.08067000
v 0.76630500 -0.41434600 0.48728700
v 0.75381700 -0.41434600 -0.18858300
v 0.76814600 -0.35330500 0.58688000
v 0.75197700 -0.35330500 -0.28817600
v 0.76978700 -0.27743300 0.67569900
v 0.75033600 -0.27743300 -0.37699500
v 0.77118800 -0.18860000 0.75155700
v 0.74893400 -0.18859900 -0.45285400
v 0.77231600 -0.08899000 0.81258800
v 0.74780700 -0.08898900 -0.51388400
v 0.77314200 0.01894200 0.85728700
v 0.74698100 0.01894200 -0.55858300
v 0.77364600 0.13253900 0.88455500
v 0.74647700 0.13253900 -0.58585000
v 0.77381500 0.24900300 0.89371900
v 0.74630700 0.24900300 -0.59501500
v 0.77364600 0.36546800 0.88455500
v 0.74647700 0.36546800 -0.58585000
v 0.77314200 0.47906500 0.85728700
v 0.74698100 0.47906500 -0.55858300
v 0.77231600 0.58699600 0.81258800
v 0.74780700 0.58699700 -0.51388400
v 0.77118800 0.68660600 0.75155700
v 0.74893400 0.68660600 -0.45285300
v 0.76978700 0.77544000 0.67569900
v 0.75033600 0.77544000 -0.37699500
v 0.76814600 0.85131200 0.58688000
v 0.75197700 0.85131200 -0.28817500
v 0.76630500 0.91235300 0.48728700
v 0.75381700 0.91235300 -0.18858300
v 0.76431100 0.95705900 0.37937400
v 0.75581100 0.95706000 -0.08067000
v 0.76221300 0.98433100 0.26579700
v 0.75791000 0.98433200 0.03290800
v 0.76006100 0.99349800 0.14935200
v 0.70213000 -0.96872800 0.15042200
v 0.70565000 -0.95373500 0.34088500
v 0.69861100 -0.95373500 -0.04004000
v 0.70908200 -0.90912800 0.52665800
v 0.69517900 -0.90912800 -0.22581300
v 0.71234400 -0.83600300 0.70316600
v 0.69191700 -0.83600300 -0.40232200
v 0.71535300 -0.73616200 0.86606500
v 0.68890700 -0.73616200 -0.56522000
v 0.71803800 -0.61206200 1.01134100
v 0.68622300 -0.61206200 -0.71049600
v 0.72033000 -0.46676200 1.13541900
v 0.68393000 -0.46676100 -0.83457500
v 0.72217500 -0.30383500 1.23524300
v 0.68208600 -0.30383500 -0.93439900
v 0.72352600 -0.12729500 1.30835600
v 0.68073500 -0.12729500 -1.00751200
v 0.72435000 0.05850800 1.35295600
v 0.67991100 0.05850900 -1.05211200
v 0.72462700 0.24900300 1.36794600
v 0.67963400 0.24900300 -1.06710200
v 0.72435000 0.43949900 1.35295600
v 0.67991100 0.43949900 -1.05211200
v 0.72352600 0.62530300 1.30835600
v 0.68073500 0.62530300 -1.00751200
v 0.72217500 0.80184200 1.23524300
v 0.68208600 0.80184300 -0.93439900
v 0.72033000 0.96476700 1.13541900
v 0.68393000 0.96476800 -0.83457400
v 0.71803800 1.11006900 1.01134100
v 0.68622300 1.11007000 -0.71049600
v 0.71535300 1.23416900 0.86606500
v 0.68890700 1.23416900 -0.56522000
v 0.71234400 1.33401000 0.70316600
v 0.69191700 1.33401100 -0.40232100
v 0.70908200 1.40713400 0.52665800
v 0.69517900 1.40713600 -0.22581200
v 0.70565000 1.45174200 0.34088500
v 0.69861100 1.45174300 -0.04004000
v 0.70213000 1.46673500 0.15042200
v 0.62368500 -0.95172500 0.15187200
v 0.62829800 -0.92547900 0.40154500
v 0.61907100 -0.92547900 -0.09780100
v 0.63271000 -0.84788800 0.64030700
v 0.61466000 -0.84788700 -0.33656300
v 0.63672700 -0.72234200 0.85772200
v 0.61064300 -0.72234200 -0.55397700
v 0.64017400 -0.55432900 1.04428800
v 0.60719500 -0.55432900 -0.74054300
v 0.64290100 -0.35119200 1.19185000
v 0.60446900 -0.35119200 -0.88810600
v 0.64478800 -0.12180700 1.29396100
v 0.64575200 0.12379700 1.34615700
v 0.64575200 0.37488900 1.34615700
v 0.64478800 0.62049400 1.29396100
v 0.60446900 0.84987600 -0.88810600
v 0.64290100 0.84987700 1.19185000
v 0.60719500 1.05301400 -0.74054300
v 0.64017400 1.05301500 1.04428800
v 0.61064300 1.22102700 -0.55397700
v 0.63672700 1.22102800 0.85772200
v 0.61466000 1.34657300 -0.33656300
v 0.63271000 1.34657400 0.64030700
v 0.61907100 1.42416400 -0.09780100
v 0.62829800 1.42416600 0.40154500
v 0.62368500 1.45041100 0.15187200
v 0.46952800 -0.64522100 0.15472000
v 0.47296400 -0.62567200 0.34068000
v 0.46609200 -0.62567200 -0.03123800
v 0.47625000 -0.56788200 0.51851000
v 0.46280600 -0.56788200 -0.20907000
v 0.47924200 -0.47437500 0.68044300
v 0.45981500 -0.47437500 -0.37100100
v 0.48181000 -0.34923700 0.81939800
v 0.45724700 -0.34923700 -0.50995600
v 0.48384000 -0.19793900 0.92930400
v 0.45521600 -0.19793900 -0.61986200
v 0.48384000 0.69662500 0.92930400
v 0.45521600 0.69662500 -0.61986200
v 0.45724700 0.84792200 -0.50995600
v 0.48181000 0.84792300 0.81939800
v 0.45981500 0.97306000 -0.37100100
v 0.47924200 0.97306100 0.68044300
v 0.46280600 1.06656600 -0.20907000
v 0.47625000 1.06656700 0.51851000
v 0.47296400 1.12435800 0.34067900
v 0.46609200 1.12435800 -0.03123800
v 0.46952800 1.14390600 0.15472000
v 0.31537200 -0.07847800 0.15756900
v 0.31663100 -0.07131400 0.22571500
v 0.31411300 -0.07131400 0.08942300
v 0.31783500 -0.05013600 0.29088300
v 0.31290900 -0.05013600 0.02425500
v 0.31893200 -0.01586900 0.35022400
v 0.31181200 -0.01586900 -0.03508500
v 0.31411300 0.56999900 0.08942300
v 0.31663100 0.57000000 0.22571500
v 0.31537200 0.57716300 0.15756900
v 0.05959600 0.06300700 0.17559200
v 0.05904600 0.06300700 0.14586100
v 0.06013800 0.06765900 0.20495700
v 0.05850400 0.06765900 0.11649600
v 0.06066100 0.07684800 0.23323300
v 0.05798100 0.07684800 0.08822100
v 0.05932100 0.08618500 0.16072700
v 0.05980000 0.08822300 0.18665000
v 0.05884200 0.08822300 0.13480400
v 0.06115000 0.09034800 0.25972400
v 0.05749200 0.09034800 0.06173000
v 0.06026700 0.09429600 0.21193500
v 0.05837500 0.09429600 0.10951900
v 0.06071100 0.10424800 0.23595900
v 0.05793100 0.10424800 0.08549500
v 0.06159400 0.10782600 0.28377700
v 0.05704700 0.10782600 0.03767800
v 0.06112100 0.11783700 0.25813000
v 0.05752100 0.11783700 0.06332400
v 0.06198300 0.12885300 0.30479900
v 0.05665900 0.12885300 0.01665400
v 0.06148600 0.13472700 0.27790300
v 0.05715600 0.13472700 0.04355100
v 0.06230600 0.15291000 0.32227500
v 0.05633600 0.15291000 -0.00082100
v 0.06179800 0.15450400 0.29479100
v 0.05684400 0.15450400 0.02666200
v 0.06204900 0.17667900 0.30837700
v 0.05659300 0.17667900 0.01307600
v 0.05608700 0.17940400 -0.01431900
v 0.06255500 0.17940500 0.33577200
v 0.06223300 0.20070600 0.31832800
v 0.05640900 0.20070600 0.00312500
v 0.06272500 0.20768500 0.34496000
v 0.05591700 0.20768500 -0.02350600
v 0.06234500 0.22599600 0.32439900
v 0.05629700 0.22599600 -0.00294600
v 0.06281100 0.23705600 0.34961000
v 0.05583100 0.23705600 -0.02815700
v 0.06238300 0.25192400 0.32643800
v 0.05932100 0.25192400 0.16072700
v 0.05625900 0.25192400 -0.00498500
v 0.06281100 0.26679100 0.34961000
v 0.05583100 0.26679100 -0.02815700
v 0.06234500 0.27785100 0.32439900
v 0.05629700 0.27785100 -0.00294600
v 0.06272500 0.29616200 0.34496000
v 0.05591700 0.29616200 -0.02350600
v 0.06223300 0.30314000 0.31832900
v 0.05640900 0.30314000 0.00312500
v 0.06255500 0.32444200 0.33577200
v 0.05608700 0.32444200 -0.01431900
v 0.05659300 0.32716700 0.01307600
v 0.06204900 0.32716800 0.30837700
v 0.06179800 0.34934300 0.29479100
v 0.05684400 0.34934300 0.02666200
v 0.06230600 0.35093700 0.32227500
v 0.05633600 0.35093700 -0.00082100
v 0.06148600 0.36912000 0.27790300
v 0.05715600 0.36912000 0.04355100
v 0.06198300 0.37499400 0.30479900
v 0.05665900 0.37499400 0.01665400
v 0.06112100 0.38601000 0.25813000
v 0.05752100 0.38601000 0.06332400
v 0.06159400 0.39602100 0.28377700
v 0.05704700 0.39602100 0.03767800
v 0.06071100 0.39959900 0.23595900
v 0.05793100 0.39959900 0.08549500
v 0.06026700 0.40955200 0.21193500
v 0.05837500 0.40955200 0.10951900
v 0.06115000 0.41349900 0.25972400
v 0.05749200 0.41349900 0.06173000
v 0.05980000 0.41562300 0.18665000
v 0.05884200 0.41562300 0.13480400
v 0.05932100 0.41766400 0.16072700
v 0.06066100 0.42699900 0.23323300
v 0.05798100 0.42699900 0.08822100
v 0.06013800 0.43618800 0.20495700
v 0.05850400 0.43618800 0.11649600
v 0.05959600 0.44084000 0.17559200
v 0.05904600 0.44084000 0.14586100
v 0.05302300 -0.04512800 0.18422600
v 0.05215900 -0.04512800 0.13747700
v 0.05259100 -0.04010800 0.16085100
v 0.05387600 -0.03781300 0.23039900
v 0.05130600 -0.03781300 0.09130300
v 0.05343500 -0.03651200 0.20652700
v 0.05174700 -0.03651200 0.11517600
v 0.05425900 -0.02581400 0.25107900
v 0.05092400 -0.02581400 0.07062400
v 0.05469800 -0.02336500 0.27485900
v 0.05048500 -0.02336500 0.04684200
v 0.05504100 -0.00827800 0.29340800
v 0.05014200 -0.00827800 0.02829500
v 0.05546800 -0.00213700 0.31651300
v 0.04971500 -0.00213700 0.00518900
v 0.05576300 0.01566500 0.33247400
v 0.04942000 0.01566500 -0.01077100
v 0.05616700 0.02534600 0.35433400
v 0.04901600 0.02534600 -0.03263100
v 0.05640600 0.04542600 0.36731300
v 0.04877700 0.04542600 -0.04561100
v 0.05677700 0.05840800 0.38739000
v 0.04840600 0.05840800 -0.06568800
v 0.05695600 0.08027200 0.39706900
v 0.04822700 0.08027200 -0.07536700
v 0.05728500 0.09623400 0.41486900
v 0.04789800 0.09623400 -0.09316700
v 0.05739800 0.11934400 0.42100800
v 0.04778400 0.11934400 -0.09930600
v 0.05767700 0.13789600 0.43609200
v 0.04750600 0.13789600 -0.11439000
v 0.05772300 0.16168100 0.43854200
v 0.04746100 0.16168100 -0.11684000
v 0.05794400 0.18236300 0.45053800
v 0.04723900 0.18236300 -0.12883600
v 0.05792000 0.20624000 0.44923800
v 0.04726300 0.20624000 -0.12753500
v 0.05807900 0.22854500 0.45785100
v 0.04710400 0.22854500 -0.13614900
v 0.05798600 0.25192400 0.45283200
v 0.04719600 0.25192400 -0.13113000
v 0.05807900 0.27530200 0.45785100
v 0.04710400 0.27530200 -0.13614900
v 0.05792000 0.29760700 0.44923800
v 0.04726300 0.29760700 -0.12753500
v 0.05794400 0.32148300 0.45053800
v 0.04723900 0.32148300 -0.12883700
v 0.05772300 0.34216600 0.43854200
v 0.04746100 0.34216600 -0.11684000
v 0.05767700 0.36595200 0.43609300
v 0.04750600 0.36595200 -0.11439000
v 0.05739800 0.38450200 0.42100800
v 0.04778400 0.38450200 -0.09930600
v 0.04789800 0.40761200 -0.09316700
v 0.05728500 0.40761300 0.41486900
v 0.04822700 0.42357400 -0.07536700
v 0.05695600 0.42357500 0.39706900
v 0.05677700 0.44543900 0.38739000
v 0.04840600 0.44543900 -0.06568800
v 0.05640600 0.45842100 0.36731300
v 0.04877700 0.45842100 -0.04561100
v 0.05616700 0.47850100 0.35433400
v 0.04901600 0.47850100 -0.03263100
v 0.05576300 0.48818100 0.33247400
v 0.04942000 0.48818100 -0.01077100
v 0.05546800 0.50598400 0.31651300
v 0.04971500 0.50598400 0.00518900
v 0.05504100 0.51212500 0.29340800
v 0.05014200 0.51212500 0.02829500
v 0.05469800 0.52721100 0.27485900
v 0.05048500 0.52721100 0.04684200
v 0.05425900 0.52966100 0.25107900
v 0.05092400 0.52966100 0.07062400
v 0.05343500 0.54035900 0.20652700
v 0.05174700 0.54035900 0.11517600
v 0.05387600 0.54166000 0.23039900
v 0.05130600 0.54166000 0.09130300
v 0.05259100 0.54395400 0.16085100
v 0.05302300 0.54897400 0.18422600
v 0.05215900 0.54897400 0.13747700
v 0.03240200 -0.18195600 0.16122400
v 0.03303100 -0.18061600 0.19526000
v 0.03177300 -0.18061600 0.12718900
v 0.03365600 -0.17661500 0.22908600
v 0.03114800 -0.17661500 0.09336200
v 0.03427300 -0.16996600 0.26249400
v 0.03053000 -0.16996600 0.05995500
v 0.03487900 -0.16072100 0.29527800
v 0.02992500 -0.16072100 0.02717100
v 0.03546900 -0.14892800 0.32723400
v 0.02933400 -0.14892800 -0.00478600
v 0.03604100 -0.13466600 0.35816800
v 0.02876300 -0.13466600 -0.03571900
v 0.03659000 -0.11801800 0.38788600
v 0.02821400 -0.11801800 -0.06543700
v 0.03711300 -0.09909300 0.41620800
v 0.02769000 -0.09909300 -0.09376000
v 0.03760700 -0.07800000 0.44295700
v 0.02719600 -0.07800000 -0.12050900
v 0.03807000 -0.05487600 0.46797200
v 0.02673400 -0.05487600 -0.14552300
v 0.03849600 -0.02985800 0.49109200
v 0.02630700 -0.02985800 -0.16864300
v 0.02591700 -0.00310500 -0.18973200
v 0.03888700 -0.00310400 0.51218000
v 0.03923600 0.02522300 0.53110300
v 0.02556800 0.02522300 -0.20865500
v 0.03954400 0.05494600 0.54774800
v 0.02526000 0.05494600 -0.22530000
v 0.02499600 0.08588500 -0.23955800
v 0.03980700 0.08588600 0.56200700
v 0.04002500 0.11784700 0.57379700
v 0.02477800 0.11784700 -0.25135000
v 0.04019600 0.15063700 0.58304200
v 0.02460800 0.15063700 -0.26059300
v 0.04031800 0.18405000 0.58968900
v 0.02448500 0.18405000 -0.26724100
v 0.04039200 0.21788200 0.59369000
v 0.02441100 0.21788200 -0.27124200
v 0.04041700 0.25192400 0.59503000
v 0.02438600 0.25192400 -0.27258100
v 0.04039200 0.28596500 0.59369000
v 0.02441100 0.28596500 -0.27124200
v 0.04031800 0.31979700 0.58968900
v 0.02448500 0.31979700 -0.26724100
v 0.04019600 0.35321000 0.58304200
v 0.02460800 0.35321000 -0.26059300
v 0.04002500 0.38600000 0.57379700
v 0.02477800 0.38600000 -0.25135000
v 0.03980700 0.41796100 0.56200700
v 0.02499600 0.41796100 -0.23955800
v 0.03954400 0.44890100 0.54774800
v 0.02526000 0.44890100 -0.22530000
v 0.03923600 0.47862400 0.53110300
v 0.02556800 0.47862400 -0.20865500
v 0.02591700 0.50695100 -0.18973200
v 0.03888700 0.50695200 0.51218000
v 0.03849600 0.53370500 0.49109200
v 0.02630700 0.53370500 -0.16864300
v 0.02673400 0.55872200 -0.14552300
v 0.03807000 0.55872300 0.46797200
v 0.03760700 0.58184700 0.44295700
v 0.02719600 0.58184700 -0.12050900
v 0.03711300 0.60294000 0.41620800
v 0.02769000 0.60294000 -0.09376000
v 0.03659000 0.62186500 0.38788600
v 0.02821400 0.62186500 -0.06543700
v 0.03604100 0.63851400 0.35816800
v 0.02876300 0.63851400 -0.03571900
v 0.03546900 0.65277400 0.32723400
v 0.02933400 0.65277400 -0.00478600
v 0.02992500 0.66456700 0.02717100
v 0.03487900 0.66456800 0.29527700
v 0.03427300 0.67381300 0.26249400
v 0.03053000 0.67381300 0.05995500
v 0.03365600 0.68046100 0.22908600
v 0.03114800 0.68046100 0.09336200
v 0.03303100 0.68446400 0.19526000
v 0.03177300 0.68446400 0.12718900
v 0.03240200 0.68580300 0.16122400
v 0.00215900 -0.32607200 0.16178300
v 0.00299700 -0.32428700 0.20712400
v 0.00132100 -0.32428700 0.11644200
v 0.00382900 -0.31895500 0.25218600
v 0.00048900 -0.31895500 0.07138000
v 0.00465200 -0.31009900 0.29669000
v -0.00033300 -0.31009900 0.02687600
v 0.00545900 -0.29778300 0.34036300
v -0.00114100 -0.29778300 -0.01679700
v 0.00624600 -0.28207200 0.38293300
v -0.00192700 -0.28207200 -0.05936800
v 0.00700700 -0.26307400 0.42414300
v -0.00268800 -0.26307400 -0.10057700
v 0.00773900 -0.24089600 0.46373200
v -0.00342000 -0.24089600 -0.14016600
v 0.00843600 -0.21568500 0.50146200
v -0.00411700 -0.21568500 -0.17789600
v 0.00909400 -0.18758600 0.53709600
v -0.00477600 -0.18758600 -0.21352900
v 0.00971000 -0.15678100 0.57041800
v -0.00539100 -0.15678100 -0.24685100
v -0.00596000 -0.12345300 -0.27765100
v 0.01027900 -0.12345200 0.60121700
v 0.01079800 -0.08781300 0.62931100
v -0.00647900 -0.08781300 -0.30574500
v 0.01126400 -0.05007700 0.65451900
v -0.00694500 -0.05007700 -0.33095300
v 0.01167300 -0.01048100 0.67669300
v -0.00735500 -0.01048100 -0.35312600
v 0.01202400 0.03073500 0.69568800
v -0.00770600 0.03073500 -0.37212100
v 0.01231400 0.07331300 0.71139500
v -0.00799600 0.07331300 -0.38782900
v 0.01254200 0.11699400 0.72371000
v -0.00822400 0.11699400 -0.40014300
v 0.01270600 0.16150500 0.73256400
v -0.00838700 0.16150500 -0.40899900
v 0.01280400 0.20657400 0.73789500
v -0.00848600 0.20657400 -0.41432900
v 0.01283700 0.25192400 0.73967900
v -0.00851900 0.25192400 -0.41611400
v -0.00848600 0.29727200 -0.41432900
v 0.01280400 0.29727300 0.73789500
v -0.00838700 0.34234100 -0.40899900
v 0.01270600 0.34234200 0.73256400
v 0.01254200 0.38685300 0.72371000
v -0.00822400 0.38685300 -0.40014300
v 0.01231400 0.43053400 0.71139500
v -0.00799600 0.43053400 -0.38782900
v 0.01202400 0.47311200 0.69568800
v -0.00770600 0.47311200 -0.37212100
v 0.01167300 0.51432800 0.67669300
v -0.00735500 0.51432800 -0.35312600
v -0.00694500 0.55392400 -0.33095300
v 0.01126400 0.55392500 0.65451900
v 0.01079800 0.59166000 0.62931100
v -0.00647900 0.59166000 -0.30574500
v -0.00596000 0.62729900 -0.27765100
v 0.01027900 0.62730000 0.60121700
v 0.00971000 0.66062800 0.57041800
v -0.00539100 0.66062800 -0.24685100
v 0.00909400 0.69143300 0.53709500
v -0.00477600 0.69143300 -0.21352900
v 0.00843600 0.71953200 0.50146200
v -0.00411700 0.71953200 -0.17789600
v 0.00773900 0.74474300 0.46373100
v -0.00342000 0.74474300 -0.14016600
v 0.00700700 0.76692100 0.42414200
v -0.00268800 0.76692100 -0.10057700
v 0.00624600 0.78591900 0.38293300
v -0.00192700 0.78591900 -0.05936800
v -0.00114100 0.80162900 -0.01679700
v 0.00545900 0.80163000 0.34036200
v 0.00465200 0.81394600 0.29669000
v -0.00033300 0.81394600 0.02687600
v 0.00382900 0.82280300 0.25218500
v 0.00048900 0.82280300 0.07138000
v 0.00299700 0.82813500 0.20712400
v 0.00132100 0.82813500 0.11644200
v 0.00215900 0.82991900 0.16178300
v -0.03472900 -0.45916200 0.16246400
v -0.03369800 -0.45696600 0.21824600
v -0.03575900 -0.45696600 0.10668300
v -0.03267300 -0.45040800 0.27368300
v -0.03678300 -0.45040700 0.05124500
v -0.03166200 -0.43951100 0.32843500
v -0.03779500 -0.43951100 -0.00350600
v -0.03066900 -0.42435900 0.38216500
v -0.03878800 -0.42435900 -0.05723600
v -0.02970100 -0.40503100 0.43453800
v -0.03975600 -0.40503100 -0.10960900
v -0.02876400 -0.38165900 0.48523600
v -0.04069200 -0.38165900 -0.16030700
v -0.02786400 -0.35437400 0.53394100
v -0.04159200 -0.35437400 -0.20901200
v -0.02700700 -0.32335700 0.58035900
v -0.04245000 -0.32335700 -0.25542900
v -0.02619700 -0.28878800 0.62419700
v -0.04326000 -0.28878800 -0.29926800
v -0.02543900 -0.25089000 0.66519200
v -0.04401700 -0.25089000 -0.34026300
v -0.02473900 -0.20988800 0.70308300
v -0.04471800 -0.20988800 -0.37815400
v -0.02410100 -0.16604200 0.73764700
v -0.04535600 -0.16604200 -0.41271700
v -0.04592900 -0.11961700 -0.44372900
v -0.02352800 -0.11961600 0.76865800
v -0.02302400 -0.07090300 0.79593800
v -0.04643300 -0.07090300 -0.47101000
v -0.02259200 -0.02019600 0.81930700
v -0.04686500 -0.02019600 -0.49437700
v -0.02223500 0.03218700 0.83863200
v -0.04722200 0.03218700 -0.51370200
v -0.04750200 0.08592400 -0.52885300
v -0.02195500 0.08592500 0.85378100
v -0.02175300 0.14068500 0.86467500
v -0.04770300 0.14068500 -0.53974700
v -0.02163200 0.19613300 0.87123300
v -0.04782400 0.19613300 -0.54630500
v -0.02159200 0.25192400 0.87342900
v -0.04786500 0.25192400 -0.54849900
v -0.02163200 0.30771400 0.87123300
v -0.04782400 0.30771400 -0.54630500
v -0.02175300 0.36316200 0.86467500
v -0.04770300 0.36316200 -0.53974700
v -0.04750200 0.41792200 -0.52885300
v -0.02195500 0.41792300 0.85378100
v -0.04722200 0.47166100 -0.51370200
v -0.02223500 0.47166200 0.83863200
v -0.02259200 0.52404300 0.81930700
v -0.04686500 0.52404300 -0.49437700
v -0.02302400 0.57475000 0.79593800
v -0.04643300 0.57475000 -0.47101000
v -0.04592900 0.62346300 -0.44372900
v -0.02352800 0.62346400 0.76865800
v -0.02410100 0.66988900 0.73764700
v -0.04535600 0.66988900 -0.41271700
v -0.02473900 0.71373500 0.70308300
v -0.04471800 0.71373500 -0.37815400
v -0.04401700 0.75473700 -0.34026300
v -0.02543900 0.75473800 0.66519200
v -0.02619700 0.79263500 0.62419700
v -0.04326000 0.79263500 -0.29926800
v -0.02700700 0.82720400 0.58035900
v -0.04245000 0.82720400 -0.25542900
v -0.02786400 0.85822100 0.53394100
v -0.04159200 0.85822100 -0.20901200
v -0.02876500 0.88550600 0.48523500
v -0.04069200 0.88550600 -0.16030700
v -0.03975600 0.90887700 -0.10960900
v -0.02970100 0.90887800 0.43453700
v -0.03878800 0.92820500 -0.05723600
v -0.03066900 0.92820600 0.38216400
v -0.03166200 0.94335800 0.32843500
v -0.03779500 0.94335800 -0.00350600
v -0.03267300 0.95425400 0.27368300
v -0.03678300 0.95425400 0.05124500
v -0.03369800 0.96081300 0.21824600
v -0.03575900 0.96081300 0.10668300
v -0.03472900 0.96300900 0.16246400
v -0.07298100 -0.57374600 0.16317100
v -0.07178400 -0.57119700 0.22794100
v -0.07417800 -0.57119700 0.09840100
v -0.07059500 -0.56358100 0.29231200
v -0.07536700 -0.56358100 0.03403000
v -0.06942000 -0.55092900 0.35588600
v -0.07654200 -0.55092900 -0.02954400
v -0.06826800 -0.53333500 0.41827400
v -0.07769500 -0.53333500 -0.09193100
v -0.06714400 -0.51089200 0.47908600
v -0.07881800 -0.51089200 -0.15274400
v -0.06605600 -0.48375300 0.53795300
v -0.07990600 -0.48375300 -0.21161100
v -0.06501200 -0.45207200 0.59450700
v -0.08095100 -0.45207200 -0.26816400
v -0.06401500 -0.41605800 0.64840500
v -0.06307500 -0.37591700 0.69930700
v -0.06219500 -0.33191300 0.74690700
v -0.06138200 -0.28430400 0.79090500
v -0.06064100 -0.23339300 0.83103800
v -0.05997600 -0.17948500 0.86704700
v -0.05939000 -0.12292300 0.89872300
v -0.05888900 -0.06404500 0.92585600
v -0.05847400 -0.00322200 0.94829600
v -0.05814900 0.05917500 0.96588700
v -0.05791600 0.12276100 0.97853600
v -0.05777500 0.18714200 0.98615200
v -0.05772800 0.25192400 0.98870000
v -0.05777500 0.31670500 0.98615200
v -0.05791600 0.38108700 0.97853600
v -0.05814900 0.44467200 0.96588700
v -0.05847400 0.50707000 0.94829600
v -0.05888900 0.56789200 0.92585600
v -0.05939000 0.62677000 0.89872300
v -0.05997600 0.68333200 0.86704700
v -0.06064100 0.73724000 0.83103800
v -0.06138200 0.78815100 0.79090500
v -0.06219500 0.83576000 0.74690700
v -0.06307500 0.87976500 0.69930700
v -0.06401500 0.91990500 0.64840500
v -0.06501200 0.95591900 0.59450700
v -0.08095100 0.95591900 -0.26816400
v -0.06605600 0.98760000 0.53795300
v -0.07990600 0.98760000 -0.21161100
v -0.06714400 1.01473900 0.47908500
v -0.07881800 1.01473900 -0.15274400
v -0.06826800 1.03718200 0.41827400
v -0.07769500 1.03718200 -0.09193100
v -0.07654200 1.05477500 -0.02954400
v -0.06942000 1.05477600 0.35588600
v -0.07059500 1.06742800 0.29231200
v -0.07536700 1.06742800 0.03403000
v -0.07178400 1.07504400 0.22794100
v -0.07417800 1.07504400 0.09840100
v -0.07298100 1.07759300 0.16317100
v -0.08194800 -0.41605800 -0.32206200
v -0.08288900 -0.37591700 -0.37296400
v -0.08376800 -0.33191300 -0.42056500
v -0.08458100 -0.28430400 -0.46456300
v -0.08532200 -0.23339300 -0.50469600
v -0.08598800 -0.17948500 -0.54070400
v -0.08657300 -0.12292300 -0.57238000
v -0.08707400 -0.06404500 -0.59951400
v -0.08748900 -0.00322200 -0.62195300
v -0.08781400 0.05917500 -0.63954400
v -0.08804800 0.12276000 -0.65219400
v -0.08818900 0.18714200 -0.65980800
v -0.08823600 0.25192400 -0.66235700
v -0.08818900 0.31670500 -0.65980800
v -0.08804800 0.38108600 -0.65219400
v -0.08781400 0.44467200 -0.63954400
v -0.08748900 0.50707000 -0.62195300
v -0.08707400 0.56789200 -0.59951400
v -0.08657300 0.62677000 -0.57238000
v -0.08598800 0.68333200 -0.54070400
v -0.08532200 0.73724000 -0.50469600
v -0.08458100 0.78815100 -0.46456300
v -0.08376800 0.83576000 -0.42056600
v -0.08288900 0.87976500 -0.37296400
v -0.08194800 0.91990400 -0.32206200
v -0.10732100 -0.66234200 0.16380600
v -0.10599600 -0.65951900 0.23552500
v -0.10864600 -0.65951900 0.09208600
v -0.10467900 -0.65108600 0.30680400
v -0.10996300 -0.65108600 0.02080700
v -0.10337800 -0.63707600 0.37719900
v -0.11126400 -0.63707600 -0.04958800
v -0.10210200 -0.61759500 0.44628100
v -0.11254100 -0.61759500 -0.11866900
v -0.10085800 -0.59274300 0.51361900
v -0.11378500 -0.59274300 -0.18600800
v -0.09965300 -0.56269300 0.57880300
v -0.11498900 -0.56269300 -0.25119100
v -0.09849600 -0.52761200 0.64142400
v -0.11614600 -0.52761200 -0.31381300
v -0.09739400 -0.48773200 0.70110600
v -0.09635200 -0.44328600 0.75746900
v -0.09537800 -0.39456000 0.81017800
v -0.09447800 -0.34184100 0.85889600
v -0.09365700 -0.28546800 0.90333500
v -0.09292000 -0.22577700 0.94320800
v -0.09227200 -0.16314400 0.97828300
v -0.09171700 -0.09794900 1.00832800
v -0.09125800 -0.03060000 1.03317500
v -0.09089800 0.03849400 1.05265400
v -0.09063900 0.10890100 1.06666100
v -0.09048300 0.18019200 1.07509300
v -0.09043100 0.25192400 1.07791600
v -0.09048300 0.32365600 1.07509300
v -0.09063900 0.39494600 1.06666100
v -0.09089800 0.46535400 1.05265400
v -0.09125800 0.53444800 1.03317500
v -0.09171700 0.60179600 1.00832800
v -0.09227200 0.66699100 0.97828300
v -0.09292000 0.72962400 0.94320800
v -0.09365700 0.78931500 0.90333500
v -0.09447800 0.84568900 0.85889600
v -0.09537800 0.89840700 0.81017800
v -0.09635200 0.94713300 0.75746900
v -0.09739400 0.99158000 0.70110600
v -0.09849600 1.03145900 0.64142400
v -0.11614600 1.03145900 -0.31381300
v -0.09965300 1.06654000 0.57880300
v -0.11498900 1.06654000 -0.25119100
v -0.11378500 1.09659000 -0.18600800
v -0.10085800 1.09659100 0.51361900
v -0.11254100 1.12144100 -0.11866900
v -0.10210200 1.12144200 0.44628100
v -0.10337800 1.14092400 0.37719900
v -0.11126400 1.14092400 -0.04958800
v -0.10996300 1.15493200 0.02080700
v -0.10467900 1.15493300 0.30680300
v -0.10864600 1.16336500 0.09208600
v -0.10599600 1.16336600 0.23552500
v -0.10732100 1.16618800 0.16380600
v -0.11725000 -0.48773300 -0.37349500
v -0.11829100 -0.44328600 -0.42985800
v -0.11926500 -0.39456000 -0.48256700
v -0.12016500 -0.34184200 -0.53128500
v -0.12098600 -0.28546800 -0.57572400
v -0.12172300 -0.22577700 -0.61559600
v -0.12237100 -0.16314400 -0.65067100
v -0.12292700 -0.09794900 -0.68071600
v -0.12338500 -0.03060000 -0.70556300
v -0.12374500 0.03849300 -0.72504200
v -0.12400400 0.10890100 -0.73904900
v -0.12416000 0.18019100 -0.74748100
v -0.12421200 0.25192400 -0.75030300
v -0.12416000 0.32365500 -0.74748100
v -0.12400400 0.39494600 -0.73904900
v -0.12374500 0.46535300 -0.72504200
v -0.12338500 0.53444700 -0.70556300
v -0.12292700 0.60179600 -0.68071600
v -0.12237100 0.66699100 -0.65067100
v -0.12172300 0.72962400 -0.61559600
v -0.12098600 0.78931500 -0.57572400
v -0.12016500 0.84568800 -0.53128500
v -0.11926500 0.89840600 -0.48256700
v -0.11829100 0.94713300 -0.42985800
v -0.11725000 0.99157900 -0.37349500
v -0.14252400 -0.74700000 0.16445600
v -0.13963700 -0.73470100 0.32069500
v -0.14541100 -0.73470100 0.00821700
v -0.13682100 -0.69810900 0.47308700
v -0.14822600 -0.69810900 -0.14417500
v -0.13414600 -0.63812400 0.61788100
v -0.15090200 -0.63812400 -0.28896900
v -0.13167700 -0.55622200 0.75150800
v -0.12947500 -0.45442200 0.87068100
v -0.12759400 -0.33522900 0.97246400
v -0.12608100 -0.20157800 1.05435100
v -0.12497300 -0.05676100 1.11432700
v -0.12429700 0.09565700 1.15091300
v -0.12407000 0.25192400 1.16320900
v -0.12429700 0.40819000 1.15091300
v -0.12497300 0.56060800 1.11432700
v -0.12608100 0.70542500 1.05435100
v -0.12759400 0.83907600 0.97246300
v -0.12947500 0.95826900 0.87068100
v -0.13167700 1.06007000 0.75150800
v -0.13414600 1.14197100 0.61788100
v -0.15090200 1.14197100 -0.28896900
v -0.13682100 1.20195600 0.47308700
v -0.14822600 1.20195600 -0.14417500
v -0.13963700 1.23854800 0.32069500
v -0.14541100 1.23854800 0.00821700
v -0.14252400 1.25084700 0.16445600
v -0.14107700 -0.74391600 0.24281700
v -0.14397200 -0.74391600 0.08609600
v -0.13821600 -0.71939500 0.39760900
v -0.14683200 -0.71939500 -0.06869700
v -0.13546200 -0.67095700 0.54666100
v -0.14958700 -0.67095700 -0.21774800
v -0.13288200 -0.59979400 0.68630100
v -0.15216700 -0.59979400 -0.35738900
v -0.15337200 -0.55622200 -0.42259600
v -0.13053900 -0.50766000 0.81309100
v -0.15451000 -0.50766000 -0.48417800
v -0.15557400 -0.45442200 -0.54176800
v -0.12849200 -0.39682200 0.92390900
v -0.15655700 -0.39682200 -0.59499700
v -0.15745400 -0.33522900 -0.64355100
v -0.12679000 -0.27001000 1.01602900
v -0.15825900 -0.27001000 -0.68711600
v -0.15896700 -0.20157800 -0.72543900
v -0.15957400 -0.13034600 -0.75826600
v -0.12547500 -0.13034500 1.08717900
v -0.16007600 -0.05676100 -0.78541400
v -0.16046900 0.01873000 -0.80669600
v -0.12458000 0.01873100 1.13560800
v -0.16075200 0.09565700 -0.82200000
v -0.12412700 0.17355000 1.16012600
v -0.16092200 0.17355000 -0.83121300
v -0.16097900 0.25192400 -0.83429600
v -0.16092200 0.33029700 -0.83121300
v -0.12412700 0.33029800 1.16012600
v -0.16075200 0.40819000 -0.82200000
v -0.16046900 0.48511600 -0.80669600
v -0.12458000 0.48511700 1.13560800
v -0.16007600 0.56060800 -0.78541400
v -0.12547500 0.63419300 1.08717900
v -0.15957400 0.63419300 -0.75826600
v -0.15896700 0.70542500 -0.72543900
v -0.12679000 0.77385700 1.01602900
v -0.15825900 0.77385700 -0.68711600
v -0.15745400 0.83907600 -0.64355100
v -0.12849200 0.90066900 0.92390900
v -0.15655700 0.90066900 -0.59499700
v -0.15557400 0.95826900 -0.54176800
v -0.13053900 1.01150700 0.81309000
v -0.15451000 1.01150700 -0.48417800
v -0.15337200 1.06006900 -0.42259600
v -0.13288300 1.10364100 0.68630000
v -0.15216700 1.10364100 -0.35738900
v -0.13546300 1.17480400 0.54666000
v -0.14958700 1.17480400 -0.21774800
v -0.13821600 1.22324200 0.39760900
v -0.14683200 1.22324200 -0.06869700
v -0.14107700 1.24776300 0.24281700
v -0.14397200 1.24776300 0.08609600
v -0.18336800 -0.84977100 0.16521100
v -0.18177100 -0.84636900 0.25163400
v -0.18496500 -0.84636900 0.07878800
v -0.18018400 -0.83620600 0.33752400
v -0.18655200 -0.83620600 -0.00710300
v -0.17861700 -0.81932400 0.42235100
v -0.18811900 -0.81932400 -0.09192900
v -0.17707800 -0.79585000 0.50559600
v -0.18965700 -0.79585000 -0.17517300
v -0.17557900 -0.76590400 0.58673700
v -0.19115600 -0.76590400 -0.25631500
v -0.17412800 -0.72969300 0.66528400
v -0.17273300 -0.68742100 0.74074400
v -0.17140400 -0.63936600 0.81266000
v -0.17015000 -0.58580700 0.88057900
v -0.16897600 -0.52709200 0.94409300
v -0.16789200 -0.46356600 1.00279900
v -0.16690200 -0.39563600 1.05634900
v -0.16601400 -0.32370700 1.10439400
v -0.16523300 -0.24823500 1.14666000
v -0.16456400 -0.16967400 1.18286500
v -0.16401100 -0.08851800 1.21280500
v -0.16357700 -0.00526000 1.23627700
v -0.16326500 0.07958100 1.25315600
v -0.16307800 0.16548600 1.26331600
v -0.16301500 0.25192400 1.26671800
v -0.16307800 0.33836200 1.26331600
v -0.16326500 0.42426700 1.25315600
v -0.16357700 0.50910800 1.23627700
v -0.16401100 0.59236600 1.21280500
v -0.16456400 0.67352200 1.18286500
v -0.16523300 0.75208300 1.14665900
v -0.16601400 0.82755500 1.10439400
v -0.16690200 0.89948400 1.05634800
v -0.16789200 0.96741400 1.00279900
v -0.16897600 1.03093900 0.94409300
v -0.17015000 1.08965500 0.88057900
v -0.17140400 1.14321300 0.81266000
v -0.17273300 1.19126800 0.74074400
v -0.17412800 1.23354100 0.66528300
v -0.19115600 1.26975100 -0.25631500
v -0.17557900 1.26975300 0.58673700
v -0.18965700 1.29969600 -0.17517300
v -0.17707800 1.29969700 0.50559500
v -0.17861700 1.32317300 0.42235100
v -0.18811900 1.32317300 -0.09192900
v -0.18018400 1.34005400 0.33752400
v -0.18655200 1.34005400 -0.00710300
v -0.18177100 1.35021600 0.25163300
v -0.18496500 1.35021600 0.07878800
v -0.18336800 1.35361800 0.16521100
v -0.19260800 -0.72969300 -0.33486200
v -0.19400300 -0.68742100 -0.41032200
v -0.19533200 -0.63936600 -0.48223900
v -0.19658700 -0.58580800 -0.55015600
v -0.19776000 -0.52709200 -0.61367100
v -0.19884500 -0.46356600 -0.67237600
v -0.19983400 -0.39563600 -0.72592600
v -0.20072200 -0.32370800 -0.77397300
v -0.20150300 -0.24823500 -0.81623800
v -0.20217200 -0.16967500 -0.85244300
v -0.20272500 -0.08851900 -0.88238300
v -0.20315900 -0.00526000 -0.90585500
v -0.20347100 0.07958000 -0.92273300
v -0.20365900 0.16548600 -0.93289400
v -0.20372200 0.25192400 -0.93629500
v -0.20365900 0.33836100 -0.93289400
v -0.20347100 0.42426700 -0.92273300
v -0.20315900 0.50910800 -0.90585500
v -0.20272500 0.59236500 -0.88238300
v -0.20217200 0.67352100 -0.85244300
v -0.20150300 0.75208200 -0.81623800
v -0.20072200 0.82755500 -0.77397300
v -0.19983400 0.89948300 -0.72592600
v -0.19884500 0.96741300 -0.67237600
v -0.19776000 1.03093900 -0.61367100
v -0.19658700 1.08965400 -0.55015600
v -0.19533200 1.14321200 -0.48223800
v -0.19400300 1.19126800 -0.41032200
v -0.19260800 1.23354000 -0.33486200
v -0.24055200 -0.75546500 -0.56576800
v -0.24329700 -0.62856600 -0.71432200
v -0.20653400 0.81723300 1.27530900
v -0.23747400 1.36140400 -0.39919500
v -0.23413900 1.43617900 -0.21870500
v -0.22703200 -0.99327700 0.16601800
v -0.22343300 -0.97794600 0.36077700
v -0.23063000 -0.97794600 -0.02874100
v -0.22703200 -0.96534400 0.16601800
v -0.22527300 -0.95785100 0.26121200
v -0.22879100 -0.95785100 0.07082300
v -0.22351400 -0.95035700 0.35640800
v -0.23054900 -0.95035700 -0.02437300
v -0.21992300 -0.93233200 0.55074100
v -0.23414000 -0.93233200 -0.21870400
v -0.22179800 -0.92806200 0.44925900
v -0.23226500 -0.92806200 -0.11722400
v -0.22008200 -0.90576700 0.54211000
v -0.23398100 -0.90576700 -0.21007400
v -0.21845200 -0.86921900 0.63033100
v -0.23561100 -0.86921900 -0.29829500
v -0.21658800 -0.85755800 0.73123000
v -0.23747500 -0.85755800 -0.39919500
v -0.21682200 -0.83267000 0.71855100
v -0.23724100 -0.83267000 -0.38651600
v -0.21531800 -0.78276800 0.79997000
v -0.23874500 -0.78276800 -0.46793400
v -0.21351000 -0.75546500 0.89780400
v -0.21381300 -0.73286700 0.88138800
v -0.24025000 -0.73286700 -0.54935200
v -0.21247200 -0.67084100 0.95399800
v -0.24159100 -0.67084100 -0.62196300
v -0.21076500 -0.62856600 1.04635700
v -0.21113000 -0.60881500 1.02661000
v -0.24293300 -0.60881500 -0.69457400
v -0.24293300 -0.60881500 -0.69457400
v -0.20998400 -0.53619200 1.08862500
v -0.24407900 -0.53619200 -0.75658900
v -0.24564200 -0.47998700 -0.84119900
v -0.20842100 -0.47998600 1.17323400
v -0.20883800 -0.46356900 1.15064000
v -0.24522400 -0.46356900 -0.81860400
v -0.20791700 -0.38213600 1.20053300
v -0.24614700 -0.38213600 -0.86849800
v -0.24752800 -0.31338600 -0.94327400
v -0.20653500 -0.31338500 1.27530900
v -0.24706800 -0.30070500 -0.91839100
v -0.20699500 -0.30070400 1.25042600
v -0.24774400 -0.21246900 -0.95493300
v -0.20631900 -0.21246800 1.28696800
v -0.20515300 -0.13286400 1.35007100
v -0.24890900 -0.13286400 -1.01803600
v -0.24841900 -0.12423300 -0.99147600
v -0.20564400 -0.12423200 1.32351100
v -0.24883100 -0.03136600 -1.01376700
v -0.20523300 -0.03136500 1.34580200
v -0.24975300 0.05713100 -1.06364200
v -0.20431100 0.05713200 1.39567800
v -0.20482100 0.06150200 1.36809400
v -0.24924300 0.06150200 -1.03605800
v -0.20468200 0.15671200 1.37558600
v -0.24938100 0.15671200 -1.04355100
v -0.20402800 0.25192400 1.41100600
v -0.20454400 0.25192400 1.38307800
v -0.24951900 0.25192400 -1.05104300
v -0.25003600 0.25192400 -1.07897100
v -0.24938100 0.34713500 -1.04355100
v -0.20468200 0.34713600 1.37558600
v -0.20482100 0.44234700 1.36809400
v -0.24924300 0.44234700 -1.03605800
v -0.24975300 0.44671500 -1.06364300
v -0.20431100 0.44671600 1.39567900
v -0.20523300 0.53521300 1.34580200
v -0.24883100 0.53521300 -1.01376700
v -0.20564400 0.62808000 1.32351100
v -0.24841900 0.62808000 -0.99147600
v -0.24890900 0.63671100 -1.01803600
v -0.20515300 0.63671200 1.35007100
v -0.20631900 0.71631600 1.28696800
v -0.24774400 0.71631600 -0.95493300
v -0.20699500 0.80455200 1.25042600
v -0.24706800 0.80455200 -0.91839100
v -0.24752800 0.81723200 -0.94327400
v -0.24614700 0.88598300 -0.86849800
v -0.20791700 0.88598400 1.20053300
v -0.24522400 0.96741600 -0.81860400
v -0.20883800 0.96741700 1.15064000
v -0.24564200 0.98383300 -0.84120000
v -0.20842100 0.98383400 1.17323500
v -0.20998400 1.04003900 1.08862500
v -0.24407900 1.04003900 -0.75658900
v -0.24293300 1.11266100 -0.69457400
v -0.21113000 1.11266200 1.02661000
v -0.24329800 1.13241300 -0.71432100
v -0.21076500 1.13241400 1.04635700
v -0.21247200 1.17468800 0.95399800
v -0.24159100 1.17468800 -0.62196300
v -0.24025000 1.23671300 -0.54935200
v -0.21381300 1.23671400 0.88138700
v -0.24055300 1.25931200 -0.56576700
v -0.21351000 1.25931300 0.89780400
v -0.23874500 1.28661500 -0.46793400
v -0.21531800 1.28661600 0.79996900
v -0.21682200 1.33651700 0.71855100
v -0.23724100 1.33651700 -0.38651600
v -0.21658800 1.36140600 0.73123000
v -0.21845200 1.37306600 0.63033000
v -0.23561100 1.37306600 -0.29829500
v -0.23398100 1.40961400 -0.21007400
v -0.22008200 1.40961500 0.54210900
v -0.22179800 1.43191000 0.44925800
v -0.23226500 1.43191000 -0.11722400
v -0.21992300 1.43618000 0.55073900
v -0.22351400 1.45420500 0.35640700
v -0.23054900 1.45420500 -0.02437300
v -0.22527300 1.46169800 0.26121200
v -0.22879100 1.46169800 0.07082300
v -0.22703200 1.46919300 0.16601800
v -0.23063000 1.48179300 -0.02874000
v -0.22343300 1.48179400 0.36077600
v -0.22703200 1.49712400 0.16601800
v -0.25555700 -0.96872800 0.16811800
v -0.25203700 -0.95373500 0.35858000
v -0.25907600 -0.95373500 -0.02234500
v -0.24860500 -0.90912800 0.54435400
v -0.26250800 -0.90912800 -0.20811800
v -0.24534300 -0.83600300 0.72086100
v -0.26576900 -0.83600300 -0.38462700
v -0.24233300 -0.73616200 0.88376000
v -0.26878000 -0.73616200 -0.54752500
v -0.23964900 -0.61206200 1.02903700
v -0.27146400 -0.61206200 -0.69280100
v -0.25555700 -0.49549100 0.16811800
v -0.25340500 -0.48632500 0.28456200
v -0.25770800 -0.48632500 0.05167300
v -0.23735700 -0.46676200 1.15311500
v -0.27375700 -0.46676100 -0.81688000
v -0.25130700 -0.45905300 0.39814000
v -0.25980700 -0.45905300 -0.06190400
v -0.24931200 -0.41434600 0.50605300
v -0.26180100 -0.41434600 -0.16981700
v -0.24747200 -0.35330500 0.60564600
v -0.26364100 -0.35330500 -0.26941000
v -0.23551200 -0.30383500 1.25293900
v -0.27560100 -0.30383500 -0.91670400
v -0.24583100 -0.27743300 0.69446500
v -0.26528200 -0.27743300 -0.35822900
v -0.24443000 -0.18860000 0.77032300
v -0.26668400 -0.18859900 -0.43408800
v -0.23416100 -0.12729500 1.32605100
v -0.27695200 -0.12729500 -0.98981600
v -0.24330200 -0.08899000 0.83135400
v -0.26781100 -0.08898900 -0.49511800
v -0.24247600 0.01894200 0.87605300
v -0.26863700 0.01894200 -0.53981700
v -0.23333700 0.05850800 1.37065200
v -0.27777600 0.05850900 -1.03441700
v -0.24197200 0.13253900 0.90332000
v -0.26914100 0.13253900 -0.56708500
v -0.23306000 0.24900300 1.38564100
v -0.24180300 0.24900300 0.91248500
v -0.26931000 0.24900300 -0.57624900
v -0.27805300 0.24900300 -1.04940600
v -0.24197200 0.36546800 0.90332000
v -0.26914100 0.36546800 -0.56708500
v -0.23333700 0.43949900 1.37065200
v -0.27777600 0.43949900 -1.03441700
v -0.24247600 0.47906500 0.87605300
v -0.26863700 0.47906500 -0.53981700
v -0.24330200 0.58699600 0.83135400
v -0.26781100 0.58699700 -0.49511800
v -0.23416100 0.62530300 1.32605100
v -0.27695200 0.62530300 -0.98981600
v -0.24443000 0.68660600 0.77032300
v -0.26668400 0.68660600 -0.43408700
v -0.24583100 0.77544000 0.69446500
v -0.26528200 0.77544000 -0.35822900
v -0.23551200 0.80184200 1.25293900
v -0.27560100 0.80184300 -0.91670400
v -0.24747200 0.85131200 0.60564600
v -0.26364100 0.85131200 -0.26940900
v -0.24931200 0.91235300 0.50605300
v -0.26180100 0.91235300 -0.16981700
v -0.25130700 0.95705900 0.39814000
v -0.25980700 0.95706000 -0.06190400
v -0.23735700 0.96476700 1.15311500
v -0.27375700 0.96476800 -0.81687900
v -0.25340500 0.98433100 0.28456300
v -0.25770800 0.98433200 0.05167400
v -0.25555700 0.99349800 0.16811800
v -0.23964900 1.11006900 1.02903700
v -0.27146400 1.11007000 -0.69280100
v -0.24233300 1.23416900 0.88376000
v -0.26878000 1.23416900 -0.54752500
v -0.24534300 1.33401000 0.72086100
v -0.26576900 1.33401100 -0.38462600
v -0.24860500 1.40713400 0.54435400
v -0.26250800 1.40713600 -0.20811700
v -0.25203700 1.45174200 0.35858000
v -0.25907600 1.45174300 -0.02234500
v -0.25555700 1.46673500 0.16811800
v -0.26881100 -0.97794600 -0.02803600
v -0.27232100 -0.93233200 -0.21799800
v -0.24471500 0.81723300 1.27601500
v -0.27232100 1.43617900 -0.21799900
v -0.26521300 -0.99327700 0.16672300
v -0.26161400 -0.97794600 0.36148300
v -0.26521300 -0.96534400 0.16672300
v -0.26169500 -0.95035700 0.35711400
v -0.26873100 -0.95035700 -0.02366700
v -0.25810400 -0.93233200 0.55144600
v -0.25826400 -0.90576700 0.54281600
v -0.27216200 -0.90576700 -0.20936900
v -0.25476900 -0.85755800 0.73193600
v -0.27565700 -0.85755800 -0.39848900
v -0.25500300 -0.83267000 0.71925700
v -0.27542200 -0.83267000 -0.38581100
v -0.25169100 -0.75546500 0.89850900
v -0.27873400 -0.75546500 -0.56506300
v -0.25199500 -0.73286700 0.88209400
v -0.27843100 -0.73286700 -0.54864700
v -0.24894700 -0.62856600 1.04706300
v -0.28147900 -0.62856600 -0.71361700
v -0.24931100 -0.60881500 1.02731500
v -0.28111400 -0.60881500 -0.69386800
v -0.28382300 -0.47998700 -0.84049300
v -0.24660300 -0.47998600 1.17393900
v -0.24702000 -0.46356900 1.15134600
v -0.28340600 -0.46356900 -0.81789900
v -0.28570900 -0.31338600 -0.94256900
v -0.24471600 -0.31338500 1.27601500
v -0.28525000 -0.30070500 -0.91768600
v -0.24517600 -0.30070400 1.25113200
v -0.24333500 -0.13286400 1.35077700
v -0.28709100 -0.13286400 -1.01733100
v -0.28660000 -0.12423300 -0.99077000
v -0.24382500 -0.12423200 1.32421600
v -0.28793400 0.05713100 -1.06293600
v -0.24249200 0.05713200 1.39638300
v -0.24300200 0.06150200 1.36880000
v -0.28742400 0.06150200 -1.03535300
v -0.24220900 0.25192400 1.41171100
v -0.24272500 0.25192400 1.38378300
v -0.28770100 0.25192400 -1.05033700
v -0.28821700 0.25192400 -1.07826500
v -0.24300200 0.44234700 1.36880000
v -0.28742400 0.44234700 -1.03535300
v -0.28793400 0.44671500 -1.06293700
v -0.24249200 0.44671600 1.39638400
v -0.24382500 0.62808000 1.32421600
v -0.28660000 0.62808000 -0.99077000
v -0.28709100 0.63671100 -1.01733100
v -0.24333500 0.63671200 1.35077700
v -0.24517600 0.80455200 1.25113200
v -0.28525000 0.80455200 -0.91768600
v -0.28570900 0.81723200 -0.94256900
v -0.28340600 0.96741600 -0.81789900
v -0.24702000 0.96741700 1.15134600
v -0.28382300 0.98383300 -0.84049400
v -0.24660300 0.98383400 1.17394000
v -0.28111400 1.11266100 -0.69386800
v -0.24931100 1.11266200 1.02731500
v -0.28147900 1.13241300 -0.71361600
v -0.24894700 1.13241400 1.04706300
v -0.27843100 1.23671300 -0.54864700
v -0.25199500 1.23671400 0.88209300
v -0.27873400 1.25931200 -0.56506200
v -0.25169100 1.25931300 0.89850900
v -0.25500300 1.33651700 0.71925700
v -0.27542200 1.33651700 -0.38581100
v -0.27565700 1.36140400 -0.39848900
v -0.25476900 1.36140600 0.73193600
v -0.27216200 1.40961400 -0.20936900
v -0.25826400 1.40961500 0.54281500
v -0.25810400 1.43618000 0.55144400
v -0.26169500 1.45420500 0.35711300
v -0.26873100 1.45420500 -0.02366700
v -0.26521300 1.46919300 0.16672300
v -0.26881200 1.48179300 -0.02803500
v -0.26161400 1.48179400 0.36148200
v -0.26521300 1.49712400 0.16672300
v -0.73677600 -0.96534400 0.17543600
v -0.73325800 -0.95035700 0.36582700
v -0.74029400 -0.95035700 -0.01495400
v -0.72982700 -0.90576700 0.55152900
v -0.74372500 -0.90576700 -0.20065600
v -0.72656700 -0.83267000 0.72797000
v -0.74698500 -0.83267000 -0.37709700
v -0.72355800 -0.73286700 0.89080700
v -0.74999400 -0.73286700 -0.53993400
v -0.72087500 -0.60881500 1.03602800
v -0.75267700 -0.60881500 -0.68515500
v -0.71858300 -0.46356900 1.16005900
v -0.75496900 -0.46356900 -0.80918600
v -0.75681300 -0.30070500 -0.90897300
v -0.71673900 -0.30070400 1.25984500
v -0.75816300 -0.12423300 -0.98205700
v -0.71538900 -0.12423200 1.33293000
v -0.71456500 0.06150200 1.37751300
v -0.75898700 0.06150200 -1.02663900
v -0.71428800 0.25192400 1.39249600
v -0.75926400 0.25192400 -1.04162400
v -0.71456500 0.44234700 1.37751300
v -0.75898700 0.44234700 -1.02663900
v -0.71538900 0.62808000 1.33293000
v -0.75816300 0.62808000 -0.98205700
v -0.71673900 0.80455200 1.25984500
v -0.75681300 0.80455200 -0.90897300
v -0.75496900 0.96741600 -0.80918600
v -0.71858300 0.96741700 1.16005900
v -0.75267700 1.11266100 -0.68515500
v -0.72087500 1.11266200 1.03602800
v -0.74999400 1.23671300 -0.53993400
v -0.72355800 1.23671400 0.89080600
v -0.72656700 1.33651700 0.72797000
v -0.74698500 1.33651700 -0.37709700
v -0.74372500 1.40961400 -0.20065600
v -0.72982700 1.40961500 0.55152800
v -0.73325800 1.45420500 0.36582600
v -0.74029400 1.45420500 -0.01495400
v -0.73677600 1.46919300 0.17543600
v -1.97528800 -1.10713900 0.19832100
v -1.97136000 -1.09040600 0.41088800
v -1.97921600 -1.09040600 -0.01424700
v -1.96752900 -1.04062200 0.61822200
v -1.98304700 -1.04062200 -0.22158200
v -1.96389000 -0.95901000 0.81521600
v -1.98668700 -0.95901000 -0.41857500
v -1.96053000 -0.84758100 0.99702100
v -1.99004700 -0.84758100 -0.60038000
v -1.95753500 -0.70907900 1.15915800
v -1.99304200 -0.70907900 -0.76251800
v -1.95497600 -0.54691300 1.29763700
v -1.99560100 -0.54691300 -0.90099500
v -1.95291700 -0.36507800 1.40904700
v -1.99765900 -0.36507800 -1.01240600
v -1.95140900 -0.16805000 1.49064500
v -1.99916600 -0.16805000 -1.09400300
v -2.00008700 0.03931900 -1.14378000
v -1.95049000 0.03932000 1.54042100
v -1.95018100 0.25192400 1.55715000
v -2.00039600 0.25192400 -1.16051100
v -1.95049000 0.46452800 1.54042100
v -2.00008700 0.46452800 -1.14378000
v -1.95140900 0.67189700 1.49064500
v -1.99916600 0.67189700 -1.09400300
v -1.95291700 0.86892500 1.40904700
v -1.99765900 0.86892500 -1.01240600
v -1.99560100 1.05076000 -0.90099500
v -1.95497600 1.05076100 1.29763700
v -1.95753500 1.21292600 1.15915800
v -1.99304200 1.21292600 -0.76251800
v -1.99004700 1.35142800 -0.60038000
v -1.96053000 1.35142900 0.99702100
v -1.98668700 1.46285600 -0.41857500
v -1.96389000 1.46285700 0.81521600
v -1.98304700 1.54446800 -0.22158200
v -1.96752900 1.54446900 0.61822200
v -1.97136000 1.59425400 0.41088700
v -1.97921600 1.59425400 -0.01424800
v -1.97528800 1.61098600 0.19832100
v -2.18094600 -1.19856300 0.20212100
v -2.17675400 -1.18070400 0.42898800
v -2.18513800 -1.18070400 -0.02474700
v -2.17266600 -1.12757000 0.65026800
v -2.18922700 -1.12757000 -0.24602800
v -2.16878100 -1.04046800 0.86051500
v -2.19311100 -1.04046800 -0.45627300
v -2.16519500 -0.92154400 1.05454900
v -2.19669700 -0.92154400 -0.65030800
v -2.16199900 -0.77372500 1.22759400
v -2.19989400 -0.77372500 -0.82335300
v -2.15926700 -0.60065100 1.37538800
v -2.20262500 -0.60065100 -0.97114600
v -2.20482200 -0.40658400 -1.09005100
v -2.15707000 -0.40658300 1.49429200
v -2.15546100 -0.19630100 1.58137900
v -2.20643100 -0.19630100 -1.17713900
v -2.15448000 0.02501800 1.63450300
v -2.20741300 0.02501800 -1.23026300
v -2.15415000 0.25192400 1.65235900
v -2.20774300 0.25192400 -1.24811600
v -2.20741300 0.47882900 -1.23026300
v -2.15448000 0.47883000 1.63450300
v -2.20643100 0.70014800 -1.17713900
v -2.15546100 0.70014900 1.58137900
v -2.20482200 0.91043000 -1.09005100
v -2.15707000 0.91043100 1.49429200
v -2.20262500 1.10449700 -0.97114600
v -2.15926700 1.10449800 1.37538800
v -2.19989400 1.27757200 -0.82335300
v -2.16199900 1.27757300 1.22759300
v -2.19669700 1.42539000 -0.65030800
v -2.16519500 1.42539200 1.05454900
v -2.19311100 1.54431500 -0.45627300
v -2.16878100 1.54431600 0.86051400
v -2.18922700 1.63141700 -0.24602800
v -2.17266600 1.63141800 0.65026800
v -2.18513800 1.68455100 -0.02474700
v -2.17675400 1.68455200 0.42898700
v -2.18094600 1.70240900 0.20212100
v -2.38660400 -1.29651500 0.20592100
v -2.38213000 -1.27745200 0.44810800
v -2.39107900 -1.27745200 -0.03626700
v -2.38660400 -1.24802800 0.20592100
v -2.38230300 -1.22956100 0.43868400
v -2.39090500 -1.22956100 -0.02684400
v -2.37776500 -1.22073000 0.68433300
v -2.39544400 -1.22073000 -0.27249200
v -2.37810800 -1.17461500 0.66571700
v -2.39510000 -1.17461500 -0.25387700
v -2.37361700 -1.12774600 0.90877800
v -2.39959100 -1.12774600 -0.49693600
v -2.37412300 -1.08454300 0.88142800
v -2.39908600 -1.08454300 -0.46958800
v -2.36979000 -1.00079000 1.11591400
v -2.40341900 -1.00079000 -0.70407300
v -2.37044400 -0.96156200 1.08050600
v -2.40276400 -0.96156200 -0.66866400
v -2.40683200 -0.84298900 -0.88880500
v -2.36637700 -0.84298800 1.30064500
v -2.36716400 -0.80870300 1.25804900
v -2.40604500 -0.80870300 -0.84620800
v -2.36346100 -0.65822600 1.45842100
v -2.40974700 -0.65822600 -1.04657900
v -2.36436200 -0.62972500 1.40968500
v -2.40884700 -0.62972500 -0.99784400
v -2.41209200 -0.45105400 -1.17351400
v -2.36111600 -0.45105300 1.58535400
v -2.36210800 -0.42904000 1.53168000
v -2.35939800 -0.22657000 1.67832200
v -2.41381000 -0.22657000 -1.26648100
v -2.36045600 -0.21158700 1.62103100
v -2.41485800 0.00969400 -1.32319400
v -2.35835100 0.00969500 1.73503400
v -2.35944900 0.01728000 1.67553700
v -2.35799800 0.25192400 1.75409500
v -2.35911100 0.25192400 1.69385600
v -2.41521000 0.25192400 -1.34225500
v -2.41375800 0.48656700 -1.26369500
v -2.35944900 0.48656800 1.67553600
v -2.35835100 0.49415300 1.73503400
v -2.41485800 0.49415300 -1.32319400
v -2.36045600 0.71543400 1.62103100
v -2.41275100 0.71543400 -1.20918900
v -2.41381000 0.73041700 -1.26648100
v -2.35939800 0.73041800 1.67832200
v -2.41110000 0.93288700 -1.11983900
v -2.36210800 0.93288800 1.53168000
v -2.41209200 0.95490000 -1.17351400
v -2.36111600 0.95490100 1.58535400
v -2.36436200 1.13357300 1.40968500
v -2.40884700 1.13357300 -0.99784400
v -2.40974700 1.16207300 -1.04657900
v -2.36346100 1.16207400 1.45842000
v -2.40604500 1.31254900 -0.84620900
v -2.36716400 1.31255000 1.25804900
v -2.40683200 1.34683500 -0.88880500
v -2.36637700 1.34683600 1.30064500
v -2.40276400 1.46540900 -0.66866400
v -2.37044400 1.46541000 1.08050600
v -2.40341900 1.50463700 -0.70407300
v -2.36979000 1.50463800 1.11591400
v -2.39908600 1.58838900 -0.46958700
v -2.37412300 1.58839000 0.88142800
v -2.39959100 1.63159300 -0.49693600
v -2.37361700 1.63159400 0.90877700
v -2.39510000 1.67846100 -0.25387600
v -2.37810800 1.67846300 0.66571700
v -2.39544400 1.72457600 -0.27249200
v -2.37776500 1.72457700 0.68433200
v -2.39090500 1.73340700 -0.02684400
v -2.38230300 1.73340900 0.43868400
v -2.38660400 1.75187500 0.20592100
v -2.39107900 1.78129900 -0.03626800
v -2.38213000 1.78130000 0.44810700
v -2.38660400 1.80036300 0.20592100
v -2.41110100 -0.42904000 -1.11983900
v -2.41275200 -0.21158700 -1.20918900
v -2.41375900 0.01728000 -1.26369500
v -2.41409800 0.25192400 -1.28201400
vn 0.84710000 -0.53130000 -0.01570000
vn 0.84910000 -0.51970000 0.09480000
vn 0.84500000 -0.51970000 -0.12610000
vn 0.85100000 -0.48530000 0.20040000
vn 0.84310000 -0.48530000 -0.23170000
vn 0.85280000 -0.42980000 0.29660000
vn 0.84130000 -0.42980000 -0.32790000
vn 0.85430000 -0.35550000 0.37910000
vn 0.83980000 -0.35550000 -0.41040000
vn 0.85560000 -0.26560000 0.44440000
vn 0.83860000 -0.26560000 -0.47570000
vn 0.85640000 -0.16420000 0.48950000
vn 0.83770000 -0.16420000 -0.52080000
vn 0.85680000 -0.05550000 0.51260000
vn 0.83730000 -0.05550000 -0.54390000
vn 0.99980000 -0.00000000 -0.01850000
vn 0.85680000 0.05550000 0.51260000
vn 0.83730000 0.05550000 -0.54390000
vn 0.85640000 0.16420000 0.48950000
vn 0.83770000 0.16420000 -0.52080000
vn 0.83860000 0.26560000 -0.47570000
vn 0.85560000 0.26560000 0.44440000
vn 0.85430000 0.35550000 0.37910000
vn 0.83980000 0.35550000 -0.41040000
vn 0.84130000 0.42980000 -0.32790000
vn 0.85280000 0.42980000 0.29660000
vn 0.84310000 0.48530000 -0.23170000
vn 0.85100000 0.48530000 0.20040000
vn 0.84910000 0.51970000 0.09480000
vn 0.84500000 0.51970000 -0.12610000
vn 0.84710000 0.53130000 -0.01570000
vn 0.59860000 -0.80100000 -0.01110000
vn 0.60170000 -0.78350000 0.15540000
vn 0.59550000 -0.78350000 -0.17760000
vn 0.60460000 -0.73170000 0.31470000
vn 0.59260000 -0.73170000 -0.33680000
vn 0.60730000 -0.64800000 0.45970000
vn 0.58990000 -0.64800000 -0.48180000
vn 0.60960000 -0.53600000 0.58410000
vn 0.58760000 -0.53600000 -0.60620000
vn 0.61140000 -0.40050000 0.68250000
vn 0.58580000 -0.40050000 -0.70460000
vn 0.61270000 -0.24750000 0.75060000
vn 0.58450000 -0.24750000 -0.77270000
vn 0.58390000 -0.08370000 -0.80750000
vn 0.61330000 -0.08370000 0.78540000
vn 0.58390000 0.08370000 -0.80750000
vn 0.61330000 0.08370000 0.78540000
vn 0.61270000 0.24750000 0.75060000
vn 0.58450000 0.24750000 -0.77270000
vn 0.61140000 0.40050000 0.68250000
vn 0.58580000 0.40050000 -0.70460000
vn 0.60960000 0.53600000 0.58410000
vn 0.58760000 0.53600000 -0.60620000
vn 0.60730000 0.64800000 0.45970000
vn 0.58990000 0.64800000 -0.48180000
vn 0.59260000 0.73170000 -0.33680000
vn 0.60460000 0.73170000 0.31470000
vn 0.59550000 0.78350000 -0.17760000
vn 0.60170000 0.78350000 0.15540000
vn 0.59860000 0.80100000 -0.01110000
vn 0.87840000 -0.47770000 -0.01620000
vn 0.87970000 -0.47180000 0.05850000
vn 0.87700000 -0.47180000 -0.09090000
vn 0.48460000 0.87470000 -0.00900000
vn 0.48210000 0.86390000 -0.14580000
vn 0.48710000 0.86390000 0.12790000
vn 0.88110000 -0.45430000 0.13140000
vn 0.87560000 -0.45430000 -0.16380000
vn 0.47960000 0.83190000 -0.27920000
vn 0.48960000 0.83190000 0.26130000
vn 0.88240000 -0.42570000 0.20060000
vn 0.87440000 -0.42570000 -0.23310000
vn 0.47720000 0.77940000 -0.40600000
vn 0.49190000 0.77940000 0.38810000
vn 0.88350000 -0.38650000 0.26450000
vn 0.87320000 -0.38650000 -0.29700000
vn 0.47510000 0.70760000 -0.52300000
vn 0.49410000 0.70760000 0.50510000
vn 0.88460000 -0.33780000 0.32150000
vn 0.87210000 -0.33780000 -0.35400000
vn 0.47320000 0.61850000 -0.62740000
vn 0.49600000 0.61850000 0.60940000
vn 0.88550000 -0.28080000 0.37020000
vn 0.87120000 -0.28080000 -0.40260000
vn 0.47150000 0.51410000 -0.71650000
vn 0.49770000 0.51410000 0.69860000
vn 0.88620000 -0.21690000 0.40940000
vn 0.87050000 -0.21690000 -0.44180000
vn 0.47020000 0.39710000 -0.78820000
vn 0.49900000 0.39710000 0.77030000
vn 0.88680000 -0.14760000 0.43800000
vn 0.87000000 -0.14760000 -0.47050000
vn 0.46920000 0.27030000 -0.84070000
vn 0.50000000 0.27030000 0.82280000
vn 0.88710000 -0.07470000 0.45550000
vn 0.86960000 -0.07470000 -0.48800000
vn 0.46860000 0.13680000 -0.87270000
vn 0.50060000 0.13680000 0.85480000
vn 0.88720000 -0.00000000 0.46140000
vn 0.46840000 -0.00000000 -0.88350000
vn 0.50070000 -0.00000000 0.86560000
vn 0.86950000 -0.00000000 -0.49390000
vn 0.46860000 -0.13680000 -0.87270000
vn 0.50060000 -0.13680000 0.85480000
vn 0.88710000 0.07470000 0.45550000
vn 0.86960000 0.07470000 -0.48800000
vn 0.46920000 -0.27030000 -0.84070000
vn 0.50000000 -0.27030000 0.82280000
vn 0.88680000 0.14760000 0.43800000
vn 0.87000000 0.14760000 -0.47050000
vn 0.47020000 -0.39710000 -0.78820000
vn 0.49900000 -0.39710000 0.77030000
vn 0.88620000 0.21690000 0.40940000
vn 0.87050000 0.21690000 -0.44180000
vn 0.47150000 -0.51410000 -0.71650000
vn 0.49770000 -0.51410000 0.69860000
vn 0.88550000 0.28080000 0.37020000
vn 0.87120000 0.28080000 -0.40270000
vn 0.47320000 -0.61850000 -0.62740000
vn 0.49600000 -0.61850000 0.60940000
vn 0.88460000 0.33780000 0.32150000
vn 0.87210000 0.33780000 -0.35400000
vn 0.47510000 -0.70760000 -0.52300000
vn 0.49410000 -0.70760000 0.50510000
vn 0.88350000 0.38650000 0.26450000
vn 0.87320000 0.38650000 -0.29700000
vn 0.47730000 -0.77940000 -0.40600000
vn 0.49190000 -0.77940000 0.38810000
vn 0.88240000 0.42570000 0.20060000
vn 0.87440000 0.42570000 -0.23310000
vn 0.47960000 -0.83190000 -0.27920000
vn 0.48960000 -0.83190000 0.26130000
vn 0.88110000 0.45430000 0.13140000
vn 0.87560000 0.45430000 -0.16380000
vn 0.48210000 -0.86390000 -0.14580000
vn 0.48710000 -0.86390000 0.12790000
vn 0.48460000 -0.87470000 -0.00900000
vn 0.87970000 0.47180000 0.05850000
vn 0.87700000 0.47180000 -0.09090000
vn 0.87840000 0.47770000 -0.01620000
vn -0.44270000 -0.89670000 0.00820000
vn -0.44010000 -0.88560000 0.14840000
vn -0.44530000 -0.88560000 -0.13210000
vn -0.89450000 0.44690000 0.01650000
vn -0.89570000 0.44140000 -0.05340000
vn -0.89320000 0.44140000 0.08640000
vn -0.43750000 -0.85280000 0.28520000
vn -0.44780000 -0.85280000 -0.26890000
vn -0.89700000 0.42500000 -0.12150000
vn -0.89190000 0.42500000 0.15460000
vn -0.43510000 -0.79890000 0.41520000
vn -0.45020000 -0.79890000 -0.39880000
vn -0.89820000 0.39820000 -0.18630000
vn -0.89070000 0.39820000 0.21940000
vn -0.45240000 -0.72540000 -0.51880000
vn -0.43290000 -0.72540000 0.53510000
vn -0.89930000 0.36150000 -0.24610000
vn -0.88960000 0.36150000 0.27910000
vn -0.43090000 -0.63400000 0.64210000
vn -0.45440000 -0.63400000 -0.62570000
vn -0.90030000 0.31600000 -0.29940000
vn -0.88860000 0.31600000 0.33250000
vn -0.42930000 -0.52700000 0.73350000
vn -0.45610000 -0.52700000 -0.71710000
vn -0.90110000 0.26270000 -0.34490000
vn -0.88780000 0.26270000 0.37800000
vn -0.42790000 -0.40710000 0.80700000
vn -0.45740000 -0.40710000 -0.79060000
vn -0.90180000 0.20290000 -0.38160000
vn -0.88710000 0.20290000 0.41460000
vn -0.42690000 -0.27710000 0.86080000
vn -0.45840000 -0.27710000 -0.84440000
vn -0.90230000 0.13810000 -0.40840000
vn -0.88660000 0.13810000 0.44140000
vn -0.42630000 -0.14030000 0.89360000
vn -0.45900000 -0.14030000 -0.87730000
vn -0.90260000 0.06990000 -0.42480000
vn -0.88630000 0.06990000 0.45780000
vn -0.42610000 -0.00000000 0.90470000
vn -0.90270000 -0.00000000 -0.43030000
vn -0.88620000 -0.00000000 0.46330000
vn -0.45920000 -0.00000000 -0.88830000
vn -0.90260000 -0.06990000 -0.42480000
vn -0.88630000 -0.06990000 0.45780000
vn -0.42630000 0.14030000 0.89360000
vn -0.45900000 0.14030000 -0.87730000
vn -0.90230000 -0.13810000 -0.40840000
vn -0.88660000 -0.13810000 0.44140000
vn -0.42690000 0.27710000 0.86080000
vn -0.45840000 0.27710000 -0.84440000
vn -0.90180000 -0.20290000 -0.38160000
vn -0.88710000 -0.20290000 0.41460000
vn -0.42790000 0.40710000 0.80700000
vn -0.45740000 0.40710000 -0.79060000
vn -0.90110000 -0.26270000 -0.34490000
vn -0.88780000 -0.26270000 0.37800000
vn -0.42930000 0.52700000 0.73350000
vn -0.45610000 0.52700000 -0.71710000
vn -0.90030000 -0.31600000 -0.29940000
vn -0.88860000 -0.31600000 0.33250000
vn -0.43090000 0.63400000 0.64210000
vn -0.45440000 0.63400000 -0.62570000
vn -0.89930000 -0.36150000 -0.24610000
vn -0.88960000 -0.36150000 0.27910000
vn -0.43290000 0.72540000 0.53510000
vn -0.45240000 0.72540000 -0.51880000
vn -0.89820000 -0.39820000 -0.18630000
vn -0.89070000 -0.39820000 0.21940000
vn -0.43510000 0.79890000 0.41520000
vn -0.45020000 0.79890000 -0.39880000
vn -0.89700000 -0.42500000 -0.12150000
vn -0.89190000 -0.42500000 0.15460000
vn -0.43750000 0.85280000 0.28520000
vn -0.44780000 0.85280000 -0.26890000
vn -0.89570000 -0.44140000 -0.05340000
vn -0.89320000 -0.44140000 0.08640000
vn -0.89440000 -0.44690000 0.01650000
vn -0.44010000 0.88560000 0.14840000
vn -0.44520000 0.88560000 -0.13210000
vn -0.44270000 0.89670000 0.00820000
vn 0.61630000 -0.78740000 -0.01140000
vn 0.61930000 -0.77020000 0.15230000
vn 0.61330000 -0.77020000 -0.17510000
vn 0.62220000 -0.71930000 0.30880000
vn 0.61040000 -0.71930000 -0.33160000
vn 0.62490000 -0.63700000 0.45140000
vn 0.60780000 -0.63700000 -0.47410000
vn 0.62710000 -0.52690000 0.57370000
vn 0.60550000 -0.52690000 -0.59640000
vn 0.62890000 -0.39370000 0.67040000
vn 0.60370000 -0.39370000 -0.69320000
vn 0.63020000 -0.24330000 0.73740000
vn 0.60250000 -0.24330000 -0.76010000
vn 0.63080000 -0.08230000 0.77160000
vn 0.60190000 -0.08230000 -0.79440000
vn 0.63080000 0.08230000 0.77160000
vn 0.60190000 0.08230000 -0.79440000
vn 0.60250000 0.24330000 -0.76010000
vn 0.63020000 0.24330000 0.73740000
vn 0.62890000 0.39370000 0.67040000
vn 0.60370000 0.39370000 -0.69320000
vn 0.62710000 0.52690000 0.57370000
vn 0.60550000 0.52690000 -0.59650000
vn 0.60780000 0.63700000 -0.47410000
vn 0.62490000 0.63700000 0.45140000
vn 0.61040000 0.71930000 -0.33160000
vn 0.62220000 0.71930000 0.30880000
vn 0.61330000 0.77020000 -0.17510000
vn 0.61930000 0.77020000 0.15230000
vn 0.61630000 0.78740000 -0.01140000
vn 0.45750000 -0.88920000 -0.00850000
vn 0.46090000 -0.86970000 0.17640000
vn 0.45410000 -0.86970000 -0.19330000
vn 0.46420000 -0.81230000 0.35310000
vn 0.45080000 -0.81230000 -0.37000000
vn 0.46720000 -0.71930000 0.51410000
vn 0.44790000 -0.71930000 -0.53100000
vn 0.46970000 -0.59500000 0.65220000
vn 0.44530000 -0.59500000 -0.66910000
vn 0.47170000 -0.44460000 0.76150000
vn 0.44330000 -0.44460000 -0.77840000
vn 0.44190000 -0.27480000 -0.85400000
vn 0.47310000 -0.27480000 0.83700000
vn 0.47380000 -0.09290000 0.87570000
vn 0.44120000 -0.09290000 -0.89260000
vn 0.47380000 0.09290000 0.87570000
vn 0.44120000 0.09290000 -0.89260000
vn 0.44190000 0.27480000 -0.85400000
vn 0.47310000 0.27480000 0.83700000
vn 0.47170000 0.44460000 0.76150000
vn 0.44330000 0.44460000 -0.77840000
vn 0.44530000 0.59500000 -0.66910000
vn 0.46970000 0.59500000 0.65220000
vn 0.44790000 0.71930000 -0.53100000
vn 0.46720000 0.71930000 0.51410000
vn 0.45080000 0.81230000 -0.37000000
vn 0.46420000 0.81230000 0.35310000
vn 0.45410000 0.86970000 -0.19330000
vn 0.46090000 0.86970000 0.17640000
vn 0.45750000 0.88920000 -0.00850000
vn 0.22070000 -0.97530000 -0.00410000
vn 0.22450000 -0.95400000 0.19870000
vn 0.21700000 -0.95400000 -0.20680000
vn 0.22810000 -0.89100000 0.39260000
vn 0.21340000 -0.89100000 -0.40070000
vn 0.23130000 -0.78910000 0.56910000
vn 0.21010000 -0.78910000 -0.57730000
vn 0.23410000 -0.65260000 0.72060000
vn 0.20730000 -0.65260000 -0.72880000
vn 0.23630000 -0.48770000 0.84040000
vn 0.20510000 -0.48770000 -0.84860000
vn 0.23790000 -0.30140000 0.92340000
vn 0.20360000 -0.30140000 -0.93150000
vn 0.23870000 -0.10190000 0.96570000
vn 0.20280000 -0.10200000 -0.97390000
vn 0.23870000 0.10190000 0.96570000
vn 0.20280000 0.10190000 -0.97390000
vn 0.23790000 0.30140000 0.92340000
vn 0.20360000 0.30140000 -0.93150000
vn 0.23630000 0.48770000 0.84040000
vn 0.20510000 0.48770000 -0.84860000
vn 0.23410000 0.65260000 0.72060000
vn 0.20740000 0.65260000 -0.72880000
vn 0.21010000 0.78910000 -0.57730000
vn 0.23130000 0.78910000 0.56910000
vn 0.21340000 0.89100000 -0.40070000
vn 0.22810000 0.89100000 0.39260000
vn 0.21700000 0.95400000 -0.20680000
vn 0.22450000 0.95400000 0.19870000
vn 0.22070000 0.97530000 -0.00410000
vn 0.03190000 -0.99950000 -0.00060000
vn 0.03580000 -0.97760000 0.20720000
vn 0.02810000 -0.97760000 -0.20840000
vn 0.03950000 -0.91310000 0.40590000
vn 0.02440000 -0.91310000 -0.40710000
vn 0.04280000 -0.80860000 0.58680000
vn 0.02110000 -0.80860000 -0.58800000
vn 0.04570000 -0.66880000 0.74200000
vn 0.01820000 -0.66880000 -0.74320000
vn 0.04790000 -0.49970000 0.86480000
vn 0.01600000 -0.49970000 -0.86600000
vn 0.04950000 -0.30890000 0.94980000
vn 0.01440000 -0.30890000 -0.95100000
vn 0.05030000 -0.10450000 0.99330000
vn 0.01360000 -0.10450000 -0.99440000
vn 0.05030000 0.10450000 0.99330000
vn 0.01360000 0.10450000 -0.99440000
vn 0.04950000 0.30890000 0.94980000
vn 0.01440000 0.30890000 -0.95100000
vn 0.01600000 0.49970000 -0.86600000
vn 0.04790000 0.49970000 0.86480000
vn 0.01820000 0.66880000 -0.74320000
vn 0.04570000 0.66880000 0.74200000
vn 0.04280000 0.80860000 0.58680000
vn 0.02110000 0.80860000 -0.58800000
vn 0.02440000 0.91310000 -0.40700000
vn 0.03950000 0.91310000 0.40590000
vn 0.02810000 0.97760000 -0.20840000
vn 0.03580000 0.97760000 0.20720000
vn 0.03190000 0.99950000 -0.00060000
vn -0.00000000 -1.00000000 -0.00000000
vn 0.00380000 -0.97810000 0.20790000
vn -0.00380000 -0.97810000 -0.20790000
vn 0.00750000 -0.91350000 0.40670000
vn -0.00750000 -0.91350000 -0.40670000
vn 0.01090000 -0.80900000 0.58770000
vn -0.01090000 -0.80900000 -0.58770000
vn 0.01370000 -0.66910000 0.74300000
vn -0.01370000 -0.66910000 -0.74300000
vn 0.01600000 -0.50000000 0.86590000
vn -0.01600000 -0.50000000 -0.86590000
vn 0.01760000 -0.30900000 0.95090000
vn -0.01760000 -0.30900000 -0.95090000
vn 0.01840000 -0.10450000 0.99440000
vn -0.01840000 -0.10450000 -0.99440000
vn 0.01840000 0.10450000 0.99440000
vn -0.01840000 0.10450000 -0.99440000
vn 0.01760000 0.30900000 0.95090000
vn -0.01760000 0.30900000 -0.95090000
vn -0.01600000 0.50000000 -0.86590000
vn 0.01600000 0.50000000 0.86590000
vn -0.01370000 0.66910000 -0.74300000
vn 0.01370000 0.66910000 0.74300000
vn 0.01090000 0.80900000 0.58770000
vn -0.01090000 0.80900000 -0.58770000
vn -0.00750000 0.91350000 -0.40670000
vn 0.00750000 0.91350000 0.40670000
vn -0.00380000 0.97810000 -0.20790000
vn 0.00380000 0.97810000 0.20790000
vn -0.00000000 1.00000000 -0.00000000
vn -0.04250000 -0.99910000 0.00080000
vn -0.03870000 -0.97730000 0.20850000
vn -0.04640000 -0.97730000 -0.20690000
vn -0.03500000 -0.91270000 0.40710000
vn -0.05000000 -0.91270000 -0.40550000
vn -0.03170000 -0.80830000 0.58790000
vn -0.05340000 -0.80830000 -0.58640000
vn -0.02880000 -0.66850000 0.74310000
vn -0.05620000 -0.66850000 -0.74160000
vn -0.02650000 -0.49950000 0.86590000
vn -0.05850000 -0.49950000 -0.86430000
vn -0.02500000 -0.30870000 0.95080000
vn -0.06010000 -0.30870000 -0.94920000
vn -0.02420000 -0.10440000 0.99420000
vn -0.06090000 -0.10440000 -0.99270000
vn -0.02420000 0.10440000 0.99420000
vn -0.06090000 0.10440000 -0.99270000
vn -0.02500000 0.30870000 0.95080000
vn -0.06010000 0.30870000 -0.94920000
vn -0.05850000 0.49950000 -0.86430000
vn -0.02650000 0.49950000 0.86590000
vn -0.05620000 0.66850000 -0.74160000
vn -0.02880000 0.66850000 0.74310000
vn -0.03170000 0.80830000 0.58790000
vn -0.05340000 0.80830000 -0.58640000
vn -0.05000000 0.91270000 -0.40550000
vn -0.03500000 0.91270000 0.40710000
vn -0.04640000 0.97730000 -0.20690000
vn -0.03870000 0.97730000 0.20850000
vn -0.04250000 0.99910000 0.00080000
vn 0.95610000 0.29250000 -0.01770000
vn 0.95020000 0.29650000 0.09570000
vn 0.94600000 0.29650000 -0.13070000
vn 0.33810000 -0.94110000 -0.00630000
vn 0.33230000 -0.93710000 0.10710000
vn 0.32810000 -0.93710000 -0.11930000
vn 0.92860000 0.30840000 0.20660000
vn 0.92030000 0.30840000 -0.24070000
vn 0.31060000 -0.92520000 0.21800000
vn 0.30230000 -0.92520000 -0.22930000
vn 0.29060000 -0.95680000 -0.00540000
vn 0.89160000 0.32780000 0.31220000
vn 0.87950000 0.32790000 -0.34500000
vn 0.28510000 -0.95300000 0.10250000
vn 0.28110000 -0.95300000 -0.11290000
vn 0.33810000 -0.94110000 -0.00620000
vn 0.33230000 -0.93710000 0.10710000
vn 0.32810000 -0.93710000 -0.11930000
vn 0.26450000 -0.94170000 0.20790000
vn 0.25660000 -0.94170000 -0.21750000
vn 0.27370000 -0.90570000 0.32370000
vn 0.26150000 -0.90570000 -0.33350000
vn -0.89690000 -0.44200000 0.01680000
vn 0.31060000 -0.92520000 0.21800000
vn 0.30230000 -0.92520000 -0.22930000
vn -0.88710000 -0.46120000 0.01660000
vn -0.89320000 -0.44270000 -0.07890000
vn -0.88980000 -0.44230000 0.11230000
vn -0.88410000 -0.46140000 -0.07410000
vn -0.88050000 -0.46190000 0.10700000
vn 0.84040000 0.35440000 0.41000000
vn 0.82470000 0.35440000 -0.44080000
vn -0.87850000 -0.44480000 -0.17450000
vn -0.87170000 -0.44400000 0.20760000
vn 0.22930000 -0.92320000 0.30840000
vn 0.21780000 -0.92320000 -0.31670000
vn -0.87090000 -0.46290000 -0.16530000
vn -0.86370000 -0.46370000 0.19730000
vn 0.27370000 -0.90570000 0.32370000
vn 0.26150000 -0.90570000 -0.33350000
vn 0.22240000 -0.87910000 0.42150000
vn 0.20670000 -0.87910000 -0.42940000
vn -0.85190000 -0.44890000 -0.26960000
vn -0.84160000 -0.44790000 0.30180000
vn -0.25880000 -0.96590000 0.00480000
vn -0.24810000 -0.94810000 0.19900000
vn -0.26190000 -0.94510000 -0.19570000
vn -0.22380000 -0.88880000 0.39990000
vn -0.24510000 -0.89000000 -0.38440000
vn -0.22060000 -0.78710000 0.57600000
vn -0.24170000 -0.78710000 -0.56750000
vn -0.21780000 -0.65100000 0.72720000
vn -0.24450000 -0.65100000 -0.71860000
vn -0.21560000 -0.48650000 0.84670000
vn -0.24670000 -0.48650000 -0.83820000
vn -0.21400000 -0.30060000 0.92940000
vn -0.24820000 -0.30060000 -0.92090000
vn -0.21330000 -0.10170000 0.97170000
vn -0.24900000 -0.10170000 -0.96310000
vn -0.24900000 0.10170000 -0.96310000
vn -0.21330000 0.10170000 0.97170000
vn -0.21400000 0.30060000 0.92940000
vn -0.24820000 0.30060000 -0.92090000
vn -0.24670000 0.48650000 -0.83810000
vn -0.21560000 0.48650000 0.84670000
vn -0.24450000 0.65100000 -0.71860000
vn -0.21780000 0.65100000 0.72720000
vn -0.24170000 0.78710000 -0.56750000
vn -0.22060000 0.78710000 0.57600000
vn -0.23850000 0.88880000 -0.39140000
vn -0.22380000 0.88880000 0.39990000
vn -0.23490000 0.95170000 -0.19800000
vn -0.22740000 0.95170000 0.20650000
vn -0.23110000 0.97290000 0.00430000
vn -0.84660000 -0.46640000 -0.25650000
vn -0.83600000 -0.46750000 0.28720000
vn 0.18060000 -0.89790000 0.40140000
vn 0.16560000 -0.89790000 -0.40780000
vn 0.77600000 0.38750000 0.49760000
vn 0.75710000 0.38750000 -0.52600000
vn 0.22240000 -0.87910000 0.42150000
vn 0.20670000 -0.87910000 -0.42940000
vn -0.81250000 -0.45630000 -0.36270000
vn -0.79880000 -0.45510000 0.39350000
vn 0.15800000 -0.84610000 0.50910000
vn 0.13910000 -0.84610000 -0.51460000
vn -0.81000000 -0.47300000 -0.34660000
vn -0.79620000 -0.47440000 0.37550000
vn 0.11940000 -0.86650000 0.48470000
vn 0.10140000 -0.86650000 -0.48880000
vn 0.15800000 -0.84610000 0.50910000
vn 0.13920000 -0.84610000 -0.51460000
vn 0.70020000 0.42620000 0.57280000
vn 0.67850000 0.42620000 -0.59830000
vn -0.75950000 -0.46860000 -0.45120000
vn -0.74240000 -0.46730000 0.48000000
vn -0.75990000 -0.48450000 -0.43330000
vn -0.74320000 -0.48590000 0.45990000
vn 0.08220000 -0.80740000 0.58420000
vn 0.06050000 -0.80740000 -0.58690000
vn 0.04730000 -0.82960000 0.55630000
vn 0.02670000 -0.82970000 -0.55760000
vn 0.08220000 -0.80740000 0.58430000
vn 0.06060000 -0.80740000 -0.58690000
vn -0.69280000 -0.48710000 -0.53170000
vn -0.67280000 -0.48590000 0.55790000
vn -0.69600000 -0.50230000 -0.51300000
vn -0.67670000 -0.50350000 0.53710000
vn 0.61470000 0.46960000 0.63380000
vn 0.59090000 0.46960000 -0.65600000
vn -0.00330000 -0.76400000 0.64520000
vn -0.02710000 -0.76400000 -0.64460000
vn -0.03410000 -0.78840000 0.61430000
vn -0.05670000 -0.78840000 -0.61260000
vn -0.00330000 -0.76400000 0.64520000
vn -0.02710000 -0.76400000 -0.64460000
vn -0.59120000 -0.51180000 0.62340000
vn -0.61370000 -0.51280000 -0.60030000
vn -0.61910000 -0.52760000 -0.58170000
vn -0.59750000 -0.52850000 0.60310000
vn 0.52170000 0.51660000 0.67900000
vn 0.49620000 0.51660000 -0.69780000
vn -0.09630000 -0.71700000 0.69040000
vn -0.12170000 -0.71700000 -0.68640000
vn -0.12250000 -0.74370000 0.65720000
vn -0.14670000 -0.74370000 -0.65220000
vn -0.09630000 -0.71700000 0.69040000
vn -0.12180000 -0.71700000 -0.68640000
vn -0.52450000 -0.54610000 -0.65320000
vn -0.50010000 -0.54530000 0.67270000
vn -0.53110000 -0.56070000 -0.63520000
vn -0.50790000 -0.56130000 0.65350000
vn 0.31790000 -0.94810000 -0.00590000
vn 0.31190000 -0.94400000 0.10760000
vn 0.30780000 -0.94400000 -0.11890000
vn 0.33860000 -0.94090000 -0.00630000
vn 0.28160000 -0.93190000 -0.22860000
vn 0.28990000 -0.93190000 0.21810000
vn 0.33240000 -0.93670000 0.10960000
vn 0.32820000 -0.93670000 -0.12170000
vn 0.30980000 -0.92440000 0.22260000
vn 0.30130000 -0.92440000 -0.23380000
vn 0.42340000 0.56610000 0.70730000
vn 0.39700000 0.56610000 -0.72250000
vn 0.24040000 -0.91220000 -0.33190000
vn 0.25260000 -0.91210000 0.32290000
vn 0.27140000 -0.90430000 0.32950000
vn 0.25910000 -0.90430000 -0.33930000
vn 0.20100000 -0.88540000 0.41910000
vn 0.18540000 -0.88540000 -0.42620000
vn 0.21870000 -0.87710000 0.42770000
vn 0.20270000 -0.87710000 -0.43540000
vn -0.19460000 -0.66750000 0.71870000
vn -0.22100000 -0.66750000 -0.71100000
vn 0.13710000 -0.85250000 0.50450000
vn 0.11820000 -0.85250000 -0.50920000
vn -0.21600000 -0.69660000 0.68420000
vn -0.24110000 -0.69660000 -0.67570000
vn -0.42860000 -0.58670000 -0.68710000
vn -0.40320000 -0.58620000 0.70270000
vn 0.15310000 -0.84360000 0.51470000
vn 0.13400000 -0.84360000 -0.52000000
vn -0.43330000 -0.90120000 0.00800000
vn -0.43620000 -0.88290000 0.17380000
vn -0.42960000 -0.88860000 -0.16060000
vn -0.43020000 -0.82970000 0.35570000
vn -0.43060000 -0.83620000 -0.33960000
vn -0.42050000 -0.73030000 0.53840000
vn -0.44010000 -0.73030000 -0.52250000
vn -0.41790000 -0.60400000 0.67860000
vn -0.44270000 -0.60400000 -0.66270000
vn -0.41580000 -0.45130000 0.78950000
vn -0.44470000 -0.45130000 -0.77370000
vn -0.41440000 -0.27890000 0.86630000
vn -0.44610000 -0.27890000 -0.85040000
vn -0.41370000 -0.09440000 0.90550000
vn -0.44680000 -0.09440000 -0.88960000
vn -0.44680000 0.09440000 -0.88960000
vn -0.41370000 0.09440000 0.90550000
vn -0.44610000 0.27890000 -0.85040000
vn -0.41440000 0.27890000 0.86630000
vn -0.44470000 0.45130000 -0.77370000
vn -0.41580000 0.45130000 0.78960000
vn -0.41790000 0.60400000 0.67870000
vn -0.44270000 0.60400000 -0.66270000
vn -0.44010000 0.73030000 -0.52250000
vn -0.42050000 0.73030000 0.53840000
vn -0.43700000 0.82460000 -0.35910000
vn -0.42350000 0.82460000 0.37500000
vn -0.43370000 0.88290000 -0.17970000
vn -0.42680000 0.88290000 0.19560000
vn -0.43030000 0.90270000 0.00790000
vn -0.19460000 -0.66750000 0.71870000
vn -0.22100000 -0.66750000 -0.71110000
vn -0.43580000 -0.60150000 -0.66950000
vn -0.41130000 -0.60170000 0.68470000
vn 0.06230000 -0.81430000 0.57700000
vn 0.04090000 -0.81440000 -0.57890000
vn 0.07670000 -0.80470000 0.58860000
vn 0.05490000 -0.80480000 -0.59110000
vn -0.02100000 -0.77190000 0.63540000
vn -0.04460000 -0.77200000 -0.63410000
vn -0.00850000 -0.76160000 0.64800000
vn -0.03250000 -0.76160000 -0.64720000
vn -0.11110000 -0.72640000 0.67820000
vn -0.13610000 -0.72640000 -0.67360000
vn -0.10040000 -0.71520000 0.69160000
vn -0.12590000 -0.71520000 -0.68740000
vn 0.32240000 0.61680000 0.71810000
vn 0.44790000 0.89400000 -0.00830000
vn 0.29560000 0.61680000 -0.72950000
vn -0.20560000 -0.67880000 0.70500000
vn -0.23150000 -0.67880000 -0.69690000
vn -0.19690000 -0.66680000 0.71880000
vn -0.22330000 -0.66680000 -0.71100000
vn -0.33000000 -0.63340000 -0.69990000
vn -0.30450000 -0.63310000 0.71160000
vn -0.29560000 -0.61680000 0.72950000
vn -0.31210000 -0.64840000 0.69440000
vn -0.33750000 -0.64840000 -0.68240000
vn -0.32240000 -0.61680000 -0.71810000
vn -0.29560000 -0.61680000 0.72950000
vn -0.33740000 -0.64860000 -0.68230000
vn -0.31240000 -0.64830000 0.69430000
vn -0.32240000 -0.61680000 -0.71810000
vn -0.32880000 -0.63010000 -0.70350000
vn -0.30260000 -0.63010000 0.71510000
vn -0.29580000 -0.61710000 0.72920000
vn -0.32250000 -0.61710000 -0.71770000
vn -0.44790000 -0.89400000 0.00830000
vn -0.42580000 -0.58140000 -0.69330000
vn -0.39980000 -0.58150000 0.70850000
vn -0.39500000 -0.56740000 0.72250000
vn -0.42140000 -0.56740000 -0.70740000
vn -0.49530000 -0.53390000 0.68530000
vn -0.52030000 -0.53380000 -0.66660000
vn -0.49230000 -0.51890000 0.69890000
vn -0.51780000 -0.51880000 -0.68020000
vn 0.22100000 0.66750000 0.71100000
vn 0.19460000 0.66750000 -0.71870000
vn -0.58690000 -0.48840000 0.64580000
vn -0.61030000 -0.48840000 -0.62370000
vn -0.58570000 -0.47230000 0.65870000
vn -0.60970000 -0.47230000 -0.63650000
vn -0.23320000 -0.68420000 -0.69100000
vn -0.20820000 -0.68430000 0.69880000
vn -0.40850000 -0.60010000 0.68770000
vn -0.43370000 -0.60010000 -0.67220000
vn -0.67240000 -0.44620000 0.59060000
vn -0.69380000 -0.44610000 -0.56540000
vn -0.24070000 -0.69970000 -0.67260000
vn -0.21590000 -0.69920000 0.68160000
vn -0.39700000 -0.56600000 0.72250000
vn -0.42340000 -0.56600000 -0.70730000
vn -0.39700000 -0.56610000 0.72250000
vn -0.42340000 -0.56600000 -0.70730000
vn -0.67300000 -0.42900000 0.60250000
vn -0.69480000 -0.42900000 -0.57720000
vn -0.74980000 -0.40810000 0.52080000
vn -0.76860000 -0.40800000 -0.49280000
vn -0.75200000 -0.39000000 0.53140000
vn -0.77110000 -0.38990000 -0.50330000
vn -0.81700000 -0.37530000 0.43790000
vn -0.83260000 -0.37520000 -0.40740000
vn -0.82060000 -0.35630000 0.44680000
vn -0.83660000 -0.35630000 -0.41620000
vn -0.88410000 -0.34850000 -0.31120000
vn -0.87200000 -0.34870000 0.34360000
vn -0.87690000 -0.32890000 0.35070000
vn -0.88920000 -0.32880000 -0.31810000
vn -0.92150000 -0.32890000 -0.20640000
vn -0.91330000 -0.32900000 0.24030000
vn -0.93940000 -0.31690000 0.13060000
vn -0.94360000 -0.31690000 -0.09590000
vn -0.92740000 -0.30870000 -0.21110000
vn -0.91900000 -0.30860000 0.24520000
vn -0.94970000 -0.31280000 0.01760000
vn -0.94580000 -0.29620000 0.13320000
vn -0.95010000 -0.29620000 -0.09820000
vn -0.95630000 -0.29200000 0.01770000
vn -0.14230000 -0.73700000 -0.66080000
vn -0.11850000 -0.73730000 0.66510000
vn 0.12170000 0.71700000 0.68640000
vn 0.09630000 0.71700000 -0.69040000
vn -0.50290000 -0.55300000 0.66430000
vn -0.52710000 -0.55300000 -0.64520000
vn -0.15030000 -0.75240000 -0.64130000
vn -0.12630000 -0.75170000 0.64730000
vn -0.49620000 -0.51660000 0.69780000
vn -0.52170000 -0.51660000 -0.67900000
vn -0.49620000 -0.51660000 0.69780000
vn -0.52170000 -0.51660000 -0.67900000
vn -0.06050000 -0.78900000 -0.61140000
vn -0.03880000 -0.78960000 0.61240000
vn 0.02710000 0.76400000 0.64460000
vn 0.00330000 0.76400000 -0.64520000
vn -0.06990000 -0.80380000 -0.59070000
vn -0.04750000 -0.80300000 0.59410000
vn -0.59290000 -0.50830000 0.62460000
vn -0.61560000 -0.50830000 -0.60220000
vn -0.59090000 -0.46950000 0.65610000
vn -0.61470000 -0.46950000 -0.63380000
vn -0.59090000 -0.46950000 0.65600000
vn -0.61470000 -0.46950000 -0.63380000
vn -0.54890000 -0.83580000 0.01010000
vn -0.54620000 -0.81730000 0.18340000
vn -0.55820000 -0.81510000 -0.15510000
vn -0.56060000 -0.75560000 0.33880000
vn -0.57850000 -0.74900000 -0.32290000
vn -0.56350000 -0.66330000 0.49240000
vn -0.58130000 -0.66330000 -0.47130000
vn -0.56110000 -0.54860000 0.61980000
vn -0.58360000 -0.54860000 -0.59860000
vn -0.55920000 -0.41000000 0.72050000
vn -0.58550000 -0.41000000 -0.69940000
vn -0.55800000 -0.25340000 0.79020000
vn -0.58680000 -0.25340000 -0.76910000
vn -0.55730000 -0.08570000 0.82590000
vn -0.58740000 -0.08570000 -0.80470000
vn -0.55730000 0.08570000 0.82590000
vn -0.58740000 0.08570000 -0.80470000
vn -0.58680000 0.25340000 -0.76910000
vn -0.55800000 0.25340000 0.79020000
vn -0.55920000 0.41000000 0.72050000
vn -0.58550000 0.41000000 -0.69940000
vn -0.56110000 0.54860000 0.61980000
vn -0.58360000 0.54860000 -0.59860000
vn -0.58130000 0.66330000 -0.47130000
vn -0.56350000 0.66330000 0.49240000
vn -0.57850000 0.74900000 -0.32290000
vn -0.56620000 0.74900000 0.34400000
vn -0.57550000 0.80200000 -0.15990000
vn -0.56920000 0.80200000 0.18100000
vn -0.57240000 0.81990000 0.01060000
vn 0.00950000 -0.83790000 -0.54570000
vn 0.02870000 -0.83860000 0.54400000
vn -0.00200000 -0.85140000 -0.52460000
vn 0.01830000 -0.85060000 0.52560000
vn -0.67630000 -0.46710000 0.56960000
vn -0.69690000 -0.46700000 -0.54430000
vn -0.06050000 0.80740000 0.58690000
vn -0.08220000 0.80740000 -0.58420000
vn -0.67850000 -0.42610000 0.59830000
vn -0.70020000 -0.42610000 -0.57280000
vn -0.67850000 -0.42620000 0.59830000
vn -0.70020000 -0.42610000 -0.57290000
vn 0.06670000 -0.88150000 -0.46750000
vn 0.08280000 -0.88210000 0.46370000
vn 0.05250000 -0.89290000 -0.44710000
vn 0.07020000 -0.89230000 0.44600000
vn -0.75100000 -0.43030000 0.50080000
vn -0.76900000 -0.43030000 -0.47270000
vn -0.13910000 0.84610000 0.51450000
vn -0.15800000 0.84610000 -0.50910000
vn -0.75710000 -0.38750000 0.52600000
vn -0.77600000 -0.38740000 -0.49770000
vn -0.75710000 -0.38750000 0.52600000
vn -0.77600000 -0.38750000 -0.49760000
vn 0.12370000 -0.91860000 0.37540000
vn 0.11080000 -0.91800000 -0.38080000
vn 0.09410000 -0.92720000 -0.36250000
vn 0.10870000 -0.92680000 0.35960000
vn -0.81530000 -0.39880000 0.41990000
vn -0.83020000 -0.39880000 -0.38950000
vn 0.34600000 -0.85500000 -0.38640000
vn 0.35310000 -0.93560000 -0.00650000
vn 0.34950000 -0.91520000 -0.20070000
vn 0.99980000 -0.00000000 -0.01850000
vn 0.99980000 -0.00000000 -0.01850000
vn 0.99980000 -0.00000000 -0.01850000
vn 0.99980000 -0.00000000 -0.01850000
vn 0.35670000 -0.91520000 0.18760000
vn 0.36000000 -0.85500000 0.37340000
vn 0.99980000 -0.00000000 -0.01850000
vn 0.36300000 -0.75740000 0.54270000
vn 0.34280000 -0.75740000 -0.55570000
vn 0.99980000 -0.00000000 -0.01850000
vn 0.99980000 -0.00000000 -0.01850000
vn 0.99980000 -0.00000000 -0.01850000
vn 0.33990000 -0.62670000 -0.70120000
vn 0.36560000 -0.62670000 0.68810000
vn 0.99980000 -0.00000000 -0.01850000
vn 0.99980000 -0.00000000 -0.01850000
vn 0.36760000 -0.46850000 0.80330000
vn 0.33770000 -0.46850000 -0.81640000
vn 0.99980000 -0.00000000 -0.01850000
vn 0.99980000 -0.00000000 -0.01850000
vn 0.36900000 -0.28970000 0.88310000
vn 0.33610000 -0.28970000 -0.89620000
vn 0.99980000 -0.00000000 -0.01850000
vn 0.99980000 -0.00000000 -0.01850000
vn 0.36970000 -0.09800000 0.92400000
vn 0.33530000 -0.09800000 -0.93700000
vn 0.99980000 -0.00000000 -0.01850000
vn 0.99980000 -0.00000000 -0.01850000
vn 0.99980000 -0.00000000 -0.01850000
vn 0.99980000 -0.00000000 -0.01850000
vn 0.99980000 -0.00000000 -0.01850000
vn 0.36970000 0.09800000 0.92400000
vn 0.33530000 0.09800000 -0.93700000
vn 0.99980000 -0.00000000 -0.01850000
vn 0.36900000 0.28970000 0.88310000
vn 0.33610000 0.28970000 -0.89620000
vn 0.99980000 -0.00000000 -0.01850000
vn 0.36760000 0.46850000 0.80330000
vn 0.99980000 -0.00000000 -0.01850000
vn 0.99980000 -0.00000000 -0.01850000
vn 0.33990000 0.62670000 -0.70120000
vn 0.36560000 0.62670000 0.68810000
vn 0.99980000 -0.00000000 -0.01850000
vn 0.99980000 -0.00000000 -0.01850000
vn 0.99980000 -0.00000000 -0.01850000
vn 0.34270000 0.75740000 -0.55570000
vn 0.36300000 0.75740000 0.54270000
vn 0.99980000 -0.00000000 -0.01850000
vn 0.99980000 -0.00000000 -0.01850000
vn 0.34600000 0.85500000 -0.38640000
vn 0.34950000 0.91520000 -0.20070000
vn 0.35310000 0.93560000 -0.00650000
vn 0.99980000 -0.00000000 -0.01850000
vn 0.33770000 0.46850000 -0.81640000
vn 0.99980000 -0.00000000 -0.01850000
vn 0.99980000 -0.00000000 -0.01850000
vn 0.36000000 0.85500000 0.37340000
vn 0.35670000 0.91520000 0.18760000
vn -0.20670000 0.87910000 0.42940000
vn -0.22240000 0.87920000 -0.42150000
vn -0.82470000 -0.35440000 0.44080000
vn -0.84040000 -0.35440000 -0.41010000
vn 0.14300000 -0.94660000 -0.28890000
vn 0.15260000 -0.94700000 0.28260000
vn 0.12410000 -0.95370000 -0.27410000
vn 0.13540000 -0.95340000 0.26970000
vn -0.82470000 -0.35440000 0.44080000
vn -0.84040000 -0.35440000 -0.41010000
vn 0.16480000 -0.96700000 -0.19450000
vn 0.17110000 -0.96720000 0.18760000
vn -0.86740000 -0.37350000 0.32870000
vn -0.87900000 -0.37350000 -0.29640000
vn -0.87950000 -0.32780000 0.34500000
vn -0.89170000 -0.32780000 -0.31220000
vn -0.26150000 0.90570000 0.33350000
vn -0.27370000 0.90570000 -0.32370000
vn 0.14430000 -0.97230000 -0.18410000
vn 0.15200000 -0.97210000 0.17860000
vn 0.18080000 -0.97920000 0.09200000
vn 0.17770000 -0.97910000 -0.09920000
vn 0.18290000 -0.98310000 -0.00360000
vn -0.87950000 -0.32780000 0.34500000
vn -0.89160000 -0.32780000 -0.31220000
vn -0.90620000 -0.35500000 0.22960000
vn -0.91410000 -0.35500000 -0.19590000
vn 0.15650000 -0.98320000 -0.09370000
vn 0.16040000 -0.98320000 0.08750000
vn 0.16170000 -0.98680000 -0.00320000
vn -0.92860000 -0.30840000 -0.20660000
vn -0.92030000 -0.30830000 0.24080000
vn -0.30230000 0.92520000 0.22930000
vn -0.31060000 0.92520000 -0.21800000
vn -0.93070000 -0.34370000 0.12490000
vn -0.93470000 -0.34370000 -0.09050000
vn -0.94030000 -0.33990000 0.01740000
vn -0.94610000 -0.29650000 0.13070000
vn -0.95020000 -0.29650000 -0.09570000
vn -0.92030000 -0.30830000 0.24070000
vn -0.92860000 -0.30830000 -0.20660000
vn -0.32800000 0.93710000 0.11930000
vn -0.33220000 0.93710000 -0.10710000
vn -0.95610000 -0.29250000 0.01770000
vn -0.33810000 0.94110000 0.00630000
vn -0.94610000 -0.29650000 0.13070000
vn -0.95020000 -0.29650000 -0.09570000
vn -0.95610000 -0.29250000 0.01770000
vn -0.73160000 -0.68160000 0.01350000
vn -0.72890000 -0.66680000 0.15520000
vn -0.73420000 -0.66680000 -0.12820000
vn -0.72640000 -0.62270000 0.29070000
vn -0.73670000 -0.62270000 -0.26370000
vn -0.72420000 -0.55150000 0.41410000
vn -0.73900000 -0.55150000 -0.38710000
vn -0.72220000 -0.45610000 0.52000000
vn -0.74090000 -0.45610000 -0.49300000
vn -0.72060000 -0.34080000 0.60370000
vn -0.74250000 -0.34080000 -0.57670000
vn -0.71960000 -0.21060000 0.66170000
vn -0.74350000 -0.21060000 -0.63470000
vn -0.71900000 -0.07130000 0.69130000
vn -0.74410000 -0.07130000 -0.66430000
vn -0.71900000 0.07120000 0.69130000
vn -0.74410000 0.07130000 -0.66430000
vn -0.74350000 0.21060000 -0.63470000
vn -0.71960000 0.21060000 0.66170000
vn -0.72070000 0.34080000 0.60370000
vn -0.74250000 0.34080000 -0.57670000
vn -0.74090000 0.45610000 -0.49300000
vn -0.72220000 0.45610000 0.52000000
vn -0.73900000 0.55150000 -0.38710000
vn -0.72420000 0.55150000 0.41410000
vn -0.72640000 0.62270000 0.29070000
vn -0.73670000 0.62270000 -0.26370000
vn -0.73420000 0.66680000 -0.12820000
vn -0.72890000 0.66680000 0.15520000
vn -0.73160000 0.68160000 0.01350000
vn -0.81920000 -0.57330000 0.01510000
vn -0.82140000 -0.56080000 -0.10380000
vn -0.81520000 -0.52350000 0.24780000
vn -0.82370000 -0.52360000 -0.21750000
vn -0.81350000 -0.46350000 0.35130000
vn -0.81220000 -0.38320000 0.43990000
vn -0.82780000 -0.38320000 -0.40970000
vn -0.81120000 -0.28620000 0.51000000
vn -0.82940000 -0.28620000 -0.47970000
vn -0.81050000 -0.17680000 0.55840000
vn -0.83060000 -0.17680000 -0.52810000
vn -0.81020000 -0.05980000 0.58310000
vn -0.83120000 -0.05980000 -0.55280000
vn -0.81020000 0.05980000 0.58310000
vn -0.83120000 0.05980000 -0.55280000
vn -0.83060000 0.17680000 -0.52810000
vn -0.81050000 0.17680000 0.55840000
vn -0.81110000 0.28620000 0.51000000
vn -0.81210000 0.38320000 0.44000000
vn -0.81350000 0.46350000 0.35130000
vn -0.82590000 0.46350000 -0.32100000
vn -0.82380000 0.52350000 -0.21750000
vn -0.82150000 0.56070000 -0.10380000
vn -0.81920000 0.57330000 0.01510000
vn -0.81710000 -0.56070000 0.13410000
vn -0.82590000 -0.46350000 -0.32100000
vn -0.82950000 0.28620000 -0.47970000
vn -0.82790000 0.38320000 -0.40960000
vn -0.81510000 0.52360000 0.24780000
vn -0.81710000 0.56080000 0.13410000
vn -0.55270000 -0.83330000 0.01020000
vn -0.54960000 -0.81510000 0.18340000
vn -0.55600000 -0.81500000 -0.16290000
vn -0.54670000 -0.76110000 0.34890000
vn -0.55930000 -0.76110000 -0.32840000
vn -0.54430000 -0.67390000 0.49960000
vn -0.56250000 -0.67390000 -0.47910000
vn -0.54230000 -0.55730000 0.62880000
vn -0.56530000 -0.55720000 -0.60830000
vn -0.54080000 -0.41630000 0.73090000
vn -0.56750000 -0.41630000 -0.71040000
vn -0.53980000 -0.25730000 0.80150000
vn -0.56910000 -0.25720000 -0.78100000
vn -0.56990000 -0.08700000 -0.81710000
vn -0.53930000 -0.08700000 0.83760000
vn -0.53930000 0.08700000 0.83760000
vn -0.56990000 0.08700000 -0.81710000
vn -0.53990000 0.25720000 0.80150000
vn -0.56900000 0.25730000 -0.78100000
vn -0.54090000 0.41630000 0.73090000
vn -0.56740000 0.41630000 -0.71040000
vn -0.56520000 0.55730000 -0.60830000
vn -0.54240000 0.55720000 0.62870000
vn -0.54440000 0.67390000 0.49950000
vn -0.56240000 0.67390000 -0.47910000
vn -0.55930000 0.76110000 -0.32850000
vn -0.54680000 0.76110000 0.34890000
vn -0.54960000 0.81500000 0.18330000
vn -0.55600000 0.81510000 -0.16290000
vn -0.55270000 0.83330000 0.01020000
vn -0.94290000 -0.33250000 0.01740000
vn -0.94170000 -0.32530000 0.08650000
vn -0.94420000 -0.32530000 -0.05170000
vn -0.94040000 -0.30380000 0.15260000
vn -0.94540000 -0.30380000 -0.11780000
vn -0.93930000 -0.26900000 0.21280000
vn -0.94650000 -0.26900000 -0.17800000
vn -0.93840000 -0.22250000 0.26450000
vn -0.94750000 -0.22250000 -0.22960000
vn -0.93760000 -0.16630000 0.30530000
vn -0.94830000 -0.16630000 -0.27050000
vn -0.93710000 -0.10280000 0.33360000
vn -0.94880000 -0.10280000 -0.29880000
vn -0.94900000 -0.03480000 -0.31320000
vn -0.93680000 -0.03480000 0.34810000
vn -0.99980000 -0.00000000 0.01850000
vn -0.93680000 0.03480000 0.34810000
vn -0.94900000 0.03480000 -0.31320000
vn -0.93710000 0.10280000 0.33360000
vn -0.94880000 0.10280000 -0.29880000
vn -0.94830000 0.16630000 -0.27050000
vn -0.93760000 0.16630000 0.30530000
vn -0.94750000 0.22250000 -0.22960000
vn -0.93840000 0.22250000 0.26450000
vn -0.94650000 0.26900000 -0.17800000
vn -0.93930000 0.26900000 0.21280000
vn -0.94040000 0.30380000 0.15270000
vn -0.94540000 0.30380000 -0.11780000
vn -0.94420000 0.32530000 -0.05170000
vn -0.94170000 0.32530000 0.08650000
vn -0.94290000 0.33250000 0.01740000
vn 0.18880000 -0.98200000 -0.00350000
vn 0.19250000 -0.96060000 0.20060000
vn 0.18500000 -0.96060000 -0.20760000
vn 0.19620000 -0.89710000 0.39590000
vn 0.18140000 -0.89710000 -0.40280000
vn 0.19940000 -0.79450000 0.57360000
vn 0.17810000 -0.79450000 -0.58060000
vn 0.20230000 -0.65710000 0.72620000
vn 0.17530000 -0.65710000 -0.73310000
vn 0.20450000 -0.49100000 0.84680000
vn 0.17310000 -0.49100000 -0.85380000
vn 0.20600000 -0.30350000 0.93030000
vn 0.17150000 -0.30350000 -0.93730000
vn 0.17070000 -0.10260000 -0.98000000
vn 0.20680000 -0.10260000 0.97300000
vn 0.20680000 0.10270000 0.97300000
vn 0.17070000 0.10260000 -0.98000000
vn 0.20600000 0.30350000 0.93030000
vn 0.17150000 0.30350000 -0.93730000
vn 0.20450000 0.49100000 0.84680000
vn 0.17310000 0.49100000 -0.85380000
vn 0.17530000 0.65710000 -0.73310000
vn 0.20230000 0.65710000 0.72620000
vn 0.19940000 0.79450000 0.57360000
vn 0.17810000 0.79450000 -0.58060000
vn 0.18140000 0.89710000 -0.40280000
vn 0.19620000 0.89710000 0.39590000
vn 0.19250000 0.96060000 0.20060000
vn 0.18500000 0.96060000 -0.20760000
vn 0.18880000 0.98200000 -0.00350000
vn 0.56120000 -0.82760000 -0.01040000
vn 0.56440000 -0.80950000 0.16170000
vn 0.55800000 -0.80950000 -0.18240000
vn 0.56740000 -0.75610000 0.32620000
vn 0.55500000 -0.75610000 -0.34690000
vn 0.57020000 -0.66950000 0.47600000
vn 0.55220000 -0.66950000 -0.49670000
vn 0.57260000 -0.55380000 0.60460000
vn 0.54990000 -0.55380000 -0.62530000
vn 0.57450000 -0.41380000 0.70620000
vn 0.54800000 -0.41380000 -0.72700000
vn 0.57580000 -0.25570000 0.77660000
vn 0.54670000 -0.25570000 -0.79730000
vn 0.57640000 -0.08650000 0.81260000
vn 0.54600000 -0.08650000 -0.83330000
vn 0.57640000 0.08650000 0.81260000
vn 0.54600000 0.08650000 -0.83330000
vn 0.57580000 0.25570000 0.77660000
vn 0.54670000 0.25570000 -0.79730000
vn 0.54800000 0.41380000 -0.72700000
vn 0.57450000 0.41380000 0.70620000
vn 0.54990000 0.55380000 -0.62530000
vn 0.57260000 0.55380000 0.60460000
vn 0.55220000 0.66950000 -0.49670000
vn 0.57020000 0.66950000 0.47600000
vn 0.55500000 0.75610000 -0.34690000
vn 0.56740000 0.75610000 0.32620000
vn 0.55800000 0.80950000 -0.18240000
vn 0.56440000 0.80950000 0.16170000
vn 0.56120000 0.82760000 -0.01040000
vn 0.66750000 -0.74450000 -0.01230000
vn 0.67040000 -0.72820000 0.14240000
vn 0.66470000 -0.72820000 -0.16710000
vn 0.67310000 -0.68010000 0.29040000
vn 0.66200000 -0.68010000 -0.31510000
vn 0.67560000 -0.60230000 0.42520000
vn 0.65950000 -0.60230000 -0.44980000
vn 0.67780000 -0.49810000 0.54080000
vn 0.65730000 -0.49810000 -0.56550000
vn 0.67950000 -0.37220000 0.63230000
vn 0.65560000 -0.37220000 -0.65690000
vn 0.68060000 -0.23010000 0.69560000
vn 0.65450000 -0.23010000 -0.72020000
vn 0.68120000 -0.07780000 0.72790000
vn 0.65390000 -0.07780000 -0.75260000
vn 0.68120000 0.07780000 0.72790000
vn 0.65390000 0.07780000 -0.75260000
vn 0.68060000 0.23010000 0.69560000
vn 0.65450000 0.23010000 -0.72020000
vn 0.67950000 0.37220000 0.63230000
vn 0.65560000 0.37220000 -0.65690000
vn 0.67780000 0.49810000 0.54080000
vn 0.65730000 0.49810000 -0.56550000
vn 0.67560000 0.60230000 0.42520000
vn 0.65950000 0.60230000 -0.44980000
vn 0.66200000 0.68010000 -0.31510000
vn 0.67310000 0.68010000 0.29040000
vn 0.66470000 0.72820000 -0.16710000
vn 0.67040000 0.72820000 0.14240000
vn 0.66750000 0.74450000 -0.01230000
vn 0.88690000 0.46030000 -0.03980000
vn 0.88690000 0.46020000 -0.03970000
vn 0.88690000 0.46020000 -0.03990000
vn 0.88080000 0.44790000 0.15340000
vn 0.88080000 0.44800000 0.15350000
vn 0.88080000 0.44790000 0.15350000
vn 0.88830000 0.45650000 0.05070000
vn 0.88820000 0.45660000 0.05080000
vn 0.88830000 0.45660000 0.04940000
vn 0.83400000 0.41380000 0.36510000
vn 0.83430000 0.41400000 0.36400000
vn 0.83390000 0.41380000 0.36510000
vn 0.83390000 0.41380000 0.36520000
vn -0.87450000 -0.45920000 0.15620000
vn -0.87460000 -0.45940000 0.15490000
vn -0.87460000 -0.45940000 0.15510000
vn -0.87460000 -0.45940000 0.15500000
vn 0.76560000 0.37090000 0.52570000
vn 0.76560000 0.37090000 0.52560000
vn 0.76610000 0.37130000 0.52460000
vn 0.73620000 0.40610000 -0.54140000
vn 0.73560000 0.40590000 -0.54240000
vn 0.73610000 0.40610000 -0.54140000
vn 0.73610000 0.40610000 -0.54150000
vn 0.33080000 0.94370000 -0.00020000
vn 0.79080000 0.59990000 -0.12160000
vn 0.79070000 0.60000000 -0.12150000
vn 0.55250000 0.32190000 -0.76880000
vn 0.55330000 0.32230000 -0.76810000
vn 0.55340000 0.32230000 -0.76800000
vn 0.55410000 0.32300000 -0.76720000
vn 0.31070000 0.94020000 -0.13970000
vn -0.79650000 -0.51900000 -0.31020000
vn -0.79640000 -0.51980000 -0.30920000
vn -0.79630000 -0.51980000 -0.30930000
vn -0.79680000 -0.51910000 -0.30930000
vn 0.62200000 0.35450000 -0.69820000
vn -0.77550000 -0.09130000 0.62470000
vn -0.77570000 -0.08890000 0.62480000
vn -0.95990000 0.27430000 0.05780000
vn -0.95570000 0.28320000 -0.08010000
vn -0.94070000 0.27800000 0.19460000
vn -0.92910000 0.30390000 -0.21080000
vn -0.62530000 0.53530000 0.56790000
vn -0.62430000 0.53680000 0.56760000
vn -0.62530000 0.53620000 0.56700000
vn -0.62620000 0.53580000 0.56640000
vn -0.89990000 0.29380000 0.32220000
vn -0.59890000 -0.27390000 -0.75250000
vn -0.59880000 -0.27390000 -0.75260000
vn -0.88370000 0.33400000 -0.32790000
vn -0.07640000 -0.93960000 0.33350000
vn -0.07520000 -0.93960000 0.33400000
vn -0.84190000 0.31960000 0.43480000
vn 0.72590000 0.34710000 0.59380000
vn 0.72520000 0.34680000 0.59480000
vn 0.72460000 0.34640000 0.59580000
vn -0.94140000 0.33230000 0.05780000
vn -0.93760000 0.34010000 -0.07190000
vn 0.50450000 -0.85670000 -0.10750000
vn 0.50480000 -0.85650000 -0.10800000
vn -0.92350000 0.33520000 0.18660000
vn -0.82430000 0.37070000 -0.42800000
vn -0.91310000 0.35780000 -0.19550000
vn -0.77180000 0.35250000 0.52910000
vn -0.88560000 0.34820000 0.30730000
vn 0.61640000 -0.14100000 -0.77470000
vn 0.61640000 -0.14090000 -0.77470000
vn -0.87090000 0.38360000 -0.30710000
vn -0.73720000 -0.40660000 0.53970000
vn -0.73770000 -0.40700000 0.53860000
vn -0.73840000 -0.40720000 0.53760000
vn -0.73780000 -0.40690000 0.53860000
vn 0.50080000 -0.86550000 -0.00930000
vn 0.50420000 -0.84660000 0.17070000
vn 0.49750000 -0.84660000 -0.18920000
vn 0.50730000 -0.79070000 0.34270000
vn 0.49430000 -0.79070000 -0.36120000
vn 0.51020000 -0.70020000 0.49940000
vn 0.49140000 -0.70020000 -0.51790000
vn 0.51270000 -0.57910000 0.63380000
vn 0.48900000 -0.57910000 -0.65230000
vn 0.51470000 -0.43270000 0.74020000
vn 0.48700000 -0.43270000 -0.75870000
vn 0.48560000 -0.26740000 -0.83220000
vn 0.51610000 -0.26740000 0.81370000
vn 0.51670000 -0.09050000 0.85130000
vn 0.48490000 -0.09050000 -0.86990000
vn 0.51670000 0.09050000 0.85130000
vn 0.48490000 0.09050000 -0.86990000
vn 0.48560000 0.26740000 -0.83220000
vn 0.51610000 0.26750000 0.81370000
vn 0.51470000 0.43270000 0.74020000
vn 0.48700000 0.43270000 -0.75870000
vn 0.51270000 0.57910000 0.63380000
vn 0.48900000 0.57910000 -0.65230000
vn 0.49140000 0.70020000 -0.51790000
vn 0.51020000 0.70020000 0.49940000
vn 0.49430000 0.79070000 -0.36120000
vn 0.50740000 0.79070000 0.34270000
vn 0.49750000 0.84660000 -0.18920000
vn 0.50420000 0.84660000 0.17070000
vn 0.50080000 0.86550000 -0.00930000
vn -0.75540000 0.41140000 -0.51000000
vn -0.83140000 0.36990000 0.41460000
vn -0.11660000 -0.81080000 -0.57350000
vn -0.69440000 0.39020000 0.60460000
vn -0.81530000 0.41560000 -0.40320000
vn -0.79270000 -0.38740000 -0.47070000
vn -0.79310000 -0.38780000 -0.46970000
vn -0.79320000 -0.38770000 -0.46960000
vn -0.79370000 -0.38810000 -0.46850000
vn -0.76550000 0.39830000 0.50530000
vn -0.04830000 0.94350000 0.32800000
vn -0.04820000 0.94400000 0.32640000
vn -0.68060000 0.45410000 -0.57490000
vn -0.75030000 0.45160000 -0.48290000
vn -0.61290000 0.43060000 0.66250000
vn 0.79910000 0.43280000 -0.41730000
vn 0.79970000 0.43280000 -0.41620000
vn 0.79960000 0.43280000 -0.41620000
vn 0.80010000 0.43320000 -0.41500000
vn -0.69220000 0.43150000 0.57850000
vn 0.40300000 -0.91520000 -0.00200000
vn 0.40250000 -0.91540000 -0.00170000
vn -0.60240000 0.49770000 -0.62410000
vn 0.30940000 0.20380000 -0.92880000
vn 0.30860000 0.20340000 -0.92920000
vn 0.30940000 0.20380000 -0.92890000
vn -0.67920000 0.49020000 -0.54630000
vn 0.02100000 -0.96460000 -0.26280000
vn 0.02100000 -0.96440000 -0.26350000
vn -0.52970000 0.47250000 0.70440000
vn -0.61450000 0.46780000 0.63530000
vn -0.27720000 -0.09810000 -0.95580000
vn -0.27730000 -0.09810000 -0.95580000
vn -0.27740000 -0.09810000 -0.95570000
vn -0.52200000 0.54150000 -0.65910000
vn -0.60440000 0.53030000 -0.59460000
vn 0.80650000 -0.53450000 -0.25250000
vn 0.80700000 -0.53430000 -0.25150000
vn 0.80750000 -0.53420000 -0.25030000
vn -0.44580000 0.51500000 0.73210000
vn -0.53480000 0.50620000 0.67660000
vn 0.17150000 0.13480000 -0.97590000
vn 0.17160000 0.13480000 -0.97590000
vn 0.17170000 0.13480000 -0.97590000
vn -0.39800000 0.91500000 0.06620000
vn -0.39800000 0.91500000 0.06610000
vn -0.52720000 0.57120000 -0.62910000
vn -0.44010000 0.58510000 -0.68110000
vn -0.45430000 0.54590000 0.70400000
vn -0.87270000 -0.45920000 0.16620000
vn -0.87260000 -0.45920000 0.16620000
vn -0.87290000 -0.45930000 0.16490000
vn -0.87250000 -0.45910000 0.16740000
vn -0.36190000 0.55800000 0.74670000
vn -0.51760000 0.54310000 -0.66110000
vn -0.51800000 0.54490000 -0.65940000
vn -0.44860000 0.61250000 -0.65080000
vn -0.35730000 0.62860000 -0.69090000
vn 0.88690000 0.45380000 0.08690000
vn 0.88690000 0.45390000 0.08570000
vn 0.88680000 0.45370000 0.08820000
vn -0.09240000 0.29960000 -0.94960000
vn -0.09150000 0.29890000 -0.94990000
vn -0.09300000 0.30070000 -0.94920000
vn -0.45880000 0.88760000 0.04200000
vn -0.37370000 0.58650000 0.71860000
vn -0.27840000 0.60120000 0.74900000
vn 0.07740000 0.08690000 -0.99320000
vn 0.07740000 0.08700000 -0.99320000
vn 0.07750000 0.08680000 -0.99320000
vn 0.07640000 0.08640000 -0.99330000
vn -0.21770000 0.00280000 -0.97600000
vn -0.21820000 0.00110000 -0.97590000
vn -0.36900000 0.65390000 -0.66040000
vn -0.27360000 0.67150000 -0.68860000
vn 0.45880000 -0.88760000 -0.04200000
vn -0.29340000 0.62770000 0.72100000
vn -0.19550000 0.64450000 0.73920000
vn -0.88660000 -0.46080000 0.04010000
vn -0.88690000 -0.46020000 0.03900000
vn -0.88680000 -0.46030000 0.04150000
vn -0.88660000 -0.46080000 0.04020000
vn 0.51590000 -0.85590000 -0.03620000
vn 0.51540000 -0.85620000 -0.03630000
vn -0.28890000 0.69540000 -0.65800000
vn -0.18940000 0.71400000 -0.67400000
vn -0.88650000 -0.45460000 -0.08680000
vn -0.88660000 -0.45460000 -0.08550000
vn -0.88650000 -0.45460000 -0.08670000
vn -0.88640000 -0.45450000 -0.08800000
vn -0.05420000 0.01810000 -0.99840000
vn -0.05460000 0.01900000 -0.99830000
vn -0.21400000 0.66940000 0.71140000
vn -0.11330000 0.68760000 0.71720000
vn -0.45880000 0.88760000 0.04200000
vn -0.45880000 0.88760000 0.04190000
vn -0.45900000 0.88740000 0.04220000
vn -0.45870000 0.88760000 0.04200000
vn -0.45890000 0.88750000 0.04240000
vn -0.45880000 0.88750000 0.04200000
vn -0.14300000 -0.02720000 -0.98940000
vn -0.14310000 -0.02720000 -0.98930000
vn -0.10510000 0.75570000 -0.64640000
vn -0.20860000 0.73660000 -0.64340000
vn -0.88630000 -0.46140000 0.04040000
vn -0.88690000 -0.46040000 0.03920000
vn -0.03250000 0.73050000 0.68210000
vn -0.13560000 0.71120000 0.68970000
vn -0.19530000 -0.14680000 0.96970000
vn -0.02120000 0.79630000 -0.60450000
vn 0.06240000 0.01040000 -0.99800000
vn 0.06060000 0.01040000 -0.99810000
vn 0.06240000 0.01050000 -0.99800000
vn -0.12860000 0.77720000 -0.61590000
vn 0.34190000 -0.93970000 -0.00630000
vn 0.34550000 -0.91920000 0.18900000
vn 0.33830000 -0.91920000 -0.20170000
vn 0.34900000 -0.85850000 0.37580000
vn 0.33490000 -0.85850000 -0.38850000
vn 0.35210000 -0.76020000 0.54590000
vn 0.33170000 -0.76020000 -0.55860000
vn 0.35480000 -0.62880000 0.69190000
vn 0.32900000 -0.62880000 -0.70450000
vn 0.35700000 -0.46990000 0.80740000
vn 0.32690000 -0.46990000 -0.82000000
vn 0.35840000 -0.29040000 0.88720000
vn 0.32540000 -0.29040000 -0.89990000
vn 0.35920000 -0.09820000 0.92810000
vn 0.32470000 -0.09820000 -0.94070000
vn 0.35920000 0.09820000 0.92810000
vn 0.32470000 0.09820000 -0.94070000
vn 0.35840000 0.29040000 0.88720000
vn 0.32540000 0.29040000 -0.89990000
vn 0.32690000 0.46990000 -0.82000000
vn 0.35700000 0.46990000 0.80740000
vn 0.32900000 0.62880000 -0.70450000
vn 0.35480000 0.62880000 0.69190000
vn 0.33170000 0.76020000 -0.55860000
vn 0.35210000 0.76020000 0.54590000
vn 0.33490000 0.85850000 -0.38850000
vn 0.34900000 0.85850000 0.37580000
vn 0.33830000 0.91920000 -0.20170000
vn 0.34550000 0.91920000 0.18900000
vn 0.34190000 0.93970000 -0.00630000
vn 0.04650000 0.77280000 0.63290000
vn -0.05900000 0.75310000 0.65520000
vn -0.25450000 -0.08590000 -0.96330000
vn -0.25450000 -0.08600000 -0.96320000
vn -0.25470000 -0.08610000 -0.96320000
vn -0.25460000 -0.08600000 -0.96320000
vn -0.40000000 0.91600000 0.03090000
vn 0.06110000 0.83510000 -0.54670000
vn -0.04960000 0.81700000 -0.57450000
vn 0.12210000 0.81390000 0.56800000
vn 0.01510000 0.79460000 0.60700000
vn -0.28600000 -0.19220000 0.93870000
vn -0.28600000 -0.19220000 0.93880000
vn 0.13950000 0.87090000 -0.47120000
vn -0.90210000 0.41950000 -0.10080000
vn 0.19190000 0.85270000 0.48580000
vn 0.02720000 0.85510000 -0.51770000
vn 0.79970000 0.43290000 -0.41600000
vn 0.80010000 0.43310000 -0.41490000
vn 0.79920000 0.43270000 -0.41720000
vn 0.21060000 0.90190000 -0.37700000
vn 0.08530000 0.83490000 0.54370000
vn -0.19190000 0.78070000 0.59470000
vn -0.19200000 0.78070000 0.59470000
vn -0.19130000 0.78020000 0.59550000
vn -0.19190000 0.78070000 0.59460000
vn 0.25240000 0.88750000 0.38560000
vn 0.26940000 0.92600000 -0.26460000
vn 0.09950000 0.89040000 -0.44430000
vn 0.29860000 0.91580000 0.26850000
vn -0.40070000 -0.24880000 0.88180000
vn -0.40060000 -0.24880000 0.88180000
vn 0.14920000 0.87310000 0.46420000
vn 0.31080000 0.94050000 -0.13690000
vn 0.32580000 0.93530000 0.13770000
vn 0.33030000 0.94390000 -0.00010000
vn -0.23300000 -0.29010000 0.92820000
vn -0.23360000 -0.28900000 0.92840000
vn 0.16430000 0.92090000 -0.35350000
vn -0.73730000 -0.40660000 0.53950000
vn -0.73850000 -0.40710000 0.53750000
vn -0.73790000 -0.40690000 0.53850000
vn 0.20380000 0.90720000 0.36800000
vn 0.21740000 0.94450000 -0.24620000
vn -0.12520000 0.81400000 0.56710000
vn -0.12440000 0.81360000 0.56800000
vn -0.12520000 0.81410000 0.56710000
vn 0.24490000 0.93500000 0.25660000
vn 0.25460000 0.95890000 -0.12550000
vn 0.26870000 0.95400000 0.13320000
vn 0.27230000 0.96220000 0.00340000
vn -0.51370000 -0.30350000 0.80250000
vn -0.45700000 -0.13090000 0.87980000
vn -0.45770000 -0.12950000 0.87960000
vn -0.45300000 -0.19300000 -0.87040000
vn -0.45210000 -0.19250000 -0.87100000
vn -0.45210000 -0.19250000 -0.87090000
vn -0.51280000 0.85450000 0.08230000
vn -0.51290000 0.85450000 0.08230000
vn -0.62200000 -0.35450000 0.69820000
vn -0.55490000 -0.32190000 0.76710000
vn -0.55360000 -0.32240000 0.76790000
vn -0.55270000 -0.32200000 0.76860000
vn -0.68840000 0.39310000 0.60960000
vn 0.82480000 0.44290000 -0.35140000
vn 0.82480000 0.44290000 -0.35130000
vn 0.82440000 0.44280000 -0.35250000
vn -0.75000000 0.41440000 -0.51560000
vn 0.42650000 0.26140000 -0.86590000
vn 0.42850000 0.26240000 -0.86460000
vn 0.42750000 0.26190000 -0.86530000
vn -0.87460000 -0.45950000 0.15490000
vn -0.87440000 -0.45940000 0.15610000
vn -0.21230000 -0.64080000 0.73780000
vn -0.21220000 -0.64090000 0.73770000
vn 0.73500000 0.35250000 0.57930000
vn 0.73570000 0.35270000 0.57820000
vn 0.73500000 0.35250000 0.57920000
vn 0.22380000 0.06980000 0.97210000
vn 0.22600000 0.07080000 0.97160000
vn 0.22520000 0.06980000 0.97180000
vn 0.22520000 0.06970000 0.97180000
vn -0.79750000 0.49710000 -0.34200000
vn -0.79750000 0.49700000 -0.34200000
vn 0.11720000 0.10680000 -0.98730000
vn 0.11620000 0.10630000 -0.98750000
vn 0.11840000 0.10740000 -0.98710000
vn 0.11740000 0.10690000 -0.98730000
vn 0.88820000 0.45940000 -0.00930000
vn 0.88820000 0.45940000 -0.00800000
vn 0.88820000 0.45950000 -0.00800000
vn 0.59330000 -0.76790000 -0.24160000
vn 0.59380000 -0.76740000 -0.24210000
vn 0.62470000 -0.53640000 -0.56750000
vn 0.62440000 -0.53800000 -0.56630000
vn -0.83680000 -0.36010000 0.41230000
vn -0.83750000 -0.35870000 0.41230000
vn 0.92780000 -0.30450000 0.21570000
vn -0.82530000 -0.50170000 0.25920000
vn -0.82520000 -0.50240000 0.25810000
vn -0.82380000 -0.50420000 0.25900000
vn -0.82460000 -0.50280000 0.25920000
vn 0.91020000 -0.41190000 0.04340000
vn 0.91000000 -0.41250000 0.04220000
vn 0.46190000 -0.88490000 0.06080000
vn 0.46180000 -0.88490000 0.06030000
vn 0.22560000 -0.97420000 -0.00420000
vn 0.22930000 -0.95290000 0.19830000
vn 0.22180000 -0.95290000 -0.20670000
vn 0.23290000 -0.89000000 0.39200000
vn 0.21830000 -0.89000000 -0.40040000
vn 0.23620000 -0.78820000 0.56840000
vn 0.21500000 -0.78820000 -0.57670000
vn 0.23900000 -0.65190000 0.71970000
vn 0.21220000 -0.65190000 -0.72800000
vn 0.24120000 -0.48710000 0.83940000
vn 0.23630000 -0.51430000 -0.82440000
vn 0.24270000 -0.30110000 0.92220000
vn 0.28700000 -0.29440000 -0.91160000
vn 0.28620000 -0.09960000 -0.95300000
vn 0.24350000 -0.10180000 0.96450000
vn 0.28620000 0.09960000 -0.95300000
vn 0.24350000 0.10180000 0.96450000
vn 0.24270000 0.30100000 0.92220000
vn 0.28700000 0.29440000 -0.91160000
vn 0.23630000 0.51430000 -0.82440000
vn 0.24120000 0.48710000 0.83940000
vn 0.21220000 0.65190000 -0.72800000
vn 0.23900000 0.65190000 0.71970000
vn 0.21500000 0.78820000 -0.57670000
vn 0.23620000 0.78820000 0.56840000
vn 0.21830000 0.89000000 -0.40030000
vn 0.23290000 0.89000000 0.39200000
vn 0.22930000 0.95290000 0.19830000
vn 0.22180000 0.95290000 -0.20670000
vn 0.22560000 0.97420000 -0.00420000
vn 0.72380000 -0.68990000 -0.01340000
vn 0.72380000 0.68990000 -0.01340000
vn 0.71700000 -0.68990000 0.10000000
vn 0.71280000 -0.68990000 -0.12640000
vn 0.71700000 0.68990000 0.10000000
vn 0.71280000 0.68990000 -0.12640000
vn 0.69250000 -0.68990000 0.21100000
vn 0.68420000 -0.68990000 -0.23640000
vn 0.69250000 0.68990000 0.21100000
vn 0.68420000 0.68990000 -0.23640000
vn 0.72380000 -0.68990000 -0.01340000
vn 0.68840000 -0.72520000 -0.01270000
vn 0.65100000 -0.68990000 0.31670000
vn 0.63880000 -0.68990000 -0.34050000
vn 0.65100000 0.68990000 0.31670000
vn 0.63880000 0.68990000 -0.34050000
vn 0.71700000 -0.68990000 0.10000000
vn 0.71280000 -0.68990000 -0.12650000
vn 0.68190000 -0.72520000 0.09510000
vn 0.67790000 -0.72520000 -0.12030000
vn 0.95320000 -0.30170000 -0.01760000
vn 0.73550000 0.67730000 -0.01360000
vn 0.92570000 -0.29700000 0.23420000
vn 0.91640000 -0.29710000 -0.26820000
vn 0.71130000 0.67870000 0.18270000
vn 0.70410000 0.67870000 -0.20880000
vn 0.69250000 -0.68990000 0.21090000
vn 0.68420000 -0.68990000 -0.23640000
vn 0.65870000 -0.72520000 0.20070000
vn 0.65080000 -0.72520000 -0.22480000
vn 0.84480000 -0.28440000 0.45330000
vn 0.82740000 -0.28440000 -0.48420000
vn 0.64230000 0.68210000 0.34950000
vn 0.62900000 0.68210000 -0.37300000
vn 0.59340000 -0.68990000 0.41460000
vn 0.57770000 -0.68990000 -0.43630000
vn 0.59340000 0.68990000 0.41460000
vn 0.57770000 0.68990000 -0.43630000
vn 0.65100000 -0.68990000 0.31670000
vn 0.63880000 -0.68990000 -0.34050000
vn 0.60760000 -0.72520000 -0.32390000
vn 0.61910000 -0.72520000 0.30120000
vn 0.72380000 -0.68990000 -0.01340000
vn 0.68840000 -0.72520000 -0.01270000
vn 0.71700000 -0.68990000 0.10000000
vn 0.71280000 -0.68990000 -0.12640000
vn 0.68190000 -0.72520000 0.09510000
vn 0.67800000 -0.72520000 -0.12030000
vn 0.73460000 -0.26700000 0.62370000
vn 0.71110000 -0.26700000 -0.65040000
vn 0.55160000 0.68600000 0.47450000
vn 0.53360000 0.68600000 -0.49460000
vn 0.69250000 -0.68990000 0.21090000
vn 0.68420000 -0.68990000 -0.23640000
vn 0.65870000 -0.72520000 0.20060000
vn 0.65080000 -0.72520000 -0.22480000
vn 0.59340000 -0.68990000 0.41460000
vn 0.57770000 -0.68990000 -0.43630000
vn 0.54950000 -0.72520000 -0.41500000
vn 0.56440000 -0.72520000 0.39430000
vn 0.65100000 -0.68990000 0.31670000
vn 0.63880000 -0.68990000 -0.34050000
vn 0.61920000 -0.72520000 0.30120000
vn 0.60760000 -0.72520000 -0.32390000
vn 0.52130000 -0.68990000 0.50240000
vn 0.50240000 -0.68990000 -0.52130000
vn 0.52130000 0.68990000 0.50230000
vn 0.50240000 0.68990000 -0.52130000
vn 0.58820000 -0.24860000 -0.76960000
vn 0.43630000 0.68950000 -0.57810000
vn 0.61620000 -0.24860000 0.74730000
vn 0.45730000 0.68950000 0.56160000
vn 0.72380000 -0.68990000 -0.01340000
vn 0.68840000 -0.72520000 -0.01270000
vn 0.71700000 -0.68990000 0.10000000
vn 0.71280000 -0.68990000 -0.12640000
vn 0.68190000 -0.72520000 0.09510000
vn 0.67790000 -0.72520000 -0.12030000
vn 0.69250000 -0.68990000 0.21100000
vn 0.68420000 -0.68990000 -0.23640000
vn 0.65870000 -0.72520000 0.20070000
vn 0.65080000 -0.72520000 -0.22490000
vn 0.59340000 -0.68990000 0.41460000
vn 0.57770000 -0.68990000 -0.43630000
vn 0.56440000 -0.72520000 0.39430000
vn 0.54950000 -0.72520000 -0.41490000
vn 0.52130000 -0.68990000 0.50230000
vn 0.50230000 -0.68990000 -0.52130000
vn 0.49580000 -0.72520000 0.47780000
vn 0.47780000 -0.72520000 -0.49580000
vn 0.65100000 -0.68990000 0.31670000
vn 0.63890000 -0.68990000 -0.34050000
vn 0.61920000 -0.72520000 0.30120000
vn 0.60760000 -0.72520000 -0.32390000
vn 0.46980000 -0.23170000 -0.85180000
vn 0.36840000 0.69220000 0.62050000
vn 0.34530000 0.69230000 -0.63370000
vn 0.50090000 -0.23170000 0.83390000
vn 0.12990000 -0.99150000 -0.00240000
vn 0.13370000 -0.96990000 0.20370000
vn 0.12610000 -0.96990000 -0.20850000
vn 0.13740000 -0.90580000 0.40080000
vn 0.12250000 -0.90580000 -0.40560000
vn 0.14070000 -0.80220000 0.58030000
vn 0.11920000 -0.80220000 -0.58510000
vn 0.14350000 -0.66350000 0.73430000
vn 0.11630000 -0.66350000 -0.73910000
vn 0.14580000 -0.49580000 0.85610000
vn 0.11440000 -0.58290000 -0.80450000
vn 0.14740000 -0.30640000 0.94040000
vn 0.14820000 -0.10360000 0.98350000
vn 0.14820000 0.10360000 0.98350000
vn 0.14740000 0.30640000 0.94040000
vn 0.11440000 0.58290000 -0.80450000
vn 0.14580000 0.49580000 0.85610000
vn 0.11630000 0.66350000 -0.73910000
vn 0.14350000 0.66350000 0.73430000
vn 0.11920000 0.80220000 -0.58510000
vn 0.14070000 0.80220000 0.58030000
vn 0.12250000 0.90580000 -0.40560000
vn 0.13740000 0.90580000 0.40080000
vn 0.12610000 0.96990000 -0.20850000
vn 0.13370000 0.96990000 0.20370000
vn 0.12990000 0.99150000 -0.00240000
vn 0.43630000 -0.68990000 0.57770000
vn 0.41460000 -0.68990000 -0.59340000
vn 0.43630000 0.68990000 0.57770000
vn 0.41460000 0.68990000 -0.59340000
vn 0.59340000 -0.68990000 0.41460000
vn 0.57770000 -0.68990000 -0.43630000
vn 0.56440000 -0.72520000 0.39440000
vn 0.54950000 -0.72520000 -0.41490000
vn 0.52130000 -0.68990000 0.50230000
vn 0.50240000 -0.68990000 -0.52120000
vn 0.49580000 -0.72520000 0.47780000
vn 0.47780000 -0.72520000 -0.49580000
vn 0.68810000 -0.72550000 -0.01240000
vn 0.67360000 0.73900000 -0.01190000
vn 0.48410000 -0.87500000 -0.00900000
vn 0.65560000 0.73650000 0.16660000
vn 0.67970000 -0.72710000 0.09650000
vn 0.67690000 -0.72600000 -0.12110000
vn 0.65110000 0.73480000 -0.19020000
vn 0.47200000 -0.87250000 0.12600000
vn 0.46700000 -0.87260000 -0.14350000
vn 0.60330000 0.72860000 0.32440000
vn 0.65220000 -0.73070000 0.20170000
vn 0.64650000 -0.72870000 -0.22580000
vn 0.59410000 0.72550000 -0.34750000
vn 0.43630000 -0.68990000 0.57770000
vn 0.41460000 -0.68990000 -0.59340000
vn 0.41490000 -0.72520000 0.54950000
vn 0.39440000 -0.72520000 -0.56440000
vn 0.43530000 -0.86620000 0.24530000
vn 0.42590000 -0.86620000 -0.26130000
vn 0.28710000 0.69430000 0.66000000
vn 0.39300000 -0.21760000 0.89350000
vn 0.26250000 0.69420000 -0.67020000
vn 0.35960000 -0.21760000 -0.90740000
vn 0.53050000 0.71800000 0.45060000
vn 0.51680000 0.71390000 -0.47250000
vn 0.60720000 -0.73600000 0.29950000
vn 0.59850000 -0.73320000 -0.32280000
vn 0.37140000 -0.85790000 -0.35500000
vn 0.38420000 -0.85790000 0.34120000
vn 0.52130000 -0.68990000 0.50240000
vn 0.50230000 -0.68990000 -0.52130000
vn 0.49580000 -0.72520000 0.47780000
vn 0.47790000 -0.72520000 -0.49580000
vn 0.43630000 -0.68990000 0.57770000
vn 0.41460000 -0.68990000 -0.59340000
vn 0.41490000 -0.72520000 0.54950000
vn 0.39440000 -0.72520000 -0.56440000
vn 0.34050000 -0.68990000 0.63880000
vn 0.31670000 -0.68990000 -0.65100000
vn 0.34050000 0.68990000 0.63880000
vn 0.31670000 0.68990000 -0.65100000
vn 0.43240000 0.70260000 -0.56520000
vn 0.45010000 0.70700000 0.54550000
vn 0.54690000 -0.74220000 0.38720000
vn 0.53520000 -0.73910000 -0.40910000
vn 0.31200000 -0.84930000 -0.42590000
vn 0.32760000 -0.84930000 0.41410000
vn 0.43630000 -0.68990000 0.57770000
vn 0.41460000 -0.68990000 -0.59340000
vn 0.41500000 -0.72520000 0.54950000
vn 0.39430000 -0.72520000 -0.56440000
vn 0.34050000 -0.68990000 0.63880000
vn 0.31670000 -0.68990000 -0.65100000
vn 0.32390000 -0.72520000 0.60760000
vn 0.30120000 -0.72520000 -0.61920000
vn 0.29230000 -0.20670000 0.93370000
vn 0.21260000 0.69560000 0.68620000
vn 0.18700000 0.69560000 -0.69360000
vn 0.25740000 -0.20660000 -0.94390000
vn 0.36990000 0.69690000 0.61440000
vn 0.34880000 0.69260000 -0.63150000
vn 0.47420000 -0.74890000 0.46290000
vn 0.45930000 -0.74570000 -0.48270000
vn 0.27040000 -0.84140000 0.46780000
vn 0.25300000 -0.84140000 -0.47750000
vn 0.34050000 -0.68990000 0.63880000
vn 0.32390000 -0.72520000 0.60760000
vn 0.31670000 -0.68990000 -0.65100000
vn 0.30120000 -0.72520000 -0.61920000
vn 0.39190000 -0.75520000 0.52540000
vn 0.37400000 -0.75220000 -0.54250000
vn 0.29290000 0.68820000 0.66380000
vn 0.26910000 0.68440000 -0.67770000
vn 0.21480000 -0.83490000 0.50670000
vn 0.19600000 -0.83490000 -0.51420000
vn 0.32390000 -0.72520000 0.60760000
vn 0.30120000 -0.72520000 -0.61920000
vn 0.34050000 -0.68990000 0.63880000
vn 0.31670000 -0.68990000 -0.65100000
vn 0.23640000 -0.68990000 0.68420000
vn 0.21090000 -0.68990000 -0.69250000
vn 0.23640000 0.68990000 0.68420000
vn 0.21100000 0.68990000 -0.69250000
vn 0.23640000 -0.68990000 0.68420000
vn 0.21090000 -0.68990000 -0.69250000
vn 0.22480000 -0.72520000 0.65080000
vn 0.20060000 -0.72520000 -0.65870000
vn 0.19740000 -0.19900000 0.95990000
vn 0.14320000 0.69650000 0.70310000
vn 0.11710000 0.69660000 -0.70790000
vn 0.16190000 -0.19900000 -0.96650000
vn 0.21960000 0.68120000 0.69840000
vn 0.30250000 -0.76070000 0.57430000
vn 0.28210000 -0.75820000 -0.58790000
vn 0.19380000 0.67810000 -0.70900000
vn 0.16150000 -0.82990000 0.53410000
vn 0.14160000 -0.82990000 -0.53960000
vn 0.23640000 -0.68990000 0.68420000
vn 0.21090000 -0.68990000 -0.69250000
vn 0.22480000 -0.72520000 0.65080000
vn 0.20060000 -0.72520000 -0.65870000
vn 0.23640000 -0.68990000 0.68420000
vn 0.21090000 -0.68990000 -0.69250000
vn 0.22480000 -0.72520000 0.65080000
vn 0.20060000 -0.72520000 -0.65870000
vn 0.14930000 0.67600000 0.72170000
vn 0.12230000 0.67380000 -0.72880000
vn 0.20830000 -0.76480000 0.60970000
vn 0.18580000 -0.76300000 -0.61910000
vn 0.11020000 -0.82640000 0.55220000
vn 0.08960000 -0.82630000 -0.55600000
vn 0.12640000 -0.68990000 0.71280000
vn 0.10000000 -0.68990000 -0.71700000
vn 0.12640000 0.68990000 0.71280000
vn 0.10000000 0.68990000 -0.71700000
vn 0.12640000 -0.68990000 0.71280000
vn 0.10000000 -0.68990000 -0.71700000
vn 0.12030000 -0.72520000 0.67790000
vn 0.09510000 -0.72520000 -0.68190000
vn 0.05110000 0.69710000 -0.71520000
vn 0.10680000 -0.19440000 0.97510000
vn 0.07080000 -0.19440000 -0.97840000
vn 0.07740000 0.69710000 0.71280000
vn 0.12640000 -0.68990000 0.71280000
vn 0.12030000 -0.72520000 0.67800000
vn 0.10000000 -0.68990000 -0.71700000
vn 0.09510000 -0.72520000 -0.68190000
vn 0.12650000 -0.68990000 0.71280000
vn 0.12030000 -0.72520000 0.67800000
vn 0.10000000 -0.68990000 -0.71700000
vn 0.09510000 -0.72520000 -0.68190000
vn 0.05340000 0.67140000 -0.73920000
vn 0.08130000 0.67250000 0.73560000
vn 0.11110000 -0.76720000 0.63180000
vn 0.08720000 -0.76620000 -0.63660000
vn 0.06000000 -0.82430000 0.56300000
vn 0.03920000 -0.82430000 -0.56480000
vn -0.01820000 -0.19300000 -0.98100000
vn -0.01320000 0.69730000 -0.71670000
vn -0.00000000 -1.00000000 -0.00000000
vn -0.01060000 -0.82360000 -0.56710000
vn -0.01410000 0.67100000 -0.74130000
vn -0.01210000 -0.76770000 -0.64070000
vn -0.01340000 -0.68990000 -0.72380000
vn -0.01270000 -0.72520000 -0.68840000
vn -0.01340000 -0.68990000 -0.72380000
vn 0.01340000 -0.68990000 0.72380000
vn 0.01270000 -0.72520000 0.68840000
vn -0.01270000 -0.72520000 -0.68840000
vn -0.01340000 -0.68990000 -0.72380000
vn 0.01340000 -0.68990000 0.72380000
vn 0.01270000 -0.72520000 0.68840000
vn -0.01270000 -0.72520000 -0.68840000
vn -0.01340000 -0.68990000 -0.72380000
vn 0.01340000 0.68990000 0.72380000
vn -0.00000000 1.00000000 -0.00000000
vn -0.01340000 0.68990000 -0.72380000
vn 0.01220000 -0.76770000 0.64070000
vn 0.01340000 -0.68990000 0.72380000
vn 0.01270000 -0.72520000 0.68840000
vn 0.01340000 -0.68990000 0.72380000
vn 0.01040000 -0.82360000 0.56710000
vn 0.01410000 0.67100000 0.74130000
vn 0.01330000 0.69720000 0.71670000
vn 0.01830000 -0.19300000 0.98100000
vn -0.05990000 -0.82430000 -0.56300000
vn -0.03920000 -0.82430000 0.56480000
vn -0.08120000 0.67250000 -0.73560000
vn -0.11110000 -0.76720000 -0.63170000
vn -0.08720000 -0.76620000 0.63660000
vn -0.05340000 0.67140000 0.73910000
vn -0.12640000 -0.68990000 -0.71280000
vn -0.12030000 -0.72520000 -0.67800000
vn -0.10000000 -0.68990000 0.71700000
vn -0.09510000 -0.72520000 0.68190000
vn -0.12640000 -0.68990000 -0.71280000
vn -0.10000000 -0.68990000 0.71700000
vn -0.09510000 -0.72520000 0.68190000
vn -0.12030000 -0.72520000 -0.67790000
vn -0.10680000 -0.19440000 -0.97510000
vn -0.07740000 0.69710000 -0.71280000
vn -0.05100000 0.69710000 0.71520000
vn -0.07070000 -0.19450000 0.97840000
vn -0.10000000 -0.68990000 0.71700000
vn -0.12640000 -0.68990000 -0.71280000
vn -0.12030000 -0.72520000 -0.67790000
vn -0.09510000 -0.72520000 0.68190000
vn -0.10000000 -0.68990000 0.71700000
vn -0.12640000 -0.68990000 -0.71280000
vn -0.10000000 0.68990000 0.71700000
vn -0.12640000 0.68990000 -0.71280000
vn -0.08960000 -0.82640000 0.55590000
vn -0.11010000 -0.82640000 -0.55230000
vn -0.12230000 0.67370000 0.72880000
vn -0.18580000 -0.76300000 0.61910000
vn -0.20840000 -0.76480000 -0.60970000
vn -0.14930000 0.67590000 -0.72170000
vn -0.21100000 -0.68990000 0.69250000
vn -0.23640000 -0.68990000 -0.68420000
vn -0.22480000 -0.72520000 -0.65080000
vn -0.20060000 -0.72520000 0.65860000
vn -0.21090000 -0.68990000 0.69250000
vn -0.23640000 -0.68990000 -0.68420000
vn -0.20060000 -0.72520000 0.65870000
vn -0.22480000 -0.72520000 -0.65080000
vn -0.14160000 -0.82990000 0.53970000
vn -0.16160000 -0.82990000 -0.53400000
vn -0.19380000 0.67810000 0.70900000
vn -0.28210000 -0.75820000 0.58790000
vn -0.30260000 -0.76070000 -0.57430000
vn -0.21950000 0.68120000 -0.69840000
vn -0.11720000 0.69660000 0.70790000
vn -0.16200000 -0.19900000 0.96650000
vn -0.19750000 -0.19900000 -0.95990000
vn -0.14320000 0.69650000 -0.70310000
vn -0.21090000 -0.68990000 0.69250000
vn -0.23640000 -0.68990000 -0.68420000
vn -0.22480000 -0.72520000 -0.65080000
vn -0.20060000 -0.72520000 0.65860000
vn -0.21090000 -0.68990000 0.69250000
vn -0.23640000 -0.68990000 -0.68420000
vn -0.21090000 0.68990000 0.69250000
vn -0.23640000 0.68990000 -0.68420000
vn -0.31670000 -0.68990000 0.65100000
vn -0.30120000 -0.72520000 0.61920000
vn -0.34050000 -0.68990000 -0.63890000
vn -0.32390000 -0.72520000 -0.60760000
vn -0.19600000 -0.83490000 0.51430000
vn -0.21490000 -0.83500000 -0.50660000
vn -0.29290000 0.68820000 -0.66380000
vn -0.26900000 0.68430000 0.67770000
vn -0.37400000 -0.75220000 0.54250000
vn -0.39190000 -0.75520000 -0.52540000
vn -0.31670000 -0.68990000 0.65100000
vn -0.34050000 -0.68990000 -0.63880000
vn -0.30120000 -0.72520000 0.61910000
vn -0.32390000 -0.72520000 -0.60760000
vn -0.27040000 -0.84140000 -0.46790000
vn -0.25300000 -0.84140000 0.47750000
vn -0.36990000 0.69690000 -0.61440000
vn -0.34870000 0.69260000 0.63150000
vn -0.45930000 -0.74560000 0.48270000
vn -0.47420000 -0.74890000 -0.46290000
vn -0.25750000 -0.20660000 0.94390000
vn -0.18700000 0.69570000 0.69360000
vn -0.21250000 0.69560000 -0.68620000
vn -0.29220000 -0.20660000 -0.93380000
vn -0.31670000 -0.68990000 0.65100000
vn -0.34050000 -0.68990000 -0.63880000
vn -0.32390000 -0.72520000 -0.60760000
vn -0.30120000 -0.72520000 0.61910000
vn -0.41460000 -0.68990000 0.59340000
vn -0.39440000 -0.72520000 0.56440000
vn -0.43630000 -0.68990000 -0.57770000
vn -0.41490000 -0.72520000 -0.54950000
vn -0.32750000 -0.84930000 -0.41410000
vn -0.31210000 -0.84930000 0.42580000
vn -0.43240000 0.70260000 0.56520000
vn -0.45010000 0.70700000 -0.54540000
vn -0.53510000 -0.73910000 0.40910000
vn -0.54690000 -0.74230000 -0.38720000
vn -0.31670000 -0.68990000 0.65100000
vn -0.34050000 -0.68990000 -0.63880000
vn -0.31670000 0.68990000 0.65100000
vn -0.34050000 0.68990000 -0.63880000
vn -0.41460000 -0.68990000 0.59340000
vn -0.39440000 -0.72520000 0.56440000
vn -0.43630000 -0.68990000 -0.57770000
vn -0.41490000 -0.72520000 -0.54950000
vn -0.50230000 -0.68990000 0.52130000
vn -0.52130000 -0.68990000 -0.50230000
vn -0.47780000 -0.72520000 0.49580000
vn -0.49580000 -0.72520000 -0.47780000
vn -0.37130000 -0.85790000 0.35520000
vn -0.38420000 -0.85790000 -0.34120000
vn -0.51680000 0.71390000 0.47250000
vn -0.53050000 0.71800000 -0.45060000
vn -0.59850000 -0.73330000 0.32280000
vn -0.60720000 -0.73600000 -0.29950000
vn -0.35950000 -0.21750000 0.90740000
vn -0.26240000 0.69430000 0.67020000
vn -0.28700000 0.69420000 -0.66000000
vn -0.39280000 -0.21760000 -0.89350000
vn -0.42590000 -0.86620000 0.26130000
vn -0.43530000 -0.86620000 -0.24530000
vn -0.41460000 -0.68990000 0.59340000
vn -0.43620000 -0.68990000 -0.57770000
vn -0.39440000 -0.72520000 0.56440000
vn -0.41490000 -0.72520000 -0.54950000
vn -0.59410000 0.72550000 0.34740000
vn -0.60330000 0.72860000 -0.32440000
vn -0.64650000 -0.72870000 0.22580000
vn -0.65220000 -0.73070000 -0.20160000
vn -0.46700000 -0.87260000 0.14330000
vn -0.47200000 -0.87260000 -0.12600000
vn -0.65110000 0.73480000 0.19010000
vn -0.65550000 0.73650000 -0.16660000
vn -0.67690000 -0.72600000 0.12110000
vn -0.67970000 -0.72710000 -0.09650000
vn -0.48410000 -0.87500000 0.00890000
vn -0.67360000 0.73900000 0.01180000
vn -0.68810000 -0.72550000 0.01240000
vn -0.50230000 -0.68990000 0.52130000
vn -0.52130000 -0.68990000 -0.50230000
vn -0.47780000 -0.72520000 0.49580000
vn -0.49580000 -0.72520000 -0.47780000
vn -0.59340000 -0.68990000 -0.41460000
vn -0.57770000 -0.68990000 0.43620000
vn -0.54950000 -0.72520000 0.41490000
vn -0.56440000 -0.72520000 -0.39440000
vn -0.41460000 -0.68990000 0.59340000
vn -0.43630000 -0.68990000 -0.57770000
vn -0.41460000 0.68990000 0.59340000
vn -0.43630000 0.68990000 -0.57770000
vn 0.08390000 -0.99650000 -0.00150000
vn 0.08770000 -0.97470000 0.20560000
vn 0.08000000 -0.97470000 -0.20870000
vn 0.09130000 -0.91030000 0.40370000
vn 0.07640000 -0.91030000 -0.40680000
vn 0.09470000 -0.80620000 0.58410000
vn 0.07300000 -0.80620000 -0.58720000
vn 0.09750000 -0.66680000 0.73890000
vn 0.07020000 -0.66680000 -0.74200000
vn 0.09980000 -0.49820000 0.86130000
vn 0.06850000 -0.58570000 -0.80760000
vn 0.10140000 -0.30790000 0.94600000
vn 0.10220000 -0.10420000 0.98930000
vn 0.10220000 0.10420000 0.98930000
vn 0.10140000 0.30790000 0.94600000
vn 0.06850000 0.58570000 -0.80760000
vn 0.09980000 0.49820000 0.86130000
vn 0.09750000 0.66680000 0.73890000
vn 0.07020000 0.66680000 -0.74190000
vn 0.07300000 0.80620000 -0.58720000
vn 0.09470000 0.80620000 0.58410000
vn 0.07640000 0.91030000 -0.40680000
vn 0.09130000 0.91030000 0.40370000
vn 0.08000000 0.97470000 -0.20870000
vn 0.08770000 0.97470000 0.20560000
vn 0.08390000 0.99650000 -0.00160000
vn -0.50100000 -0.23170000 -0.83390000
vn -0.36840000 0.69230000 -0.62050000
vn -0.46980000 -0.23170000 0.85180000
vn -0.34520000 0.69220000 0.63370000
vn -0.63880000 -0.68990000 0.34050000
vn -0.60760000 -0.72520000 0.32390000
vn -0.65100000 -0.68990000 -0.31670000
vn -0.61920000 -0.72520000 -0.30120000
vn -0.50240000 -0.68990000 0.52120000
vn -0.52120000 -0.68990000 -0.50240000
vn -0.47780000 -0.72520000 0.49580000
vn -0.49580000 -0.72520000 -0.47780000
vn -0.59340000 -0.68990000 -0.41460000
vn -0.57770000 -0.68980000 0.43630000
vn -0.54950000 -0.72520000 0.41490000
vn -0.56440000 -0.72520000 -0.39430000
vn -0.68420000 -0.68990000 0.23640000
vn -0.69250000 -0.68990000 -0.21090000
vn -0.65870000 -0.72520000 -0.20060000
vn -0.65080000 -0.72520000 0.22480000
vn -0.71280000 -0.68990000 0.12640000
vn -0.71700000 -0.68990000 -0.10000000
vn -0.67800000 -0.72520000 0.12020000
vn -0.68190000 -0.72520000 -0.09510000
vn -0.72380000 -0.68990000 0.01340000
vn -0.68840000 -0.72520000 0.01270000
vn -0.61620000 -0.24860000 -0.74730000
vn -0.58820000 -0.24860000 0.76950000
vn -0.43640000 0.68950000 0.57810000
vn -0.45740000 0.68950000 -0.56160000
vn -0.50230000 -0.68990000 0.52130000
vn -0.52130000 -0.68990000 -0.50230000
vn -0.50240000 0.68990000 0.52130000
vn -0.52130000 0.68990000 -0.50230000
vn -0.63880000 -0.68990000 0.34050000
vn -0.65100000 -0.68990000 -0.31670000
vn -0.60760000 -0.72520000 0.32390000
vn -0.61920000 -0.72520000 -0.30120000
vn -0.57770000 -0.68990000 0.43620000
vn -0.59340000 -0.68990000 -0.41460000
vn -0.54950000 -0.72520000 0.41490000
vn -0.56440000 -0.72520000 -0.39430000
vn -0.68430000 -0.68990000 0.23640000
vn -0.69250000 -0.68980000 -0.21090000
vn -0.65080000 -0.72520000 0.22480000
vn -0.65870000 -0.72520000 -0.20060000
vn -0.71100000 -0.26700000 0.65050000
vn -0.73460000 -0.26700000 -0.62370000
vn -0.53360000 0.68610000 0.49450000
vn -0.55160000 0.68600000 -0.47450000
vn -0.71700000 -0.68990000 -0.10000000
vn -0.71280000 -0.68990000 0.12640000
vn -0.67800000 -0.72520000 0.12030000
vn -0.68190000 -0.72520000 -0.09510000
vn -0.72380000 -0.68990000 0.01340000
vn -0.68840000 -0.72520000 0.01270000
vn -0.63880000 -0.68990000 0.34050000
vn -0.65100000 -0.68990000 -0.31670000
vn -0.60760000 -0.72520000 0.32390000
vn -0.61920000 -0.72520000 -0.30120000
vn -0.57770000 -0.68990000 0.43630000
vn -0.59340000 -0.68990000 -0.41460000
vn -0.57770000 0.68990000 0.43630000
vn -0.59340000 0.68990000 -0.41460000
vn -0.82740000 -0.28440000 0.48430000
vn -0.62900000 0.68200000 0.37310000
vn -0.64230000 0.68210000 -0.34960000
vn -0.84470000 -0.28440000 -0.45340000
vn -0.68420000 -0.68990000 0.23640000
vn -0.69250000 -0.68990000 -0.21100000
vn -0.65080000 -0.72520000 0.22480000
vn -0.65860000 -0.72520000 -0.20070000
vn -0.91640000 -0.29710000 0.26820000
vn -0.70410000 0.67870000 0.20880000
vn -0.92570000 -0.29700000 -0.23430000
vn -0.71130000 0.67870000 -0.18280000
vn -0.95320000 -0.30170000 0.01760000
vn -0.73550000 0.67730000 0.01360000
vn -0.71280000 -0.68990000 0.12640000
vn -0.71700000 -0.68990000 -0.10000000
vn -0.67790000 -0.72520000 0.12030000
vn -0.68190000 -0.72520000 -0.09510000
vn -0.63880000 -0.68990000 0.34050000
vn -0.65100000 -0.68990000 -0.31670000
vn -0.63880000 0.68990000 0.34050000
vn -0.65100000 0.68990000 -0.31670000
vn -0.72380000 -0.68990000 0.01340000
vn -0.68840000 -0.72520000 0.01270000
vn -0.68430000 -0.68990000 0.23640000
vn -0.69250000 -0.68990000 -0.21100000
vn -0.68420000 0.68990000 0.23640000
vn -0.69250000 0.68990000 -0.21090000
vn -0.71280000 -0.68990000 0.12640000
vn -0.71700000 -0.68990000 -0.10000000
vn -0.71280000 0.68990000 0.12640000
vn -0.71700000 0.68990000 -0.10000000
vn -0.72380000 -0.68990000 0.01340000
vn -0.72380000 0.68990000 0.01340000
vn 0.07490000 -0.99720000 -0.00140000
vn 0.07870000 -0.97540000 0.20590000
vn 0.07100000 -0.97540000 -0.20870000
vn 0.08240000 -0.91100000 0.40410000
vn 0.06740000 -0.91100000 -0.40690000
vn 0.08570000 -0.80670000 0.58470000
vn 0.06400000 -0.80670000 -0.58740000
vn 0.08860000 -0.66730000 0.73950000
vn 0.06120000 -0.66730000 -0.74230000
vn 0.09080000 -0.49860000 0.86210000
vn 0.05950000 -0.58620000 -0.80800000
vn 0.09240000 -0.30810000 0.94680000
vn 0.09320000 -0.10420000 0.99020000
vn 0.09320000 0.10420000 0.99020000
vn 0.09240000 0.30820000 0.94680000
vn 0.05950000 0.58620000 -0.80800000
vn 0.09080000 0.49860000 0.86210000
vn 0.06120000 0.66730000 -0.74230000
vn 0.08850000 0.66730000 0.73950000
vn 0.06400000 0.80670000 -0.58740000
vn 0.08570000 0.80670000 0.58470000
vn 0.06740000 0.91100000 -0.40690000
vn 0.08240000 0.91100000 0.40410000
vn 0.07100000 0.97540000 -0.20870000
vn 0.07870000 0.97540000 0.20590000
vn 0.07490000 0.99720000 -0.00140000
vn 0.11190000 -0.99370000 -0.00210000
vn 0.11570000 -0.97200000 0.20450000
vn 0.10810000 -0.97200000 -0.20860000
vn 0.11940000 -0.90780000 0.40200000
vn 0.10440000 -0.90780000 -0.40620000
vn 0.12270000 -0.80390000 0.58190000
vn 0.10110000 -0.80390000 -0.58610000
vn 0.12550000 -0.66490000 0.73630000
vn 0.09830000 -0.66490000 -0.74040000
vn 0.12780000 -0.49690000 0.85840000
vn 0.09640000 -0.58410000 -0.80590000
vn 0.12940000 -0.30710000 0.94290000
vn 0.13020000 -0.10390000 0.98600000
vn 0.13020000 0.10390000 0.98600000
vn 0.12940000 0.30710000 0.94290000
vn 0.09640000 0.58410000 -0.80590000
vn 0.12780000 0.49690000 0.85840000
vn 0.09830000 0.66490000 -0.74040000
vn 0.12550000 0.66490000 0.73630000
vn 0.10110000 0.80390000 -0.58610000
vn 0.12270000 0.80390000 0.58190000
vn 0.10440000 0.90780000 -0.40620000
vn 0.11940000 0.90780000 0.40200000
vn 0.10810000 0.97200000 -0.20860000
vn 0.11570000 0.97200000 0.20450000
vn 0.11190000 0.99370000 -0.00210000
vn 0.13010000 -0.99150000 -0.00240000
vn 0.13390000 -0.96980000 0.20370000
vn 0.12630000 -0.96980000 -0.20850000
vn 0.13760000 -0.90580000 0.40080000
vn 0.12270000 -0.90580000 -0.40560000
vn 0.14090000 -0.80210000 0.58030000
vn 0.11940000 -0.80210000 -0.58510000
vn 0.14380000 -0.66340000 0.73430000
vn 0.11650000 -0.66340000 -0.73910000
vn 0.14600000 -0.49570000 0.85610000
vn 0.11460000 -0.58280000 -0.80450000
vn 0.14760000 -0.30640000 0.94040000
vn 0.14840000 -0.10360000 0.98350000
vn 0.14840000 0.10360000 0.98350000
vn 0.14760000 0.30640000 0.94040000
vn 0.11460000 0.58280000 -0.80450000
vn 0.14600000 0.49570000 0.85610000
vn 0.11650000 0.66340000 -0.73910000
vn 0.14380000 0.66340000 0.73430000
vn 0.11940000 0.80210000 -0.58510000
vn 0.14090000 0.80210000 0.58030000
vn 0.12270000 0.90580000 -0.40560000
vn 0.13760000 0.90580000 0.40080000
vn 0.12630000 0.96980000 -0.20850000
vn 0.13390000 0.96980000 0.20370000
vn 0.13010000 0.99150000 -0.00240000
vn 0.12090000 -0.99270000 -0.00220000
vn 0.12470000 -0.97100000 0.20410000
vn 0.11710000 -0.97100000 -0.20860000
vn 0.12840000 -0.90680000 0.40140000
vn 0.11340000 -0.90680000 -0.40590000
vn 0.13170000 -0.80310000 0.58110000
vn 0.11010000 -0.80310000 -0.58560000
vn 0.13450000 -0.66420000 0.73530000
vn 0.10730000 -0.66420000 -0.73980000
vn 0.13680000 -0.49630000 0.85730000
vn 0.10220000 -0.52600000 -0.84430000
vn 0.13830000 -0.30670000 0.94170000
vn 0.09430000 -0.30710000 -0.94700000
vn 0.13910000 -0.10380000 0.98480000
vn 0.09350000 -0.10390000 -0.99020000
vn 0.13910000 0.10380000 0.98480000
vn 0.09350000 0.10390000 -0.99020000
vn 0.13830000 0.30670000 0.94170000
vn 0.09430000 0.30710000 -0.94700000
vn 0.10220000 0.52600000 -0.84430000
vn 0.13680000 0.49630000 0.85730000
vn 0.13450000 0.66420000 0.73530000
vn 0.10730000 0.66420000 -0.73980000
vn 0.11010000 0.80310000 -0.58560000
vn 0.13170000 0.80310000 0.58110000
vn 0.11340000 0.90680000 -0.40590000
vn 0.12840000 0.90680000 0.40140000
vn 0.11710000 0.97100000 -0.20860000
vn 0.12470000 0.97100000 0.20410000
vn 0.12090000 0.99270000 -0.00220000
vn 0.11180000 -0.99370000 -0.00210000
vn 0.11560000 -0.97200000 0.20450000
vn 0.10800000 -0.97200000 -0.20860000
vn 0.11930000 -0.90780000 0.40210000
vn 0.10430000 -0.90780000 -0.40620000
vn 0.12260000 -0.80390000 0.58190000
vn 0.10100000 -0.80390000 -0.58610000
vn 0.12540000 -0.66490000 0.73630000
vn 0.09820000 -0.66490000 -0.74040000
vn 0.12770000 -0.49690000 0.85840000
vn 0.09620000 -0.52700000 -0.84440000
vn 0.12930000 -0.30710000 0.94290000
vn 0.09430000 -0.30710000 -0.94700000
vn 0.13010000 -0.10390000 0.98610000
vn 0.09350000 -0.10390000 -0.99020000
vn 0.09350000 0.10390000 -0.99020000
vn 0.13000000 0.06890000 0.98910000
vn 0.12900000 0.34030000 0.93140000
vn 0.09430000 0.30710000 -0.94700000
vn 0.09620000 0.52700000 -0.84440000
vn 0.12770000 0.49690000 0.85840000
vn 0.09820000 0.66490000 -0.74040000
vn 0.12540000 0.66490000 0.73630000
vn 0.10100000 0.80390000 -0.58610000
vn 0.12260000 0.80390000 0.58190000
vn 0.10430000 0.90780000 -0.40620000
vn 0.11930000 0.90780000 0.40200000
vn 0.10800000 0.97200000 -0.20860000
vn 0.11560000 0.97200000 0.20450000
vn 0.11180000 0.99370000 -0.00210000
vn -0.00000000 1.00000000 -0.00000000
vn -0.00290000 0.98770000 -0.15640000
vn 0.00290000 0.98770000 0.15640000
vn -0.00570000 0.95110000 -0.30900000
vn 0.00570000 0.95110000 0.30900000
vn -0.00840000 0.89100000 -0.45390000
vn 0.00840000 0.89100000 0.45390000
vn -0.01090000 0.80900000 -0.58770000
vn 0.01090000 0.80900000 0.58770000
vn -0.01310000 0.70710000 -0.70700000
vn 0.01310000 0.70710000 0.70700000
vn -0.01490000 0.58780000 -0.80890000
vn 0.01490000 0.58780000 0.80890000
vn -0.01650000 0.45400000 -0.89090000
vn 0.01650000 0.45400000 0.89090000
vn -0.01760000 0.30900000 -0.95090000
vn 0.01760000 0.30900000 0.95090000
vn -0.01820000 0.15640000 -0.98750000
vn 0.01820000 0.15640000 0.98750000
vn -0.01850000 -0.00000000 -0.99980000
vn 0.01850000 -0.00000000 0.99980000
vn -0.01820000 -0.15640000 -0.98750000
vn 0.01820000 -0.15640000 0.98750000
vn -0.01760000 -0.30900000 -0.95090000
vn 0.01760000 -0.30900000 0.95090000
vn -0.01650000 -0.45400000 -0.89090000
vn 0.01650000 -0.45400000 0.89090000
vn -0.01490000 -0.58780000 -0.80890000
vn 0.01490000 -0.58780000 0.80890000
vn -0.01310000 -0.70710000 -0.70700000
vn 0.01310000 -0.70710000 0.70700000
vn -0.01090000 -0.80900000 -0.58770000
vn 0.01090000 -0.80900000 0.58770000
vn -0.00840000 -0.89100000 -0.45390000
vn 0.00840000 -0.89100000 0.45390000
vn -0.00570000 -0.95110000 -0.30900000
vn 0.00570000 -0.95110000 0.30900000
vn -0.00290000 -0.98770000 -0.15640000
vn 0.00290000 -0.98770000 0.15640000
vn -0.00000000 -1.00000000 -0.00000000
vn -0.00000000 -1.00000000 -0.00000000
vn 0.00290000 -0.98770000 0.15640000
vn -0.00290000 -0.98770000 -0.15640000
vn 0.00570000 -0.95110000 0.30900000
vn -0.00570000 -0.95110000 -0.30900000
vn 0.00840000 -0.89100000 0.45390000
vn -0.00840000 -0.89100000 -0.45390000
vn 0.01090000 -0.80900000 0.58770000
vn -0.01090000 -0.80900000 -0.58770000
vn 0.01310000 -0.70710000 0.70700000
vn -0.01310000 -0.70710000 -0.70700000
vn 0.01490000 -0.58780000 0.80890000
vn -0.01490000 -0.58780000 -0.80890000
vn 0.01650000 -0.45400000 0.89090000
vn -0.01650000 -0.45400000 -0.89090000
vn 0.01760000 -0.30900000 0.95090000
vn -0.01760000 -0.30900000 -0.95090000
vn 0.01820000 -0.15640000 0.98750000
vn -0.01820000 -0.15640000 -0.98750000
vn 0.01850000 -0.00000000 0.99980000
vn -0.01850000 -0.00000000 -0.99980000
vn 0.01820000 0.15640000 0.98750000
vn -0.01820000 0.15640000 -0.98750000
vn 0.01760000 0.30900000 0.95090000
vn -0.01760000 0.30900000 -0.95090000
vn 0.01650000 0.45400000 0.89090000
vn -0.01650000 0.45400000 -0.89090000
vn 0.01490000 0.58780000 0.80890000
vn -0.01490000 0.58780000 -0.80890000
vn 0.01310000 0.70710000 0.70700000
vn -0.01310000 0.70710000 -0.70700000
vn 0.01090000 0.80900000 0.58770000
vn -0.01090000 0.80900000 -0.58770000
vn 0.00840000 0.89100000 0.45390000
vn -0.00840000 0.89100000 -0.45390000
vn 0.00570000 0.95110000 0.30900000
vn -0.00570000 0.95110000 -0.30900000
vn 0.00290000 0.98770000 0.15640000
vn -0.00290000 0.98770000 -0.15640000
vn -0.00000000 1.00000000 -0.00000000
vn -0.46090000 -0.88740000 0.00850000
vn -0.45750000 -0.86800000 0.19300000
vn -0.46430000 -0.86800000 -0.17600000
vn -0.45420000 -0.81070000 0.36940000
vn -0.46750000 -0.81070000 -0.35240000
vn -0.45120000 -0.71790000 0.53000000
vn -0.47050000 -0.71790000 -0.51300000
vn -0.44870000 -0.59380000 0.66790000
vn -0.47310000 -0.59380000 -0.65090000
vn -0.23570000 -0.49950000 0.83360000
vn -0.47220000 -0.52220000 -0.71020000
vn 0.12930000 -0.30710000 0.94290000
vn 0.13010000 -0.10390000 0.98610000
vn 0.12960000 -0.00000000 0.99160000
vn 0.12800000 0.40420000 0.90570000
vn -0.47220000 0.52220000 -0.71020000
vn -0.23570000 0.49950000 0.83360000
vn -0.47310000 0.59380000 -0.65090000
vn -0.44870000 0.59380000 0.66790000
vn -0.47050000 0.71790000 -0.51300000
vn -0.45120000 0.71790000 0.53000000
vn -0.46750000 0.81070000 -0.35240000
vn -0.45420000 0.81070000 0.36940000
vn -0.46430000 0.86800000 -0.17600000
vn -0.45750000 0.86800000 0.19300000
vn -0.46090000 0.88740000 0.00850000
vn -0.93140000 -0.36350000 0.01720000
vn -0.93000000 -0.35560000 0.09280000
vn -0.93280000 -0.35560000 -0.05840000
vn -0.92870000 -0.33210000 0.16500000
vn -0.93420000 -0.33210000 -0.13060000
vn -0.91490000 -0.32360000 0.24150000
vn -0.92320000 -0.32360000 -0.20760000
vn -0.88700000 -0.30070000 0.35040000
vn -0.89940000 -0.30070000 -0.31740000
vn -0.88540000 -0.26530000 0.38160000
vn -0.89890000 -0.26530000 -0.34860000
vn -0.88540000 0.26530000 0.38160000
vn -0.89890000 0.26530000 -0.34860000
vn -0.89940000 0.30070000 -0.31740000
vn -0.88700000 0.30070000 0.35040000
vn -0.89810000 0.36360000 -0.24760000
vn -0.88830000 0.36360000 0.28060000
vn -0.89660000 0.41050000 -0.16620000
vn -0.88980000 0.41050000 0.19930000
vn -0.91760000 0.38690000 0.09050000
vn -0.92040000 0.38690000 -0.05660000
vn -0.93140000 0.36350000 0.01720000
vn -0.96480000 -0.26250000 0.01780000
vn -0.96380000 -0.25680000 0.07240000
vn -0.96580000 -0.25680000 -0.03670000
vn -0.96280000 -0.23980000 0.12460000
vn -0.96670000 -0.23980000 -0.08890000
vn -0.96200000 -0.22850000 0.14970000
vn -0.96680000 -0.22850000 -0.11410000
vn -0.96490000 0.26240000 -0.00980000
vn -0.96390000 0.26240000 0.04540000
vn -0.96480000 0.26250000 0.01780000
vn 0.99850000 -0.05200000 -0.01440000
vn 0.99840000 -0.05200000 -0.02250000
vn 0.99870000 -0.05070000 -0.00630000
vn 0.99820000 -0.05070000 -0.03060000
vn 0.99880000 -0.04820000 0.00150000
vn 0.99810000 -0.04820000 -0.03840000
vn 0.99980000 -0.01190000 -0.01850000
vn 0.99980000 -0.01170000 -0.01660000
vn 0.99970000 -0.01170000 -0.02030000
vn 0.99900000 -0.04450000 0.00880000
vn 0.99800000 -0.04450000 -0.04570000
vn 0.99980000 -0.01130000 -0.01480000
vn 0.99970000 -0.01130000 -0.02210000
vn 0.99990000 -0.01060000 -0.01310000
vn 0.99970000 -0.01060000 -0.02390000
vn 0.99910000 -0.03970000 0.01540000
vn 0.99780000 -0.03970000 -0.05230000
vn 0.99990000 -0.00960000 -0.01150000
vn 0.99960000 -0.00960000 -0.02550000
vn 0.99920000 -0.03390000 0.02120000
vn 0.99770000 -0.03390000 -0.05810000
vn 0.99990000 -0.00840000 -0.01010000
vn 0.99960000 -0.00840000 -0.02690000
vn 0.99930000 -0.02730000 0.02600000
vn 0.99760000 -0.02730000 -0.06290000
vn 0.99990000 -0.00700000 -0.00890000
vn 0.99960000 -0.00700000 -0.02810000
vn 1.00000000 -0.00540000 -0.00790000
vn 0.99960000 -0.00540000 -0.02910000
vn 0.99760000 -0.02000000 -0.06670000
vn 0.99940000 -0.02000000 0.02980000
vn 1.00000000 -0.00370000 -0.00720000
vn 0.99960000 -0.00370000 -0.02980000
vn 0.99940000 -0.01220000 0.03230000
vn 0.99750000 -0.01220000 -0.06920000
vn 1.00000000 -0.00190000 -0.00670000
vn 0.99950000 -0.00190000 -0.03020000
vn 0.99940000 -0.00410000 0.03360000
vn 0.99750000 -0.00410000 -0.07050000
vn 1.00000000 -0.00000000 -0.00660000
vn 0.99980000 -0.00000000 -0.01850000
vn 0.99950000 -0.00000000 -0.03030000
vn 0.99940000 0.00410000 0.03360000
vn 0.99750000 0.00410000 -0.07050000
vn 1.00000000 0.00190000 -0.00670000
vn 0.99950000 0.00190000 -0.03020000
vn 0.99940000 0.01220000 0.03230000
vn 0.99750000 0.01220000 -0.06920000
vn 1.00000000 0.00370000 -0.00720000
vn 0.99960000 0.00370000 -0.02980000
vn 0.99940000 0.02000000 0.02970000
vn 0.99760000 0.02000000 -0.06670000
vn 0.99960000 0.00540000 -0.02910000
vn 1.00000000 0.00540000 -0.00790000
vn 0.99990000 0.00700000 -0.00890000
vn 0.99960000 0.00700000 -0.02810000
vn 0.99930000 0.02730000 0.02600000
vn 0.99760000 0.02730000 -0.06290000
vn 0.99990000 0.00840000 -0.01010000
vn 0.99960000 0.00840000 -0.02690000
vn 0.99920000 0.03390000 0.02120000
vn 0.99770000 0.03390000 -0.05810000
vn 0.99990000 0.00960000 -0.01150000
vn 0.99960000 0.00960000 -0.02540000
vn 0.99910000 0.03970000 0.01540000
vn 0.99780000 0.03970000 -0.05230000
vn 0.99990000 0.01060000 -0.01310000
vn 0.99970000 0.01060000 -0.02390000
vn 0.99980000 0.01130000 -0.01480000
vn 0.99970000 0.01130000 -0.02210000
vn 0.99900000 0.04450000 0.00880000
vn 0.99800000 0.04450000 -0.04570000
vn 0.99980000 0.01170000 -0.01660000
vn 0.99970000 0.01170000 -0.02030000
vn 0.99980000 0.01190000 -0.01850000
vn 0.99880000 0.04820000 0.00150000
vn 0.99810000 0.04820000 -0.03840000
vn 0.99870000 0.05070000 -0.00630000
vn 0.99820000 0.05070000 -0.03060000
vn 0.99850000 0.05200000 -0.01440000
vn 0.99840000 0.05200000 -0.02250000
vn 0.99450000 -0.10380000 -0.01020000
vn 0.99420000 -0.10380000 -0.02650000
vn 0.99570000 -0.09130000 -0.01840000
vn 0.99480000 -0.10130000 0.00600000
vn 0.99390000 -0.10130000 -0.04270000
vn 0.99590000 -0.09020000 -0.00410000
vn 0.99540000 -0.09020000 -0.03270000
vn 0.99620000 -0.08680000 0.00980000
vn 0.99510000 -0.08680000 -0.04660000
vn 0.99510000 -0.09620000 0.02150000
vn 0.99370000 -0.09620000 -0.05820000
vn 0.99640000 -0.08130000 0.02310000
vn 0.99490000 -0.08130000 -0.05980000
vn 0.99540000 -0.08880000 0.03600000
vn 0.99340000 -0.08880000 -0.07280000
vn 0.99660000 -0.07390000 0.03530000
vn 0.99470000 -0.07390000 -0.07200000
vn 0.99560000 -0.07920000 0.04930000
vn 0.99310000 -0.07920000 -0.08600000
vn 0.99680000 -0.06460000 0.04610000
vn 0.99450000 -0.06460000 -0.08290000
vn 0.99590000 -0.06760000 0.06080000
vn 0.99290000 -0.06760000 -0.09760000
vn 0.99700000 -0.05370000 0.05540000
vn 0.99430000 -0.05370000 -0.09220000
vn 0.99600000 -0.05440000 0.07040000
vn 0.99280000 -0.05440000 -0.10720000
vn 0.99720000 -0.04140000 0.06290000
vn 0.99420000 -0.04140000 -0.09970000
vn 0.99620000 -0.03990000 0.07780000
vn 0.99260000 -0.03990000 -0.11460000
vn 0.99730000 -0.02820000 0.06840000
vn 0.99410000 -0.02820000 -0.10520000
vn 0.99630000 -0.02430000 0.08290000
vn 0.99250000 -0.02430000 -0.11960000
vn 0.99730000 -0.01430000 0.07180000
vn 0.99400000 -0.01430000 -0.10850000
vn 0.99630000 -0.00820000 0.08540000
vn 0.99250000 -0.00820000 -0.12220000
vn 0.99730000 -0.00000000 0.07290000
vn 0.99400000 -0.00000000 -0.10970000
vn 0.99630000 0.00820000 0.08540000
vn 0.99250000 0.00820000 -0.12220000
vn 0.99730000 0.01430000 0.07180000
vn 0.99400000 0.01430000 -0.10850000
vn 0.99630000 0.02430000 0.08290000
vn 0.99250000 0.02430000 -0.11960000
vn 0.99730000 0.02820000 0.06840000
vn 0.99410000 0.02820000 -0.10520000
vn 0.99620000 0.03990000 0.07780000
vn 0.99260000 0.03990000 -0.11460000
vn 0.99720000 0.04140000 0.06290000
vn 0.99420000 0.04140000 -0.09970000
vn 0.99280000 0.05440000 -0.10720000
vn 0.99600000 0.05440000 0.07040000
vn 0.99430000 0.05370000 -0.09220000
vn 0.99700000 0.05370000 0.05550000
vn 0.99590000 0.06760000 0.06080000
vn 0.99290000 0.06760000 -0.09760000
vn 0.99680000 0.06460000 0.04610000
vn 0.99450000 0.06460000 -0.08290000
vn 0.99560000 0.07920000 0.04930000
vn 0.99310000 0.07920000 -0.08600000
vn 0.99660000 0.07390000 0.03520000
vn 0.99470000 0.07390000 -0.07200000
vn 0.99540000 0.08880000 0.03600000
vn 0.99340000 0.08880000 -0.07280000
vn 0.99640000 0.08130000 0.02300000
vn 0.99490000 0.08130000 -0.05980000
vn 0.99510000 0.09620000 0.02150000
vn 0.99370000 0.09620000 -0.05820000
vn 0.99620000 0.08680000 0.00980000
vn 0.99510000 0.08680000 -0.04660000
vn 0.99590000 0.09020000 -0.00410000
vn 0.99540000 0.09020000 -0.03270000
vn 0.99480000 0.10130000 0.00590000
vn 0.99390000 0.10130000 -0.04270000
vn 0.99570000 0.09130000 -0.01840000
vn 0.99450000 0.10380000 -0.01020000
vn 0.99420000 0.10380000 -0.02650000
vn 0.98410000 -0.17670000 -0.01820000
vn 0.98430000 -0.17640000 -0.00430000
vn 0.98380000 -0.17640000 -0.03210000
vn 0.98460000 -0.17450000 0.00950000
vn 0.98360000 -0.17450000 -0.04580000
vn 0.98480000 -0.17210000 0.02310000
vn 0.98330000 -0.17210000 -0.05950000
vn 0.98510000 -0.16800000 0.03640000
vn 0.98310000 -0.16800000 -0.07280000
vn 0.98530000 -0.16350000 0.04950000
vn 0.98280000 -0.16350000 -0.08590000
vn 0.98560000 -0.15740000 0.06200000
vn 0.98260000 -0.15740000 -0.09840000
vn 0.98580000 -0.15090000 0.07430000
vn 0.98230000 -0.15090000 -0.11060000
vn 0.98600000 -0.14290000 0.08560000
vn 0.98220000 -0.14290000 -0.12200000
vn 0.98620000 -0.13460000 0.09670000
vn 0.98190000 -0.13460000 -0.13310000
vn 0.98640000 -0.12490000 0.10670000
vn 0.98180000 -0.12490000 -0.14310000
vn 0.98650000 -0.11490000 0.11640000
vn 0.98160000 -0.11490000 -0.15270000
vn 0.98150000 -0.10380000 -0.16110000
vn 0.98670000 -0.10380000 0.12470000
vn 0.98680000 -0.09250000 0.13270000
vn 0.98130000 -0.09250000 -0.16910000
vn 0.98700000 -0.08020000 0.13920000
vn 0.98120000 -0.08020000 -0.17560000
vn 0.98100000 -0.06770000 -0.18170000
vn 0.98710000 -0.06770000 0.14530000
vn 0.98720000 -0.05460000 0.14980000
vn 0.98100000 -0.05460000 -0.18620000
vn 0.98720000 -0.04130000 0.15390000
vn 0.98090000 -0.04130000 -0.19020000
vn 0.98730000 -0.02760000 0.15630000
vn 0.98090000 -0.02760000 -0.19260000
vn 0.98730000 -0.01390000 0.15820000
vn 0.98080000 -0.01390000 -0.19460000
vn 0.98740000 -0.00000000 0.15850000
vn 0.98080000 -0.00000000 -0.19480000
vn 0.98730000 0.01390000 0.15820000
vn 0.98080000 0.01390000 -0.19460000
vn 0.98730000 0.02760000 0.15630000
vn 0.98090000 0.02760000 -0.19260000
vn 0.98720000 0.04130000 0.15390000
vn 0.98090000 0.04130000 -0.19020000
vn 0.98720000 0.05460000 0.14980000
vn 0.98100000 0.05460000 -0.18620000
vn 0.98710000 0.06770000 0.14530000
vn 0.98100000 0.06770000 -0.18170000
vn 0.98700000 0.08020000 0.13920000
vn 0.98120000 0.08020000 -0.17560000
vn 0.98680000 0.09250000 0.13270000
vn 0.98130000 0.09250000 -0.16910000
vn 0.98150000 0.10380000 -0.16110000
vn 0.98670000 0.10380000 0.12470000
vn 0.98650000 0.11490000 0.11640000
vn 0.98160000 0.11490000 -0.15270000
vn 0.98180000 0.12490000 -0.14310000
vn 0.98640000 0.12490000 0.10670000
vn 0.98620000 0.13460000 0.09670000
vn 0.98190000 0.13460000 -0.13310000
vn 0.98600000 0.14290000 0.08560000
vn 0.98220000 0.14290000 -0.12200000
vn 0.98580000 0.15090000 0.07430000
vn 0.98230000 0.15090000 -0.11060000
vn 0.98560000 0.15740000 0.06200000
vn 0.98260000 0.15740000 -0.09840000
vn 0.98530000 0.16350000 0.04950000
vn 0.98280000 0.16350000 -0.08590000
vn 0.98310000 0.16800000 -0.07280000
vn 0.98510000 0.16800000 0.03640000
vn 0.98480000 0.17210000 0.02310000
vn 0.98330000 0.17210000 -0.05950000
vn 0.98460000 0.17450000 0.00940000
vn 0.98360000 0.17450000 -0.04580000
vn 0.98430000 0.17640000 -0.00430000
vn 0.98380000 0.17640000 -0.03210000
vn 0.98410000 0.17670000 -0.01820000
vn 0.97130000 -0.23710000 -0.01790000
vn 0.97170000 -0.23640000 0.00070000
vn 0.97100000 -0.23640000 -0.03650000
vn 0.97200000 -0.23420000 0.01910000
vn 0.97060000 -0.23420000 -0.05500000
vn 0.97230000 -0.23060000 0.03740000
vn 0.97030000 -0.23060000 -0.07330000
vn 0.97270000 -0.22550000 0.05530000
vn 0.97000000 -0.22550000 -0.09120000
vn 0.97300000 -0.21910000 0.07280000
vn 0.96960000 -0.21910000 -0.10870000
vn 0.97330000 -0.21130000 0.08970000
vn 0.96930000 -0.21130000 -0.12560000
vn 0.97360000 -0.20220000 0.10590000
vn 0.96900000 -0.20220000 -0.14180000
vn 0.97390000 -0.19190000 0.12140000
vn 0.96870000 -0.19190000 -0.15730000
vn 0.97420000 -0.18030000 0.13600000
vn 0.96850000 -0.18030000 -0.17190000
vn 0.97440000 -0.16770000 0.14970000
vn 0.96820000 -0.16770000 -0.18560000
vn 0.96800000 -0.15400000 -0.19820000
vn 0.97460000 -0.15400000 0.16230000
vn 0.97490000 -0.13940000 0.17390000
vn 0.96780000 -0.13940000 -0.20980000
vn 0.97500000 -0.12390000 0.18420000
vn 0.96760000 -0.12390000 -0.22010000
vn 0.97520000 -0.10770000 0.19330000
vn 0.96740000 -0.10770000 -0.22920000
vn 0.97540000 -0.09070000 0.20110000
vn 0.96730000 -0.09080000 -0.23700000
vn 0.97550000 -0.07330000 0.20760000
vn 0.96710000 -0.07330000 -0.24340000
vn 0.97560000 -0.05540000 0.21260000
vn 0.96700000 -0.05540000 -0.24850000
vn 0.97560000 -0.03710000 0.21620000
vn 0.96700000 -0.03710000 -0.25210000
vn 0.97570000 -0.01860000 0.21840000
vn 0.96690000 -0.01860000 -0.25430000
vn 0.97570000 -0.00000000 0.21920000
vn 0.96690000 -0.00000000 -0.25500000
vn 0.96690000 0.01860000 -0.25430000
vn 0.97570000 0.01860000 0.21840000
vn 0.96700000 0.03710000 -0.25210000
vn 0.97560000 0.03710000 0.21620000
vn 0.97560000 0.05540000 0.21260000
vn 0.96700000 0.05540000 -0.24850000
vn 0.97550000 0.07330000 0.20750000
vn 0.96710000 0.07330000 -0.24340000
vn 0.97540000 0.09070000 0.20110000
vn 0.96730000 0.09080000 -0.23700000
vn 0.97520000 0.10770000 0.19330000
vn 0.96740000 0.10770000 -0.22920000
vn 0.96760000 0.12390000 -0.22010000
vn 0.97500000 0.12390000 0.18420000
vn 0.97490000 0.13940000 0.17390000
vn 0.96780000 0.13940000 -0.20980000
vn 0.96800000 0.15400000 -0.19820000
vn 0.97460000 0.15400000 0.16230000
vn 0.97440000 0.16770000 0.14970000
vn 0.96820000 0.16770000 -0.18560000
vn 0.97420000 0.18030000 0.13600000
vn 0.96850000 0.18030000 -0.17190000
vn 0.97390000 0.19190000 0.12140000
vn 0.96870000 0.19190000 -0.15730000
vn 0.97360000 0.20220000 0.10590000
vn 0.96900000 0.20220000 -0.14180000
vn 0.97330000 0.21130000 0.08970000
vn 0.96930000 0.21130000 -0.12560000
vn 0.97300000 0.21910000 0.07280000
vn 0.96960000 0.21910000 -0.10870000
vn 0.97000000 0.22550000 -0.09120000
vn 0.97270000 0.22550000 0.05530000
vn 0.97230000 0.23060000 0.03740000
vn 0.97030000 0.23060000 -0.07330000
vn 0.97200000 0.23420000 0.01910000
vn 0.97060000 0.23420000 -0.05500000
vn 0.97170000 0.23640000 0.00070000
vn 0.97100000 0.23640000 -0.03650000
vn 0.97130000 0.23710000 -0.01790000
vn 0.95610000 -0.29260000 -0.01770000
vn 0.95650000 -0.29170000 0.00530000
vn 0.95560000 -0.29170000 -0.04060000
vn 0.95690000 -0.28900000 0.02810000
vn 0.95520000 -0.28900000 -0.06340000
vn 0.95730000 -0.28450000 0.05060000
vn 0.95480000 -0.28450000 -0.08600000
vn 0.95770000 -0.27830000 0.07270000
vn 0.95440000 -0.27830000 -0.10810000
vn 0.95810000 -0.27030000 0.09430000
vn 0.95400000 -0.27030000 -0.12960000
vn 0.95850000 -0.26070000 0.11520000
vn 0.95360000 -0.26070000 -0.15050000
vn 0.95890000 -0.24950000 0.13520000
vn 0.95320000 -0.24950000 -0.17050000
vn 0.95920000 -0.23670000 0.15430000
vn 0.95290000 -0.23670000 -0.18960000
vn 0.95960000 -0.22250000 0.17230000
vn 0.95260000 -0.22250000 -0.20770000
vn 0.95990000 -0.20690000 0.18920000
vn 0.95220000 -0.20690000 -0.22450000
vn 0.96020000 -0.19000000 0.20480000
vn 0.95200000 -0.19000000 -0.24010000
vn 0.96040000 -0.17200000 0.21900000
vn 0.95170000 -0.17200000 -0.25440000
vn 0.95150000 -0.15290000 -0.26710000
vn 0.96070000 -0.15290000 0.23180000
vn 0.96090000 -0.13280000 0.24300000
vn 0.95120000 -0.13280000 -0.27830000
vn 0.96110000 -0.11200000 0.25260000
vn 0.95110000 -0.11200000 -0.28800000
vn 0.96120000 -0.09040000 0.26060000
vn 0.95090000 -0.09040000 -0.29590000
vn 0.95080000 -0.06830000 -0.30210000
vn 0.96130000 -0.06830000 0.26680000
vn 0.96140000 -0.04580000 0.27130000
vn 0.95070000 -0.04580000 -0.30660000
vn 0.96150000 -0.02300000 0.27400000
vn 0.95070000 -0.02300000 -0.30930000
vn 0.96150000 -0.00000000 0.27490000
vn 0.95070000 -0.00000000 -0.31020000
vn 0.96150000 0.02300000 0.27400000
vn 0.95070000 0.02300000 -0.30930000
vn 0.96140000 0.04580000 0.27130000
vn 0.95070000 0.04580000 -0.30660000
vn 0.95080000 0.06830000 -0.30210000
vn 0.96130000 0.06830000 0.26680000
vn 0.95090000 0.09040000 -0.29590000
vn 0.96120000 0.09040000 0.26060000
vn 0.96110000 0.11200000 0.25260000
vn 0.95110000 0.11200000 -0.28800000
vn 0.96090000 0.13280000 0.24300000
vn 0.95120000 0.13280000 -0.27830000
vn 0.95150000 0.15290000 -0.26710000
vn 0.96070000 0.15290000 0.23180000
vn 0.96040000 0.17200000 0.21900000
vn 0.95170000 0.17200000 -0.25440000
vn 0.96020000 0.19000000 0.20480000
vn 0.95200000 0.19000000 -0.24010000
vn 0.95220000 0.20690000 -0.22450000
vn 0.95990000 0.20690000 0.18920000
vn 0.95960000 0.22250000 0.17230000
vn 0.95260000 0.22250000 -0.20770000
vn 0.95920000 0.23670000 0.15430000
vn 0.95290000 0.23670000 -0.18960000
vn 0.95890000 0.24950000 0.13520000
vn 0.95320000 0.24950000 -0.17050000
vn 0.95850000 0.26070000 0.11510000
vn 0.95360000 0.26070000 -0.15050000
vn 0.95400000 0.27030000 -0.12960000
vn 0.95810000 0.27030000 0.09430000
vn 0.95440000 0.27830000 -0.10810000
vn 0.95770000 0.27830000 0.07270000
vn 0.95730000 0.28450000 0.05060000
vn 0.95480000 0.28450000 -0.08600000
vn 0.95690000 0.28900000 0.02810000
vn 0.95520000 0.28900000 -0.06340000
vn 0.95650000 0.29170000 0.00530000
vn 0.95560000 0.29170000 -0.04060000
vn 0.95610000 0.29260000 -0.01770000
vn 0.94040000 -0.33970000 -0.01740000
vn 0.94090000 -0.33870000 0.00930000
vn 0.93990000 -0.33870000 -0.04400000
vn 0.94140000 -0.33550000 0.03580000
vn 0.93940000 -0.33550000 -0.07050000
vn 0.94180000 -0.33030000 0.06190000
vn 0.93890000 -0.33030000 -0.09670000
vn 0.94230000 -0.32310000 0.08760000
vn 0.93840000 -0.32310000 -0.12230000
vn 0.94280000 -0.31380000 0.11260000
vn 0.93800000 -0.31380000 -0.14740000
vn 0.94320000 -0.30270000 0.13680000
vn 0.93750000 -0.30270000 -0.17160000
vn 0.94360000 -0.28960000 0.16010000
vn 0.93710000 -0.28960000 -0.19480000
vn 0.94410000 -0.27480000 0.18230000
vn 0.94440000 -0.25830000 0.20320000
vn 0.94480000 -0.24020000 0.22280000
vn 0.94510000 -0.22060000 0.24090000
vn 0.94540000 -0.19970000 0.25740000
vn 0.94570000 -0.17750000 0.27220000
vn 0.94600000 -0.15420000 0.28530000
vn 0.94620000 -0.13000000 0.29640000
vn 0.94630000 -0.10500000 0.30560000
vn 0.94650000 -0.07930000 0.31290000
vn 0.94660000 -0.05310000 0.31810000
vn 0.94660000 -0.02670000 0.32120000
vn 0.94660000 -0.00000000 0.32230000
vn 0.94660000 0.02670000 0.32120000
vn 0.94660000 0.05310000 0.31810000
vn 0.94650000 0.07930000 0.31290000
vn 0.94630000 0.10500000 0.30560000
vn 0.94620000 0.13000000 0.29640000
vn 0.94600000 0.15420000 0.28530000
vn 0.94570000 0.17750000 0.27220000
vn 0.94540000 0.19970000 0.25740000
vn 0.94510000 0.22060000 0.24090000
vn 0.94480000 0.24020000 0.22280000
vn 0.94440000 0.25830000 0.20320000
vn 0.94410000 0.27480000 0.18230000
vn 0.94370000 0.28960000 0.16010000
vn 0.93710000 0.28960000 -0.19480000
vn 0.94320000 0.30270000 0.13680000
vn 0.93750000 0.30270000 -0.17160000
vn 0.94280000 0.31380000 0.11260000
vn 0.93800000 0.31380000 -0.14740000
vn 0.94230000 0.32310000 0.08760000
vn 0.93840000 0.32310000 -0.12230000
vn 0.93890000 0.33030000 -0.09670000
vn 0.94180000 0.33030000 0.06190000
vn 0.94140000 0.33550000 0.03580000
vn 0.93940000 0.33550000 -0.07050000
vn 0.94090000 0.33870000 0.00930000
vn 0.93990000 0.33870000 -0.04400000
vn 0.94040000 0.33970000 -0.01740000
vn 0.93670000 -0.27480000 -0.21700000
vn 0.93630000 -0.25830000 -0.23800000
vn 0.93590000 -0.24020000 -0.25750000
vn 0.93560000 -0.22060000 -0.27560000
vn 0.93530000 -0.19970000 -0.29220000
vn 0.93500000 -0.17750000 -0.30700000
vn 0.93480000 -0.15420000 -0.32000000
vn 0.93460000 -0.13000000 -0.33120000
vn 0.93440000 -0.10500000 -0.34040000
vn 0.93430000 -0.07930000 -0.34760000
vn 0.93420000 -0.05310000 -0.35280000
vn 0.93410000 -0.02670000 -0.35600000
vn 0.93410000 -0.00000000 -0.35700000
vn 0.93410000 0.02670000 -0.35600000
vn 0.93420000 0.05310000 -0.35280000
vn 0.93430000 0.07930000 -0.34760000
vn 0.93440000 0.10500000 -0.34040000
vn 0.93460000 0.13000000 -0.33120000
vn 0.93480000 0.15420000 -0.32000000
vn 0.93500000 0.17750000 -0.30700000
vn 0.93530000 0.19970000 -0.29220000
vn 0.93560000 0.22060000 -0.27570000
vn 0.93590000 0.24020000 -0.25750000
vn 0.93630000 0.25830000 -0.23800000
vn 0.93670000 0.27480000 -0.21700000
vn 0.92770000 -0.37300000 -0.01710000
vn 0.92820000 -0.37190000 0.01210000
vn 0.92710000 -0.37190000 -0.04640000
vn 0.92870000 -0.36840000 0.04120000
vn 0.92660000 -0.36840000 -0.07550000
vn 0.92930000 -0.36270000 0.06990000
vn 0.92610000 -0.36270000 -0.10420000
vn 0.92980000 -0.35480000 0.09810000
vn 0.92550000 -0.35480000 -0.13240000
vn 0.93030000 -0.34460000 0.12560000
vn 0.92500000 -0.34460000 -0.15990000
vn 0.93080000 -0.33240000 0.15220000
vn 0.92450000 -0.33240000 -0.18650000
vn 0.93130000 -0.31810000 0.17770000
vn 0.92410000 -0.31810000 -0.21200000
vn 0.93170000 -0.30180000 0.20210000
vn 0.93210000 -0.28370000 0.22510000
vn 0.93250000 -0.26380000 0.24660000
vn 0.93290000 -0.24230000 0.26650000
vn 0.93320000 -0.21930000 0.28460000
vn 0.93350000 -0.19490000 0.30090000
vn 0.93380000 -0.16930000 0.31520000
vn 0.93400000 -0.14280000 0.32740000
vn 0.93420000 -0.11530000 0.33760000
vn 0.93440000 -0.08710000 0.34550000
vn 0.93450000 -0.05840000 0.35120000
vn 0.93450000 -0.02930000 0.35470000
vn 0.93460000 -0.00000000 0.35580000
vn 0.93450000 0.02930000 0.35470000
vn 0.93450000 0.05840000 0.35120000
vn 0.93440000 0.08710000 0.34550000
vn 0.93420000 0.11530000 0.33760000
vn 0.93400000 0.14280000 0.32740000
vn 0.93380000 0.16930000 0.31520000
vn 0.93350000 0.19490000 0.30090000
vn 0.93320000 0.21930000 0.28460000
vn 0.93290000 0.24230000 0.26650000
vn 0.93250000 0.26380000 0.24660000
vn 0.93210000 0.28370000 0.22510000
vn 0.93170000 0.30180000 0.20210000
vn 0.93130000 0.31810000 0.17770000
vn 0.92410000 0.31810000 -0.21200000
vn 0.93080000 0.33240000 0.15220000
vn 0.92450000 0.33240000 -0.18650000
vn 0.92500000 0.34460000 -0.15990000
vn 0.93030000 0.34460000 0.12560000
vn 0.92550000 0.35480000 -0.13240000
vn 0.92980000 0.35480000 0.09810000
vn 0.92930000 0.36270000 0.06990000
vn 0.92610000 0.36270000 -0.10420000
vn 0.92660000 0.36840000 -0.07550000
vn 0.92870000 0.36840000 0.04120000
vn 0.92710000 0.37190000 -0.04640000
vn 0.92820000 0.37190000 0.01210000
vn 0.92770000 0.37300000 -0.01710000
vn 0.92360000 -0.30180000 -0.23640000
vn 0.92320000 -0.28360000 -0.25940000
vn 0.92280000 -0.26380000 -0.28090000
vn 0.92240000 -0.24230000 -0.30070000
vn 0.92210000 -0.21930000 -0.31890000
vn 0.92180000 -0.19490000 -0.33510000
vn 0.92150000 -0.16930000 -0.34940000
vn 0.92130000 -0.14270000 -0.36170000
vn 0.92110000 -0.11530000 -0.37180000
vn 0.92100000 -0.08710000 -0.37980000
vn 0.92090000 -0.05840000 -0.38550000
vn 0.92080000 -0.02930000 -0.38890000
vn 0.92080000 -0.00000000 -0.39010000
vn 0.92080000 0.02930000 -0.38890000
vn 0.92090000 0.05840000 -0.38550000
vn 0.92100000 0.08710000 -0.37980000
vn 0.92110000 0.11530000 -0.37180000
vn 0.92130000 0.14270000 -0.36170000
vn 0.92150000 0.16930000 -0.34940000
vn 0.92180000 0.19490000 -0.33510000
vn 0.92210000 0.21930000 -0.31890000
vn 0.92240000 0.24230000 -0.30070000
vn 0.92280000 0.26380000 -0.28090000
vn 0.92320000 0.28360000 -0.25940000
vn 0.92360000 0.30180000 -0.23640000
vn 0.92620000 -0.37650000 -0.01710000
vn 0.92730000 -0.37190000 0.04180000
vn 0.92520000 -0.37190000 -0.07600000
vn 0.92840000 -0.35810000 0.09920000
vn 0.92410000 -0.35810000 -0.13350000
vn 0.92940000 -0.33550000 0.15380000
vn 0.92310000 -0.33550000 -0.18800000
vn 0.93030000 -0.30460000 0.20420000
vn 0.93120000 -0.26630000 0.24910000
vn 0.93190000 -0.22130000 0.28750000
vn 0.93240000 -0.17090000 0.31830000
vn 0.93290000 -0.11640000 0.34090000
vn 0.93310000 -0.05890000 0.35470000
vn 0.93320000 -0.00000000 0.35940000
vn 0.93310000 0.05890000 0.35470000
vn 0.93290000 0.11640000 0.34090000
vn 0.93240000 0.17090000 0.31830000
vn 0.93190000 0.22130000 0.28750000
vn 0.93120000 0.26630000 0.24910000
vn 0.93030000 0.30460000 0.20420000
vn 0.92940000 0.33550000 0.15380000
vn 0.92310000 0.33550000 -0.18800000
vn 0.92840000 0.35810000 0.09920000
vn 0.92410000 0.35810000 -0.13350000
vn 0.92730000 0.37190000 0.04180000
vn 0.92520000 0.37190000 -0.07600000
vn 0.92620000 0.37650000 -0.01710000
vn 0.92680000 -0.37540000 0.01240000
vn 0.92570000 -0.37540000 -0.04670000
vn 0.92790000 -0.36610000 0.07080000
vn 0.92460000 -0.36610000 -0.10500000
vn 0.92890000 -0.34790000 0.12700000
vn 0.92360000 -0.34790000 -0.16120000
vn 0.92990000 -0.32110000 0.17960000
vn 0.92260000 -0.32110000 -0.21380000
vn 0.92220000 -0.30460000 -0.23840000
vn 0.93080000 -0.28630000 0.22740000
vn 0.92170000 -0.28630000 -0.26160000
vn 0.92130000 -0.26630000 -0.28330000
vn 0.93150000 -0.24450000 0.26920000
vn 0.92100000 -0.24450000 -0.30340000
vn 0.92060000 -0.22130000 -0.32170000
vn 0.93220000 -0.19670000 0.30390000
vn 0.92030000 -0.19670000 -0.33810000
vn 0.92000000 -0.17090000 -0.35260000
vn 0.91980000 -0.14410000 -0.36490000
vn 0.93270000 -0.14410000 0.33070000
vn 0.91960000 -0.11640000 -0.37520000
vn 0.91950000 -0.08790000 -0.38320000
vn 0.93300000 -0.08790000 0.34900000
vn 0.91940000 -0.05890000 -0.38900000
vn 0.93320000 -0.02950000 0.35820000
vn 0.91930000 -0.02950000 -0.39240000
vn 0.91930000 -0.00000000 -0.39360000
vn 0.91930000 0.02950000 -0.39240000
vn 0.93320000 0.02950000 0.35820000
vn 0.91940000 0.05890000 -0.38900000
vn 0.91950000 0.08790000 -0.38320000
vn 0.93300000 0.08790000 0.34900000
vn 0.91960000 0.11640000 -0.37520000
vn 0.93270000 0.14410000 0.33070000
vn 0.91980000 0.14410000 -0.36490000
vn 0.92000000 0.17090000 -0.35260000
vn 0.93220000 0.19670000 0.30390000
vn 0.92030000 0.19670000 -0.33810000
vn 0.92060000 0.22130000 -0.32170000
vn 0.93150000 0.24450000 0.26920000
vn 0.92100000 0.24450000 -0.30340000
vn 0.92130000 0.26630000 -0.28330000
vn 0.93080000 0.28630000 0.22740000
vn 0.92170000 0.28630000 -0.26160000
vn 0.92220000 0.30460000 -0.23840000
vn 0.92990000 0.32110000 0.17960000
vn 0.92260000 0.32110000 -0.21380000
vn 0.92890000 0.34790000 0.12700000
vn 0.92360000 0.34790000 -0.16120000
vn 0.92790000 0.36610000 0.07080000
vn 0.92460000 0.36610000 -0.10500000
vn 0.92680000 0.37540000 0.01240000
vn 0.92570000 0.37540000 -0.04670000
vn 0.93110000 -0.36430000 -0.01720000
vn 0.93080000 -0.36540000 0.01160000
vn 0.92970000 -0.36540000 -0.04590000
vn 0.93220000 -0.35980000 0.03980000
vn 0.93010000 -0.35980000 -0.07420000
vn 0.93180000 -0.35640000 0.06840000
vn 0.92870000 -0.35640000 -0.10270000
vn 0.93320000 -0.34640000 0.09530000
vn 0.92910000 -0.34640000 -0.12980000
vn 0.93280000 -0.33860000 0.12300000
vn 0.92770000 -0.33860000 -0.15740000
vn 0.93420000 -0.32460000 0.14810000
vn 0.93380000 -0.31250000 0.17430000
vn 0.93510000 -0.29470000 0.19690000
vn 0.93470000 -0.27870000 0.22080000
vn 0.93590000 -0.25760000 0.24030000
vn 0.93540000 -0.23800000 0.26150000
vn 0.93660000 -0.21410000 0.27740000
vn 0.93600000 -0.19150000 0.29530000
vn 0.93710000 -0.16540000 0.30730000
vn 0.93650000 -0.14030000 0.32140000
vn 0.93750000 -0.11260000 0.32920000
vn 0.93680000 -0.08560000 0.33910000
vn 0.93780000 -0.05700000 0.34250000
vn 0.93700000 -0.02880000 0.34810000
vn 0.93790000 -0.00000000 0.34700000
vn 0.93700000 0.02880000 0.34810000
vn 0.93780000 0.05700000 0.34250000
vn 0.93680000 0.08560000 0.33910000
vn 0.93750000 0.11260000 0.32920000
vn 0.93650000 0.14030000 0.32140000
vn 0.93710000 0.16540000 0.30730000
vn 0.93600000 0.19150000 0.29530000
vn 0.93660000 0.21410000 0.27740000
vn 0.93540000 0.23800000 0.26150000
vn 0.93590000 0.25760000 0.24030000
vn 0.93470000 0.27870000 0.22080000
vn 0.93510000 0.29470000 0.19690000
vn 0.93380000 0.31250000 0.17430000
vn 0.93420000 0.32460000 0.14810000
vn 0.92770000 0.33860000 -0.15740000
vn 0.93280000 0.33860000 0.12300000
vn 0.92910000 0.34640000 -0.12980000
vn 0.93320000 0.34640000 0.09530000
vn 0.93180000 0.35640000 0.06840000
vn 0.92870000 0.35640000 -0.10270000
vn 0.93220000 0.35980000 0.03980000
vn 0.93010000 0.35980000 -0.07420000
vn 0.93080000 0.36540000 0.01160000
vn 0.92970000 0.36540000 -0.04590000
vn 0.93110000 0.36430000 -0.01720000
vn 0.92810000 -0.32460000 -0.18260000
vn 0.92670000 -0.31250000 -0.20870000
vn 0.92720000 -0.29470000 -0.23130000
vn 0.92590000 -0.27870000 -0.25520000
vn 0.92640000 -0.25760000 -0.27470000
vn 0.92510000 -0.23800000 -0.29580000
vn 0.92570000 -0.21410000 -0.31190000
vn 0.92450000 -0.19150000 -0.32960000
vn 0.92510000 -0.16540000 -0.34170000
vn 0.92400000 -0.14030000 -0.35570000
vn 0.92470000 -0.11260000 -0.36360000
vn 0.92370000 -0.08560000 -0.37350000
vn 0.92450000 -0.05700000 -0.37690000
vn 0.92350000 -0.02880000 -0.38250000
vn 0.92440000 -0.00000000 -0.38140000
vn 0.92350000 0.02880000 -0.38250000
vn 0.92450000 0.05700000 -0.37690000
vn 0.92370000 0.08560000 -0.37350000
vn 0.92470000 0.11260000 -0.36360000
vn 0.92400000 0.14030000 -0.35570000
vn 0.92510000 0.16540000 -0.34170000
vn 0.92450000 0.19150000 -0.32960000
vn 0.92570000 0.21410000 -0.31190000
vn 0.92510000 0.23800000 -0.29580000
vn 0.92640000 0.25760000 -0.27470000
vn 0.92590000 0.27870000 -0.25520000
vn 0.92720000 0.29470000 -0.23130000
vn 0.92670000 0.31250000 -0.20870000
vn 0.92810000 0.32460000 -0.18260000
vn 0.68190000 -0.58570000 -0.43820000
vn 0.68030000 -0.51190000 -0.52450000
vn 0.70170000 0.32870000 0.63220000
vn 0.68370000 0.64500000 -0.34140000
vn 0.68560000 0.68850000 -0.23640000
vn 0.68980000 -0.72390000 -0.01270000
vn 0.69180000 -0.71500000 0.10050000
vn 0.68770000 -0.71500000 -0.12600000
vn 0.98510000 -0.17090000 -0.01820000
vn 0.98340000 -0.18150000 -0.00390000
vn 0.98290000 -0.18150000 -0.03250000
vn 0.98560000 -0.16880000 0.00850000
vn 0.98460000 -0.16880000 -0.04490000
vn 0.69390000 -0.68850000 0.21090000
vn 0.68560000 -0.68850000 -0.23640000
vn 0.81900000 0.57090000 0.05810000
vn 0.98230000 -0.17700000 -0.06070000
vn 0.98610000 -0.16260000 0.03460000
vn 0.98410000 -0.16260000 -0.07100000
vn 0.98440000 -0.16820000 0.05150000
vn 0.93100000 -0.33080000 -0.15430000
vn 0.69580000 -0.64500000 0.31590000
vn 0.68370000 -0.64500000 -0.34130000
vn 0.98650000 -0.15230000 0.05940000
vn 0.98370000 -0.15230000 -0.09570000
vn -0.17240000 -0.83840000 0.51710000
vn -0.19150000 -0.83840000 -0.51030000
vn 0.69760000 -0.58570000 0.41270000
vn 0.98700000 -0.13830000 0.08230000
vn 0.98330000 -0.13830000 -0.11860000
vn 0.98530000 -0.13850000 0.10010000
vn 0.92920000 -0.27230000 -0.24980000
vn 0.69920000 -0.51190000 0.49910000
vn 0.98730000 -0.12090000 0.10270000
vn 0.98310000 -0.12010000 -0.13810000
vn 0.98270000 -0.12180000 -0.13980000
vn 0.93860000 -0.23250000 0.25500000
vn 0.92850000 -0.23250000 -0.28950000
vn 0.67890000 -0.42550000 -0.59830000
vn 0.70060000 -0.42550000 0.57280000
vn 0.98770000 -0.10050000 0.12010000
vn 0.98260000 -0.10050000 -0.15650000
vn 0.98600000 -0.09510000 0.13710000
vn 0.98020000 -0.09510000 -0.17340000
vn 0.67780000 -0.32870000 -0.65770000
vn 0.70170000 -0.32870000 0.63220000
vn 0.98230000 -0.07760000 -0.17050000
vn 0.98790000 -0.07760000 0.13410000
vn 0.98000000 -0.06970000 -0.18640000
vn 0.98620000 -0.06970000 0.15000000
vn 0.70250000 -0.22370000 0.67560000
vn 0.67700000 -0.22370000 -0.70110000
vn 0.98210000 -0.05280000 -0.18080000
vn 0.98810000 -0.05280000 0.14430000
vn 0.97980000 -0.04250000 -0.19520000
vn 0.98640000 -0.04250000 0.15890000
vn 0.67650000 -0.11320000 -0.72770000
vn 0.70300000 -0.11320000 0.70220000
vn 0.98820000 -0.02670000 0.15060000
vn 0.98200000 -0.02670000 -0.18700000
vn 0.98650000 -0.01430000 0.16330000
vn 0.97980000 -0.01430000 -0.19960000
vn 0.70310000 -0.00000000 0.71110000
vn 0.98830000 -0.00000000 0.15270000
vn 0.98200000 -0.00000000 -0.18910000
vn 0.67640000 -0.00000000 -0.73660000
vn 0.97980000 0.01430000 -0.19970000
vn 0.98650000 0.01430000 0.16330000
vn 0.98820000 0.02670000 0.15060000
vn 0.98200000 0.02670000 -0.18700000
vn 0.67650000 0.11330000 -0.72770000
vn 0.70300000 0.11330000 0.70220000
vn 0.98640000 0.04250000 0.15890000
vn 0.92710000 0.08360000 -0.36540000
vn 0.98810000 0.05280000 0.14430000
vn 0.98210000 0.05280000 -0.18070000
vn 0.67700000 0.22370000 -0.70110000
vn 0.70250000 0.22370000 0.67560000
vn 0.98620000 0.06970000 0.15000000
vn 0.98000000 0.06970000 -0.18640000
vn 0.98790000 0.07760000 0.13410000
vn 0.98230000 0.07760000 -0.17050000
vn 0.67780000 0.32870000 -0.65770000
vn 0.60130000 0.77110000 -0.20920000
vn 0.98600000 0.09510000 0.13710000
vn 0.98260000 0.10050000 -0.15650000
vn 0.98770000 0.10050000 0.12010000
vn 0.67890000 0.42550000 -0.59830000
vn 0.70060000 0.42550000 0.57280000
vn 0.59690000 0.78570000 0.16230000
vn 0.98060000 0.11830000 -0.15660000
vn 0.98290000 0.12090000 -0.13910000
vn 0.98730000 0.12090000 0.10260000
vn 0.68030000 0.51190000 -0.52460000
vn 0.69920000 0.51190000 0.49910000
vn 0.98530000 0.13850000 0.10010000
vn 0.98090000 0.13850000 -0.13640000
vn 0.98330000 0.13830000 -0.11870000
vn 0.98700000 0.13830000 0.08230000
vn 0.68190000 0.58570000 -0.43820000
vn 0.69760000 0.58570000 0.41270000
vn 0.98140000 0.15520000 -0.11330000
vn 0.98490000 0.15530000 0.07700000
vn 0.98650000 0.15240000 0.05940000
vn 0.98370000 0.15230000 -0.09580000
vn 0.69580000 0.64500000 0.31590000
vn 0.57380000 0.81570000 0.07340000
vn 0.98180000 0.16820000 -0.08780000
vn 0.98410000 0.16260000 -0.07100000
vn 0.98610000 0.16260000 0.03460000
vn 0.93510000 0.34820000 0.06630000
vn 0.98230000 0.17700000 -0.06070000
vn 0.69390000 0.68850000 0.21090000
vn 0.98560000 0.16880000 0.00850000
vn 0.98460000 0.16880000 -0.04490000
vn 0.98330000 0.18160000 -0.01180000
vn 0.98310000 0.18150000 -0.02450000
vn 0.98510000 0.17090000 -0.01820000
vn 0.68770000 0.71500000 -0.12600000
vn 0.69180000 0.71500000 0.10050000
vn 0.68980000 0.72390000 -0.01270000
vn -0.68970000 -0.72390000 0.01270000
vn -0.68770000 -0.71500000 0.12600000
vn -0.69180000 -0.71500000 -0.10050000
vn -0.68560000 -0.68850000 0.23640000
vn -0.69390000 -0.68850000 -0.21090000
vn -0.68370000 -0.64500000 0.34140000
vn -0.69580000 -0.64500000 -0.31590000
vn -0.68190000 -0.58570000 0.43820000
vn -0.69760000 -0.58570000 -0.41270000
vn -0.68030000 -0.51190000 0.52460000
vn -0.69920000 -0.51190000 -0.49910000
vn -0.72510000 0.68860000 0.01340000
vn -0.72710000 0.68010000 -0.09430000
vn -0.72310000 0.68010000 0.12110000
vn -0.67890000 -0.42550000 0.59830000
vn -0.70060000 -0.42550000 -0.57280000
vn -0.72900000 0.65490000 -0.19930000
vn -0.72110000 0.65490000 0.22610000
vn -0.73080000 0.61350000 -0.29910000
vn -0.71930000 0.61350000 0.32590000
vn -0.73250000 0.55700000 -0.39130000
vn -0.71760000 0.55710000 0.41800000
vn -0.67780000 -0.32870000 0.65770000
vn -0.70170000 -0.32870000 -0.63220000
vn -0.73410000 0.48690000 -0.47340000
vn -0.71610000 0.48690000 0.50020000
vn -0.73540000 0.40470000 -0.54360000
vn -0.71480000 0.40470000 0.57040000
vn -0.67700000 -0.22370000 0.70110000
vn -0.70250000 -0.22370000 -0.67560000
vn -0.73640000 0.31260000 -0.60000000
vn -0.71370000 0.31260000 0.62680000
vn -0.73720000 0.21280000 -0.64130000
vn -0.71300000 0.21280000 0.66810000
vn -0.67650000 -0.11320000 0.72760000
vn -0.70300000 -0.11320000 -0.70220000
vn -0.73760000 0.10770000 -0.66660000
vn -0.71250000 0.10770000 0.69340000
vn -0.67640000 -0.00000000 0.73660000
vn -0.73780000 -0.00000000 -0.67500000
vn -0.71230000 -0.00000000 0.70180000
vn -0.70310000 -0.00000000 -0.71110000
vn -0.73760000 -0.10770000 -0.66660000
vn -0.71250000 -0.10770000 0.69340000
vn -0.67650000 0.11320000 0.72760000
vn -0.70300000 0.11320000 -0.70220000
vn -0.73720000 -0.21280000 -0.64130000
vn -0.71300000 -0.21280000 0.66810000
vn -0.73640000 -0.31260000 -0.60000000
vn -0.71370000 -0.31260000 0.62680000
vn -0.67700000 0.22370000 0.70110000
vn -0.70250000 0.22370000 -0.67560000
vn -0.73540000 -0.40470000 -0.54360000
vn -0.71480000 -0.40470000 0.57040000
vn -0.73410000 -0.48690000 -0.47340000
vn -0.71610000 -0.48690000 0.50020000
vn -0.67780000 0.32870000 0.65770000
vn -0.70170000 0.32870000 -0.63220000
vn -0.73250000 -0.55710000 -0.39130000
vn -0.71760000 -0.55710000 0.41810000
vn -0.73080000 -0.61350000 -0.29910000
vn -0.71930000 -0.61350000 0.32590000
vn -0.72900000 -0.65490000 -0.19930000
vn -0.72110000 -0.65490000 0.22610000
vn -0.67890000 0.42550000 0.59830000
vn -0.70060000 0.42550000 -0.57280000
vn -0.72710000 -0.68010000 -0.09430000
vn -0.72310000 -0.68010000 0.12110000
vn -0.72510000 -0.68860000 0.01340000
vn -0.68030000 0.51190000 0.52460000
vn -0.69920000 0.51190000 -0.49910000
vn -0.68190000 0.58570000 0.43820000
vn -0.69760000 0.58570000 -0.41270000
vn -0.68370000 0.64500000 0.34130000
vn -0.69580000 0.64500000 -0.31590000
vn -0.68560000 0.68850000 0.23640000
vn -0.69390000 0.68850000 -0.21090000
vn -0.68770000 0.71500000 0.12600000
vn -0.69180000 0.71500000 -0.10050000
vn -0.68970000 0.72390000 0.01270000
vn -0.69180000 -0.71500000 -0.10050000
vn -0.69390000 -0.68850000 -0.21090000
vn -0.67780000 0.32870000 0.65770000
vn -0.69390000 0.68850000 -0.21090000
vn -0.68980000 -0.72390000 0.01270000
vn -0.68770000 -0.71500000 0.12600000
vn -0.72510000 -0.68850000 0.01340000
vn -0.72310000 -0.68010000 0.12110000
vn -0.72710000 -0.68010000 -0.09430000
vn -0.68560000 -0.68850000 0.23640000
vn -0.72120000 -0.65480000 0.22610000
vn -0.72900000 -0.65480000 -0.19930000
vn -0.68370000 -0.64500000 0.34130000
vn -0.69580000 -0.64500000 -0.31590000
vn -0.71930000 -0.61350000 0.32590000
vn -0.73090000 -0.61350000 -0.29910000
vn -0.68190000 -0.58570000 0.43820000
vn -0.69760000 -0.58570000 -0.41270000
vn -0.71760000 -0.55700000 0.41800000
vn -0.73260000 -0.55700000 -0.39120000
vn -0.68030000 -0.51190000 0.52450000
vn -0.69920000 -0.51190000 -0.49910000
vn -0.71610000 -0.48690000 0.50020000
vn -0.73410000 -0.48690000 -0.47340000
vn -0.70060000 -0.42550000 -0.57280000
vn -0.67890000 -0.42550000 0.59830000
vn -0.71480000 -0.40470000 0.57030000
vn -0.73540000 -0.40470000 -0.54350000
vn -0.70170000 -0.32870000 -0.63220000
vn -0.67780000 -0.32870000 0.65770000
vn -0.73640000 -0.31260000 -0.60000000
vn -0.71370000 -0.31260000 0.62680000
vn -0.67700000 -0.22370000 0.70110000
vn -0.70250000 -0.22370000 -0.67560000
vn -0.73720000 -0.21280000 -0.64130000
vn -0.71300000 -0.21280000 0.66810000
vn -0.70300000 -0.11330000 -0.70210000
vn -0.67650000 -0.11320000 0.72760000
vn -0.71250000 -0.10770000 0.69330000
vn -0.73760000 -0.10770000 -0.66650000
vn -0.67640000 -0.00000000 0.73660000
vn -0.71240000 -0.00000000 0.70180000
vn -0.73780000 -0.00000000 -0.67500000
vn -0.70310000 -0.00000000 -0.71110000
vn -0.71250000 0.10770000 0.69330000
vn -0.73760000 0.10770000 -0.66650000
vn -0.70300000 0.11320000 -0.70220000
vn -0.67650000 0.11330000 0.72760000
vn -0.71300000 0.21280000 0.66810000
vn -0.73720000 0.21280000 -0.64130000
vn -0.70250000 0.22370000 -0.67560000
vn -0.67700000 0.22370000 0.70110000
vn -0.71370000 0.31260000 0.62680000
vn -0.73640000 0.31260000 -0.60000000
vn -0.70170000 0.32870000 -0.63220000
vn -0.73540000 0.40470000 -0.54350000
vn -0.71480000 0.40470000 0.57030000
vn -0.70060000 0.42550000 -0.57280000
vn -0.67890000 0.42550000 0.59830000
vn -0.73410000 0.48690000 -0.47340000
vn -0.71610000 0.48690000 0.50020000
vn -0.69920000 0.51190000 -0.49910000
vn -0.68030000 0.51190000 0.52460000
vn -0.73260000 0.55700000 -0.39120000
vn -0.71760000 0.55700000 0.41800000
vn -0.69760000 0.58570000 -0.41270000
vn -0.68190000 0.58570000 0.43820000
vn -0.71930000 0.61350000 0.32590000
vn -0.73090000 0.61350000 -0.29910000
vn -0.69580000 0.64500000 -0.31590000
vn -0.68370000 0.64500000 0.34130000
vn -0.72900000 0.65480000 -0.19930000
vn -0.72120000 0.65480000 0.22610000
vn -0.68560000 0.68850000 0.23640000
vn -0.72310000 0.68010000 0.12110000
vn -0.72710000 0.68010000 -0.09430000
vn -0.72510000 0.68850000 0.01340000
vn -0.69180000 0.71500000 -0.10050000
vn -0.68770000 0.71500000 0.12600000
vn -0.68980000 0.72390000 0.01270000
vn 0.68430000 -0.72910000 -0.01270000
vn 0.68640000 -0.72020000 0.10140000
vn 0.68210000 -0.72020000 -0.12670000
vn 0.68840000 -0.69350000 0.21260000
vn 0.68010000 -0.69350000 -0.23800000
vn 0.69030000 -0.64970000 0.31830000
vn 0.67810000 -0.64970000 -0.34360000
vn 0.69210000 -0.58990000 0.41590000
vn 0.67630000 -0.58990000 -0.44120000
vn 0.69370000 -0.51560000 0.50280000
vn 0.67470000 -0.51560000 -0.52820000
vn 0.69510000 -0.42860000 0.57720000
vn 0.67330000 -0.42860000 -0.60240000
vn 0.67220000 -0.33100000 -0.66220000
vn 0.69620000 -0.33100000 0.63700000
vn 0.67140000 -0.22540000 -0.70600000
vn 0.69700000 -0.22540000 0.68070000
vn 0.69760000 -0.11410000 0.70740000
vn 0.67090000 -0.11410000 -0.73270000
vn 0.69770000 -0.00000000 0.71640000
vn 0.67080000 -0.00000000 -0.74170000
vn 0.69760000 0.11410000 0.70740000
vn 0.67090000 0.11410000 -0.73270000
vn 0.69700000 0.22540000 0.68070000
vn 0.67140000 0.22540000 -0.70600000
vn 0.69620000 0.33100000 0.63700000
vn 0.67220000 0.33100000 -0.66220000
vn 0.67330000 0.42860000 -0.60240000
vn 0.69510000 0.42860000 0.57710000
vn 0.67470000 0.51560000 -0.52810000
vn 0.69370000 0.51560000 0.50290000
vn 0.67630000 0.58990000 -0.44120000
vn 0.69210000 0.58990000 0.41590000
vn 0.69030000 0.64970000 0.31830000
vn 0.67810000 0.64970000 -0.34360000
vn 0.68010000 0.69350000 -0.23800000
vn 0.68840000 0.69350000 0.21270000
vn 0.68640000 0.72020000 0.10140000
vn 0.68210000 0.72020000 -0.12670000
vn 0.68430000 0.72910000 -0.01260000
vn 0.40610000 -0.91380000 -0.00750000
vn 0.40870000 -0.90260000 0.13540000
vn 0.40340000 -0.90260000 -0.15040000
vn 0.41130000 -0.86910000 0.27480000
vn 0.40090000 -0.86910000 -0.28980000
vn 0.41370000 -0.81420000 0.40730000
vn 0.39840000 -0.81420000 -0.42230000
vn 0.41600000 -0.73930000 0.52950000
vn 0.39620000 -0.73930000 -0.54450000
vn 0.41800000 -0.64620000 0.63850000
vn 0.39410000 -0.64620000 -0.65350000
vn 0.41970000 -0.53710000 0.73170000
vn 0.39240000 -0.53710000 -0.74670000
vn 0.42110000 -0.41490000 0.80660000
vn 0.39100000 -0.41490000 -0.82160000
vn 0.42210000 -0.28240000 0.86140000
vn 0.39000000 -0.28240000 -0.87640000
vn 0.38940000 -0.14300000 -0.90990000
vn 0.42280000 -0.14290000 0.89490000
vn 0.42300000 -0.00000000 0.90610000
vn 0.38920000 -0.00000000 -0.92120000
vn 0.42280000 0.14300000 0.89490000
vn 0.38940000 0.14290000 -0.90990000
vn 0.42210000 0.28240000 0.86140000
vn 0.39000000 0.28240000 -0.87640000
vn 0.42110000 0.41490000 0.80660000
vn 0.39100000 0.41490000 -0.82160000
vn 0.39240000 0.53710000 -0.74670000
vn 0.41970000 0.53710000 0.73170000
vn 0.41800000 0.64620000 0.63850000
vn 0.39410000 0.64620000 -0.65360000
vn 0.39620000 0.73930000 -0.54450000
vn 0.41600000 0.73930000 0.52950000
vn 0.39840000 0.81420000 -0.42230000
vn 0.41370000 0.81420000 0.40730000
vn 0.40090000 0.86910000 -0.28980000
vn 0.41130000 0.86910000 0.27480000
vn 0.41970000 0.90070000 0.11180000
vn 0.41530000 0.90080000 -0.12720000
vn 0.42340000 0.90590000 -0.00780000
vn 0.41830000 -0.90830000 -0.00770000
vn 0.42090000 -0.89710000 0.13430000
vn 0.41560000 -0.89710000 -0.14980000
vn 0.42340000 -0.86380000 0.27290000
vn 0.41310000 -0.86380000 -0.28840000
vn 0.42590000 -0.80930000 0.40460000
vn 0.41060000 -0.80930000 -0.42000000
vn 0.42810000 -0.73480000 0.52610000
vn 0.40840000 -0.73480000 -0.54150000
vn 0.43010000 -0.64230000 0.63440000
vn 0.40640000 -0.64230000 -0.64990000
vn 0.43180000 -0.53390000 0.72700000
vn 0.40470000 -0.53390000 -0.74240000
vn 0.40330000 -0.41240000 -0.81690000
vn 0.43320000 -0.41240000 0.80140000
vn 0.43420000 -0.28070000 0.85600000
vn 0.40230000 -0.28070000 -0.87140000
vn 0.43480000 -0.14210000 0.88920000
vn 0.40170000 -0.14210000 -0.90470000
vn 0.43500000 -0.00000000 0.90040000
vn 0.40150000 -0.00000000 -0.91590000
vn 0.40170000 0.14210000 -0.90470000
vn 0.43480000 0.14210000 0.88920000
vn 0.40230000 0.28070000 -0.87140000
vn 0.43420000 0.28070000 0.85600000
vn 0.40330000 0.41240000 -0.81690000
vn 0.43320000 0.41240000 0.80140000
vn 0.40470000 0.53390000 -0.74240000
vn 0.43180000 0.53390000 0.72700000
vn 0.40640000 0.64230000 -0.64990000
vn 0.43010000 0.64230000 0.63440000
vn 0.40840000 0.73480000 -0.54150000
vn 0.42810000 0.73480000 0.52610000
vn 0.41060000 0.80930000 -0.42000000
vn 0.42590000 0.80930000 0.40460000
vn 0.41310000 0.86380000 -0.28840000
vn 0.42340000 0.86380000 0.27290000
vn 0.41560000 0.89710000 -0.14980000
vn 0.42090000 0.89710000 0.13430000
vn 0.41830000 0.90830000 -0.00770000
vn -0.51550000 -0.85680000 0.00950000
vn -0.51300000 -0.84630000 0.14350000
vn -0.51800000 -0.84630000 -0.12450000
vn -0.90680000 0.42130000 0.01680000
vn -0.90800000 0.41610000 -0.04960000
vn -0.90550000 0.41610000 0.08310000
vn -0.51060000 -0.81490000 0.27430000
vn -0.52040000 -0.81490000 -0.25520000
vn -0.90910000 0.40060000 -0.11430000
vn -0.90430000 0.40060000 0.14790000
vn -0.50830000 -0.76340000 0.39850000
vn -0.52270000 -0.76340000 -0.37940000
vn -0.91010000 0.37520000 -0.17580000
vn -0.90300000 0.37520000 0.20930000
vn -0.50620000 -0.69320000 0.51310000
vn -0.52480000 -0.69320000 -0.49400000
vn -0.91100000 0.34060000 -0.23250000
vn -0.90180000 0.34060000 0.26590000
vn -0.52670000 -0.60590000 -0.59620000
vn -0.50430000 -0.60590000 0.61530000
vn -0.91180000 0.29760000 -0.28290000
vn -0.90070000 0.29760000 0.31640000
vn -0.50270000 -0.50360000 0.70260000
vn -0.52830000 -0.50360000 -0.68350000
vn -0.91250000 0.24730000 -0.32600000
vn -0.89980000 0.24730000 0.35950000
vn -0.52960000 -0.38900000 -0.75380000
vn -0.50140000 -0.38900000 0.77280000
vn -0.91290000 0.19090000 -0.36070000
vn -0.50050000 -0.26480000 0.82430000
vn -0.53060000 -0.26480000 -0.80520000
vn -0.91330000 0.12990000 -0.38600000
vn -0.53110000 -0.13400000 -0.83660000
vn -0.49990000 -0.13400000 0.85570000
vn -0.91350000 0.06580000 -0.40150000
vn -0.49970000 -0.00000000 0.86620000
vn -0.91360000 -0.00000000 -0.40670000
vn -0.53130000 -0.00000000 -0.84720000
vn -0.89800000 -0.06580000 0.43500000
vn -0.91350000 -0.06580000 -0.40150000
vn -0.49990000 0.13400000 0.85570000
vn -0.53120000 0.13400000 -0.83660000
vn -0.91330000 -0.12990000 -0.38600000
vn -0.89840000 -0.12990000 0.41950000
vn -0.53060000 0.26480000 -0.80520000
vn -0.50050000 0.26480000 0.82430000
vn -0.89900000 -0.19090000 0.39420000
vn -0.91290000 -0.19090000 -0.36070000
vn -0.52960000 0.38900000 -0.75380000
vn -0.50140000 0.38900000 0.77280000
vn -0.91250000 -0.24730000 -0.32600000
vn -0.89980000 -0.24730000 0.35950000
vn -0.52830000 0.50360000 -0.68350000
vn -0.50270000 0.50360000 0.70260000
vn -0.90070000 -0.29760000 0.31640000
vn -0.91180000 -0.29760000 -0.28290000
vn -0.52670000 0.60590000 -0.59620000
vn -0.50430000 0.60590000 0.61530000
vn -0.90180000 -0.34060000 0.26600000
vn -0.91100000 -0.34060000 -0.23240000
vn -0.52480000 0.69320000 -0.49400000
vn -0.50620000 0.69320000 0.51310000
vn -0.90300000 -0.37520000 0.20930000
vn -0.91010000 -0.37520000 -0.17580000
vn -0.52270000 0.76340000 -0.37940000
vn -0.50830000 0.76340000 0.39840000
vn -0.90430000 -0.40060000 0.14780000
vn -0.90910000 -0.40060000 -0.11430000
vn -0.52040000 0.81490000 -0.25520000
vn -0.51060000 0.81490000 0.27430000
vn -0.90550000 -0.41610000 0.08310000
vn -0.90800000 -0.41610000 -0.04960000
vn -0.90680000 -0.42130000 0.01670000
vn -0.51800000 0.84630000 -0.12450000
vn -0.51300000 0.84630000 0.14350000
vn -0.51550000 0.85680000 0.00950000
vn -0.89900000 0.19090000 0.39410000
vn -0.89840000 0.12990000 0.41950000
vn -0.89800000 0.06580000 0.43490000
vn -0.89790000 -0.00000000 0.44010000
vt 0.00000000 0.00000000
vt 0.00000000 0.00000000
vt 0.00000000 0.00000000
vt 0.00000000 0.00000000
vt 0.00000000 0.00000000
vt 0.00000000 0.00000000
vt 0.00000000 0.00000000
vt 0.00000000 0.00000000
vt 0.00000000 0.00000000
vt 0.00000000 0.00000000
vt 0.00000000 0.00000000
vt 0.00000000 0.00000000
vt 0.00000000 0.00000000
vt 0.00000000 0.00000000
vt 0.00000000 0.00000000
vt 0.00000000 0.00000000
vt 0.00000000 0.00000000
vt 0.00000000 0.00000000
vt 0.00000000 0.00000000
vt 0.00000000 0.00000000
vt 0.00000000 0.00000000
vt 0.00000000 0.00000000
vt 0.00000000 0.00000000
vt 0.00000000 0.00000000
vt 0.00000000 0.00000000
vt 0.00000000 0.00000000
vt 0.00000000 0.00000000
vt 0.00000000 0.00000000
vt 0.00000000 0.00000000
vt 0.00000000 0.00000000
vt 0.00000000 0.00000000
vt 0.00000000 0.00000000
vt 0.00000000 0.00000000
vt 0.00000000 0.00000000
vt 0.00000000 0.00000000
vt 0.00000000 0.00000000
vt 0.00000000 0.00000000
vt 0.00000000 0.00000000
vt 0.00000000 0.00000000
vt 0.00000000 0.00000000
vt 0.00000000 0.00000000
vt 0.00000000 0.00000000
vt 0.00000000 0.00000000
vt 0.00000000 0.00000000
vt 0.00000000 0.00000000
vt 0.00000000 0.00000000
vt 0.00000000 0.00000000
vt 0.00000000 0.00000000
vt 0.00000000 0.00000000
vt 0.00000000 0.00000000
vt 0.00000000 0.00000000
vt 0.00000000 0.00000000
vt 0.00000000 0.00000000
vt 0.00000000 0.00000000
vt 0.00000000 0.00000000
vt 0.00000000 0.00000000
vt 0.00000000 0.00000000
vt 0.00000000 0.00000000
vt 0.00000000 0.00000000
vt 0.00000000 0.00000000
vt 0.00000000 0.00000000
vt 0.00000000 0.00000000
vt 0.00000000 0.00000000
vt 0.00000000 0.00000000
vt 0.00000000 0.00000000
vt 0.00000000 0.00000000
vt 0.00000000 0.00000000
vt 0.00000000 0.00000000
vt 0.00000000 0.00000000
vt 0.00000000 0.00000000
vt 0.00000000 0.00000000
vt 0.00000000 0.00000000
vt 0.00000000 0.00000000
vt 0.00000000 0.00000000
vt 0.00000000 0.00000000
vt 0.00000000 0.00000000
vt 0.00000000 0.00000000
vt 0.00000000 0.00000000
vt 0.00000000 0.00000000
vt 0.00000000 0.00000000
vt 0.00000000 0.00000000
vt 0.00000000 0.00000000
vt 0.00000000 0.00000000
vt 0.00000000 0.00000000
vt 0.00000000 0.00000000
vt 0.00000000 0.00000000
vt 0.00000000 0.00000000
vt 0.00000000 0.00000000
vt 0.00000000 0.00000000
vt 0.00000000 0.00000000
vt 0.00000000 0.00000000
vt 0.00000000 0.00000000
vt 0.00000000 0.00000000
vt 0.00000000 0.00000000
vt 0.00000000 0.00000000
vt 0.00000000 0.00000000
vt 0.00000000 0.00000000
vt 0.00000000 0.00000000
vt 0.00000000 0.00000000
vt 0.00000000 0.00000000
vt 0.00000000 0.00000000
vt 0.00000000 0.00000000
vt 0.00000000 0.00000000
vt 0.00000000 0.00000000
vt 0.00000000 0.00000000
vt 0.00000000 0.00000000
vt 0.00000000 0.00000000
vt 0.00000000 0.00000000
vt 0.00000000 0.00000000
vt 0.00000000 0.00000000
vt 0.00000000 0.00000000
vt 0.00000000 0.00000000
vt 0.00000000 0.00000000
vt 0.00000000 0.00000000
vt 0.00000000 0.00000000
vt 0.00000000 0.00000000
vt 0.00000000 0.00000000
vt 0.00000000 0.00000000
vt 0.00000000 0.00000000
vt 0.00000000 0.00000000
vt 0.00000000 0.00000000
vt 0.00000000 0.00000000
vt 0.00000000 0.00000000
vt 0.00000000 0.00000000
vt 0.00000000 0.00000000
vt 0.00000000 0.00000000
vt 0.00000000 0.00000000
vt 0.00000000 0.00000000
vt 0.00000000 0.00000000
vt 0.00000000 0.00000000
vt 0.00000000 0.00000000
vt 0.00000000 0.00000000
vt 0.00000000 0.00000000
vt 0.00000000 0.00000000
vt 0.00000000 0.00000000
vt 0.00000000 0.00000000
vt 0.00000000 0.00000000
vt 0.00000000 0.00000000
vt 0.00000000 0.00000000
vt 0.00000000 0.00000000
vt 0.00000000 0.00000000
vt 0.00000000 0.00000000
vt 0.00000000 0.00000000
vt 0.00000000 0.00000000
vt 0.00000000 0.00000000
vt 0.00000000 0.00000000
vt 0.00000000 0.00000000
vt 0.00000000 0.00000000
vt 0.00000000 0.00000000
vt 0.00000000 0.00000000
vt 0.00000000 0.00000000
vt 0.00000000 0.00000000
vt 0.00000000 0.00000000
vt 0.00000000 0.00000000
vt 0.00000000 0.00000000
vt 0.00000000 0.00000000
vt 0.00000000 0.00000000
vt 0.00000000 0.00000000
vt 0.00000000 0.00000000
vt 0.00000000 0.00000000
vt 0.00000000 0.00000000
vt 0.00000000 0.00000000
vt 0.00000000 0.00000000
vt 0.00000000 0.00000000
vt 0.00000000 0.00000000
vt 0.00000000 0.00000000
vt 0.00000000 0.00000000
vt 0.00000000 0.00000000
vt 0.00000000 0.00000000
vt 0.00000000 0.00000000
vt 0.00000000 0.00000000
vt 0.00000000 0.00000000
vt 0.00000000 0.00000000
vt 0.00000000 0.00000000
vt 0.00000000 0.00000000
vt 0.00000000 0.00000000
vt 0.00000000 0.00000000
vt 0.00000000 0.00000000
vt 0.00000000 0.00000000
vt 0.00000000 0.00000000
vt 0.00000000 0.00000000
vt 0.00000000 0.00000000
vt 0.00000000 0.00000000
vt 0.00000000 0.00000000
vt 0.00000000 0.00000000
vt 0.00000000 0.00000000
vt 0.00000000 0.00000000
vt 0.00000000 0.00000000
vt 0.00000000 0.00000000
vt 0.00000000 0.00000000
vt 0.00000000 0.00000000
vt 0.00000000 0.00000000
vt 0.00000000 0.00000000
vt 0.00000000 0.00000000
vt 0.00000000 0.00000000
vt 0.00000000 0.00000000
vt 0.00000000 0.00000000
vt 0.00000000 0.00000000
vt 0.00000000 0.00000000
vt 0.00000000 0.00000000
vt 0.00000000 0.00000000
vt 0.00000000 0.00000000
vt 0.00000000 0.00000000
vt 0.00000000 0.00000000
vt 0.00000000 0.00000000
vt 0.00000000 0.00000000
vt 0.00000000 0.00000000
vt 0.00000000 0.00000000
vt 0.00000000 0.00000000
vt 0.00000000 0.00000000
vt 0.00000000 0.00000000
vt 0.00000000 0.00000000
vt 0.00000000 0.00000000
vt 0.00000000 0.00000000
vt 0.00000000 0.00000000
vt 0.00000000 0.00000000
vt 0.00000000 0.00000000
vt 0.00000000 0.00000000
vt 0.00000000 0.00000000
vt 0.00000000 0.00000000
vt 0.00000000 0.00000000
vt 0.00000000 0.00000000
vt 0.00000000 0.00000000
vt 0.00000000 0.00000000
vt 0.00000000 0.00000000
vt 0.00000000 0.00000000
vt 0.00000000 0.00000000
vt 0.00000000 0.00000000
vt 0.00000000 0.00000000
vt 0.00000000 0.00000000
vt 0.00000000 0.00000000
vt 0.00000000 0.00000000
vt 0.00000000 0.00000000
vt 0.00000000 0.00000000
vt 0.00000000 0.00000000
vt 0.00000000 0.00000000
vt 0.00000000 0.00000000
vt 0.00000000 0.00000000
vt 0.00000000 0.00000000
vt 0.00000000 0.00000000
vt 0.00000000 0.00000000
vt 0.00000000 0.00000000
vt 0.00000000 0.00000000
vt 0.00000000 0.00000000
vt 0.00000000 0.00000000
vt 0.00000000 0.00000000
vt 0.00000000 0.00000000
vt 0.00000000 0.00000000
vt 0.00000000 0.00000000
vt 0.00000000 0.00000000
vt 0.00000000 0.00000000
vt 0.00000000 0.00000000
vt 0.00000000 0.00000000
vt 0.00000000 0.00000000
vt 0.00000000 0.00000000
vt 0.00000000 0.00000000
vt 0.00000000 0.00000000
vt 0.00000000 0.00000000
vt 0.00000000 0.00000000
vt 0.00000000 0.00000000
vt 0.00000000 0.00000000
vt 0.00000000 0.00000000
vt 0.00000000 0.00000000
vt 0.00000000 0.00000000
vt 0.00000000 0.00000000
vt 0.00000000 0.00000000
vt 0.00000000 0.00000000
vt 0.00000000 0.00000000
vt 0.00000000 0.00000000
vt 0.00000000 0.00000000
vt 0.00000000 0.00000000
vt 0.00000000 0.00000000
vt 0.00000000 0.00000000
vt 0.00000000 0.00000000
vt 0.00000000 0.00000000
vt 0.00000000 0.00000000
vt 0.00000000 0.00000000
vt 0.00000000 0.00000000
vt 0.00000000 0.00000000
vt 0.00000000 0.00000000
vt 0.00000000 0.00000000
vt 0.00000000 0.00000000
vt 0.00000000 0.00000000
vt 0.00000000 0.00000000
vt 0.00000000 0.00000000
vt 0.00000000 0.00000000
vt 0.00000000 0.00000000
vt 0.00000000 0.00000000
vt 0.00000000 0.00000000
vt 0.00000000 0.00000000
vt 0.00000000 0.00000000
vt 0.00000000 0.00000000
vt 0.00000000 0.00000000
vt 0.00000000 0.00000000
vt 0.00000000 0.00000000
vt 0.00000000 0.00000000
vt 0.00000000 0.00000000
vt 0.00000000 0.00000000
vt 0.00000000 0.00000000
vt 0.00000000 0.00000000
vt 0.00000000 0.00000000
vt 0.00000000 0.00000000
vt 0.00000000 0.00000000
vt 0.00000000 0.00000000
vt 0.00000000 0.00000000
vt 0.00000000 0.00000000
vt 0.00000000 0.00000000
vt 0.00000000 0.00000000
vt 0.00000000 0.00000000
vt 0.00000000 0.00000000
vt 0.00000000 0.00000000
vt 0.00000000 0.00000000
vt 0.00000000 0.00000000
vt 0.00000000 0.00000000
vt 0.00000000 0.00000000
vt 0.00000000 0.00000000
vt 0.00000000 0.00000000
vt 0.00000000 0.00000000
vt 0.00000000 0.00000000
vt 0.00000000 0.00000000
vt 0.00000000 0.00000000
vt 0.00000000 0.00000000
vt 0.00000000 0.00000000
vt 0.00000000 0.00000000
vt 0.00000000 0.00000000
vt 0.00000000 0.00000000
vt 0.00000000 0.00000000
vt 0.00000000 0.00000000
vt 0.00000000 0.00000000
vt 0.00000000 0.00000000
vt 0.00000000 0.00000000
vt 0.00000000 0.00000000
vt 0.00000000 0.00000000
vt 0.00000000 0.00000000
vt 0.00000000 0.00000000
vt 0.00000000 0.00000000
vt 0.00000000 0.00000000
vt 0.00000000 0.00000000
vt 0.00000000 0.00000000
vt 0.00000000 0.00000000
vt 0.00000000 0.00000000
vt 0.00000000 0.00000000
vt 0.00000000 0.00000000
vt 0.00000000 0.00000000
vt 0.00000000 0.00000000
vt 0.00000000 0.00000000
vt 0.00000000 0.00000000
vt 0.00000000 0.00000000
vt 0.00000000 0.00000000
vt 0.00000000 0.00000000
vt 0.00000000 0.00000000
vt 0.00000000 0.00000000
vt 0.00000000 0.00000000
vt 0.00000000 0.00000000
vt 0.00000000 0.00000000
vt 0.00000000 0.00000000
vt 0.00000000 0.00000000
vt 0.00000000 0.00000000
vt 0.00000000 0.00000000
vt 0.00000000 0.00000000
vt 0.00000000 0.00000000
vt 0.00000000 0.00000000
vt 0.00000000 0.00000000
vt 0.00000000 0.00000000
vt 0.00000000 0.00000000
vt 0.00000000 0.00000000
vt 0.00000000 0.00000000
vt 0.00000000 0.00000000
vt 0.00000000 0.00000000
vt 0.00000000 0.00000000
vt 0.00000000 0.00000000
vt 0.00000000 0.00000000
vt 0.00000000 0.00000000
vt 0.00000000 0.00000000
vt 0.00000000 0.00000000
vt 0.00000000 0.00000000
vt 0.00000000 0.00000000
vt 0.00000000 0.00000000
vt 0.00000000 0.00000000
vt 0.00000000 0.00000000
vt 0.00000000 0.00000000
vt 0.00000000 0.00000000
vt 0.00000000 0.00000000
vt 0.00000000 0.00000000
vt 0.00000000 0.00000000
vt 0.00000000 0.00000000
vt 0.00000000 0.00000000
vt 0.00000000 0.00000000
vt 0.00000000 0.00000000
vt 0.00000000 0.00000000
vt 0.00000000 0.00000000
vt 0.00000000 0.00000000
vt 0.00000000 0.00000000
vt 0.00000000 0.00000000
vt 0.00000000 0.00000000
vt 0.00000000 0.00000000
vt 0.00000000 0.00000000
vt 0.00000000 0.00000000
vt 0.00000000 0.00000000
vt 0.00000000 0.00000000
vt 0.00000000 0.00000000
vt 0.00000000 0.00000000
vt 0.00000000 0.00000000
vt 0.00000000 0.00000000
vt 0.00000000 0.00000000
vt 0.00000000 0.00000000
vt 0.00000000 0.00000000
vt 0.00000000 0.00000000
vt 0.00000000 0.00000000
vt 0.00000000 0.00000000
vt 0.00000000 0.00000000
vt 0.00000000 0.00000000
vt 0.00000000 0.00000000
vt 0.00000000 0.00000000
vt 0.00000000 0.00000000
vt 0.00000000 0.00000000
vt 0.00000000 0.00000000
vt 0.00000000 0.00000000
vt 0.00000000 0.00000000
vt 0.00000000 0.00000000
vt 0.00000000 0.00000000
vt 0.00000000 0.00000000
vt 0.00000000 0.00000000
vt 0.00000000 0.00000000
vt 0.00000000 0.00000000
vt 0.00000000 0.00000000
vt 0.00000000 0.00000000
vt 0.00000000 0.00000000
vt 0.00000000 0.00000000
vt 0.00000000 0.00000000
vt 0.00000000 0.00000000
vt 0.00000000 0.00000000
vt 0.00000000 0.00000000
vt 0.00000000 0.00000000
vt 0.00000000 0.00000000
vt 0.00000000 0.00000000
vt 0.00000000 0.00000000
vt 0.00000000 0.00000000
vt 0.00000000 0.00000000
vt 0.00000000 0.00000000
vt 0.00000000 0.00000000
vt 0.00000000 0.00000000
vt 0.00000000 0.00000000
vt 0.00000000 0.00000000
vt 0.00000000 0.00000000
vt 0.00000000 0.00000000
vt 0.00000000 0.00000000
vt 0.00000000 0.00000000
vt 0.00000000 0.00000000
vt 0.00000000 0.00000000
vt 0.00000000 0.00000000
vt 0.00000000 0.00000000
vt 0.00000000 0.00000000
vt 0.00000000 0.00000000
vt 0.00000000 0.00000000
vt 0.00000000 0.00000000
vt 0.00000000 0.00000000
vt 0.00000000 0.00000000
vt 0.00000000 0.00000000
vt 0.00000000 0.00000000
vt 0.00000000 0.00000000
vt 0.00000000 0.00000000
vt 0.00000000 0.00000000
vt 0.00000000 0.00000000
vt 0.00000000 0.00000000
vt 0.00000000 0.00000000
vt 0.00000000 0.00000000
vt 0.00000000 0.00000000
vt 0.00000000 0.00000000
vt 0.00000000 0.00000000
vt 0.00000000 0.00000000
vt 0.00000000 0.00000000
vt 0.00000000 0.00000000
vt 0.00000000 0.00000000
vt 0.00000000 0.00000000
vt 0.00000000 0.00000000
vt 0.00000000 0.00000000
vt 0.00000000 0.00000000
vt 0.00000000 0.00000000
vt 0.00000000 0.00000000
vt 0.00000000 0.00000000
vt 0.00000000 0.00000000
vt 0.00000000 0.00000000
vt 0.00000000 0.00000000
vt 0.00000000 0.00000000
vt 0.00000000 0.00000000
vt 0.00000000 0.00000000
vt 0.00000000 0.00000000
vt 0.00000000 0.00000000
vt 0.00000000 0.00000000
vt 0.00000000 0.00000000
vt 0.00000000 0.00000000
vt 0.00000000 0.00000000
vt 0.00000000 0.00000000
vt 0.00000000 0.00000000
vt 0.00000000 0.00000000
vt 0.00000000 0.00000000
vt 0.00000000 0.00000000
vt 0.00000000 0.00000000
vt 0.00000000 0.00000000
vt 0.00000000 0.00000000
vt 0.00000000 0.00000000
vt 0.00000000 0.00000000
vt 0.00000000 0.00000000
vt 0.00000000 0.00000000
vt 0.00000000 0.00000000
vt 0.00000000 0.00000000
vt 0.00000000 0.00000000
vt 0.00000000 0.00000000
vt 0.00000000 0.00000000
vt 0.00000000 0.00000000
vt 0.00000000 0.00000000
vt 0.00000000 0.00000000
vt 0.00000000 0.00000000
vt 0.00000000 0.00000000
vt 0.00000000 0.00000000
vt 0.00000000 0.00000000
vt 0.00000000 0.00000000
vt 0.00000000 0.00000000
vt 0.00000000 0.00000000
vt 0.00000000 0.00000000
vt 0.00000000 0.00000000
vt 0.00000000 0.00000000
vt 0.00000000 0.00000000
vt 0.00000000 0.00000000
vt 0.00000000 0.00000000
vt 0.00000000 0.00000000
vt 0.00000000 0.00000000
vt 0.00000000 0.00000000
vt 0.00000000 0.00000000
vt 0.00000000 0.00000000
vt 0.00000000 0.00000000
vt 0.00000000 0.00000000
vt 0.00000000 0.00000000
vt 0.00000000 0.00000000
vt 0.00000000 0.00000000
vt 0.00000000 0.00000000
vt 0.00000000 0.00000000
vt 0.00000000 0.00000000
vt 0.00000000 0.00000000
vt 0.00000000 0.00000000
vt 0.00000000 0.00000000
vt 0.00000000 0.00000000
vt 0.00000000 0.00000000
vt 0.00000000 0.00000000
vt 0.00000000 0.00000000
vt 0.00000000 0.00000000
vt 0.00000000 0.00000000
vt 0.00000000 0.00000000
vt 0.00000000 0.00000000
vt 0.00000000 0.00000000
vt 0.00000000 0.00000000
vt 0.00000000 0.00000000
vt 0.00000000 0.00000000
vt 0.00000000 0.00000000
vt 0.00000000 0.00000000
vt 0.00000000 0.00000000
vt 0.00000000 0.00000000
vt 0.00000000 0.00000000
vt 0.00000000 0.00000000
vt 0.00000000 0.00000000
vt 0.00000000 0.00000000
vt 0.00000000 0.00000000
vt 0.00000000 0.00000000
vt 0.00000000 0.00000000
vt 0.00000000 0.00000000
vt 0.00000000 0.00000000
vt 0.00000000 0.00000000
vt 0.00000000 0.00000000
vt 0.00000000 0.00000000
vt 0.00000000 0.00000000
vt 0.00000000 0.00000000
vt 0.00000000 0.00000000
vt 0.00000000 0.00000000
vt 0.00000000 0.00000000
vt 0.00000000 0.00000000
vt 0.00000000 0.00000000
vt 0.00000000 0.00000000
vt 0.00000000 0.00000000
vt 0.00000000 0.00000000
vt 0.00000000 0.00000000
vt 0.00000000 0.00000000
vt 0.00000000 0.00000000
vt 0.00000000 0.00000000
vt 0.00000000 0.00000000
vt 0.00000000 0.00000000
vt 0.00000000 0.00000000
vt 0.00000000 0.00000000
vt 0.00000000 0.00000000
vt 0.00000000 0.00000000
vt 0.00000000 0.00000000
vt 0.00000000 0.00000000
vt 0.00000000 0.00000000
vt 0.00000000 0.00000000
vt 0.00000000 0.00000000
vt 0.00000000 0.00000000
vt 0.00000000 0.00000000
vt 0.00000000 0.00000000
vt 0.00000000 0.00000000
vt 0.00000000 0.00000000
vt 0.00000000 0.00000000
vt 0.00000000 0.00000000
vt 0.00000000 0.00000000
vt 0.00000000 0.00000000
vt 0.00000000 0.00000000
vt 0.00000000 0.00000000
vt 0.00000000 0.00000000
vt 0.00000000 0.00000000
vt 0.00000000 0.00000000
vt 0.00000000 0.00000000
vt 0.00000000 0.00000000
vt 0.00000000 0.00000000
vt 0.00000000 0.00000000
vt 0.00000000 0.00000000
vt 0.00000000 0.00000000
vt 0.00000000 0.00000000
vt 0.00000000 0.00000000
vt 0.00000000 0.00000000
vt 0.00000000 0.00000000
vt 0.00000000 0.00000000
vt 0.00000000 0.00000000
vt 0.00000000 0.00000000
vt 0.00000000 0.00000000
vt 0.00000000 0.00000000
vt 0.00000000 0.00000000
vt 0.00000000 0.00000000
vt 0.00000000 0.00000000
vt 0.00000000 0.00000000
vt 0.00000000 0.00000000
vt 0.00000000 0.00000000
vt 0.00000000 0.00000000
vt 0.00000000 0.00000000
vt 0.00000000 0.00000000
vt 0.00000000 0.00000000
vt 0.00000000 0.00000000
vt 0.00000000 0.00000000
vt 0.00000000 0.00000000
vt 0.00000000 0.00000000
vt 0.00000000 0.00000000
vt 0.00000000 0.00000000
vt 0.00000000 0.00000000
vt 0.00000000 0.00000000
vt 0.00000000 0.00000000
vt 0.00000000 0.00000000
vt 0.00000000 0.00000000
vt 0.00000000 0.00000000
vt 0.00000000 0.00000000
vt 0.00000000 0.00000000
vt 0.00000000 0.00000000
vt 0.00000000 0.00000000
vt 0.00000000 0.00000000
vt 0.00000000 0.00000000
vt 0.00000000 0.00000000
vt 0.00000000 0.00000000
vt 0.00000000 0.00000000
vt 0.00000000 0.00000000
vt 0.00000000 0.00000000
vt 0.00000000 0.00000000
vt 0.00000000 0.00000000
vt 0.00000000 0.00000000
vt 0.00000000 0.00000000
vt 0.00000000 0.00000000
vt 0.00000000 0.00000000
vt 0.00000000 0.00000000
vt 0.00000000 0.00000000
vt 0.00000000 0.00000000
vt 0.00000000 0.00000000
vt 0.00000000 0.00000000
vt 0.00000000 0.00000000
vt 0.00000000 0.00000000
vt 0.00000000 0.00000000
vt 0.00000000 0.00000000
vt 0.00000000 0.00000000
vt 0.00000000 0.00000000
vt 0.00000000 0.00000000
vt 0.00000000 0.00000000
vt 0.00000000 0.00000000
vt 0.00000000 0.00000000
vt 0.00000000 0.00000000
vt 0.00000000 0.00000000
vt 0.00000000 0.00000000
vt 0.00000000 0.00000000
vt 0.00000000 0.00000000
vt 0.00000000 0.00000000
vt 0.00000000 0.00000000
vt 0.00000000 0.00000000
vt 0.00000000 0.00000000
vt 0.00000000 0.00000000
vt 0.00000000 0.00000000
vt 0.00000000 0.00000000
vt 0.00000000 0.00000000
vt 0.00000000 0.00000000
vt 0.00000000 0.00000000
vt 0.00000000 0.00000000
vt 0.00000000 0.00000000
vt 0.00000000 0.00000000
vt 0.00000000 0.00000000
vt 0.00000000 0.00000000
vt 0.00000000 0.00000000
vt 0.00000000 0.00000000
vt 0.00000000 0.00000000
vt 0.00000000 0.00000000
vt 0.00000000 0.00000000
vt 0.00000000 0.00000000
vt 0.00000000 0.00000000
vt 0.00000000 0.00000000
vt 0.00000000 0.00000000
vt 0.00000000 0.00000000
vt 0.00000000 0.00000000
vt 0.00000000 0.00000000
vt 0.00000000 0.00000000
vt 0.00000000 0.00000000
vt 0.00000000 0.00000000
vt 0.00000000 0.00000000
vt 0.00000000 0.00000000
vt 0.00000000 0.00000000
vt 0.00000000 0.00000000
vt 0.00000000 0.00000000
vt 0.00000000 0.00000000
vt 0.00000000 0.00000000
vt 0.00000000 0.00000000
vt 0.00000000 0.00000000
vt 0.00000000 0.00000000
vt 0.00000000 0.00000000
vt 0.00000000 0.00000000
vt 0.00000000 0.00000000
vt 0.00000000 0.00000000
vt 0.00000000 0.00000000
vt 0.00000000 0.00000000
vt 0.00000000 0.00000000
vt 0.00000000 0.00000000
vt 0.00000000 0.00000000
vt 0.00000000 0.00000000
vt 0.00000000 0.00000000
vt 0.00000000 0.00000000
vt 0.00000000 0.00000000
vt 0.00000000 0.00000000
vt 0.00000000 0.00000000
vt 0.00000000 0.00000000
vt 0.00000000 0.00000000
vt 0.00000000 0.00000000
vt 0.00000000 0.00000000
vt 0.00000000 0.00000000
vt 0.00000000 0.00000000
vt 0.00000000 0.00000000
vt 0.00000000 0.00000000
vt 0.00000000 0.00000000
vt 0.00000000 0.00000000
vt 0.00000000 0.00000000
vt 0.00000000 0.00000000
vt 0.00000000 0.00000000
vt 0.00000000 0.00000000
vt 0.00000000 0.00000000
vt 0.00000000 0.00000000
vt 0.00000000 0.00000000
vt 0.00000000 0.00000000
vt 0.00000000 0.00000000
vt 0.00000000 0.00000000
vt 0.00000000 0.00000000
vt 0.00000000 0.00000000
vt 0.00000000 0.00000000
vt 0.00000000 0.00000000
vt 0.00000000 0.00000000
vt 0.00000000 0.00000000
vt 0.00000000 0.00000000
vt 0.00000000 0.00000000
vt 0.00000000 0.00000000
vt 0.00000000 0.00000000
vt 0.00000000 0.00000000
vt 0.00000000 0.00000000
vt 0.00000000 0.00000000
vt 0.00000000 0.00000000
vt 0.00000000 0.00000000
vt 0.00000000 0.00000000
vt 0.00000000 0.00000000
vt 0.00000000 0.00000000
vt 0.00000000 0.00000000
vt 0.00000000 0.00000000
vt 0.00000000 0.00000000
vt 0.00000000 0.00000000
vt 0.00000000 0.00000000
vt 0.00000000 0.00000000
vt 0.00000000 0.00000000
vt 0.00000000 0.00000000
vt 0.00000000 0.00000000
vt 0.00000000 0.00000000
vt 0.00000000 0.00000000
vt 0.00000000 0.00000000
vt 0.00000000 0.00000000
vt 0.00000000 0.00000000
vt 0.00000000 0.00000000
vt 0.00000000 0.00000000
vt 0.00000000 0.00000000
vt 0.00000000 0.00000000
vt 0.00000000 0.00000000
vt 0.00000000 0.00000000
vt 0.00000000 0.00000000
vt 0.00000000 0.00000000
vt 0.00000000 0.00000000
vt 0.00000000 0.00000000
vt 0.00000000 0.00000000
vt 0.00000000 0.00000000
vt 0.00000000 0.00000000
vt 0.00000000 0.00000000
vt 0.00000000 0.00000000
vt 0.00000000 0.00000000
vt 0.00000000 0.00000000
vt 0.00000000 0.00000000
vt 0.00000000 0.00000000
vt 0.00000000 0.00000000
vt 0.00000000 0.00000000
vt 0.00000000 0.00000000
vt 0.00000000 0.00000000
vt 0.00000000 0.00000000
vt 0.00000000 0.00000000
vt 0.00000000 0.00000000
vt 0.00000000 0.00000000
vt 0.00000000 0.00000000
vt 0.00000000 0.00000000
vt 0.00000000 0.00000000
vt 0.00000000 0.00000000
vt 0.00000000 0.00000000
vt 0.00000000 0.00000000
vt 0.00000000 0.00000000
vt 0.00000000 0.00000000
vt 0.00000000 0.00000000
vt 0.00000000 0.00000000
vt 0.00000000 0.00000000
vt 0.00000000 0.00000000
vt 0.00000000 0.00000000
vt 0.00000000 0.00000000
vt 0.00000000 0.00000000
vt 0.00000000 0.00000000
vt 0.00000000 0.00000000
vt 0.00000000 0.00000000
vt 0.00000000 0.00000000
vt 0.00000000 0.00000000
vt 0.00000000 0.00000000
vt 0.00000000 0.00000000
vt 0.00000000 0.00000000
vt 0.00000000 0.00000000
vt 0.00000000 0.00000000
vt 0.00000000 0.00000000
vt 0.00000000 0.00000000
vt 0.00000000 0.00000000
vt 0.00000000 0.00000000
vt 0.00000000 0.00000000
vt 0.00000000 0.00000000
vt 0.00000000 0.00000000
vt 0.00000000 0.00000000
vt 0.00000000 0.00000000
vt 0.00000000 0.00000000
vt 0.00000000 0.00000000
vt 0.00000000 0.00000000
vt 0.00000000 0.00000000
vt 0.00000000 0.00000000
vt 0.00000000 0.00000000
vt 0.00000000 0.00000000
vt 0.00000000 0.00000000
vt 0.00000000 0.00000000
vt 0.00000000 0.00000000
vt 0.00000000 0.00000000
vt 0.00000000 0.00000000
vt 0.00000000 0.00000000
vt 0.00000000 0.00000000
vt 0.00000000 0.00000000
vt 0.00000000 0.00000000
vt 0.00000000 0.00000000
vt 0.00000000 0.00000000
vt 0.00000000 0.00000000
vt 0.00000000 0.00000000
vt 0.00000000 0.00000000
vt 0.00000000 0.00000000
vt 0.00000000 0.00000000
vt 0.00000000 0.00000000
vt 0.00000000 0.00000000
vt 0.00000000 0.00000000
vt 0.00000000 0.00000000
vt 0.00000000 0.00000000
vt 0.00000000 0.00000000
vt 0.00000000 0.00000000
vt 0.00000000 0.00000000
vt 0.00000000 0.00000000
vt 0.00000000 0.00000000
vt 0.00000000 0.00000000
vt 0.00000000 0.00000000
vt 0.00000000 0.00000000
vt 0.00000000 0.00000000
vt 0.00000000 0.00000000
vt 0.00000000 0.00000000
vt 0.00000000 0.00000000
vt 0.00000000 0.00000000
vt 0.00000000 0.00000000
vt 0.00000000 0.00000000
vt 0.00000000 0.00000000
vt 0.00000000 0.00000000
vt 0.00000000 0.00000000
vt 0.00000000 0.00000000
vt 0.00000000 0.00000000
vt 0.00000000 0.00000000
vt 0.00000000 0.00000000
vt 0.00000000 0.00000000
vt 0.00000000 0.00000000
vt 0.00000000 0.00000000
vt 0.00000000 0.00000000
vt 0.00000000 0.00000000
vt 0.00000000 0.00000000
vt 0.00000000 0.00000000
vt 0.00000000 0.00000000
vt 0.00000000 0.00000000
vt 0.00000000 0.00000000
vt 0.00000000 0.00000000
vt 0.00000000 0.00000000
vt 0.00000000 0.00000000
vt 0.00000000 0.00000000
vt 0.00000000 0.00000000
vt 0.00000000 0.00000000
vt 0.00000000 0.00000000
vt 0.00000000 0.00000000
vt 0.00000000 0.00000000
vt 0.00000000 0.00000000
vt 0.00000000 0.00000000
vt 0.00000000 0.00000000
vt 0.00000000 0.00000000
vt 0.00000000 0.00000000
vt 0.00000000 0.00000000
vt 0.00000000 0.00000000
vt 0.00000000 0.00000000
vt 0.00000000 0.00000000
vt 0.00000000 0.00000000
vt 0.00000000 0.00000000
vt 0.00000000 0.00000000
vt 0.00000000 0.00000000
vt 0.00000000 0.00000000
vt 0.00000000 0.00000000
vt 0.00000000 0.00000000
vt 0.00000000 0.00000000
vt 0.00000000 0.00000000
vt 0.00000000 0.00000000
vt 0.00000000 0.00000000
vt 0.00000000 0.00000000
vt 0.00000000 0.00000000
vt 0.00000000 0.00000000
vt 0.00000000 0.00000000
vt 0.00000000 0.00000000
vt 0.00000000 0.00000000
vt 0.00000000 0.00000000
vt 0.00000000 0.00000000
vt 0.00000000 0.00000000
vt 0.00000000 0.00000000
vt 0.00000000 0.00000000
vt 0.00000000 0.00000000
vt 0.00000000 0.00000000
vt 0.00000000 0.00000000
vt 0.00000000 0.00000000
vt 0.00000000 0.00000000
vt 0.00000000 0.00000000
vt 0.00000000 0.00000000
vt 0.00000000 0.00000000
vt 0.00000000 0.00000000
vt 0.00000000 0.00000000
vt 0.00000000 0.00000000
vt 0.00000000 0.00000000
vt 0.00000000 0.00000000
vt 0.00000000 0.00000000
vt 0.00000000 0.00000000
vt 0.00000000 0.00000000
vt 0.00000000 0.00000000
vt 0.00000000 0.00000000
vt 0.00000000 0.00000000
vt 0.00000000 0.00000000
vt 0.00000000 0.00000000
vt 0.00000000 0.00000000
vt 0.00000000 0.00000000
vt 0.00000000 0.00000000
vt 0.00000000 0.00000000
vt 0.00000000 0.00000000
vt 0.00000000 0.00000000
vt 0.00000000 0.00000000
vt 0.00000000 0.00000000
vt 0.00000000 0.00000000
vt 0.00000000 0.00000000
vt 0.00000000 0.00000000
vt 0.00000000 0.00000000
vt 0.00000000 0.00000000
vt 0.00000000 0.00000000
vt 0.00000000 0.00000000
vt 0.00000000 0.00000000
vt 0.00000000 0.00000000
vt 0.00000000 0.00000000
vt 0.00000000 0.00000000
vt 0.00000000 0.00000000
vt 0.00000000 0.00000000
vt 0.00000000 0.00000000
vt 0.00000000 0.00000000
vt 0.00000000 0.00000000
vt 0.00000000 0.00000000
vt 0.00000000 0.00000000
vt 0.00000000 0.00000000
vt 0.00000000 0.00000000
vt 0.00000000 0.00000000
vt 0.00000000 0.00000000
vt 0.00000000 0.00000000
vt 0.00000000 0.00000000
vt 0.00000000 0.00000000
vt 0.00000000 0.00000000
vt 0.00000000 0.00000000
vt 0.00000000 0.00000000
vt 0.00000000 0.00000000
vt 0.00000000 0.00000000
vt 0.00000000 0.00000000
vt 0.00000000 0.00000000
vt 0.00000000 0.00000000
vt 0.00000000 0.00000000
vt 0.00000000 0.00000000
vt 0.00000000 0.00000000
vt 0.00000000 0.00000000
vt 0.00000000 0.00000000
vt 0.00000000 0.00000000
vt 0.00000000 0.00000000
vt 0.00000000 0.00000000
vt 0.00000000 0.00000000
vt 0.00000000 0.00000000
vt 0.00000000 0.00000000
vt 0.00000000 0.00000000
vt 0.00000000 0.00000000
vt 0.00000000 0.00000000
vt 0.00000000 0.00000000
vt 0.00000000 0.00000000
vt 0.00000000 0.00000000
vt 0.00000000 0.00000000
vt 0.00000000 0.00000000
vt 0.00000000 0.00000000
vt 0.00000000 0.00000000
vt 0.00000000 0.00000000
vt 0.00000000 0.00000000
vt 0.00000000 0.00000000
vt 0.00000000 0.00000000
vt 0.00000000 0.00000000
vt 0.00000000 0.00000000
vt 0.00000000 0.00000000
vt 0.00000000 0.00000000
vt 0.00000000 0.00000000
vt 0.00000000 0.00000000
vt 0.00000000 0.00000000
vt 0.00000000 0.00000000
vt 0.00000000 0.00000000
vt 0.00000000 0.00000000
vt 0.00000000 0.00000000
vt 0.00000000 0.00000000
vt 0.00000000 0.00000000
vt 0.00000000 0.00000000
vt 0.00000000 0.00000000
vt 0.00000000 0.00000000
vt 0.00000000 0.00000000
vt 0.00000000 0.00000000
vt 0.00000000 0.00000000
vt 0.00000000 0.00000000
vt 0.00000000 0.00000000
vt 0.00000000 0.00000000
vt 0.00000000 0.00000000
vt 0.00000000 0.00000000
vt 0.00000000 0.00000000
vt 0.00000000 0.00000000
vt 0.00000000 0.00000000
vt 0.00000000 0.00000000
vt 0.00000000 0.00000000
vt 0.00000000 0.00000000
vt 0.00000000 0.00000000
vt 0.00000000 0.00000000
vt 0.00000000 0.00000000
vt 0.00000000 0.00000000
vt 0.00000000 0.00000000
vt 0.00000000 0.00000000
vt 0.00000000 0.00000000
vt 0.00000000 0.00000000
vt 0.00000000 0.00000000
vt 0.00000000 0.00000000
vt 0.00000000 0.00000000
vt 0.00000000 0.00000000
vt 0.00000000 0.00000000
vt 0.00000000 0.00000000
vt 0.00000000 0.00000000
vt 0.00000000 0.00000000
vt 0.00000000 0.00000000
vt 0.00000000 0.00000000
vt 0.00000000 0.00000000
vt 0.00000000 0.00000000
vt 0.00000000 0.00000000
vt 0.00000000 0.00000000
vt 0.00000000 0.00000000
vt 0.00000000 0.00000000
vt 0.00000000 0.00000000
vt 0.00000000 0.00000000
vt 0.00000000 0.00000000
vt 0.00000000 0.00000000
vt 0.00000000 0.00000000
vt 0.00000000 0.00000000
vt 0.00000000 0.00000000
vt 0.00000000 0.00000000
vt 0.00000000 0.00000000
vt 0.00000000 0.00000000
vt 0.00000000 0.00000000
vt 0.00000000 0.00000000
vt 0.00000000 0.00000000
vt 0.00000000 0.00000000
vt 0.00000000 0.00000000
vt 0.00000000 0.00000000
vt 0.00000000 0.00000000
vt 0.00000000 0.00000000
vt 0.00000000 0.00000000
vt 0.00000000 0.00000000
vt 0.00000000 0.00000000
vt 0.00000000 0.00000000
vt 0.00000000 0.00000000
vt 0.00000000 0.00000000
vt 0.00000000 0.00000000
vt 0.00000000 0.00000000
vt 0.00000000 0.00000000
vt 0.00000000 0.00000000
vt 0.00000000 0.00000000
vt 0.00000000 0.00000000
vt 0.00000000 0.00000000
vt 0.00000000 0.00000000
vt 0.00000000 0.00000000
vt 0.00000000 0.00000000
vt 0.00000000 0.00000000
vt 0.00000000 0.00000000
vt 0.00000000 0.00000000
vt 0.00000000 0.00000000
vt 0.00000000 0.00000000
vt 0.00000000 0.00000000
vt 0.00000000 0.00000000
vt 0.00000000 0.00000000
vt 0.00000000 0.00000000
vt 0.00000000 0.00000000
vt 0.00000000 0.00000000
vt 0.00000000 0.00000000
vt 0.00000000 0.00000000
vt 0.00000000 0.00000000
vt 0.00000000 0.00000000
vt 0.00000000 0.00000000
vt 0.00000000 0.00000000
vt 0.00000000 0.00000000
vt 0.00000000 0.00000000
vt 0.00000000 0.00000000
vt 0.00000000 0.00000000
vt 0.00000000 0.00000000
vt 0.00000000 0.00000000
vt 0.00000000 0.00000000
vt 0.00000000 0.00000000
vt 0.00000000 0.00000000
vt 0.00000000 0.00000000
vt 0.00000000 0.00000000
vt 0.00000000 0.00000000
vt 0.00000000 0.00000000
vt 0.00000000 0.00000000
vt 0.00000000 0.00000000
vt 0.00000000 0.00000000
vt 0.00000000 0.00000000
vt 0.00000000 0.00000000
vt 0.00000000 0.00000000
vt 0.00000000 0.00000000
vt 0.00000000 0.00000000
vt 0.00000000 0.00000000
vt 0.00000000 0.00000000
vt 0.00000000 0.00000000
vt 0.00000000 0.00000000
vt 0.00000000 0.00000000
vt 0.00000000 0.00000000
vt 0.00000000 0.00000000
vt 0.00000000 0.00000000
vt 0.00000000 0.00000000
vt 0.00000000 0.00000000
vt 0.00000000 0.00000000
vt 0.00000000 0.00000000
vt 0.00000000 0.00000000
vt 0.00000000 0.00000000
vt 0.00000000 0.00000000
vt 0.00000000 0.00000000
vt 0.00000000 0.00000000
vt 0.00000000 0.00000000
vt 0.00000000 0.00000000
vt 0.00000000 0.00000000
vt 0.00000000 0.00000000
vt 0.00000000 0.00000000
vt 0.00000000 0.00000000
vt 0.00000000 0.00000000
vt 0.00000000 0.00000000
vt 0.00000000 0.00000000
vt 0.00000000 0.00000000
vt 0.00000000 0.00000000
vt 0.00000000 0.00000000
vt 0.00000000 0.00000000
vt 0.00000000 0.00000000
vt 0.00000000 0.00000000
vt 0.00000000 0.00000000
vt 0.00000000 0.00000000
vt 0.00000000 0.00000000
vt 0.00000000 0.00000000
vt 0.00000000 0.00000000
vt 0.00000000 0.00000000
vt 0.00000000 0.00000000
vt 0.00000000 0.00000000
vt 0.00000000 0.00000000
vt 0.00000000 0.00000000
vt 0.00000000 0.00000000
vt 0.00000000 0.00000000
vt 0.00000000 0.00000000
vt 0.00000000 0.00000000
vt 0.00000000 0.00000000
vt 0.00000000 0.00000000
vt 0.00000000 0.00000000
vt 0.00000000 0.00000000
vt 0.00000000 0.00000000
vt 0.00000000 0.00000000
vt 0.00000000 0.00000000
vt 0.00000000 0.00000000
vt 0.00000000 0.00000000
vt 0.00000000 0.00000000
vt 0.00000000 0.00000000
vt 0.00000000 0.00000000
vt 0.00000000 0.00000000
vt 0.00000000 0.00000000
vt 0.00000000 0.00000000
vt 0.00000000 0.00000000
vt 0.00000000 0.00000000
vt 0.00000000 0.00000000
vt 0.00000000 0.00000000
vt 0.00000000 0.00000000
vt 0.00000000 0.00000000
vt 0.00000000 0.00000000
vt 0.00000000 0.00000000
vt 0.00000000 0.00000000
vt 0.00000000 0.00000000
vt 0.00000000 0.00000000
vt 0.00000000 0.00000000
vt 0.00000000 0.00000000
vt 0.00000000 0.00000000
vt 0.00000000 0.00000000
vt 0.00000000 0.00000000
vt 0.00000000 0.00000000
vt 0.00000000 0.00000000
vt 0.00000000 0.00000000
vt 0.00000000 0.00000000
vt 0.00000000 0.00000000
vt 0.00000000 0.00000000
vt 0.00000000 0.00000000
vt 0.00000000 0.00000000
vt 0.00000000 0.00000000
vt 0.00000000 0.00000000
vt 0.00000000 0.00000000
vt 0.00000000 0.00000000
vt 0.00000000 0.00000000
vt 0.00000000 0.00000000
vt 0.00000000 0.00000000
vt 0.00000000 0.00000000
vt 0.00000000 0.00000000
vt 0.00000000 0.00000000
vt 0.00000000 0.00000000
vt 0.00000000 0.00000000
vt 0.00000000 0.00000000
vt 0.00000000 0.00000000
vt 0.00000000 0.00000000
vt 0.00000000 0.00000000
vt 0.00000000 0.00000000
vt 0.00000000 0.00000000
vt 0.00000000 0.00000000
vt 0.00000000 0.00000000
vt 0.00000000 0.00000000
vt 0.00000000 0.00000000
vt 0.00000000 0.00000000
vt 0.00000000 0.00000000
vt 0.00000000 0.00000000
vt 0.00000000 0.00000000
vt 0.00000000 0.00000000
vt 0.00000000 0.00000000
vt 0.00000000 0.00000000
vt 0.00000000 0.00000000
vt 0.00000000 0.00000000
vt 0.00000000 0.00000000
vt 0.00000000 0.00000000
vt 0.00000000 0.00000000
vt 0.00000000 0.00000000
vt 0.00000000 0.00000000
vt 0.00000000 0.00000000
vt 0.00000000 0.00000000
vt 0.00000000 0.00000000
vt 0.00000000 0.00000000
vt 0.00000000 0.00000000
vt 0.00000000 0.00000000
vt 0.00000000 0.00000000
vt 0.00000000 0.00000000
vt 0.00000000 0.00000000
vt 0.00000000 0.00000000
vt 0.00000000 0.00000000
vt 0.00000000 0.00000000
vt 0.00000000 0.00000000
vt 0.00000000 0.00000000
vt 0.00000000 0.00000000
vt 0.00000000 0.00000000
vt 0.00000000 0.00000000
vt 0.00000000 0.00000000
vt 0.00000000 0.00000000
vt 0.00000000 0.00000000
vt 0.00000000 0.00000000
vt 0.00000000 0.00000000
vt 0.00000000 0.00000000
vt 0.00000000 0.00000000
vt 0.00000000 0.00000000
vt 0.00000000 0.00000000
vt 0.00000000 0.00000000
vt 0.00000000 0.00000000
vt 0.00000000 0.00000000
vt 0.00000000 0.00000000
vt 0.00000000 0.00000000
vt 0.00000000 0.00000000
vt 0.00000000 0.00000000
vt 0.00000000 0.00000000
vt 0.00000000 0.00000000
vt 0.00000000 0.00000000
vt 0.00000000 0.00000000
vt 0.00000000 0.00000000
vt 0.00000000 0.00000000
vt 0.00000000 0.00000000
vt 0.00000000 0.00000000
vt 0.00000000 0.00000000
vt 0.00000000 0.00000000
vt 0.00000000 0.00000000
vt 0.00000000 0.00000000
vt 0.00000000 0.00000000
vt 0.00000000 0.00000000
vt 0.00000000 0.00000000
vt 0.00000000 0.00000000
vt 0.00000000 0.00000000
vt 0.00000000 0.00000000
vt 0.00000000 0.00000000
vt 0.00000000 0.00000000
vt 0.00000000 0.00000000
vt 0.00000000 0.00000000
vt 0.00000000 0.00000000
vt 0.00000000 0.00000000
vt 0.00000000 0.00000000
vt 0.00000000 0.00000000
vt 0.00000000 0.00000000
vt 0.00000000 0.00000000
vt 0.00000000 0.00000000
vt 0.00000000 0.00000000
vt 0.00000000 0.00000000
vt 0.00000000 0.00000000
vt 0.00000000 0.00000000
vt 0.00000000 0.00000000
vt 0.00000000 0.00000000
vt 0.00000000 0.00000000
vt 0.00000000 0.00000000
vt 0.00000000 0.00000000
vt 0.00000000 0.00000000
vt 0.00000000 0.00000000
vt 0.00000000 0.00000000
vt 0.00000000 0.00000000
vt 0.00000000 0.00000000
vt 0.00000000 0.00000000
vt 0.00000000 0.00000000
vt 0.00000000 0.00000000
vt 0.00000000 0.00000000
vt 0.00000000 0.00000000
vt 0.00000000 0.00000000
vt 0.00000000 0.00000000
vt 0.00000000 0.00000000
vt 0.00000000 0.00000000
vt 0.00000000 0.00000000
vt 0.00000000 0.00000000
vt 0.00000000 0.00000000
vt 0.00000000 0.00000000
vt 0.00000000 0.00000000
vt 0.00000000 0.00000000
vt 0.00000000 0.00000000
vt 0.00000000 0.00000000
vt 0.00000000 0.00000000
vt 0.00000000 0.00000000
vt 0.00000000 0.00000000
vt 0.00000000 0.00000000
vt 0.00000000 0.00000000
vt 0.00000000 0.00000000
vt 0.00000000 0.00000000
vt 0.00000000 0.00000000
vt 0.00000000 0.00000000
vt 0.00000000 0.00000000
vt 0.00000000 0.00000000
vt 0.00000000 0.00000000
vt 0.00000000 0.00000000
vt 0.00000000 0.00000000
vt 0.00000000 0.00000000
vt 0.00000000 0.00000000
vt 0.00000000 0.00000000
vt 0.00000000 0.00000000
vt 0.00000000 0.00000000
vt 0.00000000 0.00000000
vt 0.00000000 0.00000000
vt 0.00000000 0.00000000
vt 0.00000000 0.00000000
vt 0.00000000 0.00000000
vt 0.00000000 0.00000000
vt 0.00000000 0.00000000
vt 0.00000000 0.00000000
vt 0.00000000 0.00000000
vt 0.00000000 0.00000000
vt 0.00000000 0.00000000
vt 0.00000000 0.00000000
vt 0.00000000 0.00000000
vt 0.00000000 0.00000000
vt 0.00000000 0.00000000
vt 0.00000000 0.00000000
vt 0.00000000 0.00000000
vt 0.00000000 0.00000000
vt 0.00000000 0.00000000
vt 0.00000000 0.00000000
vt 0.00000000 0.00000000
vt 0.00000000 0.00000000
vt 0.00000000 0.00000000
vt 0.00000000 0.00000000
vt 0.00000000 0.00000000
vt 0.00000000 0.00000000
vt 0.00000000 0.00000000
vt 0.00000000 0.00000000
vt 0.00000000 0.00000000
vt 0.00000000 0.00000000
vt 0.00000000 0.00000000
vt 0.00000000 0.00000000
vt 0.00000000 0.00000000
vt 0.00000000 0.00000000
vt 0.00000000 0.00000000
vt 0.00000000 0.00000000
vt 0.00000000 0.00000000
vt 0.00000000 0.00000000
vt 0.00000000 0.00000000
vt 0.00000000 0.00000000
vt 0.00000000 0.00000000
vt 0.00000000 0.00000000
vt 0.00000000 0.00000000
vt 0.00000000 0.00000000
vt 0.00000000 0.00000000
vt 0.00000000 0.00000000
vt 0.00000000 0.00000000
vt 0.00000000 0.00000000
vt 0.00000000 0.00000000
vt 0.00000000 0.00000000
vt 0.00000000 0.00000000
vt 0.00000000 0.00000000
vt 0.00000000 0.00000000
vt 0.00000000 0.00000000
vt 0.00000000 0.00000000
vt 0.00000000 0.00000000
vt 0.00000000 0.00000000
vt 0.00000000 0.00000000
vt 0.00000000 0.00000000
vt 0.00000000 0.00000000
vt 0.00000000 0.00000000
vt 0.00000000 0.00000000
vt 0.00000000 0.00000000
vt 0.00000000 0.00000000
vt 0.00000000 0.00000000
vt 0.00000000 0.00000000
vt 0.00000000 0.00000000
vt 0.00000000 0.00000000
vt 0.00000000 0.00000000
vt 0.00000000 0.00000000
vt 0.00000000 0.00000000
vt 0.00000000 0.00000000
vt 0.00000000 0.00000000
vt 0.00000000 0.00000000
vt 0.00000000 0.00000000
vt 0.00000000 0.00000000
vt 0.00000000 0.00000000
vt 0.00000000 0.00000000
vt 0.00000000 0.00000000
vt 0.00000000 0.00000000
vt 0.00000000 0.00000000
vt 0.00000000 0.00000000
vt 0.00000000 0.00000000
vt 0.00000000 0.00000000
vt 0.00000000 0.00000000
vt 0.00000000 0.00000000
vt 0.00000000 0.00000000
vt 0.00000000 0.00000000
vt 0.00000000 0.00000000
vt 0.00000000 0.00000000
vt 0.00000000 0.00000000
vt 0.00000000 0.00000000
vt 0.00000000 0.00000000
vt 0.00000000 0.00000000
vt 0.00000000 0.00000000
vt 0.00000000 0.00000000
vt 0.00000000 0.00000000
vt 0.00000000 0.00000000
vt 0.00000000 0.00000000
vt 0.00000000 0.00000000
vt 0.00000000 0.00000000
vt 0.00000000 0.00000000
vt 0.00000000 0.00000000
vt 0.00000000 0.00000000
vt 0.00000000 0.00000000
vt 0.00000000 0.00000000
vt 0.00000000 0.00000000
vt 0.00000000 0.00000000
vt 0.00000000 0.00000000
vt 0.00000000 0.00000000
vt 0.00000000 0.00000000
vt 0.00000000 0.00000000
vt 0.00000000 0.00000000
vt 0.00000000 0.00000000
vt 0.00000000 0.00000000
vt 0.00000000 0.00000000
vt 0.00000000 0.00000000
vt 0.00000000 0.00000000
vt 0.00000000 0.00000000
vt 0.00000000 0.00000000
vt 0.00000000 0.00000000
vt 0.00000000 0.00000000
vt 0.00000000 0.00000000
vt 0.00000000 0.00000000
vt 0.00000000 0.00000000
vt 0.00000000 0.00000000
vt 0.00000000 0.00000000
vt 0.00000000 0.00000000
vt 0.00000000 0.00000000
vt 0.00000000 0.00000000
vt 0.00000000 0.00000000
vt 0.00000000 0.00000000
vt 0.00000000 0.00000000
vt 0.00000000 0.00000000
vt 0.00000000 0.00000000
vt 0.00000000 0.00000000
vt 0.00000000 0.00000000
vt 0.00000000 0.00000000
vt 0.00000000 0.00000000
vt 0.00000000 0.00000000
vt 0.00000000 0.00000000
vt 0.00000000 0.00000000
vt 0.00000000 0.00000000
vt 0.00000000 0.00000000
vt 0.00000000 0.00000000
vt 0.00000000 0.00000000
vt 0.00000000 0.00000000
vt 0.00000000 0.00000000
vt 0.00000000 0.00000000
vt 0.00000000 0.00000000
vt 0.00000000 0.00000000
vt 0.00000000 0.00000000
vt 0.00000000 0.00000000
vt 0.00000000 0.00000000
vt 0.00000000 0.00000000
vt 0.00000000 0.00000000
vt 0.00000000 0.00000000
vt 0.00000000 0.00000000
vt 0.00000000 0.00000000
vt 0.00000000 0.00000000
vt 0.00000000 0.00000000
vt 0.00000000 0.00000000
vt 0.00000000 0.00000000
vt 0.00000000 0.00000000
vt 0.00000000 0.00000000
vt 0.00000000 0.00000000
vt 0.00000000 0.00000000
vt 0.00000000 0.00000000
vt 0.00000000 0.00000000
vt 0.00000000 0.00000000
vt 0.00000000 0.00000000
vt 0.00000000 0.00000000
vt 0.00000000 0.00000000
vt 0.00000000 0.00000000
vt 0.00000000 0.00000000
vt 0.00000000 0.00000000
vt 0.00000000 0.00000000
vt 0.00000000 0.00000000
vt 0.00000000 0.00000000
vt 0.00000000 0.00000000
vt 0.00000000 0.00000000
vt 0.00000000 0.00000000
vt 0.00000000 0.00000000
vt 0.00000000 0.00000000
vt 0.00000000 0.00000000
vt 0.00000000 0.00000000
vt 0.00000000 0.00000000
vt 0.00000000 0.00000000
vt 0.00000000 0.00000000
vt 0.00000000 0.00000000
vt 0.00000000 0.00000000
vt 0.00000000 0.00000000
vt 0.00000000 0.00000000
vt 0.00000000 0.00000000
vt 0.00000000 0.00000000
vt 0.00000000 0.00000000
vt 0.00000000 0.00000000
vt 0.00000000 0.00000000
vt 0.00000000 0.00000000
vt 0.00000000 0.00000000
vt 0.00000000 0.00000000
vt 0.00000000 0.00000000
vt 0.00000000 0.00000000
vt 0.00000000 0.00000000
vt 0.00000000 0.00000000
vt 0.00000000 0.00000000
vt 0.00000000 0.00000000
vt 0.00000000 0.00000000
vt 0.00000000 0.00000000
vt 0.00000000 0.00000000
vt 0.00000000 0.00000000
vt 0.00000000 0.00000000
vt 0.00000000 0.00000000
vt 0.00000000 0.00000000
vt 0.00000000 0.00000000
vt 0.00000000 0.00000000
vt 0.00000000 0.00000000
vt 0.00000000 0.00000000
vt 0.00000000 0.00000000
vt 0.00000000 0.00000000
vt 0.00000000 0.00000000
vt 0.00000000 0.00000000
vt 0.00000000 0.00000000
vt 0.00000000 0.00000000
vt 0.00000000 0.00000000
vt 0.00000000 0.00000000
vt 0.00000000 0.00000000
vt 0.00000000 0.00000000
vt 0.00000000 0.00000000
vt 0.00000000 0.00000000
vt 0.00000000 0.00000000
vt 0.00000000 0.00000000
vt 0.00000000 0.00000000
vt 0.00000000 0.00000000
vt 0.00000000 0.00000000
vt 0.00000000 0.00000000
vt 0.00000000 0.00000000
vt 0.00000000 0.00000000
vt 0.00000000 0.00000000
vt 0.00000000 0.00000000
vt 0.00000000 0.00000000
vt 0.00000000 0.00000000
vt 0.00000000 0.00000000
vt 0.00000000 0.00000000
vt 0.00000000 0.00000000
vt 0.00000000 0.00000000
vt 0.00000000 0.00000000
vt 0.00000000 0.00000000
vt 0.00000000 0.00000000
vt 0.00000000 0.00000000
vt 0.00000000 0.00000000
vt 0.00000000 0.00000000
vt 0.00000000 0.00000000
vt 0.00000000 0.00000000
vt 0.00000000 0.00000000
vt 0.00000000 0.00000000
vt 0.00000000 0.00000000
vt 0.00000000 0.00000000
vt 0.00000000 0.00000000
vt 0.00000000 0.00000000
vt 0.00000000 0.00000000
vt 0.00000000 0.00000000
vt 0.00000000 0.00000000
vt 0.00000000 0.00000000
vt 0.00000000 0.00000000
vt 0.00000000 0.00000000
vt 0.00000000 0.00000000
vt 0.00000000 0.00000000
vt 0.00000000 0.00000000
vt 0.00000000 0.00000000
vt 0.00000000 0.00000000
vt 0.00000000 0.00000000
vt 0.00000000 0.00000000
vt 0.00000000 0.00000000
vt 0.00000000 0.00000000
vt 0.00000000 0.00000000
vt 0.00000000 0.00000000
vt 0.00000000 0.00000000
vt 0.00000000 0.00000000
vt 0.00000000 0.00000000
vt 0.00000000 0.00000000
vt 0.00000000 0.00000000
vt 0.00000000 0.00000000
vt 0.00000000 0.00000000
vt 0.00000000 0.00000000
vt 0.00000000 0.00000000
vt 0.00000000 0.00000000
vt 0.00000000 0.00000000
vt 0.00000000 0.00000000
vt 0.00000000 0.00000000
vt 0.00000000 0.00000000
vt 0.00000000 0.00000000
vt 0.00000000 0.00000000
vt 0.00000000 0.00000000
vt 0.00000000 0.00000000
vt 0.00000000 0.00000000
vt 0.00000000 0.00000000
vt 0.00000000 0.00000000
vt 0.00000000 0.00000000
vt 0.00000000 0.00000000
vt 0.00000000 0.00000000
vt 0.00000000 0.00000000
vt 0.00000000 0.00000000
vt 0.00000000 0.00000000
vt 0.00000000 0.00000000
vt 0.00000000 0.00000000
vt 0.00000000 0.00000000
vt 0.00000000 0.00000000
vt 0.00000000 0.00000000
vt 0.00000000 0.00000000
vt 0.00000000 0.00000000
vt 0.00000000 0.00000000
vt 0.00000000 0.00000000
vt 0.00000000 0.00000000
vt 0.00000000 0.00000000
vt 0.00000000 0.00000000
vt 0.00000000 0.00000000
vt 0.00000000 0.00000000
vt 0.00000000 0.00000000
vt 0.00000000 0.00000000
vt 0.00000000 0.00000000
vt 0.00000000 0.00000000
vt 0.00000000 0.00000000
vt 0.00000000 0.00000000
vt 0.00000000 0.00000000
vt 0.00000000 0.00000000
vt 0.00000000 0.00000000
vt 0.00000000 0.00000000
vt 0.00000000 0.00000000
vt 0.00000000 0.00000000
vt 0.00000000 0.00000000
vt 0.00000000 0.00000000
vt 0.00000000 0.00000000
vt 0.00000000 0.00000000
vt 0.00000000 0.00000000
vt 0.00000000 0.00000000
vt 0.00000000 0.00000000
vt 0.00000000 0.00000000
vt 0.00000000 0.00000000
vt 0.00000000 0.00000000
vt 0.00000000 0.00000000
vt 0.00000000 0.00000000
vt 0.00000000 0.00000000
vt 0.00000000 0.00000000
vt 0.00000000 0.00000000
vt 0.00000000 0.00000000
vt 0.00000000 0.00000000
vt 0.00000000 0.00000000
vt 0.00000000 0.00000000
vt 0.00000000 0.00000000
vt 0.00000000 0.00000000
vt 0.00000000 0.00000000
vt 0.00000000 0.00000000
vt 0.00000000 0.00000000
vt 0.00000000 0.00000000
vt 0.00000000 0.00000000
vt 0.00000000 0.00000000
vt 0.00000000 0.00000000
vt 0.00000000 0.00000000
vt 0.00000000 0.00000000
vt 0.00000000 0.00000000
vt 0.00000000 0.00000000
vt 0.00000000 0.00000000
vt 0.00000000 0.00000000
vt 0.00000000 0.00000000
vt 0.00000000 0.00000000
vt 0.00000000 0.00000000
vt 0.00000000 0.00000000
vt 0.00000000 0.00000000
vt 0.00000000 0.00000000
vt 0.00000000 0.00000000
vt 0.00000000 0.00000000
vt 0.00000000 0.00000000
vt 0.00000000 0.00000000
vt 0.00000000 0.00000000
vt 0.00000000 0.00000000
vt 0.00000000 0.00000000
vt 0.00000000 0.00000000
vt 0.00000000 0.00000000
vt 0.00000000 0.00000000
vt 0.00000000 0.00000000
vt 0.00000000 0.00000000
vt 0.00000000 0.00000000
vt 0.00000000 0.00000000
vt 0.00000000 0.00000000
vt 0.00000000 0.00000000
vt 0.00000000 0.00000000
vt 0.00000000 0.00000000
vt 0.00000000 0.00000000
vt 0.00000000 0.00000000
vt 0.00000000 0.00000000
vt 0.00000000 0.00000000
vt 0.00000000 0.00000000
vt 0.00000000 0.00000000
vt 0.00000000 0.00000000
vt 0.00000000 0.00000000
vt 0.00000000 0.00000000
vt 0.00000000 0.00000000
vt 0.00000000 0.00000000
vt 0.00000000 0.00000000
vt 0.00000000 0.00000000
vt 0.00000000 0.00000000
vt 0.00000000 0.00000000
vt 0.00000000 0.00000000
vt 0.00000000 0.00000000
vt 0.00000000 0.00000000
vt 0.00000000 0.00000000
vt 0.00000000 0.00000000
vt 0.00000000 0.00000000
vt 0.00000000 0.00000000
vt 0.00000000 0.00000000
vt 0.00000000 0.00000000
vt 0.00000000 0.00000000
vt 0.00000000 0.00000000
vt 0.00000000 0.00000000
vt 0.00000000 0.00000000
vt 0.00000000 0.00000000
vt 0.00000000 0.00000000
vt 0.00000000 0.00000000
vt 0.00000000 0.00000000
vt 0.00000000 0.00000000
vt 0.00000000 0.00000000
vt 0.00000000 0.00000000
vt 0.00000000 0.00000000
vt 0.00000000 0.00000000
vt 0.00000000 0.00000000
vt 0.00000000 0.00000000
vt 0.00000000 0.00000000
vt 0.00000000 0.00000000
vt 0.00000000 0.00000000
vt 0.00000000 0.00000000
vt 0.00000000 0.00000000
vt 0.00000000 0.00000000
vt 0.00000000 0.00000000
vt 0.00000000 0.00000000
vt 0.00000000 0.00000000
vt 0.00000000 0.00000000
vt 0.00000000 0.00000000
vt 0.00000000 0.00000000
vt 0.00000000 0.00000000
vt 0.00000000 0.00000000
vt 0.00000000 0.00000000
vt 0.00000000 0.00000000
vt 0.00000000 0.00000000
vt 0.00000000 0.00000000
vt 0.00000000 0.00000000
vt 0.00000000 0.00000000
vt 0.00000000 0.00000000
vt 0.00000000 0.00000000
vt 0.00000000 0.00000000
vt 0.00000000 0.00000000
vt 0.00000000 0.00000000
vt 0.00000000 0.00000000
vt 0.00000000 0.00000000
vt 0.00000000 0.00000000
vt 0.00000000 0.00000000
vt 0.00000000 0.00000000
vt 0.00000000 0.00000000
vt 0.00000000 0.00000000
vt 0.00000000 0.00000000
vt 0.00000000 0.00000000
vt 0.00000000 0.00000000
vt 0.00000000 0.00000000
vt 0.00000000 0.00000000
vt 0.00000000 0.00000000
vt 0.00000000 0.00000000
vt 0.00000000 0.00000000
vt 0.00000000 0.00000000
vt 0.00000000 0.00000000
vt 0.00000000 0.00000000
vt 0.00000000 0.00000000
vt 0.00000000 0.00000000
vt 0.00000000 0.00000000
vt 0.00000000 0.00000000
vt 0.00000000 0.00000000
vt 0.00000000 0.00000000
vt 0.00000000 0.00000000
vt 0.00000000 0.00000000
vt 0.00000000 0.00000000
vt 0.00000000 0.00000000
vt 0.00000000 0.00000000
vt 0.00000000 0.00000000
vt 0.00000000 0.00000000
vt 0.00000000 0.00000000
vt 0.00000000 0.00000000
vt 0.00000000 0.00000000
vt 0.00000000 0.00000000
vt 0.00000000 0.00000000
vt 0.00000000 0.00000000
vt 0.00000000 0.00000000
vt 0.00000000 0.00000000
vt 0.00000000 0.00000000
vt 0.00000000 0.00000000
vt 0.00000000 0.00000000
vt 0.00000000 0.00000000
vt 0.00000000 0.00000000
vt 0.00000000 0.00000000
vt 0.00000000 0.00000000
vt 0.00000000 0.00000000
vt 0.00000000 0.00000000
vt 0.00000000 0.00000000
vt 0.00000000 0.00000000
vt 0.00000000 0.00000000
vt 0.00000000 0.00000000
vt 0.00000000 0.00000000
vt 0.00000000 0.00000000
vt 0.00000000 0.00000000
vt 0.00000000 0.00000000
vt 0.00000000 0.00000000
vt 0.00000000 0.00000000
vt 0.00000000 0.00000000
vt 0.00000000 0.00000000
vt 0.00000000 0.00000000
vt 0.00000000 0.00000000
vt 0.00000000 0.00000000
vt 0.00000000 0.00000000
vt 0.00000000 0.00000000
vt 0.00000000 0.00000000
vt 0.00000000 0.00000000
vt 0.00000000 0.00000000
vt 0.00000000 0.00000000
vt 0.00000000 0.00000000
vt 0.00000000 0.00000000
vt 0.00000000 0.00000000
vt 0.00000000 0.00000000
vt 0.00000000 0.00000000
vt 0.00000000 0.00000000
vt 0.00000000 0.00000000
vt 0.00000000 0.00000000
vt 0.00000000 0.00000000
vt 0.00000000 0.00000000
vt 0.00000000 0.00000000
vt 0.00000000 0.00000000
vt 0.00000000 0.00000000
vt 0.00000000 0.00000000
vt 0.00000000 0.00000000
vt 0.00000000 0.00000000
vt 0.00000000 0.00000000
vt 0.00000000 0.00000000
vt 0.00000000 0.00000000
vt 0.00000000 0.00000000
vt 0.00000000 0.00000000
vt 0.00000000 0.00000000
vt 0.00000000 0.00000000
vt 0.00000000 0.00000000
vt 0.00000000 0.00000000
vt 0.00000000 0.00000000
vt 0.00000000 0.00000000
vt 0.00000000 0.00000000
vt 0.00000000 0.00000000
vt 0.00000000 0.00000000
vt 0.00000000 0.00000000
vt 0.00000000 0.00000000
vt 0.00000000 0.00000000
vt 0.00000000 0.00000000
vt 0.00000000 0.00000000
vt 0.00000000 0.00000000
vt 0.00000000 0.00000000
vt 0.00000000 0.00000000
vt 0.00000000 0.00000000
vt 0.00000000 0.00000000
vt 0.00000000 0.00000000
vt 0.00000000 0.00000000
vt 0.00000000 0.00000000
vt 0.00000000 0.00000000
vt 0.00000000 0.00000000
vt 0.00000000 0.00000000
vt 0.00000000 0.00000000
vt 0.00000000 0.00000000
vt 0.00000000 0.00000000
vt 0.00000000 0.00000000
vt 0.00000000 0.00000000
vt 0.00000000 0.00000000
vt 0.00000000 0.00000000
vt 0.00000000 0.00000000
vt 0.00000000 0.00000000
vt 0.00000000 0.00000000
vt 0.00000000 0.00000000
vt 0.00000000 0.00000000
vt 0.00000000 0.00000000
vt 0.00000000 0.00000000
vt 0.00000000 0.00000000
vt 0.00000000 0.00000000
vt 0.00000000 0.00000000
vt 0.00000000 0.00000000
vt 0.00000000 0.00000000
vt 0.00000000 0.00000000
vt 0.00000000 0.00000000
vt 0.00000000 0.00000000
vt 0.00000000 0.00000000
vt 0.00000000 0.00000000
vt 0.00000000 0.00000000
vt 0.00000000 0.00000000
vt 0.00000000 0.00000000
vt 0.00000000 0.00000000
vt 0.00000000 0.00000000
vt 0.00000000 0.00000000
vt 0.00000000 0.00000000
vt 0.00000000 0.00000000
vt 0.00000000 0.00000000
vt 0.00000000 0.00000000
vt 0.00000000 0.00000000
vt 0.00000000 0.00000000
vt 0.00000000 0.00000000
vt 0.00000000 0.00000000
vt 0.00000000 0.00000000
vt 0.00000000 0.00000000
vt 0.00000000 0.00000000
vt 0.00000000 0.00000000
vt 0.00000000 0.00000000
vt 0.00000000 0.00000000
vt 0.00000000 0.00000000
vt 0.00000000 0.00000000
vt 0.00000000 0.00000000
vt 0.00000000 0.00000000
vt 0.00000000 0.00000000
vt 0.00000000 0.00000000
vt 0.00000000 0.00000000
vt 0.00000000 0.00000000
vt 0.00000000 0.00000000
vt 0.00000000 0.00000000
vt 0.00000000 0.00000000
vt 0.00000000 0.00000000
vt 0.00000000 0.00000000
vt 0.00000000 0.00000000
vt 0.00000000 0.00000000
vt 0.00000000 0.00000000
vt 0.00000000 0.00000000
vt 0.00000000 0.00000000
vt 0.00000000 0.00000000
vt 0.00000000 0.00000000
vt 0.00000000 0.00000000
vt 0.00000000 0.00000000
vt 0.00000000 0.00000000
vt 0.00000000 0.00000000
vt 0.00000000 0.00000000
vt 0.00000000 0.00000000
vt 0.00000000 0.00000000
vt 0.00000000 0.00000000
vt 0.00000000 0.00000000
vt 0.00000000 0.00000000
vt 0.00000000 0.00000000
vt 0.00000000 0.00000000
vt 0.00000000 0.00000000
vt 0.00000000 0.00000000
vt 0.00000000 0.00000000
vt 0.00000000 0.00000000
vt 0.00000000 0.00000000
vt 0.00000000 0.00000000
vt 0.00000000 0.00000000
vt 0.00000000 0.00000000
vt 0.00000000 0.00000000
vt 0.00000000 0.00000000
vt 0.00000000 0.00000000
vt 0.00000000 0.00000000
vt 0.00000000 0.00000000
vt 0.00000000 0.00000000
vt 0.00000000 0.00000000
vt 0.00000000 0.00000000
vt 0.00000000 0.00000000
vt 0.00000000 0.00000000
vt 0.00000000 0.00000000
vt 0.00000000 0.00000000
vt 0.00000000 0.00000000
vt 0.00000000 0.00000000
vt 0.00000000 0.00000000
vt 0.00000000 0.00000000
vt 0.00000000 0.00000000
vt 0.00000000 0.00000000
vt 0.00000000 0.00000000
vt 0.00000000 0.00000000
vt 0.00000000 0.00000000
vt 0.00000000 0.00000000
vt 0.00000000 0.00000000
vt 0.00000000 0.00000000
vt 0.00000000 0.00000000
vt 0.00000000 0.00000000
vt 0.00000000 0.00000000
vt 0.00000000 0.00000000
vt 0.00000000 0.00000000
vt 0.00000000 0.00000000
vt 0.00000000 0.00000000
vt 0.00000000 0.00000000
vt 0.00000000 0.00000000
vt 0.00000000 0.00000000
vt 0.00000000 0.00000000
vt 0.00000000 0.00000000
vt 0.00000000 0.00000000
vt 0.00000000 0.00000000
vt 0.00000000 0.00000000
vt 0.00000000 0.00000000
vt 0.00000000 0.00000000
vt 0.00000000 0.00000000
vt 0.00000000 0.00000000
vt 0.00000000 0.00000000
vt 0.00000000 0.00000000
vt 0.00000000 0.00000000
vt 0.00000000 0.00000000
vt 0.00000000 0.00000000
vt 0.00000000 0.00000000
vt 0.00000000 0.00000000
vt 0.00000000 0.00000000
vt 0.00000000 0.00000000
vt 0.00000000 0.00000000
vt 0.00000000 0.00000000
vt 0.00000000 0.00000000
vt 0.00000000 0.00000000
vt 0.00000000 0.00000000
vt 0.00000000 0.00000000
vt 0.00000000 0.00000000
vt 0.00000000 0.00000000
vt 0.00000000 0.00000000
vt 0.00000000 0.00000000
vt 0.00000000 0.00000000
vt 0.00000000 0.00000000
vt 0.00000000 0.00000000
vt 0.00000000 0.00000000
vt 0.00000000 0.00000000
vt 0.00000000 0.00000000
vt 0.00000000 0.00000000
vt 0.00000000 0.00000000
vt 0.00000000 0.00000000
vt 0.00000000 0.00000000
vt 0.00000000 0.00000000
vt 0.00000000 0.00000000
vt 0.00000000 0.00000000
vt 0.00000000 0.00000000
vt 0.00000000 0.00000000
vt 0.00000000 0.00000000
vt 0.00000000 0.00000000
vt 0.00000000 0.00000000
vt 0.00000000 0.00000000
vt 0.00000000 0.00000000
vt 0.00000000 0.00000000
vt 0.00000000 0.00000000
vt 0.00000000 0.00000000
vt 0.00000000 0.00000000
vt 0.00000000 0.00000000
vt 0.00000000 0.00000000
vt 0.00000000 0.00000000
vt 0.00000000 0.00000000
vt 0.00000000 0.00000000
vt 0.00000000 0.00000000
vt 0.00000000 0.00000000
vt 0.00000000 0.00000000
vt 0.00000000 0.00000000
vt 0.00000000 0.00000000
vt 0.00000000 0.00000000
vt 0.00000000 0.00000000
vt 0.00000000 0.00000000
vt 0.00000000 0.00000000
vt 0.00000000 0.00000000
vt 0.00000000 0.00000000
vt 0.00000000 0.00000000
vt 0.00000000 0.00000000
vt 0.00000000 0.00000000
vt 0.00000000 0.00000000
vt 0.00000000 0.00000000
vt 0.00000000 0.00000000
vt 0.00000000 0.00000000
vt 0.00000000 0.00000000
vt 0.00000000 0.00000000
vt 0.00000000 0.00000000
vt 0.00000000 0.00000000
vt 0.00000000 0.00000000
vt 0.00000000 0.00000000
vt 0.00000000 0.00000000
vt 0.00000000 0.00000000
vt 0.00000000 0.00000000
vt 0.00000000 0.00000000
vt 0.00000000 0.00000000
vt 0.00000000 0.00000000
vt 0.00000000 0.00000000
vt 0.00000000 0.00000000
vt 0.00000000 0.00000000
vt 0.00000000 0.00000000
vt 0.00000000 0.00000000
vt 0.00000000 0.00000000
vt 0.00000000 0.00000000
vt 0.00000000 0.00000000
vt 0.00000000 0.00000000
vt 0.00000000 0.00000000
vt 0.00000000 0.00000000
vt 0.00000000 0.00000000
vt 0.00000000 0.00000000
vt 0.00000000 0.00000000
vt 0.00000000 0.00000000
vt 0.00000000 0.00000000
vt 0.00000000 0.00000000
vt 0.00000000 0.00000000
vt 0.00000000 0.00000000
vt 0.00000000 0.00000000
vt 0.00000000 0.00000000
vt 0.00000000 0.00000000
vt 0.00000000 0.00000000
vt 0.00000000 0.00000000
vt 0.00000000 0.00000000
vt 0.00000000 0.00000000
vt 0.00000000 0.00000000
vt 0.00000000 0.00000000
vt 0.00000000 0.00000000
vt 0.00000000 0.00000000
vt 0.00000000 0.00000000
vt 0.00000000 0.00000000
vt 0.00000000 0.00000000
vt 0.00000000 0.00000000
vt 0.00000000 0.00000000
vt 0.00000000 0.00000000
vt 0.00000000 0.00000000
vt 0.00000000 0.00000000
vt 0.00000000 0.00000000
vt 0.00000000 0.00000000
vt 0.00000000 0.00000000
vt 0.00000000 0.00000000
vt 0.00000000 0.00000000
vt 0.00000000 0.00000000
vt 0.00000000 0.00000000
vt 0.00000000 0.00000000
vt 0.00000000 0.00000000
vt 0.00000000 0.00000000
vt 0.00000000 0.00000000
vt 0.00000000 0.00000000
vt 0.00000000 0.00000000
vt 0.00000000 0.00000000
vt 0.00000000 0.00000000
vt 0.00000000 0.00000000
vt 0.00000000 0.00000000
vt 0.00000000 0.00000000
vt 0.00000000 0.00000000
vt 0.00000000 0.00000000
vt 0.00000000 0.00000000
vt 0.00000000 0.00000000
vt 0.00000000 0.00000000
vt 0.00000000 0.00000000
vt 0.00000000 0.00000000
vt 0.00000000 0.00000000
vt 0.00000000 0.00000000
vt 0.00000000 0.00000000
vt 0.00000000 0.00000000
vt 0.00000000 0.00000000
vt 0.00000000 0.00000000
vt 0.00000000 0.00000000
vt 0.00000000 0.00000000
vt 0.00000000 0.00000000
vt 0.00000000 0.00000000
vt 0.00000000 0.00000000
vt 0.00000000 0.00000000
vt 0.00000000 0.00000000
vt 0.00000000 0.00000000
vt 0.00000000 0.00000000
vt 0.00000000 0.00000000
vt 0.00000000 0.00000000
vt 0.00000000 0.00000000
vt 0.00000000 0.00000000
vt 0.00000000 0.00000000
vt 0.00000000 0.00000000
vt 0.00000000 0.00000000
vt 0.00000000 0.00000000
vt 0.00000000 0.00000000
vt 0.00000000 0.00000000
vt 0.00000000 0.00000000
vt 0.00000000 0.00000000
vt 0.00000000 0.00000000
vt 0.00000000 0.00000000
vt 0.00000000 0.00000000
vt 0.00000000 0.00000000
vt 0.00000000 0.00000000
vt 0.00000000 0.00000000
vt 0.00000000 0.00000000
vt 0.00000000 0.00000000
vt 0.00000000 0.00000000
vt 0.00000000 0.00000000
vt 0.00000000 0.00000000
vt 0.00000000 0.00000000
vt 0.00000000 0.00000000
vt 0.00000000 0.00000000
vt 0.00000000 0.00000000
vt 0.00000000 0.00000000
vt 0.00000000 0.00000000
vt 0.00000000 0.00000000
vt 0.00000000 0.00000000
vt 0.00000000 0.00000000
vt 0.00000000 0.00000000
vt 0.00000000 0.00000000
vt 0.00000000 0.00000000
vt 0.00000000 0.00000000
vt 0.00000000 0.00000000
vt 0.00000000 0.00000000
vt 0.00000000 0.00000000
vt 0.00000000 0.00000000
vt 0.00000000 0.00000000
vt 0.00000000 0.00000000
vt 0.00000000 0.00000000
vt 0.00000000 0.00000000
vt 0.00000000 0.00000000
vt 0.00000000 0.00000000
vt 0.00000000 0.00000000
vt 0.00000000 0.00000000
vt 0.00000000 0.00000000
vt 0.00000000 0.00000000
vt 0.00000000 0.00000000
vt 0.00000000 0.00000000
vt 0.00000000 0.00000000
vt 0.00000000 0.00000000
vt 0.00000000 0.00000000
vt 0.00000000 0.00000000
vt 0.00000000 0.00000000
vt 0.00000000 0.00000000
vt 0.00000000 0.00000000
vt 0.00000000 0.00000000
vt 0.00000000 0.00000000
vt 0.00000000 0.00000000
vt 0.00000000 0.00000000
vt 0.00000000 0.00000000
vt 0.00000000 0.00000000
vt 0.00000000 0.00000000
vt 0.00000000 0.00000000
vt 0.00000000 0.00000000
vt 0.00000000 0.00000000
vt 0.00000000 0.00000000
vt 0.00000000 0.00000000
vt 0.00000000 0.00000000
vt 0.00000000 0.00000000
vt 0.00000000 0.00000000
vt 0.00000000 0.00000000
vt 0.00000000 0.00000000
vt 0.00000000 0.00000000
vt 0.00000000 0.00000000
vt 0.00000000 0.00000000
vt 0.00000000 0.00000000
vt 0.00000000 0.00000000
vt 0.00000000 0.00000000
vt 0.00000000 0.00000000
vt 0.00000000 0.00000000
vt 0.00000000 0.00000000
vt 0.00000000 0.00000000
vt 0.00000000 0.00000000
vt 0.00000000 0.00000000
vt 0.00000000 0.00000000
vt 0.00000000 0.00000000
vt 0.00000000 0.00000000
vt 0.00000000 0.00000000
vt 0.00000000 0.00000000
vt 0.00000000 0.00000000
vt 0.00000000 0.00000000
vt 0.00000000 0.00000000
vt 0.00000000 0.00000000
vt 0.00000000 0.00000000
vt 0.00000000 0.00000000
vt 0.00000000 0.00000000
vt 0.00000000 0.00000000
vt 0.00000000 0.00000000
vt 0.00000000 0.00000000
vt 0.00000000 0.00000000
vt 0.00000000 0.00000000
vt 0.00000000 0.00000000
vt 0.00000000 0.00000000
vt 0.00000000 0.00000000
vt 0.00000000 0.00000000
vt 0.00000000 0.00000000
vt 0.00000000 0.00000000
vt 0.00000000 0.00000000
vt 0.00000000 0.00000000
vt 0.00000000 0.00000000
vt 0.00000000 0.00000000
vt 0.00000000 0.00000000
vt 0.00000000 0.00000000
vt 0.00000000 0.00000000
vt 0.00000000 0.00000000
vt 0.00000000 0.00000000
vt 0.00000000 0.00000000
vt 0.00000000 0.00000000
vt 0.00000000 0.00000000
vt 0.00000000 0.00000000
vt 0.00000000 0.00000000
vt 0.00000000 0.00000000
vt 0.00000000 0.00000000
vt 0.00000000 0.00000000
vt 0.00000000 0.00000000
vt 0.00000000 0.00000000
vt 0.00000000 0.00000000
vt 0.00000000 0.00000000
vt 0.00000000 0.00000000
vt 0.00000000 0.00000000
vt 0.00000000 0.00000000
vt 0.00000000 0.00000000
vt 0.00000000 0.00000000
vt 0.00000000 0.00000000
vt 0.00000000 0.00000000
vt 0.00000000 0.00000000
vt 0.00000000 0.00000000
vt 0.00000000 0.00000000
vt 0.00000000 0.00000000
vt 0.00000000 0.00000000
vt 0.00000000 0.00000000
vt 0.00000000 0.00000000
vt 0.00000000 0.00000000
vt 0.00000000 0.00000000
vt 0.00000000 0.00000000
vt 0.00000000 0.00000000
vt 0.00000000 0.00000000
vt 0.00000000 0.00000000
vt 0.00000000 0.00000000
vt 0.00000000 0.00000000
vt 0.00000000 0.00000000
vt 0.00000000 0.00000000
vt 0.00000000 0.00000000
vt 0.00000000 0.00000000
vt 0.00000000 0.00000000
vt 0.00000000 0.00000000
vt 0.00000000 0.00000000
vt 0.00000000 0.00000000
vt 0.00000000 0.00000000
vt 0.00000000 0.00000000
vt 0.00000000 0.00000000
vt 0.00000000 0.00000000
vt 0.00000000 0.00000000
vt 0.00000000 0.00000000
vt 0.00000000 0.00000000
vt 0.00000000 0.00000000
vt 0.00000000 0.00000000
vt 0.00000000 0.00000000
vt 0.00000000 0.00000000
vt 0.00000000 0.00000000
vt 0.00000000 0.00000000
vt 0.00000000 0.00000000
vt 0.00000000 0.00000000
vt 0.00000000 0.00000000
vt 0.00000000 0.00000000
vt 0.00000000 0.00000000
vt 0.00000000 0.00000000
vt 0.00000000 0.00000000
vt 0.00000000 0.00000000
vt 0.00000000 0.00000000
vt 0.00000000 0.00000000
vt 0.00000000 0.00000000
vt 0.00000000 0.00000000
vt 0.00000000 0.00000000
vt 0.00000000 0.00000000
vt 0.00000000 0.00000000
vt 0.00000000 0.00000000
vt 0.00000000 0.00000000
vt 0.00000000 0.00000000
vt 0.00000000 0.00000000
vt 0.00000000 0.00000000
vt 0.00000000 0.00000000
vt 0.00000000 0.00000000
vt 0.00000000 0.00000000
vt 0.00000000 0.00000000
vt 0.00000000 0.00000000
vt 0.00000000 0.00000000
vt 0.00000000 0.00000000
vt 0.00000000 0.00000000
vt 0.00000000 0.00000000
vt 0.00000000 0.00000000
vt 0.00000000 0.00000000
vt 0.00000000 0.00000000
vt 0.00000000 0.00000000
vt 0.00000000 0.00000000
vt 0.00000000 0.00000000
vt 0.00000000 0.00000000
vt 0.00000000 0.00000000
vt 0.00000000 0.00000000
vt 0.00000000 0.00000000
vt 0.00000000 0.00000000
vt 0.00000000 0.00000000
vt 0.00000000 0.00000000
vt 0.00000000 0.00000000
vt 0.00000000 0.00000000
vt 0.00000000 0.00000000
vt 0.00000000 0.00000000
vt 0.00000000 0.00000000
vt 0.00000000 0.00000000
vt 0.00000000 0.00000000
vt 0.00000000 0.00000000
vt 0.00000000 0.00000000
vt 0.00000000 0.00000000
vt 0.00000000 0.00000000
vt 0.00000000 0.00000000
vt 0.00000000 0.00000000
vt 0.00000000 0.00000000
vt 0.00000000 0.00000000
vt 0.00000000 0.00000000
vt 0.00000000 0.00000000
vt 0.00000000 0.00000000
vt 0.00000000 0.00000000
vt 0.00000000 0.00000000
vt 0.00000000 0.00000000
vt 0.00000000 0.00000000
vt 0.00000000 0.00000000
vt 0.00000000 0.00000000
vt 0.00000000 0.00000000
vt 0.00000000 0.00000000
vt 0.00000000 0.00000000
vt 0.00000000 0.00000000
vt 0.00000000 0.00000000
vt 0.00000000 0.00000000
vt 0.00000000 0.00000000
vt 0.00000000 0.00000000
vt 0.00000000 0.00000000
vt 0.00000000 0.00000000
vt 0.00000000 0.00000000
vt 0.00000000 0.00000000
vt 0.00000000 0.00000000
vt 0.00000000 0.00000000
vt 0.00000000 0.00000000
vt 0.00000000 0.00000000
vt 0.00000000 0.00000000
vt 0.00000000 0.00000000
vt 0.00000000 0.00000000
vt 0.00000000 0.00000000
vt 0.00000000 0.00000000
vt 0.00000000 0.00000000
vt 0.00000000 0.00000000
vt 0.00000000 0.00000000
vt 0.00000000 0.00000000
vt 0.00000000 0.00000000
vt 0.00000000 0.00000000
vt 0.00000000 0.00000000
vt 0.00000000 0.00000000
vt 0.00000000 0.00000000
vt 0.00000000 0.00000000
vt 0.00000000 0.00000000
vt 0.00000000 0.00000000
vt 0.00000000 0.00000000
vt 0.00000000 0.00000000
vt 0.00000000 0.00000000
vt 0.00000000 0.00000000
vt 0.00000000 0.00000000
vt 0.00000000 0.00000000
vt 0.00000000 0.00000000
vt 0.00000000 0.00000000
vt 0.00000000 0.00000000
vt 0.00000000 0.00000000
vt 0.00000000 0.00000000
vt 0.00000000 0.00000000
vt 0.00000000 0.00000000
vt 0.00000000 0.00000000
vt 0.00000000 0.00000000
vt 0.00000000 0.00000000
vt 0.00000000 0.00000000
vt 0.00000000 0.00000000
vt 0.00000000 0.00000000
vt 0.00000000 0.00000000
vt 0.00000000 0.00000000
vt 0.00000000 0.00000000
vt 0.00000000 0.00000000
vt 0.00000000 0.00000000
vt 0.00000000 0.00000000
vt 0.00000000 0.00000000
vt 0.00000000 0.00000000
vt 0.00000000 0.00000000
vt 0.00000000 0.00000000
vt 0.00000000 0.00000000
vt 0.00000000 0.00000000
vt 0.00000000 0.00000000
vt 0.00000000 0.00000000
vt 0.00000000 0.00000000
vt 0.00000000 0.00000000
vt 0.00000000 0.00000000
vt 0.00000000 0.00000000
vt 0.00000000 0.00000000
vt 0.00000000 0.00000000
vt 0.00000000 0.00000000
vt 0.00000000 0.00000000
vt 0.00000000 0.00000000
vt 0.00000000 0.00000000
vt 0.00000000 0.00000000
vt 0.00000000 0.00000000
vt 0.00000000 0.00000000
vt 0.00000000 0.00000000
vt 0.00000000 0.00000000
vt 0.00000000 0.00000000
vt 0.00000000 0.00000000
vt 0.00000000 0.00000000
vt 0.00000000 0.00000000
vt 0.00000000 0.00000000
vt 0.00000000 0.00000000
vt 0.00000000 0.00000000
vt 0.00000000 0.00000000
vt 0.00000000 0.00000000
vt 0.00000000 0.00000000
vt 0.00000000 0.00000000
vt 0.00000000 0.00000000
vt 0.00000000 0.00000000
vt 0.00000000 0.00000000
vt 0.00000000 0.00000000
vt 0.00000000 0.00000000
vt 0.00000000 0.00000000
vt 0.00000000 0.00000000
vt 0.00000000 0.00000000
vt 0.00000000 0.00000000
vt 0.00000000 0.00000000
vt 0.00000000 0.00000000
vt 0.00000000 0.00000000
vt 0.00000000 0.00000000
vt 0.00000000 0.00000000
vt 0.00000000 0.00000000
vt 0.00000000 0.00000000
vt 0.00000000 0.00000000
vt 0.00000000 0.00000000
vt 0.00000000 0.00000000
vt 0.00000000 0.00000000
vt 0.00000000 0.00000000
vt 0.00000000 0.00000000
vt 0.00000000 0.00000000
vt 0.00000000 0.00000000
vt 0.00000000 0.00000000
vt 0.00000000 0.00000000
vt 0.00000000 0.00000000
vt 0.00000000 0.00000000
vt 0.00000000 0.00000000
vt 0.00000000 0.00000000
vt 0.00000000 0.00000000
vt 0.00000000 0.00000000
vt 0.00000000 0.00000000
vt 0.00000000 0.00000000
vt 0.00000000 0.00000000
vt 0.00000000 0.00000000
vt 0.00000000 0.00000000
vt 0.00000000 0.00000000
vt 0.00000000 0.00000000
vt 0.00000000 0.00000000
vt 0.00000000 0.00000000
vt 0.00000000 0.00000000
vt 0.00000000 0.00000000
vt 0.00000000 0.00000000
vt 0.00000000 0.00000000
vt 0.00000000 0.00000000
vt 0.00000000 0.00000000
vt 0.00000000 0.00000000
vt 0.00000000 0.00000000
vt 0.00000000 0.00000000
vt 0.00000000 0.00000000
vt 0.00000000 0.00000000
vt 0.00000000 0.00000000
vt 0.00000000 0.00000000
vt 0.00000000 0.00000000
vt 0.00000000 0.00000000
vt 0.00000000 0.00000000
vt 0.00000000 0.00000000
vt 0.00000000 0.00000000
vt 0.00000000 0.00000000
vt 0.00000000 0.00000000
vt 0.00000000 0.00000000
vt 0.00000000 0.00000000
vt 0.00000000 0.00000000
vt 0.00000000 0.00000000
vt 0.00000000 0.00000000
vt 0.00000000 0.00000000
vt 0.00000000 0.00000000
vt 0.00000000 0.00000000
vt 0.00000000 0.00000000
vt 0.00000000 0.00000000
vt 0.00000000 0.00000000
vt 0.00000000 0.00000000
vt 0.00000000 0.00000000
vt 0.00000000 0.00000000
vt 0.00000000 0.00000000
vt 0.00000000 0.00000000
vt 0.00000000 0.00000000
vt 0.00000000 0.00000000
vt 0.00000000 0.00000000
vt 0.00000000 0.00000000
vt 0.00000000 0.00000000
vt 0.00000000 0.00000000
vt 0.00000000 0.00000000
vt 0.00000000 0.00000000
vt 0.00000000 0.00000000
vt 0.00000000 0.00000000
vt 0.00000000 0.00000000
vt 0.00000000 0.00000000
vt 0.00000000 0.00000000
vt 0.00000000 0.00000000
vt 0.00000000 0.00000000
vt 0.00000000 0.00000000
vt 0.00000000 0.00000000
vt 0.00000000 0.00000000
vt 0.00000000 0.00000000
vt 0.00000000 0.00000000
vt 0.00000000 0.00000000
vt 0.00000000 0.00000000
vt 0.00000000 0.00000000
vt 0.00000000 0.00000000
vt 0.00000000 0.00000000
vt 0.00000000 0.00000000
vt 0.00000000 0.00000000
vt 0.00000000 0.00000000
vt 0.00000000 0.00000000
vt 0.00000000 0.00000000
vt 0.00000000 0.00000000
vt 0.00000000 0.00000000
vt 0.00000000 0.00000000
vt 0.00000000 0.00000000
vt 0.00000000 0.00000000
vt 0.00000000 0.00000000
vt 0.00000000 0.00000000
vt 0.00000000 0.00000000
vt 0.00000000 0.00000000
vt 0.00000000 0.00000000
vt 0.00000000 0.00000000
vt 0.00000000 0.00000000
vt 0.00000000 0.00000000
vt 0.00000000 0.00000000
vt 0.00000000 0.00000000
vt 0.00000000 0.00000000
vt 0.00000000 0.00000000
vt 0.00000000 0.00000000
vt 0.00000000 0.00000000
vt 0.00000000 0.00000000
vt 0.00000000 0.00000000
vt 0.00000000 0.00000000
vt 0.00000000 0.00000000
vt 0.00000000 0.00000000
vt 0.00000000 0.00000000
vt 0.00000000 0.00000000
vt 0.00000000 0.00000000
vt 0.00000000 0.00000000
vt 0.00000000 0.00000000
vt 0.00000000 0.00000000
vt 0.00000000 0.00000000
vt 0.00000000 0.00000000
vt 0.00000000 0.00000000
vt 0.00000000 0.00000000
vt 0.00000000 0.00000000
vt 0.00000000 0.00000000
vt 0.00000000 0.00000000
vt 0.00000000 0.00000000
vt 0.00000000 0.00000000
vt 0.00000000 0.00000000
vt 0.00000000 0.00000000
vt 0.00000000 0.00000000
vt 0.00000000 0.00000000
vt 0.00000000 0.00000000
vt 0.00000000 0.00000000
vt 0.00000000 0.00000000
vt 0.00000000 0.00000000
vt 0.00000000 0.00000000
vt 0.00000000 0.00000000
vt 0.00000000 0.00000000
vt 0.00000000 0.00000000
vt 0.00000000 0.00000000
vt 0.00000000 0.00000000
vt 0.00000000 0.00000000
vt 0.00000000 0.00000000
vt 0.00000000 0.00000000
vt 0.00000000 0.00000000
vt 0.00000000 0.00000000
vt 0.00000000 0.00000000
vt 0.00000000 0.00000000
vt 0.00000000 0.00000000
vt 0.00000000 0.00000000
vt 0.00000000 0.00000000
vt 0.00000000 0.00000000
vt 0.00000000 0.00000000
vt 0.00000000 0.00000000
vt 0.00000000 0.00000000
vt 0.00000000 0.00000000
vt 0.00000000 0.00000000
vt 0.00000000 0.00000000
vt 0.00000000 0.00000000
vt 0.00000000 0.00000000
vt 0.00000000 0.00000000
vt 0.00000000 0.00000000
vt 0.00000000 0.00000000
vt 0.00000000 0.00000000
vt 0.00000000 0.00000000
vt 0.00000000 0.00000000
vt 0.00000000 0.00000000
vt 0.00000000 0.00000000
vt 0.00000000 0.00000000
vt 0.00000000 0.00000000
vt 0.00000000 0.00000000
vt 0.00000000 0.00000000
vt 0.00000000 0.00000000
vt 0.00000000 0.00000000
vt 0.00000000 0.00000000
vt 0.00000000 0.00000000
vt 0.00000000 0.00000000
vt 0.00000000 0.00000000
vt 0.00000000 0.00000000
vt 0.00000000 0.00000000
vt 0.00000000 0.00000000
vt 0.00000000 0.00000000
vt 0.00000000 0.00000000
vt 0.00000000 0.00000000
vt 0.00000000 0.00000000
vt 0.00000000 0.00000000
vt 0.00000000 0.00000000
vt 0.00000000 0.00000000
vt 0.00000000 0.00000000
vt 0.00000000 0.00000000
vt 0.00000000 0.00000000
vt 0.00000000 0.00000000
vt 0.00000000 0.00000000
vt 0.00000000 0.00000000
vt 0.00000000 0.00000000
vt 0.00000000 0.00000000
vt 0.00000000 0.00000000
vt 0.00000000 0.00000000
vt 0.00000000 0.00000000
vt 0.00000000 0.00000000
vt 0.00000000 0.00000000
vt 0.00000000 0.00000000
vt 0.00000000 0.00000000
vt 0.00000000 0.00000000
vt 0.00000000 0.00000000
vt 0.00000000 0.00000000
vt 0.00000000 0.00000000
vt 0.00000000 0.00000000
vt 0.00000000 0.00000000
vt 0.00000000 0.00000000
vt 0.00000000 0.00000000
vt 0.00000000 0.00000000
vt 0.00000000 0.00000000
vt 0.00000000 0.00000000
vt 0.00000000 0.00000000
vt 0.00000000 0.00000000
vt 0.00000000 0.00000000
vt 0.00000000 0.00000000
vt 0.00000000 0.00000000
vt 0.00000000 0.00000000
vt 0.00000000 0.00000000
vt 0.00000000 0.00000000
vt 0.00000000 0.00000000
vt 0.00000000 0.00000000
vt 0.00000000 0.00000000
vt 0.00000000 0.00000000
vt 0.00000000 0.00000000
vt 0.00000000 0.00000000
vt 0.00000000 0.00000000
vt 0.00000000 0.00000000
vt 0.00000000 0.00000000
vt 0.00000000 0.00000000
vt 0.00000000 0.00000000
vt 0.00000000 0.00000000
vt 0.00000000 0.00000000
vt 0.00000000 0.00000000
vt 0.00000000 0.00000000
vt 0.00000000 0.00000000
vt 0.00000000 0.00000000
vt 0.00000000 0.00000000
vt 0.00000000 0.00000000
vt 0.00000000 0.00000000
vt 0.00000000 0.00000000
vt 0.00000000 0.00000000
vt 0.00000000 0.00000000
vt 0.00000000 0.00000000
vt 0.00000000 0.00000000
vt 0.00000000 0.00000000
vt 0.00000000 0.00000000
vt 0.00000000 0.00000000
vt 0.00000000 0.00000000
vt 0.00000000 0.00000000
vt 0.00000000 0.00000000
vt 0.00000000 0.00000000
vt 0.00000000 0.00000000
vt 0.00000000 0.00000000
vt 0.00000000 0.00000000
vt 0.00000000 0.00000000
vt 0.00000000 0.00000000
vt 0.00000000 0.00000000
vt 0.00000000 0.00000000
vt 0.00000000 0.00000000
vt 0.00000000 0.00000000
vt 0.00000000 0.00000000
vt 0.00000000 0.00000000
vt 0.00000000 0.00000000
vt 0.00000000 0.00000000
vt 0.00000000 0.00000000
vt 0.00000000 0.00000000
vt 0.00000000 0.00000000
vt 0.00000000 0.00000000
vt 0.00000000 0.00000000
vt 0.00000000 0.00000000
vt 0.00000000 0.00000000
vt 0.00000000 0.00000000
vt 0.00000000 0.00000000
vt 0.00000000 0.00000000
vt 0.00000000 0.00000000
vt 0.00000000 0.00000000
vt 0.00000000 0.00000000
vt 0.00000000 0.00000000
vt 0.00000000 0.00000000
vt 0.00000000 0.00000000
vt 0.00000000 0.00000000
vt 0.00000000 0.00000000
vt 0.00000000 0.00000000
vt 0.00000000 0.00000000
vt 0.00000000 0.00000000
vt 0.00000000 0.00000000
vt 0.00000000 0.00000000
vt 0.00000000 0.00000000
vt 0.00000000 0.00000000
vt 0.00000000 0.00000000
vt 0.00000000 0.00000000
vt 0.00000000 0.00000000
vt 0.00000000 0.00000000
vt 0.00000000 0.00000000
vt 0.00000000 0.00000000
vt 0.00000000 0.00000000
vt 0.00000000 0.00000000
vt 0.00000000 0.00000000
vt 0.00000000 0.00000000
vt 0.00000000 0.00000000
vt 0.00000000 0.00000000
vt 0.00000000 0.00000000
vt 0.00000000 0.00000000
vt 0.00000000 0.00000000
vt 0.00000000 0.00000000
vt 0.00000000 0.00000000
vt 0.00000000 0.00000000
vt 0.00000000 0.00000000
vt 0.00000000 0.00000000
vt 0.00000000 0.00000000
vt 0.00000000 0.00000000
vt 0.00000000 0.00000000
vt 0.00000000 0.00000000
vt 0.00000000 0.00000000
vt 0.00000000 0.00000000
vt 0.00000000 0.00000000
vt 0.00000000 0.00000000
vt 0.00000000 0.00000000
vt 0.00000000 0.00000000
vt 0.00000000 0.00000000
vt 0.00000000 0.00000000
vt 0.00000000 0.00000000
vt 0.00000000 0.00000000
vt 0.00000000 0.00000000
vt 0.00000000 0.00000000
vt 0.00000000 0.00000000
vt 0.00000000 0.00000000
vt 0.00000000 0.00000000
vt 0.00000000 0.00000000
vt 0.00000000 0.00000000
vt 0.00000000 0.00000000
vt 0.00000000 0.00000000
vt 0.00000000 0.00000000
vt 0.00000000 0.00000000
vt 0.00000000 0.00000000
vt 0.00000000 0.00000000
vt 0.00000000 0.00000000
vt 0.00000000 0.00000000
vt 0.00000000 0.00000000
vt 0.00000000 0.00000000
vt 0.00000000 0.00000000
vt 0.00000000 0.00000000
vt 0.00000000 0.00000000
vt 0.00000000 0.00000000
vt 0.00000000 0.00000000
vt 0.00000000 0.00000000
vt 0.00000000 0.00000000
vt 0.00000000 0.00000000
vt 0.00000000 0.00000000
vt 0.00000000 0.00000000
vt 0.00000000 0.00000000
vt 0.00000000 0.00000000
vt 0.00000000 0.00000000
vt 0.00000000 0.00000000
vt 0.00000000 0.00000000
vt 0.00000000 0.00000000
vt 0.00000000 0.00000000
vt 0.00000000 0.00000000
vt 0.00000000 0.00000000
vt 0.00000000 0.00000000
vt 0.00000000 0.00000000
vt 0.00000000 0.00000000
vt 0.00000000 0.00000000
vt 0.00000000 0.00000000
vt 0.00000000 0.00000000
vt 0.00000000 0.00000000
vt 0.00000000 0.00000000
vt 0.00000000 0.00000000
vt 0.00000000 0.00000000
vt 0.00000000 0.00000000
vt 0.00000000 0.00000000
vt 0.00000000 0.00000000
vt 0.00000000 0.00000000
vt 0.00000000 0.00000000
vt 0.00000000 0.00000000
vt 0.00000000 0.00000000
vt 0.00000000 0.00000000
vt 0.00000000 0.00000000
vt 0.00000000 0.00000000
vt 0.00000000 0.00000000
vt 0.00000000 0.00000000
vt 0.00000000 0.00000000
vt 0.00000000 0.00000000
vt 0.00000000 0.00000000
vt 0.00000000 0.00000000
vt 0.00000000 0.00000000
vt 0.00000000 0.00000000
vt 0.00000000 0.00000000
vt 0.00000000 0.00000000
vt 0.00000000 0.00000000
vt 0.00000000 0.00000000
vt 0.00000000 0.00000000
vt 0.00000000 0.00000000
vt 0.00000000 0.00000000
vt 0.00000000 0.00000000
vt 0.00000000 0.00000000
vt 0.00000000 0.00000000
vt 0.00000000 0.00000000
vt 0.00000000 0.00000000
vt 0.00000000 0.00000000
vt 0.00000000 0.00000000
vt 0.00000000 0.00000000
vt 0.00000000 0.00000000
vt 0.00000000 0.00000000
vt 0.00000000 0.00000000
vt 0.00000000 0.00000000
vt 0.00000000 0.00000000
vt 0.00000000 0.00000000
vt 0.00000000 0.00000000
vt 0.00000000 0.00000000
vt 0.00000000 0.00000000
vt 0.00000000 0.00000000
vt 0.00000000 0.00000000
vt 0.00000000 0.00000000
vt 0.00000000 0.00000000
vt 0.00000000 0.00000000
vt 0.00000000 0.00000000
vt 0.00000000 0.00000000
vt 0.00000000 0.00000000
vt 0.00000000 0.00000000
vt 0.00000000 0.00000000
vt 0.00000000 0.00000000
vt 0.00000000 0.00000000
vt 0.00000000 0.00000000
vt 0.00000000 0.00000000
vt 0.00000000 0.00000000
vt 0.00000000 0.00000000
vt 0.00000000 0.00000000
vt 0.00000000 0.00000000
vt 0.00000000 0.00000000
vt 0.00000000 0.00000000
vt 0.00000000 0.00000000
vt 0.00000000 0.00000000
vt 0.00000000 0.00000000
vt 0.00000000 0.00000000
vt 0.00000000 0.00000000
vt 0.00000000 0.00000000
vt 0.00000000 0.00000000
vt 0.00000000 0.00000000
vt 0.00000000 0.00000000
vt 0.00000000 0.00000000
vt 0.00000000 0.00000000
vt 0.00000000 0.00000000
vt 0.00000000 0.00000000
vt 0.00000000 0.00000000
vt 0.00000000 0.00000000
vt 0.00000000 0.00000000
vt 0.00000000 0.00000000
vt 0.00000000 0.00000000
vt 0.00000000 0.00000000
vt 0.00000000 0.00000000
vt 0.00000000 0.00000000
vt 0.00000000 0.00000000
vt 0.00000000 0.00000000
vt 0.00000000 0.00000000
vt 0.00000000 0.00000000
vt 0.00000000 0.00000000
vt 0.00000000 0.00000000
vt 0.00000000 0.00000000
vt 0.00000000 0.00000000
vt 0.00000000 0.00000000
vt 0.00000000 0.00000000
vt 0.00000000 0.00000000
vt 0.00000000 0.00000000
vt 0.00000000 0.00000000
vt 0.00000000 0.00000000
vt 0.00000000 0.00000000
vt 0.00000000 0.00000000
vt 0.00000000 0.00000000
vt 0.00000000 0.00000000
vt 0.00000000 0.00000000
vt 0.00000000 0.00000000
vt 0.00000000 0.00000000
vt 0.00000000 0.00000000
vt 0.00000000 0.00000000
vt 0.00000000 0.00000000
vt 0.00000000 0.00000000
vt 0.00000000 0.00000000
vt 0.00000000 0.00000000
vt 0.00000000 0.00000000
vt 0.00000000 0.00000000
vt 0.00000000 0.00000000
vt 0.00000000 0.00000000
vt 0.00000000 0.00000000
vt 0.00000000 0.00000000
vt 0.00000000 0.00000000
vt 0.00000000 0.00000000
vt 0.00000000 0.00000000
vt 0.00000000 0.00000000
vt 0.00000000 0.00000000
vt 0.00000000 0.00000000
vt 0.00000000 0.00000000
vt 0.00000000 0.00000000
vt 0.00000000 0.00000000
vt 0.00000000 0.00000000
vt 0.00000000 0.00000000
vt 0.00000000 0.00000000
vt 0.00000000 0.00000000
vt 0.00000000 0.00000000
vt 0.00000000 0.00000000
vt 0.00000000 0.00000000
vt 0.00000000 0.00000000
vt 0.00000000 0.00000000
vt 0.00000000 0.00000000
vt 0.00000000 0.00000000
vt 0.00000000 0.00000000
vt 0.00000000 0.00000000
vt 0.00000000 0.00000000
vt 0.00000000 0.00000000
vt 0.00000000 0.00000000
vt 0.00000000 0.00000000
vt 0.00000000 0.00000000
vt 0.00000000 0.00000000
vt 0.00000000 0.00000000
vt 0.00000000 0.00000000
vt 0.00000000 0.00000000
vt 0.00000000 0.00000000
vt 0.00000000 0.00000000
vt 0.00000000 0.00000000
vt 0.00000000 0.00000000
vt 0.00000000 0.00000000
vt 0.00000000 0.00000000
vt 0.00000000 0.00000000
vt 0.00000000 0.00000000
vt 0.00000000 0.00000000
vt 0.00000000 0.00000000
vt 0.00000000 0.00000000
vt 0.00000000 0.00000000
vt 0.00000000 0.00000000
vt 0.00000000 0.00000000
vt 0.00000000 0.00000000
vt 0.00000000 0.00000000
vt 0.00000000 0.00000000
vt 0.00000000 0.00000000
vt 0.00000000 0.00000000
vt 0.00000000 0.00000000
vt 0.00000000 0.00000000
vt 0.00000000 0.00000000
vt 0.00000000 0.00000000
vt 0.00000000 0.00000000
vt 0.00000000 0.00000000
vt 0.00000000 0.00000000
vt 0.00000000 0.00000000
vt 0.00000000 0.00000000
vt 0.00000000 0.00000000
vt 0.00000000 0.00000000
vt 0.00000000 0.00000000
vt 0.00000000 0.00000000
vt 0.00000000 0.00000000
vt 0.00000000 0.00000000
vt 0.00000000 0.00000000
vt 0.00000000 0.00000000
vt 0.00000000 0.00000000
vt 0.00000000 0.00000000
vt 0.00000000 0.00000000
vt 0.00000000 0.00000000
vt 0.00000000 0.00000000
vt 0.00000000 0.00000000
vt 0.00000000 0.00000000
vt 0.00000000 0.00000000
vt 0.00000000 0.00000000
vt 0.00000000 0.00000000
vt 0.00000000 0.00000000
vt 0.00000000 0.00000000
vt 0.00000000 0.00000000
vt 0.00000000 0.00000000
vt 0.00000000 0.00000000
vt 0.00000000 0.00000000
vt 0.00000000 0.00000000
vt 0.00000000 0.00000000
vt 0.00000000 0.00000000
vt 0.00000000 0.00000000
vt 0.00000000 0.00000000
vt 0.00000000 0.00000000
vt 0.00000000 0.00000000
vt 0.00000000 0.00000000
vt 0.00000000 0.00000000
vt 0.00000000 0.00000000
vt 0.00000000 0.00000000
vt 0.00000000 0.00000000
vt 0.00000000 0.00000000
vt 0.00000000 0.00000000
vt 0.00000000 0.00000000
vt 0.00000000 0.00000000
vt 0.00000000 0.00000000
vt 0.00000000 0.00000000
vt 0.00000000 0.00000000
vt 0.00000000 0.00000000
vt 0.00000000 0.00000000
vt 0.00000000 0.00000000
vt 0.00000000 0.00000000
vt 0.00000000 0.00000000
vt 0.00000000 0.00000000
vt 0.00000000 0.00000000
vt 0.00000000 0.00000000
vt 0.00000000 0.00000000
vt 0.00000000 0.00000000
vt 0.00000000 0.00000000
vt 0.00000000 0.00000000
vt 0.00000000 0.00000000
vt 0.00000000 0.00000000
vt 0.00000000 0.00000000
vt 0.00000000 0.00000000
vt 0.00000000 0.00000000
vt 0.00000000 0.00000000
vt 0.00000000 0.00000000
vt 0.00000000 0.00000000
vt 0.00000000 0.00000000
vt 0.00000000 0.00000000
vt 0.00000000 0.00000000
vt 0.00000000 0.00000000
vt 0.00000000 0.00000000
vt 0.00000000 0.00000000
vt 0.00000000 0.00000000
vt 0.00000000 0.00000000
vt 0.00000000 0.00000000
vt 0.00000000 0.00000000
vt 0.00000000 0.00000000
vt 0.00000000 0.00000000
vt 0.00000000 0.00000000
vt 0.00000000 0.00000000
vt 0.00000000 0.00000000
vt 0.00000000 0.00000000
vt 0.00000000 0.00000000
vt 0.00000000 0.00000000
vt 0.00000000 0.00000000
vt 0.00000000 0.00000000
vt 0.00000000 0.00000000
vt 0.00000000 0.00000000
vt 0.00000000 0.00000000
vt 0.00000000 0.00000000
vt 0.00000000 0.00000000
vt 0.00000000 0.00000000
vt 0.00000000 0.00000000
vt 0.00000000 0.00000000
vt 0.00000000 0.00000000
vt 0.00000000 0.00000000
vt 0.00000000 0.00000000
vt 0.00000000 0.00000000
vt 0.00000000 0.00000000
vt 0.00000000 0.00000000
vt 0.00000000 0.00000000
vt 0.00000000 0.00000000
vt 0.00000000 0.00000000
vt 0.00000000 0.00000000
vt 0.00000000 0.00000000
vt 0.00000000 0.00000000
vt 0.00000000 0.00000000
vt 0.00000000 0.00000000
vt 0.00000000 0.00000000
vt 0.00000000 0.00000000
vt 0.00000000 0.00000000
vt 0.00000000 0.00000000
vt 0.00000000 0.00000000
vt 0.00000000 0.00000000
vt 0.00000000 0.00000000
vt 0.00000000 0.00000000
vt 0.00000000 0.00000000
vt 0.00000000 0.00000000
vt 0.00000000 0.00000000
vt 0.00000000 0.00000000
vt 0.00000000 0.00000000
vt 0.00000000 0.00000000
vt 0.00000000 0.00000000
vt 0.00000000 0.00000000
vt 0.00000000 0.00000000
vt 0.00000000 0.00000000
vt 0.00000000 0.00000000
vt 0.00000000 0.00000000
vt 0.00000000 0.00000000
vt 0.00000000 0.00000000
vt 0.00000000 0.00000000
vt 0.00000000 0.00000000
vt 0.00000000 0.00000000
vt 0.00000000 0.00000000
vt 0.00000000 0.00000000
vt 0.00000000 0.00000000
vt 0.00000000 0.00000000
vt 0.00000000 0.00000000
vt 0.00000000 0.00000000
vt 0.00000000 0.00000000
vt 0.00000000 0.00000000
vt 0.00000000 0.00000000
vt 0.00000000 0.00000000
vt 0.00000000 0.00000000
vt 0.00000000 0.00000000
vt 0.00000000 0.00000000
vt 0.00000000 0.00000000
vt 0.00000000 0.00000000
vt 0.00000000 0.00000000
vt 0.00000000 0.00000000
vt 0.00000000 0.00000000
vt 0.00000000 0.00000000
vt 0.00000000 0.00000000
vt 0.00000000 0.00000000
vt 0.00000000 0.00000000
vt 0.00000000 0.00000000
vt 0.00000000 0.00000000
vt 0.00000000 0.00000000
vt 0.00000000 0.00000000
vt 0.00000000 0.00000000
vt 0.00000000 0.00000000
vt 0.00000000 0.00000000
vt 0.00000000 0.00000000
vt 0.00000000 0.00000000
vt 0.00000000 0.00000000
vt 0.00000000 0.00000000
vt 0.00000000 0.00000000
vt 0.00000000 0.00000000
vt 0.00000000 0.00000000
vt 0.00000000 0.00000000
vt 0.00000000 0.00000000
vt 0.00000000 0.00000000
vt 0.00000000 0.00000000
vt 0.00000000 0.00000000
vt 0.00000000 0.00000000
vt 0.00000000 0.00000000
vt 0.00000000 0.00000000
vt 0.00000000 0.00000000
vt 0.00000000 0.00000000
vt 0.00000000 0.00000000
vt 0.00000000 0.00000000
vt 0.00000000 0.00000000
vt 0.00000000 0.00000000
vt 0.00000000 0.00000000
vt 0.00000000 0.00000000
vt 0.00000000 0.00000000
vt 0.00000000 0.00000000
vt 0.00000000 0.00000000
vt 0.00000000 0.00000000
vt 0.00000000 0.00000000
vt 0.00000000 0.00000000
vt 0.00000000 0.00000000
vt 0.00000000 0.00000000
vt 0.00000000 0.00000000
vt 0.00000000 0.00000000
vt 0.00000000 0.00000000
vt 0.00000000 0.00000000
vt 0.00000000 0.00000000
vt 0.00000000 0.00000000
vt 0.00000000 0.00000000
vt 0.00000000 0.00000000
vt 0.00000000 0.00000000
vt 0.00000000 0.00000000
vt 0.00000000 0.00000000
vt 0.00000000 0.00000000
vt 0.00000000 0.00000000
vt 0.00000000 0.00000000
vt 0.00000000 0.00000000
vt 0.00000000 0.00000000
vt 0.00000000 0.00000000
vt 0.00000000 0.00000000
vt 0.00000000 0.00000000
vt 0.00000000 0.00000000
vt 0.00000000 0.00000000
vt 0.00000000 0.00000000
vt 0.00000000 0.00000000
vt 0.00000000 0.00000000
vt 0.00000000 0.00000000
vt 0.00000000 0.00000000
vt 0.00000000 0.00000000
vt 0.00000000 0.00000000
vt 0.00000000 0.00000000
vt 0.00000000 0.00000000
vt 0.00000000 0.00000000
vt 0.00000000 0.00000000
vt 0.00000000 0.00000000
vt 0.00000000 0.00000000
vt 0.00000000 0.00000000
vt 0.00000000 0.00000000
vt 0.00000000 0.00000000
vt 0.00000000 0.00000000
vt 0.00000000 0.00000000
vt 0.00000000 0.00000000
vt 0.00000000 0.00000000
vt 0.00000000 0.00000000
vt 0.00000000 0.00000000
vt 0.00000000 0.00000000
vt 0.00000000 0.00000000
vt 0.00000000 0.00000000
vt 0.00000000 0.00000000
vt 0.00000000 0.00000000
vt 0.00000000 0.00000000
vt 0.00000000 0.00000000
vt 0.00000000 0.00000000
vt 0.00000000 0.00000000
vt 0.00000000 0.00000000
vt 0.00000000 0.00000000
vt 0.00000000 0.00000000
vt 0.00000000 0.00000000
vt 0.00000000 0.00000000
vt 0.00000000 0.00000000
vt 0.00000000 0.00000000
vt 0.00000000 0.00000000
vt 0.00000000 0.00000000
vt 0.00000000 0.00000000
vt 0.00000000 0.00000000
vt 0.00000000 0.00000000
vt 0.00000000 0.00000000
vt 0.00000000 0.00000000
vt 0.00000000 0.00000000
vt 0.00000000 0.00000000
vt 0.00000000 0.00000000
vt 0.00000000 0.00000000
vt 0.00000000 0.00000000
vt 0.00000000 0.00000000
vt 0.00000000 0.00000000
vt 0.00000000 0.00000000
vt 0.00000000 0.00000000
vt 0.00000000 0.00000000
vt 0.00000000 0.00000000
vt 0.00000000 0.00000000
vt 0.00000000 0.00000000
vt 0.00000000 0.00000000
vt 0.00000000 0.00000000
vt 0.00000000 0.00000000
vt 0.00000000 0.00000000
vt 0.00000000 0.00000000
vt 0.00000000 0.00000000
vt 0.00000000 0.00000000
vt 0.00000000 0.00000000
vt 0.00000000 0.00000000
vt 0.00000000 0.00000000
vt 0.00000000 0.00000000
vt 0.00000000 0.00000000
vt 0.00000000 0.00000000
vt 0.00000000 0.00000000
vt 0.00000000 0.00000000
vt 0.00000000 0.00000000
vt 0.00000000 0.00000000
vt 0.00000000 0.00000000
vt 0.00000000 0.00000000
vt 0.00000000 0.00000000
vt 0.00000000 0.00000000
vt 0.00000000 0.00000000
vt 0.00000000 0.00000000
vt 0.00000000 0.00000000
vt 0.00000000 0.00000000
vt 0.00000000 0.00000000
vt 0.00000000 0.00000000
vt 0.00000000 0.00000000
vt 0.00000000 0.00000000
vt 0.00000000 0.00000000
vt 0.00000000 0.00000000
vt 0.00000000 0.00000000
vt 0.00000000 0.00000000
vt 0.00000000 0.00000000
vt 0.00000000 0.00000000
vt 0.00000000 0.00000000
vt 0.00000000 0.00000000
vt 0.00000000 0.00000000
vt 0.00000000 0.00000000
vt 0.00000000 0.00000000
vt 0.00000000 0.00000000
vt 0.00000000 0.00000000
vt 0.00000000 0.00000000
vt 0.00000000 0.00000000
vt 0.00000000 0.00000000
vt 0.00000000 0.00000000
vt 0.00000000 0.00000000
vt 0.00000000 0.00000000
vt 0.00000000 0.00000000
vt 0.00000000 0.00000000
vt 0.00000000 0.00000000
vt 0.00000000 0.00000000
vt 0.00000000 0.00000000
vt 0.00000000 0.00000000
vt 0.00000000 0.00000000
vt 0.00000000 0.00000000
vt 0.00000000 0.00000000
vt 0.00000000 0.00000000
vt 0.00000000 0.00000000
vt 0.00000000 0.00000000
vt 0.00000000 0.00000000
vt 0.00000000 0.00000000
vt 0.00000000 0.00000000
vt 0.00000000 0.00000000
vt 0.00000000 0.00000000
vt 0.00000000 0.00000000
vt 0.00000000 0.00000000
vt 0.00000000 0.00000000
vt 0.00000000 0.00000000
vt 0.00000000 0.00000000
vt 0.00000000 0.00000000
vt 0.00000000 0.00000000
vt 0.00000000 0.00000000
vt 0.00000000 0.00000000
vt 0.00000000 0.00000000
vt 0.00000000 0.00000000
vt 0.00000000 0.00000000
vt 0.00000000 0.00000000
vt 0.00000000 0.00000000
vt 0.00000000 0.00000000
vt 0.00000000 0.00000000
vt 0.00000000 0.00000000
vt 0.00000000 0.00000000
vt 0.00000000 0.00000000
vt 0.00000000 0.00000000
vt 0.00000000 0.00000000
vt 0.00000000 0.00000000
vt 0.00000000 0.00000000
vt 0.00000000 0.00000000
vt 0.00000000 0.00000000
vt 0.00000000 0.00000000
vt 0.00000000 0.00000000
vt 0.00000000 0.00000000
vt 0.00000000 0.00000000
vt 0.00000000 0.00000000
vt 0.00000000 0.00000000
vt 0.00000000 0.00000000
vt 0.00000000 0.00000000
vt 0.00000000 0.00000000
vt 0.00000000 0.00000000
vt 0.00000000 0.00000000
vt 0.00000000 0.00000000
vt 0.00000000 0.00000000
vt 0.00000000 0.00000000
vt 0.00000000 0.00000000
f 994/994/994 991/991/991 900/900/900
f 994/994/994 900/900/900 903/903/903
f 991/991/991 990/990/990 899/899/899
f 991/991/991 899/899/899 900/900/900
f 990/990/990 988/988/988 897/897/897
f 990/990/990 897/897/897 899/899/899
f 988/988/988 986/986/986 894/894/894
f 988/988/988 894/894/894 897/897/897
f 986/986/986 983/983/983 893/893/893
f 986/986/986 893/893/893 894/894/894
f 983/983/983 981/981/981 890/890/890
f 983/983/983 890/890/890 893/893/893
f 981/981/981 979/979/979 888/888/888
f 981/981/981 888/888/888 890/890/890
f 979/979/979 976/976/976 886/886/886
f 979/979/979 886/886/886 888/888/888
f 976/976/976 974/974/974 884/884/884
f 976/976/976 884/884/884 886/886/886
f 974/974/974 972/972/972 882/882/882
f 974/974/974 882/882/882 884/884/884
f 972/972/972 970/970/970 880/880/880
f 972/972/972 880/880/880 882/882/882
f 970/970/970 968/968/968 878/878/878
f 970/970/970 878/878/878 880/880/880
f 968/968/968 966/966/966 876/876/876
f 968/968/968 876/876/876 878/878/878
f 966/966/966 965/965/965 875/875/875
f 966/966/966 875/875/875 876/876/876
f 965/965/965 967/967/967 877/877/877
f 965/965/965 877/877/877 875/875/875
f 967/967/967 969/969/969 879/879/879
f 967/967/967 879/879/879 877/877/877
f 969/969/969 971/971/971 881/881/881
f 969/969/969 881/881/881 879/879/879
f 971/971/971 973/973/973 883/883/883
f 971/971/971 883/883/883 881/881/881
f 973/973/973 975/975/975 885/885/885
f 973/973/973 885/885/885 883/883/883
f 975/975/975 977/977/977 887/887/887
f 975/975/975 887/887/887 885/885/885
f 977/977/977 978/978/978 889/889/889
f 977/977/977 889/889/889 887/887/887
f 978/978/978 982/982/982 891/891/891
f 978/978/978 891/891/891 889/889/889
f 982/982/982 984/984/984 892/892/892
f 982/982/982 892/892/892 891/891/891
f 984/984/984 985/985/985 895/895/895
f 984/984/984 895/895/895 892/892/892
f 985/985/985 987/987/987 896/896/896
f 985/985/985 896/896/896 895/895/895
f 987/987/987 989/989/989 898/898/898
f 987/987/987 898/898/898 896/896/896
f 989/989/989 992/992/992 901/901/901
f 989/989/989 901/901/901 898/898/898
f 992/992/992 993/993/993 902/902/902
f 992/992/992 902/902/902 901/901/901
f 993/993/993 995/995/995 904/904/904
f 993/993/993 904/904/904 902/902/902
f 995/995/995 994/994/994 903/903/903
f 995/995/995 903/903/903 904/904/904
f 903/903/903 900/900/900 732/732/732
f 903/903/903 732/732/732 734/734/734
f 900/900/900 899/899/899 730/730/730
f 900/900/900 730/730/730 732/732/732
f 899/899/899 897/897/897 727/727/727
f 899/899/899 727/727/727 730/730/730
f 897/897/897 894/894/894 725/725/725
f 897/897/897 725/725/725 727/727/727
f 894/894/894 893/893/893 724/724/724
f 894/894/894 724/724/724 725/725/725
f 893/893/893 890/890/890 721/721/721
f 893/893/893 721/721/721 724/724/724
f 890/890/890 888/888/888 719/719/719
f 890/890/890 719/719/719 721/721/721
f 888/888/888 886/886/886 717/717/717
f 888/888/888 717/717/717 719/719/719
f 886/886/886 884/884/884 715/715/715
f 886/886/886 715/715/715 717/717/717
f 884/884/884 882/882/882 713/713/713
f 884/884/884 713/713/713 715/715/715
f 882/882/882 880/880/880 711/711/711
f 882/882/882 711/711/711 713/713/713
f 880/880/880 878/878/878 709/709/709
f 880/880/880 709/709/709 711/711/711
f 878/878/878 876/876/876 707/707/707
f 878/878/878 707/707/707 709/709/709
f 876/876/876 875/875/875 706/706/706
f 876/876/876 706/706/706 707/707/707
f 875/875/875 877/877/877 708/708/708
f 875/875/875 708/708/708 706/706/706
f 877/877/877 879/879/879 710/710/710
f 877/877/877 710/710/710 708/708/708
f 879/879/879 881/881/881 712/712/712
f 879/879/879 712/712/712 710/710/710
f 881/881/881 883/883/883 714/714/714
f 881/881/881 714/714/714 712/712/712
f 883/883/883 885/885/885 716/716/716
f 883/883/883 716/716/716 714/714/714
f 885/885/885 887/887/887 718/718/718
f 885/885/885 718/718/718 716/716/716
f 887/887/887 889/889/889 720/720/720
f 887/887/887 720/720/720 718/718/718
f 889/889/889 891/891/891 722/722/722
f 889/889/889 722/722/722 720/720/720
f 891/891/891 892/892/892 723/723/723
f 891/891/891 723/723/723 722/722/722
f 892/892/892 895/895/895 726/726/726
f 892/892/892 726/726/726 723/723/723
f 895/895/895 896/896/896 728/728/728
f 895/895/895 728/728/728 726/726/726
f 896/896/896 898/898/898 729/729/729
f 896/896/896 729/729/729 728/728/728
f 898/898/898 901/901/901 731/731/731
f 898/898/898 731/731/731 729/729/729
f 901/901/901 902/902/902 733/733/733
f 901/901/901 733/733/733 731/731/731
f 902/902/902 904/904/904 735/735/735
f 902/902/902 735/735/735 733/733/733
f 904/904/904 903/903/903 734/734/734
f 904/904/904 734/734/734 735/735/735
f 734/734/734 732/732/732 590/590/590
f 734/734/734 590/590/590 592/592/592
f 732/732/732 730/730/730 588/588/588
f 732/732/732 588/588/588 590/590/590
f 730/730/730 727/727/727 585/585/585
f 730/730/730 585/585/585 588/588/588
f 727/727/727 725/725/725 584/584/584
f 727/727/727 584/584/584 585/585/585
f 725/725/725 724/724/724 582/582/582
f 725/725/725 582/582/582 584/584/584
f 724/724/724 721/721/721 580/580/580
f 724/724/724 580/580/580 582/582/582
f 721/721/721 719/719/719 577/577/577
f 721/721/721 577/577/577 580/580/580
f 719/719/719 717/717/717 575/575/575
f 719/719/719 575/575/575 577/577/577
f 717/717/717 715/715/715 573/573/573
f 717/717/717 573/573/573 575/575/575
f 715/715/715 713/713/713 571/571/571
f 715/715/715 571/571/571 573/573/573
f 713/713/713 711/711/711 569/569/569
f 713/713/713 569/569/569 571/571/571
f 711/711/711 709/709/709 567/567/567
f 711/711/711 567/567/567 569/569/569
f 709/709/709 707/707/707 565/565/565
f 709/709/709 565/565/565 567/567/567
f 707/707/707 706/706/706 564/564/564
f 707/707/707 564/564/564 565/565/565
f 706/706/706 708/708/708 566/566/566
f 706/706/706 566/566/566 564/564/564
f 708/708/708 710/710/710 568/568/568
f 708/708/708 568/568/568 566/566/566
f 710/710/710 712/712/712 570/570/570
f 710/710/710 570/570/570 568/568/568
f 712/712/712 714/714/714 572/572/572
f 712/712/712 572/572/572 570/570/570
f 714/714/714 716/716/716 574/574/574
f 714/714/714 574/574/574 572/572/572
f 716/716/716 718/718/718 576/576/576
f 716/716/716 576/576/576 574/574/574
f 718/718/718 720/720/720 578/578/578
f 718/718/718 578/578/578 576/576/576
f 720/720/720 722/722/722 579/579/579
f 720/720/720 579/579/579 578/578/578
f 722/722/722 723/723/723 581/581/581
f 722/722/722 581/581/581 579/579/579
f 723/723/723 726/726/726 583/583/583
f 723/723/723 583/583/583 581/581/581
f 726/726/726 728/728/728 586/586/586
f 726/726/726 586/586/586 583/583/583
f 728/728/728 729/729/729 587/587/587
f 728/728/728 587/587/587 586/586/586
f 729/729/729 731/731/731 589/589/589
f 729/729/729 589/589/589 587/587/587
f 731/731/731 733/733/733 591/591/591
f 731/731/731 591/591/591 589/589/589
f 733/733/733 735/735/735 593/593/593
f 733/733/733 593/593/593 591/591/591
f 735/735/735 734/734/734 592/592/592
f 735/735/735 592/592/592 593/593/593
f 592/592/592 590/590/590 472/472/472
f 592/592/592 472/472/472 474/474/474
f 590/590/590 588/588/588 470/470/470
f 590/590/590 470/470/470 472/472/472
f 588/588/588 585/585/585 468/468/468
f 588/588/588 468/468/468 470/470/470
f 585/585/585 584/584/584 466/466/466
f 585/585/585 466/466/466 468/468/468
f 584/584/584 582/582/582 463/463/463
f 584/584/584 463/463/463 466/466/466
f 582/582/582 580/580/580 462/462/462
f 582/582/582 462/462/462 463/463/463
f 580/580/580 577/577/577 459/459/459
f 580/580/580 459/459/459 462/462/462
f 577/577/577 575/575/575 457/457/457
f 577/577/577 457/457/457 459/459/459
f 575/575/575 573/573/573 455/455/455
f 575/575/575 455/455/455 457/457/457
f 573/573/573 571/571/571 453/453/453
f 573/573/573 453/453/453 455/455/455
f 571/571/571 569/569/569 451/451/451
f 571/571/571 451/451/451 453/453/453
f 569/569/569 567/567/567 449/449/449
f 569/569/569 449/449/449 451/451/451
f 567/567/567 565/565/565 447/447/447
f 567/567/567 447/447/447 449/449/449
f 565/565/565 564/564/564 446/446/446
f 565/565/565 446/446/446 447/447/447
f 564/564/564 566/566/566 448/448/448
f 564/564/564 448/448/448 446/446/446
f 566/566/566 568/568/568 450/450/450
f 566/566/566 450/450/450 448/448/448
f 568/568/568 570/570/570 452/452/452
f 568/568/568 452/452/452 450/450/450
f 570/570/570 572/572/572 454/454/454
f 570/570/570 454/454/454 452/452/452
f 572/572/572 574/574/574 456/456/456
f 572/572/572 456/456/456 454/454/454
f 574/574/574 576/576/576 458/458/458
f 574/574/574 458/458/458 456/456/456
f 576/576/576 578/578/578 460/460/460
f 576/576/576 460/460/460 458/458/458
f 578/578/578 579/579/579 461/461/461
f 578/578/578 461/461/461 460/460/460
f 579/579/579 581/581/581 464/464/464
f 579/579/579 464/464/464 461/461/461
f 581/581/581 583/583/583 465/465/465
f 581/581/581 465/465/465 464/464/464
f 583/583/583 586/586/586 467/467/467
f 583/583/583 467/467/467 465/465/465
f 586/586/586 587/587/587 469/469/469
f 586/586/586 469/469/469 467/467/467
f 587/587/587 589/589/589 471/471/471
f 587/587/587 471/471/471 469/469/469
f 589/589/589 591/591/591 473/473/473
f 589/589/589 473/473/473 471/471/471
f 591/591/591 593/593/593 475/475/475
f 591/591/591 475/475/475 473/473/473
f 593/593/593 592/592/592 474/474/474
f 593/593/593 474/474/474 475/475/475
f 474/474/474 472/472/472 398/398/398
f 474/474/474 398/398/398 400/400/400
f 472/472/472 470/470/470 395/395/395
f 472/472/472 395/395/395 398/398/398
f 470/470/470 468/468/468 394/394/394
f 470/470/470 394/394/394 395/395/395
f 468/468/468 466/466/466 392/392/392
f 468/468/468 392/392/392 394/394/394
f 466/466/466 463/463/463 389/389/389
f 466/466/466 389/389/389 392/392/392
f 463/463/463 462/462/462 387/387/387
f 463/463/463 387/387/387 389/389/389
f 462/462/462 459/459/459 385/385/385
f 462/462/462 385/385/385 387/387/387
f 459/459/459 457/457/457 383/383/383
f 459/459/459 383/383/383 385/385/385
f 457/457/457 455/455/455 381/381/381
f 457/457/457 381/381/381 383/383/383
f 455/455/455 453/453/453 379/379/379
f 455/455/455 379/379/379 381/381/381
f 453/453/453 451/451/451 377/377/377
f 453/453/453 377/377/377 379/379/379
f 451/451/451 449/449/449 375/375/375
f 451/451/451 375/375/375 377/377/377
f 449/449/449 447/447/447 373/373/373
f 449/449/449 373/373/373 375/375/375
f 447/447/447 446/446/446 372/372/372
f 447/447/447 372/372/372 373/373/373
f 446/446/446 448/448/448 374/374/374
f 446/446/446 374/374/374 372/372/372
f 448/448/448 450/450/450 376/376/376
f 448/448/448 376/376/376 374/374/374
f 450/450/450 452/452/452 378/378/378
f 450/450/450 378/378/378 376/376/376
f 452/452/452 454/454/454 380/380/380
f 452/452/452 380/380/380 378/378/378
f 454/454/454 456/456/456 382/382/382
f 454/454/454 382/382/382 380/380/380
f 456/456/456 458/458/458 384/384/384
f 456/456/456 384/384/384 382/382/382
f 458/458/458 460/460/460 386/386/386
f 458/458/458 386/386/386 384/384/384
f 460/460/460 461/461/461 388/388/388
f 460/460/460 388/388/388 386/386/386
f 461/461/461 464/464/464 390/390/390
f 461/461/461 390/390/390 388/388/388
f 464/464/464 465/465/465 391/391/391
f 464/464/464 391/391/391 390/390/390
f 465/465/465 467/467/467 393/393/393
f 465/465/465 393/393/393 391/391/391
f 467/467/467 469/469/469 396/396/396
f 467/467/467 396/396/396 393/393/393
f 469/469/469 471/471/471 397/397/397
f 469/469/469 397/397/397 396/396/396
f 471/471/471 473/473/473 399/399/399
f 471/471/471 399/399/399 397/397/397
f 473/473/473 475/475/475 401/401/401
f 473/473/473 401/401/401 399/399/399
f 475/475/475 474/474/474 400/400/400
f 475/475/475 400/400/400 401/401/401
f 400/400/400 398/398/398 368/368/368
f 400/400/400 368/368/368 370/370/370
f 398/398/398 395/395/395 365/365/365
f 398/398/398 365/365/365 368/368/368
f 395/395/395 394/394/394 364/364/364
f 395/395/395 364/364/364 365/365/365
f 394/394/394 392/392/392 362/362/362
f 394/394/394 362/362/362 364/364/364
f 392/392/392 389/389/389 359/359/359
f 392/392/392 359/359/359 362/362/362
f 389/389/389 387/387/387 357/357/357
f 389/389/389 357/357/357 359/359/359
f 387/387/387 385/385/385 355/355/355
f 387/387/387 355/355/355 357/357/357
f 385/385/385 383/383/383 353/353/353
f 385/385/385 353/353/353 355/355/355
f 383/383/383 381/381/381 351/351/351
f 383/383/383 351/351/351 353/353/353
f 381/381/381 379/379/379 349/349/349
f 381/381/381 349/349/349 351/351/351
f 379/379/379 377/377/377 347/347/347
f 379/379/379 347/347/347 349/349/349
f 377/377/377 375/375/375 345/345/345
f 377/377/377 345/345/345 347/347/347
f 375/375/375 373/373/373 343/343/343
f 375/375/375 343/343/343 345/345/345
f 373/373/373 372/372/372 342/342/342
f 373/373/373 342/342/342 343/343/343
f 372/372/372 374/374/374 344/344/344
f 372/372/372 344/344/344 342/342/342
f 374/374/374 376/376/376 346/346/346
f 374/374/374 346/346/346 344/344/344
f 376/376/376 378/378/378 348/348/348
f 376/376/376 348/348/348 346/346/346
f 378/378/378 380/380/380 350/350/350
f 378/378/378 350/350/350 348/348/348
f 380/380/380 382/382/382 352/352/352
f 380/380/380 352/352/352 350/350/350
f 382/382/382 384/384/384 354/354/354
f 382/382/382 354/354/354 352/352/352
f 384/384/384 386/386/386 356/356/356
f 384/384/384 356/356/356 354/354/354
f 386/386/386 388/388/388 358/358/358
f 386/386/386 358/358/358 356/356/356
f 388/388/388 390/390/390 360/360/360
f 388/388/388 360/360/360 358/358/358
f 390/390/390 391/391/391 361/361/361
f 390/390/390 361/361/361 360/360/360
f 391/391/391 393/393/393 363/363/363
f 391/391/391 363/363/363 361/361/361
f 393/393/393 396/396/396 366/366/366
f 393/393/393 366/366/366 363/363/363
f 396/396/396 397/397/397 367/367/367
f 396/396/396 367/367/367 366/366/366
f 397/397/397 399/399/399 369/369/369
f 397/397/397 369/369/369 367/367/367
f 399/399/399 401/401/401 371/371/371
f 399/399/399 371/371/371 369/369/369
f 401/401/401 400/400/400 370/370/370
f 401/401/401 370/370/370 371/371/371
f 370/370/370 368/368/368 338/338/338
f 370/370/370 338/338/338 340/340/340
f 368/368/368 365/365/365 335/335/335
f 368/368/368 335/335/335 338/338/338
f 365/365/365 364/364/364 334/334/334
f 365/365/365 334/334/334 335/335/335
f 364/364/364 362/362/362 332/332/332
f 364/364/364 332/332/332 334/334/334
f 362/362/362 359/359/359 329/329/329
f 362/362/362 329/329/329 332/332/332
f 359/359/359 357/357/357 327/327/327
f 359/359/359 327/327/327 329/329/329
f 357/357/357 355/355/355 325/325/325
f 357/357/357 325/325/325 327/327/327
f 355/355/355 353/353/353 323/323/323
f 355/355/355 323/323/323 325/325/325
f 353/353/353 351/351/351 321/321/321
f 353/353/353 321/321/321 323/323/323
f 351/351/351 349/349/349 319/319/319
f 351/351/351 319/319/319 321/321/321
f 349/349/349 347/347/347 317/317/317
f 349/349/349 317/317/317 319/319/319
f 347/347/347 345/345/345 315/315/315
f 347/347/347 315/315/315 317/317/317
f 345/345/345 343/343/343 313/313/313
f 345/345/345 313/313/313 315/315/315
f 343/343/343 342/342/342 312/312/312
f 343/343/343 312/312/312 313/313/313
f 342/342/342 344/344/344 314/314/314
f 342/342/342 314/314/314 312/312/312
f 344/344/344 346/346/346 316/316/316
f 344/344/344 316/316/316 314/314/314
f 346/346/346 348/348/348 318/318/318
f 346/346/346 318/318/318 316/316/316
f 348/348/348 350/350/350 320/320/320
f 348/348/348 320/320/320 318/318/318
f 350/350/350 352/352/352 322/322/322
f 350/350/350 322/322/322 320/320/320
f 352/352/352 354/354/354 324/324/324
f 352/352/352 324/324/324 322/322/322
f 354/354/354 356/356/356 326/326/326
f 354/354/354 326/326/326 324/324/324
f 356/356/356 358/358/358 328/328/328
f 356/356/356 328/328/328 326/326/326
f 358/358/358 360/360/360 330/330/330
f 358/358/358 330/330/330 328/328/328
f 360/360/360 361/361/361 331/331/331
f 360/360/360 331/331/331 330/330/330
f 361/361/361 363/363/363 333/333/333
f 361/361/361 333/333/333 331/331/331
f 363/363/363 366/366/366 336/336/336
f 363/363/363 336/336/336 333/333/333
f 366/366/366 367/367/367 337/337/337
f 366/366/366 337/337/337 336/336/336
f 367/367/367 369/369/369 339/339/339
f 367/367/367 339/339/339 337/337/337
f 369/369/369 371/371/371 341/341/341
f 369/369/369 341/341/341 339/339/339
f 371/371/371 370/370/370 340/340/340
f 371/371/371 340/340/340 341/341/341
f 340/340/340 338/338/338 308/308/308
f 340/340/340 308/308/308 310/310/310
f 338/338/338 335/335/335 306/306/306
f 338/338/338 306/306/306 308/308/308
f 335/335/335 334/334/334 303/303/303
f 335/335/335 303/303/303 306/306/306
f 334/334/334 332/332/332 301/301/301
f 334/334/334 301/301/301 303/303/303
f 332/332/332 329/329/329 299/299/299
f 332/332/332 299/299/299 301/301/301
f 329/329/329 327/327/327 297/297/297
f 329/329/329 297/297/297 299/299/299
f 327/327/327 325/325/325 295/295/295
f 327/327/327 295/295/295 297/297/297
f 325/325/325 323/323/323 293/293/293
f 325/325/325 293/293/293 295/295/295
f 323/323/323 321/321/321 291/291/291
f 323/323/323 291/291/291 293/293/293
f 321/321/321 319/319/319 289/289/289
f 321/321/321 289/289/289 291/291/291
f 319/319/319 317/317/317 287/287/287
f 319/319/319 287/287/287 289/289/289
f 317/317/317 315/315/315 285/285/285
f 317/317/317 285/285/285 287/287/287
f 315/315/315 313/313/313 283/283/283
f 315/315/315 283/283/283 285/285/285
f 313/313/313 312/312/312 282/282/282
f 313/313/313 282/282/282 283/283/283
f 312/312/312 314/314/314 284/284/284
f 312/312/312 284/284/284 282/282/282
f 314/314/314 316/316/316 286/286/286
f 314/314/314 286/286/286 284/284/284
f 316/316/316 318/318/318 288/288/288
f 316/316/316 288/288/288 286/286/286
f 318/318/318 320/320/320 290/290/290
f 318/318/318 290/290/290 288/288/288
f 320/320/320 322/322/322 292/292/292
f 320/320/320 292/292/292 290/290/290
f 322/322/322 324/324/324 294/294/294
f 322/322/322 294/294/294 292/292/292
f 324/324/324 326/326/326 296/296/296
f 324/324/324 296/296/296 294/294/294
f 326/326/326 328/328/328 298/298/298
f 326/326/326 298/298/298 296/296/296
f 328/328/328 330/330/330 300/300/300
f 328/328/328 300/300/300 298/298/298
f 330/330/330 331/331/331 302/302/302
f 330/330/330 302/302/302 300/300/300
f 331/331/331 333/333/333 304/304/304
f 331/331/331 304/304/304 302/302/302
f 333/333/333 336/336/336 305/305/305
f 333/333/333 305/305/305 304/304/304
f 336/336/336 337/337/337 307/307/307
f 336/336/336 307/307/307 305/305/305
f 337/337/337 339/339/339 309/309/309
f 337/337/337 309/309/309 307/307/307
f 339/339/339 341/341/341 311/311/311
f 339/339/339 311/311/311 309/309/309
f 341/341/341 340/340/340 310/310/310
f 341/341/341 310/310/310 311/311/311
f 310/310/310 308/308/308 278/278/278
f 310/310/310 278/278/278 280/280/280
f 308/308/308 306/306/306 276/276/276
f 308/308/308 276/276/276 278/278/278
f 306/306/306 303/303/303 274/274/274
f 306/306/306 274/274/274 276/276/276
f 303/303/303 301/301/301 271/271/271
f 303/303/303 271/271/271 274/274/274
f 301/301/301 299/299/299 270/270/270
f 301/301/301 270/270/270 271/271/271
f 299/299/299 297/297/297 267/267/267
f 299/299/299 267/267/267 270/270/270
f 297/297/297 295/295/295 265/265/265
f 297/297/297 265/265/265 267/267/267
f 295/295/295 293/293/293 264/264/264
f 295/295/295 264/264/264 265/265/265
f 293/293/293 291/291/291 261/261/261
f 293/293/293 261/261/261 264/264/264
f 291/291/291 289/289/289 259/259/259
f 291/291/291 259/259/259 261/261/261
f 289/289/289 287/287/287 257/257/257
f 289/289/289 257/257/257 259/259/259
f 287/287/287 285/285/285 255/255/255
f 287/287/287 255/255/255 257/257/257
f 285/285/285 283/283/283 253/253/253
f 285/285/285 253/253/253 255/255/255
f 283/283/283 282/282/282 252/252/252
f 283/283/283 252/252/252 253/253/253
f 282/282/282 284/284/284 254/254/254
f 282/282/282 254/254/254 252/252/252
f 284/284/284 286/286/286 256/256/256
f 284/284/284 256/256/256 254/254/254
f 286/286/286 288/288/288 258/258/258
f 286/286/286 258/258/258 256/256/256
f 288/288/288 290/290/290 260/260/260
f 288/288/288 260/260/260 258/258/258
f 290/290/290 292/292/292 262/262/262
f 290/290/290 262/262/262 260/260/260
f 292/292/292 294/294/294 263/263/263
f 292/292/292 263/263/263 262/262/262
f 294/294/294 296/296/296 266/266/266
f 294/294/294 266/266/266 263/263/263
f 296/296/296 298/298/298 268/268/268
f 296/296/296 268/268/268 266/266/266
f 298/298/298 300/300/300 269/269/269
f 298/298/298 269/269/269 268/268/268
f 300/300/300 302/302/302 272/272/272
f 300/300/300 272/272/272 269/269/269
f 302/302/302 304/304/304 273/273/273
f 302/302/302 273/273/273 272/272/272
f 304/304/304 305/305/305 275/275/275
f 304/304/304 275/275/275 273/273/273
f 305/305/305 307/307/307 277/277/277
f 305/305/305 277/277/277 275/275/275
f 307/307/307 309/309/309 279/279/279
f 307/307/307 279/279/279 277/277/277
f 309/309/309 311/311/311 281/281/281
f 309/309/309 281/281/281 279/279/279
f 311/311/311 310/310/310 280/280/280
f 311/311/311 280/280/280 281/281/281
f 280/280/280 278/278/278 248/248/248
f 280/280/280 248/248/248 250/250/250
f 278/278/278 276/276/276 246/246/246
f 278/278/278 246/246/246 248/248/248
f 276/276/276 274/274/274 243/243/243
f 276/276/276 243/243/243 246/246/246
f 274/274/274 271/271/271 241/241/241
f 274/274/274 241/241/241 243/243/243
f 271/271/271 270/270/270 240/240/240
f 271/271/271 240/240/240 241/241/241
f 270/270/270 267/267/267 237/237/237
f 270/270/270 237/237/237 240/240/240
f 267/267/267 265/265/265 235/235/235
f 267/267/267 235/235/235 237/237/237
f 265/265/265 264/264/264 233/233/233
f 265/265/265 233/233/233 235/235/235
f 264/264/264 261/261/261 231/231/231
f 264/264/264 231/231/231 233/233/233
f 261/261/261 259/259/259 229/229/229
f 261/261/261 229/229/229 231/231/231
f 259/259/259 257/257/257 227/227/227
f 259/259/259 227/227/227 229/229/229
f 257/257/257 255/255/255 225/225/225
f 257/257/257 225/225/225 227/227/227
f 255/255/255 253/253/253 223/223/223
f 255/255/255 223/223/223 225/225/225
f 253/253/253 252/252/252 222/222/222
f 253/253/253 222/222/222 223/223/223
f 252/252/252 254/254/254 224/224/224
f 252/252/252 224/224/224 222/222/222
f 254/254/254 256/256/256 226/226/226
f 254/254/254 226/226/226 224/224/224
f 256/256/256 258/258/258 228/228/228
f 256/256/256 228/228/228 226/226/226
f 258/258/258 260/260/260 230/230/230
f 258/258/258 230/230/230 228/228/228
f 260/260/260 262/262/262 232/232/232
f 260/260/260 232/232/232 230/230/230
f 262/262/262 263/263/263 234/234/234
f 262/262/262 234/234/234 232/232/232
f 263/263/263 266/266/266 236/236/236
f 263/263/263 236/236/236 234/234/234
f 266/266/266 268/268/268 238/238/238
f 266/266/266 238/238/238 236/236/236
f 268/268/268 269/269/269 239/239/239
f 268/268/268 239/239/239 238/238/238
f 269/269/269 272/272/272 242/242/242
f 269/269/269 242/242/242 239/239/239
f 272/272/272 273/273/273 244/244/244
f 272/272/272 244/244/244 242/242/242
f 273/273/273 275/275/275 245/245/245
f 273/273/273 245/245/245 244/244/244
f 275/275/275 277/277/277 247/247/247
f 275/275/275 247/247/247 245/245/245
f 277/277/277 279/279/279 249/249/249
f 277/277/277 249/249/249 247/247/247
f 279/279/279 281/281/281 251/251/251
f 279/279/279 251/251/251 249/249/249
f 281/281/281 280/280/280 250/250/250
f 281/281/281 250/250/250 251/251/251
f 250/250/250 248/248/248 58/58/58
f 250/250/250 58/58/58 60/60/60
f 248/248/248 246/246/246 55/55/55
f 248/248/248 55/55/55 58/58/58
f 246/246/246 243/243/243 53/53/53
f 246/246/246 53/53/53 55/55/55
f 243/243/243 241/241/241 51/51/51
f 243/243/243 51/51/51 53/53/53
f 241/241/241 240/240/240 49/49/49
f 241/241/241 49/49/49 51/51/51
f 240/240/240 237/237/237 48/48/48
f 240/240/240 48/48/48 49/49/49
f 237/237/237 235/235/235 46/46/46
f 237/237/237 46/46/46 48/48/48
f 235/235/235 233/233/233 43/43/43
f 235/235/235 43/43/43 46/46/46
f 233/233/233 231/231/231 41/41/41
f 233/233/233 41/41/41 43/43/43
f 231/231/231 229/229/229 39/39/39
f 231/231/231 39/39/39 41/41/41
f 229/229/229 227/227/227 37/37/37
f 229/229/229 37/37/37 39/39/39
f 227/227/227 225/225/225 35/35/35
f 227/227/227 35/35/35 37/37/37
f 225/225/225 223/223/223 33/33/33
f 225/225/225 33/33/33 35/35/35
f 223/223/223 222/222/222 32/32/32
f 223/223/223 32/32/32 33/33/33
f 222/222/222 224/224/224 34/34/34
f 222/222/222 34/34/34 32/32/32
f 224/224/224 226/226/226 36/36/36
f 224/224/224 36/36/36 34/34/34
f 226/226/226 228/228/228 38/38/38
f 226/226/226 38/38/38 36/36/36
f 228/228/228 230/230/230 40/40/40
f 228/228/228 40/40/40 38/38/38
f 230/230/230 232/232/232 42/42/42
f 230/230/230 42/42/42 40/40/40
f 232/232/232 234/234/234 44/44/44
f 232/232/232 44/44/44 42/42/42
f 234/234/234 236/236/236 45/45/45
f 234/234/234 45/45/45 44/44/44
f 236/236/236 238/238/238 47/47/47
f 236/236/236 47/47/47 45/45/45
f 238/238/238 239/239/239 50/50/50
f 238/238/238 50/50/50 47/47/47
f 239/239/239 242/242/242 52/52/52
f 239/239/239 52/52/52 50/50/50
f 242/242/242 244/244/244 54/54/54
f 242/242/242 54/54/54 52/52/52
f 244/244/244 245/245/245 56/56/56
f 244/244/244 56/56/56 54/54/54
f 245/245/245 247/247/247 57/57/57
f 245/245/245 57/57/57 56/56/56
f 247/247/247 249/249/249 59/59/59
f 247/247/247 59/59/59 57/57/57
f 249/249/249 251/251/251 61/61/61
f 249/249/249 61/61/61 59/59/59
f 251/251/251 250/250/250 60/60/60
f 251/251/251 60/60/60 61/61/61
f 60/60/60 58/58/58 28/28/28
f 60/60/60 28/28/28 29/29/29
f 58/58/58 55/55/55 26/26/26
f 58/58/58 26/26/26 28/28/28
f 55/55/55 53/53/53 23/23/23
f 55/55/55 23/23/23 26/26/26
f 53/53/53 51/51/51 22/22/22
f 53/53/53 22/22/22 23/23/23
f 51/51/51 49/49/49 19/19/19
f 51/51/51 19/19/19 22/22/22
f 49/49/49 48/48/48 17/17/17
f 49/49/49 17/17/17 19/19/19
f 48/48/48 46/46/46 14/14/14
f 48/48/48 14/14/14 17/17/17
f 46/46/46 43/43/43 12/12/12
f 46/46/46 12/12/12 14/14/14
f 43/43/43 41/41/41 10/10/10
f 43/43/43 10/10/10 12/12/12
f 41/41/41 39/39/39 8/8/8
f 41/41/41 8/8/8 10/10/10
f 39/39/39 37/37/37 6/6/6
f 39/39/39 6/6/6 8/8/8
f 37/37/37 35/35/35 4/4/4
f 37/37/37 4/4/4 6/6/6
f 35/35/35 33/33/33 2/2/2
f 35/35/35 2/2/2 4/4/4
f 33/33/33 32/32/32 1/1/1
f 33/33/33 1/1/1 2/2/2
f 32/32/32 34/34/34 3/3/3
f 32/32/32 3/3/3 1/1/1
f 34/34/34 36/36/36 5/5/5
f 34/34/34 5/5/5 3/3/3
f 36/36/36 38/38/38 7/7/7
f 36/36/36 7/7/7 5/5/5
f 38/38/38 40/40/40 9/9/9
f 38/38/38 9/9/9 7/7/7
f 40/40/40 42/42/42 11/11/11
f 40/40/40 11/11/11 9/9/9
f 42/42/42 44/44/44 13/13/13
f 42/42/42 13/13/13 11/11/11
f 44/44/44 45/45/45 15/15/15
f 44/44/44 15/15/15 13/13/13
f 45/45/45 47/47/47 18/18/18
f 45/45/45 18/18/18 15/15/15
f 47/47/47 50/50/50 20/20/20
f 47/47/47 20/20/20 18/18/18
f 50/50/50 52/52/52 21/21/21
f 50/50/50 21/21/21 20/20/20
f 52/52/52 54/54/54 24/24/24
f 52/52/52 24/24/24 21/21/21
f 54/54/54 56/56/56 25/25/25
f 54/54/54 25/25/25 24/24/24
f 56/56/56 57/57/57 27/27/27
f 56/56/56 27/27/27 25/25/25
f 57/57/57 59/59/59 30/30/30
f 57/57/57 30/30/30 27/27/27
f 59/59/59 61/61/61 31/31/31
f 59/59/59 31/31/31 30/30/30
f 61/61/61 60/60/60 29/29/29
f 61/61/61 29/29/29 31/31/31
f 991/991/991 994/994/994 980/980/980
f 990/990/990 991/991/991 980/980/980
f 988/988/988 990/990/990 980/980/980
f 986/986/986 988/988/988 980/980/980
f 983/983/983 986/986/986 980/980/980
f 981/981/981 983/983/983 980/980/980
f 979/979/979 981/981/981 980/980/980
f 976/976/976 979/979/979 980/980/980
f 974/974/974 976/976/976 980/980/980
f 972/972/972 974/974/974 980/980/980
f 970/970/970 972/972/972 980/980/980
f 968/968/968 970/970/970 980/980/980
f 966/966/966 968/968/968 980/980/980
f 965/965/965 966/966/966 980/980/980
f 967/967/967 965/965/965 980/980/980
f 969/969/969 967/967/967 980/980/980
f 971/971/971 969/969/969 980/980/980
f 973/973/973 971/971/971 980/980/980
f 975/975/975 973/973/973 980/980/980
f 977/977/977 975/975/975 980/980/980
f 978/978/978 977/977/977 980/980/980
f 982/982/982 978/978/978 980/980/980
f 984/984/984 982/982/982 980/980/980
f 985/985/985 984/984/984 980/980/980
f 987/987/987 985/985/985 980/980/980
f 989/989/989 987/987/987 980/980/980
f 992/992/992 989/989/989 980/980/980
f 993/993/993 992/992/992 980/980/980
f 995/995/995 993/993/993 980/980/980
f 994/994/994 995/995/995 980/980/980
f 29/29/29 28/28/28 16/16/16
f 28/28/28 26/26/26 16/16/16
f 26/26/26 23/23/23 16/16/16
f 23/23/23 22/22/22 16/16/16
f 22/22/22 19/19/19 16/16/16
f 19/19/19 17/17/17 16/16/16
f 17/17/17 14/14/14 16/16/16
f 14/14/14 12/12/12 16/16/16
f 12/12/12 10/10/10 16/16/16
f 10/10/10 8/8/8 16/16/16
f 8/8/8 6/6/6 16/16/16
f 6/6/6 4/4/4 16/16/16
f 4/4/4 2/2/2 16/16/16
f 2/2/2 1/1/1 16/16/16
f 1/1/1 3/3/3 16/16/16
f 3/3/3 5/5/5 16/16/16
f 5/5/5 7/7/7 16/16/16
f 7/7/7 9/9/9 16/16/16
f 9/9/9 11/11/11 16/16/16
f 11/11/11 13/13/13 16/16/16
f 13/13/13 15/15/15 16/16/16
f 15/15/15 18/18/18 16/16/16
f 18/18/18 20/20/20 16/16/16
f 20/20/20 21/21/21 16/16/16
f 21/21/21 24/24/24 16/16/16
f 24/24/24 25/25/25 16/16/16
f 25/25/25 27/27/27 16/16/16
f 27/27/27 30/30/30 16/16/16
f 30/30/30 31/31/31 16/16/16
f 31/31/31 29/29/29 16/16/16
f 2314/2314/2314 2312/2312/2312 2290/2290/2290
f 2314/2314/2314 2290/2290/2290 2292/2292/2292
f 2312/2312/2312 2310/2310/2310 2288/2288/2288
f 2312/2312/2312 2288/2288/2288 2290/2290/2290
f 2310/2310/2310 2309/2309/2309 2287/2287/2287
f 2310/2310/2310 2287/2287/2287 2288/2288/2288
f 2309/2309/2309 2311/2311/2311 2289/2289/2289
f 2309/2309/2309 2289/2289/2289 2287/2287/2287
f 2311/2311/2311 2313/2313/2313 2291/2291/2291
f 2311/2311/2311 2291/2291/2291 2289/2289/2289
f 2313/2313/2313 2315/2315/2315 2293/2293/2293
f 2313/2313/2313 2293/2293/2293 2291/2291/2291
f 2316/2316/2316 2318/2318/2318 2308/2308/2308
f 2316/2316/2316 2308/2308/2308 2307/2307/2307
f 2318/2318/2318 2317/2317/2317 2306/2306/2306
f 2318/2318/2318 2306/2306/2306 2308/2308/2308
f 2306/2306/2306 2305/2305/2305 2283/2283/2283
f 2306/2306/2306 2283/2283/2283 2285/2285/2285
f 2305/2305/2305 2303/2303/2303 2281/2281/2281
f 2305/2305/2305 2281/2281/2281 2283/2283/2283
f 2303/2303/2303 2301/2301/2301 2279/2279/2279
f 2303/2303/2303 2279/2279/2279 2281/2281/2281
f 2301/2301/2301 2298/2298/2298 2277/2277/2277
f 2301/2301/2301 2277/2277/2277 2279/2279/2279
f 2296/2296/2296 2294/2294/2294 2268/2268/2268
f 2296/2296/2296 2268/2268/2268 2270/2270/2270
f 2294/2294/2294 2292/2292/2292 2266/2266/2266
f 2294/2294/2294 2266/2266/2266 2268/2268/2268
f 2292/2292/2292 2290/2290/2290 2264/2264/2264
f 2292/2292/2292 2264/2264/2264 2266/2266/2266
f 2290/2290/2290 2288/2288/2288 2262/2262/2262
f 2290/2290/2290 2262/2262/2262 2264/2264/2264
f 2288/2288/2288 2287/2287/2287 2261/2261/2261
f 2288/2288/2288 2261/2261/2261 2262/2262/2262
f 2287/2287/2287 2289/2289/2289 2263/2263/2263
f 2287/2287/2287 2263/2263/2263 2261/2261/2261
f 2289/2289/2289 2291/2291/2291 2265/2265/2265
f 2289/2289/2289 2265/2265/2265 2263/2263/2263
f 2291/2291/2291 2293/2293/2293 2267/2267/2267
f 2291/2291/2291 2267/2267/2267 2265/2265/2265
f 2293/2293/2293 2295/2295/2295 2269/2269/2269
f 2293/2293/2293 2269/2269/2269 2267/2267/2267
f 2295/2295/2295 2297/2297/2297 2271/2271/2271
f 2295/2295/2295 2271/2271/2271 2269/2269/2269
f 2299/2299/2299 2300/2300/2300 2278/2278/2278
f 2299/2299/2299 2278/2278/2278 2276/2276/2276
f 2300/2300/2300 2302/2302/2302 2280/2280/2280
f 2300/2300/2300 2280/2280/2280 2278/2278/2278
f 2302/2302/2302 2304/2304/2304 2282/2282/2282
f 2302/2302/2302 2282/2282/2282 2280/2280/2280
f 2304/2304/2304 2307/2307/2307 2284/2284/2284
f 2304/2304/2304 2284/2284/2284 2282/2282/2282
f 2307/2307/2307 2308/2308/2308 2286/2286/2286
f 2307/2307/2307 2286/2286/2286 2284/2284/2284
f 2308/2308/2308 2306/2306/2306 2285/2285/2285
f 2308/2308/2308 2285/2285/2285 2286/2286/2286
f 2285/2285/2285 2283/2283/2283 2177/2177/2177
f 2285/2285/2285 2177/2177/2177 2179/2179/2179
f 2283/2283/2283 2281/2281/2281 2175/2175/2175
f 2283/2283/2283 2175/2175/2175 2177/2177/2177
f 2281/2281/2281 2279/2279/2279 2173/2173/2173
f 2281/2281/2281 2173/2173/2173 2175/2175/2175
f 2279/2279/2279 2277/2277/2277 2171/2171/2171
f 2279/2279/2279 2171/2171/2171 2173/2173/2173
f 2277/2277/2277 2275/2275/2275 2168/2168/2168
f 2277/2277/2277 2168/2168/2168 2171/2171/2171
f 2274/2274/2274 2273/2273/2273 2164/2164/2164
f 2274/2274/2274 2164/2164/2164 2167/2167/2167
f 2273/2273/2273 2272/2272/2272 2162/2162/2162
f 2273/2273/2273 2162/2162/2162 2164/2164/2164
f 2272/2272/2272 2270/2270/2270 2160/2160/2160
f 2272/2272/2272 2160/2160/2160 2162/2162/2162
f 2270/2270/2270 2268/2268/2268 2158/2158/2158
f 2270/2270/2270 2158/2158/2158 2160/2160/2160
f 2268/2268/2268 2266/2266/2266 2156/2156/2156
f 2268/2268/2268 2156/2156/2156 2158/2158/2158
f 2266/2266/2266 2264/2264/2264 2154/2154/2154
f 2266/2266/2266 2154/2154/2154 2156/2156/2156
f 2264/2264/2264 2262/2262/2262 2152/2152/2152
f 2264/2264/2264 2152/2152/2152 2154/2154/2154
f 2262/2262/2262 2261/2261/2261 2151/2151/2151
f 2262/2262/2262 2151/2151/2151 2152/2152/2152
f 2261/2261/2261 2263/2263/2263 2153/2153/2153
f 2261/2261/2261 2153/2153/2153 2151/2151/2151
f 2263/2263/2263 2265/2265/2265 2155/2155/2155
f 2263/2263/2263 2155/2155/2155 2153/2153/2153
f 2265/2265/2265 2267/2267/2267 2157/2157/2157
f 2265/2265/2265 2157/2157/2157 2155/2155/2155
f 2267/2267/2267 2269/2269/2269 2159/2159/2159
f 2267/2267/2267 2159/2159/2159 2157/2157/2157
f 2269/2269/2269 2271/2271/2271 2161/2161/2161
f 2269/2269/2269 2161/2161/2161 2159/2159/2159
f 2276/2276/2276 2278/2278/2278 2172/2172/2172
f 2276/2276/2276 2172/2172/2172 2170/2170/2170
f 2278/2278/2278 2280/2280/2280 2174/2174/2174
f 2278/2278/2278 2174/2174/2174 2172/2172/2172
f 2280/2280/2280 2282/2282/2282 2176/2176/2176
f 2280/2280/2280 2176/2176/2176 2174/2174/2174
f 2282/2282/2282 2284/2284/2284 2178/2178/2178
f 2282/2282/2282 2178/2178/2178 2176/2176/2176
f 2284/2284/2284 2286/2286/2286 2180/2180/2180
f 2284/2284/2284 2180/2180/2180 2178/2178/2178
f 2286/2286/2286 2285/2285/2285 2179/2179/2179
f 2286/2286/2286 2179/2179/2179 2180/2180/2180
f 2179/2179/2179 2177/2177/2177 2147/2147/2147
f 2179/2179/2179 2147/2147/2147 2149/2149/2149
f 2177/2177/2177 2175/2175/2175 2145/2145/2145
f 2177/2177/2177 2145/2145/2145 2147/2147/2147
f 2175/2175/2175 2173/2173/2173 2142/2142/2142
f 2175/2175/2175 2142/2142/2142 2145/2145/2145
f 2173/2173/2173 2171/2171/2171 2141/2141/2141
f 2173/2173/2173 2141/2141/2141 2142/2142/2142
f 2171/2171/2171 2168/2168/2168 2138/2138/2138
f 2171/2171/2171 2138/2138/2138 2141/2141/2141
f 2168/2168/2168 2167/2167/2167 2136/2136/2136
f 2168/2168/2168 2136/2136/2136 2138/2138/2138
f 2167/2167/2167 2164/2164/2164 2134/2134/2134
f 2167/2167/2167 2134/2134/2134 2136/2136/2136
f 2164/2164/2164 2162/2162/2162 2132/2132/2132
f 2164/2164/2164 2132/2132/2132 2134/2134/2134
f 2162/2162/2162 2160/2160/2160 2130/2130/2130
f 2162/2162/2162 2130/2130/2130 2132/2132/2132
f 2160/2160/2160 2158/2158/2158 2128/2128/2128
f 2160/2160/2160 2128/2128/2128 2130/2130/2130
f 2158/2158/2158 2156/2156/2156 2126/2126/2126
f 2158/2158/2158 2126/2126/2126 2128/2128/2128
f 2156/2156/2156 2154/2154/2154 2124/2124/2124
f 2156/2156/2156 2124/2124/2124 2126/2126/2126
f 2154/2154/2154 2152/2152/2152 2122/2122/2122
f 2154/2154/2154 2122/2122/2122 2124/2124/2124
f 2152/2152/2152 2151/2151/2151 2121/2121/2121
f 2152/2152/2152 2121/2121/2121 2122/2122/2122
f 2151/2151/2151 2153/2153/2153 2123/2123/2123
f 2151/2151/2151 2123/2123/2123 2121/2121/2121
f 2153/2153/2153 2155/2155/2155 2125/2125/2125
f 2153/2153/2153 2125/2125/2125 2123/2123/2123
f 2155/2155/2155 2157/2157/2157 2127/2127/2127
f 2155/2155/2155 2127/2127/2127 2125/2125/2125
f 2157/2157/2157 2159/2159/2159 2129/2129/2129
f 2157/2157/2157 2129/2129/2129 2127/2127/2127
f 2159/2159/2159 2161/2161/2161 2131/2131/2131
f 2159/2159/2159 2131/2131/2131 2129/2129/2129
f 2161/2161/2161 2163/2163/2163 2133/2133/2133
f 2161/2161/2161 2133/2133/2133 2131/2131/2131
f 2163/2163/2163 2165/2165/2165 2135/2135/2135
f 2163/2163/2163 2135/2135/2135 2133/2133/2133
f 2165/2165/2165 2166/2166/2166 2137/2137/2137
f 2165/2165/2165 2137/2137/2137 2135/2135/2135
f 2166/2166/2166 2169/2169/2169 2139/2139/2139
f 2166/2166/2166 2139/2139/2139 2137/2137/2137
f 2169/2169/2169 2170/2170/2170 2140/2140/2140
f 2169/2169/2169 2140/2140/2140 2139/2139/2139
f 2170/2170/2170 2172/2172/2172 2143/2143/2143
f 2170/2170/2170 2143/2143/2143 2140/2140/2140
f 2172/2172/2172 2174/2174/2174 2144/2144/2144
f 2172/2172/2172 2144/2144/2144 2143/2143/2143
f 2174/2174/2174 2176/2176/2176 2146/2146/2146
f 2174/2174/2174 2146/2146/2146 2144/2144/2144
f 2176/2176/2176 2178/2178/2178 2148/2148/2148
f 2176/2176/2176 2148/2148/2148 2146/2146/2146
f 2178/2178/2178 2180/2180/2180 2150/2150/2150
f 2178/2178/2178 2150/2150/2150 2148/2148/2148
f 2180/2180/2180 2179/2179/2179 2149/2149/2149
f 2180/2180/2180 2149/2149/2149 2150/2150/2150
f 2149/2149/2149 2147/2147/2147 2117/2117/2117
f 2149/2149/2149 2117/2117/2117 2119/2119/2119
f 2147/2147/2147 2145/2145/2145 2115/2115/2115
f 2147/2147/2147 2115/2115/2115 2117/2117/2117
f 2145/2145/2145 2142/2142/2142 2113/2113/2113
f 2145/2145/2145 2113/2113/2113 2115/2115/2115
f 2142/2142/2142 2141/2141/2141 2111/2111/2111
f 2142/2142/2142 2111/2111/2111 2113/2113/2113
f 2141/2141/2141 2138/2138/2138 2109/2109/2109
f 2141/2141/2141 2109/2109/2109 2111/2111/2111
f 2138/2138/2138 2136/2136/2136 2108/2108/2108
f 2138/2138/2138 2108/2108/2108 2109/2109/2109
f 2136/2136/2136 2134/2134/2134 2107/2107/2107
f 2136/2136/2136 2107/2107/2107 2108/2108/2108
f 2134/2134/2134 2132/2132/2132 2106/2106/2106
f 2134/2134/2134 2106/2106/2106 2107/2107/2107
f 2132/2132/2132 2130/2130/2130 2104/2104/2104
f 2132/2132/2132 2104/2104/2104 2106/2106/2106
f 2130/2130/2130 2128/2128/2128 2102/2102/2102
f 2130/2130/2130 2102/2102/2102 2104/2104/2104
f 2128/2128/2128 2126/2126/2126 2100/2100/2100
f 2128/2128/2128 2100/2100/2100 2102/2102/2102
f 2126/2126/2126 2124/2124/2124 2098/2098/2098
f 2126/2126/2126 2098/2098/2098 2100/2100/2100
f 2124/2124/2124 2122/2122/2122 2096/2096/2096
f 2124/2124/2124 2096/2096/2096 2098/2098/2098
f 2122/2122/2122 2121/2121/2121 2095/2095/2095
f 2122/2122/2122 2095/2095/2095 2096/2096/2096
f 2121/2121/2121 2123/2123/2123 2097/2097/2097
f 2121/2121/2121 2097/2097/2097 2095/2095/2095
f 2123/2123/2123 2125/2125/2125 2099/2099/2099
f 2123/2123/2123 2099/2099/2099 2097/2097/2097
f 2125/2125/2125 2127/2127/2127 2101/2101/2101
f 2125/2125/2125 2101/2101/2101 2099/2099/2099
f 2127/2127/2127 2129/2129/2129 2103/2103/2103
f 2127/2127/2127 2103/2103/2103 2101/2101/2101
f 2129/2129/2129 2131/2131/2131 2105/2105/2105
f 2129/2129/2129 2105/2105/2105 2103/2103/2103
f 2140/2140/2140 2143/2143/2143 2112/2112/2112
f 2140/2140/2140 2112/2112/2112 2110/2110/2110
f 2143/2143/2143 2144/2144/2144 2114/2114/2114
f 2143/2143/2143 2114/2114/2114 2112/2112/2112
f 2144/2144/2144 2146/2146/2146 2116/2116/2116
f 2144/2144/2144 2116/2116/2116 2114/2114/2114
f 2146/2146/2146 2148/2148/2148 2118/2118/2118
f 2146/2146/2146 2118/2118/2118 2116/2116/2116
f 2148/2148/2148 2150/2150/2150 2120/2120/2120
f 2148/2148/2148 2120/2120/2120 2118/2118/2118
f 2150/2150/2150 2149/2149/2149 2119/2119/2119
f 2150/2150/2150 2119/2119/2119 2120/2120/2120
f 2119/2119/2119 2117/2117/2117 2091/2091/2091
f 2119/2119/2119 2091/2091/2091 2093/2093/2093
f 2117/2117/2117 2115/2115/2115 2089/2089/2089
f 2117/2117/2117 2089/2089/2089 2091/2091/2091
f 2115/2115/2115 2113/2113/2113 2087/2087/2087
f 2115/2115/2115 2087/2087/2087 2089/2089/2089
f 2113/2113/2113 2111/2111/2111 2085/2085/2085
f 2113/2113/2113 2085/2085/2085 2087/2087/2087
f 2111/2111/2111 2109/2109/2109 2083/2083/2083
f 2111/2111/2111 2083/2083/2083 2085/2085/2085
f 2109/2109/2109 2108/2108/2108 2082/2082/2082
f 2109/2109/2109 2082/2082/2082 2083/2083/2083
f 2108/2108/2108 2107/2107/2107 2081/2081/2081
f 2108/2108/2108 2081/2081/2081 2082/2082/2082
f 2107/2107/2107 2106/2106/2106 2080/2080/2080
f 2107/2107/2107 2080/2080/2080 2081/2081/2081
f 2106/2106/2106 2104/2104/2104 2078/2078/2078
f 2106/2106/2106 2078/2078/2078 2080/2080/2080
f 2104/2104/2104 2102/2102/2102 2076/2076/2076
f 2104/2104/2104 2076/2076/2076 2078/2078/2078
f 2102/2102/2102 2100/2100/2100 2074/2074/2074
f 2102/2102/2102 2074/2074/2074 2076/2076/2076
f 2100/2100/2100 2098/2098/2098 2072/2072/2072
f 2100/2100/2100 2072/2072/2072 2074/2074/2074
f 2098/2098/2098 2096/2096/2096 2070/2070/2070
f 2098/2098/2098 2070/2070/2070 2072/2072/2072
f 2096/2096/2096 2095/2095/2095 2069/2069/2069
f 2096/2096/2096 2069/2069/2069 2070/2070/2070
f 2095/2095/2095 2097/2097/2097 2071/2071/2071
f 2095/2095/2095 2071/2071/2071 2069/2069/2069
f 2097/2097/2097 2099/2099/2099 2073/2073/2073
f 2097/2097/2097 2073/2073/2073 2071/2071/2071
f 2099/2099/2099 2101/2101/2101 2075/2075/2075
f 2099/2099/2099 2075/2075/2075 2073/2073/2073
f 2101/2101/2101 2103/2103/2103 2077/2077/2077
f 2101/2101/2101 2077/2077/2077 2075/2075/2075
f 2103/2103/2103 2105/2105/2105 2079/2079/2079
f 2103/2103/2103 2079/2079/2079 2077/2077/2077
f 2110/2110/2110 2112/2112/2112 2086/2086/2086
f 2110/2110/2110 2086/2086/2086 2084/2084/2084
f 2112/2112/2112 2114/2114/2114 2088/2088/2088
f 2112/2112/2112 2088/2088/2088 2086/2086/2086
f 2114/2114/2114 2116/2116/2116 2090/2090/2090
f 2114/2114/2114 2090/2090/2090 2088/2088/2088
f 2116/2116/2116 2118/2118/2118 2092/2092/2092
f 2116/2116/2116 2092/2092/2092 2090/2090/2090
f 2118/2118/2118 2120/2120/2120 2094/2094/2094
f 2118/2118/2118 2094/2094/2094 2092/2092/2092
f 2120/2120/2120 2119/2119/2119 2093/2093/2093
f 2120/2120/2120 2093/2093/2093 2094/2094/2094
f 2093/2093/2093 2091/2091/2091 2065/2065/2065
f 2093/2093/2093 2065/2065/2065 2067/2067/2067
f 2091/2091/2091 2089/2089/2089 2063/2063/2063
f 2091/2091/2091 2063/2063/2063 2065/2065/2065
f 2089/2089/2089 2087/2087/2087 2061/2061/2061
f 2089/2089/2089 2061/2061/2061 2063/2063/2063
f 2087/2087/2087 2085/2085/2085 2059/2059/2059
f 2087/2087/2087 2059/2059/2059 2061/2061/2061
f 2085/2085/2085 2083/2083/2083 2057/2057/2057
f 2085/2085/2085 2057/2057/2057 2059/2059/2059
f 2083/2083/2083 2082/2082/2082 2056/2056/2056
f 2083/2083/2083 2056/2056/2056 2057/2057/2057
f 2082/2082/2082 2081/2081/2081 2055/2055/2055
f 2082/2082/2082 2055/2055/2055 2056/2056/2056
f 2081/2081/2081 2080/2080/2080 2054/2054/2054
f 2081/2081/2081 2054/2054/2054 2055/2055/2055
f 2080/2080/2080 2078/2078/2078 2052/2052/2052
f 2080/2080/2080 2052/2052/2052 2054/2054/2054
f 2078/2078/2078 2076/2076/2076 2050/2050/2050
f 2078/2078/2078 2050/2050/2050 2052/2052/2052
f 2076/2076/2076 2074/2074/2074 2048/2048/2048
f 2076/2076/2076 2048/2048/2048 2050/2050/2050
f 2074/2074/2074 2072/2072/2072 2046/2046/2046
f 2074/2074/2074 2046/2046/2046 2048/2048/2048
f 2072/2072/2072 2070/2070/2070 2044/2044/2044
f 2072/2072/2072 2044/2044/2044 2046/2046/2046
f 2070/2070/2070 2069/2069/2069 2043/2043/2043
f 2070/2070/2070 2043/2043/2043 2044/2044/2044
f 2069/2069/2069 2071/2071/2071 2045/2045/2045
f 2069/2069/2069 2045/2045/2045 2043/2043/2043
f 2071/2071/2071 2073/2073/2073 2047/2047/2047
f 2071/2071/2071 2047/2047/2047 2045/2045/2045
f 2073/2073/2073 2075/2075/2075 2049/2049/2049
f 2073/2073/2073 2049/2049/2049 2047/2047/2047
f 2075/2075/2075 2077/2077/2077 2051/2051/2051
f 2075/2075/2075 2051/2051/2051 2049/2049/2049
f 2077/2077/2077 2079/2079/2079 2053/2053/2053
f 2077/2077/2077 2053/2053/2053 2051/2051/2051
f 2084/2084/2084 2086/2086/2086 2060/2060/2060
f 2084/2084/2084 2060/2060/2060 2058/2058/2058
f 2086/2086/2086 2088/2088/2088 2062/2062/2062
f 2086/2086/2086 2062/2062/2062 2060/2060/2060
f 2088/2088/2088 2090/2090/2090 2064/2064/2064
f 2088/2088/2088 2064/2064/2064 2062/2062/2062
f 2090/2090/2090 2092/2092/2092 2066/2066/2066
f 2090/2090/2090 2066/2066/2066 2064/2064/2064
f 2092/2092/2092 2094/2094/2094 2068/2068/2068
f 2092/2092/2092 2068/2068/2068 2066/2066/2066
f 2094/2094/2094 2093/2093/2093 2067/2067/2067
f 2094/2094/2094 2067/2067/2067 2068/2068/2068
f 2067/2067/2067 2065/2065/2065 1941/1941/1941
f 2067/2067/2067 1941/1941/1941 1943/1943/1943
f 2065/2065/2065 2063/2063/2063 1939/1939/1939
f 2065/2065/2065 1939/1939/1939 1941/1941/1941
f 2063/2063/2063 2061/2061/2061 1936/1936/1936
f 2063/2063/2063 1936/1936/1936 1939/1939/1939
f 2061/2061/2061 2059/2059/2059 1935/1935/1935
f 2061/2061/2061 1935/1935/1935 1936/1936/1936
f 2059/2059/2059 2057/2057/2057 1933/1933/1933
f 2059/2059/2059 1933/1933/1933 1935/1935/1935
f 2057/2057/2057 2056/2056/2056 1932/1932/1932
f 2057/2057/2057 1932/1932/1932 1933/1933/1933
f 2056/2056/2056 2055/2055/2055 1931/1931/1931
f 2056/2056/2056 1931/1931/1931 1932/1932/1932
f 2055/2055/2055 2054/2054/2054 1930/1930/1930
f 2055/2055/2055 1930/1930/1930 1931/1931/1931
f 2054/2054/2054 2052/2052/2052 1928/1928/1928
f 2054/2054/2054 1928/1928/1928 1930/1930/1930
f 2052/2052/2052 2050/2050/2050 1926/1926/1926
f 2052/2052/2052 1926/1926/1926 1928/1928/1928
f 2050/2050/2050 2048/2048/2048 1924/1924/1924
f 2050/2050/2050 1924/1924/1924 1926/1926/1926
f 2048/2048/2048 2046/2046/2046 1922/1922/1922
f 2048/2048/2048 1922/1922/1922 1924/1924/1924
f 2046/2046/2046 2044/2044/2044 1920/1920/1920
f 2046/2046/2046 1920/1920/1920 1922/1922/1922
f 2044/2044/2044 2043/2043/2043 1919/1919/1919
f 2044/2044/2044 1919/1919/1919 1920/1920/1920
f 2043/2043/2043 2045/2045/2045 1921/1921/1921
f 2043/2043/2043 1921/1921/1921 1919/1919/1919
f 2045/2045/2045 2047/2047/2047 1923/1923/1923
f 2045/2045/2045 1923/1923/1923 1921/1921/1921
f 2047/2047/2047 2049/2049/2049 1925/1925/1925
f 2047/2047/2047 1925/1925/1925 1923/1923/1923
f 2049/2049/2049 2051/2051/2051 1927/1927/1927
f 2049/2049/2049 1927/1927/1927 1925/1925/1925
f 2051/2051/2051 2053/2053/2053 1929/1929/1929
f 2051/2051/2051 1929/1929/1929 1927/1927/1927
f 2058/2058/2058 2060/2060/2060 1937/1937/1937
f 2058/2058/2058 1937/1937/1937 1934/1934/1934
f 2060/2060/2060 2062/2062/2062 1938/1938/1938
f 2060/2060/2060 1938/1938/1938 1937/1937/1937
f 2062/2062/2062 2064/2064/2064 1940/1940/1940
f 2062/2062/2062 1940/1940/1940 1938/1938/1938
f 2064/2064/2064 2066/2066/2066 1942/1942/1942
f 2064/2064/2064 1942/1942/1942 1940/1940/1940
f 2066/2066/2066 2068/2068/2068 1944/1944/1944
f 2066/2066/2066 1944/1944/1944 1942/1942/1942
f 2068/2068/2068 2067/2067/2067 1943/1943/1943
f 2068/2068/2068 1943/1943/1943 1944/1944/1944
f 1943/1943/1943 1941/1941/1941 1589/1589/1589
f 1943/1943/1943 1589/1589/1589 1591/1591/1591
f 1941/1941/1941 1939/1939/1939 1587/1587/1587
f 1941/1941/1941 1587/1587/1587 1589/1589/1589
f 1939/1939/1939 1936/1936/1936 1585/1585/1585
f 1939/1939/1939 1585/1585/1585 1587/1587/1587
f 1936/1936/1936 1935/1935/1935 1583/1583/1583
f 1936/1936/1936 1583/1583/1583 1585/1585/1585
f 1935/1935/1935 1933/1933/1933 1581/1581/1581
f 1935/1935/1935 1581/1581/1581 1583/1583/1583
f 1933/1933/1933 1932/1932/1932 1580/1580/1580
f 1933/1933/1933 1580/1580/1580 1581/1581/1581
f 1932/1932/1932 1931/1931/1931 1579/1579/1579
f 1932/1932/1932 1579/1579/1579 1580/1580/1580
f 1931/1931/1931 1930/1930/1930 1578/1578/1578
f 1931/1931/1931 1578/1578/1578 1579/1579/1579
f 1930/1930/1930 1928/1928/1928 1576/1576/1576
f 1930/1930/1930 1576/1576/1576 1578/1578/1578
f 1928/1928/1928 1926/1926/1926 1574/1574/1574
f 1928/1928/1928 1574/1574/1574 1576/1576/1576
f 1926/1926/1926 1924/1924/1924 1572/1572/1572
f 1926/1926/1926 1572/1572/1572 1574/1574/1574
f 1924/1924/1924 1922/1922/1922 1570/1570/1570
f 1924/1924/1924 1570/1570/1570 1572/1572/1572
f 1922/1922/1922 1920/1920/1920 1568/1568/1568
f 1922/1922/1922 1568/1568/1568 1570/1570/1570
f 1920/1920/1920 1919/1919/1919 1567/1567/1567
f 1920/1920/1920 1567/1567/1567 1568/1568/1568
f 1919/1919/1919 1921/1921/1921 1569/1569/1569
f 1919/1919/1919 1569/1569/1569 1567/1567/1567
f 1921/1921/1921 1923/1923/1923 1571/1571/1571
f 1921/1921/1921 1571/1571/1571 1569/1569/1569
f 1923/1923/1923 1925/1925/1925 1573/1573/1573
f 1923/1923/1923 1573/1573/1573 1571/1571/1571
f 1925/1925/1925 1927/1927/1927 1575/1575/1575
f 1925/1925/1925 1575/1575/1575 1573/1573/1573
f 1927/1927/1927 1929/1929/1929 1577/1577/1577
f 1927/1927/1927 1577/1577/1577 1575/1575/1575
f 1934/1934/1934 1937/1937/1937 1584/1584/1584
f 1934/1934/1934 1584/1584/1584 1582/1582/1582
f 1937/1937/1937 1938/1938/1938 1586/1586/1586
f 1937/1937/1937 1586/1586/1586 1584/1584/1584
f 1938/1938/1938 1940/1940/1940 1588/1588/1588
f 1938/1938/1938 1588/1588/1588 1586/1586/1586
f 1940/1940/1940 1942/1942/1942 1590/1590/1590
f 1940/1940/1940 1590/1590/1590 1588/1588/1588
f 1942/1942/1942 1944/1944/1944 1592/1592/1592
f 1942/1942/1942 1592/1592/1592 1590/1590/1590
f 1944/1944/1944 1943/1943/1943 1591/1591/1591
f 1944/1944/1944 1591/1591/1591 1592/1592/1592
f 1591/1591/1591 1589/1589/1589 1465/1465/1465
f 1591/1591/1591 1465/1465/1465 1466/1466/1466
f 1589/1589/1589 1587/1587/1587 1463/1463/1463
f 1589/1589/1589 1463/1463/1463 1465/1465/1465
f 1587/1587/1587 1585/1585/1585 1461/1461/1461
f 1587/1587/1587 1461/1461/1461 1463/1463/1463
f 1585/1585/1585 1583/1583/1583 1459/1459/1459
f 1585/1585/1585 1459/1459/1459 1461/1461/1461
f 1583/1583/1583 1581/1581/1581 1456/1456/1456
f 1583/1583/1583 1456/1456/1456 1459/1459/1459
f 1581/1581/1581 1580/1580/1580 1455/1455/1455
f 1581/1581/1581 1455/1455/1455 1456/1456/1456
f 1580/1580/1580 1579/1579/1579 1453/1453/1453
f 1580/1580/1580 1453/1453/1453 1455/1455/1455
f 1579/1579/1579 1578/1578/1578 1450/1450/1450
f 1579/1579/1579 1450/1450/1450 1453/1453/1453
f 1578/1578/1578 1576/1576/1576 1448/1448/1448
f 1578/1578/1578 1448/1448/1448 1450/1450/1450
f 1576/1576/1576 1574/1574/1574 1446/1446/1446
f 1576/1576/1576 1446/1446/1446 1448/1448/1448
f 1574/1574/1574 1572/1572/1572 1444/1444/1444
f 1574/1574/1574 1444/1444/1444 1446/1446/1446
f 1572/1572/1572 1570/1570/1570 1442/1442/1442
f 1572/1572/1572 1442/1442/1442 1444/1444/1444
f 1570/1570/1570 1568/1568/1568 1440/1440/1440
f 1570/1570/1570 1440/1440/1440 1442/1442/1442
f 1568/1568/1568 1567/1567/1567 1439/1439/1439
f 1568/1568/1568 1439/1439/1439 1440/1440/1440
f 1567/1567/1567 1569/1569/1569 1441/1441/1441
f 1567/1567/1567 1441/1441/1441 1439/1439/1439
f 1569/1569/1569 1571/1571/1571 1443/1443/1443
f 1569/1569/1569 1443/1443/1443 1441/1441/1441
f 1571/1571/1571 1573/1573/1573 1445/1445/1445
f 1571/1571/1571 1445/1445/1445 1443/1443/1443
f 1573/1573/1573 1575/1575/1575 1447/1447/1447
f 1573/1573/1573 1447/1447/1447 1445/1445/1445
f 1575/1575/1575 1577/1577/1577 1449/1449/1449
f 1575/1575/1575 1449/1449/1449 1447/1447/1447
f 1582/1582/1582 1584/1584/1584 1460/1460/1460
f 1582/1582/1582 1460/1460/1460 1458/1458/1458
f 1584/1584/1584 1586/1586/1586 1462/1462/1462
f 1584/1584/1584 1462/1462/1462 1460/1460/1460
f 1586/1586/1586 1588/1588/1588 1464/1464/1464
f 1586/1586/1586 1464/1464/1464 1462/1462/1462
f 1588/1588/1588 1590/1590/1590 1467/1467/1467
f 1588/1588/1588 1467/1467/1467 1464/1464/1464
f 1590/1590/1590 1592/1592/1592 1468/1468/1468
f 1590/1590/1590 1468/1468/1468 1467/1467/1467
f 1592/1592/1592 1591/1591/1591 1466/1466/1466
f 1592/1592/1592 1466/1466/1466 1468/1468/1468
f 1466/1466/1466 1465/1465/1465 1329/1329/1329
f 1466/1466/1466 1329/1329/1329 1331/1331/1331
f 1465/1465/1465 1463/1463/1463 1327/1327/1327
f 1465/1465/1465 1327/1327/1327 1329/1329/1329
f 1463/1463/1463 1461/1461/1461 1325/1325/1325
f 1463/1463/1463 1325/1325/1325 1327/1327/1327
f 1461/1461/1461 1459/1459/1459 1323/1323/1323
f 1461/1461/1461 1323/1323/1323 1325/1325/1325
f 1459/1459/1459 1456/1456/1456 1320/1320/1320
f 1459/1459/1459 1320/1320/1320 1323/1323/1323
f 1456/1456/1456 1455/1455/1455 1318/1318/1318
f 1456/1456/1456 1318/1318/1318 1320/1320/1320
f 1455/1455/1455 1453/1453/1453 1316/1316/1316
f 1455/1455/1455 1316/1316/1316 1318/1318/1318
f 1453/1453/1453 1450/1450/1450 1314/1314/1314
f 1453/1453/1453 1314/1314/1314 1316/1316/1316
f 1450/1450/1450 1448/1448/1448 1312/1312/1312
f 1450/1450/1450 1312/1312/1312 1314/1314/1314
f 1448/1448/1448 1446/1446/1446 1310/1310/1310
f 1448/1448/1448 1310/1310/1310 1312/1312/1312
f 1446/1446/1446 1444/1444/1444 1308/1308/1308
f 1446/1446/1446 1308/1308/1308 1310/1310/1310
f 1444/1444/1444 1442/1442/1442 1306/1306/1306
f 1444/1444/1444 1306/1306/1306 1308/1308/1308
f 1442/1442/1442 1440/1440/1440 1304/1304/1304
f 1442/1442/1442 1304/1304/1304 1306/1306/1306
f 1440/1440/1440 1439/1439/1439 1303/1303/1303
f 1440/1440/1440 1303/1303/1303 1304/1304/1304
f 1439/1439/1439 1441/1441/1441 1305/1305/1305
f 1439/1439/1439 1305/1305/1305 1303/1303/1303
f 1441/1441/1441 1443/1443/1443 1307/1307/1307
f 1441/1441/1441 1307/1307/1307 1305/1305/1305
f 1443/1443/1443 1445/1445/1445 1309/1309/1309
f 1443/1443/1443 1309/1309/1309 1307/1307/1307
f 1445/1445/1445 1447/1447/1447 1311/1311/1311
f 1445/1445/1445 1311/1311/1311 1309/1309/1309
f 1447/1447/1447 1449/1449/1449 1313/1313/1313
f 1447/1447/1447 1313/1313/1313 1311/1311/1311
f 1449/1449/1449 1451/1451/1451 1315/1315/1315
f 1449/1449/1449 1315/1315/1315 1313/1313/1313
f 1451/1451/1451 1452/1452/1452 1317/1317/1317
f 1451/1451/1451 1317/1317/1317 1315/1315/1315
f 1452/1452/1452 1454/1454/1454 1319/1319/1319
f 1452/1452/1452 1319/1319/1319 1317/1317/1317
f 1454/1454/1454 1457/1457/1457 1321/1321/1321
f 1454/1454/1454 1321/1321/1321 1319/1319/1319
f 1457/1457/1457 1458/1458/1458 1322/1322/1322
f 1457/1457/1457 1322/1322/1322 1321/1321/1321
f 1458/1458/1458 1460/1460/1460 1324/1324/1324
f 1458/1458/1458 1324/1324/1324 1322/1322/1322
f 1460/1460/1460 1462/1462/1462 1326/1326/1326
f 1460/1460/1460 1326/1326/1326 1324/1324/1324
f 1462/1462/1462 1464/1464/1464 1328/1328/1328
f 1462/1462/1462 1328/1328/1328 1326/1326/1326
f 1464/1464/1464 1467/1467/1467 1330/1330/1330
f 1464/1464/1464 1330/1330/1330 1328/1328/1328
f 1467/1467/1467 1468/1468/1468 1332/1332/1332
f 1467/1467/1467 1332/1332/1332 1330/1330/1330
f 1468/1468/1468 1466/1466/1466 1331/1331/1331
f 1468/1468/1468 1331/1331/1331 1332/1332/1332
f 1331/1331/1331 1329/1329/1329 1185/1185/1185
f 1331/1331/1331 1185/1185/1185 1187/1187/1187
f 1329/1329/1329 1327/1327/1327 1183/1183/1183
f 1329/1329/1329 1183/1183/1183 1185/1185/1185
f 1327/1327/1327 1325/1325/1325 1180/1180/1180
f 1327/1327/1327 1180/1180/1180 1183/1183/1183
f 1325/1325/1325 1323/1323/1323 1178/1178/1178
f 1325/1325/1325 1178/1178/1178 1180/1180/1180
f 1323/1323/1323 1320/1320/1320 1177/1177/1177
f 1323/1323/1323 1177/1177/1177 1178/1178/1178
f 1320/1320/1320 1318/1318/1318 1174/1174/1174
f 1320/1320/1320 1174/1174/1174 1177/1177/1177
f 1318/1318/1318 1316/1316/1316 1172/1172/1172
f 1318/1318/1318 1172/1172/1172 1174/1174/1174
f 1316/1316/1316 1314/1314/1314 1171/1171/1171
f 1316/1316/1316 1171/1171/1171 1172/1172/1172
f 1314/1314/1314 1312/1312/1312 1168/1168/1168
f 1314/1314/1314 1168/1168/1168 1171/1171/1171
f 1312/1312/1312 1310/1310/1310 1166/1166/1166
f 1312/1312/1312 1166/1166/1166 1168/1168/1168
f 1310/1310/1310 1308/1308/1308 1164/1164/1164
f 1310/1310/1310 1164/1164/1164 1166/1166/1166
f 1308/1308/1308 1306/1306/1306 1162/1162/1162
f 1308/1308/1308 1162/1162/1162 1164/1164/1164
f 1306/1306/1306 1304/1304/1304 1160/1160/1160
f 1306/1306/1306 1160/1160/1160 1162/1162/1162
f 1304/1304/1304 1303/1303/1303 1159/1159/1159
f 1304/1304/1304 1159/1159/1159 1160/1160/1160
f 1303/1303/1303 1305/1305/1305 1161/1161/1161
f 1303/1303/1303 1161/1161/1161 1159/1159/1159
f 1305/1305/1305 1307/1307/1307 1163/1163/1163
f 1305/1305/1305 1163/1163/1163 1161/1161/1161
f 1307/1307/1307 1309/1309/1309 1165/1165/1165
f 1307/1307/1307 1165/1165/1165 1163/1163/1163
f 1309/1309/1309 1311/1311/1311 1167/1167/1167
f 1309/1309/1309 1167/1167/1167 1165/1165/1165
f 1311/1311/1311 1313/1313/1313 1169/1169/1169
f 1311/1311/1311 1169/1169/1169 1167/1167/1167
f 1313/1313/1313 1315/1315/1315 1170/1170/1170
f 1313/1313/1313 1170/1170/1170 1169/1169/1169
f 1315/1315/1315 1317/1317/1317 1173/1173/1173
f 1315/1315/1315 1173/1173/1173 1170/1170/1170
f 1317/1317/1317 1319/1319/1319 1175/1175/1175
f 1317/1317/1317 1175/1175/1175 1173/1173/1173
f 1319/1319/1319 1321/1321/1321 1176/1176/1176
f 1319/1319/1319 1176/1176/1176 1175/1175/1175
f 1321/1321/1321 1322/1322/1322 1179/1179/1179
f 1321/1321/1321 1179/1179/1179 1176/1176/1176
f 1322/1322/1322 1324/1324/1324 1181/1181/1181
f 1322/1322/1322 1181/1181/1181 1179/1179/1179
f 1324/1324/1324 1326/1326/1326 1182/1182/1182
f 1324/1324/1324 1182/1182/1182 1181/1181/1181
f 1326/1326/1326 1328/1328/1328 1184/1184/1184
f 1326/1326/1326 1184/1184/1184 1182/1182/1182
f 1328/1328/1328 1330/1330/1330 1186/1186/1186
f 1328/1328/1328 1186/1186/1186 1184/1184/1184
f 1330/1330/1330 1332/1332/1332 1188/1188/1188
f 1330/1330/1330 1188/1188/1188 1186/1186/1186
f 1332/1332/1332 1331/1331/1331 1187/1187/1187
f 1332/1332/1332 1187/1187/1187 1188/1188/1188
f 1187/1187/1187 1185/1185/1185 1082/1082/1082
f 1187/1187/1187 1082/1082/1082 1084/1084/1084
f 1185/1185/1185 1183/1183/1183 1079/1079/1079
f 1185/1185/1185 1079/1079/1079 1082/1082/1082
f 1183/1183/1183 1180/1180/1180 1077/1077/1077
f 1183/1183/1183 1077/1077/1077 1079/1079/1079
f 1180/1180/1180 1178/1178/1178 1075/1075/1075
f 1180/1180/1180 1075/1075/1075 1077/1077/1077
f 1178/1178/1178 1177/1177/1177 1073/1073/1073
f 1178/1178/1178 1073/1073/1073 1075/1075/1075
f 1177/1177/1177 1174/1174/1174 1071/1071/1071
f 1177/1177/1177 1071/1071/1071 1073/1073/1073
f 1174/1174/1174 1172/1172/1172 1069/1069/1069
f 1174/1174/1174 1069/1069/1069 1071/1071/1071
f 1172/1172/1172 1171/1171/1171 1067/1067/1067
f 1172/1172/1172 1067/1067/1067 1069/1069/1069
f 1171/1171/1171 1168/1168/1168 1065/1065/1065
f 1171/1171/1171 1065/1065/1065 1067/1067/1067
f 1168/1168/1168 1166/1166/1166 1063/1063/1063
f 1168/1168/1168 1063/1063/1063 1065/1065/1065
f 1166/1166/1166 1164/1164/1164 1061/1061/1061
f 1166/1166/1166 1061/1061/1061 1063/1063/1063
f 1164/1164/1164 1162/1162/1162 1059/1059/1059
f 1164/1164/1164 1059/1059/1059 1061/1061/1061
f 1162/1162/1162 1160/1160/1160 1057/1057/1057
f 1162/1162/1162 1057/1057/1057 1059/1059/1059
f 1160/1160/1160 1159/1159/1159 1056/1056/1056
f 1160/1160/1160 1056/1056/1056 1057/1057/1057
f 1159/1159/1159 1161/1161/1161 1058/1058/1058
f 1159/1159/1159 1058/1058/1058 1056/1056/1056
f 1161/1161/1161 1163/1163/1163 1060/1060/1060
f 1161/1161/1161 1060/1060/1060 1058/1058/1058
f 1163/1163/1163 1165/1165/1165 1062/1062/1062
f 1163/1163/1163 1062/1062/1062 1060/1060/1060
f 1165/1165/1165 1167/1167/1167 1064/1064/1064
f 1165/1165/1165 1064/1064/1064 1062/1062/1062
f 1167/1167/1167 1169/1169/1169 1066/1066/1066
f 1167/1167/1167 1066/1066/1066 1064/1064/1064
f 1169/1169/1169 1170/1170/1170 1068/1068/1068
f 1169/1169/1169 1068/1068/1068 1066/1066/1066
f 1170/1170/1170 1173/1173/1173 1070/1070/1070
f 1170/1170/1170 1070/1070/1070 1068/1068/1068
f 1173/1173/1173 1175/1175/1175 1072/1072/1072
f 1173/1173/1173 1072/1072/1072 1070/1070/1070
f 1175/1175/1175 1176/1176/1176 1074/1074/1074
f 1175/1175/1175 1074/1074/1074 1072/1072/1072
f 1176/1176/1176 1179/1179/1179 1076/1076/1076
f 1176/1176/1176 1076/1076/1076 1074/1074/1074
f 1179/1179/1179 1181/1181/1181 1078/1078/1078
f 1179/1179/1179 1078/1078/1078 1076/1076/1076
f 1181/1181/1181 1182/1182/1182 1080/1080/1080
f 1181/1181/1181 1080/1080/1080 1078/1078/1078
f 1182/1182/1182 1184/1184/1184 1081/1081/1081
f 1182/1182/1182 1081/1081/1081 1080/1080/1080
f 1184/1184/1184 1186/1186/1186 1083/1083/1083
f 1184/1184/1184 1083/1083/1083 1081/1081/1081
f 1186/1186/1186 1188/1188/1188 1085/1085/1085
f 1186/1186/1186 1085/1085/1085 1083/1083/1083
f 1188/1188/1188 1187/1187/1187 1084/1084/1084
f 1188/1188/1188 1084/1084/1084 1085/1085/1085
f 1084/1084/1084 1082/1082/1082 1052/1052/1052
f 1084/1084/1084 1052/1052/1052 1054/1054/1054
f 1082/1082/1082 1079/1079/1079 1050/1050/1050
f 1082/1082/1082 1050/1050/1050 1052/1052/1052
f 1079/1079/1079 1077/1077/1077 1048/1048/1048
f 1079/1079/1079 1048/1048/1048 1050/1050/1050
f 1077/1077/1077 1075/1075/1075 1046/1046/1046
f 1077/1077/1077 1046/1046/1046 1048/1048/1048
f 1075/1075/1075 1073/1073/1073 1043/1043/1043
f 1075/1075/1075 1043/1043/1043 1046/1046/1046
f 1073/1073/1073 1071/1071/1071 1041/1041/1041
f 1073/1073/1073 1041/1041/1041 1043/1043/1043
f 1071/1071/1071 1069/1069/1069 1039/1039/1039
f 1071/1071/1071 1039/1039/1039 1041/1041/1041
f 1069/1069/1069 1067/1067/1067 1037/1037/1037
f 1069/1069/1069 1037/1037/1037 1039/1039/1039
f 1067/1067/1067 1065/1065/1065 1035/1035/1035
f 1067/1067/1067 1035/1035/1035 1037/1037/1037
f 1065/1065/1065 1063/1063/1063 1033/1033/1033
f 1065/1065/1065 1033/1033/1033 1035/1035/1035
f 1063/1063/1063 1061/1061/1061 1031/1031/1031
f 1063/1063/1063 1031/1031/1031 1033/1033/1033
f 1061/1061/1061 1059/1059/1059 1029/1029/1029
f 1061/1061/1061 1029/1029/1029 1031/1031/1031
f 1059/1059/1059 1057/1057/1057 1027/1027/1027
f 1059/1059/1059 1027/1027/1027 1029/1029/1029
f 1057/1057/1057 1056/1056/1056 1026/1026/1026
f 1057/1057/1057 1026/1026/1026 1027/1027/1027
f 1056/1056/1056 1058/1058/1058 1028/1028/1028
f 1056/1056/1056 1028/1028/1028 1026/1026/1026
f 1058/1058/1058 1060/1060/1060 1030/1030/1030
f 1058/1058/1058 1030/1030/1030 1028/1028/1028
f 1060/1060/1060 1062/1062/1062 1032/1032/1032
f 1060/1060/1060 1032/1032/1032 1030/1030/1030
f 1062/1062/1062 1064/1064/1064 1034/1034/1034
f 1062/1062/1062 1034/1034/1034 1032/1032/1032
f 1064/1064/1064 1066/1066/1066 1036/1036/1036
f 1064/1064/1064 1036/1036/1036 1034/1034/1034
f 1066/1066/1066 1068/1068/1068 1038/1038/1038
f 1066/1066/1066 1038/1038/1038 1036/1036/1036
f 1068/1068/1068 1070/1070/1070 1040/1040/1040
f 1068/1068/1068 1040/1040/1040 1038/1038/1038
f 1070/1070/1070 1072/1072/1072 1042/1042/1042
f 1070/1070/1070 1042/1042/1042 1040/1040/1040
f 1072/1072/1072 1074/1074/1074 1044/1044/1044
f 1072/1072/1072 1044/1044/1044 1042/1042/1042
f 1074/1074/1074 1076/1076/1076 1045/1045/1045
f 1074/1074/1074 1045/1045/1045 1044/1044/1044
f 1076/1076/1076 1078/1078/1078 1047/1047/1047
f 1076/1076/1076 1047/1047/1047 1045/1045/1045
f 1078/1078/1078 1080/1080/1080 1049/1049/1049
f 1078/1078/1078 1049/1049/1049 1047/1047/1047
f 1080/1080/1080 1081/1081/1081 1051/1051/1051
f 1080/1080/1080 1051/1051/1051 1049/1049/1049
f 1081/1081/1081 1083/1083/1083 1053/1053/1053
f 1081/1081/1081 1053/1053/1053 1051/1051/1051
f 1083/1083/1083 1085/1085/1085 1055/1055/1055
f 1083/1083/1083 1055/1055/1055 1053/1053/1053
f 1085/1085/1085 1084/1084/1084 1054/1054/1054
f 1085/1085/1085 1054/1054/1054 1055/1055/1055
f 1054/1054/1054 1052/1052/1052 1022/1022/1022
f 1054/1054/1054 1022/1022/1022 1023/1023/1023
f 1052/1052/1052 1050/1050/1050 1019/1019/1019
f 1052/1052/1052 1019/1019/1019 1022/1022/1022
f 1050/1050/1050 1048/1048/1048 1018/1018/1018
f 1050/1050/1050 1018/1018/1018 1019/1019/1019
f 1048/1048/1048 1046/1046/1046 1015/1015/1015
f 1048/1048/1048 1015/1015/1015 1018/1018/1018
f 1046/1046/1046 1043/1043/1043 1013/1013/1013
f 1046/1046/1046 1013/1013/1013 1015/1015/1015
f 1043/1043/1043 1041/1041/1041 1011/1011/1011
f 1043/1043/1043 1011/1011/1011 1013/1013/1013
f 1041/1041/1041 1039/1039/1039 1010/1010/1010
f 1041/1041/1041 1010/1010/1010 1011/1011/1011
f 1039/1039/1039 1037/1037/1037 1007/1007/1007
f 1039/1039/1039 1007/1007/1007 1010/1010/1010
f 1037/1037/1037 1035/1035/1035 1005/1005/1005
f 1037/1037/1037 1005/1005/1005 1007/1007/1007
f 1035/1035/1035 1033/1033/1033 1003/1003/1003
f 1035/1035/1035 1003/1003/1003 1005/1005/1005
f 1033/1033/1033 1031/1031/1031 1001/1001/1001
f 1033/1033/1033 1001/1001/1001 1003/1003/1003
f 1031/1031/1031 1029/1029/1029 999/999/999
f 1031/1031/1031 999/999/999 1001/1001/1001
f 1029/1029/1029 1027/1027/1027 997/997/997
f 1029/1029/1029 997/997/997 999/999/999
f 1027/1027/1027 1026/1026/1026 996/996/996
f 1027/1027/1027 996/996/996 997/997/997
f 1026/1026/1026 1028/1028/1028 998/998/998
f 1026/1026/1026 998/998/998 996/996/996
f 1028/1028/1028 1030/1030/1030 1000/1000/1000
f 1028/1028/1028 1000/1000/1000 998/998/998
f 1030/1030/1030 1032/1032/1032 1002/1002/1002
f 1030/1030/1030 1002/1002/1002 1000/1000/1000
f 1032/1032/1032 1034/1034/1034 1004/1004/1004
f 1032/1032/1032 1004/1004/1004 1002/1002/1002
f 1034/1034/1034 1036/1036/1036 1006/1006/1006
f 1034/1034/1034 1006/1006/1006 1004/1004/1004
f 1036/1036/1036 1038/1038/1038 1008/1008/1008
f 1036/1036/1036 1008/1008/1008 1006/1006/1006
f 1038/1038/1038 1040/1040/1040 1009/1009/1009
f 1038/1038/1038 1009/1009/1009 1008/1008/1008
f 1040/1040/1040 1042/1042/1042 1012/1012/1012
f 1040/1040/1040 1012/1012/1012 1009/1009/1009
f 1042/1042/1042 1044/1044/1044 1014/1014/1014
f 1042/1042/1042 1014/1014/1014 1012/1012/1012
f 1044/1044/1044 1045/1045/1045 1016/1016/1016
f 1044/1044/1044 1016/1016/1016 1014/1014/1014
f 1045/1045/1045 1047/1047/1047 1017/1017/1017
f 1045/1045/1045 1017/1017/1017 1016/1016/1016
f 1047/1047/1047 1049/1049/1049 1020/1020/1020
f 1047/1047/1047 1020/1020/1020 1017/1017/1017
f 1049/1049/1049 1051/1051/1051 1021/1021/1021
f 1049/1049/1049 1021/1021/1021 1020/1020/1020
f 1051/1051/1051 1053/1053/1053 1024/1024/1024
f 1051/1051/1051 1024/1024/1024 1021/1021/1021
f 1053/1053/1053 1055/1055/1055 1025/1025/1025
f 1053/1053/1053 1025/1025/1025 1024/1024/1024
f 1055/1055/1055 1054/1054/1054 1023/1023/1023
f 1055/1055/1055 1023/1023/1023 1025/1025/1025
f 824/824/824 823/823/823 797/797/797
f 823/823/823 812/812/812 797/797/797
f 812/812/812 808/808/808 797/797/797
f 808/808/808 805/805/805 797/797/797
f 805/805/805 802/802/802 797/797/797
f 802/802/802 798/798/798 797/797/797
f 798/798/798 795/795/795 797/797/797
f 795/795/795 791/791/791 797/797/797
f 791/791/791 787/787/787 797/797/797
f 787/787/787 784/784/784 797/797/797
f 784/784/784 779/779/779 797/797/797
f 779/779/779 778/778/778 797/797/797
f 778/778/778 775/775/775 797/797/797
f 775/775/775 769/769/769 797/797/797
f 769/769/769 770/770/770 797/797/797
f 770/770/770 771/771/771 797/797/797
f 771/771/771 780/780/780 797/797/797
f 780/780/780 783/783/783 797/797/797
f 783/783/783 788/788/788 797/797/797
f 788/788/788 792/792/792 797/797/797
f 792/792/792 796/796/796 797/797/797
f 796/796/796 799/799/799 797/797/797
f 799/799/799 772/772/772 797/797/797
f 772/772/772 821/821/821 797/797/797
f 821/821/821 807/807/807 797/797/797
f 807/807/807 811/811/811 797/797/797
f 811/811/811 813/813/813 797/797/797
f 813/813/813 816/816/816 797/797/797
f 816/816/816 817/817/817 797/797/797
f 817/817/817 824/824/824 797/797/797
f 1023/1023/1023 1022/1022/1022 961/961/961
f 1023/1023/1023 961/961/961 962/962/962
f 1022/1022/1022 1019/1019/1019 958/958/958
f 1022/1022/1022 958/958/958 961/961/961
f 1019/1019/1019 1018/1018/1018 957/957/957
f 1019/1019/1019 957/957/957 958/958/958
f 1018/1018/1018 1015/1015/1015 954/954/954
f 1018/1018/1018 954/954/954 957/957/957
f 1015/1015/1015 1013/1013/1013 952/952/952
f 1015/1015/1015 952/952/952 954/954/954
f 1013/1013/1013 1011/1011/1011 950/950/950
f 1013/1013/1013 950/950/950 952/952/952
f 1011/1011/1011 1010/1010/1010 949/949/949
f 1011/1011/1011 949/949/949 950/950/950
f 1010/1010/1010 1007/1007/1007 946/946/946
f 1010/1010/1010 946/946/946 949/949/949
f 1007/1007/1007 1005/1005/1005 944/944/944
f 1007/1007/1007 944/944/944 946/946/946
f 1005/1005/1005 1003/1003/1003 942/942/942
f 1005/1005/1005 942/942/942 944/944/944
f 1003/1003/1003 1001/1001/1001 940/940/940
f 1003/1003/1003 940/940/940 942/942/942
f 1001/1001/1001 999/999/999 938/938/938
f 1001/1001/1001 938/938/938 940/940/940
f 999/999/999 997/997/997 936/936/936
f 999/999/999 936/936/936 938/938/938
f 997/997/997 996/996/996 935/935/935
f 997/997/997 935/935/935 936/936/936
f 996/996/996 998/998/998 937/937/937
f 996/996/996 937/937/937 935/935/935
f 998/998/998 1000/1000/1000 939/939/939
f 998/998/998 939/939/939 937/937/937
f 1000/1000/1000 1002/1002/1002 941/941/941
f 1000/1000/1000 941/941/941 939/939/939
f 1002/1002/1002 1004/1004/1004 943/943/943
f 1002/1002/1002 943/943/943 941/941/941
f 1004/1004/1004 1006/1006/1006 945/945/945
f 1004/1004/1004 945/945/945 943/943/943
f 1006/1006/1006 1008/1008/1008 947/947/947
f 1006/1006/1006 947/947/947 945/945/945
f 1008/1008/1008 1009/1009/1009 948/948/948
f 1008/1008/1008 948/948/948 947/947/947
f 1009/1009/1009 1012/1012/1012 951/951/951
f 1009/1009/1009 951/951/951 948/948/948
f 1012/1012/1012 1014/1014/1014 953/953/953
f 1012/1012/1012 953/953/953 951/951/951
f 1014/1014/1014 1016/1016/1016 955/955/955
f 1014/1014/1014 955/955/955 953/953/953
f 1016/1016/1016 1017/1017/1017 956/956/956
f 1016/1016/1016 956/956/956 955/955/955
f 1017/1017/1017 1020/1020/1020 959/959/959
f 1017/1017/1017 959/959/959 956/956/956
f 1020/1020/1020 1021/1021/1021 960/960/960
f 1020/1020/1020 960/960/960 959/959/959
f 1021/1021/1021 1024/1024/1024 963/963/963
f 1021/1021/1021 963/963/963 960/960/960
f 1024/1024/1024 1025/1025/1025 964/964/964
f 1024/1024/1024 964/964/964 963/963/963
f 1025/1025/1025 1023/1023/1023 962/962/962
f 1025/1025/1025 962/962/962 964/964/964
f 962/962/962 961/961/961 933/933/933
f 962/962/962 933/933/933 934/934/934
f 961/961/961 958/958/958 924/924/924
f 961/961/961 924/924/924 933/933/933
f 958/958/958 957/957/957 923/923/923
f 958/958/958 923/923/923 924/924/924
f 957/957/957 954/954/954 922/922/922
f 957/957/957 922/922/922 923/923/923
f 954/954/954 952/952/952 921/921/921
f 954/954/954 921/921/921 922/922/922
f 952/952/952 950/950/950 918/918/918
f 952/952/952 918/918/918 921/921/921
f 950/950/950 949/949/949 916/916/916
f 950/950/950 916/916/916 918/918/918
f 949/949/949 946/946/946 914/914/914
f 949/949/949 914/914/914 916/916/916
f 946/946/946 944/944/944 912/912/912
f 946/946/946 912/912/912 914/914/914
f 944/944/944 942/942/942 910/910/910
f 944/944/944 910/910/910 912/912/912
f 942/942/942 940/940/940 909/909/909
f 942/942/942 909/909/909 910/910/910
f 940/940/940 938/938/938 907/907/907
f 940/940/940 907/907/907 909/909/909
f 938/938/938 936/936/936 929/929/929
f 938/938/938 929/929/929 907/907/907
f 936/936/936 935/935/935 905/905/905
f 936/936/936 905/905/905 929/929/929
f 935/935/935 937/937/937 906/906/906
f 935/935/935 906/906/906 905/905/905
f 937/937/937 939/939/939 908/908/908
f 937/937/937 908/908/908 906/906/906
f 939/939/939 941/941/941 930/930/930
f 939/939/939 930/930/930 908/908/908
f 941/941/941 943/943/943 911/911/911
f 941/941/941 911/911/911 930/930/930
f 943/943/943 945/945/945 913/913/913
f 943/943/943 913/913/913 911/911/911
f 945/945/945 947/947/947 915/915/915
f 945/945/945 915/915/915 913/913/913
f 947/947/947 948/948/948 917/917/917
f 947/947/947 917/917/917 915/915/915
f 948/948/948 951/951/951 919/919/919
f 948/948/948 919/919/919 917/917/917
f 951/951/951 953/953/953 920/920/920
f 951/951/951 920/920/920 919/919/919
f 953/953/953 955/955/955 931/931/931
f 953/953/953 931/931/931 920/920/920
f 955/955/955 956/956/956 932/932/932
f 955/955/955 932/932/932 931/931/931
f 956/956/956 959/959/959 925/925/925
f 956/956/956 925/925/925 932/932/932
f 959/959/959 960/960/960 926/926/926
f 959/959/959 926/926/926 925/925/925
f 960/960/960 963/963/963 927/927/927
f 960/960/960 927/927/927 926/926/926
f 963/963/963 964/964/964 928/928/928
f 963/963/963 928/928/928 927/927/927
f 964/964/964 962/962/962 934/934/934
f 964/964/964 934/934/934 928/928/928
f 934/934/934 933/933/933 825/825/825
f 934/934/934 825/825/825 826/826/826
f 933/933/933 924/924/924 815/815/815
f 933/933/933 815/815/815 825/825/825
f 924/924/924 923/923/923 810/810/810
f 924/924/924 810/810/810 815/815/815
f 923/923/923 922/922/922 806/806/806
f 923/923/923 806/806/806 810/810/810
f 922/922/922 921/921/921 803/803/803
f 922/922/922 803/803/803 806/806/806
f 921/921/921 918/918/918 800/800/800
f 921/921/921 800/800/800 803/803/803
f 918/918/918 916/916/916 793/793/793
f 918/918/918 793/793/793 800/800/800
f 916/916/916 914/914/914 789/789/789
f 916/916/916 789/789/789 793/793/793
f 914/914/914 912/912/912 785/785/785
f 914/914/914 785/785/785 789/789/789
f 912/912/912 910/910/910 782/782/782
f 912/912/912 782/782/782 785/785/785
f 910/910/910 909/909/909 776/776/776
f 910/910/910 776/776/776 782/782/782
f 909/909/909 907/907/907 774/774/774
f 909/909/909 774/774/774 776/776/776
f 907/907/907 929/929/929 773/773/773
f 907/907/907 773/773/773 774/774/774
f 929/929/929 905/905/905 767/767/767
f 929/929/929 767/767/767 773/773/773
f 905/905/905 906/906/906 768/768/768
f 905/905/905 768/768/768 767/767/767
f 906/906/906 908/908/908 766/766/766
f 906/906/906 766/766/766 768/768/768
f 908/908/908 930/930/930 777/777/777
f 908/908/908 777/777/777 766/766/766
f 930/930/930 911/911/911 781/781/781
f 930/930/930 781/781/781 777/777/777
f 911/911/911 913/913/913 786/786/786
f 911/911/911 786/786/786 781/781/781
f 913/913/913 915/915/915 790/790/790
f 913/913/913 790/790/790 786/786/786
f 915/915/915 917/917/917 794/794/794
f 915/915/915 794/794/794 790/790/790
f 917/917/917 919/919/919 801/801/801
f 917/917/917 801/801/801 794/794/794
f 919/919/919 920/920/920 804/804/804
f 919/919/919 804/804/804 801/801/801
f 920/920/920 931/931/931 822/822/822
f 920/920/920 822/822/822 804/804/804
f 931/931/931 932/932/932 809/809/809
f 931/931/931 809/809/809 822/822/822
f 932/932/932 925/925/925 814/814/814
f 932/932/932 814/814/814 809/809/809
f 925/925/925 926/926/926 818/818/818
f 925/925/925 818/818/818 814/814/814
f 926/926/926 927/927/927 819/819/819
f 926/926/926 819/819/819 818/818/818
f 927/927/927 928/928/928 820/820/820
f 927/927/927 820/820/820 819/819/819
f 928/928/928 934/934/934 826/826/826
f 928/928/928 826/826/826 820/820/820
f 826/826/826 825/825/825 823/823/823
f 826/826/826 823/823/823 824/824/824
f 825/825/825 815/815/815 812/812/812
f 825/825/825 812/812/812 823/823/823
f 815/815/815 810/810/810 808/808/808
f 815/815/815 808/808/808 812/812/812
f 810/810/810 806/806/806 805/805/805
f 810/810/810 805/805/805 808/808/808
f 806/806/806 803/803/803 802/802/802
f 806/806/806 802/802/802 805/805/805
f 803/803/803 800/800/800 798/798/798
f 803/803/803 798/798/798 802/802/802
f 800/800/800 793/793/793 795/795/795
f 800/800/800 795/795/795 798/798/798
f 793/793/793 789/789/789 791/791/791
f 793/793/793 791/791/791 795/795/795
f 789/789/789 785/785/785 787/787/787
f 789/789/789 787/787/787 791/791/791
f 785/785/785 782/782/782 784/784/784
f 785/785/785 784/784/784 787/787/787
f 782/782/782 776/776/776 779/779/779
f 782/782/782 779/779/779 784/784/784
f 776/776/776 774/774/774 778/778/778
f 776/776/776 778/778/778 779/779/779
f 774/774/774 773/773/773 775/775/775
f 774/774/774 775/775/775 778/778/778
f 773/773/773 767/767/767 769/769/769
f 773/773/773 769/769/769 775/775/775
f 767/767/767 768/768/768 770/770/770
f 767/767/767 770/770/770 769/769/769
f 768/768/768 766/766/766 771/771/771
f 768/768/768 771/771/771 770/770/770
f 766/766/766 777/777/777 780/780/780
f 766/766/766 780/780/780 771/771/771
f 777/777/777 781/781/781 783/783/783
f 777/777/777 783/783/783 780/780/780
f 781/781/781 786/786/786 788/788/788
f 781/781/781 788/788/788 783/783/783
f 786/786/786 790/790/790 792/792/792
f 786/786/786 792/792/792 788/788/788
f 790/790/790 794/794/794 796/796/796
f 790/790/790 796/796/796 792/792/792
f 794/794/794 801/801/801 799/799/799
f 794/794/794 799/799/799 796/796/796
f 801/801/801 804/804/804 772/772/772
f 801/801/801 772/772/772 799/799/799
f 804/804/804 822/822/822 821/821/821
f 804/804/804 821/821/821 772/772/772
f 822/822/822 809/809/809 807/807/807
f 822/822/822 807/807/807 821/821/821
f 809/809/809 814/814/814 811/811/811
f 809/809/809 811/811/811 807/807/807
f 814/814/814 818/818/818 813/813/813
f 814/814/814 813/813/813 811/811/811
f 818/818/818 819/819/819 816/816/816
f 818/818/818 816/816/816 813/813/813
f 819/819/819 820/820/820 817/817/817
f 819/819/819 817/817/817 816/816/816
f 820/820/820 826/826/826 824/824/824
f 820/820/820 824/824/824 817/817/817
f 403/403/403 408/408/408 410/410/410
f 403/403/403 410/410/410 406/406/406
f 408/408/408 413/413/413 422/422/422
f 408/408/408 422/422/422 410/410/410
f 413/413/413 432/432/432 442/442/442
f 413/413/413 442/442/442 422/422/422
f 432/432/432 480/480/480 486/486/486
f 432/432/432 486/486/486 442/442/442
f 480/480/480 494/494/494 500/500/500
f 480/480/480 500/500/500 486/486/486
f 494/494/494 510/510/510 512/512/512
f 494/494/494 512/512/512 500/500/500
f 510/510/510 522/522/522 524/524/524
f 510/510/510 524/524/524 512/512/512
f 522/522/522 544/544/544 554/554/554
f 522/522/522 554/554/554 524/524/524
f 544/544/544 610/610/610 619/619/619
f 544/544/544 619/619/619 554/554/554
f 610/610/610 640/640/640 654/654/654
f 610/610/610 654/654/654 619/619/619
f 640/640/640 684/684/684 692/692/692
f 640/640/640 692/692/692 654/654/654
f 684/684/684 696/696/696 704/704/704
f 684/684/684 704/704/704 692/692/692
f 696/696/696 742/742/742 746/746/746
f 696/696/696 746/746/746 704/704/704
f 742/742/742 754/754/754 758/758/758
f 742/742/742 758/758/758 746/746/746
f 754/754/754 827/827/827 835/835/835
f 754/754/754 835/835/835 758/758/758
f 827/827/827 843/843/843 850/850/850
f 827/827/827 850/850/850 835/835/835
f 843/843/843 859/859/859 866/866/866
f 843/843/843 866/866/866 850/850/850
f 859/859/859 868/868/868 872/872/872
f 859/859/859 872/872/872 866/866/866
f 868/868/868 871/871/871 874/874/874
f 868/868/868 874/874/874 872/872/872
f 871/871/871 869/869/869 873/873/873
f 871/871/871 873/873/873 874/874/874
f 869/869/869 860/860/860 867/867/867
f 869/869/869 867/867/867 873/873/873
f 860/860/860 844/844/844 851/851/851
f 860/860/860 851/851/851 867/867/867
f 844/844/844 828/828/828 836/836/836
f 844/844/844 836/836/836 851/851/851
f 828/828/828 755/755/755 759/759/759
f 828/828/828 759/759/759 836/836/836
f 755/755/755 743/743/743 747/747/747
f 755/755/755 747/747/747 759/759/759
f 743/743/743 697/697/697 705/705/705
f 743/743/743 705/705/705 747/747/747
f 697/697/697 685/685/685 693/693/693
f 697/697/697 693/693/693 705/705/705
f 685/685/685 641/641/641 655/655/655
f 685/685/685 655/655/655 693/693/693
f 641/641/641 612/612/612 622/622/622
f 641/641/641 622/622/622 655/655/655
f 612/612/612 545/545/545 555/555/555
f 612/612/612 555/555/555 622/622/622
f 545/545/545 523/523/523 525/525/525
f 545/545/545 525/525/525 555/555/555
f 523/523/523 511/511/511 513/513/513
f 523/523/523 513/513/513 525/525/525
f 511/511/511 495/495/495 501/501/501
f 511/511/511 501/501/501 513/513/513
f 495/495/495 481/481/481 487/487/487
f 495/495/495 487/487/487 501/501/501
f 481/481/481 433/433/433 443/443/443
f 481/481/481 443/443/443 487/487/487
f 433/433/433 414/414/414 423/423/423
f 433/433/433 423/423/423 443/443/443
f 414/414/414 409/409/409 411/411/411
f 414/414/414 411/411/411 423/423/423
f 409/409/409 404/404/404 407/407/407
f 409/409/409 407/407/407 411/411/411
f 404/404/404 402/402/402 405/405/405
f 404/404/404 405/405/405 407/407/407
f 402/402/402 403/403/403 406/406/406
f 402/402/402 406/406/406 405/405/405
f 408/408/408 403/403/403 611/611/611
f 413/413/413 408/408/408 611/611/611
f 432/432/432 413/413/413 611/611/611
f 480/480/480 432/432/432 611/611/611
f 494/494/494 480/480/480 611/611/611
f 510/510/510 494/494/494 611/611/611
f 522/522/522 510/510/510 611/611/611
f 544/544/544 522/522/522 611/611/611
f 610/610/610 544/544/544 611/611/611
f 640/640/640 610/610/610 611/611/611
f 684/684/684 640/640/640 611/611/611
f 696/696/696 684/684/684 611/611/611
f 742/742/742 696/696/696 611/611/611
f 754/754/754 742/742/742 611/611/611
f 827/827/827 754/754/754 611/611/611
f 843/843/843 827/827/827 611/611/611
f 859/859/859 843/843/843 611/611/611
f 868/868/868 859/859/859 611/611/611
f 871/871/871 868/868/868 611/611/611
f 869/869/869 871/871/871 611/611/611
f 860/860/860 869/869/869 611/611/611
f 844/844/844 860/860/860 611/611/611
f 828/828/828 844/844/844 611/611/611
f 755/755/755 828/828/828 611/611/611
f 743/743/743 755/755/755 611/611/611
f 697/697/697 743/743/743 611/611/611
f 685/685/685 697/697/697 611/611/611
f 641/641/641 685/685/685 611/611/611
f 612/612/612 641/641/641 611/611/611
f 545/545/545 612/612/612 611/611/611
f 523/523/523 545/545/545 611/611/611
f 511/511/511 523/523/523 611/611/611
f 495/495/495 511/511/511 611/611/611
f 481/481/481 495/495/495 611/611/611
f 433/433/433 481/481/481 611/611/611
f 414/414/414 433/433/433 611/611/611
f 409/409/409 414/414/414 611/611/611
f 404/404/404 409/409/409 611/611/611
f 402/402/402 404/404/404 611/611/611
f 403/403/403 402/402/402 611/611/611
f 540/540/540 542/542/542 631/631/631
f 542/542/542 548/548/548 631/631/631
f 548/548/548 552/552/552 631/631/631
f 552/552/552 562/562/562 631/631/631
f 562/562/562 600/600/600 631/631/631
f 600/600/600 604/604/604 631/631/631
f 604/604/604 608/608/608 631/631/631
f 608/608/608 615/615/615 631/631/631
f 615/615/615 629/629/629 631/631/631
f 629/629/629 634/634/634 631/631/631
f 634/634/634 638/638/638 631/631/631
f 638/638/638 644/644/644 631/631/631
f 644/644/644 658/658/658 631/631/631
f 658/658/658 662/662/662 631/631/631
f 662/662/662 666/666/666 631/631/631
f 666/666/666 670/670/670 631/631/631
f 670/670/670 677/677/677 631/631/631
f 677/677/677 679/679/679 631/631/631
f 679/679/679 681/681/681 631/631/631
f 681/681/681 680/680/680 631/631/631
f 680/680/680 676/676/676 631/631/631
f 676/676/676 671/671/671 631/631/631
f 671/671/671 667/667/667 631/631/631
f 667/667/667 663/663/663 631/631/631
f 663/663/663 659/659/659 631/631/631
f 659/659/659 645/645/645 631/631/631
f 645/645/645 639/639/639 631/631/631
f 639/639/639 635/635/635 631/631/631
f 635/635/635 630/630/630 631/631/631
f 630/630/630 616/616/616 631/631/631
f 616/616/616 609/609/609 631/631/631
f 609/609/609 605/605/605 631/631/631
f 605/605/605 601/601/601 631/631/631
f 601/601/601 563/563/563 631/631/631
f 563/563/563 553/553/553 631/631/631
f 553/553/553 549/549/549 631/631/631
f 549/549/549 543/543/543 631/631/631
f 543/543/543 541/541/541 631/631/631
f 541/541/541 537/537/537 631/631/631
f 537/537/537 540/540/540 631/631/631
f 406/406/406 410/410/410 420/420/420
f 406/406/406 420/420/420 415/415/415
f 410/410/410 422/422/422 436/436/436
f 410/410/410 436/436/436 420/420/420
f 422/422/422 442/442/442 478/478/478
f 422/422/422 478/478/478 436/436/436
f 442/442/442 486/486/486 490/490/490
f 442/442/442 490/490/490 478/478/478
f 486/486/486 500/500/500 502/502/502
f 486/486/486 502/502/502 490/490/490
f 500/500/500 512/512/512 514/514/514
f 500/500/500 514/514/514 502/502/502
f 512/512/512 524/524/524 526/526/526
f 512/512/512 526/526/526 514/514/514
f 524/524/524 554/554/554 558/558/558
f 524/524/524 558/558/558 526/526/526
f 554/554/554 619/619/619 620/620/620
f 554/554/554 620/620/620 558/558/558
f 619/619/619 654/654/654 648/648/648
f 619/619/619 648/648/648 620/620/620
f 654/654/654 692/692/692 686/686/686
f 654/654/654 686/686/686 648/648/648
f 692/692/692 704/704/704 700/700/700
f 692/692/692 700/700/700 686/686/686
f 704/704/704 746/746/746 740/740/740
f 704/704/704 740/740/740 700/700/700
f 746/746/746 758/758/758 752/752/752
f 746/746/746 752/752/752 740/740/740
f 758/758/758 835/835/835 764/764/764
f 758/758/758 764/764/764 752/752/752
f 835/835/835 850/850/850 839/839/839
f 835/835/835 839/839/839 764/764/764
f 850/850/850 866/866/866 852/852/852
f 850/850/850 852/852/852 839/839/839
f 866/866/866 872/872/872 861/861/861
f 866/866/866 861/861/861 852/852/852
f 872/872/872 874/874/874 863/863/863
f 872/872/872 863/863/863 861/861/861
f 874/874/874 873/873/873 862/862/862
f 874/874/874 862/862/862 863/863/863
f 873/873/873 867/867/867 853/853/853
f 873/873/873 853/853/853 862/862/862
f 867/867/867 851/851/851 840/840/840
f 867/867/867 840/840/840 853/853/853
f 851/851/851 836/836/836 765/765/765
f 851/851/851 765/765/765 840/840/840
f 836/836/836 759/759/759 753/753/753
f 836/836/836 753/753/753 765/765/765
f 759/759/759 747/747/747 741/741/741
f 759/759/759 741/741/741 753/753/753
f 747/747/747 705/705/705 701/701/701
f 747/747/747 701/701/701 741/741/741
f 705/705/705 693/693/693 687/687/687
f 705/705/705 687/687/687 701/701/701
f 693/693/693 655/655/655 649/649/649
f 693/693/693 649/649/649 687/687/687
f 655/655/655 622/622/622 621/621/621
f 655/655/655 621/621/621 649/649/649
f 622/622/622 555/555/555 559/559/559
f 622/622/622 559/559/559 621/621/621
f 555/555/555 525/525/525 527/527/527
f 555/555/555 527/527/527 559/559/559
f 525/525/525 513/513/513 515/515/515
f 525/525/525 515/515/515 527/527/527
f 513/513/513 501/501/501 503/503/503
f 513/513/513 503/503/503 515/515/515
f 501/501/501 487/487/487 491/491/491
f 501/501/501 491/491/491 503/503/503
f 487/487/487 443/443/443 479/479/479
f 487/487/487 479/479/479 491/491/491
f 443/443/443 423/423/423 437/437/437
f 443/443/443 437/437/437 479/479/479
f 423/423/423 411/411/411 421/421/421
f 423/423/423 421/421/421 437/437/437
f 411/411/411 407/407/407 416/416/416
f 411/411/411 416/416/416 421/421/421
f 407/407/407 405/405/405 412/412/412
f 407/407/407 412/412/412 416/416/416
f 405/405/405 406/406/406 415/415/415
f 405/405/405 415/415/415 412/412/412
f 415/415/415 420/420/420 425/425/425
f 415/415/415 425/425/425 418/418/418
f 420/420/420 436/436/436 440/440/440
f 420/420/420 440/440/440 425/425/425
f 436/436/436 478/478/478 482/482/482
f 436/436/436 482/482/482 440/440/440
f 478/478/478 490/490/490 492/492/492
f 478/478/478 492/492/492 482/482/482
f 490/490/490 502/502/502 504/504/504
f 490/490/490 504/504/504 492/492/492
f 502/502/502 514/514/514 516/516/516
f 502/502/502 516/516/516 504/504/504
f 514/514/514 526/526/526 528/528/528
f 514/514/514 528/528/528 516/516/516
f 526/526/526 558/558/558 594/594/594
f 526/526/526 594/594/594 528/528/528
f 558/558/558 620/620/620 623/623/623
f 558/558/558 623/623/623 594/594/594
f 620/620/620 648/648/648 656/656/656
f 620/620/620 656/656/656 623/623/623
f 648/648/648 686/686/686 690/690/690
f 648/648/648 690/690/690 656/656/656
f 686/686/686 700/700/700 702/702/702
f 686/686/686 702/702/702 690/690/690
f 700/700/700 740/740/740 744/744/744
f 700/700/700 744/744/744 702/702/702
f 740/740/740 752/752/752 756/756/756
f 740/740/740 756/756/756 744/744/744
f 752/752/752 764/764/764 829/829/829
f 752/752/752 829/829/829 756/756/756
f 764/764/764 839/839/839 841/841/841
f 764/764/764 841/841/841 829/829/829
f 839/839/839 852/852/852 858/858/858
f 839/839/839 858/858/858 841/841/841
f 852/852/852 861/861/861 864/864/864
f 852/852/852 864/864/864 858/858/858
f 861/861/861 863/863/863 870/870/870
f 861/861/861 870/870/870 864/864/864
f 863/863/863 862/862/862 865/865/865
f 863/863/863 865/865/865 870/870/870
f 862/862/862 853/853/853 857/857/857
f 862/862/862 857/857/857 865/865/865
f 853/853/853 840/840/840 842/842/842
f 853/853/853 842/842/842 857/857/857
f 840/840/840 765/765/765 830/830/830
f 840/840/840 830/830/830 842/842/842
f 765/765/765 753/753/753 757/757/757
f 765/765/765 757/757/757 830/830/830
f 753/753/753 741/741/741 745/745/745
f 753/753/753 745/745/745 757/757/757
f 741/741/741 701/701/701 703/703/703
f 741/741/741 703/703/703 745/745/745
f 701/701/701 687/687/687 691/691/691
f 701/701/701 691/691/691 703/703/703
f 687/687/687 649/649/649 657/657/657
f 687/687/687 657/657/657 691/691/691
f 649/649/649 621/621/621 626/626/626
f 649/649/649 626/626/626 657/657/657
f 621/621/621 559/559/559 595/595/595
f 621/621/621 595/595/595 626/626/626
f 559/559/559 527/527/527 529/529/529
f 559/559/559 529/529/529 595/595/595
f 527/527/527 515/515/515 517/517/517
f 527/527/527 517/517/517 529/529/529
f 515/515/515 503/503/503 505/505/505
f 515/515/515 505/505/505 517/517/517
f 503/503/503 491/491/491 493/493/493
f 503/503/503 493/493/493 505/505/505
f 491/491/491 479/479/479 483/483/483
f 491/491/491 483/483/483 493/493/493
f 479/479/479 437/437/437 441/441/441
f 479/479/479 441/441/441 483/483/483
f 437/437/437 421/421/421 426/426/426
f 437/437/437 426/426/426 441/441/441
f 421/421/421 416/416/416 419/419/419
f 421/421/421 419/419/419 426/426/426
f 416/416/416 412/412/412 417/417/417
f 416/416/416 417/417/417 419/419/419
f 412/412/412 415/415/415 418/418/418
f 412/412/412 418/418/418 417/417/417
f 418/418/418 425/425/425 438/438/438
f 418/418/418 438/438/438 430/430/430
f 425/425/425 440/440/440 476/476/476
f 425/425/425 476/476/476 438/438/438
f 440/440/440 482/482/482 488/488/488
f 440/440/440 488/488/488 476/476/476
f 482/482/482 492/492/492 498/498/498
f 482/482/482 498/498/498 488/488/488
f 492/492/492 504/504/504 508/508/508
f 492/492/492 508/508/508 498/498/498
f 504/504/504 516/516/516 520/520/520
f 504/504/504 520/520/520 508/508/508
f 516/516/516 528/528/528 532/532/532
f 516/516/516 532/532/532 520/520/520
f 528/528/528 594/594/594 596/596/596
f 528/528/528 596/596/596 532/532/532
f 594/594/594 623/623/623 624/624/624
f 594/594/594 624/624/624 596/596/596
f 623/623/623 656/656/656 652/652/652
f 623/623/623 652/652/652 624/624/624
f 656/656/656 690/690/690 688/688/688
f 656/656/656 688/688/688 652/652/652
f 690/690/690 702/702/702 698/698/698
f 690/690/690 698/698/698 688/688/688
f 702/702/702 744/744/744 738/738/738
f 702/702/702 738/738/738 698/698/698
f 744/744/744 756/756/756 750/750/750
f 744/744/744 750/750/750 738/738/738
f 756/756/756 829/829/829 762/762/762
f 756/756/756 762/762/762 750/750/750
f 829/829/829 841/841/841 833/833/833
f 829/829/829 833/833/833 762/762/762
f 841/841/841 858/858/858 845/845/845
f 841/841/841 845/845/845 833/833/833
f 858/858/858 864/864/864 854/854/854
f 858/858/858 854/854/854 845/845/845
f 864/864/864 870/870/870 856/856/856
f 864/864/864 856/856/856 854/854/854
f 870/870/870 865/865/865 855/855/855
f 870/870/870 855/855/855 856/856/856
f 865/865/865 857/857/857 846/846/846
f 865/865/865 846/846/846 855/855/855
f 857/857/857 842/842/842 834/834/834
f 857/857/857 834/834/834 846/846/846
f 842/842/842 830/830/830 763/763/763
f 842/842/842 763/763/763 834/834/834
f 830/830/830 757/757/757 751/751/751
f 830/830/830 751/751/751 763/763/763
f 757/757/757 745/745/745 739/739/739
f 757/757/757 739/739/739 751/751/751
f 745/745/745 703/703/703 699/699/699
f 745/745/745 699/699/699 739/739/739
f 703/703/703 691/691/691 689/689/689
f 703/703/703 689/689/689 699/699/699
f 691/691/691 657/657/657 653/653/653
f 691/691/691 653/653/653 689/689/689
f 657/657/657 626/626/626 625/625/625
f 657/657/657 625/625/625 653/653/653
f 626/626/626 595/595/595 597/597/597
f 626/626/626 597/597/597 625/625/625
f 595/595/595 529/529/529 533/533/533
f 595/595/595 533/533/533 597/597/597
f 529/529/529 517/517/517 521/521/521
f 529/529/529 521/521/521 533/533/533
f 517/517/517 505/505/505 509/509/509
f 517/517/517 509/509/509 521/521/521
f 505/505/505 493/493/493 499/499/499
f 505/505/505 499/499/499 509/509/509
f 493/493/493 483/483/483 489/489/489
f 493/493/493 489/489/489 499/499/499
f 483/483/483 441/441/441 477/477/477
f 483/483/483 477/477/477 489/489/489
f 441/441/441 426/426/426 439/439/439
f 441/441/441 439/439/439 477/477/477
f 426/426/426 419/419/419 431/431/431
f 426/426/426 431/431/431 439/439/439
f 419/419/419 417/417/417 427/427/427
f 419/419/419 427/427/427 431/431/431
f 417/417/417 418/418/418 430/430/430
f 417/417/417 430/430/430 427/427/427
f 430/430/430 438/438/438 434/434/434
f 430/430/430 434/434/434 428/428/428
f 438/438/438 476/476/476 444/444/444
f 438/438/438 444/444/444 434/434/434
f 476/476/476 488/488/488 484/484/484
f 476/476/476 484/484/484 444/444/444
f 488/488/488 498/498/498 496/496/496
f 488/488/488 496/496/496 484/484/484
f 498/498/498 508/508/508 506/506/506
f 498/498/498 506/506/506 496/496/496
f 508/508/508 520/520/520 519/519/519
f 508/508/508 519/519/519 506/506/506
f 520/520/520 532/532/532 530/530/530
f 520/520/520 530/530/530 519/519/519
f 532/532/532 596/596/596 560/560/560
f 532/532/532 560/560/560 530/530/530
f 596/596/596 624/624/624 617/617/617
f 596/596/596 617/617/617 560/560/560
f 624/624/624 652/652/652 646/646/646
f 624/624/624 646/646/646 617/617/617
f 652/652/652 688/688/688 682/682/682
f 652/652/652 682/682/682 646/646/646
f 688/688/688 698/698/698 694/694/694
f 688/688/688 694/694/694 682/682/682
f 698/698/698 738/738/738 736/736/736
f 698/698/698 736/736/736 694/694/694
f 738/738/738 750/750/750 748/748/748
f 738/738/738 748/748/748 736/736/736
f 750/750/750 762/762/762 761/761/761
f 750/750/750 761/761/761 748/748/748
f 762/762/762 833/833/833 831/831/831
f 762/762/762 831/831/831 761/761/761
f 833/833/833 845/845/845 837/837/837
f 833/833/833 837/837/837 831/831/831
f 845/845/845 854/854/854 848/848/848
f 845/845/845 848/848/848 837/837/837
f 854/854/854 856/856/856 849/849/849
f 854/854/854 849/849/849 848/848/848
f 856/856/856 855/855/855 847/847/847
f 856/856/856 847/847/847 849/849/849
f 855/855/855 846/846/846 838/838/838
f 855/855/855 838/838/838 847/847/847
f 846/846/846 834/834/834 832/832/832
f 846/846/846 832/832/832 838/838/838
f 834/834/834 763/763/763 760/760/760
f 834/834/834 760/760/760 832/832/832
f 763/763/763 751/751/751 749/749/749
f 763/763/763 749/749/749 760/760/760
f 751/751/751 739/739/739 737/737/737
f 751/751/751 737/737/737 749/749/749
f 739/739/739 699/699/699 695/695/695
f 739/739/739 695/695/695 737/737/737
f 699/699/699 689/689/689 683/683/683
f 699/699/699 683/683/683 695/695/695
f 689/689/689 653/653/653 647/647/647
f 689/689/689 647/647/647 683/683/683
f 653/653/653 625/625/625 618/618/618
f 653/653/653 618/618/618 647/647/647
f 625/625/625 597/597/597 561/561/561
f 625/625/625 561/561/561 618/618/618
f 597/597/597 533/533/533 531/531/531
f 597/597/597 531/531/531 561/561/561
f 533/533/533 521/521/521 518/518/518
f 533/533/533 518/518/518 531/531/531
f 521/521/521 509/509/509 507/507/507
f 521/521/521 507/507/507 518/518/518
f 509/509/509 499/499/499 497/497/497
f 509/509/509 497/497/497 507/507/507
f 499/499/499 489/489/489 485/485/485
f 499/499/499 485/485/485 497/497/497
f 489/489/489 477/477/477 445/445/445
f 489/489/489 445/445/445 485/485/485
f 477/477/477 439/439/439 435/435/435
f 477/477/477 435/435/435 445/445/445
f 439/439/439 431/431/431 429/429/429
f 439/439/439 429/429/429 435/435/435
f 431/431/431 427/427/427 424/424/424
f 431/431/431 424/424/424 429/429/429
f 427/427/427 430/430/430 428/428/428
f 427/427/427 428/428/428 424/424/424
f 428/428/428 434/434/434 539/539/539
f 428/428/428 539/539/539 535/535/535
f 434/434/434 444/444/444 547/547/547
f 434/434/434 547/547/547 539/539/539
f 444/444/444 484/484/484 550/550/550
f 444/444/444 550/550/550 547/547/547
f 484/484/484 496/496/496 556/556/556
f 484/484/484 556/556/556 550/550/550
f 496/496/496 506/506/506 598/598/598
f 496/496/496 598/598/598 556/556/556
f 506/506/506 519/519/519 602/602/602
f 506/506/506 602/602/602 598/598/598
f 519/519/519 530/530/530 606/606/606
f 519/519/519 606/606/606 602/602/602
f 530/530/530 560/560/560 613/613/613
f 530/530/530 613/613/613 606/606/606
f 560/560/560 617/617/617 628/628/628
f 560/560/560 628/628/628 613/613/613
f 617/617/617 646/646/646 633/633/633
f 617/617/617 633/633/633 628/628/628
f 646/646/646 682/682/682 636/636/636
f 646/646/646 636/636/636 633/633/633
f 682/682/682 694/694/694 642/642/642
f 682/682/682 642/642/642 636/636/636
f 694/694/694 736/736/736 650/650/650
f 694/694/694 650/650/650 642/642/642
f 736/736/736 748/748/748 660/660/660
f 736/736/736 660/660/660 650/650/650
f 748/748/748 761/761/761 664/664/664
f 748/748/748 664/664/664 660/660/660
f 761/761/761 831/831/831 669/669/669
f 761/761/761 669/669/669 664/664/664
f 831/831/831 837/837/837 673/673/673
f 831/831/831 673/673/673 669/669/669
f 837/837/837 848/848/848 674/674/674
f 837/837/837 674/674/674 673/673/673
f 848/848/848 849/849/849 678/678/678
f 848/848/848 678/678/678 674/674/674
f 849/849/849 847/847/847 675/675/675
f 849/849/849 675/675/675 678/678/678
f 847/847/847 838/838/838 672/672/672
f 847/847/847 672/672/672 675/675/675
f 838/838/838 832/832/832 668/668/668
f 838/838/838 668/668/668 672/672/672
f 832/832/832 760/760/760 665/665/665
f 832/832/832 665/665/665 668/668/668
f 760/760/760 749/749/749 661/661/661
f 760/760/760 661/661/661 665/665/665
f 749/749/749 737/737/737 651/651/651
f 749/749/749 651/651/651 661/661/661
f 737/737/737 695/695/695 643/643/643
f 737/737/737 643/643/643 651/651/651
f 695/695/695 683/683/683 637/637/637
f 695/695/695 637/637/637 643/643/643
f 683/683/683 647/647/647 632/632/632
f 683/683/683 632/632/632 637/637/637
f 647/647/647 618/618/618 627/627/627
f 647/647/647 627/627/627 632/632/632
f 618/618/618 561/561/561 614/614/614
f 618/618/618 614/614/614 627/627/627
f 561/561/561 531/531/531 607/607/607
f 561/561/561 607/607/607 614/614/614
f 531/531/531 518/518/518 603/603/603
f 531/531/531 603/603/603 607/607/607
f 518/518/518 507/507/507 599/599/599
f 518/518/518 599/599/599 603/603/603
f 507/507/507 497/497/497 557/557/557
f 507/507/507 557/557/557 599/599/599
f 497/497/497 485/485/485 551/551/551
f 497/497/497 551/551/551 557/557/557
f 485/485/485 445/445/445 546/546/546
f 485/485/485 546/546/546 551/551/551
f 445/445/445 435/435/435 538/538/538
f 445/445/445 538/538/538 546/546/546
f 435/435/435 429/429/429 536/536/536
f 435/435/435 536/536/536 538/538/538
f 429/429/429 424/424/424 534/534/534
f 429/429/429 534/534/534 536/536/536
f 424/424/424 428/428/428 535/535/535
f 424/424/424 535/535/535 534/534/534
f 535/535/535 539/539/539 542/542/542
f 535/535/535 542/542/542 540/540/540
f 539/539/539 547/547/547 548/548/548
f 539/539/539 548/548/548 542/542/542
f 547/547/547 550/550/550 552/552/552
f 547/547/547 552/552/552 548/548/548
f 550/550/550 556/556/556 562/562/562
f 550/550/550 562/562/562 552/552/552
f 556/556/556 598/598/598 600/600/600
f 556/556/556 600/600/600 562/562/562
f 598/598/598 602/602/602 604/604/604
f 598/598/598 604/604/604 600/600/600
f 602/602/602 606/606/606 608/608/608
f 602/602/602 608/608/608 604/604/604
f 606/606/606 613/613/613 615/615/615
f 606/606/606 615/615/615 608/608/608
f 613/613/613 628/628/628 629/629/629
f 613/613/613 629/629/629 615/615/615
f 628/628/628 633/633/633 634/634/634
f 628/628/628 634/634/634 629/629/629
f 633/633/633 636/636/636 638/638/638
f 633/633/633 638/638/638 634/634/634
f 636/636/636 642/642/642 644/644/644
f 636/636/636 644/644/644 638/638/638
f 642/642/642 650/650/650 658/658/658
f 642/642/642 658/658/658 644/644/644
f 650/650/650 660/660/660 662/662/662
f 650/650/650 662/662/662 658/658/658
f 660/660/660 664/664/664 666/666/666
f 660/660/660 666/666/666 662/662/662
f 664/664/664 669/669/669 670/670/670
f 664/664/664 670/670/670 666/666/666
f 669/669/669 673/673/673 677/677/677
f 669/669/669 677/677/677 670/670/670
f 673/673/673 674/674/674 679/679/679
f 673/673/673 679/679/679 677/677/677
f 674/674/674 678/678/678 681/681/681
f 674/674/674 681/681/681 679/679/679
f 678/678/678 675/675/675 680/680/680
f 678/678/678 680/680/680 681/681/681
f 675/675/675 672/672/672 676/676/676
f 675/675/675 676/676/676 680/680/680
f 672/672/672 668/668/668 671/671/671
f 672/672/672 671/671/671 676/676/676
f 668/668/668 665/665/665 667/667/667
f 668/668/668 667/667/667 671/671/671
f 665/665/665 661/661/661 663/663/663
f 665/665/665 663/663/663 667/667/667
f 661/661/661 651/651/651 659/659/659
f 661/661/661 659/659/659 663/663/663
f 651/651/651 643/643/643 645/645/645
f 651/651/651 645/645/645 659/659/659
f 643/643/643 637/637/637 639/639/639
f 643/643/643 639/639/639 645/645/645
f 637/637/637 632/632/632 635/635/635
f 637/637/637 635/635/635 639/639/639
f 632/632/632 627/627/627 630/630/630
f 632/632/632 630/630/630 635/635/635
f 627/627/627 614/614/614 616/616/616
f 627/627/627 616/616/616 630/630/630
f 614/614/614 607/607/607 609/609/609
f 614/614/614 609/609/609 616/616/616
f 607/607/607 603/603/603 605/605/605
f 607/607/607 605/605/605 609/609/609
f 603/603/603 599/599/599 601/601/601
f 603/603/603 601/601/601 605/605/605
f 599/599/599 557/557/557 563/563/563
f 599/599/599 563/563/563 601/601/601
f 557/557/557 551/551/551 553/553/553
f 557/557/557 553/553/553 563/563/563
f 551/551/551 546/546/546 549/549/549
f 551/551/551 549/549/549 553/553/553
f 546/546/546 538/538/538 543/543/543
f 546/546/546 543/543/543 549/549/549
f 538/538/538 536/536/536 541/541/541
f 538/538/538 541/541/541 543/543/543
f 536/536/536 534/534/534 537/537/537
f 536/536/536 537/537/537 541/541/541
f 534/534/534 535/535/535 540/540/540
f 534/534/534 540/540/540 537/537/537
f 216/216/216 218/218/218 138/138/138
f 216/216/216 138/138/138 136/136/136
f 212/212/212 216/216/216 136/136/136
f 212/212/212 136/136/136 132/132/132
f 208/208/208 212/212/212 132/132/132
f 208/208/208 132/132/132 128/128/128
f 204/204/204 208/208/208 128/128/128
f 204/204/204 128/128/128 124/124/124
f 200/200/200 204/204/204 124/124/124
f 200/200/200 124/124/124 120/120/120
f 196/196/196 200/200/200 120/120/120
f 196/196/196 120/120/120 116/116/116
f 192/192/192 196/196/196 116/116/116
f 192/192/192 116/116/116 112/112/112
f 188/188/188 192/192/192 112/112/112
f 188/188/188 112/112/112 108/108/108
f 184/184/184 188/188/188 108/108/108
f 184/184/184 108/108/108 104/104/104
f 181/181/181 184/184/184 104/104/104
f 181/181/181 104/104/104 101/101/101
f 178/178/178 181/181/181 101/101/101
f 178/178/178 101/101/101 98/98/98
f 174/174/174 178/178/178 98/98/98
f 174/174/174 98/98/98 94/94/94
f 170/170/170 174/174/174 94/94/94
f 170/170/170 94/94/94 90/90/90
f 166/166/166 170/170/170 90/90/90
f 166/166/166 90/90/90 86/86/86
f 162/162/162 166/166/166 86/86/86
f 162/162/162 86/86/86 82/82/82
f 158/158/158 162/162/162 82/82/82
f 158/158/158 82/82/82 78/78/78
f 154/154/154 158/158/158 78/78/78
f 154/154/154 78/78/78 74/74/74
f 150/150/150 154/154/154 74/74/74
f 150/150/150 74/74/74 70/70/70
f 146/146/146 150/150/150 70/70/70
f 146/146/146 70/70/70 66/66/66
f 145/145/145 146/146/146 66/66/66
f 145/145/145 66/66/66 65/65/65
f 147/147/147 145/145/145 65/65/65
f 147/147/147 65/65/65 67/67/67
f 151/151/151 147/147/147 67/67/67
f 151/151/151 67/67/67 71/71/71
f 155/155/155 151/151/151 71/71/71
f 155/155/155 71/71/71 75/75/75
f 159/159/159 155/155/155 75/75/75
f 159/159/159 75/75/75 79/79/79
f 163/163/163 159/159/159 79/79/79
f 163/163/163 79/79/79 83/83/83
f 167/167/167 163/163/163 83/83/83
f 167/167/167 83/83/83 87/87/87
f 171/171/171 167/167/167 87/87/87
f 171/171/171 87/87/87 91/91/91
f 175/175/175 171/171/171 91/91/91
f 175/175/175 91/91/91 95/95/95
f 179/179/179 175/175/175 95/95/95
f 179/179/179 95/95/95 99/99/99
f 182/182/182 179/179/179 99/99/99
f 182/182/182 99/99/99 102/102/102
f 185/185/185 182/182/182 102/102/102
f 185/185/185 102/102/102 105/105/105
f 189/189/189 185/185/185 105/105/105
f 189/189/189 105/105/105 109/109/109
f 193/193/193 189/189/189 109/109/109
f 193/193/193 109/109/109 113/113/113
f 197/197/197 193/193/193 113/113/113
f 197/197/197 113/113/113 117/117/117
f 201/201/201 197/197/197 117/117/117
f 201/201/201 117/117/117 121/121/121
f 205/205/205 201/201/201 121/121/121
f 205/205/205 121/121/121 125/125/125
f 209/209/209 205/205/205 125/125/125
f 209/209/209 125/125/125 129/129/129
f 213/213/213 209/209/209 129/129/129
f 213/213/213 129/129/129 133/133/133
f 217/217/217 213/213/213 133/133/133
f 217/217/217 133/133/133 137/137/137
f 218/218/218 217/217/217 137/137/137
f 218/218/218 137/137/137 138/138/138
f 136/136/136 138/138/138 141/141/141
f 136/136/136 141/141/141 139/139/139
f 132/132/132 136/136/136 139/139/139
f 132/132/132 139/139/139 134/134/134
f 128/128/128 132/132/132 134/134/134
f 128/128/128 134/134/134 130/130/130
f 124/124/124 128/128/128 130/130/130
f 124/124/124 130/130/130 126/126/126
f 120/120/120 124/124/124 126/126/126
f 120/120/120 126/126/126 122/122/122
f 116/116/116 120/120/120 122/122/122
f 116/116/116 122/122/122 118/118/118
f 112/112/112 116/116/116 118/118/118
f 112/112/112 118/118/118 114/114/114
f 108/108/108 112/112/112 114/114/114
f 108/108/108 114/114/114 110/110/110
f 104/104/104 108/108/108 110/110/110
f 104/104/104 110/110/110 106/106/106
f 101/101/101 104/104/104 106/106/106
f 101/101/101 106/106/106 100/100/100
f 98/98/98 101/101/101 100/100/100
f 98/98/98 100/100/100 96/96/96
f 94/94/94 98/98/98 96/96/96
f 94/94/94 96/96/96 92/92/92
f 90/90/90 94/94/94 92/92/92
f 90/90/90 92/92/92 88/88/88
f 86/86/86 90/90/90 88/88/88
f 86/86/86 88/88/88 84/84/84
f 82/82/82 86/86/86 84/84/84
f 82/82/82 84/84/84 80/80/80
f 78/78/78 82/82/82 80/80/80
f 78/78/78 80/80/80 76/76/76
f 74/74/74 78/78/78 76/76/76
f 74/74/74 76/76/76 72/72/72
f 70/70/70 74/74/74 72/72/72
f 70/70/70 72/72/72 68/68/68
f 66/66/66 70/70/70 68/68/68
f 66/66/66 68/68/68 63/63/63
f 65/65/65 66/66/66 63/63/63
f 65/65/65 63/63/63 62/62/62
f 67/67/67 65/65/65 62/62/62
f 67/67/67 62/62/62 64/64/64
f 71/71/71 67/67/67 64/64/64
f 71/71/71 64/64/64 69/69/69
f 75/75/75 71/71/71 69/69/69
f 75/75/75 69/69/69 73/73/73
f 79/79/79 75/75/75 73/73/73
f 79/79/79 73/73/73 77/77/77
f 83/83/83 79/79/79 77/77/77
f 83/83/83 77/77/77 81/81/81
f 87/87/87 83/83/83 81/81/81
f 87/87/87 81/81/81 85/85/85
f 91/91/91 87/87/87 85/85/85
f 91/91/91 85/85/85 89/89/89
f 95/95/95 91/91/91 89/89/89
f 95/95/95 89/89/89 93/93/93
f 99/99/99 95/95/95 93/93/93
f 99/99/99 93/93/93 97/97/97
f 102/102/102 99/99/99 97/97/97
f 102/102/102 97/97/97 103/103/103
f 105/105/105 102/102/102 103/103/103
f 105/105/105 103/103/103 107/107/107
f 109/109/109 105/105/105 107/107/107
f 109/109/109 107/107/107 111/111/111
f 113/113/113 109/109/109 111/111/111
f 113/113/113 111/111/111 115/115/115
f 117/117/117 113/113/113 115/115/115
f 117/117/117 115/115/115 119/119/119
f 121/121/121 117/117/117 119/119/119
f 121/121/121 119/119/119 123/123/123
f 125/125/125 121/121/121 123/123/123
f 125/125/125 123/123/123 127/127/127
f 129/129/129 125/125/125 127/127/127
f 129/129/129 127/127/127 131/131/131
f 133/133/133 129/129/129 131/131/131
f 133/133/133 131/131/131 135/135/135
f 137/137/137 133/133/133 135/135/135
f 137/137/137 135/135/135 140/140/140
f 138/138/138 137/137/137 140/140/140
f 138/138/138 140/140/140 141/141/141
f 139/139/139 141/141/141 221/221/221
f 139/139/139 221/221/221 219/219/219
f 134/134/134 139/139/139 219/219/219
f 134/134/134 219/219/219 214/214/214
f 130/130/130 134/134/134 214/214/214
f 130/130/130 214/214/214 210/210/210
f 126/126/126 130/130/130 210/210/210
f 126/126/126 210/210/210 206/206/206
f 122/122/122 126/126/126 206/206/206
f 122/122/122 206/206/206 202/202/202
f 118/118/118 122/122/122 202/202/202
f 118/118/118 202/202/202 198/198/198
f 114/114/114 118/118/118 198/198/198
f 114/114/114 198/198/198 194/194/194
f 110/110/110 114/114/114 194/194/194
f 110/110/110 194/194/194 190/190/190
f 106/106/106 110/110/110 190/190/190
f 106/106/106 190/190/190 186/186/186
f 100/100/100 106/106/106 186/186/186
f 100/100/100 186/186/186 180/180/180
f 96/96/96 100/100/100 180/180/180
f 96/96/96 180/180/180 176/176/176
f 92/92/92 96/96/96 176/176/176
f 92/92/92 176/176/176 172/172/172
f 88/88/88 92/92/92 172/172/172
f 88/88/88 172/172/172 168/168/168
f 84/84/84 88/88/88 168/168/168
f 84/84/84 168/168/168 164/164/164
f 80/80/80 84/84/84 164/164/164
f 80/80/80 164/164/164 160/160/160
f 76/76/76 80/80/80 160/160/160
f 76/76/76 160/160/160 157/157/157
f 72/72/72 76/76/76 157/157/157
f 72/72/72 157/157/157 152/152/152
f 68/68/68 72/72/72 152/152/152
f 68/68/68 152/152/152 148/148/148
f 63/63/63 68/68/68 148/148/148
f 63/63/63 148/148/148 143/143/143
f 62/62/62 63/63/63 143/143/143
f 62/62/62 143/143/143 142/142/142
f 64/64/64 62/62/62 142/142/142
f 64/64/64 142/142/142 144/144/144
f 69/69/69 64/64/64 144/144/144
f 69/69/69 144/144/144 149/149/149
f 73/73/73 69/69/69 149/149/149
f 73/73/73 149/149/149 153/153/153
f 77/77/77 73/73/73 153/153/153
f 77/77/77 153/153/153 156/156/156
f 81/81/81 77/77/77 156/156/156
f 81/81/81 156/156/156 161/161/161
f 85/85/85 81/81/81 161/161/161
f 85/85/85 161/161/161 165/165/165
f 89/89/89 85/85/85 165/165/165
f 89/89/89 165/165/165 169/169/169
f 93/93/93 89/89/89 169/169/169
f 93/93/93 169/169/169 173/173/173
f 97/97/97 93/93/93 173/173/173
f 97/97/97 173/173/173 177/177/177
f 103/103/103 97/97/97 177/177/177
f 103/103/103 177/177/177 183/183/183
f 107/107/107 103/103/103 183/183/183
f 107/107/107 183/183/183 187/187/187
f 111/111/111 107/107/107 187/187/187
f 111/111/111 187/187/187 191/191/191
f 115/115/115 111/111/111 191/191/191
f 115/115/115 191/191/191 195/195/195
f 119/119/119 115/115/115 195/195/195
f 119/119/119 195/195/195 199/199/199
f 123/123/123 119/119/119 199/199/199
f 123/123/123 199/199/199 203/203/203
f 127/127/127 123/123/123 203/203/203
f 127/127/127 203/203/203 207/207/207
f 131/131/131 127/127/127 207/207/207
f 131/131/131 207/207/207 211/211/211
f 135/135/135 131/131/131 211/211/211
f 135/135/135 211/211/211 215/215/215
f 140/140/140 135/135/135 215/215/215
f 140/140/140 215/215/215 220/220/220
f 141/141/141 140/140/140 220/220/220
f 141/141/141 220/220/220 221/221/221
f 219/219/219 221/221/221 218/218/218
f 219/219/219 218/218/218 216/216/216
f 214/214/214 219/219/219 216/216/216
f 214/214/214 216/216/216 212/212/212
f 210/210/210 214/214/214 212/212/212
f 210/210/210 212/212/212 208/208/208
f 206/206/206 210/210/210 208/208/208
f 206/206/206 208/208/208 204/204/204
f 202/202/202 206/206/206 204/204/204
f 202/202/202 204/204/204 200/200/200
f 198/198/198 202/202/202 200/200/200
f 198/198/198 200/200/200 196/196/196
f 194/194/194 198/198/198 196/196/196
f 194/194/194 196/196/196 192/192/192
f 190/190/190 194/194/194 192/192/192
f 190/190/190 192/192/192 188/188/188
f 186/186/186 190/190/190 188/188/188
f 186/186/186 188/188/188 184/184/184
f 180/180/180 186/186/186 184/184/184
f 180/180/180 184/184/184 181/181/181
f 176/176/176 180/180/180 181/181/181
f 176/176/176 181/181/181 178/178/178
f 172/172/172 176/176/176 178/178/178
f 172/172/172 178/178/178 174/174/174
f 168/168/168 172/172/172 174/174/174
f 168/168/168 174/174/174 170/170/170
f 164/164/164 168/168/168 170/170/170
f 164/164/164 170/170/170 166/166/166
f 160/160/160 164/164/164 166/166/166
f 160/160/160 166/166/166 162/162/162
f 157/157/157 160/160/160 162/162/162
f 157/157/157 162/162/162 158/158/158
f 152/152/152 157/157/157 158/158/158
f 152/152/152 158/158/158 154/154/154
f 148/148/148 152/152/152 154/154/154
f 148/148/148 154/154/154 150/150/150
f 143/143/143 148/148/148 150/150/150
f 143/143/143 150/150/150 146/146/146
f 142/142/142 143/143/143 146/146/146
f 142/142/142 146/146/146 145/145/145
f 144/144/144 142/142/142 145/145/145
f 144/144/144 145/145/145 147/147/147
f 149/149/149 144/144/144 147/147/147
f 149/149/149 147/147/147 151/151/151
f 153/153/153 149/149/149 151/151/151
f 153/153/153 151/151/151 155/155/155
f 156/156/156 153/153/153 155/155/155
f 156/156/156 155/155/155 159/159/159
f 161/161/161 156/156/156 159/159/159
f 161/161/161 159/159/159 163/163/163
f 165/165/165 161/161/161 163/163/163
f 165/165/165 163/163/163 167/167/167
f 169/169/169 165/165/165 167/167/167
f 169/169/169 167/167/167 171/171/171
f 173/173/173 169/169/169 171/171/171
f 173/173/173 171/171/171 175/175/175
f 177/177/177 173/173/173 175/175/175
f 177/177/177 175/175/175 179/179/179
f 183/183/183 177/177/177 179/179/179
f 183/183/183 179/179/179 182/182/182
f 187/187/187 183/183/183 182/182/182
f 187/187/187 182/182/182 185/185/185
f 191/191/191 187/187/187 185/185/185
f 191/191/191 185/185/185 189/189/189
f 195/195/195 191/191/191 189/189/189
f 195/195/195 189/189/189 193/193/193
f 199/199/199 195/195/195 193/193/193
f 199/199/199 193/193/193 197/197/197
f 203/203/203 199/199/199 197/197/197
f 203/203/203 197/197/197 201/201/201
f 207/207/207 203/203/203 201/201/201
f 207/207/207 201/201/201 205/205/205
f 211/211/211 207/207/207 205/205/205
f 211/211/211 205/205/205 209/209/209
f 215/215/215 211/211/211 209/209/209
f 215/215/215 209/209/209 213/213/213
f 220/220/220 215/215/215 213/213/213
f 220/220/220 213/213/213 217/217/217
f 221/221/221 220/220/220 217/217/217
f 221/221/221 217/217/217 218/218/218
f 3515/3515/3515 3510/3510/3510 3437/3437/3437
f 3515/3515/3515 3437/3437/3437 3439/3439/3439
f 3510/3510/3510 3506/3506/3506 3435/3435/3435
f 3510/3510/3510 3435/3435/3435 3437/3437/3437
f 3506/3506/3506 3502/3502/3502 3433/3433/3433
f 3506/3506/3506 3433/3433/3433 3435/3435/3435
f 3502/3502/3502 3498/3498/3498 3431/3431/3431
f 3502/3502/3502 3431/3431/3431 3433/3433/3433
f 3498/3498/3498 3494/3494/3494 3429/3429/3429
f 3498/3498/3498 3429/3429/3429 3431/3431/3431
f 3494/3494/3494 3490/3490/3490 3427/3427/3427
f 3494/3494/3494 3427/3427/3427 3429/3429/3429
f 3490/3490/3490 3486/3486/3486 3425/3425/3425
f 3490/3490/3490 3425/3425/3425 3427/3427/3427
f 3486/3486/3486 3481/3481/3481 3423/3423/3423
f 3486/3486/3486 3423/3423/3423 3425/3425/3425
f 3481/3481/3481 3476/3476/3476 3420/3420/3420
f 3481/3481/3481 3420/3420/3420 3423/3423/3423
f 3476/3476/3476 3474/3474/3474 3418/3418/3418
f 3476/3476/3476 3418/3418/3418 3420/3420/3420
f 3474/3474/3474 3470/3470/3470 3416/3416/3416
f 3474/3474/3474 3416/3416/3416 3418/3418/3418
f 3470/3470/3470 3468/3468/3468 3415/3415/3415
f 3470/3470/3470 3415/3415/3415 3416/3416/3416
f 3468/3468/3468 3463/3463/3463 3412/3412/3412
f 3468/3468/3468 3412/3412/3412 3415/3415/3415
f 3463/3463/3463 3460/3460/3460 3410/3410/3410
f 3463/3463/3463 3410/3410/3410 3412/3412/3412
f 3460/3460/3460 3455/3455/3455 3408/3408/3408
f 3460/3460/3460 3408/3408/3408 3410/3410/3410
f 3455/3455/3455 3451/3451/3451 3406/3406/3406
f 3455/3455/3455 3406/3406/3406 3408/3408/3408
f 3451/3451/3451 3447/3447/3447 3404/3404/3404
f 3451/3451/3451 3404/3404/3404 3406/3406/3406
f 3447/3447/3447 3442/3442/3442 3402/3402/3402
f 3447/3447/3447 3402/3402/3402 3404/3404/3404
f 3442/3442/3442 3441/3441/3441 3401/3401/3401
f 3442/3442/3442 3401/3401/3401 3402/3402/3402
f 3441/3441/3441 3443/3443/3443 3403/3403/3403
f 3441/3441/3441 3403/3403/3403 3401/3401/3401
f 3443/3443/3443 3448/3448/3448 3405/3405/3405
f 3443/3443/3443 3405/3405/3405 3403/3403/3403
f 3448/3448/3448 3452/3452/3452 3407/3407/3407
f 3448/3448/3448 3407/3407/3407 3405/3405/3405
f 3452/3452/3452 3456/3456/3456 3409/3409/3409
f 3452/3452/3452 3409/3409/3409 3407/3407/3407
f 3456/3456/3456 3459/3459/3459 3411/3411/3411
f 3456/3456/3456 3411/3411/3411 3409/3409/3409
f 3459/3459/3459 3464/3464/3464 3413/3413/3413
f 3459/3459/3459 3413/3413/3413 3411/3411/3411
f 3464/3464/3464 3467/3467/3467 3414/3414/3414
f 3464/3464/3464 3414/3414/3414 3413/3413/3413
f 3467/3467/3467 3471/3471/3471 3417/3417/3417
f 3467/3467/3467 3417/3417/3417 3414/3414/3414
f 3471/3471/3471 3473/3473/3473 3419/3419/3419
f 3471/3471/3471 3419/3419/3419 3417/3417/3417
f 3473/3473/3473 3478/3478/3478 3421/3421/3421
f 3473/3473/3473 3421/3421/3421 3419/3419/3419
f 3478/3478/3478 3482/3482/3482 3422/3422/3422
f 3478/3478/3478 3422/3422/3422 3421/3421/3421
f 3482/3482/3482 3485/3485/3485 3424/3424/3424
f 3482/3482/3482 3424/3424/3424 3422/3422/3422
f 3485/3485/3485 3489/3489/3489 3426/3426/3426
f 3485/3485/3485 3426/3426/3426 3424/3424/3424
f 3489/3489/3489 3493/3493/3493 3428/3428/3428
f 3489/3489/3489 3428/3428/3428 3426/3426/3426
f 3493/3493/3493 3497/3497/3497 3430/3430/3430
f 3493/3493/3493 3430/3430/3430 3428/3428/3428
f 3497/3497/3497 3501/3501/3501 3432/3432/3432
f 3497/3497/3497 3432/3432/3432 3430/3430/3430
f 3501/3501/3501 3505/3505/3505 3434/3434/3434
f 3501/3501/3501 3434/3434/3434 3432/3432/3432
f 3505/3505/3505 3509/3509/3509 3436/3436/3436
f 3505/3505/3505 3436/3436/3436 3434/3434/3434
f 3509/3509/3509 3514/3514/3514 3438/3438/3438
f 3509/3509/3509 3438/3438/3438 3436/3436/3436
f 3514/3514/3514 3516/3516/3516 3440/3440/3440
f 3514/3514/3514 3440/3440/3440 3438/3438/3438
f 3516/3516/3516 3515/3515/3515 3439/3439/3439
f 3516/3516/3516 3439/3439/3439 3440/3440/3440
f 3439/3439/3439 3437/3437/3437 3397/3397/3397
f 3439/3439/3439 3397/3397/3397 3398/3398/3398
f 3437/3437/3437 3435/3435/3435 3395/3395/3395
f 3437/3437/3437 3395/3395/3395 3397/3397/3397
f 3435/3435/3435 3433/3433/3433 3393/3393/3393
f 3435/3435/3435 3393/3393/3393 3395/3395/3395
f 3433/3433/3433 3431/3431/3431 3390/3390/3390
f 3433/3433/3433 3390/3390/3390 3393/3393/3393
f 3431/3431/3431 3429/3429/3429 3389/3389/3389
f 3431/3431/3431 3389/3389/3389 3390/3390/3390
f 3429/3429/3429 3427/3427/3427 3386/3386/3386
f 3429/3429/3429 3386/3386/3386 3389/3389/3389
f 3427/3427/3427 3425/3425/3425 3384/3384/3384
f 3427/3427/3427 3384/3384/3384 3386/3386/3386
f 3425/3425/3425 3423/3423/3423 3382/3382/3382
f 3425/3425/3425 3382/3382/3382 3384/3384/3384
f 3423/3423/3423 3420/3420/3420 3380/3380/3380
f 3423/3423/3423 3380/3380/3380 3382/3382/3382
f 3420/3420/3420 3418/3418/3418 3379/3379/3379
f 3420/3420/3420 3379/3379/3379 3380/3380/3380
f 3418/3418/3418 3416/3416/3416 3376/3376/3376
f 3418/3418/3418 3376/3376/3376 3379/3379/3379
f 3416/3416/3416 3415/3415/3415 3374/3374/3374
f 3416/3416/3416 3374/3374/3374 3376/3376/3376
f 3415/3415/3415 3412/3412/3412 3372/3372/3372
f 3415/3415/3415 3372/3372/3372 3374/3374/3374
f 3412/3412/3412 3410/3410/3410 3370/3370/3370
f 3412/3412/3412 3370/3370/3370 3372/3372/3372
f 3410/3410/3410 3408/3408/3408 3368/3368/3368
f 3410/3410/3410 3368/3368/3368 3370/3370/3370
f 3408/3408/3408 3406/3406/3406 3366/3366/3366
f 3408/3408/3408 3366/3366/3366 3368/3368/3368
f 3406/3406/3406 3404/3404/3404 3364/3364/3364
f 3406/3406/3406 3364/3364/3364 3366/3366/3366
f 3404/3404/3404 3402/3402/3402 3362/3362/3362
f 3404/3404/3404 3362/3362/3362 3364/3364/3364
f 3402/3402/3402 3401/3401/3401 3361/3361/3361
f 3402/3402/3402 3361/3361/3361 3362/3362/3362
f 3401/3401/3401 3403/3403/3403 3363/3363/3363
f 3401/3401/3401 3363/3363/3363 3361/3361/3361
f 3403/3403/3403 3405/3405/3405 3365/3365/3365
f 3403/3403/3403 3365/3365/3365 3363/3363/3363
f 3405/3405/3405 3407/3407/3407 3367/3367/3367
f 3405/3405/3405 3367/3367/3367 3365/3365/3365
f 3407/3407/3407 3409/3409/3409 3369/3369/3369
f 3407/3407/3407 3369/3369/3369 3367/3367/3367
f 3409/3409/3409 3411/3411/3411 3371/3371/3371
f 3409/3409/3409 3371/3371/3371 3369/3369/3369
f 3411/3411/3411 3413/3413/3413 3373/3373/3373
f 3411/3411/3411 3373/3373/3373 3371/3371/3371
f 3413/3413/3413 3414/3414/3414 3375/3375/3375
f 3413/3413/3413 3375/3375/3375 3373/3373/3373
f 3414/3414/3414 3417/3417/3417 3377/3377/3377
f 3414/3414/3414 3377/3377/3377 3375/3375/3375
f 3417/3417/3417 3419/3419/3419 3378/3378/3378
f 3417/3417/3417 3378/3378/3378 3377/3377/3377
f 3419/3419/3419 3421/3421/3421 3381/3381/3381
f 3419/3419/3419 3381/3381/3381 3378/3378/3378
f 3421/3421/3421 3422/3422/3422 3383/3383/3383
f 3421/3421/3421 3383/3383/3383 3381/3381/3381
f 3422/3422/3422 3424/3424/3424 3385/3385/3385
f 3422/3422/3422 3385/3385/3385 3383/3383/3383
f 3424/3424/3424 3426/3426/3426 3387/3387/3387
f 3424/3424/3424 3387/3387/3387 3385/3385/3385
f 3426/3426/3426 3428/3428/3428 3388/3388/3388
f 3426/3426/3426 3388/3388/3388 3387/3387/3387
f 3428/3428/3428 3430/3430/3430 3391/3391/3391
f 3428/3428/3428 3391/3391/3391 3388/3388/3388
f 3430/3430/3430 3432/3432/3432 3392/3392/3392
f 3430/3430/3430 3392/3392/3392 3391/3391/3391
f 3432/3432/3432 3434/3434/3434 3394/3394/3394
f 3432/3432/3432 3394/3394/3394 3392/3392/3392
f 3434/3434/3434 3436/3436/3436 3396/3396/3396
f 3434/3434/3434 3396/3396/3396 3394/3394/3394
f 3436/3436/3436 3438/3438/3438 3399/3399/3399
f 3436/3436/3436 3399/3399/3399 3396/3396/3396
f 3438/3438/3438 3440/3440/3440 3400/3400/3400
f 3438/3438/3438 3400/3400/3400 3399/3399/3399
f 3440/3440/3440 3439/3439/3439 3398/3398/3398
f 3440/3440/3440 3398/3398/3398 3400/3400/3400
f 3358/3358/3358 3357/3357/3357 3313/3313/3313
f 3358/3358/3358 3313/3313/3313 3315/3315/3315
f 3357/3357/3357 3354/3354/3354 3308/3308/3308
f 3357/3357/3357 3308/3308/3308 3313/3313/3313
f 3354/3354/3354 3353/3353/3353 3305/3305/3305
f 3354/3354/3354 3305/3305/3305 3308/3308/3308
f 3353/3353/3353 3351/3351/3351 3301/3301/3301
f 3353/3353/3353 3301/3301/3301 3305/3305/3305
f 3351/3351/3351 3349/3349/3349 3297/3297/3297
f 3351/3351/3351 3297/3297/3297 3301/3301/3301
f 3349/3349/3349 3346/3346/3346 3293/3293/3293
f 3349/3349/3349 3293/3293/3293 3297/3297/3297
f 3346/3346/3346 3344/3344/3344 3289/3289/3289
f 3346/3346/3346 3289/3289/3289 3293/3293/3293
f 3344/3344/3344 3342/3342/3342 3285/3285/3285
f 3344/3344/3344 3285/3285/3285 3289/3289/3289
f 3342/3342/3342 3340/3340/3340 3282/3282/3282
f 3342/3342/3342 3282/3282/3282 3285/3285/3285
f 3340/3340/3340 3338/3338/3338 3279/3279/3279
f 3340/3340/3340 3279/3279/3279 3282/3282/3282
f 3338/3338/3338 3337/3337/3337 3276/3276/3276
f 3338/3338/3338 3276/3276/3276 3279/3279/3279
f 3337/3337/3337 3335/3335/3335 3272/3272/3272
f 3337/3337/3337 3272/3272/3272 3276/3276/3276
f 3335/3335/3335 3332/3332/3332 3267/3267/3267
f 3335/3335/3335 3267/3267/3267 3272/3272/3272
f 3332/3332/3332 3330/3330/3330 3263/3263/3263
f 3332/3332/3332 3263/3263/3263 3267/3267/3267
f 3330/3330/3330 3328/3328/3328 3259/3259/3259
f 3330/3330/3330 3259/3259/3259 3263/3263/3263
f 3328/3328/3328 3326/3326/3326 3255/3255/3255
f 3328/3328/3328 3255/3255/3255 3259/3259/3259
f 3326/3326/3326 3324/3324/3324 3251/3251/3251
f 3326/3326/3326 3251/3251/3251 3255/3255/3255
f 3324/3324/3324 3322/3322/3322 3248/3248/3248
f 3324/3324/3324 3248/3248/3248 3251/3251/3251
f 3322/3322/3322 3321/3321/3321 3247/3247/3247
f 3322/3322/3322 3247/3247/3247 3248/3248/3248
f 3321/3321/3321 3323/3323/3323 3249/3249/3249
f 3321/3321/3321 3249/3249/3249 3247/3247/3247
f 3323/3323/3323 3325/3325/3325 3252/3252/3252
f 3323/3323/3323 3252/3252/3252 3249/3249/3249
f 3325/3325/3325 3327/3327/3327 3256/3256/3256
f 3325/3325/3325 3256/3256/3256 3252/3252/3252
f 3327/3327/3327 3329/3329/3329 3260/3260/3260
f 3327/3327/3327 3260/3260/3260 3256/3256/3256
f 3329/3329/3329 3331/3331/3331 3264/3264/3264
f 3329/3329/3329 3264/3264/3264 3260/3260/3260
f 3331/3331/3331 3333/3333/3333 3268/3268/3268
f 3331/3331/3331 3268/3268/3268 3264/3264/3264
f 3333/3333/3333 3334/3334/3334 3271/3271/3271
f 3333/3333/3333 3271/3271/3271 3268/3268/3268
f 3334/3334/3334 3336/3336/3336 3275/3275/3275
f 3334/3334/3334 3275/3275/3275 3271/3271/3271
f 3336/3336/3336 3339/3339/3339 3280/3280/3280
f 3336/3336/3336 3280/3280/3280 3275/3275/3275
f 3339/3339/3339 3341/3341/3341 3283/3283/3283
f 3339/3339/3339 3283/3283/3283 3280/3280/3280
f 3341/3341/3341 3343/3343/3343 3286/3286/3286
f 3341/3341/3341 3286/3286/3286 3283/3283/3283
f 3343/3343/3343 3345/3345/3345 3290/3290/3290
f 3343/3343/3343 3290/3290/3290 3286/3286/3286
f 3345/3345/3345 3347/3347/3347 3294/3294/3294
f 3345/3345/3345 3294/3294/3294 3290/3290/3290
f 3347/3347/3347 3348/3348/3348 3296/3296/3296
f 3347/3347/3347 3296/3296/3296 3294/3294/3294
f 3348/3348/3348 3350/3350/3350 3300/3300/3300
f 3348/3348/3348 3300/3300/3300 3296/3296/3296
f 3350/3350/3350 3352/3352/3352 3304/3304/3304
f 3350/3350/3350 3304/3304/3304 3300/3300/3300
f 3352/3352/3352 3355/3355/3355 3309/3309/3309
f 3352/3352/3352 3309/3309/3309 3304/3304/3304
f 3355/3355/3355 3356/3356/3356 3312/3312/3312
f 3355/3355/3355 3312/3312/3312 3309/3309/3309
f 3356/3356/3356 3359/3359/3359 3316/3316/3316
f 3356/3356/3356 3316/3316/3316 3312/3312/3312
f 3359/3359/3359 3360/3360/3360 3317/3317/3317
f 3359/3359/3359 3317/3317/3317 3316/3316/3316
f 3360/3360/3360 3358/3358/3358 3315/3315/3315
f 3360/3360/3360 3315/3315/3315 3317/3317/3317
f 3319/3319/3319 3314/3314/3314 3152/3152/3152
f 3319/3319/3319 3152/3152/3152 3159/3159/3159
f 3314/3314/3314 3311/3311/3311 3145/3145/3145
f 3314/3314/3314 3145/3145/3145 3152/3152/3152
f 3311/3311/3311 3307/3307/3307 3140/3140/3140
f 3311/3311/3311 3140/3140/3140 3145/3145/3145
f 3307/3307/3307 3303/3303/3303 3134/3134/3134
f 3307/3307/3307 3134/3134/3134 3140/3140/3140
f 3303/3303/3303 3299/3299/3299 3128/3128/3128
f 3303/3303/3303 3128/3128/3128 3134/3134/3134
f 3299/3299/3299 3243/3243/3243 3042/3042/3042
f 3299/3299/3299 3042/3042/3042 3128/3128/3128
f 3243/3243/3243 3292/3292/3292 3117/3117/3117
f 3243/3243/3243 3117/3117/3117 3042/3042/3042
f 3292/3292/3292 3288/3288/3288 3111/3111/3111
f 3292/3292/3292 3111/3111/3111 3117/3117/3117
f 3288/3288/3288 3281/3281/3281 3102/3102/3102
f 3288/3288/3288 3102/3102/3102 3111/3111/3111
f 3281/3281/3281 3278/3278/3278 3097/3097/3097
f 3281/3281/3281 3097/3097/3097 3102/3102/3102
f 3278/3278/3278 3273/3273/3273 3090/3090/3090
f 3278/3278/3278 3090/3090/3090 3097/3097/3097
f 3273/3273/3273 3270/3270/3270 3085/3085/3085
f 3273/3273/3273 3085/3085/3085 3090/3090/3090
f 3270/3270/3270 3266/3266/3266 3079/3079/3079
f 3270/3270/3270 3079/3079/3079 3085/3085/3085
f 3266/3266/3266 3261/3261/3261 3072/3072/3072
f 3266/3266/3266 3072/3072/3072 3079/3079/3079
f 3261/3261/3261 3257/3257/3257 3067/3067/3067
f 3261/3261/3261 3067/3067/3067 3072/3072/3072
f 3257/3257/3257 3253/3253/3253 3061/3061/3061
f 3257/3257/3257 3061/3061/3061 3067/3067/3067
f 3253/3253/3253 3250/3250/3250 3053/3053/3053
f 3253/3253/3253 3053/3053/3053 3061/3061/3061
f 3250/3250/3250 3246/3246/3246 3046/3046/3046
f 3250/3250/3250 3046/3046/3046 3053/3053/3053
f 3246/3246/3246 3245/3245/3245 3045/3045/3045
f 3246/3246/3246 3045/3045/3045 3046/3046/3046
f 3245/3245/3245 3241/3241/3241 3047/3047/3047
f 3245/3245/3245 3047/3047/3047 3045/3045/3045
f 3241/3241/3241 3242/3242/3242 3054/3054/3054
f 3241/3241/3241 3054/3054/3054 3047/3047/3047
f 3242/3242/3242 3254/3254/3254 3062/3062/3062
f 3242/3242/3242 3062/3062/3062 3054/3054/3054
f 3254/3254/3254 3258/3258/3258 3040/3040/3040
f 3254/3254/3254 3040/3040/3040 3062/3062/3062
f 3258/3258/3258 3262/3262/3262 3041/3041/3041
f 3258/3258/3258 3041/3041/3041 3040/3040/3040
f 3262/3262/3262 3265/3265/3265 3078/3078/3078
f 3262/3262/3262 3078/3078/3078 3041/3041/3041
f 3265/3265/3265 3269/3269/3269 3084/3084/3084
f 3265/3265/3265 3084/3084/3084 3078/3078/3078
f 3269/3269/3269 3274/3274/3274 3091/3091/3091
f 3269/3269/3269 3091/3091/3091 3084/3084/3084
f 3274/3274/3274 3277/3277/3277 3096/3096/3096
f 3274/3274/3274 3096/3096/3096 3091/3091/3091
f 3277/3277/3277 3284/3284/3284 3105/3105/3105
f 3277/3277/3277 3105/3105/3105 3096/3096/3096
f 3284/3284/3284 3287/3287/3287 3110/3110/3110
f 3284/3284/3284 3110/3110/3110 3105/3105/3105
f 3287/3287/3287 3291/3291/3291 3116/3116/3116
f 3287/3287/3287 3116/3116/3116 3110/3110/3110
f 3291/3291/3291 3295/3295/3295 3122/3122/3122
f 3291/3291/3291 3122/3122/3122 3116/3116/3116
f 3295/3295/3295 3298/3298/3298 3127/3127/3127
f 3295/3295/3295 3127/3127/3127 3122/3122/3122
f 3298/3298/3298 3302/3302/3302 3133/3133/3133
f 3298/3298/3298 3133/3133/3133 3127/3127/3127
f 3302/3302/3302 3306/3306/3306 3139/3139/3139
f 3302/3302/3302 3139/3139/3139 3133/3133/3133
f 3306/3306/3306 3310/3310/3310 3043/3043/3043
f 3306/3306/3306 3043/3043/3043 3139/3139/3139
f 3310/3310/3310 3244/3244/3244 3044/3044/3044
f 3310/3310/3310 3044/3044/3044 3043/3043/3043
f 3244/3244/3244 3318/3318/3318 3158/3158/3158
f 3244/3244/3244 3158/3158/3158 3044/3044/3044
f 3318/3318/3318 3320/3320/3320 3160/3160/3160
f 3318/3318/3318 3160/3160/3160 3158/3158/3158
f 3320/3320/3320 3319/3319/3319 3159/3159/3159
f 3320/3320/3320 3159/3159/3159 3160/3160/3160
f 3006/3006/3006 3153/3153/3153 3150/3150/3150
f 3006/3006/3006 3150/3150/3150 3004/3004/3004
f 3003/3003/3003 3149/3149/3149 3146/3146/3146
f 3003/3003/3003 3146/3146/3146 3001/3001/3001
f 2999/2999/2999 3143/3143/3143 3142/3142/3142
f 2999/2999/2999 3142/3142/3142 2998/2998/2998
f 2997/2997/2997 3138/3138/3138 3135/3135/3135
f 2997/2997/2997 3135/3135/3135 2996/2996/2996
f 2995/2995/2995 3132/3132/3132 3129/3129/3129
f 2995/2995/2995 3129/3129/3129 2994/2994/2994
f 2993/2993/2993 3126/3126/3126 3124/3124/3124
f 2993/2993/2993 3124/3124/3124 2992/2992/2992
f 2991/2991/2991 3120/3120/3120 3118/3118/3118
f 2991/2991/2991 3118/3118/3118 2990/2990/2990
f 2989/2989/2989 3114/3114/3114 3112/3112/3112
f 2989/2989/2989 3112/3112/3112 2988/2988/2988
f 2987/2987/2987 3108/3108/3108 3107/3107/3107
f 2987/2987/2987 3107/3107/3107 2986/2986/2986
f 2985/2985/2985 3103/3103/3103 3100/3100/3100
f 2985/2985/2985 3100/3100/3100 2984/2984/2984
f 2983/2983/2983 3098/3098/3098 3095/3095/3095
f 2983/2983/2983 3095/3095/3095 2982/2982/2982
f 2981/2981/2981 3093/3093/3093 3089/3089/3089
f 2981/2981/2981 3089/3089/3089 2980/2980/2980
f 2979/2979/2979 3087/3087/3087 3082/3082/3082
f 2979/2979/2979 3082/3082/3082 2978/2978/2978
f 2977/2977/2977 3080/3080/3080 3076/3076/3076
f 2977/2977/2977 3076/3076/3076 2976/2976/2976
f 2975/2975/2975 3073/3073/3073 3070/3070/3070
f 2975/2975/2975 3070/3070/3070 2974/2974/2974
f 2973/2973/2973 3068/3068/3068 3065/3065/3065
f 2973/2973/2973 3065/3065/3065 2972/2972/2972
f 2971/2971/2971 3063/3063/3063 3059/3059/3059
f 2971/2971/2971 3059/3059/3059 2969/2969/2969
f 2967/2967/2967 3057/3057/3057 3055/3055/3055
f 2967/2967/2967 3055/3055/3055 2965/2965/2965
f 2963/2963/2963 3051/3051/3051 3049/3049/3049
f 2963/2963/2963 3049/3049/3049 2961/2961/2961
f 2960/2960/2960 3048/3048/3048 3050/3050/3050
f 2960/2960/2960 3050/3050/3050 2962/2962/2962
f 2964/2964/2964 3052/3052/3052 3056/3056/3056
f 2964/2964/2964 3056/3056/3056 2966/2966/2966
f 2968/2968/2968 3058/3058/3058 3060/3060/3060
f 2968/2968/2968 3060/3060/3060 2970/2970/2970
f 3011/3011/3011 3064/3064/3064 3066/3066/3066
f 3011/3011/3011 3066/3066/3066 3012/3012/3012
f 3013/3013/3013 3069/3069/3069 3071/3071/3071
f 3013/3013/3013 3071/3071/3071 3014/3014/3014
f 3015/3015/3015 3075/3075/3075 3077/3077/3077
f 3015/3015/3015 3077/3077/3077 3016/3016/3016
f 3017/3017/3017 3081/3081/3081 3083/3083/3083
f 3017/3017/3017 3083/3083/3083 3018/3018/3018
f 3019/3019/3019 3086/3086/3086 3088/3088/3088
f 3019/3019/3019 3088/3088/3088 3020/3020/3020
f 3021/3021/3021 3092/3092/3092 3094/3094/3094
f 3021/3021/3021 3094/3094/3094 3022/3022/3022
f 3023/3023/3023 3099/3099/3099 3101/3101/3101
f 3023/3023/3023 3101/3101/3101 3024/3024/3024
f 3025/3025/3025 3104/3104/3104 3106/3106/3106
f 3025/3025/3025 3106/3106/3106 3026/3026/3026
f 3027/3027/3027 3109/3109/3109 3113/3113/3113
f 3027/3027/3027 3113/3113/3113 3028/3028/3028
f 3029/3029/3029 3115/3115/3115 3119/3119/3119
f 3029/3029/3029 3119/3119/3119 3030/3030/3030
f 3031/3031/3031 3121/3121/3121 3123/3123/3123
f 3031/3031/3031 3123/3123/3123 3032/3032/3032
f 3033/3033/3033 3125/3125/3125 3130/3130/3130
f 3033/3033/3033 3130/3130/3130 3034/3034/3034
f 3035/3035/3035 3131/3131/3131 3136/3136/3136
f 3035/3035/3035 3136/3136/3136 3036/3036/3036
f 3037/3037/3037 3137/3137/3137 3141/3141/3141
f 3037/3037/3037 3141/3141/3141 3038/3038/3038
f 3039/3039/3039 3144/3144/3144 3147/3147/3147
f 3039/3039/3039 3147/3147/3147 3000/3000/3000
f 3002/3002/3002 3148/3148/3148 3151/3151/3151
f 3002/3002/3002 3151/3151/3151 3005/3005/3005
f 3007/3007/3007 3154/3154/3154 3156/3156/3156
f 3007/3007/3007 3156/3156/3156 3009/3009/3009
f 3010/3010/3010 3157/3157/3157 3155/3155/3155
f 3010/3010/3010 3155/3155/3155 3008/3008/3008
f 2851/2851/2851 2904/2904/2904 2956/2956/2956
f 2851/2851/2851 2956/2956/2956 2848/2848/2848
f 2847/2847/2847 2902/2902/2902 2954/2954/2954
f 2847/2847/2847 2954/2954/2954 2845/2845/2845
f 2842/2842/2842 2900/2900/2900 2952/2952/2952
f 2842/2842/2842 2952/2952/2952 2840/2840/2840
f 2839/2839/2839 2899/2899/2899 2949/2949/2949
f 2839/2839/2839 2949/2949/2949 2838/2838/2838
f 2837/2837/2837 2898/2898/2898 2946/2946/2946
f 2837/2837/2837 2946/2946/2946 2836/2836/2836
f 2835/2835/2835 2897/2897/2897 2943/2943/2943
f 2835/2835/2835 2943/2943/2943 2834/2834/2834
f 2833/2833/2833 2896/2896/2896 2940/2940/2940
f 2833/2833/2833 2940/2940/2940 2832/2832/2832
f 2831/2831/2831 2895/2895/2895 2938/2938/2938
f 2831/2831/2831 2938/2938/2938 2830/2830/2830
f 2829/2829/2829 2894/2894/2894 2935/2935/2935
f 2829/2829/2829 2935/2935/2935 2828/2828/2828
f 2827/2827/2827 2893/2893/2893 2931/2931/2931
f 2827/2827/2827 2931/2931/2931 2826/2826/2826
f 2825/2825/2825 2892/2892/2892 2929/2929/2929
f 2825/2825/2825 2929/2929/2929 2824/2824/2824
f 2823/2823/2823 2891/2891/2891 2926/2926/2926
f 2823/2823/2823 2926/2926/2926 2822/2822/2822
f 2821/2821/2821 2890/2890/2890 2922/2922/2922
f 2821/2821/2821 2922/2922/2922 2820/2820/2820
f 2819/2819/2819 2889/2889/2889 2919/2919/2919
f 2819/2819/2819 2919/2919/2919 2818/2818/2818
f 2817/2817/2817 2888/2888/2888 2916/2916/2916
f 2817/2817/2817 2916/2916/2916 2816/2816/2816
f 2815/2815/2815 2887/2887/2887 2913/2913/2913
f 2815/2815/2815 2913/2913/2913 2813/2813/2813
f 2811/2811/2811 2885/2885/2885 2911/2911/2911
f 2811/2811/2811 2911/2911/2911 2809/2809/2809
f 2807/2807/2807 2883/2883/2883 2909/2909/2909
f 2807/2807/2807 2909/2909/2909 2805/2805/2805
f 2803/2803/2803 2881/2881/2881 2907/2907/2907
f 2803/2803/2803 2907/2907/2907 2801/2801/2801
f 2800/2800/2800 2880/2880/2880 2908/2908/2908
f 2800/2800/2800 2908/2908/2908 2802/2802/2802
f 2804/2804/2804 2882/2882/2882 2910/2910/2910
f 2804/2804/2804 2910/2910/2910 2806/2806/2806
f 2808/2808/2808 2884/2884/2884 2912/2912/2912
f 2808/2808/2808 2912/2912/2912 2810/2810/2810
f 2812/2812/2812 2886/2886/2886 2914/2914/2914
f 2812/2812/2812 2914/2914/2914 2814/2814/2814
f 2855/2855/2855 2915/2915/2915 2917/2917/2917
f 2855/2855/2855 2917/2917/2917 2856/2856/2856
f 2857/2857/2857 2918/2918/2918 2920/2920/2920
f 2857/2857/2857 2920/2920/2920 2858/2858/2858
f 2859/2859/2859 2921/2921/2921 2923/2923/2923
f 2859/2859/2859 2923/2923/2923 2860/2860/2860
f 2861/2861/2861 2924/2924/2924 2925/2925/2925
f 2861/2861/2861 2925/2925/2925 2862/2862/2862
f 2863/2863/2863 2927/2927/2927 2928/2928/2928
f 2863/2863/2863 2928/2928/2928 2864/2864/2864
f 2865/2865/2865 2930/2930/2930 2932/2932/2932
f 2865/2865/2865 2932/2932/2932 2866/2866/2866
f 2867/2867/2867 2933/2933/2933 2934/2934/2934
f 2867/2867/2867 2934/2934/2934 2868/2868/2868
f 2869/2869/2869 2936/2936/2936 2937/2937/2937
f 2869/2869/2869 2937/2937/2937 2870/2870/2870
f 2871/2871/2871 2939/2939/2939 2941/2941/2941
f 2871/2871/2871 2941/2941/2941 2872/2872/2872
f 2873/2873/2873 2942/2942/2942 2944/2944/2944
f 2873/2873/2873 2944/2944/2944 2874/2874/2874
f 2875/2875/2875 2945/2945/2945 2947/2947/2947
f 2875/2875/2875 2947/2947/2947 2876/2876/2876
f 2877/2877/2877 2948/2948/2948 2950/2950/2950
f 2877/2877/2877 2950/2950/2950 2878/2878/2878
f 2879/2879/2879 2951/2951/2951 2953/2953/2953
f 2879/2879/2879 2953/2953/2953 2841/2841/2841
f 2843/2843/2843 2901/2901/2901 2955/2955/2955
f 2843/2843/2843 2955/2955/2955 2844/2844/2844
f 2846/2846/2846 2903/2903/2903 2957/2957/2957
f 2846/2846/2846 2957/2957/2957 2849/2849/2849
f 2850/2850/2850 2905/2905/2905 2959/2959/2959
f 2850/2850/2850 2959/2959/2959 2852/2852/2852
f 2854/2854/2854 2906/2906/2906 2958/2958/2958
f 2854/2854/2854 2958/2958/2958 2853/2853/2853
f 2391/2391/2391 2473/2473/2473 2475/2475/2475
f 2391/2391/2391 2475/2475/2475 2396/2396/2396
f 2387/2387/2387 2471/2471/2471 2469/2469/2469
f 2387/2387/2387 2469/2469/2469 2394/2394/2394
f 2385/2385/2385 2467/2467/2467 2465/2465/2465
f 2385/2385/2385 2465/2465/2465 2389/2389/2389
f 2381/2381/2381 2463/2463/2463 2461/2461/2461
f 2381/2381/2381 2461/2461/2461 2383/2383/2383
f 2377/2377/2377 2459/2459/2459 2457/2457/2457
f 2377/2377/2377 2457/2457/2457 2379/2379/2379
f 2373/2373/2373 2456/2456/2456 2454/2454/2454
f 2373/2373/2373 2454/2454/2454 2375/2375/2375
f 2372/2372/2372 2451/2451/2451 2449/2449/2449
f 2372/2372/2372 2449/2449/2449 2369/2369/2369
f 2367/2367/2367 2447/2447/2447 2445/2445/2445
f 2367/2367/2367 2445/2445/2445 2365/2365/2365
f 2363/2363/2363 2443/2443/2443 2441/2441/2441
f 2363/2363/2363 2441/2441/2441 2361/2361/2361
f 2358/2358/2358 2439/2439/2439 2437/2437/2437
f 2358/2358/2358 2437/2437/2437 2356/2356/2356
f 2354/2354/2354 2435/2435/2435 2433/2433/2433
f 2354/2354/2354 2433/2433/2433 2352/2352/2352
f 2350/2350/2350 2431/2431/2431 2429/2429/2429
f 2350/2350/2350 2429/2429/2429 2349/2349/2349
f 2346/2346/2346 2427/2427/2427 2425/2425/2425
f 2346/2346/2346 2425/2425/2425 2342/2342/2342
f 2344/2344/2344 2423/2423/2423 2421/2421/2421
f 2344/2344/2344 2421/2421/2421 2338/2338/2338
f 2340/2340/2340 2419/2419/2419 2417/2417/2417
f 2340/2340/2340 2417/2417/2417 2334/2334/2334
f 2336/2336/2336 2415/2415/2415 2413/2413/2413
f 2336/2336/2336 2413/2413/2413 2328/2328/2328
f 2332/2332/2332 2411/2411/2411 2409/2409/2409
f 2332/2332/2332 2409/2409/2409 2323/2323/2323
f 2330/2330/2330 2407/2407/2407 2403/2403/2403
f 2330/2330/2330 2403/2403/2403 2321/2321/2321
f 2326/2326/2326 2405/2405/2405 2400/2400/2400
f 2326/2326/2326 2400/2400/2400 2319/2319/2319
f 2325/2325/2325 2402/2402/2402 2401/2401/2401
f 2325/2325/2325 2401/2401/2401 2320/2320/2320
f 2327/2327/2327 2406/2406/2406 2404/2404/2404
f 2327/2327/2327 2404/2404/2404 2322/2322/2322
f 2331/2331/2331 2408/2408/2408 2410/2410/2410
f 2331/2331/2331 2410/2410/2410 2324/2324/2324
f 2333/2333/2333 2412/2412/2412 2414/2414/2414
f 2333/2333/2333 2414/2414/2414 2329/2329/2329
f 2337/2337/2337 2416/2416/2416 2418/2418/2418
f 2337/2337/2337 2418/2418/2418 2335/2335/2335
f 2341/2341/2341 2420/2420/2420 2422/2422/2422
f 2341/2341/2341 2422/2422/2422 2339/2339/2339
f 2345/2345/2345 2424/2424/2424 2426/2426/2426
f 2345/2345/2345 2426/2426/2426 2343/2343/2343
f 2347/2347/2347 2428/2428/2428 2430/2430/2430
f 2347/2347/2347 2430/2430/2430 2348/2348/2348
f 2351/2351/2351 2432/2432/2432 2434/2434/2434
f 2351/2351/2351 2434/2434/2434 2353/2353/2353
f 2355/2355/2355 2436/2436/2436 2438/2438/2438
f 2355/2355/2355 2438/2438/2438 2357/2357/2357
f 2360/2360/2360 2440/2440/2440 2442/2442/2442
f 2360/2360/2360 2442/2442/2442 2362/2362/2362
f 2364/2364/2364 2444/2444/2444 2446/2446/2446
f 2364/2364/2364 2446/2446/2446 2366/2366/2366
f 2368/2368/2368 2448/2448/2448 2450/2450/2450
f 2368/2368/2368 2450/2450/2450 2370/2370/2370
f 2371/2371/2371 2452/2452/2452 2453/2453/2453
f 2371/2371/2371 2453/2453/2453 2376/2376/2376
f 2374/2374/2374 2455/2455/2455 2458/2458/2458
f 2374/2374/2374 2458/2458/2458 2380/2380/2380
f 2378/2378/2378 2460/2460/2460 2462/2462/2462
f 2378/2378/2378 2462/2462/2462 2384/2384/2384
f 2382/2382/2382 2464/2464/2464 2466/2466/2466
f 2382/2382/2382 2466/2466/2466 2390/2390/2390
f 2386/2386/2386 2468/2468/2468 2470/2470/2470
f 2386/2386/2386 2470/2470/2470 2395/2395/2395
f 2388/2388/2388 2472/2472/2472 2476/2476/2476
f 2388/2388/2388 2476/2476/2476 2397/2397/2397
f 2392/2392/2392 2474/2474/2474 2479/2479/2479
f 2392/2392/2392 2479/2479/2479 2399/2399/2399
f 2393/2393/2393 2477/2477/2477 2478/2478/2478
f 2393/2393/2393 2478/2478/2478 2398/2398/2398
f 2492/2492/2492 2572/2572/2572 2574/2574/2574
f 2492/2492/2492 2574/2574/2574 2494/2494/2494
f 2488/2488/2488 2568/2568/2568 2570/2570/2570
f 2488/2488/2488 2570/2570/2570 2490/2490/2490
f 2484/2484/2484 2564/2564/2564 2566/2566/2566
f 2484/2484/2484 2566/2566/2566 2486/2486/2486
f 2480/2480/2480 2560/2560/2560 2562/2562/2562
f 2480/2480/2480 2562/2562/2562 2482/2482/2482
f 2483/2483/2483 2563/2563/2563 2561/2561/2561
f 2483/2483/2483 2561/2561/2561 2481/2481/2481
f 2487/2487/2487 2567/2567/2567 2565/2565/2565
f 2487/2487/2487 2565/2565/2565 2485/2485/2485
f 2491/2491/2491 2571/2571/2571 2569/2569/2569
f 2491/2491/2491 2569/2569/2569 2489/2489/2489
f 2495/2495/2495 2575/2575/2575 2573/2573/2573
f 2495/2495/2495 2573/2573/2573 2493/2493/2493
f 2499/2499/2499 2579/2579/2579 2577/2577/2577
f 2499/2499/2499 2577/2577/2577 2497/2497/2497
f 2504/2504/2504 2583/2583/2583 2582/2582/2582
f 2504/2504/2504 2582/2582/2582 2501/2501/2501
f 2507/2507/2507 2587/2587/2587 2585/2585/2585
f 2507/2507/2507 2585/2585/2585 2505/2505/2505
f 2511/2511/2511 2591/2591/2591 2589/2589/2589
f 2511/2511/2511 2589/2589/2589 2510/2510/2510
f 2515/2515/2515 2595/2595/2595 2593/2593/2593
f 2515/2515/2515 2593/2593/2593 2513/2513/2513
f 2519/2519/2519 2599/2599/2599 2597/2597/2597
f 2519/2519/2519 2597/2597/2597 2517/2517/2517
f 2523/2523/2523 2604/2604/2604 2602/2602/2602
f 2523/2523/2523 2602/2602/2602 2521/2521/2521
f 2527/2527/2527 2607/2607/2607 2605/2605/2605
f 2527/2527/2527 2605/2605/2605 2525/2525/2525
f 2531/2531/2531 2611/2611/2611 2609/2609/2609
f 2531/2531/2531 2609/2609/2609 2529/2529/2529
f 2536/2536/2536 2615/2615/2615 2614/2614/2614
f 2536/2536/2536 2614/2614/2614 2533/2533/2533
f 2540/2540/2540 2619/2619/2619 2618/2618/2618
f 2540/2540/2540 2618/2618/2618 2537/2537/2537
f 2543/2543/2543 2623/2623/2623 2621/2621/2621
f 2543/2543/2543 2621/2621/2621 2541/2541/2541
f 2547/2547/2547 2627/2627/2627 2625/2625/2625
f 2547/2547/2547 2625/2625/2625 2545/2545/2545
f 2552/2552/2552 2632/2632/2632 2629/2629/2629
f 2552/2552/2552 2629/2629/2629 2549/2549/2549
f 2555/2555/2555 2635/2635/2635 2633/2633/2633
f 2555/2555/2555 2633/2633/2633 2553/2553/2553
f 2559/2559/2559 2639/2639/2639 2637/2637/2637
f 2559/2559/2559 2637/2637/2637 2557/2557/2557
f 2556/2556/2556 2636/2636/2636 2638/2638/2638
f 2556/2556/2556 2638/2638/2638 2558/2558/2558
f 2551/2551/2551 2631/2631/2631 2634/2634/2634
f 2551/2551/2551 2634/2634/2634 2554/2554/2554
f 2548/2548/2548 2628/2628/2628 2630/2630/2630
f 2548/2548/2548 2630/2630/2630 2550/2550/2550
f 2544/2544/2544 2624/2624/2624 2626/2626/2626
f 2544/2544/2544 2626/2626/2626 2546/2546/2546
f 2539/2539/2539 2620/2620/2620 2622/2622/2622
f 2539/2539/2539 2622/2622/2622 2542/2542/2542
f 2535/2535/2535 2616/2616/2616 2617/2617/2617
f 2535/2535/2535 2617/2617/2617 2538/2538/2538
f 2532/2532/2532 2612/2612/2612 2613/2613/2613
f 2532/2532/2532 2613/2613/2613 2534/2534/2534
f 2528/2528/2528 2608/2608/2608 2610/2610/2610
f 2528/2528/2528 2610/2610/2610 2530/2530/2530
f 2524/2524/2524 2603/2603/2603 2606/2606/2606
f 2524/2524/2524 2606/2606/2606 2526/2526/2526
f 2520/2520/2520 2600/2600/2600 2601/2601/2601
f 2520/2520/2520 2601/2601/2601 2522/2522/2522
f 2516/2516/2516 2596/2596/2596 2598/2598/2598
f 2516/2516/2516 2598/2598/2598 2518/2518/2518
f 2512/2512/2512 2592/2592/2592 2594/2594/2594
f 2512/2512/2512 2594/2594/2594 2514/2514/2514
f 2508/2508/2508 2588/2588/2588 2590/2590/2590
f 2508/2508/2508 2590/2590/2590 2509/2509/2509
f 2503/2503/2503 2584/2584/2584 2586/2586/2586
f 2503/2503/2503 2586/2586/2586 2506/2506/2506
f 2500/2500/2500 2580/2580/2580 2581/2581/2581
f 2500/2500/2500 2581/2581/2581 2502/2502/2502
f 2496/2496/2496 2576/2576/2576 2578/2578/2578
f 2496/2496/2496 2578/2578/2578 2498/2498/2498
f 2652/2652/2652 2732/2732/2732 2734/2734/2734
f 2652/2652/2652 2734/2734/2734 2654/2654/2654
f 2648/2648/2648 2728/2728/2728 2730/2730/2730
f 2648/2648/2648 2730/2730/2730 2650/2650/2650
f 2644/2644/2644 2724/2724/2724 2726/2726/2726
f 2644/2644/2644 2726/2726/2726 2646/2646/2646
f 2640/2640/2640 2720/2720/2720 2722/2722/2722
f 2640/2640/2640 2722/2722/2722 2642/2642/2642
f 2643/2643/2643 2723/2723/2723 2721/2721/2721
f 2643/2643/2643 2721/2721/2721 2641/2641/2641
f 2647/2647/2647 2727/2727/2727 2725/2725/2725
f 2647/2647/2647 2725/2725/2725 2645/2645/2645
f 2651/2651/2651 2731/2731/2731 2729/2729/2729
f 2651/2651/2651 2729/2729/2729 2649/2649/2649
f 2655/2655/2655 2735/2735/2735 2733/2733/2733
f 2655/2655/2655 2733/2733/2733 2653/2653/2653
f 2659/2659/2659 2737/2737/2737 2736/2736/2736
f 2659/2659/2659 2736/2736/2736 2657/2657/2657
f 2663/2663/2663 2739/2739/2739 2738/2738/2738
f 2663/2663/2663 2738/2738/2738 2661/2661/2661
f 2667/2667/2667 2741/2741/2741 2740/2740/2740
f 2667/2667/2667 2740/2740/2740 2666/2666/2666
f 2671/2671/2671 2743/2743/2743 2742/2742/2742
f 2671/2671/2671 2742/2742/2742 2669/2669/2669
f 2675/2675/2675 2745/2745/2745 2744/2744/2744
f 2675/2675/2675 2744/2744/2744 2674/2674/2674
f 2679/2679/2679 2747/2747/2747 2746/2746/2746
f 2679/2679/2679 2746/2746/2746 2677/2677/2677
f 2683/2683/2683 2749/2749/2749 2748/2748/2748
f 2683/2683/2683 2748/2748/2748 2681/2681/2681
f 2688/2688/2688 2751/2751/2751 2750/2750/2750
f 2688/2688/2688 2750/2750/2750 2686/2686/2686
f 2691/2691/2691 2753/2753/2753 2752/2752/2752
f 2691/2691/2691 2752/2752/2752 2689/2689/2689
f 2695/2695/2695 2755/2755/2755 2754/2754/2754
f 2695/2695/2695 2754/2754/2754 2694/2694/2694
f 2700/2700/2700 2757/2757/2757 2756/2756/2756
f 2700/2700/2700 2756/2756/2756 2697/2697/2697
f 2703/2703/2703 2759/2759/2759 2758/2758/2758
f 2703/2703/2703 2758/2758/2758 2701/2701/2701
f 2707/2707/2707 2762/2762/2762 2760/2760/2760
f 2707/2707/2707 2760/2760/2760 2705/2705/2705
f 2712/2712/2712 2766/2766/2766 2764/2764/2764
f 2712/2712/2712 2764/2764/2764 2710/2710/2710
f 2715/2715/2715 2770/2770/2770 2769/2769/2769
f 2715/2715/2715 2769/2769/2769 2713/2713/2713
f 2719/2719/2719 2774/2774/2774 2772/2772/2772
f 2719/2719/2719 2772/2772/2772 2717/2717/2717
f 2716/2716/2716 2771/2771/2771 2773/2773/2773
f 2716/2716/2716 2773/2773/2773 2718/2718/2718
f 2711/2711/2711 2767/2767/2767 2768/2768/2768
f 2711/2711/2711 2768/2768/2768 2714/2714/2714
f 2708/2708/2708 2763/2763/2763 2765/2765/2765
f 2708/2708/2708 2765/2765/2765 2709/2709/2709
f 2704/2704/2704 2799/2799/2799 2761/2761/2761
f 2704/2704/2704 2761/2761/2761 2706/2706/2706
f 2699/2699/2699 2797/2797/2797 2798/2798/2798
f 2699/2699/2699 2798/2798/2798 2702/2702/2702
f 2696/2696/2696 2795/2795/2795 2796/2796/2796
f 2696/2696/2696 2796/2796/2796 2698/2698/2698
f 2692/2692/2692 2793/2793/2793 2794/2794/2794
f 2692/2692/2692 2794/2794/2794 2693/2693/2693
f 2687/2687/2687 2791/2791/2791 2792/2792/2792
f 2687/2687/2687 2792/2792/2792 2690/2690/2690
f 2684/2684/2684 2789/2789/2789 2790/2790/2790
f 2684/2684/2684 2790/2790/2790 2685/2685/2685
f 2680/2680/2680 2787/2787/2787 2788/2788/2788
f 2680/2680/2680 2788/2788/2788 2682/2682/2682
f 2676/2676/2676 2785/2785/2785 2786/2786/2786
f 2676/2676/2676 2786/2786/2786 2678/2678/2678
f 2672/2672/2672 2783/2783/2783 2784/2784/2784
f 2672/2672/2672 2784/2784/2784 2673/2673/2673
f 2668/2668/2668 2781/2781/2781 2782/2782/2782
f 2668/2668/2668 2782/2782/2782 2670/2670/2670
f 2664/2664/2664 2779/2779/2779 2780/2780/2780
f 2664/2664/2664 2780/2780/2780 2665/2665/2665
f 2660/2660/2660 2777/2777/2777 2778/2778/2778
f 2660/2660/2660 2778/2778/2778 2662/2662/2662
f 2656/2656/2656 2775/2775/2775 2776/2776/2776
f 2656/2656/2656 2776/2776/2776 2658/2658/2658
f 3315/3315/3315 3313/3313/3313 3314/3314/3314
f 3315/3315/3315 3314/3314/3314 3319/3319/3319
f 3149/3149/3149 3153/3153/3153 3159/3159/3159
f 3149/3149/3149 3159/3159/3159 3152/3152/3152
f 3313/3313/3313 3308/3308/3308 3311/3311/3311
f 3313/3313/3313 3311/3311/3311 3314/3314/3314
f 3143/3143/3143 3146/3146/3146 3149/3149/3149
f 3143/3143/3143 3149/3149/3149 3152/3152/3152
f 3143/3143/3143 3152/3152/3152 3145/3145/3145
f 3308/3308/3308 3305/3305/3305 3307/3307/3307
f 3308/3308/3308 3307/3307/3307 3311/3311/3311
f 3142/3142/3142 3143/3143/3143 3145/3145/3145
f 3142/3142/3142 3145/3145/3145 3140/3140/3140
f 3142/3142/3142 3140/3140/3140 3138/3138/3138
f 3305/3305/3305 3301/3301/3301 3303/3303/3303
f 3305/3305/3305 3303/3303/3303 3307/3307/3307
f 3132/3132/3132 3135/3135/3135 3138/3138/3138
f 3132/3132/3132 3138/3138/3138 3140/3140/3140
f 3132/3132/3132 3140/3140/3140 3134/3134/3134
f 3301/3301/3301 3297/3297/3297 3299/3299/3299
f 3301/3301/3301 3299/3299/3299 3303/3303/3303
f 3126/3126/3126 3129/3129/3129 3132/3132/3132
f 3126/3126/3126 3132/3132/3132 3134/3134/3134
f 3126/3126/3126 3134/3134/3134 3128/3128/3128
f 3297/3297/3297 3293/3293/3293 3243/3243/3243
f 3297/3297/3297 3243/3243/3243 3299/3299/3299
f 3120/3120/3120 3124/3124/3124 3126/3126/3126
f 3120/3120/3120 3126/3126/3126 3128/3128/3128
f 3120/3120/3120 3128/3128/3128 3042/3042/3042
f 3293/3293/3293 3289/3289/3289 3292/3292/3292
f 3293/3293/3293 3292/3292/3292 3243/3243/3243
f 3114/3114/3114 3118/3118/3118 3120/3120/3120
f 3114/3114/3114 3120/3120/3120 3042/3042/3042
f 3114/3114/3114 3042/3042/3042 3117/3117/3117
f 3289/3289/3289 3285/3285/3285 3288/3288/3288
f 3289/3289/3289 3288/3288/3288 3292/3292/3292
f 3108/3108/3108 3112/3112/3112 3114/3114/3114
f 3108/3108/3108 3114/3114/3114 3117/3117/3117
f 3108/3108/3108 3117/3117/3117 3111/3111/3111
f 3285/3285/3285 3282/3282/3282 3281/3281/3281
f 3285/3285/3285 3281/3281/3281 3288/3288/3288
f 3107/3107/3107 3108/3108/3108 3111/3111/3111
f 3107/3107/3107 3111/3111/3111 3102/3102/3102
f 3107/3107/3107 3102/3102/3102 3103/3103/3103
f 3282/3282/3282 3279/3279/3279 3278/3278/3278
f 3282/3282/3282 3278/3278/3278 3281/3281/3281
f 3102/3102/3102 3097/3097/3097 3098/3098/3098
f 3102/3102/3102 3098/3098/3098 3100/3100/3100
f 3102/3102/3102 3100/3100/3100 3103/3103/3103
f 3279/3279/3279 3276/3276/3276 3273/3273/3273
f 3279/3279/3279 3273/3273/3273 3278/3278/3278
f 3093/3093/3093 3095/3095/3095 3098/3098/3098
f 3093/3093/3093 3098/3098/3098 3097/3097/3097
f 3093/3093/3093 3097/3097/3097 3090/3090/3090
f 3276/3276/3276 3272/3272/3272 3270/3270/3270
f 3276/3276/3276 3270/3270/3270 3273/3273/3273
f 3087/3087/3087 3089/3089/3089 3093/3093/3093
f 3087/3087/3087 3093/3093/3093 3090/3090/3090
f 3087/3087/3087 3090/3090/3090 3085/3085/3085
f 3272/3272/3272 3267/3267/3267 3266/3266/3266
f 3272/3272/3272 3266/3266/3266 3270/3270/3270
f 3080/3080/3080 3082/3082/3082 3087/3087/3087
f 3080/3080/3080 3087/3087/3087 3085/3085/3085
f 3080/3080/3080 3085/3085/3085 3079/3079/3079
f 3267/3267/3267 3263/3263/3263 3261/3261/3261
f 3267/3267/3267 3261/3261/3261 3266/3266/3266
f 3073/3073/3073 3080/3080/3080 3079/3079/3079
f 3073/3073/3073 3079/3079/3079 3072/3072/3072
f 3263/3263/3263 3259/3259/3259 3257/3257/3257
f 3263/3263/3263 3257/3257/3257 3261/3261/3261
f 3068/3068/3068 3070/3070/3070 3073/3073/3073
f 3068/3068/3068 3073/3073/3073 3072/3072/3072
f 3068/3068/3068 3072/3072/3072 3067/3067/3067
f 3259/3259/3259 3255/3255/3255 3253/3253/3253
f 3259/3259/3259 3253/3253/3253 3257/3257/3257
f 3063/3063/3063 3065/3065/3065 3068/3068/3068
f 3063/3063/3063 3068/3068/3068 3067/3067/3067
f 3063/3063/3063 3067/3067/3067 3061/3061/3061
f 3255/3255/3255 3251/3251/3251 3250/3250/3250
f 3255/3255/3255 3250/3250/3250 3253/3253/3253
f 3061/3061/3061 3053/3053/3053 3057/3057/3057
f 3061/3061/3061 3057/3057/3057 3059/3059/3059
f 3061/3061/3061 3059/3059/3059 3063/3063/3063
f 3251/3251/3251 3248/3248/3248 3246/3246/3246
f 3251/3251/3251 3246/3246/3246 3250/3250/3250
f 3051/3051/3051 3055/3055/3055 3057/3057/3057
f 3051/3051/3051 3057/3057/3057 3053/3053/3053
f 3051/3051/3051 3053/3053/3053 3046/3046/3046
f 3248/3248/3248 3247/3247/3247 3245/3245/3245
f 3248/3248/3248 3245/3245/3245 3246/3246/3246
f 3046/3046/3046 3045/3045/3045 3048/3048/3048
f 3046/3046/3046 3048/3048/3048 3049/3049/3049
f 3046/3046/3046 3049/3049/3049 3051/3051/3051
f 3247/3247/3247 3249/3249/3249 3241/3241/3241
f 3247/3247/3247 3241/3241/3241 3245/3245/3245
f 3047/3047/3047 3052/3052/3052 3050/3050/3050
f 3047/3047/3047 3050/3050/3050 3048/3048/3048
f 3047/3047/3047 3048/3048/3048 3045/3045/3045
f 3249/3249/3249 3252/3252/3252 3242/3242/3242
f 3249/3249/3249 3242/3242/3242 3241/3241/3241
f 3054/3054/3054 3058/3058/3058 3056/3056/3056
f 3054/3054/3054 3056/3056/3056 3052/3052/3052
f 3054/3054/3054 3052/3052/3052 3047/3047/3047
f 3252/3252/3252 3256/3256/3256 3254/3254/3254
f 3252/3252/3252 3254/3254/3254 3242/3242/3242
f 3064/3064/3064 3058/3058/3058 3054/3054/3054
f 3064/3064/3064 3054/3054/3054 3062/3062/3062
f 3256/3256/3256 3260/3260/3260 3258/3258/3258
f 3256/3256/3256 3258/3258/3258 3254/3254/3254
f 3069/3069/3069 3066/3066/3066 3064/3064/3064
f 3069/3069/3069 3064/3064/3064 3062/3062/3062
f 3069/3069/3069 3062/3062/3062 3040/3040/3040
f 3260/3260/3260 3264/3264/3264 3262/3262/3262
f 3260/3260/3260 3262/3262/3262 3258/3258/3258
f 3074/3074/3074 3069/3069/3069 3040/3040/3040
f 3074/3074/3074 3040/3040/3040 3041/3041/3041
f 3264/3264/3264 3268/3268/3268 3265/3265/3265
f 3264/3264/3264 3265/3265/3265 3262/3262/3262
f 3081/3081/3081 3074/3074/3074 3041/3041/3041
f 3081/3081/3081 3041/3041/3041 3078/3078/3078
f 3268/3268/3268 3271/3271/3271 3269/3269/3269
f 3268/3268/3268 3269/3269/3269 3265/3265/3265
f 3086/3086/3086 3083/3083/3083 3081/3081/3081
f 3086/3086/3086 3081/3081/3081 3078/3078/3078
f 3086/3086/3086 3078/3078/3078 3084/3084/3084
f 3271/3271/3271 3275/3275/3275 3274/3274/3274
f 3271/3271/3271 3274/3274/3274 3269/3269/3269
f 3092/3092/3092 3088/3088/3088 3086/3086/3086
f 3092/3092/3092 3086/3086/3086 3084/3084/3084
f 3092/3092/3092 3084/3084/3084 3091/3091/3091
f 3275/3275/3275 3280/3280/3280 3277/3277/3277
f 3275/3275/3275 3277/3277/3277 3274/3274/3274
f 3096/3096/3096 3099/3099/3099 3094/3094/3094
f 3096/3096/3096 3094/3094/3094 3092/3092/3092
f 3096/3096/3096 3092/3092/3092 3091/3091/3091
f 3280/3280/3280 3283/3283/3283 3284/3284/3284
f 3280/3280/3280 3284/3284/3284 3277/3277/3277
f 3105/3105/3105 3104/3104/3104 3101/3101/3101
f 3105/3105/3105 3101/3101/3101 3099/3099/3099
f 3105/3105/3105 3099/3099/3099 3096/3096/3096
f 3283/3283/3283 3286/3286/3286 3287/3287/3287
f 3283/3283/3283 3287/3287/3287 3284/3284/3284
f 3110/3110/3110 3109/3109/3109 3106/3106/3106
f 3110/3110/3110 3106/3106/3106 3104/3104/3104
f 3110/3110/3110 3104/3104/3104 3105/3105/3105
f 3286/3286/3286 3290/3290/3290 3291/3291/3291
f 3286/3286/3286 3291/3291/3291 3287/3287/3287
f 3115/3115/3115 3109/3109/3109 3110/3110/3110
f 3115/3115/3115 3110/3110/3110 3116/3116/3116
f 3290/3290/3290 3294/3294/3294 3295/3295/3295
f 3290/3290/3290 3295/3295/3295 3291/3291/3291
f 3121/3121/3121 3119/3119/3119 3115/3115/3115
f 3121/3121/3121 3115/3115/3115 3116/3116/3116
f 3121/3121/3121 3116/3116/3116 3122/3122/3122
f 3294/3294/3294 3296/3296/3296 3298/3298/3298
f 3294/3294/3294 3298/3298/3298 3295/3295/3295
f 3125/3125/3125 3123/3123/3123 3121/3121/3121
f 3125/3125/3125 3121/3121/3121 3122/3122/3122
f 3125/3125/3125 3122/3122/3122 3127/3127/3127
f 3296/3296/3296 3300/3300/3300 3302/3302/3302
f 3296/3296/3296 3302/3302/3302 3298/3298/3298
f 3130/3130/3130 3125/3125/3125 3127/3127/3127
f 3130/3130/3130 3127/3127/3127 3133/3133/3133
f 3130/3130/3130 3133/3133/3133 3131/3131/3131
f 3300/3300/3300 3304/3304/3304 3306/3306/3306
f 3300/3300/3300 3306/3306/3306 3302/3302/3302
f 3136/3136/3136 3131/3131/3131 3133/3133/3133
f 3136/3136/3136 3133/3133/3133 3139/3139/3139
f 3136/3136/3136 3139/3139/3139 3137/3137/3137
f 3304/3304/3304 3309/3309/3309 3310/3310/3310
f 3304/3304/3304 3310/3310/3310 3306/3306/3306
f 3141/3141/3141 3137/3137/3137 3139/3139/3139
f 3141/3141/3141 3139/3139/3139 3043/3043/3043
f 3141/3141/3141 3043/3043/3043 3144/3144/3144
f 3309/3309/3309 3312/3312/3312 3244/3244/3244
f 3309/3309/3309 3244/3244/3244 3310/3310/3310
f 3147/3147/3147 3144/3144/3144 3043/3043/3043
f 3147/3147/3147 3043/3043/3043 3044/3044/3044
f 3147/3147/3147 3044/3044/3044 3148/3148/3148
f 3312/3312/3312 3316/3316/3316 3318/3318/3318
f 3312/3312/3312 3318/3318/3318 3244/3244/3244
f 3044/3044/3044 3158/3158/3158 3154/3154/3154
f 3044/3044/3044 3154/3154/3154 3151/3151/3151
f 3044/3044/3044 3151/3151/3151 3148/3148/3148
f 3316/3316/3316 3317/3317/3317 3320/3320/3320
f 3316/3316/3316 3320/3320/3320 3318/3318/3318
f 3157/3157/3157 3156/3156/3156 3154/3154/3154
f 3157/3157/3157 3154/3154/3154 3158/3158/3158
f 3157/3157/3157 3158/3158/3158 3160/3160/3160
f 3317/3317/3317 3315/3315/3315 3319/3319/3319
f 3317/3317/3317 3319/3319/3319 3320/3320/3320
f 3153/3153/3153 3155/3155/3155 3157/3157/3157
f 3153/3153/3153 3157/3157/3157 3160/3160/3160
f 3153/3153/3153 3160/3160/3160 3159/3159/3159
f 3150/3150/3150 3149/3149/3149 3003/3003/3003
f 3150/3150/3150 3003/3003/3003 3004/3004/3004
f 3003/3003/3003 2902/2902/2902 2956/2956/2956
f 3003/3003/3003 2956/2956/2956 3004/3004/3004
f 2956/2956/2956 2904/2904/2904 3006/3006/3006
f 2956/2956/2956 3006/3006/3006 3004/3004/3004
f 3146/3146/3146 3143/3143/3143 2999/2999/2999
f 3146/3146/3146 2999/2999/2999 3001/3001/3001
f 2999/2999/2999 2900/2900/2900 2954/2954/2954
f 2999/2999/2999 2954/2954/2954 3001/3001/3001
f 2954/2954/2954 2902/2902/2902 3003/3003/3003
f 2954/2954/2954 3003/3003/3003 3001/3001/3001
f 3142/3142/3142 3138/3138/3138 2997/2997/2997
f 3142/3142/3142 2997/2997/2997 2998/2998/2998
f 2997/2997/2997 2899/2899/2899 2952/2952/2952
f 2997/2997/2997 2952/2952/2952 2998/2998/2998
f 2952/2952/2952 2900/2900/2900 2999/2999/2999
f 2952/2952/2952 2999/2999/2999 2998/2998/2998
f 3135/3135/3135 3132/3132/3132 2995/2995/2995
f 3135/3135/3135 2995/2995/2995 2996/2996/2996
f 2995/2995/2995 2898/2898/2898 2949/2949/2949
f 2995/2995/2995 2949/2949/2949 2996/2996/2996
f 2949/2949/2949 2899/2899/2899 2997/2997/2997
f 2949/2949/2949 2997/2997/2997 2996/2996/2996
f 3129/3129/3129 3126/3126/3126 2993/2993/2993
f 3129/3129/3129 2993/2993/2993 2994/2994/2994
f 2993/2993/2993 2897/2897/2897 2946/2946/2946
f 2993/2993/2993 2946/2946/2946 2994/2994/2994
f 2946/2946/2946 2898/2898/2898 2995/2995/2995
f 2946/2946/2946 2995/2995/2995 2994/2994/2994
f 3124/3124/3124 3120/3120/3120 2991/2991/2991
f 3124/3124/3124 2991/2991/2991 2992/2992/2992
f 2991/2991/2991 2896/2896/2896 2943/2943/2943
f 2991/2991/2991 2943/2943/2943 2992/2992/2992
f 2943/2943/2943 2897/2897/2897 2993/2993/2993
f 2943/2943/2943 2993/2993/2993 2992/2992/2992
f 3118/3118/3118 3114/3114/3114 2989/2989/2989
f 3118/3118/3118 2989/2989/2989 2990/2990/2990
f 2989/2989/2989 2895/2895/2895 2940/2940/2940
f 2989/2989/2989 2940/2940/2940 2990/2990/2990
f 2940/2940/2940 2896/2896/2896 2991/2991/2991
f 2940/2940/2940 2991/2991/2991 2990/2990/2990
f 3112/3112/3112 3108/3108/3108 2987/2987/2987
f 3112/3112/3112 2987/2987/2987 2988/2988/2988
f 2987/2987/2987 2894/2894/2894 2938/2938/2938
f 2987/2987/2987 2938/2938/2938 2988/2988/2988
f 2938/2938/2938 2895/2895/2895 2989/2989/2989
f 2938/2938/2938 2989/2989/2989 2988/2988/2988
f 3107/3107/3107 3103/3103/3103 2985/2985/2985
f 3107/3107/3107 2985/2985/2985 2986/2986/2986
f 2985/2985/2985 2893/2893/2893 2935/2935/2935
f 2985/2985/2985 2935/2935/2935 2986/2986/2986
f 2935/2935/2935 2894/2894/2894 2987/2987/2987
f 2935/2935/2935 2987/2987/2987 2986/2986/2986
f 3100/3100/3100 3098/3098/3098 2983/2983/2983
f 3100/3100/3100 2983/2983/2983 2984/2984/2984
f 2983/2983/2983 2892/2892/2892 2931/2931/2931
f 2983/2983/2983 2931/2931/2931 2984/2984/2984
f 2931/2931/2931 2893/2893/2893 2985/2985/2985
f 2931/2931/2931 2985/2985/2985 2984/2984/2984
f 3095/3095/3095 3093/3093/3093 2981/2981/2981
f 3095/3095/3095 2981/2981/2981 2982/2982/2982
f 2981/2981/2981 2891/2891/2891 2929/2929/2929
f 2981/2981/2981 2929/2929/2929 2982/2982/2982
f 2929/2929/2929 2892/2892/2892 2983/2983/2983
f 2929/2929/2929 2983/2983/2983 2982/2982/2982
f 3089/3089/3089 3087/3087/3087 2979/2979/2979
f 3089/3089/3089 2979/2979/2979 2980/2980/2980
f 2979/2979/2979 2890/2890/2890 2926/2926/2926
f 2979/2979/2979 2926/2926/2926 2980/2980/2980
f 2926/2926/2926 2891/2891/2891 2981/2981/2981
f 2926/2926/2926 2981/2981/2981 2980/2980/2980
f 3082/3082/3082 3080/3080/3080 2977/2977/2977
f 3082/3082/3082 2977/2977/2977 2978/2978/2978
f 2977/2977/2977 2889/2889/2889 2922/2922/2922
f 2977/2977/2977 2922/2922/2922 2978/2978/2978
f 2922/2922/2922 2890/2890/2890 2979/2979/2979
f 2922/2922/2922 2979/2979/2979 2978/2978/2978
f 3076/3076/3076 3073/3073/3073 2975/2975/2975
f 3076/3076/3076 2975/2975/2975 2976/2976/2976
f 2975/2975/2975 2888/2888/2888 2919/2919/2919
f 2975/2975/2975 2919/2919/2919 2976/2976/2976
f 2919/2919/2919 2889/2889/2889 2977/2977/2977
f 2919/2919/2919 2977/2977/2977 2976/2976/2976
f 3070/3070/3070 3068/3068/3068 2973/2973/2973
f 3070/3070/3070 2973/2973/2973 2974/2974/2974
f 2973/2973/2973 2887/2887/2887 2916/2916/2916
f 2973/2973/2973 2916/2916/2916 2974/2974/2974
f 2916/2916/2916 2888/2888/2888 2975/2975/2975
f 2916/2916/2916 2975/2975/2975 2974/2974/2974
f 3065/3065/3065 3063/3063/3063 2971/2971/2971
f 3065/3065/3065 2971/2971/2971 2972/2972/2972
f 2971/2971/2971 2885/2885/2885 2913/2913/2913
f 2971/2971/2971 2913/2913/2913 2972/2972/2972
f 2913/2913/2913 2887/2887/2887 2973/2973/2973
f 2913/2913/2913 2973/2973/2973 2972/2972/2972
f 3059/3059/3059 3057/3057/3057 2967/2967/2967
f 3059/3059/3059 2967/2967/2967 2969/2969/2969
f 2967/2967/2967 2883/2883/2883 2911/2911/2911
f 2967/2967/2967 2911/2911/2911 2969/2969/2969
f 2911/2911/2911 2885/2885/2885 2971/2971/2971
f 2911/2911/2911 2971/2971/2971 2969/2969/2969
f 3055/3055/3055 3051/3051/3051 2963/2963/2963
f 3055/3055/3055 2963/2963/2963 2965/2965/2965
f 2963/2963/2963 2881/2881/2881 2909/2909/2909
f 2963/2963/2963 2909/2909/2909 2965/2965/2965
f 2909/2909/2909 2883/2883/2883 2967/2967/2967
f 2909/2909/2909 2967/2967/2967 2965/2965/2965
f 3049/3049/3049 3048/3048/3048 2960/2960/2960
f 3049/3049/3049 2960/2960/2960 2961/2961/2961
f 2960/2960/2960 2880/2880/2880 2907/2907/2907
f 2960/2960/2960 2907/2907/2907 2961/2961/2961
f 2907/2907/2907 2881/2881/2881 2963/2963/2963
f 2907/2907/2907 2963/2963/2963 2961/2961/2961
f 3050/3050/3050 3052/3052/3052 2964/2964/2964
f 3050/3050/3050 2964/2964/2964 2962/2962/2962
f 2964/2964/2964 2882/2882/2882 2908/2908/2908
f 2964/2964/2964 2908/2908/2908 2962/2962/2962
f 2908/2908/2908 2880/2880/2880 2960/2960/2960
f 2908/2908/2908 2960/2960/2960 2962/2962/2962
f 3056/3056/3056 3058/3058/3058 2968/2968/2968
f 3056/3056/3056 2968/2968/2968 2966/2966/2966
f 2968/2968/2968 2884/2884/2884 2910/2910/2910
f 2968/2968/2968 2910/2910/2910 2966/2966/2966
f 2910/2910/2910 2882/2882/2882 2964/2964/2964
f 2910/2910/2910 2964/2964/2964 2966/2966/2966
f 3060/3060/3060 3064/3064/3064 3011/3011/3011
f 3060/3060/3060 3011/3011/3011 2970/2970/2970
f 3011/3011/3011 2886/2886/2886 2912/2912/2912
f 3011/3011/3011 2912/2912/2912 2970/2970/2970
f 2912/2912/2912 2884/2884/2884 2968/2968/2968
f 2912/2912/2912 2968/2968/2968 2970/2970/2970
f 3066/3066/3066 3069/3069/3069 3013/3013/3013
f 3066/3066/3066 3013/3013/3013 3012/3012/3012
f 3013/3013/3013 2915/2915/2915 2914/2914/2914
f 3013/3013/3013 2914/2914/2914 3012/3012/3012
f 2914/2914/2914 2886/2886/2886 3011/3011/3011
f 2914/2914/2914 3011/3011/3011 3012/3012/3012
f 3071/3071/3071 3075/3075/3075 3015/3015/3015
f 3071/3071/3071 3015/3015/3015 3014/3014/3014
f 3015/3015/3015 2918/2918/2918 2917/2917/2917
f 3015/3015/3015 2917/2917/2917 3014/3014/3014
f 2917/2917/2917 2915/2915/2915 3013/3013/3013
f 2917/2917/2917 3013/3013/3013 3014/3014/3014
f 3077/3077/3077 3081/3081/3081 3017/3017/3017
f 3077/3077/3077 3017/3017/3017 3016/3016/3016
f 3017/3017/3017 2921/2921/2921 2920/2920/2920
f 3017/3017/3017 2920/2920/2920 3016/3016/3016
f 2920/2920/2920 2918/2918/2918 3015/3015/3015
f 2920/2920/2920 3015/3015/3015 3016/3016/3016
f 3083/3083/3083 3086/3086/3086 3019/3019/3019
f 3083/3083/3083 3019/3019/3019 3018/3018/3018
f 3019/3019/3019 2924/2924/2924 2923/2923/2923
f 3019/3019/3019 2923/2923/2923 3018/3018/3018
f 2923/2923/2923 2921/2921/2921 3017/3017/3017
f 2923/2923/2923 3017/3017/3017 3018/3018/3018
f 3088/3088/3088 3092/3092/3092 3021/3021/3021
f 3088/3088/3088 3021/3021/3021 3020/3020/3020
f 3021/3021/3021 2927/2927/2927 2925/2925/2925
f 3021/3021/3021 2925/2925/2925 3020/3020/3020
f 2925/2925/2925 2924/2924/2924 3019/3019/3019
f 2925/2925/2925 3019/3019/3019 3020/3020/3020
f 3094/3094/3094 3099/3099/3099 3023/3023/3023
f 3094/3094/3094 3023/3023/3023 3022/3022/3022
f 3023/3023/3023 2930/2930/2930 2928/2928/2928
f 3023/3023/3023 2928/2928/2928 3022/3022/3022
f 2928/2928/2928 2927/2927/2927 3021/3021/3021
f 2928/2928/2928 3021/3021/3021 3022/3022/3022
f 3101/3101/3101 3104/3104/3104 3025/3025/3025
f 3101/3101/3101 3025/3025/3025 3024/3024/3024
f 3025/3025/3025 2933/2933/2933 2932/2932/2932
f 3025/3025/3025 2932/2932/2932 3024/3024/3024
f 2932/2932/2932 2930/2930/2930 3023/3023/3023
f 2932/2932/2932 3023/3023/3023 3024/3024/3024
f 3106/3106/3106 3109/3109/3109 3027/3027/3027
f 3106/3106/3106 3027/3027/3027 3026/3026/3026
f 3027/3027/3027 2936/2936/2936 2934/2934/2934
f 3027/3027/3027 2934/2934/2934 3026/3026/3026
f 2934/2934/2934 2933/2933/2933 3025/3025/3025
f 2934/2934/2934 3025/3025/3025 3026/3026/3026
f 3113/3113/3113 3115/3115/3115 3029/3029/3029
f 3113/3113/3113 3029/3029/3029 3028/3028/3028
f 3029/3029/3029 2939/2939/2939 2937/2937/2937
f 3029/3029/3029 2937/2937/2937 3028/3028/3028
f 2937/2937/2937 2936/2936/2936 3027/3027/3027
f 2937/2937/2937 3027/3027/3027 3028/3028/3028
f 3119/3119/3119 3121/3121/3121 3031/3031/3031
f 3119/3119/3119 3031/3031/3031 3030/3030/3030
f 3031/3031/3031 2942/2942/2942 2941/2941/2941
f 3031/3031/3031 2941/2941/2941 3030/3030/3030
f 2941/2941/2941 2939/2939/2939 3029/3029/3029
f 2941/2941/2941 3029/3029/3029 3030/3030/3030
f 3123/3123/3123 3125/3125/3125 3033/3033/3033
f 3123/3123/3123 3033/3033/3033 3032/3032/3032
f 3033/3033/3033 2945/2945/2945 2944/2944/2944
f 3033/3033/3033 2944/2944/2944 3032/3032/3032
f 2944/2944/2944 2942/2942/2942 3031/3031/3031
f 2944/2944/2944 3031/3031/3031 3032/3032/3032
f 3130/3130/3130 3131/3131/3131 3035/3035/3035
f 3130/3130/3130 3035/3035/3035 3034/3034/3034
f 3035/3035/3035 2948/2948/2948 2947/2947/2947
f 3035/3035/3035 2947/2947/2947 3034/3034/3034
f 2947/2947/2947 2945/2945/2945 3033/3033/3033
f 2947/2947/2947 3033/3033/3033 3034/3034/3034
f 3136/3136/3136 3137/3137/3137 3037/3037/3037
f 3136/3136/3136 3037/3037/3037 3036/3036/3036
f 3037/3037/3037 2951/2951/2951 2950/2950/2950
f 3037/3037/3037 2950/2950/2950 3036/3036/3036
f 2950/2950/2950 2948/2948/2948 3035/3035/3035
f 2950/2950/2950 3035/3035/3035 3036/3036/3036
f 3141/3141/3141 3144/3144/3144 3039/3039/3039
f 3141/3141/3141 3039/3039/3039 3038/3038/3038
f 3039/3039/3039 2901/2901/2901 2953/2953/2953
f 3039/3039/3039 2953/2953/2953 3038/3038/3038
f 2953/2953/2953 2951/2951/2951 3037/3037/3037
f 2953/2953/2953 3037/3037/3037 3038/3038/3038
f 3147/3147/3147 3148/3148/3148 3002/3002/3002
f 3147/3147/3147 3002/3002/3002 3000/3000/3000
f 3002/3002/3002 2903/2903/2903 2955/2955/2955
f 3002/3002/3002 2955/2955/2955 3000/3000/3000
f 2955/2955/2955 2901/2901/2901 3039/3039/3039
f 2955/2955/2955 3039/3039/3039 3000/3000/3000
f 3151/3151/3151 3154/3154/3154 3007/3007/3007
f 3151/3151/3151 3007/3007/3007 3005/3005/3005
f 3007/3007/3007 2905/2905/2905 2957/2957/2957
f 3007/3007/3007 2957/2957/2957 3005/3005/3005
f 2957/2957/2957 2903/2903/2903 3002/3002/3002
f 2957/2957/2957 3002/3002/3002 3005/3005/3005
f 3156/3156/3156 3157/3157/3157 3010/3010/3010
f 3156/3156/3156 3010/3010/3010 3009/3009/3009
f 3010/3010/3010 2906/2906/2906 2959/2959/2959
f 3010/3010/3010 2959/2959/2959 3009/3009/3009
f 2959/2959/2959 2905/2905/2905 3007/3007/3007
f 2959/2959/2959 3007/3007/3007 3009/3009/3009
f 3155/3155/3155 3153/3153/3153 3006/3006/3006
f 3155/3155/3155 3006/3006/3006 3008/3008/3008
f 3006/3006/3006 2904/2904/2904 2958/2958/2958
f 3006/3006/3006 2958/2958/2958 3008/3008/3008
f 2958/2958/2958 2906/2906/2906 3010/3010/3010
f 2958/2958/2958 3010/3010/3010 3008/3008/3008
f 2956/2956/2956 2902/2902/2902 2847/2847/2847
f 2956/2956/2956 2847/2847/2847 2848/2848/2848
f 2847/2847/2847 2766/2766/2766 2769/2769/2769
f 2847/2847/2847 2769/2769/2769 2848/2848/2848
f 2769/2769/2769 2770/2770/2770 2851/2851/2851
f 2769/2769/2769 2851/2851/2851 2848/2848/2848
f 2954/2954/2954 2900/2900/2900 2842/2842/2842
f 2954/2954/2954 2842/2842/2842 2845/2845/2845
f 2842/2842/2842 2762/2762/2762 2764/2764/2764
f 2842/2842/2842 2764/2764/2764 2845/2845/2845
f 2764/2764/2764 2766/2766/2766 2847/2847/2847
f 2764/2764/2764 2847/2847/2847 2845/2845/2845
f 2952/2952/2952 2899/2899/2899 2839/2839/2839
f 2952/2952/2952 2839/2839/2839 2840/2840/2840
f 2839/2839/2839 2759/2759/2759 2760/2760/2760
f 2839/2839/2839 2760/2760/2760 2840/2840/2840
f 2760/2760/2760 2762/2762/2762 2842/2842/2842
f 2760/2760/2760 2842/2842/2842 2840/2840/2840
f 2949/2949/2949 2898/2898/2898 2837/2837/2837
f 2949/2949/2949 2837/2837/2837 2838/2838/2838
f 2837/2837/2837 2757/2757/2757 2758/2758/2758
f 2837/2837/2837 2758/2758/2758 2838/2838/2838
f 2758/2758/2758 2759/2759/2759 2839/2839/2839
f 2758/2758/2758 2839/2839/2839 2838/2838/2838
f 2946/2946/2946 2897/2897/2897 2835/2835/2835
f 2946/2946/2946 2835/2835/2835 2836/2836/2836
f 2835/2835/2835 2755/2755/2755 2756/2756/2756
f 2835/2835/2835 2756/2756/2756 2836/2836/2836
f 2756/2756/2756 2757/2757/2757 2837/2837/2837
f 2756/2756/2756 2837/2837/2837 2836/2836/2836
f 2943/2943/2943 2896/2896/2896 2833/2833/2833
f 2943/2943/2943 2833/2833/2833 2834/2834/2834
f 2833/2833/2833 2753/2753/2753 2754/2754/2754
f 2833/2833/2833 2754/2754/2754 2834/2834/2834
f 2754/2754/2754 2755/2755/2755 2835/2835/2835
f 2754/2754/2754 2835/2835/2835 2834/2834/2834
f 2940/2940/2940 2895/2895/2895 2831/2831/2831
f 2940/2940/2940 2831/2831/2831 2832/2832/2832
f 2831/2831/2831 2751/2751/2751 2752/2752/2752
f 2831/2831/2831 2752/2752/2752 2832/2832/2832
f 2752/2752/2752 2753/2753/2753 2833/2833/2833
f 2752/2752/2752 2833/2833/2833 2832/2832/2832
f 2938/2938/2938 2894/2894/2894 2829/2829/2829
f 2938/2938/2938 2829/2829/2829 2830/2830/2830
f 2829/2829/2829 2749/2749/2749 2750/2750/2750
f 2829/2829/2829 2750/2750/2750 2830/2830/2830
f 2750/2750/2750 2751/2751/2751 2831/2831/2831
f 2750/2750/2750 2831/2831/2831 2830/2830/2830
f 2935/2935/2935 2893/2893/2893 2827/2827/2827
f 2935/2935/2935 2827/2827/2827 2828/2828/2828
f 2827/2827/2827 2747/2747/2747 2748/2748/2748
f 2827/2827/2827 2748/2748/2748 2828/2828/2828
f 2748/2748/2748 2749/2749/2749 2829/2829/2829
f 2748/2748/2748 2829/2829/2829 2828/2828/2828
f 2931/2931/2931 2892/2892/2892 2825/2825/2825
f 2931/2931/2931 2825/2825/2825 2826/2826/2826
f 2825/2825/2825 2745/2745/2745 2746/2746/2746
f 2825/2825/2825 2746/2746/2746 2826/2826/2826
f 2746/2746/2746 2747/2747/2747 2827/2827/2827
f 2746/2746/2746 2827/2827/2827 2826/2826/2826
f 2929/2929/2929 2891/2891/2891 2823/2823/2823
f 2929/2929/2929 2823/2823/2823 2824/2824/2824
f 2823/2823/2823 2743/2743/2743 2744/2744/2744
f 2823/2823/2823 2744/2744/2744 2824/2824/2824
f 2744/2744/2744 2745/2745/2745 2825/2825/2825
f 2744/2744/2744 2825/2825/2825 2824/2824/2824
f 2926/2926/2926 2890/2890/2890 2821/2821/2821
f 2926/2926/2926 2821/2821/2821 2822/2822/2822
f 2821/2821/2821 2741/2741/2741 2742/2742/2742
f 2821/2821/2821 2742/2742/2742 2822/2822/2822
f 2742/2742/2742 2743/2743/2743 2823/2823/2823
f 2742/2742/2742 2823/2823/2823 2822/2822/2822
f 2922/2922/2922 2889/2889/2889 2819/2819/2819
f 2922/2922/2922 2819/2819/2819 2820/2820/2820
f 2819/2819/2819 2739/2739/2739 2740/2740/2740
f 2819/2819/2819 2740/2740/2740 2820/2820/2820
f 2740/2740/2740 2741/2741/2741 2821/2821/2821
f 2740/2740/2740 2821/2821/2821 2820/2820/2820
f 2919/2919/2919 2888/2888/2888 2817/2817/2817
f 2919/2919/2919 2817/2817/2817 2818/2818/2818
f 2817/2817/2817 2737/2737/2737 2738/2738/2738
f 2817/2817/2817 2738/2738/2738 2818/2818/2818
f 2738/2738/2738 2739/2739/2739 2819/2819/2819
f 2738/2738/2738 2819/2819/2819 2818/2818/2818
f 2916/2916/2916 2887/2887/2887 2815/2815/2815
f 2916/2916/2916 2815/2815/2815 2816/2816/2816
f 2815/2815/2815 2735/2735/2735 2736/2736/2736
f 2815/2815/2815 2736/2736/2736 2816/2816/2816
f 2736/2736/2736 2737/2737/2737 2817/2817/2817
f 2736/2736/2736 2817/2817/2817 2816/2816/2816
f 2913/2913/2913 2885/2885/2885 2811/2811/2811
f 2913/2913/2913 2811/2811/2811 2813/2813/2813
f 2811/2811/2811 2731/2731/2731 2733/2733/2733
f 2811/2811/2811 2733/2733/2733 2813/2813/2813
f 2733/2733/2733 2735/2735/2735 2815/2815/2815
f 2733/2733/2733 2815/2815/2815 2813/2813/2813
f 2911/2911/2911 2883/2883/2883 2807/2807/2807
f 2911/2911/2911 2807/2807/2807 2809/2809/2809
f 2807/2807/2807 2727/2727/2727 2729/2729/2729
f 2807/2807/2807 2729/2729/2729 2809/2809/2809
f 2729/2729/2729 2731/2731/2731 2811/2811/2811
f 2729/2729/2729 2811/2811/2811 2809/2809/2809
f 2909/2909/2909 2881/2881/2881 2803/2803/2803
f 2909/2909/2909 2803/2803/2803 2805/2805/2805
f 2803/2803/2803 2723/2723/2723 2725/2725/2725
f 2803/2803/2803 2725/2725/2725 2805/2805/2805
f 2725/2725/2725 2727/2727/2727 2807/2807/2807
f 2725/2725/2725 2807/2807/2807 2805/2805/2805
f 2907/2907/2907 2880/2880/2880 2800/2800/2800
f 2907/2907/2907 2800/2800/2800 2801/2801/2801
f 2800/2800/2800 2720/2720/2720 2721/2721/2721
f 2800/2800/2800 2721/2721/2721 2801/2801/2801
f 2721/2721/2721 2723/2723/2723 2803/2803/2803
f 2721/2721/2721 2803/2803/2803 2801/2801/2801
f 2908/2908/2908 2882/2882/2882 2804/2804/2804
f 2908/2908/2908 2804/2804/2804 2802/2802/2802
f 2804/2804/2804 2724/2724/2724 2722/2722/2722
f 2804/2804/2804 2722/2722/2722 2802/2802/2802
f 2722/2722/2722 2720/2720/2720 2800/2800/2800
f 2722/2722/2722 2800/2800/2800 2802/2802/2802
f 2910/2910/2910 2884/2884/2884 2808/2808/2808
f 2910/2910/2910 2808/2808/2808 2806/2806/2806
f 2808/2808/2808 2728/2728/2728 2726/2726/2726
f 2808/2808/2808 2726/2726/2726 2806/2806/2806
f 2726/2726/2726 2724/2724/2724 2804/2804/2804
f 2726/2726/2726 2804/2804/2804 2806/2806/2806
f 2912/2912/2912 2886/2886/2886 2812/2812/2812
f 2912/2912/2912 2812/2812/2812 2810/2810/2810
f 2812/2812/2812 2732/2732/2732 2730/2730/2730
f 2812/2812/2812 2730/2730/2730 2810/2810/2810
f 2730/2730/2730 2728/2728/2728 2808/2808/2808
f 2730/2730/2730 2808/2808/2808 2810/2810/2810
f 2914/2914/2914 2915/2915/2915 2855/2855/2855
f 2914/2914/2914 2855/2855/2855 2814/2814/2814
f 2855/2855/2855 2775/2775/2775 2734/2734/2734
f 2855/2855/2855 2734/2734/2734 2814/2814/2814
f 2734/2734/2734 2732/2732/2732 2812/2812/2812
f 2734/2734/2734 2812/2812/2812 2814/2814/2814
f 2917/2917/2917 2918/2918/2918 2857/2857/2857
f 2917/2917/2917 2857/2857/2857 2856/2856/2856
f 2857/2857/2857 2777/2777/2777 2776/2776/2776
f 2857/2857/2857 2776/2776/2776 2856/2856/2856
f 2776/2776/2776 2775/2775/2775 2855/2855/2855
f 2776/2776/2776 2855/2855/2855 2856/2856/2856
f 2920/2920/2920 2921/2921/2921 2859/2859/2859
f 2920/2920/2920 2859/2859/2859 2858/2858/2858
f 2859/2859/2859 2779/2779/2779 2778/2778/2778
f 2859/2859/2859 2778/2778/2778 2858/2858/2858
f 2778/2778/2778 2777/2777/2777 2857/2857/2857
f 2778/2778/2778 2857/2857/2857 2858/2858/2858
f 2923/2923/2923 2924/2924/2924 2861/2861/2861
f 2923/2923/2923 2861/2861/2861 2860/2860/2860
f 2861/2861/2861 2781/2781/2781 2780/2780/2780
f 2861/2861/2861 2780/2780/2780 2860/2860/2860
f 2780/2780/2780 2779/2779/2779 2859/2859/2859
f 2780/2780/2780 2859/2859/2859 2860/2860/2860
f 2925/2925/2925 2927/2927/2927 2863/2863/2863
f 2925/2925/2925 2863/2863/2863 2862/2862/2862
f 2863/2863/2863 2783/2783/2783 2782/2782/2782
f 2863/2863/2863 2782/2782/2782 2862/2862/2862
f 2782/2782/2782 2781/2781/2781 2861/2861/2861
f 2782/2782/2782 2861/2861/2861 2862/2862/2862
f 2928/2928/2928 2930/2930/2930 2865/2865/2865
f 2928/2928/2928 2865/2865/2865 2864/2864/2864
f 2865/2865/2865 2785/2785/2785 2784/2784/2784
f 2865/2865/2865 2784/2784/2784 2864/2864/2864
f 2784/2784/2784 2783/2783/2783 2863/2863/2863
f 2784/2784/2784 2863/2863/2863 2864/2864/2864
f 2932/2932/2932 2933/2933/2933 2867/2867/2867
f 2932/2932/2932 2867/2867/2867 2866/2866/2866
f 2867/2867/2867 2787/2787/2787 2786/2786/2786
f 2867/2867/2867 2786/2786/2786 2866/2866/2866
f 2786/2786/2786 2785/2785/2785 2865/2865/2865
f 2786/2786/2786 2865/2865/2865 2866/2866/2866
f 2934/2934/2934 2936/2936/2936 2869/2869/2869
f 2934/2934/2934 2869/2869/2869 2868/2868/2868
f 2869/2869/2869 2789/2789/2789 2788/2788/2788
f 2869/2869/2869 2788/2788/2788 2868/2868/2868
f 2788/2788/2788 2787/2787/2787 2867/2867/2867
f 2788/2788/2788 2867/2867/2867 2868/2868/2868
f 2937/2937/2937 2939/2939/2939 2871/2871/2871
f 2937/2937/2937 2871/2871/2871 2870/2870/2870
f 2871/2871/2871 2791/2791/2791 2790/2790/2790
f 2871/2871/2871 2790/2790/2790 2870/2870/2870
f 2790/2790/2790 2789/2789/2789 2869/2869/2869
f 2790/2790/2790 2869/2869/2869 2870/2870/2870
f 2941/2941/2941 2942/2942/2942 2873/2873/2873
f 2941/2941/2941 2873/2873/2873 2872/2872/2872
f 2873/2873/2873 2793/2793/2793 2792/2792/2792
f 2873/2873/2873 2792/2792/2792 2872/2872/2872
f 2792/2792/2792 2791/2791/2791 2871/2871/2871
f 2792/2792/2792 2871/2871/2871 2872/2872/2872
f 2944/2944/2944 2945/2945/2945 2875/2875/2875
f 2944/2944/2944 2875/2875/2875 2874/2874/2874
f 2875/2875/2875 2795/2795/2795 2794/2794/2794
f 2875/2875/2875 2794/2794/2794 2874/2874/2874
f 2794/2794/2794 2793/2793/2793 2873/2873/2873
f 2794/2794/2794 2873/2873/2873 2874/2874/2874
f 2947/2947/2947 2948/2948/2948 2877/2877/2877
f 2947/2947/2947 2877/2877/2877 2876/2876/2876
f 2877/2877/2877 2797/2797/2797 2796/2796/2796
f 2877/2877/2877 2796/2796/2796 2876/2876/2876
f 2796/2796/2796 2795/2795/2795 2875/2875/2875
f 2796/2796/2796 2875/2875/2875 2876/2876/2876
f 2950/2950/2950 2951/2951/2951 2879/2879/2879
f 2950/2950/2950 2879/2879/2879 2878/2878/2878
f 2879/2879/2879 2799/2799/2799 2798/2798/2798
f 2879/2879/2879 2798/2798/2798 2878/2878/2878
f 2798/2798/2798 2797/2797/2797 2877/2877/2877
f 2798/2798/2798 2877/2877/2877 2878/2878/2878
f 2953/2953/2953 2901/2901/2901 2843/2843/2843
f 2953/2953/2953 2843/2843/2843 2841/2841/2841
f 2843/2843/2843 2763/2763/2763 2761/2761/2761
f 2843/2843/2843 2761/2761/2761 2841/2841/2841
f 2761/2761/2761 2799/2799/2799 2879/2879/2879
f 2761/2761/2761 2879/2879/2879 2841/2841/2841
f 2955/2955/2955 2903/2903/2903 2846/2846/2846
f 2955/2955/2955 2846/2846/2846 2844/2844/2844
f 2846/2846/2846 2767/2767/2767 2765/2765/2765
f 2846/2846/2846 2765/2765/2765 2844/2844/2844
f 2765/2765/2765 2763/2763/2763 2843/2843/2843
f 2765/2765/2765 2843/2843/2843 2844/2844/2844
f 2957/2957/2957 2905/2905/2905 2850/2850/2850
f 2957/2957/2957 2850/2850/2850 2849/2849/2849
f 2850/2850/2850 2771/2771/2771 2768/2768/2768
f 2850/2850/2850 2768/2768/2768 2849/2849/2849
f 2768/2768/2768 2767/2767/2767 2846/2846/2846
f 2768/2768/2768 2846/2846/2846 2849/2849/2849
f 2959/2959/2959 2906/2906/2906 2854/2854/2854
f 2959/2959/2959 2854/2854/2854 2852/2852/2852
f 2854/2854/2854 2774/2774/2774 2773/2773/2773
f 2854/2854/2854 2773/2773/2773 2852/2852/2852
f 2773/2773/2773 2771/2771/2771 2850/2850/2850
f 2773/2773/2773 2850/2850/2850 2852/2852/2852
f 2958/2958/2958 2904/2904/2904 2851/2851/2851
f 2958/2958/2958 2851/2851/2851 2853/2853/2853
f 2851/2851/2851 2770/2770/2770 2772/2772/2772
f 2851/2851/2851 2772/2772/2772 2853/2853/2853
f 2772/2772/2772 2774/2774/2774 2854/2854/2854
f 2772/2772/2772 2854/2854/2854 2853/2853/2853
f 2475/2475/2475 2471/2471/2471 2387/2387/2387
f 2475/2475/2475 2387/2387/2387 2396/2396/2396
f 2387/2387/2387 2359/2359/2359 2391/2391/2391
f 2387/2387/2387 2391/2391/2391 2396/2396/2396
f 2469/2469/2469 2467/2467/2467 2385/2385/2385
f 2469/2469/2469 2385/2385/2385 2394/2394/2394
f 2385/2385/2385 2359/2359/2359 2387/2387/2387
f 2385/2385/2385 2387/2387/2387 2394/2394/2394
f 2465/2465/2465 2463/2463/2463 2381/2381/2381
f 2465/2465/2465 2381/2381/2381 2389/2389/2389
f 2381/2381/2381 2359/2359/2359 2385/2385/2385
f 2381/2381/2381 2385/2385/2385 2389/2389/2389
f 2461/2461/2461 2459/2459/2459 2377/2377/2377
f 2461/2461/2461 2377/2377/2377 2383/2383/2383
f 2377/2377/2377 2359/2359/2359 2381/2381/2381
f 2377/2377/2377 2381/2381/2381 2383/2383/2383
f 2457/2457/2457 2456/2456/2456 2373/2373/2373
f 2457/2457/2457 2373/2373/2373 2379/2379/2379
f 2373/2373/2373 2359/2359/2359 2377/2377/2377
f 2373/2373/2373 2377/2377/2377 2379/2379/2379
f 2454/2454/2454 2451/2451/2451 2372/2372/2372
f 2454/2454/2454 2372/2372/2372 2375/2375/2375
f 2372/2372/2372 2359/2359/2359 2373/2373/2373
f 2372/2372/2372 2373/2373/2373 2375/2375/2375
f 2449/2449/2449 2447/2447/2447 2367/2367/2367
f 2449/2449/2449 2367/2367/2367 2369/2369/2369
f 2367/2367/2367 2359/2359/2359 2372/2372/2372
f 2367/2367/2367 2372/2372/2372 2369/2369/2369
f 2445/2445/2445 2443/2443/2443 2363/2363/2363
f 2445/2445/2445 2363/2363/2363 2365/2365/2365
f 2363/2363/2363 2359/2359/2359 2367/2367/2367
f 2363/2363/2363 2367/2367/2367 2365/2365/2365
f 2441/2441/2441 2439/2439/2439 2358/2358/2358
f 2441/2441/2441 2358/2358/2358 2361/2361/2361
f 2358/2358/2358 2359/2359/2359 2363/2363/2363
f 2358/2358/2358 2363/2363/2363 2361/2361/2361
f 2437/2437/2437 2435/2435/2435 2354/2354/2354
f 2437/2437/2437 2354/2354/2354 2356/2356/2356
f 2354/2354/2354 2359/2359/2359 2358/2358/2358
f 2354/2354/2354 2358/2358/2358 2356/2356/2356
f 2433/2433/2433 2431/2431/2431 2350/2350/2350
f 2433/2433/2433 2350/2350/2350 2352/2352/2352
f 2350/2350/2350 2359/2359/2359 2354/2354/2354
f 2350/2350/2350 2354/2354/2354 2352/2352/2352
f 2429/2429/2429 2427/2427/2427 2346/2346/2346
f 2429/2429/2429 2346/2346/2346 2349/2349/2349
f 2346/2346/2346 2359/2359/2359 2350/2350/2350
f 2346/2346/2346 2350/2350/2350 2349/2349/2349
f 2425/2425/2425 2423/2423/2423 2344/2344/2344
f 2425/2425/2425 2344/2344/2344 2342/2342/2342
f 2344/2344/2344 2359/2359/2359 2346/2346/2346
f 2344/2344/2344 2346/2346/2346 2342/2342/2342
f 2421/2421/2421 2419/2419/2419 2340/2340/2340
f 2421/2421/2421 2340/2340/2340 2338/2338/2338
f 2340/2340/2340 2359/2359/2359 2344/2344/2344
f 2340/2340/2340 2344/2344/2344 2338/2338/2338
f 2417/2417/2417 2415/2415/2415 2336/2336/2336
f 2417/2417/2417 2336/2336/2336 2334/2334/2334
f 2336/2336/2336 2359/2359/2359 2340/2340/2340
f 2336/2336/2336 2340/2340/2340 2334/2334/2334
f 2413/2413/2413 2411/2411/2411 2332/2332/2332
f 2413/2413/2413 2332/2332/2332 2328/2328/2328
f 2332/2332/2332 2359/2359/2359 2336/2336/2336
f 2332/2332/2332 2336/2336/2336 2328/2328/2328
f 2409/2409/2409 2407/2407/2407 2330/2330/2330
f 2409/2409/2409 2330/2330/2330 2323/2323/2323
f 2330/2330/2330 2359/2359/2359 2332/2332/2332
f 2330/2330/2330 2332/2332/2332 2323/2323/2323
f 2403/2403/2403 2405/2405/2405 2326/2326/2326
f 2403/2403/2403 2326/2326/2326 2321/2321/2321
f 2326/2326/2326 2359/2359/2359 2330/2330/2330
f 2326/2326/2326 2330/2330/2330 2321/2321/2321
f 2400/2400/2400 2402/2402/2402 2325/2325/2325
f 2400/2400/2400 2325/2325/2325 2319/2319/2319
f 2325/2325/2325 2359/2359/2359 2326/2326/2326
f 2325/2325/2325 2326/2326/2326 2319/2319/2319
f 2401/2401/2401 2406/2406/2406 2327/2327/2327
f 2401/2401/2401 2327/2327/2327 2320/2320/2320
f 2327/2327/2327 2359/2359/2359 2325/2325/2325
f 2327/2327/2327 2325/2325/2325 2320/2320/2320
f 2404/2404/2404 2408/2408/2408 2331/2331/2331
f 2404/2404/2404 2331/2331/2331 2322/2322/2322
f 2331/2331/2331 2359/2359/2359 2327/2327/2327
f 2331/2331/2331 2327/2327/2327 2322/2322/2322
f 2410/2410/2410 2412/2412/2412 2333/2333/2333
f 2410/2410/2410 2333/2333/2333 2324/2324/2324
f 2333/2333/2333 2359/2359/2359 2331/2331/2331
f 2333/2333/2333 2331/2331/2331 2324/2324/2324
f 2414/2414/2414 2416/2416/2416 2337/2337/2337
f 2414/2414/2414 2337/2337/2337 2329/2329/2329
f 2337/2337/2337 2359/2359/2359 2333/2333/2333
f 2337/2337/2337 2333/2333/2333 2329/2329/2329
f 2418/2418/2418 2420/2420/2420 2341/2341/2341
f 2418/2418/2418 2341/2341/2341 2335/2335/2335
f 2341/2341/2341 2359/2359/2359 2337/2337/2337
f 2341/2341/2341 2337/2337/2337 2335/2335/2335
f 2422/2422/2422 2424/2424/2424 2345/2345/2345
f 2422/2422/2422 2345/2345/2345 2339/2339/2339
f 2345/2345/2345 2359/2359/2359 2341/2341/2341
f 2345/2345/2345 2341/2341/2341 2339/2339/2339
f 2426/2426/2426 2428/2428/2428 2347/2347/2347
f 2426/2426/2426 2347/2347/2347 2343/2343/2343
f 2347/2347/2347 2359/2359/2359 2345/2345/2345
f 2347/2347/2347 2345/2345/2345 2343/2343/2343
f 2430/2430/2430 2432/2432/2432 2351/2351/2351
f 2430/2430/2430 2351/2351/2351 2348/2348/2348
f 2351/2351/2351 2359/2359/2359 2347/2347/2347
f 2351/2351/2351 2347/2347/2347 2348/2348/2348
f 2434/2434/2434 2436/2436/2436 2355/2355/2355
f 2434/2434/2434 2355/2355/2355 2353/2353/2353
f 2355/2355/2355 2359/2359/2359 2351/2351/2351
f 2355/2355/2355 2351/2351/2351 2353/2353/2353
f 2438/2438/2438 2440/2440/2440 2360/2360/2360
f 2438/2438/2438 2360/2360/2360 2357/2357/2357
f 2360/2360/2360 2359/2359/2359 2355/2355/2355
f 2360/2360/2360 2355/2355/2355 2357/2357/2357
f 2442/2442/2442 2444/2444/2444 2364/2364/2364
f 2442/2442/2442 2364/2364/2364 2362/2362/2362
f 2364/2364/2364 2359/2359/2359 2360/2360/2360
f 2364/2364/2364 2360/2360/2360 2362/2362/2362
f 2446/2446/2446 2448/2448/2448 2368/2368/2368
f 2446/2446/2446 2368/2368/2368 2366/2366/2366
f 2368/2368/2368 2359/2359/2359 2364/2364/2364
f 2368/2368/2368 2364/2364/2364 2366/2366/2366
f 2450/2450/2450 2452/2452/2452 2371/2371/2371
f 2450/2450/2450 2371/2371/2371 2370/2370/2370
f 2371/2371/2371 2359/2359/2359 2368/2368/2368
f 2371/2371/2371 2368/2368/2368 2370/2370/2370
f 2453/2453/2453 2455/2455/2455 2374/2374/2374
f 2453/2453/2453 2374/2374/2374 2376/2376/2376
f 2374/2374/2374 2359/2359/2359 2371/2371/2371
f 2374/2374/2374 2371/2371/2371 2376/2376/2376
f 2458/2458/2458 2460/2460/2460 2378/2378/2378
f 2458/2458/2458 2378/2378/2378 2380/2380/2380
f 2378/2378/2378 2359/2359/2359 2374/2374/2374
f 2378/2378/2378 2374/2374/2374 2380/2380/2380
f 2462/2462/2462 2464/2464/2464 2382/2382/2382
f 2462/2462/2462 2382/2382/2382 2384/2384/2384
f 2382/2382/2382 2359/2359/2359 2378/2378/2378
f 2382/2382/2382 2378/2378/2378 2384/2384/2384
f 2466/2466/2466 2468/2468/2468 2386/2386/2386
f 2466/2466/2466 2386/2386/2386 2390/2390/2390
f 2386/2386/2386 2359/2359/2359 2382/2382/2382
f 2386/2386/2386 2382/2382/2382 2390/2390/2390
f 2470/2470/2470 2472/2472/2472 2388/2388/2388
f 2470/2470/2470 2388/2388/2388 2395/2395/2395
f 2388/2388/2388 2359/2359/2359 2386/2386/2386
f 2388/2388/2388 2386/2386/2386 2395/2395/2395
f 2476/2476/2476 2474/2474/2474 2392/2392/2392
f 2476/2476/2476 2392/2392/2392 2397/2397/2397
f 2392/2392/2392 2359/2359/2359 2388/2388/2388
f 2392/2392/2392 2388/2388/2388 2397/2397/2397
f 2479/2479/2479 2477/2477/2477 2393/2393/2393
f 2479/2479/2479 2393/2393/2393 2399/2399/2399
f 2393/2393/2393 2359/2359/2359 2392/2392/2392
f 2393/2393/2393 2392/2392/2392 2399/2399/2399
f 2478/2478/2478 2473/2473/2473 2391/2391/2391
f 2478/2478/2478 2391/2391/2391 2398/2398/2398
f 2391/2391/2391 2359/2359/2359 2393/2393/2393
f 2391/2391/2391 2393/2393/2393 2398/2398/2398
f 2574/2574/2574 2576/2576/2576 2496/2496/2496
f 2574/2574/2574 2496/2496/2496 2494/2494/2494
f 2496/2496/2496 2416/2416/2416 2414/2414/2414
f 2496/2496/2496 2414/2414/2414 2494/2494/2494
f 2414/2414/2414 2412/2412/2412 2492/2492/2492
f 2414/2414/2414 2492/2492/2492 2494/2494/2494
f 2570/2570/2570 2572/2572/2572 2492/2492/2492
f 2570/2570/2570 2492/2492/2492 2490/2490/2490
f 2492/2492/2492 2412/2412/2412 2410/2410/2410
f 2492/2492/2492 2410/2410/2410 2490/2490/2490
f 2410/2410/2410 2408/2408/2408 2488/2488/2488
f 2410/2410/2410 2488/2488/2488 2490/2490/2490
f 2566/2566/2566 2568/2568/2568 2488/2488/2488
f 2566/2566/2566 2488/2488/2488 2486/2486/2486
f 2488/2488/2488 2408/2408/2408 2404/2404/2404
f 2488/2488/2488 2404/2404/2404 2486/2486/2486
f 2404/2404/2404 2406/2406/2406 2484/2484/2484
f 2404/2404/2404 2484/2484/2484 2486/2486/2486
f 2562/2562/2562 2564/2564/2564 2484/2484/2484
f 2562/2562/2562 2484/2484/2484 2482/2482/2482
f 2484/2484/2484 2406/2406/2406 2401/2401/2401
f 2484/2484/2484 2401/2401/2401 2482/2482/2482
f 2401/2401/2401 2402/2402/2402 2480/2480/2480
f 2401/2401/2401 2480/2480/2480 2482/2482/2482
f 2561/2561/2561 2560/2560/2560 2480/2480/2480
f 2561/2561/2561 2480/2480/2480 2481/2481/2481
f 2480/2480/2480 2402/2402/2402 2400/2400/2400
f 2480/2480/2480 2400/2400/2400 2481/2481/2481
f 2400/2400/2400 2405/2405/2405 2483/2483/2483
f 2400/2400/2400 2483/2483/2483 2481/2481/2481
f 2565/2565/2565 2563/2563/2563 2483/2483/2483
f 2565/2565/2565 2483/2483/2483 2485/2485/2485
f 2483/2483/2483 2405/2405/2405 2403/2403/2403
f 2483/2483/2483 2403/2403/2403 2485/2485/2485
f 2403/2403/2403 2407/2407/2407 2487/2487/2487
f 2403/2403/2403 2487/2487/2487 2485/2485/2485
f 2569/2569/2569 2567/2567/2567 2487/2487/2487
f 2569/2569/2569 2487/2487/2487 2489/2489/2489
f 2487/2487/2487 2407/2407/2407 2409/2409/2409
f 2487/2487/2487 2409/2409/2409 2489/2489/2489
f 2409/2409/2409 2411/2411/2411 2491/2491/2491
f 2409/2409/2409 2491/2491/2491 2489/2489/2489
f 2573/2573/2573 2571/2571/2571 2491/2491/2491
f 2573/2573/2573 2491/2491/2491 2493/2493/2493
f 2491/2491/2491 2411/2411/2411 2413/2413/2413
f 2491/2491/2491 2413/2413/2413 2493/2493/2493
f 2413/2413/2413 2415/2415/2415 2495/2495/2495
f 2413/2413/2413 2495/2495/2495 2493/2493/2493
f 2577/2577/2577 2575/2575/2575 2495/2495/2495
f 2577/2577/2577 2495/2495/2495 2497/2497/2497
f 2495/2495/2495 2415/2415/2415 2417/2417/2417
f 2495/2495/2495 2417/2417/2417 2497/2497/2497
f 2417/2417/2417 2419/2419/2419 2499/2499/2499
f 2417/2417/2417 2499/2499/2499 2497/2497/2497
f 2582/2582/2582 2579/2579/2579 2499/2499/2499
f 2582/2582/2582 2499/2499/2499 2501/2501/2501
f 2499/2499/2499 2419/2419/2419 2421/2421/2421
f 2499/2499/2499 2421/2421/2421 2501/2501/2501
f 2421/2421/2421 2423/2423/2423 2504/2504/2504
f 2421/2421/2421 2504/2504/2504 2501/2501/2501
f 2585/2585/2585 2583/2583/2583 2504/2504/2504
f 2585/2585/2585 2504/2504/2504 2505/2505/2505
f 2504/2504/2504 2423/2423/2423 2425/2425/2425
f 2504/2504/2504 2425/2425/2425 2505/2505/2505
f 2425/2425/2425 2427/2427/2427 2507/2507/2507
f 2425/2425/2425 2507/2507/2507 2505/2505/2505
f 2589/2589/2589 2587/2587/2587 2507/2507/2507
f 2589/2589/2589 2507/2507/2507 2510/2510/2510
f 2507/2507/2507 2427/2427/2427 2429/2429/2429
f 2507/2507/2507 2429/2429/2429 2510/2510/2510
f 2429/2429/2429 2431/2431/2431 2511/2511/2511
f 2429/2429/2429 2511/2511/2511 2510/2510/2510
f 2593/2593/2593 2591/2591/2591 2511/2511/2511
f 2593/2593/2593 2511/2511/2511 2513/2513/2513
f 2511/2511/2511 2431/2431/2431 2433/2433/2433
f 2511/2511/2511 2433/2433/2433 2513/2513/2513
f 2433/2433/2433 2435/2435/2435 2515/2515/2515
f 2433/2433/2433 2515/2515/2515 2513/2513/2513
f 2597/2597/2597 2595/2595/2595 2515/2515/2515
f 2597/2597/2597 2515/2515/2515 2517/2517/2517
f 2515/2515/2515 2435/2435/2435 2437/2437/2437
f 2515/2515/2515 2437/2437/2437 2517/2517/2517
f 2437/2437/2437 2439/2439/2439 2519/2519/2519
f 2437/2437/2437 2519/2519/2519 2517/2517/2517
f 2602/2602/2602 2599/2599/2599 2519/2519/2519
f 2602/2602/2602 2519/2519/2519 2521/2521/2521
f 2519/2519/2519 2439/2439/2439 2441/2441/2441
f 2519/2519/2519 2441/2441/2441 2521/2521/2521
f 2441/2441/2441 2443/2443/2443 2523/2523/2523
f 2441/2441/2441 2523/2523/2523 2521/2521/2521
f 2605/2605/2605 2604/2604/2604 2523/2523/2523
f 2605/2605/2605 2523/2523/2523 2525/2525/2525
f 2523/2523/2523 2443/2443/2443 2445/2445/2445
f 2523/2523/2523 2445/2445/2445 2525/2525/2525
f 2445/2445/2445 2447/2447/2447 2527/2527/2527
f 2445/2445/2445 2527/2527/2527 2525/2525/2525
f 2609/2609/2609 2607/2607/2607 2527/2527/2527
f 2609/2609/2609 2527/2527/2527 2529/2529/2529
f 2527/2527/2527 2447/2447/2447 2449/2449/2449
f 2527/2527/2527 2449/2449/2449 2529/2529/2529
f 2449/2449/2449 2451/2451/2451 2531/2531/2531
f 2449/2449/2449 2531/2531/2531 2529/2529/2529
f 2614/2614/2614 2611/2611/2611 2531/2531/2531
f 2614/2614/2614 2531/2531/2531 2533/2533/2533
f 2531/2531/2531 2451/2451/2451 2454/2454/2454
f 2531/2531/2531 2454/2454/2454 2533/2533/2533
f 2454/2454/2454 2456/2456/2456 2536/2536/2536
f 2454/2454/2454 2536/2536/2536 2533/2533/2533
f 2618/2618/2618 2615/2615/2615 2536/2536/2536
f 2618/2618/2618 2536/2536/2536 2537/2537/2537
f 2536/2536/2536 2456/2456/2456 2457/2457/2457
f 2536/2536/2536 2457/2457/2457 2537/2537/2537
f 2457/2457/2457 2459/2459/2459 2540/2540/2540
f 2457/2457/2457 2540/2540/2540 2537/2537/2537
f 2621/2621/2621 2619/2619/2619 2540/2540/2540
f 2621/2621/2621 2540/2540/2540 2541/2541/2541
f 2540/2540/2540 2459/2459/2459 2461/2461/2461
f 2540/2540/2540 2461/2461/2461 2541/2541/2541
f 2461/2461/2461 2463/2463/2463 2543/2543/2543
f 2461/2461/2461 2543/2543/2543 2541/2541/2541
f 2625/2625/2625 2623/2623/2623 2543/2543/2543
f 2625/2625/2625 2543/2543/2543 2545/2545/2545
f 2543/2543/2543 2463/2463/2463 2465/2465/2465
f 2543/2543/2543 2465/2465/2465 2545/2545/2545
f 2465/2465/2465 2467/2467/2467 2547/2547/2547
f 2465/2465/2465 2547/2547/2547 2545/2545/2545
f 2629/2629/2629 2627/2627/2627 2547/2547/2547
f 2629/2629/2629 2547/2547/2547 2549/2549/2549
f 2547/2547/2547 2467/2467/2467 2469/2469/2469
f 2547/2547/2547 2469/2469/2469 2549/2549/2549
f 2469/2469/2469 2471/2471/2471 2552/2552/2552
f 2469/2469/2469 2552/2552/2552 2549/2549/2549
f 2633/2633/2633 2632/2632/2632 2552/2552/2552
f 2633/2633/2633 2552/2552/2552 2553/2553/2553
f 2552/2552/2552 2471/2471/2471 2475/2475/2475
f 2552/2552/2552 2475/2475/2475 2553/2553/2553
f 2475/2475/2475 2473/2473/2473 2555/2555/2555
f 2475/2475/2475 2555/2555/2555 2553/2553/2553
f 2637/2637/2637 2635/2635/2635 2555/2555/2555
f 2637/2637/2637 2555/2555/2555 2557/2557/2557
f 2555/2555/2555 2473/2473/2473 2478/2478/2478
f 2555/2555/2555 2478/2478/2478 2557/2557/2557
f 2478/2478/2478 2477/2477/2477 2559/2559/2559
f 2478/2478/2478 2559/2559/2559 2557/2557/2557
f 2638/2638/2638 2639/2639/2639 2559/2559/2559
f 2638/2638/2638 2559/2559/2559 2558/2558/2558
f 2559/2559/2559 2477/2477/2477 2479/2479/2479
f 2559/2559/2559 2479/2479/2479 2558/2558/2558
f 2479/2479/2479 2474/2474/2474 2556/2556/2556
f 2479/2479/2479 2556/2556/2556 2558/2558/2558
f 2634/2634/2634 2636/2636/2636 2556/2556/2556
f 2634/2634/2634 2556/2556/2556 2554/2554/2554
f 2556/2556/2556 2474/2474/2474 2476/2476/2476
f 2556/2556/2556 2476/2476/2476 2554/2554/2554
f 2476/2476/2476 2472/2472/2472 2551/2551/2551
f 2476/2476/2476 2551/2551/2551 2554/2554/2554
f 2630/2630/2630 2631/2631/2631 2551/2551/2551
f 2630/2630/2630 2551/2551/2551 2550/2550/2550
f 2551/2551/2551 2472/2472/2472 2470/2470/2470
f 2551/2551/2551 2470/2470/2470 2550/2550/2550
f 2470/2470/2470 2468/2468/2468 2548/2548/2548
f 2470/2470/2470 2548/2548/2548 2550/2550/2550
f 2626/2626/2626 2628/2628/2628 2548/2548/2548
f 2626/2626/2626 2548/2548/2548 2546/2546/2546
f 2548/2548/2548 2468/2468/2468 2466/2466/2466
f 2548/2548/2548 2466/2466/2466 2546/2546/2546
f 2466/2466/2466 2464/2464/2464 2544/2544/2544
f 2466/2466/2466 2544/2544/2544 2546/2546/2546
f 2622/2622/2622 2624/2624/2624 2544/2544/2544
f 2622/2622/2622 2544/2544/2544 2542/2542/2542
f 2544/2544/2544 2464/2464/2464 2462/2462/2462
f 2544/2544/2544 2462/2462/2462 2542/2542/2542
f 2462/2462/2462 2460/2460/2460 2539/2539/2539
f 2462/2462/2462 2539/2539/2539 2542/2542/2542
f 2617/2617/2617 2620/2620/2620 2539/2539/2539
f 2617/2617/2617 2539/2539/2539 2538/2538/2538
f 2539/2539/2539 2460/2460/2460 2458/2458/2458
f 2539/2539/2539 2458/2458/2458 2538/2538/2538
f 2458/2458/2458 2455/2455/2455 2535/2535/2535
f 2458/2458/2458 2535/2535/2535 2538/2538/2538
f 2613/2613/2613 2616/2616/2616 2535/2535/2535
f 2613/2613/2613 2535/2535/2535 2534/2534/2534
f 2535/2535/2535 2455/2455/2455 2453/2453/2453
f 2535/2535/2535 2453/2453/2453 2534/2534/2534
f 2453/2453/2453 2452/2452/2452 2532/2532/2532
f 2453/2453/2453 2532/2532/2532 2534/2534/2534
f 2610/2610/2610 2612/2612/2612 2532/2532/2532
f 2610/2610/2610 2532/2532/2532 2530/2530/2530
f 2532/2532/2532 2452/2452/2452 2450/2450/2450
f 2532/2532/2532 2450/2450/2450 2530/2530/2530
f 2450/2450/2450 2448/2448/2448 2528/2528/2528
f 2450/2450/2450 2528/2528/2528 2530/2530/2530
f 2606/2606/2606 2608/2608/2608 2528/2528/2528
f 2606/2606/2606 2528/2528/2528 2526/2526/2526
f 2528/2528/2528 2448/2448/2448 2446/2446/2446
f 2528/2528/2528 2446/2446/2446 2526/2526/2526
f 2446/2446/2446 2444/2444/2444 2524/2524/2524
f 2446/2446/2446 2524/2524/2524 2526/2526/2526
f 2601/2601/2601 2603/2603/2603 2524/2524/2524
f 2601/2601/2601 2524/2524/2524 2522/2522/2522
f 2524/2524/2524 2444/2444/2444 2442/2442/2442
f 2524/2524/2524 2442/2442/2442 2522/2522/2522
f 2442/2442/2442 2440/2440/2440 2520/2520/2520
f 2442/2442/2442 2520/2520/2520 2522/2522/2522
f 2598/2598/2598 2600/2600/2600 2520/2520/2520
f 2598/2598/2598 2520/2520/2520 2518/2518/2518
f 2520/2520/2520 2440/2440/2440 2438/2438/2438
f 2520/2520/2520 2438/2438/2438 2518/2518/2518
f 2438/2438/2438 2436/2436/2436 2516/2516/2516
f 2438/2438/2438 2516/2516/2516 2518/2518/2518
f 2594/2594/2594 2596/2596/2596 2516/2516/2516
f 2594/2594/2594 2516/2516/2516 2514/2514/2514
f 2516/2516/2516 2436/2436/2436 2434/2434/2434
f 2516/2516/2516 2434/2434/2434 2514/2514/2514
f 2434/2434/2434 2432/2432/2432 2512/2512/2512
f 2434/2434/2434 2512/2512/2512 2514/2514/2514
f 2590/2590/2590 2592/2592/2592 2512/2512/2512
f 2590/2590/2590 2512/2512/2512 2509/2509/2509
f 2512/2512/2512 2432/2432/2432 2430/2430/2430
f 2512/2512/2512 2430/2430/2430 2509/2509/2509
f 2430/2430/2430 2428/2428/2428 2508/2508/2508
f 2430/2430/2430 2508/2508/2508 2509/2509/2509
f 2586/2586/2586 2588/2588/2588 2508/2508/2508
f 2586/2586/2586 2508/2508/2508 2506/2506/2506
f 2508/2508/2508 2428/2428/2428 2426/2426/2426
f 2508/2508/2508 2426/2426/2426 2506/2506/2506
f 2426/2426/2426 2424/2424/2424 2503/2503/2503
f 2426/2426/2426 2503/2503/2503 2506/2506/2506
f 2581/2581/2581 2584/2584/2584 2503/2503/2503
f 2581/2581/2581 2503/2503/2503 2502/2502/2502
f 2503/2503/2503 2424/2424/2424 2422/2422/2422
f 2503/2503/2503 2422/2422/2422 2502/2502/2502
f 2422/2422/2422 2420/2420/2420 2500/2500/2500
f 2422/2422/2422 2500/2500/2500 2502/2502/2502
f 2578/2578/2578 2580/2580/2580 2500/2500/2500
f 2578/2578/2578 2500/2500/2500 2498/2498/2498
f 2500/2500/2500 2420/2420/2420 2418/2418/2418
f 2500/2500/2500 2418/2418/2418 2498/2498/2498
f 2418/2418/2418 2416/2416/2416 2496/2496/2496
f 2418/2418/2418 2496/2496/2496 2498/2498/2498
f 2734/2734/2734 2775/2775/2775 2656/2656/2656
f 2734/2734/2734 2656/2656/2656 2654/2654/2654
f 2656/2656/2656 2576/2576/2576 2574/2574/2574
f 2656/2656/2656 2574/2574/2574 2654/2654/2654
f 2574/2574/2574 2572/2572/2572 2652/2652/2652
f 2574/2574/2574 2652/2652/2652 2654/2654/2654
f 2730/2730/2730 2732/2732/2732 2652/2652/2652
f 2730/2730/2730 2652/2652/2652 2650/2650/2650
f 2652/2652/2652 2572/2572/2572 2570/2570/2570
f 2652/2652/2652 2570/2570/2570 2650/2650/2650
f 2570/2570/2570 2568/2568/2568 2648/2648/2648
f 2570/2570/2570 2648/2648/2648 2650/2650/2650
f 2726/2726/2726 2728/2728/2728 2648/2648/2648
f 2726/2726/2726 2648/2648/2648 2646/2646/2646
f 2648/2648/2648 2568/2568/2568 2566/2566/2566
f 2648/2648/2648 2566/2566/2566 2646/2646/2646
f 2566/2566/2566 2564/2564/2564 2644/2644/2644
f 2566/2566/2566 2644/2644/2644 2646/2646/2646
f 2722/2722/2722 2724/2724/2724 2644/2644/2644
f 2722/2722/2722 2644/2644/2644 2642/2642/2642
f 2644/2644/2644 2564/2564/2564 2562/2562/2562
f 2644/2644/2644 2562/2562/2562 2642/2642/2642
f 2562/2562/2562 2560/2560/2560 2640/2640/2640
f 2562/2562/2562 2640/2640/2640 2642/2642/2642
f 2721/2721/2721 2720/2720/2720 2640/2640/2640
f 2721/2721/2721 2640/2640/2640 2641/2641/2641
f 2640/2640/2640 2560/2560/2560 2561/2561/2561
f 2640/2640/2640 2561/2561/2561 2641/2641/2641
f 2561/2561/2561 2563/2563/2563 2643/2643/2643
f 2561/2561/2561 2643/2643/2643 2641/2641/2641
f 2725/2725/2725 2723/2723/2723 2643/2643/2643
f 2725/2725/2725 2643/2643/2643 2645/2645/2645
f 2643/2643/2643 2563/2563/2563 2565/2565/2565
f 2643/2643/2643 2565/2565/2565 2645/2645/2645
f 2565/2565/2565 2567/2567/2567 2647/2647/2647
f 2565/2565/2565 2647/2647/2647 2645/2645/2645
f 2729/2729/2729 2727/2727/2727 2647/2647/2647
f 2729/2729/2729 2647/2647/2647 2649/2649/2649
f 2647/2647/2647 2567/2567/2567 2569/2569/2569
f 2647/2647/2647 2569/2569/2569 2649/2649/2649
f 2569/2569/2569 2571/2571/2571 2651/2651/2651
f 2569/2569/2569 2651/2651/2651 2649/2649/2649
f 2733/2733/2733 2731/2731/2731 2651/2651/2651
f 2733/2733/2733 2651/2651/2651 2653/2653/2653
f 2651/2651/2651 2571/2571/2571 2573/2573/2573
f 2651/2651/2651 2573/2573/2573 2653/2653/2653
f 2573/2573/2573 2575/2575/2575 2655/2655/2655
f 2573/2573/2573 2655/2655/2655 2653/2653/2653
f 2736/2736/2736 2735/2735/2735 2655/2655/2655
f 2736/2736/2736 2655/2655/2655 2657/2657/2657
f 2655/2655/2655 2575/2575/2575 2577/2577/2577
f 2655/2655/2655 2577/2577/2577 2657/2657/2657
f 2577/2577/2577 2579/2579/2579 2659/2659/2659
f 2577/2577/2577 2659/2659/2659 2657/2657/2657
f 2738/2738/2738 2737/2737/2737 2659/2659/2659
f 2738/2738/2738 2659/2659/2659 2661/2661/2661
f 2659/2659/2659 2579/2579/2579 2582/2582/2582
f 2659/2659/2659 2582/2582/2582 2661/2661/2661
f 2582/2582/2582 2583/2583/2583 2663/2663/2663
f 2582/2582/2582 2663/2663/2663 2661/2661/2661
f 2740/2740/2740 2739/2739/2739 2663/2663/2663
f 2740/2740/2740 2663/2663/2663 2666/2666/2666
f 2663/2663/2663 2583/2583/2583 2585/2585/2585
f 2663/2663/2663 2585/2585/2585 2666/2666/2666
f 2585/2585/2585 2587/2587/2587 2667/2667/2667
f 2585/2585/2585 2667/2667/2667 2666/2666/2666
f 2742/2742/2742 2741/2741/2741 2667/2667/2667
f 2742/2742/2742 2667/2667/2667 2669/2669/2669
f 2667/2667/2667 2587/2587/2587 2589/2589/2589
f 2667/2667/2667 2589/2589/2589 2669/2669/2669
f 2589/2589/2589 2591/2591/2591 2671/2671/2671
f 2589/2589/2589 2671/2671/2671 2669/2669/2669
f 2744/2744/2744 2743/2743/2743 2671/2671/2671
f 2744/2744/2744 2671/2671/2671 2674/2674/2674
f 2671/2671/2671 2591/2591/2591 2593/2593/2593
f 2671/2671/2671 2593/2593/2593 2674/2674/2674
f 2593/2593/2593 2595/2595/2595 2675/2675/2675
f 2593/2593/2593 2675/2675/2675 2674/2674/2674
f 2746/2746/2746 2745/2745/2745 2675/2675/2675
f 2746/2746/2746 2675/2675/2675 2677/2677/2677
f 2675/2675/2675 2595/2595/2595 2597/2597/2597
f 2675/2675/2675 2597/2597/2597 2677/2677/2677
f 2597/2597/2597 2599/2599/2599 2679/2679/2679
f 2597/2597/2597 2679/2679/2679 2677/2677/2677
f 2748/2748/2748 2747/2747/2747 2679/2679/2679
f 2748/2748/2748 2679/2679/2679 2681/2681/2681
f 2679/2679/2679 2599/2599/2599 2602/2602/2602
f 2679/2679/2679 2602/2602/2602 2681/2681/2681
f 2602/2602/2602 2604/2604/2604 2683/2683/2683
f 2602/2602/2602 2683/2683/2683 2681/2681/2681
f 2750/2750/2750 2749/2749/2749 2683/2683/2683
f 2750/2750/2750 2683/2683/2683 2686/2686/2686
f 2683/2683/2683 2604/2604/2604 2605/2605/2605
f 2683/2683/2683 2605/2605/2605 2686/2686/2686
f 2605/2605/2605 2607/2607/2607 2688/2688/2688
f 2605/2605/2605 2688/2688/2688 2686/2686/2686
f 2752/2752/2752 2751/2751/2751 2688/2688/2688
f 2752/2752/2752 2688/2688/2688 2689/2689/2689
f 2688/2688/2688 2607/2607/2607 2609/2609/2609
f 2688/2688/2688 2609/2609/2609 2689/2689/2689
f 2609/2609/2609 2611/2611/2611 2691/2691/2691
f 2609/2609/2609 2691/2691/2691 2689/2689/2689
f 2754/2754/2754 2753/2753/2753 2691/2691/2691
f 2754/2754/2754 2691/2691/2691 2694/2694/2694
f 2691/2691/2691 2611/2611/2611 2614/2614/2614
f 2691/2691/2691 2614/2614/2614 2694/2694/2694
f 2614/2614/2614 2615/2615/2615 2695/2695/2695
f 2614/2614/2614 2695/2695/2695 2694/2694/2694
f 2756/2756/2756 2755/2755/2755 2695/2695/2695
f 2756/2756/2756 2695/2695/2695 2697/2697/2697
f 2695/2695/2695 2615/2615/2615 2618/2618/2618
f 2695/2695/2695 2618/2618/2618 2697/2697/2697
f 2618/2618/2618 2619/2619/2619 2700/2700/2700
f 2618/2618/2618 2700/2700/2700 2697/2697/2697
f 2758/2758/2758 2757/2757/2757 2700/2700/2700
f 2758/2758/2758 2700/2700/2700 2701/2701/2701
f 2700/2700/2700 2619/2619/2619 2621/2621/2621
f 2700/2700/2700 2621/2621/2621 2701/2701/2701
f 2621/2621/2621 2623/2623/2623 2703/2703/2703
f 2621/2621/2621 2703/2703/2703 2701/2701/2701
f 2760/2760/2760 2759/2759/2759 2703/2703/2703
f 2760/2760/2760 2703/2703/2703 2705/2705/2705
f 2703/2703/2703 2623/2623/2623 2625/2625/2625
f 2703/2703/2703 2625/2625/2625 2705/2705/2705
f 2625/2625/2625 2627/2627/2627 2707/2707/2707
f 2625/2625/2625 2707/2707/2707 2705/2705/2705
f 2764/2764/2764 2762/2762/2762 2707/2707/2707
f 2764/2764/2764 2707/2707/2707 2710/2710/2710
f 2707/2707/2707 2627/2627/2627 2629/2629/2629
f 2707/2707/2707 2629/2629/2629 2710/2710/2710
f 2629/2629/2629 2632/2632/2632 2712/2712/2712
f 2629/2629/2629 2712/2712/2712 2710/2710/2710
f 2769/2769/2769 2766/2766/2766 2712/2712/2712
f 2769/2769/2769 2712/2712/2712 2713/2713/2713
f 2712/2712/2712 2632/2632/2632 2633/2633/2633
f 2712/2712/2712 2633/2633/2633 2713/2713/2713
f 2633/2633/2633 2635/2635/2635 2715/2715/2715
f 2633/2633/2633 2715/2715/2715 2713/2713/2713
f 2772/2772/2772 2770/2770/2770 2715/2715/2715
f 2772/2772/2772 2715/2715/2715 2717/2717/2717
f 2715/2715/2715 2635/2635/2635 2637/2637/2637
f 2715/2715/2715 2637/2637/2637 2717/2717/2717
f 2637/2637/2637 2639/2639/2639 2719/2719/2719
f 2637/2637/2637 2719/2719/2719 2717/2717/2717
f 2773/2773/2773 2774/2774/2774 2719/2719/2719
f 2773/2773/2773 2719/2719/2719 2718/2718/2718
f 2719/2719/2719 2639/2639/2639 2638/2638/2638
f 2719/2719/2719 2638/2638/2638 2718/2718/2718
f 2638/2638/2638 2636/2636/2636 2716/2716/2716
f 2638/2638/2638 2716/2716/2716 2718/2718/2718
f 2768/2768/2768 2771/2771/2771 2716/2716/2716
f 2768/2768/2768 2716/2716/2716 2714/2714/2714
f 2716/2716/2716 2636/2636/2636 2634/2634/2634
f 2716/2716/2716 2634/2634/2634 2714/2714/2714
f 2634/2634/2634 2631/2631/2631 2711/2711/2711
f 2634/2634/2634 2711/2711/2711 2714/2714/2714
f 2765/2765/2765 2767/2767/2767 2711/2711/2711
f 2765/2765/2765 2711/2711/2711 2709/2709/2709
f 2711/2711/2711 2631/2631/2631 2630/2630/2630
f 2711/2711/2711 2630/2630/2630 2709/2709/2709
f 2630/2630/2630 2628/2628/2628 2708/2708/2708
f 2630/2630/2630 2708/2708/2708 2709/2709/2709
f 2761/2761/2761 2763/2763/2763 2708/2708/2708
f 2761/2761/2761 2708/2708/2708 2706/2706/2706
f 2708/2708/2708 2628/2628/2628 2626/2626/2626
f 2708/2708/2708 2626/2626/2626 2706/2706/2706
f 2626/2626/2626 2624/2624/2624 2704/2704/2704
f 2626/2626/2626 2704/2704/2704 2706/2706/2706
f 2798/2798/2798 2799/2799/2799 2704/2704/2704
f 2798/2798/2798 2704/2704/2704 2702/2702/2702
f 2704/2704/2704 2624/2624/2624 2622/2622/2622
f 2704/2704/2704 2622/2622/2622 2702/2702/2702
f 2622/2622/2622 2620/2620/2620 2699/2699/2699
f 2622/2622/2622 2699/2699/2699 2702/2702/2702
f 2796/2796/2796 2797/2797/2797 2699/2699/2699
f 2796/2796/2796 2699/2699/2699 2698/2698/2698
f 2699/2699/2699 2620/2620/2620 2617/2617/2617
f 2699/2699/2699 2617/2617/2617 2698/2698/2698
f 2617/2617/2617 2616/2616/2616 2696/2696/2696
f 2617/2617/2617 2696/2696/2696 2698/2698/2698
f 2794/2794/2794 2795/2795/2795 2696/2696/2696
f 2794/2794/2794 2696/2696/2696 2693/2693/2693
f 2696/2696/2696 2616/2616/2616 2613/2613/2613
f 2696/2696/2696 2613/2613/2613 2693/2693/2693
f 2613/2613/2613 2612/2612/2612 2692/2692/2692
f 2613/2613/2613 2692/2692/2692 2693/2693/2693
f 2792/2792/2792 2793/2793/2793 2692/2692/2692
f 2792/2792/2792 2692/2692/2692 2690/2690/2690
f 2692/2692/2692 2612/2612/2612 2610/2610/2610
f 2692/2692/2692 2610/2610/2610 2690/2690/2690
f 2610/2610/2610 2608/2608/2608 2687/2687/2687
f 2610/2610/2610 2687/2687/2687 2690/2690/2690
f 2790/2790/2790 2791/2791/2791 2687/2687/2687
f 2790/2790/2790 2687/2687/2687 2685/2685/2685
f 2687/2687/2687 2608/2608/2608 2606/2606/2606
f 2687/2687/2687 2606/2606/2606 2685/2685/2685
f 2606/2606/2606 2603/2603/2603 2684/2684/2684
f 2606/2606/2606 2684/2684/2684 2685/2685/2685
f 2788/2788/2788 2789/2789/2789 2684/2684/2684
f 2788/2788/2788 2684/2684/2684 2682/2682/2682
f 2684/2684/2684 2603/2603/2603 2601/2601/2601
f 2684/2684/2684 2601/2601/2601 2682/2682/2682
f 2601/2601/2601 2600/2600/2600 2680/2680/2680
f 2601/2601/2601 2680/2680/2680 2682/2682/2682
f 2786/2786/2786 2787/2787/2787 2680/2680/2680
f 2786/2786/2786 2680/2680/2680 2678/2678/2678
f 2680/2680/2680 2600/2600/2600 2598/2598/2598
f 2680/2680/2680 2598/2598/2598 2678/2678/2678
f 2598/2598/2598 2596/2596/2596 2676/2676/2676
f 2598/2598/2598 2676/2676/2676 2678/2678/2678
f 2784/2784/2784 2785/2785/2785 2676/2676/2676
f 2784/2784/2784 2676/2676/2676 2673/2673/2673
f 2676/2676/2676 2596/2596/2596 2594/2594/2594
f 2676/2676/2676 2594/2594/2594 2673/2673/2673
f 2594/2594/2594 2592/2592/2592 2672/2672/2672
f 2594/2594/2594 2672/2672/2672 2673/2673/2673
f 2782/2782/2782 2783/2783/2783 2672/2672/2672
f 2782/2782/2782 2672/2672/2672 2670/2670/2670
f 2672/2672/2672 2592/2592/2592 2590/2590/2590
f 2672/2672/2672 2590/2590/2590 2670/2670/2670
f 2590/2590/2590 2588/2588/2588 2668/2668/2668
f 2590/2590/2590 2668/2668/2668 2670/2670/2670
f 2780/2780/2780 2781/2781/2781 2668/2668/2668
f 2780/2780/2780 2668/2668/2668 2665/2665/2665
f 2668/2668/2668 2588/2588/2588 2586/2586/2586
f 2668/2668/2668 2586/2586/2586 2665/2665/2665
f 2586/2586/2586 2584/2584/2584 2664/2664/2664
f 2586/2586/2586 2664/2664/2664 2665/2665/2665
f 2778/2778/2778 2779/2779/2779 2664/2664/2664
f 2778/2778/2778 2664/2664/2664 2662/2662/2662
f 2664/2664/2664 2584/2584/2584 2581/2581/2581
f 2664/2664/2664 2581/2581/2581 2662/2662/2662
f 2581/2581/2581 2580/2580/2580 2660/2660/2660
f 2581/2581/2581 2660/2660/2660 2662/2662/2662
f 2776/2776/2776 2777/2777/2777 2660/2660/2660
f 2776/2776/2776 2660/2660/2660 2658/2658/2658
f 2660/2660/2660 2580/2580/2580 2578/2578/2578
f 2660/2660/2660 2578/2578/2578 2658/2658/2658
f 2578/2578/2578 2576/2576/2576 2656/2656/2656
f 2578/2578/2578 2656/2656/2656 2658/2658/2658
f 3510/3510/3510 3515/3515/3515 3512/3512/3512
f 3510/3510/3510 3512/3512/3512 3508/3508/3508
f 3506/3506/3506 3510/3510/3510 3508/3508/3508
f 3506/3506/3506 3508/3508/3508 3504/3504/3504
f 3502/3502/3502 3506/3506/3506 3504/3504/3504
f 3502/3502/3502 3504/3504/3504 3500/3500/3500
f 3498/3498/3498 3502/3502/3502 3500/3500/3500
f 3498/3498/3498 3500/3500/3500 3496/3496/3496
f 3494/3494/3494 3498/3498/3498 3496/3496/3496
f 3494/3494/3494 3496/3496/3496 3491/3491/3491
f 3490/3490/3490 3494/3494/3494 3491/3491/3491
f 3490/3490/3490 3491/3491/3491 3488/3488/3488
f 3486/3486/3486 3490/3490/3490 3488/3488/3488
f 3486/3486/3486 3488/3488/3488 3483/3483/3483
f 3481/3481/3481 3486/3486/3486 3483/3483/3483
f 3481/3481/3481 3483/3483/3483 3480/3480/3480
f 3476/3476/3476 3481/3481/3481 3480/3480/3480
f 3476/3476/3476 3480/3480/3480 3477/3477/3477
f 3474/3474/3474 3476/3476/3476 3477/3477/3477
f 3474/3474/3474 3477/3477/3477 3475/3475/3475
f 3470/3470/3470 3474/3474/3474 3475/3475/3475
f 3470/3470/3470 3475/3475/3475 3472/3472/3472
f 3468/3468/3468 3470/3470/3470 3472/3472/3472
f 3468/3468/3468 3472/3472/3472 3469/3469/3469
f 3463/3463/3463 3468/3468/3468 3469/3469/3469
f 3463/3463/3463 3469/3469/3469 3465/3465/3465
f 3460/3460/3460 3463/3463/3463 3465/3465/3465
f 3460/3460/3460 3465/3465/3465 3461/3461/3461
f 3455/3455/3455 3460/3460/3460 3461/3461/3461
f 3455/3455/3455 3461/3461/3461 3457/3457/3457
f 3451/3451/3451 3455/3455/3455 3457/3457/3457
f 3451/3451/3451 3457/3457/3457 3453/3453/3453
f 3447/3447/3447 3451/3451/3451 3453/3453/3453
f 3447/3447/3447 3453/3453/3453 3449/3449/3449
f 3442/3442/3442 3447/3447/3447 3449/3449/3449
f 3442/3442/3442 3449/3449/3449 3445/3445/3445
f 3441/3441/3441 3442/3442/3442 3445/3445/3445
f 3441/3441/3441 3445/3445/3445 3444/3444/3444
f 3443/3443/3443 3441/3441/3441 3444/3444/3444
f 3443/3443/3443 3444/3444/3444 3446/3446/3446
f 3448/3448/3448 3443/3443/3443 3446/3446/3446
f 3448/3448/3448 3446/3446/3446 3450/3450/3450
f 3452/3452/3452 3448/3448/3448 3450/3450/3450
f 3452/3452/3452 3450/3450/3450 3454/3454/3454
f 3456/3456/3456 3452/3452/3452 3454/3454/3454
f 3456/3456/3456 3454/3454/3454 3458/3458/3458
f 3459/3459/3459 3456/3456/3456 3458/3458/3458
f 3459/3459/3459 3458/3458/3458 3462/3462/3462
f 3464/3464/3464 3459/3459/3459 3462/3462/3462
f 3464/3464/3464 3462/3462/3462 3466/3466/3466
f 3467/3467/3467 3464/3464/3464 3466/3466/3466
f 3467/3467/3467 3466/3466/3466 3517/3517/3517
f 3471/3471/3471 3467/3467/3467 3517/3517/3517
f 3471/3471/3471 3517/3517/3517 3518/3518/3518
f 3473/3473/3473 3471/3471/3471 3518/3518/3518
f 3473/3473/3473 3518/3518/3518 3519/3519/3519
f 3478/3478/3478 3473/3473/3473 3519/3519/3519
f 3478/3478/3478 3519/3519/3519 3520/3520/3520
f 3482/3482/3482 3478/3478/3478 3520/3520/3520
f 3482/3482/3482 3520/3520/3520 3479/3479/3479
f 3485/3485/3485 3482/3482/3482 3479/3479/3479
f 3485/3485/3485 3479/3479/3479 3484/3484/3484
f 3489/3489/3489 3485/3485/3485 3484/3484/3484
f 3489/3489/3489 3484/3484/3484 3487/3487/3487
f 3493/3493/3493 3489/3489/3489 3487/3487/3487
f 3493/3493/3493 3487/3487/3487 3492/3492/3492
f 3497/3497/3497 3493/3493/3493 3492/3492/3492
f 3497/3497/3497 3492/3492/3492 3495/3495/3495
f 3501/3501/3501 3497/3497/3497 3495/3495/3495
f 3501/3501/3501 3495/3495/3495 3499/3499/3499
f 3505/3505/3505 3501/3501/3501 3499/3499/3499
f 3505/3505/3505 3499/3499/3499 3503/3503/3503
f 3509/3509/3509 3505/3505/3505 3503/3503/3503
f 3509/3509/3509 3503/3503/3503 3507/3507/3507
f 3514/3514/3514 3509/3509/3509 3507/3507/3507
f 3514/3514/3514 3507/3507/3507 3511/3511/3511
f 3516/3516/3516 3514/3514/3514 3511/3511/3511
f 3516/3516/3516 3511/3511/3511 3513/3513/3513
f 3515/3515/3515 3516/3516/3516 3513/3513/3513
f 3515/3515/3515 3513/3513/3513 3512/3512/3512
f 1473/1473/1473 1477/1477/1477 1475/1475/1475
f 1473/1473/1473 1475/1475/1475 1471/1471/1471
f 1477/1477/1477 1483/1483/1483 1481/1481/1481
f 1477/1477/1477 1481/1481/1481 1475/1475/1475
f 1483/1483/1483 1505/1505/1505 1503/1503/1503
f 1483/1483/1483 1503/1503/1503 1481/1481/1481
f 1505/1505/1505 1535/1535/1535 1533/1533/1533
f 1505/1505/1505 1533/1533/1533 1503/1503/1503
f 1535/1535/1535 1595/1595/1595 1593/1593/1593
f 1535/1535/1535 1593/1593/1593 1533/1533/1533
f 1595/1595/1595 1644/1644/1644 1642/1642/1642
f 1595/1595/1595 1642/1642/1642 1593/1593/1593
f 1644/1644/1644 1686/1686/1686 1684/1684/1684
f 1644/1644/1644 1684/1684/1684 1642/1642/1642
f 1686/1686/1686 1718/1718/1718 1716/1716/1716
f 1686/1686/1686 1716/1716/1716 1684/1684/1684
f 1718/1718/1718 1759/1759/1759 1755/1755/1755
f 1718/1718/1718 1755/1755/1755 1716/1716/1716
f 1759/1759/1759 1794/1794/1794 1792/1792/1792
f 1759/1759/1759 1792/1792/1792 1755/1755/1755
f 1794/1794/1794 1826/1826/1826 1824/1824/1824
f 1794/1794/1794 1824/1824/1824 1792/1792/1792
f 1826/1826/1826 1868/1868/1868 1866/1866/1866
f 1826/1826/1826 1866/1866/1866 1824/1824/1824
f 1868/1868/1868 1917/1917/1917 1915/1915/1915
f 1868/1868/1868 1915/1915/1915 1866/1866/1866
f 1917/1917/1917 1977/1977/1977 1975/1975/1975
f 1917/1917/1917 1975/1975/1975 1915/1915/1915
f 1977/1977/1977 2007/2007/2007 2005/2005/2005
f 1977/1977/1977 2005/2005/2005 1975/1975/1975
f 2007/2007/2007 2029/2029/2029 2027/2027/2027
f 2007/2007/2007 2027/2027/2027 2005/2005/2005
f 2029/2029/2029 2035/2035/2035 2033/2033/2033
f 2029/2029/2029 2033/2033/2033 2027/2027/2027
f 2035/2035/2035 2039/2039/2039 2037/2037/2037
f 2035/2035/2035 2037/2037/2037 2033/2033/2033
f 2039/2039/2039 2042/2042/2042 2041/2041/2041
f 2039/2039/2039 2041/2041/2041 2037/2037/2037
f 2042/2042/2042 2040/2040/2040 2038/2038/2038
f 2042/2042/2042 2038/2038/2038 2041/2041/2041
f 2040/2040/2040 2036/2036/2036 2034/2034/2034
f 2040/2040/2040 2034/2034/2034 2038/2038/2038
f 2036/2036/2036 2030/2030/2030 2028/2028/2028
f 2036/2036/2036 2028/2028/2028 2034/2034/2034
f 2030/2030/2030 2008/2008/2008 2006/2006/2006
f 2030/2030/2030 2006/2006/2006 2028/2028/2028
f 2008/2008/2008 1978/1978/1978 1976/1976/1976
f 2008/2008/2008 1976/1976/1976 2006/2006/2006
f 1978/1978/1978 1918/1918/1918 1916/1916/1916
f 1978/1978/1978 1916/1916/1916 1976/1976/1976
f 1918/1918/1918 1869/1869/1869 1867/1867/1867
f 1918/1918/1918 1867/1867/1867 1916/1916/1916
f 1869/1869/1869 1827/1827/1827 1825/1825/1825
f 1869/1869/1869 1825/1825/1825 1867/1867/1867
f 1827/1827/1827 1795/1795/1795 1793/1793/1793
f 1827/1827/1827 1793/1793/1793 1825/1825/1825
f 1795/1795/1795 1761/1761/1761 1758/1758/1758
f 1795/1795/1795 1758/1758/1758 1793/1793/1793
f 1761/1761/1761 1719/1719/1719 1717/1717/1717
f 1761/1761/1761 1717/1717/1717 1758/1758/1758
f 1719/1719/1719 1687/1687/1687 1685/1685/1685
f 1719/1719/1719 1685/1685/1685 1717/1717/1717
f 1687/1687/1687 1645/1645/1645 1643/1643/1643
f 1687/1687/1687 1643/1643/1643 1685/1685/1685
f 1645/1645/1645 1596/1596/1596 1594/1594/1594
f 1645/1645/1645 1594/1594/1594 1643/1643/1643
f 1596/1596/1596 1536/1536/1536 1534/1534/1534
f 1596/1596/1596 1534/1534/1534 1594/1594/1594
f 1536/1536/1536 1506/1506/1506 1504/1504/1504
f 1536/1536/1536 1504/1504/1504 1534/1534/1534
f 1506/1506/1506 1484/1484/1484 1482/1482/1482
f 1506/1506/1506 1482/1482/1482 1504/1504/1504
f 1484/1484/1484 1478/1478/1478 1476/1476/1476
f 1484/1484/1484 1476/1476/1476 1482/1482/1482
f 1478/1478/1478 1474/1474/1474 1472/1472/1472
f 1478/1478/1478 1472/1472/1472 1476/1476/1476
f 1474/1474/1474 1470/1470/1470 1469/1469/1469
f 1474/1474/1474 1469/1469/1469 1472/1472/1472
f 1470/1470/1470 1473/1473/1473 1471/1471/1471
f 1470/1470/1470 1471/1471/1471 1469/1469/1469
f 1477/1477/1477 1473/1473/1473 1760/1760/1760
f 1483/1483/1483 1477/1477/1477 1760/1760/1760
f 1505/1505/1505 1483/1483/1483 1760/1760/1760
f 1535/1535/1535 1505/1505/1505 1760/1760/1760
f 1595/1595/1595 1535/1535/1535 1760/1760/1760
f 1644/1644/1644 1595/1595/1595 1760/1760/1760
f 1686/1686/1686 1644/1644/1644 1760/1760/1760
f 1718/1718/1718 1686/1686/1686 1760/1760/1760
f 1759/1759/1759 1718/1718/1718 1760/1760/1760
f 1794/1794/1794 1759/1759/1759 1760/1760/1760
f 1826/1826/1826 1794/1794/1794 1760/1760/1760
f 1868/1868/1868 1826/1826/1826 1760/1760/1760
f 1917/1917/1917 1868/1868/1868 1760/1760/1760
f 1977/1977/1977 1917/1917/1917 1760/1760/1760
f 2007/2007/2007 1977/1977/1977 1760/1760/1760
f 2029/2029/2029 2007/2007/2007 1760/1760/1760
f 2035/2035/2035 2029/2029/2029 1760/1760/1760
f 2039/2039/2039 2035/2035/2035 1760/1760/1760
f 2042/2042/2042 2039/2039/2039 1760/1760/1760
f 2040/2040/2040 2042/2042/2042 1760/1760/1760
f 2036/2036/2036 2040/2040/2040 1760/1760/1760
f 2030/2030/2030 2036/2036/2036 1760/1760/1760
f 2008/2008/2008 2030/2030/2030 1760/1760/1760
f 1978/1978/1978 2008/2008/2008 1760/1760/1760
f 1918/1918/1918 1978/1978/1978 1760/1760/1760
f 1869/1869/1869 1918/1918/1918 1760/1760/1760
f 1827/1827/1827 1869/1869/1869 1760/1760/1760
f 1795/1795/1795 1827/1827/1827 1760/1760/1760
f 1761/1761/1761 1795/1795/1795 1760/1760/1760
f 1719/1719/1719 1761/1761/1761 1760/1760/1760
f 1687/1687/1687 1719/1719/1719 1760/1760/1760
f 1645/1645/1645 1687/1687/1687 1760/1760/1760
f 1596/1596/1596 1645/1645/1645 1760/1760/1760
f 1536/1536/1536 1596/1596/1596 1760/1760/1760
f 1506/1506/1506 1536/1536/1536 1760/1760/1760
f 1484/1484/1484 1506/1506/1506 1760/1760/1760
f 1478/1478/1478 1484/1484/1484 1760/1760/1760
f 1474/1474/1474 1478/1478/1478 1760/1760/1760
f 1470/1470/1470 1474/1474/1474 1760/1760/1760
f 1473/1473/1473 1470/1470/1470 1760/1760/1760
f 1612/1612/1612 1622/1622/1622 1744/1744/1744
f 1622/1622/1622 1633/1633/1633 1744/1744/1744
f 1633/1633/1633 1651/1651/1651 1744/1744/1744
f 1651/1651/1651 1668/1668/1668 1744/1744/1744
f 1668/1668/1668 1678/1678/1678 1744/1744/1744
f 1678/1678/1678 1700/1700/1700 1744/1744/1744
f 1700/1700/1700 1714/1714/1714 1744/1744/1744
f 1714/1714/1714 1740/1740/1740 1744/1744/1744
f 1740/1740/1740 1766/1766/1766 1744/1744/1744
f 1766/1766/1766 1771/1771/1771 1744/1744/1744
f 1771/1771/1771 1796/1796/1796 1744/1744/1744
f 1796/1796/1796 1810/1810/1810 1744/1744/1744
f 1810/1810/1810 1832/1832/1832 1744/1744/1744
f 1832/1832/1832 1843/1843/1843 1744/1744/1744
f 1843/1843/1843 1861/1861/1861 1744/1744/1744
f 1861/1861/1861 1878/1878/1878 1744/1744/1744
f 1878/1878/1878 1888/1888/1888 1744/1744/1744
f 1888/1888/1888 1898/1898/1898 1744/1744/1744
f 1898/1898/1898 1904/1904/1904 1744/1744/1744
f 1904/1904/1904 1899/1899/1899 1744/1744/1744
f 1899/1899/1899 1889/1889/1889 1744/1744/1744
f 1889/1889/1889 1879/1879/1879 1744/1744/1744
f 1879/1879/1879 1860/1860/1860 1744/1744/1744
f 1860/1860/1860 1842/1842/1842 1744/1744/1744
f 1842/1842/1842 1833/1833/1833 1744/1744/1744
f 1833/1833/1833 1811/1811/1811 1744/1744/1744
f 1811/1811/1811 1797/1797/1797 1744/1744/1744
f 1797/1797/1797 1770/1770/1770 1744/1744/1744
f 1770/1770/1770 1745/1745/1745 1744/1744/1744
f 1745/1745/1745 1741/1741/1741 1744/1744/1744
f 1741/1741/1741 1715/1715/1715 1744/1744/1744
f 1715/1715/1715 1701/1701/1701 1744/1744/1744
f 1701/1701/1701 1679/1679/1679 1744/1744/1744
f 1679/1679/1679 1669/1669/1669 1744/1744/1744
f 1669/1669/1669 1650/1650/1650 1744/1744/1744
f 1650/1650/1650 1632/1632/1632 1744/1744/1744
f 1632/1632/1632 1623/1623/1623 1744/1744/1744
f 1623/1623/1623 1613/1613/1613 1744/1744/1744
f 1613/1613/1613 1607/1607/1607 1744/1744/1744
f 1607/1607/1607 1612/1612/1612 1744/1744/1744
f 1471/1471/1471 1475/1475/1475 1497/1497/1497
f 1471/1471/1471 1497/1497/1497 1487/1487/1487
f 1475/1475/1475 1481/1481/1481 1510/1510/1510
f 1475/1475/1475 1510/1510/1510 1497/1497/1497
f 1481/1481/1481 1503/1503/1503 1528/1528/1528
f 1481/1481/1481 1528/1528/1528 1510/1510/1510
f 1503/1503/1503 1533/1533/1533 1557/1557/1557
f 1503/1503/1503 1557/1557/1557 1528/1528/1528
f 1533/1533/1533 1593/1593/1593 1620/1620/1620
f 1533/1533/1533 1620/1620/1620 1557/1557/1557
f 1593/1593/1593 1642/1642/1642 1658/1658/1658
f 1593/1593/1593 1658/1658/1658 1620/1620/1620
f 1642/1642/1642 1684/1684/1684 1690/1690/1690
f 1642/1642/1642 1690/1690/1690 1658/1658/1658
f 1684/1684/1684 1716/1716/1716 1722/1722/1722
f 1684/1684/1684 1722/1722/1722 1690/1690/1690
f 1716/1716/1716 1755/1755/1755 1756/1756/1756
f 1716/1716/1716 1756/1756/1756 1722/1722/1722
f 1755/1755/1755 1792/1792/1792 1791/1791/1791
f 1755/1755/1755 1791/1791/1791 1756/1756/1756
f 1792/1792/1792 1824/1824/1824 1823/1823/1823
f 1792/1792/1792 1823/1823/1823 1791/1791/1791
f 1824/1824/1824 1866/1866/1866 1855/1855/1855
f 1824/1824/1824 1855/1855/1855 1823/1823/1823
f 1866/1866/1866 1915/1915/1915 1892/1892/1892
f 1866/1866/1866 1892/1892/1892 1855/1855/1855
f 1915/1915/1915 1975/1975/1975 1955/1955/1955
f 1915/1915/1915 1955/1955/1955 1892/1892/1892
f 1975/1975/1975 2005/2005/2005 1985/1985/1985
f 1975/1975/1975 1985/1985/1985 1955/1955/1955
f 2005/2005/2005 2027/2027/2027 2003/2003/2003
f 2005/2005/2005 2003/2003/2003 1985/1985/1985
f 2027/2027/2027 2033/2033/2033 2015/2015/2015
f 2027/2027/2027 2015/2015/2015 2003/2003/2003
f 2033/2033/2033 2037/2037/2037 2025/2025/2025
f 2033/2033/2033 2025/2025/2025 2015/2015/2015
f 2037/2037/2037 2041/2041/2041 2032/2032/2032
f 2037/2037/2037 2032/2032/2032 2025/2025/2025
f 2041/2041/2041 2038/2038/2038 2026/2026/2026
f 2041/2041/2041 2026/2026/2026 2032/2032/2032
f 2038/2038/2038 2034/2034/2034 2016/2016/2016
f 2038/2038/2038 2016/2016/2016 2026/2026/2026
f 2034/2034/2034 2028/2028/2028 2004/2004/2004
f 2034/2034/2034 2004/2004/2004 2016/2016/2016
f 2028/2028/2028 2006/2006/2006 1986/1986/1986
f 2028/2028/2028 1986/1986/1986 2004/2004/2004
f 2006/2006/2006 1976/1976/1976 1956/1956/1956
f 2006/2006/2006 1956/1956/1956 1986/1986/1986
f 1976/1976/1976 1916/1916/1916 1893/1893/1893
f 1976/1976/1976 1893/1893/1893 1956/1956/1956
f 1916/1916/1916 1867/1867/1867 1854/1854/1854
f 1916/1916/1916 1854/1854/1854 1893/1893/1893
f 1867/1867/1867 1825/1825/1825 1822/1822/1822
f 1867/1867/1867 1822/1822/1822 1854/1854/1854
f 1825/1825/1825 1793/1793/1793 1790/1790/1790
f 1825/1825/1825 1790/1790/1790 1822/1822/1822
f 1793/1793/1793 1758/1758/1758 1757/1757/1757
f 1793/1793/1793 1757/1757/1757 1790/1790/1790
f 1758/1758/1758 1717/1717/1717 1723/1723/1723
f 1758/1758/1758 1723/1723/1723 1757/1757/1757
f 1717/1717/1717 1685/1685/1685 1691/1691/1691
f 1717/1717/1717 1691/1691/1691 1723/1723/1723
f 1685/1685/1685 1643/1643/1643 1659/1659/1659
f 1685/1685/1685 1659/1659/1659 1691/1691/1691
f 1643/1643/1643 1594/1594/1594 1621/1621/1621
f 1643/1643/1643 1621/1621/1621 1659/1659/1659
f 1594/1594/1594 1534/1534/1534 1558/1558/1558
f 1594/1594/1594 1558/1558/1558 1621/1621/1621
f 1534/1534/1534 1504/1504/1504 1527/1527/1527
f 1534/1534/1534 1527/1527/1527 1558/1558/1558
f 1504/1504/1504 1482/1482/1482 1509/1509/1509
f 1504/1504/1504 1509/1509/1509 1527/1527/1527
f 1482/1482/1482 1476/1476/1476 1498/1498/1498
f 1482/1482/1482 1498/1498/1498 1509/1509/1509
f 1476/1476/1476 1472/1472/1472 1488/1488/1488
f 1476/1476/1476 1488/1488/1488 1498/1498/1498
f 1472/1472/1472 1469/1469/1469 1480/1480/1480
f 1472/1472/1472 1480/1480/1480 1488/1488/1488
f 1469/1469/1469 1471/1471/1471 1487/1487/1487
f 1469/1469/1469 1487/1487/1487 1480/1480/1480
f 1487/1487/1487 1497/1497/1497 1495/1495/1495
f 1487/1487/1487 1495/1495/1495 1485/1485/1485
f 1497/1497/1497 1510/1510/1510 1507/1507/1507
f 1497/1497/1497 1507/1507/1507 1495/1495/1495
f 1510/1510/1510 1528/1528/1528 1525/1525/1525
f 1510/1510/1510 1525/1525/1525 1507/1507/1507
f 1528/1528/1528 1557/1557/1557 1555/1555/1555
f 1528/1528/1528 1555/1555/1555 1525/1525/1525
f 1557/1557/1557 1620/1620/1620 1618/1618/1618
f 1557/1557/1557 1618/1618/1618 1555/1555/1555
f 1620/1620/1620 1658/1658/1658 1656/1656/1656
f 1620/1620/1620 1656/1656/1656 1618/1618/1618
f 1658/1658/1658 1690/1690/1690 1688/1688/1688
f 1658/1658/1658 1688/1688/1688 1656/1656/1656
f 1690/1690/1690 1722/1722/1722 1720/1720/1720
f 1690/1690/1690 1720/1720/1720 1688/1688/1688
f 1722/1722/1722 1756/1756/1756 1751/1751/1751
f 1722/1722/1722 1751/1751/1751 1720/1720/1720
f 1756/1756/1756 1791/1791/1791 1788/1788/1788
f 1756/1756/1756 1788/1788/1788 1751/1751/1751
f 1791/1791/1791 1823/1823/1823 1820/1820/1820
f 1791/1791/1791 1820/1820/1820 1788/1788/1788
f 1823/1823/1823 1855/1855/1855 1852/1852/1852
f 1823/1823/1823 1852/1852/1852 1820/1820/1820
f 1855/1855/1855 1892/1892/1892 1890/1890/1890
f 1855/1855/1855 1890/1890/1890 1852/1852/1852
f 1892/1892/1892 1955/1955/1955 1953/1953/1953
f 1892/1892/1892 1953/1953/1953 1890/1890/1890
f 1955/1955/1955 1985/1985/1985 1983/1983/1983
f 1955/1955/1955 1983/1983/1983 1953/1953/1953
f 1985/1985/1985 2003/2003/2003 2001/2001/2001
f 1985/1985/1985 2001/2001/2001 1983/1983/1983
f 2003/2003/2003 2015/2015/2015 2013/2013/2013
f 2003/2003/2003 2013/2013/2013 2001/2001/2001
f 2015/2015/2015 2025/2025/2025 2023/2023/2023
f 2015/2015/2015 2023/2023/2023 2013/2013/2013
f 2025/2025/2025 2032/2032/2032 2031/2031/2031
f 2025/2025/2025 2031/2031/2031 2023/2023/2023
f 2032/2032/2032 2026/2026/2026 2024/2024/2024
f 2032/2032/2032 2024/2024/2024 2031/2031/2031
f 2026/2026/2026 2016/2016/2016 2014/2014/2014
f 2026/2026/2026 2014/2014/2014 2024/2024/2024
f 2016/2016/2016 2004/2004/2004 2002/2002/2002
f 2016/2016/2016 2002/2002/2002 2014/2014/2014
f 2004/2004/2004 1986/1986/1986 1984/1984/1984
f 2004/2004/2004 1984/1984/1984 2002/2002/2002
f 1986/1986/1986 1956/1956/1956 1954/1954/1954
f 1986/1986/1986 1954/1954/1954 1984/1984/1984
f 1956/1956/1956 1893/1893/1893 1891/1891/1891
f 1956/1956/1956 1891/1891/1891 1954/1954/1954
f 1893/1893/1893 1854/1854/1854 1853/1853/1853
f 1893/1893/1893 1853/1853/1853 1891/1891/1891
f 1854/1854/1854 1822/1822/1822 1821/1821/1821
f 1854/1854/1854 1821/1821/1821 1853/1853/1853
f 1822/1822/1822 1790/1790/1790 1789/1789/1789
f 1822/1822/1822 1789/1789/1789 1821/1821/1821
f 1790/1790/1790 1757/1757/1757 1754/1754/1754
f 1790/1790/1790 1754/1754/1754 1789/1789/1789
f 1757/1757/1757 1723/1723/1723 1721/1721/1721
f 1757/1757/1757 1721/1721/1721 1754/1754/1754
f 1723/1723/1723 1691/1691/1691 1689/1689/1689
f 1723/1723/1723 1689/1689/1689 1721/1721/1721
f 1691/1691/1691 1659/1659/1659 1657/1657/1657
f 1691/1691/1691 1657/1657/1657 1689/1689/1689
f 1659/1659/1659 1621/1621/1621 1619/1619/1619
f 1659/1659/1659 1619/1619/1619 1657/1657/1657
f 1621/1621/1621 1558/1558/1558 1556/1556/1556
f 1621/1621/1621 1556/1556/1556 1619/1619/1619
f 1558/1558/1558 1527/1527/1527 1526/1526/1526
f 1558/1558/1558 1526/1526/1526 1556/1556/1556
f 1527/1527/1527 1509/1509/1509 1508/1508/1508
f 1527/1527/1527 1508/1508/1508 1526/1526/1526
f 1509/1509/1509 1498/1498/1498 1496/1496/1496
f 1509/1509/1509 1496/1496/1496 1508/1508/1508
f 1498/1498/1498 1488/1488/1488 1486/1486/1486
f 1498/1498/1498 1486/1486/1486 1496/1496/1496
f 1488/1488/1488 1480/1480/1480 1479/1479/1479
f 1488/1488/1488 1479/1479/1479 1486/1486/1486
f 1480/1480/1480 1487/1487/1487 1485/1485/1485
f 1480/1480/1480 1485/1485/1485 1479/1479/1479
f 1485/1485/1485 1495/1495/1495 1523/1523/1523
f 1485/1485/1485 1523/1523/1523 1515/1515/1515
f 1495/1495/1495 1507/1507/1507 1531/1531/1531
f 1495/1495/1495 1531/1531/1531 1523/1523/1523
f 1507/1507/1507 1525/1525/1525 1553/1553/1553
f 1507/1507/1507 1553/1553/1553 1531/1531/1531
f 1525/1525/1525 1555/1555/1555 1603/1603/1603
f 1525/1525/1525 1603/1603/1603 1553/1553/1553
f 1555/1555/1555 1618/1618/1618 1640/1640/1640
f 1555/1555/1555 1640/1640/1640 1603/1603/1603
f 1618/1618/1618 1656/1656/1656 1671/1671/1671
f 1618/1618/1618 1671/1671/1671 1640/1640/1640
f 1656/1656/1656 1688/1688/1688 1704/1704/1704
f 1656/1656/1656 1704/1704/1704 1671/1671/1671
f 1688/1688/1688 1720/1720/1720 1729/1729/1729
f 1688/1688/1688 1729/1729/1729 1704/1704/1704
f 1720/1720/1720 1751/1751/1751 1752/1752/1752
f 1720/1720/1720 1752/1752/1752 1729/1729/1729
f 1751/1751/1751 1788/1788/1788 1782/1782/1782
f 1751/1751/1751 1782/1782/1782 1752/1752/1752
f 1788/1788/1788 1820/1820/1820 1808/1808/1808
f 1788/1788/1788 1808/1808/1808 1782/1782/1782
f 1820/1820/1820 1852/1852/1852 1840/1840/1840
f 1820/1820/1820 1840/1840/1840 1808/1808/1808
f 1852/1852/1852 1890/1890/1890 1871/1871/1871
f 1852/1852/1852 1871/1871/1871 1840/1840/1840
f 1890/1890/1890 1953/1953/1953 1909/1909/1909
f 1890/1890/1890 1909/1909/1909 1871/1871/1871
f 1953/1953/1953 1983/1983/1983 1959/1959/1959
f 1953/1953/1953 1959/1959/1959 1909/1909/1909
f 1983/1983/1983 2001/2001/2001 1981/1981/1981
f 1983/1983/1983 1981/1981/1981 1959/1959/1959
f 2001/2001/2001 2013/2013/2013 1989/1989/1989
f 2001/2001/2001 1989/1989/1989 1981/1981/1981
f 2013/2013/2013 2023/2023/2023 1997/1997/1997
f 2013/2013/2013 1997/1997/1997 1989/1989/1989
f 2023/2023/2023 2031/2031/2031 2000/2000/2000
f 2023/2023/2023 2000/2000/2000 1997/1997/1997
f 2031/2031/2031 2024/2024/2024 1998/1998/1998
f 2031/2031/2031 1998/1998/1998 2000/2000/2000
f 2024/2024/2024 2014/2014/2014 1990/1990/1990
f 2024/2024/2024 1990/1990/1990 1998/1998/1998
f 2014/2014/2014 2002/2002/2002 1982/1982/1982
f 2014/2014/2014 1982/1982/1982 1990/1990/1990
f 2002/2002/2002 1984/1984/1984 1960/1960/1960
f 2002/2002/2002 1960/1960/1960 1982/1982/1982
f 1984/1984/1984 1954/1954/1954 1910/1910/1910
f 1984/1984/1984 1910/1910/1910 1960/1960/1960
f 1954/1954/1954 1891/1891/1891 1873/1873/1873
f 1954/1954/1954 1873/1873/1873 1910/1910/1910
f 1891/1891/1891 1853/1853/1853 1841/1841/1841
f 1891/1891/1891 1841/1841/1841 1873/1873/1873
f 1853/1853/1853 1821/1821/1821 1809/1809/1809
f 1853/1853/1853 1809/1809/1809 1841/1841/1841
f 1821/1821/1821 1789/1789/1789 1783/1783/1783
f 1821/1821/1821 1783/1783/1783 1809/1809/1809
f 1789/1789/1789 1754/1754/1754 1753/1753/1753
f 1789/1789/1789 1753/1753/1753 1783/1783/1783
f 1754/1754/1754 1721/1721/1721 1731/1731/1731
f 1754/1754/1754 1731/1731/1731 1753/1753/1753
f 1721/1721/1721 1689/1689/1689 1705/1705/1705
f 1721/1721/1721 1705/1705/1705 1731/1731/1731
f 1689/1689/1689 1657/1657/1657 1673/1673/1673
f 1689/1689/1689 1673/1673/1673 1705/1705/1705
f 1657/1657/1657 1619/1619/1619 1641/1641/1641
f 1657/1657/1657 1641/1641/1641 1673/1673/1673
f 1619/1619/1619 1556/1556/1556 1604/1604/1604
f 1619/1619/1619 1604/1604/1604 1641/1641/1641
f 1556/1556/1556 1526/1526/1526 1554/1554/1554
f 1556/1556/1556 1554/1554/1554 1604/1604/1604
f 1526/1526/1526 1508/1508/1508 1532/1532/1532
f 1526/1526/1526 1532/1532/1532 1554/1554/1554
f 1508/1508/1508 1496/1496/1496 1524/1524/1524
f 1508/1508/1508 1524/1524/1524 1532/1532/1532
f 1496/1496/1496 1486/1486/1486 1516/1516/1516
f 1496/1496/1496 1516/1516/1516 1524/1524/1524
f 1486/1486/1486 1479/1479/1479 1512/1512/1512
f 1486/1486/1486 1512/1512/1512 1516/1516/1516
f 1479/1479/1479 1485/1485/1485 1515/1515/1515
f 1479/1479/1479 1515/1515/1515 1512/1512/1512
f 1515/1515/1515 1523/1523/1523 1521/1521/1521
f 1515/1515/1515 1521/1521/1521 1513/1513/1513
f 1523/1523/1523 1531/1531/1531 1529/1529/1529
f 1523/1523/1523 1529/1529/1529 1521/1521/1521
f 1531/1531/1531 1553/1553/1553 1551/1551/1551
f 1531/1531/1531 1551/1551/1551 1529/1529/1529
f 1553/1553/1553 1603/1603/1603 1601/1601/1601
f 1553/1553/1553 1601/1601/1601 1551/1551/1551
f 1603/1603/1603 1640/1640/1640 1638/1638/1638
f 1603/1603/1603 1638/1638/1638 1601/1601/1601
f 1640/1640/1640 1671/1671/1671 1670/1670/1670
f 1640/1640/1640 1670/1670/1670 1638/1638/1638
f 1671/1671/1671 1704/1704/1704 1702/1702/1702
f 1671/1671/1671 1702/1702/1702 1670/1670/1670
f 1704/1704/1704 1729/1729/1729 1728/1728/1728
f 1704/1704/1704 1728/1728/1728 1702/1702/1702
f 1729/1729/1729 1752/1752/1752 1763/1763/1763
f 1729/1729/1729 1763/1763/1763 1728/1728/1728
f 1752/1752/1752 1782/1782/1782 1781/1781/1781
f 1752/1752/1752 1781/1781/1781 1763/1763/1763
f 1782/1782/1782 1808/1808/1808 1806/1806/1806
f 1782/1782/1782 1806/1806/1806 1781/1781/1781
f 1808/1808/1808 1840/1840/1840 1838/1838/1838
f 1808/1808/1808 1838/1838/1838 1806/1806/1806
f 1840/1840/1840 1871/1871/1871 1870/1870/1870
f 1840/1840/1840 1870/1870/1870 1838/1838/1838
f 1871/1871/1871 1909/1909/1909 1907/1907/1907
f 1871/1871/1871 1907/1907/1907 1870/1870/1870
f 1909/1909/1909 1959/1959/1959 1958/1958/1958
f 1909/1909/1909 1958/1958/1958 1907/1907/1907
f 1959/1959/1959 1981/1981/1981 1979/1979/1979
f 1959/1959/1959 1979/1979/1979 1958/1958/1958
f 1981/1981/1981 1989/1989/1989 1987/1987/1987
f 1981/1981/1981 1987/1987/1987 1979/1979/1979
f 1989/1989/1989 1997/1997/1997 1996/1996/1996
f 1989/1989/1989 1996/1996/1996 1987/1987/1987
f 1997/1997/1997 2000/2000/2000 1999/1999/1999
f 1997/1997/1997 1999/1999/1999 1996/1996/1996
f 2000/2000/2000 1998/1998/1998 1995/1995/1995
f 2000/2000/2000 1995/1995/1995 1999/1999/1999
f 1998/1998/1998 1990/1990/1990 1988/1988/1988
f 1998/1998/1998 1988/1988/1988 1995/1995/1995
f 1990/1990/1990 1982/1982/1982 1980/1980/1980
f 1990/1990/1990 1980/1980/1980 1988/1988/1988
f 1982/1982/1982 1960/1960/1960 1957/1957/1957
f 1982/1982/1982 1957/1957/1957 1980/1980/1980
f 1960/1960/1960 1910/1910/1910 1908/1908/1908
f 1960/1960/1960 1908/1908/1908 1957/1957/1957
f 1910/1910/1910 1873/1873/1873 1872/1872/1872
f 1910/1910/1910 1872/1872/1872 1908/1908/1908
f 1873/1873/1873 1841/1841/1841 1839/1839/1839
f 1873/1873/1873 1839/1839/1839 1872/1872/1872
f 1841/1841/1841 1809/1809/1809 1807/1807/1807
f 1841/1841/1841 1807/1807/1807 1839/1839/1839
f 1809/1809/1809 1783/1783/1783 1780/1780/1780
f 1809/1809/1809 1780/1780/1780 1807/1807/1807
f 1783/1783/1783 1753/1753/1753 1750/1750/1750
f 1783/1783/1783 1750/1750/1750 1780/1780/1780
f 1753/1753/1753 1731/1731/1731 1730/1730/1730
f 1753/1753/1753 1730/1730/1730 1750/1750/1750
f 1731/1731/1731 1705/1705/1705 1703/1703/1703
f 1731/1731/1731 1703/1703/1703 1730/1730/1730
f 1705/1705/1705 1673/1673/1673 1672/1672/1672
f 1705/1705/1705 1672/1672/1672 1703/1703/1703
f 1673/1673/1673 1641/1641/1641 1639/1639/1639
f 1673/1673/1673 1639/1639/1639 1672/1672/1672
f 1641/1641/1641 1604/1604/1604 1602/1602/1602
f 1641/1641/1641 1602/1602/1602 1639/1639/1639
f 1604/1604/1604 1554/1554/1554 1552/1552/1552
f 1604/1604/1604 1552/1552/1552 1602/1602/1602
f 1554/1554/1554 1532/1532/1532 1530/1530/1530
f 1554/1554/1554 1530/1530/1530 1552/1552/1552
f 1532/1532/1532 1524/1524/1524 1522/1522/1522
f 1532/1532/1532 1522/1522/1522 1530/1530/1530
f 1524/1524/1524 1516/1516/1516 1514/1514/1514
f 1524/1524/1524 1514/1514/1514 1522/1522/1522
f 1516/1516/1516 1512/1512/1512 1511/1511/1511
f 1516/1516/1516 1511/1511/1511 1514/1514/1514
f 1512/1512/1512 1515/1515/1515 1513/1513/1513
f 1512/1512/1512 1513/1513/1513 1511/1511/1511
f 1513/1513/1513 1521/1521/1521 1549/1549/1549
f 1513/1513/1513 1549/1549/1549 1545/1545/1545
f 1521/1521/1521 1529/1529/1529 1561/1561/1561
f 1521/1521/1521 1561/1561/1561 1549/1549/1549
f 1529/1529/1529 1551/1551/1551 1599/1599/1599
f 1529/1529/1529 1599/1599/1599 1561/1561/1561
f 1551/1551/1551 1601/1601/1601 1636/1636/1636
f 1551/1551/1551 1636/1636/1636 1599/1599/1599
f 1601/1601/1601 1638/1638/1638 1654/1654/1654
f 1601/1601/1601 1654/1654/1654 1636/1636/1636
f 1638/1638/1638 1670/1670/1670 1680/1680/1680
f 1638/1638/1638 1680/1680/1680 1654/1654/1654
f 1670/1670/1670 1702/1702/1702 1708/1708/1708
f 1670/1670/1670 1708/1708/1708 1680/1680/1680
f 1702/1702/1702 1728/1728/1728 1733/1733/1733
f 1702/1702/1702 1733/1733/1733 1708/1708/1708
f 1728/1728/1728 1763/1763/1763 1764/1764/1764
f 1728/1728/1728 1764/1764/1764 1733/1733/1733
f 1763/1763/1763 1781/1781/1781 1779/1779/1779
f 1763/1763/1763 1779/1779/1779 1764/1764/1764
f 1781/1781/1781 1806/1806/1806 1805/1805/1805
f 1781/1781/1781 1805/1805/1805 1779/1779/1779
f 1806/1806/1806 1838/1838/1838 1829/1829/1829
f 1806/1806/1806 1829/1829/1829 1805/1805/1805
f 1838/1838/1838 1870/1870/1870 1857/1857/1857
f 1838/1838/1838 1857/1857/1857 1829/1829/1829
f 1870/1870/1870 1907/1907/1907 1876/1876/1876
f 1870/1870/1870 1876/1876/1876 1857/1857/1857
f 1907/1907/1907 1958/1958/1958 1913/1913/1913
f 1907/1907/1907 1913/1913/1913 1876/1876/1876
f 1958/1958/1958 1979/1979/1979 1950/1950/1950
f 1958/1958/1958 1950/1950/1950 1913/1913/1913
f 1979/1979/1979 1987/1987/1987 1964/1964/1964
f 1979/1979/1979 1964/1964/1964 1950/1950/1950
f 1987/1987/1987 1996/1996/1996 1967/1967/1967
f 1987/1987/1987 1967/1967/1967 1964/1964/1964
f 1996/1996/1996 1999/1999/1999 1970/1970/1970
f 1996/1996/1996 1970/1970/1970 1967/1967/1967
f 1999/1999/1999 1995/1995/1995 1968/1968/1968
f 1999/1999/1999 1968/1968/1968 1970/1970/1970
f 1995/1995/1995 1988/1988/1988 1963/1963/1963
f 1995/1995/1995 1963/1963/1963 1968/1968/1968
f 1988/1988/1988 1980/1980/1980 1952/1952/1952
f 1988/1988/1988 1952/1952/1952 1963/1963/1963
f 1980/1980/1980 1957/1957/1957 1914/1914/1914
f 1980/1980/1980 1914/1914/1914 1952/1952/1952
f 1957/1957/1957 1908/1908/1908 1877/1877/1877
f 1957/1957/1957 1877/1877/1877 1914/1914/1914
f 1908/1908/1908 1872/1872/1872 1859/1859/1859
f 1908/1908/1908 1859/1859/1859 1877/1877/1877
f 1872/1872/1872 1839/1839/1839 1831/1831/1831
f 1872/1872/1872 1831/1831/1831 1859/1859/1859
f 1839/1839/1839 1807/1807/1807 1804/1804/1804
f 1839/1839/1839 1804/1804/1804 1831/1831/1831
f 1807/1807/1807 1780/1780/1780 1777/1777/1777
f 1807/1807/1807 1777/1777/1777 1804/1804/1804
f 1780/1780/1780 1750/1750/1750 1749/1749/1749
f 1780/1780/1780 1749/1749/1749 1777/1777/1777
f 1750/1750/1750 1730/1730/1730 1735/1735/1735
f 1750/1750/1750 1735/1735/1735 1749/1749/1749
f 1730/1730/1730 1703/1703/1703 1709/1709/1709
f 1730/1730/1730 1709/1709/1709 1735/1735/1735
f 1703/1703/1703 1672/1672/1672 1681/1681/1681
f 1703/1703/1703 1681/1681/1681 1709/1709/1709
f 1672/1672/1672 1639/1639/1639 1655/1655/1655
f 1672/1672/1672 1655/1655/1655 1681/1681/1681
f 1639/1639/1639 1602/1602/1602 1637/1637/1637
f 1639/1639/1639 1637/1637/1637 1655/1655/1655
f 1602/1602/1602 1552/1552/1552 1600/1600/1600
f 1602/1602/1602 1600/1600/1600 1637/1637/1637
f 1552/1552/1552 1530/1530/1530 1562/1562/1562
f 1552/1552/1552 1562/1562/1562 1600/1600/1600
f 1530/1530/1530 1522/1522/1522 1550/1550/1550
f 1530/1530/1530 1550/1550/1550 1562/1562/1562
f 1522/1522/1522 1514/1514/1514 1546/1546/1546
f 1522/1522/1522 1546/1546/1546 1550/1550/1550
f 1514/1514/1514 1511/1511/1511 1542/1542/1542
f 1514/1514/1514 1542/1542/1542 1546/1546/1546
f 1511/1511/1511 1513/1513/1513 1545/1545/1545
f 1511/1511/1511 1545/1545/1545 1542/1542/1542
f 1545/1545/1545 1549/1549/1549 1547/1547/1547
f 1545/1545/1545 1547/1547/1547 1543/1543/1543
f 1549/1549/1549 1561/1561/1561 1559/1559/1559
f 1549/1549/1549 1559/1559/1559 1547/1547/1547
f 1561/1561/1561 1599/1599/1599 1597/1597/1597
f 1561/1561/1561 1597/1597/1597 1559/1559/1559
f 1599/1599/1599 1636/1636/1636 1634/1634/1634
f 1599/1599/1599 1634/1634/1634 1597/1597/1597
f 1636/1636/1636 1654/1654/1654 1652/1652/1652
f 1636/1636/1636 1652/1652/1652 1634/1634/1634
f 1654/1654/1654 1680/1680/1680 1682/1682/1682
f 1654/1654/1654 1682/1682/1682 1652/1652/1652
f 1680/1680/1680 1708/1708/1708 1706/1706/1706
f 1680/1680/1680 1706/1706/1706 1682/1682/1682
f 1708/1708/1708 1733/1733/1733 1732/1732/1732
f 1708/1708/1708 1732/1732/1732 1706/1706/1706
f 1733/1733/1733 1764/1764/1764 1765/1765/1765
f 1733/1733/1733 1765/1765/1765 1732/1732/1732
f 1764/1764/1764 1779/1779/1779 1778/1778/1778
f 1764/1764/1764 1778/1778/1778 1765/1765/1765
f 1779/1779/1779 1805/1805/1805 1802/1802/1802
f 1779/1779/1779 1802/1802/1802 1778/1778/1778
f 1805/1805/1805 1829/1829/1829 1828/1828/1828
f 1805/1805/1805 1828/1828/1828 1802/1802/1802
f 1829/1829/1829 1857/1857/1857 1856/1856/1856
f 1829/1829/1829 1856/1856/1856 1828/1828/1828
f 1857/1857/1857 1876/1876/1876 1874/1874/1874
f 1857/1857/1857 1874/1874/1874 1856/1856/1856
f 1876/1876/1876 1913/1913/1913 1912/1912/1912
f 1876/1876/1876 1912/1912/1912 1874/1874/1874
f 1913/1913/1913 1950/1950/1950 1949/1949/1949
f 1913/1913/1913 1949/1949/1949 1912/1912/1912
f 1950/1950/1950 1964/1964/1964 1961/1961/1961
f 1950/1950/1950 1961/1961/1961 1949/1949/1949
f 1964/1964/1964 1967/1967/1967 1965/1965/1965
f 1964/1964/1964 1965/1965/1965 1961/1961/1961
f 1967/1967/1967 1970/1970/1970 1969/1969/1969
f 1967/1967/1967 1969/1969/1969 1965/1965/1965
f 1970/1970/1970 1968/1968/1968 1966/1966/1966
f 1970/1970/1970 1966/1966/1966 1969/1969/1969
f 1968/1968/1968 1963/1963/1963 1962/1962/1962
f 1968/1968/1968 1962/1962/1962 1966/1966/1966
f 1963/1963/1963 1952/1952/1952 1951/1951/1951
f 1963/1963/1963 1951/1951/1951 1962/1962/1962
f 1952/1952/1952 1914/1914/1914 1911/1911/1911
f 1952/1952/1952 1911/1911/1911 1951/1951/1951
f 1914/1914/1914 1877/1877/1877 1875/1875/1875
f 1914/1914/1914 1875/1875/1875 1911/1911/1911
f 1877/1877/1877 1859/1859/1859 1858/1858/1858
f 1877/1877/1877 1858/1858/1858 1875/1875/1875
f 1859/1859/1859 1831/1831/1831 1830/1830/1830
f 1859/1859/1859 1830/1830/1830 1858/1858/1858
f 1831/1831/1831 1804/1804/1804 1803/1803/1803
f 1831/1831/1831 1803/1803/1803 1830/1830/1830
f 1804/1804/1804 1777/1777/1777 1776/1776/1776
f 1804/1804/1804 1776/1776/1776 1803/1803/1803
f 1777/1777/1777 1749/1749/1749 1748/1748/1748
f 1777/1777/1777 1748/1748/1748 1776/1776/1776
f 1749/1749/1749 1735/1735/1735 1734/1734/1734
f 1749/1749/1749 1734/1734/1734 1748/1748/1748
f 1735/1735/1735 1709/1709/1709 1707/1707/1707
f 1735/1735/1735 1707/1707/1707 1734/1734/1734
f 1709/1709/1709 1681/1681/1681 1683/1683/1683
f 1709/1709/1709 1683/1683/1683 1707/1707/1707
f 1681/1681/1681 1655/1655/1655 1653/1653/1653
f 1681/1681/1681 1653/1653/1653 1683/1683/1683
f 1655/1655/1655 1637/1637/1637 1635/1635/1635
f 1655/1655/1655 1635/1635/1635 1653/1653/1653
f 1637/1637/1637 1600/1600/1600 1598/1598/1598
f 1637/1637/1637 1598/1598/1598 1635/1635/1635
f 1600/1600/1600 1562/1562/1562 1560/1560/1560
f 1600/1600/1600 1560/1560/1560 1598/1598/1598
f 1562/1562/1562 1550/1550/1550 1548/1548/1548
f 1562/1562/1562 1548/1548/1548 1560/1560/1560
f 1550/1550/1550 1546/1546/1546 1544/1544/1544
f 1550/1550/1550 1544/1544/1544 1548/1548/1548
f 1546/1546/1546 1542/1542/1542 1541/1541/1541
f 1546/1546/1546 1541/1541/1541 1544/1544/1544
f 1542/1542/1542 1545/1545/1545 1543/1543/1543
f 1542/1542/1542 1543/1543/1543 1541/1541/1541
f 1543/1543/1543 1547/1547/1547 1615/1615/1615
f 1543/1543/1543 1615/1615/1615 1609/1609/1609
f 1547/1547/1547 1559/1559/1559 1630/1630/1630
f 1547/1547/1547 1630/1630/1630 1615/1615/1615
f 1559/1559/1559 1597/1597/1597 1648/1648/1648
f 1559/1559/1559 1648/1648/1648 1630/1630/1630
f 1597/1597/1597 1634/1634/1634 1666/1666/1666
f 1597/1597/1597 1666/1666/1666 1648/1648/1648
f 1634/1634/1634 1652/1652/1652 1674/1674/1674
f 1634/1634/1634 1674/1674/1674 1666/1666/1666
f 1652/1652/1652 1682/1682/1682 1697/1697/1697
f 1652/1652/1652 1697/1697/1697 1674/1674/1674
f 1682/1682/1682 1706/1706/1706 1712/1712/1712
f 1682/1682/1682 1712/1712/1712 1697/1697/1697
f 1706/1706/1706 1732/1732/1732 1738/1738/1738
f 1706/1706/1706 1738/1738/1738 1712/1712/1712
f 1732/1732/1732 1765/1765/1765 1762/1762/1762
f 1732/1732/1732 1762/1762/1762 1738/1738/1738
f 1765/1765/1765 1778/1778/1778 1774/1774/1774
f 1765/1765/1765 1774/1774/1774 1762/1762/1762
f 1778/1778/1778 1802/1802/1802 1799/1799/1799
f 1778/1778/1778 1799/1799/1799 1774/1774/1774
f 1802/1802/1802 1828/1828/1828 1813/1813/1813
f 1802/1802/1802 1813/1813/1813 1799/1799/1799
f 1828/1828/1828 1856/1856/1856 1836/1836/1836
f 1828/1828/1828 1836/1836/1836 1813/1813/1813
f 1856/1856/1856 1874/1874/1874 1846/1846/1846
f 1856/1856/1856 1846/1846/1846 1836/1836/1836
f 1874/1874/1874 1912/1912/1912 1864/1864/1864
f 1874/1874/1874 1864/1864/1864 1846/1846/1846
f 1912/1912/1912 1949/1949/1949 1882/1882/1882
f 1912/1912/1912 1882/1882/1882 1864/1864/1864
f 1949/1949/1949 1961/1961/1961 1896/1896/1896
f 1949/1949/1949 1896/1896/1896 1882/1882/1882
f 1961/1961/1961 1965/1965/1965 1902/1902/1902
f 1961/1961/1961 1902/1902/1902 1896/1896/1896
f 1965/1965/1965 1969/1969/1969 1906/1906/1906
f 1965/1965/1965 1906/1906/1906 1902/1902/1902
f 1969/1969/1969 1966/1966/1966 1903/1903/1903
f 1969/1969/1969 1903/1903/1903 1906/1906/1906
f 1966/1966/1966 1962/1962/1962 1897/1897/1897
f 1966/1966/1966 1897/1897/1897 1903/1903/1903
f 1962/1962/1962 1951/1951/1951 1883/1883/1883
f 1962/1962/1962 1883/1883/1883 1897/1897/1897
f 1951/1951/1951 1911/1911/1911 1865/1865/1865
f 1951/1951/1951 1865/1865/1865 1883/1883/1883
f 1911/1911/1911 1875/1875/1875 1847/1847/1847
f 1911/1911/1911 1847/1847/1847 1865/1865/1865
f 1875/1875/1875 1858/1858/1858 1837/1837/1837
f 1875/1875/1875 1837/1837/1837 1847/1847/1847
f 1858/1858/1858 1830/1830/1830 1814/1814/1814
f 1858/1858/1858 1814/1814/1814 1837/1837/1837
f 1830/1830/1830 1803/1803/1803 1800/1800/1800
f 1830/1830/1830 1800/1800/1800 1814/1814/1814
f 1803/1803/1803 1776/1776/1776 1773/1773/1773
f 1803/1803/1803 1773/1773/1773 1800/1800/1800
f 1776/1776/1776 1748/1748/1748 1747/1747/1747
f 1776/1776/1776 1747/1747/1747 1773/1773/1773
f 1748/1748/1748 1734/1734/1734 1739/1739/1739
f 1748/1748/1748 1739/1739/1739 1747/1747/1747
f 1734/1734/1734 1707/1707/1707 1713/1713/1713
f 1734/1734/1734 1713/1713/1713 1739/1739/1739
f 1707/1707/1707 1683/1683/1683 1698/1698/1698
f 1707/1707/1707 1698/1698/1698 1713/1713/1713
f 1683/1683/1683 1653/1653/1653 1675/1675/1675
f 1683/1683/1683 1675/1675/1675 1698/1698/1698
f 1653/1653/1653 1635/1635/1635 1667/1667/1667
f 1653/1653/1653 1667/1667/1667 1675/1675/1675
f 1635/1635/1635 1598/1598/1598 1649/1649/1649
f 1635/1635/1635 1649/1649/1649 1667/1667/1667
f 1598/1598/1598 1560/1560/1560 1631/1631/1631
f 1598/1598/1598 1631/1631/1631 1649/1649/1649
f 1560/1560/1560 1548/1548/1548 1616/1616/1616
f 1560/1560/1560 1616/1616/1616 1631/1631/1631
f 1548/1548/1548 1544/1544/1544 1610/1610/1610
f 1548/1548/1548 1610/1610/1610 1616/1616/1616
f 1544/1544/1544 1541/1541/1541 1605/1605/1605
f 1544/1544/1544 1605/1605/1605 1610/1610/1610
f 1541/1541/1541 1543/1543/1543 1609/1609/1609
f 1541/1541/1541 1609/1609/1609 1605/1605/1605
f 1609/1609/1609 1615/1615/1615 1614/1614/1614
f 1609/1609/1609 1614/1614/1614 1608/1608/1608
f 1615/1615/1615 1630/1630/1630 1628/1628/1628
f 1615/1615/1615 1628/1628/1628 1614/1614/1614
f 1630/1630/1630 1648/1648/1648 1647/1647/1647
f 1630/1630/1630 1647/1647/1647 1628/1628/1628
f 1648/1648/1648 1666/1666/1666 1664/1664/1664
f 1648/1648/1648 1664/1664/1664 1647/1647/1647
f 1666/1666/1666 1674/1674/1674 1676/1676/1676
f 1666/1666/1666 1676/1676/1676 1664/1664/1664
f 1674/1674/1674 1697/1697/1697 1696/1696/1696
f 1674/1674/1674 1696/1696/1696 1676/1676/1676
f 1697/1697/1697 1712/1712/1712 1710/1710/1710
f 1697/1697/1697 1710/1710/1710 1696/1696/1696
f 1712/1712/1712 1738/1738/1738 1737/1737/1737
f 1712/1712/1712 1737/1737/1737 1710/1710/1710
f 1738/1738/1738 1762/1762/1762 1767/1767/1767
f 1738/1738/1738 1767/1767/1767 1737/1737/1737
f 1762/1762/1762 1774/1774/1774 1775/1775/1775
f 1762/1762/1762 1775/1775/1775 1767/1767/1767
f 1774/1774/1774 1799/1799/1799 1798/1798/1798
f 1774/1774/1774 1798/1798/1798 1775/1775/1775
f 1799/1799/1799 1813/1813/1813 1812/1812/1812
f 1799/1799/1799 1812/1812/1812 1798/1798/1798
f 1813/1813/1813 1836/1836/1836 1835/1835/1835
f 1813/1813/1813 1835/1835/1835 1812/1812/1812
f 1836/1836/1836 1846/1846/1846 1845/1845/1845
f 1836/1836/1836 1845/1845/1845 1835/1835/1835
f 1846/1846/1846 1864/1864/1864 1862/1862/1862
f 1846/1846/1846 1862/1862/1862 1845/1845/1845
f 1864/1864/1864 1882/1882/1882 1880/1880/1880
f 1864/1864/1864 1880/1880/1880 1862/1862/1862
f 1882/1882/1882 1896/1896/1896 1894/1894/1894
f 1882/1882/1882 1894/1894/1894 1880/1880/1880
f 1896/1896/1896 1902/1902/1902 1900/1900/1900
f 1896/1896/1896 1900/1900/1900 1894/1894/1894
f 1902/1902/1902 1906/1906/1906 1905/1905/1905
f 1902/1902/1902 1905/1905/1905 1900/1900/1900
f 1906/1906/1906 1903/1903/1903 1901/1901/1901
f 1906/1906/1906 1901/1901/1901 1905/1905/1905
f 1903/1903/1903 1897/1897/1897 1895/1895/1895
f 1903/1903/1903 1895/1895/1895 1901/1901/1901
f 1897/1897/1897 1883/1883/1883 1881/1881/1881
f 1897/1897/1897 1881/1881/1881 1895/1895/1895
f 1883/1883/1883 1865/1865/1865 1863/1863/1863
f 1883/1883/1883 1863/1863/1863 1881/1881/1881
f 1865/1865/1865 1847/1847/1847 1844/1844/1844
f 1865/1865/1865 1844/1844/1844 1863/1863/1863
f 1847/1847/1847 1837/1837/1837 1834/1834/1834
f 1847/1847/1847 1834/1834/1834 1844/1844/1844
f 1837/1837/1837 1814/1814/1814 1815/1815/1815
f 1837/1837/1837 1815/1815/1815 1834/1834/1834
f 1814/1814/1814 1800/1800/1800 1801/1801/1801
f 1814/1814/1814 1801/1801/1801 1815/1815/1815
f 1800/1800/1800 1773/1773/1773 1772/1772/1772
f 1800/1800/1800 1772/1772/1772 1801/1801/1801
f 1773/1773/1773 1747/1747/1747 1746/1746/1746
f 1773/1773/1773 1746/1746/1746 1772/1772/1772
f 1747/1747/1747 1739/1739/1739 1736/1736/1736
f 1747/1747/1747 1736/1736/1736 1746/1746/1746
f 1739/1739/1739 1713/1713/1713 1711/1711/1711
f 1739/1739/1739 1711/1711/1711 1736/1736/1736
f 1713/1713/1713 1698/1698/1698 1699/1699/1699
f 1713/1713/1713 1699/1699/1699 1711/1711/1711
f 1698/1698/1698 1675/1675/1675 1677/1677/1677
f 1698/1698/1698 1677/1677/1677 1699/1699/1699
f 1675/1675/1675 1667/1667/1667 1665/1665/1665
f 1675/1675/1675 1665/1665/1665 1677/1677/1677
f 1667/1667/1667 1649/1649/1649 1646/1646/1646
f 1667/1667/1667 1646/1646/1646 1665/1665/1665
f 1649/1649/1649 1631/1631/1631 1629/1629/1629
f 1649/1649/1649 1629/1629/1629 1646/1646/1646
f 1631/1631/1631 1616/1616/1616 1617/1617/1617
f 1631/1631/1631 1617/1617/1617 1629/1629/1629
f 1616/1616/1616 1610/1610/1610 1611/1611/1611
f 1616/1616/1616 1611/1611/1611 1617/1617/1617
f 1610/1610/1610 1605/1605/1605 1606/1606/1606
f 1610/1610/1610 1606/1606/1606 1611/1611/1611
f 1605/1605/1605 1609/1609/1609 1608/1608/1608
f 1605/1605/1605 1608/1608/1608 1606/1606/1606
f 1608/1608/1608 1614/1614/1614 1501/1501/1501
f 1608/1608/1608 1501/1501/1501 1493/1493/1493
f 1614/1614/1614 1628/1628/1628 1519/1519/1519
f 1614/1614/1614 1519/1519/1519 1501/1501/1501
f 1628/1628/1628 1647/1647/1647 1540/1540/1540
f 1628/1628/1628 1540/1540/1540 1519/1519/1519
f 1647/1647/1647 1664/1664/1664 1564/1564/1564
f 1647/1647/1647 1564/1564/1564 1540/1540/1540
f 1664/1664/1664 1676/1676/1676 1624/1624/1624
f 1664/1664/1664 1624/1624/1624 1564/1564/1564
f 1676/1676/1676 1696/1696/1696 1661/1661/1661
f 1676/1676/1676 1661/1661/1661 1624/1624/1624
f 1696/1696/1696 1710/1710/1710 1693/1693/1693
f 1696/1696/1696 1693/1693/1693 1661/1661/1661
f 1710/1710/1710 1737/1737/1737 1727/1727/1727
f 1710/1710/1710 1727/1727/1727 1693/1693/1693
f 1737/1737/1737 1767/1767/1767 1768/1768/1768
f 1737/1737/1737 1768/1768/1768 1727/1727/1727
f 1767/1767/1767 1775/1775/1775 1786/1786/1786
f 1767/1767/1767 1786/1786/1786 1768/1768/1768
f 1775/1775/1775 1798/1798/1798 1816/1816/1816
f 1775/1775/1775 1816/1816/1816 1786/1786/1786
f 1798/1798/1798 1812/1812/1812 1849/1849/1849
f 1798/1798/1798 1849/1849/1849 1816/1816/1816
f 1812/1812/1812 1835/1835/1835 1885/1885/1885
f 1812/1812/1812 1885/1885/1885 1849/1849/1849
f 1835/1835/1835 1845/1845/1845 1948/1948/1948
f 1835/1835/1835 1948/1948/1948 1885/1885/1885
f 1845/1845/1845 1862/1862/1862 1973/1973/1973
f 1845/1845/1845 1973/1973/1973 1948/1948/1948
f 1862/1862/1862 1880/1880/1880 1993/1993/1993
f 1862/1862/1862 1993/1993/1993 1973/1973/1973
f 1880/1880/1880 1894/1894/1894 2010/2010/2010
f 1880/1880/1880 2010/2010/2010 1993/1993/1993
f 1894/1894/1894 1900/1900/1900 2018/2018/2018
f 1894/1894/1894 2018/2018/2018 2010/2010/2010
f 1900/1900/1900 1905/1905/1905 2022/2022/2022
f 1900/1900/1900 2022/2022/2022 2018/2018/2018
f 1905/1905/1905 1901/1901/1901 2020/2020/2020
f 1905/1905/1905 2020/2020/2020 2022/2022/2022
f 1901/1901/1901 1895/1895/1895 2011/2011/2011
f 1901/1901/1901 2011/2011/2011 2020/2020/2020
f 1895/1895/1895 1881/1881/1881 1994/1994/1994
f 1895/1895/1895 1994/1994/1994 2011/2011/2011
f 1881/1881/1881 1863/1863/1863 1974/1974/1974
f 1881/1881/1881 1974/1974/1974 1994/1994/1994
f 1863/1863/1863 1844/1844/1844 1946/1946/1946
f 1863/1863/1863 1946/1946/1946 1974/1974/1974
f 1844/1844/1844 1834/1834/1834 1886/1886/1886
f 1844/1844/1844 1886/1886/1886 1946/1946/1946
f 1834/1834/1834 1815/1815/1815 1850/1850/1850
f 1834/1834/1834 1850/1850/1850 1886/1886/1886
f 1815/1815/1815 1801/1801/1801 1819/1819/1819
f 1815/1815/1815 1819/1819/1819 1850/1850/1850
f 1801/1801/1801 1772/1772/1772 1785/1785/1785
f 1801/1801/1801 1785/1785/1785 1819/1819/1819
f 1772/1772/1772 1746/1746/1746 1743/1743/1743
f 1772/1772/1772 1743/1743/1743 1785/1785/1785
f 1746/1746/1746 1736/1736/1736 1724/1724/1724
f 1746/1746/1746 1724/1724/1724 1743/1743/1743
f 1736/1736/1736 1711/1711/1711 1694/1694/1694
f 1736/1736/1736 1694/1694/1694 1724/1724/1724
f 1711/1711/1711 1699/1699/1699 1662/1662/1662
f 1711/1711/1711 1662/1662/1662 1694/1694/1694
f 1699/1699/1699 1677/1677/1677 1626/1626/1626
f 1699/1699/1699 1626/1626/1626 1662/1662/1662
f 1677/1677/1677 1665/1665/1665 1565/1565/1565
f 1677/1677/1677 1565/1565/1565 1626/1626/1626
f 1665/1665/1665 1646/1646/1646 1538/1538/1538
f 1665/1665/1665 1538/1538/1538 1565/1565/1565
f 1646/1646/1646 1629/1629/1629 1520/1520/1520
f 1646/1646/1646 1520/1520/1520 1538/1538/1538
f 1629/1629/1629 1617/1617/1617 1502/1502/1502
f 1629/1629/1629 1502/1502/1502 1520/1520/1520
f 1617/1617/1617 1611/1611/1611 1494/1494/1494
f 1617/1617/1617 1494/1494/1494 1502/1502/1502
f 1611/1611/1611 1606/1606/1606 1490/1490/1490
f 1611/1611/1611 1490/1490/1490 1494/1494/1494
f 1606/1606/1606 1608/1608/1608 1493/1493/1493
f 1606/1606/1606 1493/1493/1493 1490/1490/1490
f 1493/1493/1493 1501/1501/1501 1499/1499/1499
f 1493/1493/1493 1499/1499/1499 1491/1491/1491
f 1501/1501/1501 1519/1519/1519 1517/1517/1517
f 1501/1501/1501 1517/1517/1517 1499/1499/1499
f 1519/1519/1519 1540/1540/1540 1539/1539/1539
f 1519/1519/1519 1539/1539/1539 1517/1517/1517
f 1540/1540/1540 1564/1564/1564 1566/1566/1566
f 1540/1540/1540 1566/1566/1566 1539/1539/1539
f 1564/1564/1564 1624/1624/1624 1625/1625/1625
f 1564/1564/1564 1625/1625/1625 1566/1566/1566
f 1624/1624/1624 1661/1661/1661 1660/1660/1660
f 1624/1624/1624 1660/1660/1660 1625/1625/1625
f 1661/1661/1661 1693/1693/1693 1692/1692/1692
f 1661/1661/1661 1692/1692/1692 1660/1660/1660
f 1693/1693/1693 1727/1727/1727 1725/1725/1725
f 1693/1693/1693 1725/1725/1725 1692/1692/1692
f 1727/1727/1727 1768/1768/1768 1769/1769/1769
f 1727/1727/1727 1769/1769/1769 1725/1725/1725
f 1768/1768/1768 1786/1786/1786 1787/1787/1787
f 1768/1768/1768 1787/1787/1787 1769/1769/1769
f 1786/1786/1786 1816/1816/1816 1817/1817/1817
f 1786/1786/1786 1817/1817/1817 1787/1787/1787
f 1816/1816/1816 1849/1849/1849 1848/1848/1848
f 1816/1816/1816 1848/1848/1848 1817/1817/1817
f 1849/1849/1849 1885/1885/1885 1884/1884/1884
f 1849/1849/1849 1884/1884/1884 1848/1848/1848
f 1885/1885/1885 1948/1948/1948 1947/1947/1947
f 1885/1885/1885 1947/1947/1947 1884/1884/1884
f 1948/1948/1948 1973/1973/1973 1972/1972/1972
f 1948/1948/1948 1972/1972/1972 1947/1947/1947
f 1973/1973/1973 1993/1993/1993 1991/1991/1991
f 1973/1973/1973 1991/1991/1991 1972/1972/1972
f 1993/1993/1993 2010/2010/2010 2009/2009/2009
f 1993/1993/1993 2009/2009/2009 1991/1991/1991
f 2010/2010/2010 2018/2018/2018 2017/2017/2017
f 2010/2010/2010 2017/2017/2017 2009/2009/2009
f 2018/2018/2018 2022/2022/2022 2021/2021/2021
f 2018/2018/2018 2021/2021/2021 2017/2017/2017
f 2022/2022/2022 2020/2020/2020 2019/2019/2019
f 2022/2022/2022 2019/2019/2019 2021/2021/2021
f 2020/2020/2020 2011/2011/2011 2012/2012/2012
f 2020/2020/2020 2012/2012/2012 2019/2019/2019
f 2011/2011/2011 1994/1994/1994 1992/1992/1992
f 2011/2011/2011 1992/1992/1992 2012/2012/2012
f 1994/1994/1994 1974/1974/1974 1971/1971/1971
f 1994/1994/1994 1971/1971/1971 1992/1992/1992
f 1974/1974/1974 1946/1946/1946 1945/1945/1945
f 1974/1974/1974 1945/1945/1945 1971/1971/1971
f 1946/1946/1946 1886/1886/1886 1887/1887/1887
f 1946/1946/1946 1887/1887/1887 1945/1945/1945
f 1886/1886/1886 1850/1850/1850 1851/1851/1851
f 1886/1886/1886 1851/1851/1851 1887/1887/1887
f 1850/1850/1850 1819/1819/1819 1818/1818/1818
f 1850/1850/1850 1818/1818/1818 1851/1851/1851
f 1819/1819/1819 1785/1785/1785 1784/1784/1784
f 1819/1819/1819 1784/1784/1784 1818/1818/1818
f 1785/1785/1785 1743/1743/1743 1742/1742/1742
f 1785/1785/1785 1742/1742/1742 1784/1784/1784
f 1743/1743/1743 1724/1724/1724 1726/1726/1726
f 1743/1743/1743 1726/1726/1726 1742/1742/1742
f 1724/1724/1724 1694/1694/1694 1695/1695/1695
f 1724/1724/1724 1695/1695/1695 1726/1726/1726
f 1694/1694/1694 1662/1662/1662 1663/1663/1663
f 1694/1694/1694 1663/1663/1663 1695/1695/1695
f 1662/1662/1662 1626/1626/1626 1627/1627/1627
f 1662/1662/1662 1627/1627/1627 1663/1663/1663
f 1626/1626/1626 1565/1565/1565 1563/1563/1563
f 1626/1626/1626 1563/1563/1563 1627/1627/1627
f 1565/1565/1565 1538/1538/1538 1537/1537/1537
f 1565/1565/1565 1537/1537/1537 1563/1563/1563
f 1538/1538/1538 1520/1520/1520 1518/1518/1518
f 1538/1538/1538 1518/1518/1518 1537/1537/1537
f 1520/1520/1520 1502/1502/1502 1500/1500/1500
f 1520/1520/1520 1500/1500/1500 1518/1518/1518
f 1502/1502/1502 1494/1494/1494 1492/1492/1492
f 1502/1502/1502 1492/1492/1492 1500/1500/1500
f 1494/1494/1494 1490/1490/1490 1489/1489/1489
f 1494/1494/1494 1489/1489/1489 1492/1492/1492
f 1490/1490/1490 1493/1493/1493 1491/1491/1491
f 1490/1490/1490 1491/1491/1491 1489/1489/1489
f 1491/1491/1491 1499/1499/1499 1622/1622/1622
f 1491/1491/1491 1622/1622/1622 1612/1612/1612
f 1499/1499/1499 1517/1517/1517 1633/1633/1633
f 1499/1499/1499 1633/1633/1633 1622/1622/1622
f 1517/1517/1517 1539/1539/1539 1651/1651/1651
f 1517/1517/1517 1651/1651/1651 1633/1633/1633
f 1539/1539/1539 1566/1566/1566 1668/1668/1668
f 1539/1539/1539 1668/1668/1668 1651/1651/1651
f 1566/1566/1566 1625/1625/1625 1678/1678/1678
f 1566/1566/1566 1678/1678/1678 1668/1668/1668
f 1625/1625/1625 1660/1660/1660 1700/1700/1700
f 1625/1625/1625 1700/1700/1700 1678/1678/1678
f 1660/1660/1660 1692/1692/1692 1714/1714/1714
f 1660/1660/1660 1714/1714/1714 1700/1700/1700
f 1692/1692/1692 1725/1725/1725 1740/1740/1740
f 1692/1692/1692 1740/1740/1740 1714/1714/1714
f 1725/1725/1725 1769/1769/1769 1766/1766/1766
f 1725/1725/1725 1766/1766/1766 1740/1740/1740
f 1769/1769/1769 1787/1787/1787 1771/1771/1771
f 1769/1769/1769 1771/1771/1771 1766/1766/1766
f 1787/1787/1787 1817/1817/1817 1796/1796/1796
f 1787/1787/1787 1796/1796/1796 1771/1771/1771
f 1817/1817/1817 1848/1848/1848 1810/1810/1810
f 1817/1817/1817 1810/1810/1810 1796/1796/1796
f 1848/1848/1848 1884/1884/1884 1832/1832/1832
f 1848/1848/1848 1832/1832/1832 1810/1810/1810
f 1884/1884/1884 1947/1947/1947 1843/1843/1843
f 1884/1884/1884 1843/1843/1843 1832/1832/1832
f 1947/1947/1947 1972/1972/1972 1861/1861/1861
f 1947/1947/1947 1861/1861/1861 1843/1843/1843
f 1972/1972/1972 1991/1991/1991 1878/1878/1878
f 1972/1972/1972 1878/1878/1878 1861/1861/1861
f 1991/1991/1991 2009/2009/2009 1888/1888/1888
f 1991/1991/1991 1888/1888/1888 1878/1878/1878
f 2009/2009/2009 2017/2017/2017 1898/1898/1898
f 2009/2009/2009 1898/1898/1898 1888/1888/1888
f 2017/2017/2017 2021/2021/2021 1904/1904/1904
f 2017/2017/2017 1904/1904/1904 1898/1898/1898
f 2021/2021/2021 2019/2019/2019 1899/1899/1899
f 2021/2021/2021 1899/1899/1899 1904/1904/1904
f 2019/2019/2019 2012/2012/2012 1889/1889/1889
f 2019/2019/2019 1889/1889/1889 1899/1899/1899
f 2012/2012/2012 1992/1992/1992 1879/1879/1879
f 2012/2012/2012 1879/1879/1879 1889/1889/1889
f 1992/1992/1992 1971/1971/1971 1860/1860/1860
f 1992/1992/1992 1860/1860/1860 1879/1879/1879
f 1971/1971/1971 1945/1945/1945 1842/1842/1842
f 1971/1971/1971 1842/1842/1842 1860/1860/1860
f 1945/1945/1945 1887/1887/1887 1833/1833/1833
f 1945/1945/1945 1833/1833/1833 1842/1842/1842
f 1887/1887/1887 1851/1851/1851 1811/1811/1811
f 1887/1887/1887 1811/1811/1811 1833/1833/1833
f 1851/1851/1851 1818/1818/1818 1797/1797/1797
f 1851/1851/1851 1797/1797/1797 1811/1811/1811
f 1818/1818/1818 1784/1784/1784 1770/1770/1770
f 1818/1818/1818 1770/1770/1770 1797/1797/1797
f 1784/1784/1784 1742/1742/1742 1745/1745/1745
f 1784/1784/1784 1745/1745/1745 1770/1770/1770
f 1742/1742/1742 1726/1726/1726 1741/1741/1741
f 1742/1742/1742 1741/1741/1741 1745/1745/1745
f 1726/1726/1726 1695/1695/1695 1715/1715/1715
f 1726/1726/1726 1715/1715/1715 1741/1741/1741
f 1695/1695/1695 1663/1663/1663 1701/1701/1701
f 1695/1695/1695 1701/1701/1701 1715/1715/1715
f 1663/1663/1663 1627/1627/1627 1679/1679/1679
f 1663/1663/1663 1679/1679/1679 1701/1701/1701
f 1627/1627/1627 1563/1563/1563 1669/1669/1669
f 1627/1627/1627 1669/1669/1669 1679/1679/1679
f 1563/1563/1563 1537/1537/1537 1650/1650/1650
f 1563/1563/1563 1650/1650/1650 1669/1669/1669
f 1537/1537/1537 1518/1518/1518 1632/1632/1632
f 1537/1537/1537 1632/1632/1632 1650/1650/1650
f 1518/1518/1518 1500/1500/1500 1623/1623/1623
f 1518/1518/1518 1623/1623/1623 1632/1632/1632
f 1500/1500/1500 1492/1492/1492 1613/1613/1613
f 1500/1500/1500 1613/1613/1613 1623/1623/1623
f 1492/1492/1492 1489/1489/1489 1607/1607/1607
f 1492/1492/1492 1607/1607/1607 1613/1613/1613
f 1489/1489/1489 1491/1491/1491 1612/1612/1612
f 1489/1489/1489 1612/1612/1612 1607/1607/1607
f 3227/3227/3227 3229/3229/3229 2220/2220/2220
f 3227/3227/3227 2220/2220/2220 2218/2218/2218
f 3223/3223/3223 3227/3227/3227 2218/2218/2218
f 3223/3223/3223 2218/2218/2218 2216/2216/2216
f 3221/3221/3221 3223/3223/3223 2216/2216/2216
f 3221/3221/3221 2216/2216/2216 2214/2214/2214
f 3219/3219/3219 3221/3221/3221 2214/2214/2214
f 3219/3219/3219 2214/2214/2214 2212/2212/2212
f 3215/3215/3215 3219/3219/3219 2212/2212/2212
f 3215/3215/3215 2212/2212/2212 2210/2210/2210
f 3213/3213/3213 3215/3215/3215 2210/2210/2210
f 3213/3213/3213 2210/2210/2210 2208/2208/2208
f 3209/3209/3209 3213/3213/3213 2208/2208/2208
f 3209/3209/3209 2208/2208/2208 2206/2206/2206
f 3207/3207/3207 3209/3209/3209 2206/2206/2206
f 3207/3207/3207 2206/2206/2206 2204/2204/2204
f 3203/3203/3203 3207/3207/3207 2204/2204/2204
f 3203/3203/3203 2204/2204/2204 2202/2202/2202
f 3200/3200/3200 3203/3203/3203 2202/2202/2202
f 3200/3200/3200 2202/2202/2202 2200/2200/2200
f 3197/3197/3197 3200/3200/3200 2200/2200/2200
f 3197/3197/3197 2200/2200/2200 2198/2198/2198
f 3193/3193/3193 3197/3197/3197 2198/2198/2198
f 3193/3193/3193 2198/2198/2198 2196/2196/2196
f 3191/3191/3191 3193/3193/3193 2196/2196/2196
f 3191/3191/3191 2196/2196/2196 2194/2194/2194
f 3187/3187/3187 3191/3191/3191 2194/2194/2194
f 3187/3187/3187 2194/2194/2194 2192/2192/2192
f 3185/3185/3185 3187/3187/3187 2192/2192/2192
f 3185/3185/3185 2192/2192/2192 2190/2190/2190
f 3181/3181/3181 3185/3185/3185 2190/2190/2190
f 3181/3181/3181 2190/2190/2190 2188/2188/2188
f 3179/3179/3179 3181/3181/3181 2188/2188/2188
f 3179/3179/3179 2188/2188/2188 2186/2186/2186
f 3177/3177/3177 3179/3179/3179 2186/2186/2186
f 3177/3177/3177 2186/2186/2186 2184/2184/2184
f 3173/3173/3173 3177/3177/3177 2184/2184/2184
f 3173/3173/3173 2184/2184/2184 2182/2182/2182
f 3172/3172/3172 3173/3173/3173 2182/2182/2182
f 3172/3172/3172 2182/2182/2182 2181/2181/2181
f 3174/3174/3174 3172/3172/3172 2181/2181/2181
f 3174/3174/3174 2181/2181/2181 2183/2183/2183
f 3178/3178/3178 3174/3174/3174 2183/2183/2183
f 3178/3178/3178 2183/2183/2183 2185/2185/2185
f 3180/3180/3180 3178/3178/3178 2185/2185/2185
f 3180/3180/3180 2185/2185/2185 2187/2187/2187
f 3182/3182/3182 3180/3180/3180 2187/2187/2187
f 3182/3182/3182 2187/2187/2187 2189/2189/2189
f 3186/3186/3186 3182/3182/3182 2189/2189/2189
f 3186/3186/3186 2189/2189/2189 2191/2191/2191
f 3188/3188/3188 3186/3186/3186 2191/2191/2191
f 3188/3188/3188 2191/2191/2191 2193/2193/2193
f 3192/3192/3192 3188/3188/3188 2193/2193/2193
f 3192/3192/3192 2193/2193/2193 2195/2195/2195
f 3194/3194/3194 3192/3192/3192 2195/2195/2195
f 3194/3194/3194 2195/2195/2195 2197/2197/2197
f 3198/3198/3198 3194/3194/3194 2197/2197/2197
f 3198/3198/3198 2197/2197/2197 2199/2199/2199
f 3201/3201/3201 3198/3198/3198 2199/2199/2199
f 3201/3201/3201 2199/2199/2199 2201/2201/2201
f 3204/3204/3204 3201/3201/3201 2201/2201/2201
f 3204/3204/3204 2201/2201/2201 2203/2203/2203
f 3208/3208/3208 3204/3204/3204 2203/2203/2203
f 3208/3208/3208 2203/2203/2203 2205/2205/2205
f 3210/3210/3210 3208/3208/3208 2205/2205/2205
f 3210/3210/3210 2205/2205/2205 2207/2207/2207
f 3214/3214/3214 3210/3210/3210 2207/2207/2207
f 3214/3214/3214 2207/2207/2207 2209/2209/2209
f 3216/3216/3216 3214/3214/3214 2209/2209/2209
f 3216/3216/3216 2209/2209/2209 2211/2211/2211
f 3220/3220/3220 3216/3216/3216 2211/2211/2211
f 3220/3220/3220 2211/2211/2211 2213/2213/2213
f 3222/3222/3222 3220/3220/3220 2213/2213/2213
f 3222/3222/3222 2213/2213/2213 2215/2215/2215
f 3224/3224/3224 3222/3222/3222 2215/2215/2215
f 3224/3224/3224 2215/2215/2215 2217/2217/2217
f 3228/3228/3228 3224/3224/3224 2217/2217/2217
f 3228/3228/3228 2217/2217/2217 2219/2219/2219
f 3229/3229/3229 3228/3228/3228 2219/2219/2219
f 3229/3229/3229 2219/2219/2219 2220/2220/2220
f 3238/3238/3238 3240/3240/3240 3229/3229/3229
f 3238/3238/3238 3229/3229/3229 3227/3227/3227
f 3236/3236/3236 3238/3238/3238 3227/3227/3227
f 3236/3236/3236 3227/3227/3227 3223/3223/3223
f 3234/3234/3234 3236/3236/3236 3223/3223/3223
f 3234/3234/3234 3223/3223/3223 3221/3221/3221
f 3232/3232/3232 3234/3234/3234 3221/3221/3221
f 3232/3232/3232 3221/3221/3221 3219/3219/3219
f 3230/3230/3230 3232/3232/3232 3219/3219/3219
f 3230/3230/3230 3219/3219/3219 3215/3215/3215
f 3225/3225/3225 3230/3230/3230 3215/3215/3215
f 3225/3225/3225 3215/3215/3215 3213/3213/3213
f 3217/3217/3217 3225/3225/3225 3213/3213/3213
f 3217/3217/3217 3213/3213/3213 3209/3209/3209
f 3211/3211/3211 3217/3217/3217 3209/3209/3209
f 3211/3211/3211 3209/3209/3209 3207/3207/3207
f 3205/3205/3205 3211/3211/3211 3207/3207/3207
f 3205/3205/3205 3207/3207/3207 3203/3203/3203
f 3199/3199/3199 3205/3205/3205 3203/3203/3203
f 3199/3199/3199 3203/3203/3203 3200/3200/3200
f 3195/3195/3195 3199/3199/3199 3200/3200/3200
f 3195/3195/3195 3200/3200/3200 3197/3197/3197
f 3189/3189/3189 3195/3195/3195 3197/3197/3197
f 3189/3189/3189 3197/3197/3197 3193/3193/3193
f 3183/3183/3183 3189/3189/3189 3193/3193/3193
f 3183/3183/3183 3193/3193/3193 3191/3191/3191
f 3175/3175/3175 3183/3183/3183 3191/3191/3191
f 3175/3175/3175 3191/3191/3191 3187/3187/3187
f 3170/3170/3170 3175/3175/3175 3187/3187/3187
f 3170/3170/3170 3187/3187/3187 3185/3185/3185
f 3168/3168/3168 3170/3170/3170 3185/3185/3185
f 3168/3168/3168 3185/3185/3185 3181/3181/3181
f 3166/3166/3166 3168/3168/3168 3181/3181/3181
f 3166/3166/3166 3181/3181/3181 3179/3179/3179
f 3164/3164/3164 3166/3166/3166 3179/3179/3179
f 3164/3164/3164 3179/3179/3179 3177/3177/3177
f 3162/3162/3162 3164/3164/3164 3177/3177/3177
f 3162/3162/3162 3177/3177/3177 3173/3173/3173
f 3161/3161/3161 3162/3162/3162 3173/3173/3173
f 3161/3161/3161 3173/3173/3173 3172/3172/3172
f 3163/3163/3163 3161/3161/3161 3172/3172/3172
f 3163/3163/3163 3172/3172/3172 3174/3174/3174
f 3165/3165/3165 3163/3163/3163 3174/3174/3174
f 3165/3165/3165 3174/3174/3174 3178/3178/3178
f 3167/3167/3167 3165/3165/3165 3178/3178/3178
f 3167/3167/3167 3178/3178/3178 3180/3180/3180
f 3169/3169/3169 3167/3167/3167 3180/3180/3180
f 3169/3169/3169 3180/3180/3180 3182/3182/3182
f 3171/3171/3171 3169/3169/3169 3182/3182/3182
f 3171/3171/3171 3182/3182/3182 3186/3186/3186
f 3176/3176/3176 3171/3171/3171 3186/3186/3186
f 3176/3176/3176 3186/3186/3186 3188/3188/3188
f 3184/3184/3184 3176/3176/3176 3188/3188/3188
f 3184/3184/3184 3188/3188/3188 3192/3192/3192
f 3190/3190/3190 3184/3184/3184 3192/3192/3192
f 3190/3190/3190 3192/3192/3192 3194/3194/3194
f 3196/3196/3196 3190/3190/3190 3194/3194/3194
f 3196/3196/3196 3194/3194/3194 3198/3198/3198
f 3202/3202/3202 3196/3196/3196 3198/3198/3198
f 3202/3202/3202 3198/3198/3198 3201/3201/3201
f 3206/3206/3206 3202/3202/3202 3201/3201/3201
f 3206/3206/3206 3201/3201/3201 3204/3204/3204
f 3212/3212/3212 3206/3206/3206 3204/3204/3204
f 3212/3212/3212 3204/3204/3204 3208/3208/3208
f 3218/3218/3218 3212/3212/3212 3208/3208/3208
f 3218/3218/3218 3208/3208/3208 3210/3210/3210
f 3226/3226/3226 3218/3218/3218 3210/3210/3210
f 3226/3226/3226 3210/3210/3210 3214/3214/3214
f 3231/3231/3231 3226/3226/3226 3214/3214/3214
f 3231/3231/3231 3214/3214/3214 3216/3216/3216
f 3233/3233/3233 3231/3231/3231 3216/3216/3216
f 3233/3233/3233 3216/3216/3216 3220/3220/3220
f 3235/3235/3235 3233/3233/3233 3220/3220/3220
f 3235/3235/3235 3220/3220/3220 3222/3222/3222
f 3237/3237/3237 3235/3235/3235 3222/3222/3222
f 3237/3237/3237 3222/3222/3222 3224/3224/3224
f 3239/3239/3239 3237/3237/3237 3224/3224/3224
f 3239/3239/3239 3224/3224/3224 3228/3228/3228
f 3240/3240/3240 3239/3239/3239 3228/3228/3228
f 3240/3240/3240 3228/3228/3228 3229/3229/3229
f 2233/2233/2233 2231/2231/2231 3171/3171/3171
f 2233/2233/2233 3171/3171/3171 3176/3176/3176
f 2235/2235/2235 2233/2233/2233 3176/3176/3176
f 2235/2235/2235 3176/3176/3176 3184/3184/3184
f 2237/2237/2237 2235/2235/2235 3184/3184/3184
f 2237/2237/2237 3184/3184/3184 3190/3190/3190
f 2239/2239/2239 2237/2237/2237 3190/3190/3190
f 2239/2239/2239 3190/3190/3190 3196/3196/3196
f 2241/2241/2241 2239/2239/2239 3196/3196/3196
f 2241/2241/2241 3196/3196/3196 3202/3202/3202
f 2243/2243/2243 2241/2241/2241 3202/3202/3202
f 2243/2243/2243 3202/3202/3202 3206/3206/3206
f 2245/2245/2245 2243/2243/2243 3206/3206/3206
f 2245/2245/2245 3206/3206/3206 3212/3212/3212
f 2247/2247/2247 2245/2245/2245 3212/3212/3212
f 2247/2247/2247 3212/3212/3212 3218/3218/3218
f 2249/2249/2249 2247/2247/2247 3218/3218/3218
f 2249/2249/2249 3218/3218/3218 3226/3226/3226
f 2251/2251/2251 2249/2249/2249 3226/3226/3226
f 2251/2251/2251 3226/3226/3226 3231/3231/3231
f 2253/2253/2253 2251/2251/2251 3231/3231/3231
f 2253/2253/2253 3231/3231/3231 3233/3233/3233
f 2255/2255/2255 2253/2253/2253 3233/3233/3233
f 2255/2255/2255 3233/3233/3233 3235/3235/3235
f 2257/2257/2257 2255/2255/2255 3235/3235/3235
f 2257/2257/2257 3235/3235/3235 3237/3237/3237
f 2259/2259/2259 2257/2257/2257 3237/3237/3237
f 2259/2259/2259 3237/3237/3237 3239/3239/3239
f 2260/2260/2260 2259/2259/2259 3239/3239/3239
f 2260/2260/2260 3239/3239/3239 3240/3240/3240
f 2258/2258/2258 2260/2260/2260 3240/3240/3240
f 2258/2258/2258 3240/3240/3240 3238/3238/3238
f 2256/2256/2256 2258/2258/2258 3238/3238/3238
f 2256/2256/2256 3238/3238/3238 3236/3236/3236
f 2254/2254/2254 2256/2256/2256 3236/3236/3236
f 2254/2254/2254 3236/3236/3236 3234/3234/3234
f 2252/2252/2252 2254/2254/2254 3234/3234/3234
f 2252/2252/2252 3234/3234/3234 3232/3232/3232
f 2250/2250/2250 2252/2252/2252 3232/3232/3232
f 2250/2250/2250 3232/3232/3232 3230/3230/3230
f 2248/2248/2248 2250/2250/2250 3230/3230/3230
f 2248/2248/2248 3230/3230/3230 3225/3225/3225
f 2246/2246/2246 2248/2248/2248 3225/3225/3225
f 2246/2246/2246 3225/3225/3225 3217/3217/3217
f 2244/2244/2244 2246/2246/2246 3217/3217/3217
f 2244/2244/2244 3217/3217/3217 3211/3211/3211
f 2242/2242/2242 2244/2244/2244 3211/3211/3211
f 2242/2242/2242 3211/3211/3211 3205/3205/3205
f 2240/2240/2240 2242/2242/2242 3205/3205/3205
f 2240/2240/2240 3205/3205/3205 3199/3199/3199
f 2238/2238/2238 2240/2240/2240 3199/3199/3199
f 2238/2238/2238 3199/3199/3199 3195/3195/3195
f 2236/2236/2236 2238/2238/2238 3195/3195/3195
f 2236/2236/2236 3195/3195/3195 3189/3189/3189
f 2234/2234/2234 2236/2236/2236 3189/3189/3189
f 2234/2234/2234 3189/3189/3189 3183/3183/3183
f 2232/2232/2232 2234/2234/2234 3183/3183/3183
f 2232/2232/2232 3183/3183/3183 3175/3175/3175
f 2230/2230/2230 2232/2232/2232 3175/3175/3175
f 2230/2230/2230 3175/3175/3175 3170/3170/3170
f 2228/2228/2228 2230/2230/2230 3170/3170/3170
f 2228/2228/2228 3170/3170/3170 3168/3168/3168
f 2226/2226/2226 2228/2228/2228 3168/3168/3168
f 2226/2226/2226 3168/3168/3168 3166/3166/3166
f 2224/2224/2224 2226/2226/2226 3166/3166/3166
f 2224/2224/2224 3166/3166/3166 3164/3164/3164
f 2222/2222/2222 2224/2224/2224 3164/3164/3164
f 2222/2222/2222 3164/3164/3164 3162/3162/3162
f 2221/2221/2221 2222/2222/2222 3162/3162/3162
f 2221/2221/2221 3162/3162/3162 3161/3161/3161
f 2223/2223/2223 2221/2221/2221 3161/3161/3161
f 2223/2223/2223 3161/3161/3161 3163/3163/3163
f 2225/2225/2225 2223/2223/2223 3163/3163/3163
f 2225/2225/2225 3163/3163/3163 3165/3165/3165
f 2227/2227/2227 2225/2225/2225 3165/3165/3165
f 2227/2227/2227 3165/3165/3165 3167/3167/3167
f 2229/2229/2229 2227/2227/2227 3167/3167/3167
f 2229/2229/2229 3167/3167/3167 3169/3169/3169
f 2231/2231/2231 2229/2229/2229 3169/3169/3169
f 2231/2231/2231 3169/3169/3169 3171/3171/3171
f 1112/1112/1112 1096/1096/1096 1090/1090/1090
f 1120/1120/1120 1105/1105/1105 1097/1097/1097
f 1132/1132/1132 1146/1146/1146 1113/1113/1113
f 1132/1132/1132 1113/1113/1113 1104/1104/1104
f 1209/1209/1209 1225/1225/1225 1204/1204/1204
f 1209/1209/1209 1204/1204/1204 1157/1157/1157
f 1260/1260/1260 1257/1257/1257 1240/1240/1240
f 1301/1301/1301 1297/1297/1297 1278/1278/1278
f 1347/1347/1347 1369/1369/1369 1344/1344/1344
f 1347/1347/1347 1344/1344/1344 1297/1297/1297
f 1369/1369/1369 1386/1386/1386 1363/1363/1363
f 1369/1369/1369 1363/1363/1363 1344/1344/1344
f 1386/1386/1386 1396/1396/1396 1384/1384/1384
f 1386/1386/1386 1384/1384/1384 1363/1363/1363
f 1396/1396/1396 1406/1406/1406 1392/1392/1392
f 1396/1396/1396 1392/1392/1392 1384/1384/1384
f 1406/1406/1406 1397/1397/1397 1392/1392/1392
f 1424/1424/1424 1429/1429/1429 1405/1405/1405
f 1429/1429/1429 1433/1433/1433 1412/1412/1412
f 1429/1429/1429 1412/1412/1412 1405/1405/1405
f 1432/1432/1432 1438/1438/1438 1422/1422/1422
f 1436/1436/1436 1410/1410/1410 1419/1419/1419
f 1427/1427/1427 1416/1416/1416 1395/1395/1395
f 1427/1427/1427 1395/1395/1395 1402/1402/1402
f 1416/1416/1416 1400/1400/1400 1387/1387/1387
f 1400/1400/1400 1390/1390/1390 1372/1372/1372
f 1400/1400/1400 1372/1372/1372 1387/1387/1387
f 1377/1377/1377 1337/1337/1337 1351/1351/1351
f 1358/1358/1358 1290/1290/1290 1336/1336/1336
f 1339/1339/1339 1293/1293/1293 1269/1269/1269
f 1339/1339/1339 1269/1269/1269 1289/1289/1289
f 1272/1272/1272 1251/1251/1251 1231/1231/1231
f 1272/1272/1272 1231/1231/1231 1249/1249/1249
f 1251/1251/1251 1213/1213/1213 1231/1231/1231
f 1233/1233/1233 1216/1216/1216 1197/1197/1197
f 1233/1233/1233 1197/1197/1197 1212/1212/1212
f 1199/1199/1199 1153/1153/1153 1122/1122/1122
f 1199/1199/1199 1122/1122/1122 1142/1142/1142
f 1153/1153/1153 1107/1107/1107 1122/1122/1122
f 1138/1138/1138 1101/1101/1101 1106/1106/1106
f 1123/1123/1123 1117/1117/1117 1094/1094/1094
f 1117/1117/1117 1110/1110/1110 1086/1086/1086
f 1117/1117/1117 1086/1086/1086 1094/1094/1094
f 1110/1110/1110 1112/1112/1112 1090/1090/1090
f 1110/1110/1110 1090/1090/1090 1086/1086/1086
f 1129/1129/1129 1119/1119/1119 1283/1283/1283
f 1243/1243/1243 1226/1226/1226 1283/1283/1283
f 1261/1261/1261 1243/1243/1243 1283/1283/1283
f 1299/1299/1299 1280/1280/1280 1283/1283/1283
f 1369/1369/1369 1347/1347/1347 1286/1286/1286
f 1396/1396/1396 1386/1386/1386 1283/1283/1283
f 1406/1406/1406 1396/1396/1396 1283/1283/1283
f 1433/1433/1433 1429/1429/1429 1286/1286/1286
f 1416/1416/1416 1427/1427/1427 1283/1283/1283
f 1400/1400/1400 1416/1416/1416 1283/1283/1283
f 1390/1390/1390 1400/1400/1400 1283/1283/1283
f 1378/1378/1378 1390/1390/1390 1283/1283/1283
f 1357/1357/1357 1378/1378/1378 1283/1283/1283
f 1339/1339/1339 1357/1357/1357 1283/1283/1283
f 1293/1293/1293 1339/1339/1339 1283/1283/1283
f 1233/1233/1233 1252/1252/1252 1283/1283/1283
f 1216/1216/1216 1233/1233/1233 1283/1283/1283
f 1153/1153/1153 1199/1199/1199 1284/1284/1284
f 1117/1117/1117 1123/1123/1123 1283/1283/1283
f 1110/1110/1110 1117/1117/1117 1283/1283/1283
f 1112/1112/1112 1110/1110/1110 1283/1283/1283
f 1091/1091/1091 1098/1098/1098 1264/1264/1264
f 1098/1098/1098 1103/1103/1103 1264/1264/1264
f 1103/1103/1103 1115/1115/1115 1264/1264/1264
f 1115/1115/1115 1135/1135/1135 1264/1264/1264
f 1135/1135/1135 1158/1158/1158 1264/1264/1264
f 1158/1158/1158 1205/1205/1205 1264/1264/1264
f 1205/1205/1205 1220/1220/1220 1264/1264/1264
f 1220/1220/1220 1238/1238/1238 1264/1264/1264
f 1238/1238/1238 1256/1256/1256 1264/1264/1264
f 1256/1256/1256 1275/1275/1275 1264/1264/1264
f 1275/1275/1275 1297/1297/1297 1264/1264/1264
f 1297/1297/1297 1345/1345/1345 1264/1264/1264
f 1345/1345/1345 1363/1363/1363 1264/1264/1264
f 1363/1363/1363 1384/1384/1384 1264/1264/1264
f 1384/1384/1384 1392/1392/1392 1264/1264/1264
f 1392/1392/1392 1397/1397/1397 1264/1264/1264
f 1397/1397/1397 1404/1404/1404 1264/1264/1264
f 1404/1404/1404 1414/1414/1414 1264/1264/1264
f 1414/1414/1414 1422/1422/1422 1264/1264/1264
f 1422/1422/1422 1420/1420/1420 1264/1264/1264
f 1420/1420/1420 1410/1410/1410 1264/1264/1264
f 1410/1410/1410 1403/1403/1403 1264/1264/1264
f 1403/1403/1403 1394/1394/1394 1264/1264/1264
f 1394/1394/1394 1389/1389/1389 1264/1264/1264
f 1389/1389/1389 1374/1374/1374 1264/1264/1264
f 1374/1374/1374 1350/1350/1350 1264/1264/1264
f 1350/1350/1350 1335/1335/1335 1264/1264/1264
f 1335/1335/1335 1289/1289/1289 1264/1264/1264
f 1289/1289/1289 1267/1267/1267 1264/1264/1264
f 1267/1267/1267 1247/1247/1247 1264/1264/1264
f 1247/1247/1247 1232/1232/1232 1264/1264/1264
f 1232/1232/1232 1212/1212/1212 1264/1264/1264
f 1212/1212/1212 1195/1195/1195 1264/1264/1264
f 1195/1195/1195 1141/1141/1141 1264/1264/1264
f 1141/1141/1141 1122/1122/1122 1264/1264/1264
f 1122/1122/1122 1106/1106/1106 1264/1264/1264
f 1106/1106/1106 1102/1102/1102 1264/1264/1264
f 1102/1102/1102 1092/1092/1092 1264/1264/1264
f 1092/1092/1092 1087/1087/1087 1264/1264/1264
f 1087/1087/1087 1091/1091/1091 1264/1264/1264
f 1111/1111/1111 1097/1097/1097 1121/1121/1121
f 1118/1118/1118 1104/1104/1104 1130/1130/1130
f 1145/1145/1145 1116/1116/1116 1135/1135/1135
f 1145/1145/1145 1135/1135/1135 1191/1191/1191
f 1191/1191/1191 1135/1135/1135 1155/1155/1155
f 1191/1191/1191 1155/1155/1155 1210/1210/1210
f 1227/1227/1227 1207/1207/1207 1221/1221/1221
f 1227/1227/1227 1221/1221/1221 1244/1244/1244
f 1244/1244/1244 1221/1221/1221 1241/1241/1241
f 1244/1244/1244 1241/1241/1241 1260/1260/1260
f 1260/1260/1260 1259/1259/1259 1279/1279/1279
f 1279/1279/1279 1259/1259/1259 1276/1276/1276
f 1279/1279/1279 1276/1276/1276 1299/1299/1299
f 1300/1300/1300 1297/1297/1297 1347/1347/1347
f 1407/1407/1407 1399/1399/1399 1425/1425/1425
f 1425/1425/1425 1399/1399/1399 1404/1404/1404
f 1434/1434/1434 1411/1411/1411 1421/1421/1421
f 1437/1437/1437 1423/1423/1423 1418/1418/1418
f 1437/1437/1437 1418/1418/1418 1435/1435/1435
f 1435/1435/1435 1409/1409/1409 1430/1430/1430
f 1430/1430/1430 1409/1409/1409 1401/1401/1401
f 1430/1430/1430 1401/1401/1401 1426/1426/1426
f 1415/1415/1415 1393/1393/1393 1389/1389/1389
f 1391/1391/1391 1373/1373/1373 1352/1352/1352
f 1391/1391/1391 1352/1352/1352 1379/1379/1379
f 1377/1377/1377 1336/1336/1336 1355/1355/1355
f 1356/1356/1356 1289/1289/1289 1339/1339/1339
f 1294/1294/1294 1268/1268/1268 1248/1248/1248
f 1294/1294/1294 1248/1248/1248 1271/1271/1271
f 1250/1250/1250 1212/1212/1212 1234/1234/1234
f 1217/1217/1217 1194/1194/1194 1140/1140/1140
f 1217/1217/1217 1140/1140/1140 1200/1200/1200
f 1152/1152/1152 1108/1108/1108 1137/1137/1137
f 1137/1137/1137 1099/1099/1099 1124/1124/1124
f 1124/1124/1124 1099/1099/1099 1092/1092/1092
f 1121/1121/1121 1283/1283/1283 1111/1111/1111
f 1145/1145/1145 1283/1283/1283 1131/1131/1131
f 1191/1191/1191 1283/1283/1283 1145/1145/1145
f 1210/1210/1210 1283/1283/1283 1191/1191/1191
f 1226/1226/1226 1283/1283/1283 1210/1210/1210
f 1279/1279/1279 1288/1288/1288 1260/1260/1260
f 1347/1347/1347 1283/1283/1283 1300/1300/1300
f 1385/1385/1385 1287/1287/1287 1370/1370/1370
f 1425/1425/1425 1283/1283/1283 1407/1407/1407
f 1428/1428/1428 1283/1283/1283 1425/1425/1425
f 1437/1437/1437 1288/1288/1288 1431/1431/1431
f 1435/1435/1435 1288/1288/1288 1437/1437/1437
f 1430/1430/1430 1288/1288/1288 1435/1435/1435
f 1426/1426/1426 1288/1288/1288 1430/1430/1430
f 1271/1271/1271 1285/1285/1285 1294/1294/1294
f 1250/1250/1250 1285/1285/1285 1271/1271/1271
f 1200/1200/1200 1283/1283/1283 1217/1217/1217
f 1137/1137/1137 1288/1288/1288 1152/1152/1152
f 1124/1124/1124 1288/1288/1288 1137/1137/1137
f 1126/1126/1126 1253/1253/1253 1128/1128/1128
f 1128/1128/1128 1253/1253/1253 1136/1136/1136
f 1136/1136/1136 1253/1253/1253 1148/1148/1148
f 1148/1148/1148 1253/1253/1253 1189/1189/1189
f 1189/1189/1189 1253/1253/1253 1201/1201/1201
f 1201/1201/1201 1253/1253/1253 1211/1211/1211
f 1211/1211/1211 1253/1253/1253 1223/1223/1223
f 1223/1223/1223 1253/1253/1253 1236/1236/1236
f 1236/1236/1236 1253/1253/1253 1246/1246/1246
f 1246/1246/1246 1253/1253/1253 1263/1263/1263
f 1263/1263/1263 1253/1253/1253 1274/1274/1274
f 1274/1274/1274 1253/1253/1253 1291/1291/1291
f 1291/1291/1291 1253/1253/1253 1298/1298/1298
f 1298/1298/1298 1253/1253/1253 1340/1340/1340
f 1340/1340/1340 1253/1253/1253 1346/1346/1346
f 1346/1346/1346 1253/1253/1253 1353/1353/1353
f 1353/1353/1353 1253/1253/1253 1360/1360/1360
f 1360/1360/1360 1253/1253/1253 1366/1366/1366
f 1366/1366/1366 1253/1253/1253 1368/1368/1368
f 1368/1368/1368 1253/1253/1253 1367/1367/1367
f 1367/1367/1367 1253/1253/1253 1362/1362/1362
f 1362/1362/1362 1253/1253/1253 1359/1359/1359
f 1359/1359/1359 1253/1253/1253 1348/1348/1348
f 1348/1348/1348 1253/1253/1253 1342/1342/1342
f 1342/1342/1342 1253/1253/1253 1333/1333/1333
f 1333/1333/1333 1253/1253/1253 1295/1295/1295
f 1295/1295/1295 1253/1253/1253 1282/1282/1282
f 1282/1282/1282 1253/1253/1253 1266/1266/1266
f 1266/1266/1266 1253/1253/1253 1255/1255/1255
f 1255/1255/1255 1253/1253/1253 1242/1242/1242
f 1242/1242/1242 1253/1253/1253 1228/1228/1228
f 1228/1228/1228 1253/1253/1253 1218/1218/1218
f 1218/1218/1218 1253/1253/1253 1203/1203/1203
f 1203/1203/1203 1253/1253/1253 1192/1192/1192
f 1192/1192/1192 1253/1253/1253 1150/1150/1150
f 1150/1150/1150 1253/1253/1253 1139/1139/1139
f 1139/1139/1139 1253/1253/1253 1133/1133/1133
f 1133/1133/1133 1253/1253/1253 1127/1127/1127
f 1127/1127/1127 1253/1253/1253 1125/1125/1125
f 1125/1125/1125 1253/1253/1253 1126/1126/1126
f 1095/1095/1095 1089/1089/1089 1144/1144/1144
f 1095/1095/1095 1144/1144/1144 1149/1149/1149
f 1104/1104/1104 1095/1095/1095 1149/1149/1149
f 1104/1104/1104 1149/1149/1149 1154/1154/1154
f 1114/1114/1114 1104/1104/1104 1154/1154/1154
f 1114/1114/1114 1154/1154/1154 1193/1193/1193
f 1134/1134/1134 1114/1114/1114 1193/1193/1193
f 1134/1134/1134 1193/1193/1193 1202/1202/1202
f 1156/1156/1156 1134/1134/1134 1202/1202/1202
f 1156/1156/1156 1202/1202/1202 1215/1215/1215
f 1206/1206/1206 1156/1156/1156 1215/1215/1215
f 1206/1206/1206 1215/1215/1215 1224/1224/1224
f 1222/1222/1222 1206/1206/1206 1224/1224/1224
f 1222/1222/1222 1224/1224/1224 1235/1235/1235
f 1239/1239/1239 1222/1222/1222 1235/1235/1235
f 1239/1239/1239 1235/1235/1235 1245/1245/1245
f 1258/1258/1258 1239/1239/1239 1245/1245/1245
f 1258/1258/1258 1245/1245/1245 1262/1262/1262
f 1277/1277/1277 1258/1258/1258 1262/1262/1262
f 1277/1277/1277 1262/1262/1262 1273/1273/1273
f 1297/1297/1297 1277/1277/1277 1273/1273/1273
f 1297/1297/1297 1273/1273/1273 1292/1292/1292
f 1345/1345/1345 1297/1297/1297 1292/1292/1292
f 1345/1345/1345 1292/1292/1292 1302/1302/1302
f 1364/1364/1364 1345/1345/1345 1302/1302/1302
f 1364/1364/1364 1302/1302/1302 1341/1341/1341
f 1384/1384/1384 1364/1364/1364 1341/1341/1341
f 1384/1384/1384 1341/1341/1341 1349/1349/1349
f 1392/1392/1392 1384/1384/1384 1349/1349/1349
f 1392/1392/1392 1349/1349/1349 1361/1361/1361
f 1398/1398/1398 1392/1392/1392 1361/1361/1361
f 1398/1398/1398 1361/1361/1361 1371/1371/1371
f 1404/1404/1404 1398/1398/1398 1371/1371/1371
f 1404/1404/1404 1371/1371/1371 1376/1376/1376
f 1413/1413/1413 1404/1404/1404 1376/1376/1376
f 1413/1413/1413 1376/1376/1376 1381/1381/1381
f 1422/1422/1422 1413/1413/1413 1381/1381/1381
f 1422/1422/1422 1381/1381/1381 1383/1383/1383
f 1417/1417/1417 1422/1422/1422 1383/1383/1383
f 1417/1417/1417 1383/1383/1383 1382/1382/1382
f 1408/1408/1408 1417/1417/1417 1382/1382/1382
f 1408/1408/1408 1382/1382/1382 1380/1380/1380
f 1403/1403/1403 1408/1408/1408 1380/1380/1380
f 1403/1403/1403 1380/1380/1380 1375/1375/1375
f 1394/1394/1394 1403/1403/1403 1375/1375/1375
f 1394/1394/1394 1375/1375/1375 1365/1365/1365
f 1388/1388/1388 1394/1394/1394 1365/1365/1365
f 1388/1388/1388 1365/1365/1365 1354/1354/1354
f 1374/1374/1374 1388/1388/1388 1354/1354/1354
f 1374/1374/1374 1354/1354/1354 1343/1343/1343
f 1350/1350/1350 1374/1374/1374 1343/1343/1343
f 1350/1350/1350 1343/1343/1343 1334/1334/1334
f 1338/1338/1338 1350/1350/1350 1334/1334/1334
f 1338/1338/1338 1334/1334/1334 1296/1296/1296
f 1290/1290/1290 1338/1338/1338 1296/1296/1296
f 1290/1290/1290 1296/1296/1296 1281/1281/1281
f 1270/1270/1270 1290/1290/1290 1281/1281/1281
f 1270/1270/1270 1281/1281/1281 1265/1265/1265
f 1247/1247/1247 1270/1270/1270 1265/1265/1265
f 1247/1247/1247 1265/1265/1265 1254/1254/1254
f 1230/1230/1230 1247/1247/1247 1254/1254/1254
f 1230/1230/1230 1254/1254/1254 1237/1237/1237
f 1214/1214/1214 1230/1230/1230 1237/1237/1237
f 1214/1214/1214 1237/1237/1237 1229/1229/1229
f 1196/1196/1196 1214/1214/1214 1229/1229/1229
f 1196/1196/1196 1229/1229/1229 1219/1219/1219
f 1141/1141/1141 1196/1196/1196 1219/1219/1219
f 1141/1141/1141 1219/1219/1219 1208/1208/1208
f 1122/1122/1122 1141/1141/1141 1208/1208/1208
f 1122/1122/1122 1208/1208/1208 1198/1198/1198
f 1109/1109/1109 1122/1122/1122 1198/1198/1198
f 1109/1109/1109 1198/1198/1198 1190/1190/1190
f 1100/1100/1100 1109/1109/1109 1190/1190/1190
f 1100/1100/1100 1190/1190/1190 1151/1151/1151
f 1093/1093/1093 1100/1100/1100 1151/1151/1151
f 1093/1093/1093 1151/1151/1151 1147/1147/1147
f 1088/1088/1088 1093/1093/1093 1147/1147/1147
f 1088/1088/1088 1147/1147/1147 1143/1143/1143
f 1089/1089/1089 1088/1088/1088 1143/1143/1143
f 1089/1089/1089 1143/1143/1143 1144/1144/1144
f 1149/1149/1149 1144/1144/1144 1126/1126/1126
f 1149/1149/1149 1126/1126/1126 1128/1128/1128
f 1154/1154/1154 1149/1149/1149 1128/1128/1128
f 1154/1154/1154 1128/1128/1128 1136/1136/1136
f 1193/1193/1193 1154/1154/1154 1136/1136/1136
f 1193/1193/1193 1136/1136/1136 1148/1148/1148
f 1202/1202/1202 1193/1193/1193 1148/1148/1148
f 1202/1202/1202 1148/1148/1148 1189/1189/1189
f 1215/1215/1215 1202/1202/1202 1189/1189/1189
f 1215/1215/1215 1189/1189/1189 1201/1201/1201
f 1224/1224/1224 1215/1215/1215 1201/1201/1201
f 1224/1224/1224 1201/1201/1201 1211/1211/1211
f 1235/1235/1235 1224/1224/1224 1211/1211/1211
f 1235/1235/1235 1211/1211/1211 1223/1223/1223
f 1245/1245/1245 1235/1235/1235 1223/1223/1223
f 1245/1245/1245 1223/1223/1223 1236/1236/1236
f 1262/1262/1262 1245/1245/1245 1236/1236/1236
f 1262/1262/1262 1236/1236/1236 1246/1246/1246
f 1273/1273/1273 1262/1262/1262 1246/1246/1246
f 1273/1273/1273 1246/1246/1246 1263/1263/1263
f 1292/1292/1292 1273/1273/1273 1263/1263/1263
f 1292/1292/1292 1263/1263/1263 1274/1274/1274
f 1302/1302/1302 1292/1292/1292 1274/1274/1274
f 1302/1302/1302 1274/1274/1274 1291/1291/1291
f 1341/1341/1341 1302/1302/1302 1291/1291/1291
f 1341/1341/1341 1291/1291/1291 1298/1298/1298
f 1349/1349/1349 1341/1341/1341 1298/1298/1298
f 1349/1349/1349 1298/1298/1298 1340/1340/1340
f 1361/1361/1361 1349/1349/1349 1340/1340/1340
f 1361/1361/1361 1340/1340/1340 1346/1346/1346
f 1371/1371/1371 1361/1361/1361 1346/1346/1346
f 1371/1371/1371 1346/1346/1346 1353/1353/1353
f 1376/1376/1376 1371/1371/1371 1353/1353/1353
f 1376/1376/1376 1353/1353/1353 1360/1360/1360
f 1381/1381/1381 1376/1376/1376 1360/1360/1360
f 1381/1381/1381 1360/1360/1360 1366/1366/1366
f 1383/1383/1383 1381/1381/1381 1366/1366/1366
f 1383/1383/1383 1366/1366/1366 1368/1368/1368
f 1382/1382/1382 1383/1383/1383 1368/1368/1368
f 1382/1382/1382 1368/1368/1368 1367/1367/1367
f 1380/1380/1380 1382/1382/1382 1367/1367/1367
f 1380/1380/1380 1367/1367/1367 1362/1362/1362
f 1375/1375/1375 1380/1380/1380 1362/1362/1362
f 1375/1375/1375 1362/1362/1362 1359/1359/1359
f 1365/1365/1365 1375/1375/1375 1359/1359/1359
f 1365/1365/1365 1359/1359/1359 1348/1348/1348
f 1354/1354/1354 1365/1365/1365 1348/1348/1348
f 1354/1354/1354 1348/1348/1348 1342/1342/1342
f 1343/1343/1343 1354/1354/1354 1342/1342/1342
f 1343/1343/1343 1342/1342/1342 1333/1333/1333
f 1334/1334/1334 1343/1343/1343 1333/1333/1333
f 1334/1334/1334 1333/1333/1333 1295/1295/1295
f 1296/1296/1296 1334/1334/1334 1295/1295/1295
f 1296/1296/1296 1295/1295/1295 1282/1282/1282
f 1281/1281/1281 1296/1296/1296 1282/1282/1282
f 1281/1281/1281 1282/1282/1282 1266/1266/1266
f 1265/1265/1265 1281/1281/1281 1266/1266/1266
f 1265/1265/1265 1266/1266/1266 1255/1255/1255
f 1254/1254/1254 1265/1265/1265 1255/1255/1255
f 1254/1254/1254 1255/1255/1255 1242/1242/1242
f 1237/1237/1237 1254/1254/1254 1242/1242/1242
f 1237/1237/1237 1242/1242/1242 1228/1228/1228
f 1229/1229/1229 1237/1237/1237 1228/1228/1228
f 1229/1229/1229 1228/1228/1228 1218/1218/1218
f 1219/1219/1219 1229/1229/1229 1218/1218/1218
f 1219/1219/1219 1218/1218/1218 1203/1203/1203
f 1208/1208/1208 1219/1219/1219 1203/1203/1203
f 1208/1208/1208 1203/1203/1203 1192/1192/1192
f 1198/1198/1198 1208/1208/1208 1192/1192/1192
f 1198/1198/1198 1192/1192/1192 1150/1150/1150
f 1190/1190/1190 1198/1198/1198 1150/1150/1150
f 1190/1190/1190 1150/1150/1150 1139/1139/1139
f 1151/1151/1151 1190/1190/1190 1139/1139/1139
f 1151/1151/1151 1139/1139/1139 1133/1133/1133
f 1147/1147/1147 1151/1151/1151 1133/1133/1133
f 1147/1147/1147 1133/1133/1133 1127/1127/1127
f 1143/1143/1143 1147/1147/1147 1127/1127/1127
f 1143/1143/1143 1127/1127/1127 1125/1125/1125
f 1144/1144/1144 1143/1143/1143 1125/1125/1125
f 1144/1144/1144 1125/1125/1125 1126/1126/1126

