mtllib material.mtl
usemtl lambert3SG
v 4.59470800 0.19557800 -1.03245500
v 4.59470800 0.22402000 -1.03245500
v 4.59014100 0.19557800 -1.02070700
v 4.59014100 0.22402000 -1.02070700
v 4.58919600 0.16775600 -1.03459800
v 4.58919600 0.25184200 -1.03459800
v 4.58463000 0.16775600 -1.02284900
v 4.58463000 0.25184200 -1.02284900
v 4.58217500 0.22260700 -1.03732700
v 4.58217400 0.19699100 -1.03732700
v 4.57979600 0.19699100 -1.03120600
v 4.57979600 0.22260700 -1.03120600
v 4.57841300 0.14177300 -1.03878800
v 4.57841300 0.27782400 -1.03878800
v 4.57721300 0.24766300 -1.03925600
v 4.57720900 0.17193400 -1.03925500
v 4.57483400 0.24766300 -1.03313500
v 4.57483100 0.17193400 -1.03313500
v 4.57384800 0.14177300 -1.02704000
v 4.57384700 0.27782400 -1.02704000
v 4.56750100 0.14853300 -1.04302900
v 4.56750100 0.27106500 -1.04302900
v 4.56512300 0.27106500 -1.03690900
v 4.56512100 0.14853300 -1.03690900
v 4.56283100 0.11876200 -1.04484500
v 4.56283100 0.30083600 -1.04484500
v 4.55826500 0.11876200 -1.03309600
v 4.55826500 0.30083600 -1.03309600
v 4.55346500 0.12780900 -1.04848400
v 4.55346500 0.29178800 -1.04848400
v 4.55108600 0.12780900 -1.04236400
v 4.55108600 0.29178800 -1.04236400
v 4.54312900 0.09973000 -1.05250200
v 4.54312900 0.31986700 -1.05250200
v 4.53856300 0.09973000 -1.04075300
v 4.53856200 0.31986700 -1.04075300
v 4.53572300 0.30892800 -1.05538000
v 4.53572200 0.11066900 -1.05538000
v 4.53334300 0.11066900 -1.04926000
v 4.53334300 0.30892800 -1.04925900
v 4.52017000 0.08550900 -1.06142500
v 4.52017000 0.33408800 -1.06142500
v 4.51560500 0.08550900 -1.04967600
v 4.51560500 0.33408800 -1.04967600
v 4.51504500 0.09786000 -1.06341700
v 4.51504500 0.32173700 -1.06341700
v 4.51266700 0.32173700 -1.05729600
v 4.51266500 0.09786000 -1.05729700
v 4.49495700 0.07672000 -1.07122300
v 4.49495700 0.34287700 -1.07122300
v 4.49233800 0.08994500 -1.07224300
v 4.49233700 0.32965300 -1.07224200
v 4.49039200 0.07672000 -1.05947500
v 4.49039000 0.34287700 -1.05947500
v 4.48995900 0.08994500 -1.06612300
v 4.48995800 0.32965300 -1.06612200
v 4.46859300 0.07374700 -1.08147100
v 4.46859300 0.08726700 -1.08147100
v 4.46859300 0.33233000 -1.08147100
v 4.46859300 0.34585100 -1.08147100
v 4.46621300 0.08726700 -1.07535000
v 4.46621300 0.20979900 -1.07535000
v 4.46621300 0.33233000 -1.07534900
v 4.46402500 0.07374700 -1.06972200
v 4.46402500 0.20979900 -1.06972200
v 4.46402500 0.34585100 -1.06972200
v 4.44484600 0.08994500 -1.09069800
v 4.44484600 0.32965300 -1.09069800
v 4.44246800 0.08994500 -1.08457900
v 4.44246800 0.32965300 -1.08457800
v 4.44222600 0.34287700 -1.09171700
v 4.44222500 0.07672000 -1.09171700
v 4.43766100 0.07672000 -1.07996900
v 4.43766100 0.34287700 -1.07996900
v 4.42213800 0.09786100 -1.09952500
v 4.42213800 0.32173600 -1.09952400
v 4.41975800 0.09786100 -1.09340400
v 4.41975800 0.32173600 -1.09340400
v 4.41701200 0.08550900 -1.10151600
v 4.41701200 0.33408800 -1.10151600
v 4.41244700 0.08550900 -1.08976800
v 4.41244700 0.33408800 -1.08976800
v 4.40146200 0.30892800 -1.10756000
v 4.40146100 0.11066900 -1.10756100
v 4.39908200 0.30892800 -1.10144000
v 4.39908100 0.11066900 -1.10144000
v 4.39405400 0.09973000 -1.11044000
v 4.39405400 0.31986700 -1.11044000
v 4.38948700 0.09973000 -1.09869100
v 4.38948800 0.31986700 -1.09869000
v 4.38371800 0.29178800 -1.11445600
v 4.38371700 0.12780900 -1.11445600
v 4.38133900 0.29178800 -1.10833600
v 4.38133800 0.12780900 -1.10833600
v 4.37435200 0.11876200 -1.11809600
v 4.37435200 0.30083600 -1.11809600
v 4.36968300 0.14853300 -1.11991100
v 4.36968300 0.27106500 -1.11991100
v 4.36978600 0.11876200 -1.10634800
v 4.36978600 0.30083600 -1.10634800
v 4.36730400 0.14853300 -1.11379100
v 4.36730400 0.27106500 -1.11379000
v 4.35997300 0.17193400 -1.12368400
v 4.35997200 0.24766300 -1.12368500
v 4.35877000 0.14177300 -1.12415200
v 4.35877000 0.27782400 -1.12415200
v 4.35759400 0.17193400 -1.11756400
v 4.35759300 0.24766300 -1.11756400
v 4.35500900 0.22260700 -1.12561500
v 4.35500800 0.19699100 -1.12561400
v 4.35420400 0.14177300 -1.11240400
v 4.35420400 0.27782400 -1.11240400
v 4.35263000 0.22260700 -1.11949400
v 4.35262900 0.19699100 -1.11949400
v 4.34798700 0.16775600 -1.12834300
v 4.34798700 0.25184200 -1.12834300
v 4.34342100 0.16775600 -1.11659400
v 4.34342100 0.25184200 -1.11659400
v 4.34247500 0.19557800 -1.13048500
v 4.34247500 0.22402000 -1.13048500
v 4.33791000 0.19557800 -1.11873600
v 4.33791000 0.22402000 -1.11873600
v 4.15643400 -0.58029500 -0.84154300
v 4.15664600 -0.57021200 -0.83005900
v 4.15601300 -0.55437600 -0.86429000
v 4.15622500 -0.54429300 -0.85280500
v 4.15646600 1.02930000 -0.83974500
v 4.15625400 1.03932700 -0.85127700
v 4.15688500 1.05532700 -0.81712300
v 4.15667200 1.06535400 -0.82865500
v 4.14967500 -0.60564800 -0.81916100
v 4.14988700 -0.59556600 -0.80767700
v 4.14843300 -0.52902200 -0.88640700
v 4.14864400 -0.51894000 -0.87492300
v 4.14888800 1.00384000 -0.86174000
v 4.14867500 1.01386700 -0.87327300
v 4.15012400 1.08078700 -0.79486200
v 4.14991100 1.09081500 -0.80639500
v 4.13603400 -0.62932700 -0.79812300
v 4.13624700 -0.61924500 -0.78663800
v 4.13402400 -0.50534300 -0.90692800
v 4.13423600 -0.49526100 -0.89544300
v 4.13448100 0.98006200 -0.88214700
v 4.13426900 0.99008900 -0.89368000
v 4.13648100 1.10456500 -0.77393700
v 4.13626800 1.11459400 -0.78547000
v 4.11610700 -0.65029600 -0.77934500
v 4.11631900 -0.64021400 -0.76786100
v 4.11341600 -0.48437400 -0.92495500
v 4.11362800 -0.47429200 -0.91347000
v 4.11387500 0.95900400 -0.90007500
v 4.11366300 0.96903100 -0.91160800
v 4.11655100 1.12562300 -0.75526000
v 4.11633900 1.13565000 -0.76679300
v 4.09076200 -0.66764000 -0.76365200
v 4.09097400 -0.65755800 -0.75216700
v 4.08750900 -0.46703100 -0.93970200
v 4.08772200 -0.45694800 -0.92821700
v 4.08797100 0.94158800 -0.91473900
v 4.08775700 0.95161500 -0.92627100
v 4.09120600 1.14303900 -0.73965000
v 4.09099300 1.15306600 -0.75118200
v 4.06111000 -0.68059900 -0.75172600
v 4.06132300 -0.67051700 -0.74024300
v 4.05743700 -0.45407000 -0.95052400
v 4.05765000 -0.44398900 -0.93903900
v 4.05789900 0.92857500 -0.92549800
v 4.05768700 0.93860100 -0.93703000
v 4.06155300 1.15605300 -0.72778800
v 4.06133900 1.16607900 -0.73932000
v 4.02844600 -0.68860900 -0.74409200
v 4.02865800 -0.67852700 -0.73260700
v 4.02451300 -0.44606100 -0.95694600
v 4.02472500 -0.43597900 -0.94546200
v 4.02497600 0.92053100 -0.93188200
v 4.02476300 0.93055800 -0.94341500
v 4.02888800 1.16409600 -0.72019100
v 4.02867400 1.17412300 -0.73172400
v 3.99419700 -0.69131900 -0.74108000
v 3.99440900 -0.68123600 -0.72959500
v 3.99218600 -0.56733500 -0.84988600
v 3.99239800 -0.55725300 -0.83840100
v 3.99017600 -0.44335200 -0.95869000
v 3.99038800 -0.43327000 -0.94720600
v 3.99063900 0.91781000 -0.93361300
v 3.99042600 0.92783700 -0.94514600
v 3.99263900 1.04231400 -0.82540300
v 3.99242500 1.05234100 -0.83693500
v 3.99463800 1.16681700 -0.71719300
v 3.99442500 1.17684400 -0.72872600
v 3.95986000 -0.68860900 -0.74282400
v 3.96007200 -0.67852700 -0.73134000
v 3.95592700 -0.44606100 -0.95567900
v 3.95613900 -0.43597900 -0.94419500
v 3.95639000 0.92053100 -0.93061400
v 3.95617700 0.93055800 -0.94214700
v 3.96030100 1.16409600 -0.71892400
v 3.96008800 1.17412300 -0.73045700
v 3.92693700 -0.68059900 -0.74924700
v 3.92714900 -0.67051700 -0.73776300
v 3.92326300 -0.45407100 -0.94804400
v 3.92347600 -0.44398900 -0.93655900
v 3.92372600 0.92857500 -0.92301900
v 3.92351300 0.93860100 -0.93455100
v 3.92737900 1.15605300 -0.72530800
v 3.92716600 1.16607900 -0.73684000
v 3.89686400 -0.66764000 -0.76007000
v 3.89707600 -0.65755800 -0.74858500
v 3.89361100 -0.46703100 -0.93612000
v 3.89382400 -0.45694800 -0.92463500
v 3.89407300 0.94158800 -0.91115600
v 3.89385900 0.95161500 -0.92268800
v 3.89730800 1.14303900 -0.73606800
v 3.89709500 1.15306600 -0.74760000
v 3.87095800 -0.65029600 -0.77481600
v 3.87117000 -0.64021400 -0.76333200
v 3.86826700 -0.48437400 -0.92042600
v 3.86847900 -0.47429200 -0.90894100
v 3.86872700 0.95900400 -0.89554500
v 3.86851400 0.96903100 -0.90707800
v 3.87140300 1.12562300 -0.75073100
v 3.87119000 1.13565000 -0.76226400
v 3.85035000 -0.62932700 -0.79284400
v 3.85056200 -0.61924500 -0.78135900
v 3.84834000 -0.50534300 -0.90164900
v 3.84855200 -0.49526100 -0.89016400
v 3.84879800 0.98006200 -0.87686900
v 3.84858400 0.99008900 -0.88840200
v 3.85079700 1.10456500 -0.76865800
v 3.85058400 1.11459200 -0.78019100
v 3.83594000 -0.60564800 -0.81336400
v 3.83615300 -0.59556600 -0.80188000
v 3.83469800 -0.52902200 -0.88061000
v 3.83491000 -0.51894000 -0.86912500
v 3.83515400 1.00384000 -0.85594300
v 3.83494100 1.01386700 -0.86747600
v 3.83638900 1.08078700 -0.78906500
v 3.83617600 1.09081400 -0.80059800
v 3.82836000 -0.58029500 -0.83548100
v 3.82857300 -0.57021200 -0.82399700
v 3.82794000 -0.55437600 -0.85822800
v 3.82815200 -0.54429300 -0.84674300
v 3.82839300 1.02930000 -0.83368300
v 3.82818000 1.03932700 -0.84521500
v 3.82881100 1.05532700 -0.81106100
v 3.82859800 1.06535400 -0.82259300
v 2.02806500 0.23511700 -0.87724800
v 2.02806500 0.25817700 -0.87724800
v 2.02515100 0.23511700 -0.86745300
v 2.02515100 0.25817700 -0.86745300
v 2.02346900 0.21256300 -0.87861500
v 2.02346900 0.28073100 -0.87861500
v 2.02055600 0.21256300 -0.86882000
v 2.02055600 0.28073100 -0.86882000
v 2.01761600 0.23626300 -0.88035600
v 2.01761600 0.25703000 -0.88035600
v 2.01609800 0.23626300 -0.87525400
v 2.01609800 0.25703000 -0.87525400
v 2.01448100 0.19149700 -0.88128900
v 2.01448100 0.30179700 -0.88128900
v 2.01347700 0.21595000 -0.88158800
v 2.01347700 0.27734400 -0.88158800
v 2.01196100 0.21595000 -0.87648500
v 2.01196100 0.27734500 -0.87648600
v 2.01156800 0.19149700 -0.87149500
v 2.01156800 0.30179700 -0.87149500
v 2.00538200 0.19697800 -0.88399600
v 2.00538200 0.29631600 -0.88399600
v 2.00386400 0.19697800 -0.87889300
v 2.00386400 0.29631600 -0.87889300
v 2.00149000 0.17284200 -0.88515500
v 2.00149000 0.32045200 -0.88515500
v 1.99857500 0.17284200 -0.87536000
v 1.99857500 0.32045200 -0.87536000
v 1.99368100 0.18017700 -0.88747700
v 1.99368100 0.31311700 -0.88747800
v 1.99216400 0.18017700 -0.88237500
v 1.99216400 0.31311700 -0.88237500
v 1.98506500 0.15741200 -0.89004100
v 1.98506500 0.33588100 -0.89004100
v 1.98215100 0.15741200 -0.88024700
v 1.98215100 0.33588100 -0.88024700
v 1.97889000 0.16628100 -0.89187800
v 1.97889000 0.32701300 -0.89187800
v 1.97737300 0.32701300 -0.88677500
v 1.97737200 0.16628100 -0.88677600
v 1.96592500 0.14588400 -0.89573600
v 1.96592500 0.34741100 -0.89573600
v 1.96301000 0.14588400 -0.88594200
v 1.96301000 0.34741100 -0.88594200
v 1.96165100 0.15589600 -0.89700800
v 1.96165100 0.33739800 -0.89700700
v 1.96013400 0.15589600 -0.89190500
v 1.96013400 0.33739700 -0.89190500
v 1.94490400 0.13875800 -0.90198900
v 1.94490400 0.35453600 -0.90198900
v 1.94272000 0.14947900 -0.90263900
v 1.94272000 0.34381500 -0.90263900
v 1.94199100 0.13875800 -0.89219500
v 1.94199100 0.35453600 -0.89219500
v 1.94120400 0.14947900 -0.89753700
v 1.94120400 0.34381500 -0.89753700
v 1.92292500 0.13634700 -0.90852900
v 1.92292500 0.14730800 -0.90852900
v 1.92292500 0.34598500 -0.90852900
v 1.92292500 0.35694700 -0.90852900
v 1.92140600 0.14730800 -0.90342600
v 1.92140600 0.34598500 -0.90342600
v 1.92001000 0.13634700 -0.89873500
v 1.92001000 0.24664700 -0.89873500
v 1.92001000 0.35694700 -0.89873500
v 1.90312900 0.34381500 -0.91442000
v 1.90312700 0.14947900 -0.91441900
v 1.90161000 0.34381500 -0.90931700
v 1.90160900 0.14947900 -0.90931700
v 1.90094400 0.13875800 -0.91506900
v 1.90094400 0.35453600 -0.91506900
v 1.89803000 0.13875800 -0.90527500
v 1.89803000 0.35453600 -0.90527500
v 1.88419700 0.15589600 -0.92005200
v 1.88419700 0.33739700 -0.92005100
v 1.88268000 0.15589600 -0.91494900
v 1.88268000 0.33739700 -0.91494800
v 1.87992500 0.14588400 -0.92132300
v 1.87992500 0.34741000 -0.92132300
v 1.87701000 0.14588400 -0.91152700
v 1.87701000 0.34741000 -0.91152700
v 1.86696000 0.16628100 -0.92518000
v 1.86696000 0.32701300 -0.92518000
v 1.86544100 0.16628100 -0.92007700
v 1.86544100 0.32701300 -0.92007700
v 1.86078300 0.15741200 -0.92701800
v 1.86078300 0.33588100 -0.92701800
v 1.85787000 0.15741200 -0.91722300
v 1.85787000 0.33588100 -0.91722300
v 1.85216700 0.18017700 -0.92958200
v 1.85216700 0.31311700 -0.92958100
v 1.85064900 0.31311700 -0.92447900
v 1.85064800 0.18017700 -0.92447900
v 1.84435900 0.17284200 -0.93190400
v 1.84435900 0.32045200 -0.93190400
v 1.84144500 0.17284200 -0.92210900
v 1.84144500 0.32045200 -0.92210900
v 1.84046800 0.19697800 -0.93306200
v 1.84046800 0.29631600 -0.93306200
v 1.83895000 0.29631600 -0.92796000
v 1.83237200 0.21595000 -0.93547100
v 1.83237100 0.27734400 -0.93547100
v 1.83136800 0.19149700 -0.93576900
v 1.83136800 0.30179700 -0.93576900
v 1.83085300 0.21595000 -0.93036900
v 1.83085300 0.27734400 -0.93036800
v 1.82845400 0.19149700 -0.92597400
v 1.82845400 0.30179700 -0.92597400
v 1.82823200 0.23626300 -0.93670300
v 1.82823100 0.25703000 -0.93670300
v 1.82671500 0.23626300 -0.93160000
v 1.82671500 0.25703000 -0.93160000
v 1.82237900 0.21256300 -0.93844400
v 1.82237900 0.28073100 -0.93844400
v 1.81946500 0.21256300 -0.92864900
v 1.81946500 0.28073100 -0.92864900
v 1.81778400 0.23511700 -0.93981000
v 1.81778400 0.25817700 -0.93981000
v 1.81486900 0.23511700 -0.93001600
v 1.81486900 0.25817700 -0.93001600
v -0.18400600 0.25200400 0.16552400
v -0.19674000 0.09018100 0.16575900
v -0.19627200 0.09217400 0.19106900
v -0.19720700 0.09217400 0.14044800
v -0.19581600 0.09810200 0.21575600
v -0.19766300 0.09810200 0.11576100
v -0.19538300 0.10781900 0.23921200
v -0.19809700 0.10781900 0.09230500
v -0.19498300 0.12108600 0.26086000
v -0.19849700 0.12108600 0.07065800
v -0.19462600 0.13757800 0.28016400
v -0.19885300 0.13757800 0.05135200
v -0.19432100 0.15688700 0.29665400
v -0.19915800 0.15688700 0.03486400
v -0.19407600 0.17853700 0.30991900
v -0.19940300 0.17853700 0.02159900
v -0.19389600 0.20199800 0.31963500
v -0.19958300 0.20199800 0.01188200
v -0.19378700 0.22668900 0.32556200
v -0.19969200 0.22668900 0.00595500
v -0.19375000 0.25200400 0.32755300
v -0.19972900 0.25200400 0.00396400
v -0.19378700 0.27731800 0.32556200
v -0.19969200 0.27731800 0.00595500
v -0.19389600 0.30201000 0.31963500
v -0.19958300 0.30201000 0.01188200
v -0.19407600 0.32547000 0.30991900
v -0.19940300 0.32547000 0.02159900
v -0.19432100 0.34712000 0.29665400
v -0.19915800 0.34712000 0.03486400
v -0.19462600 0.36642900 0.28016400
v -0.19885300 0.36642900 0.05135200
v -0.19498300 0.38292100 0.26086000
v -0.19849700 0.38292100 0.07065800
v -0.19538300 0.39618900 0.23921200
v -0.19809700 0.39618900 0.09230500
v -0.19581600 0.40590600 0.21575600
v -0.19766300 0.40590600 0.11576100
v -0.19627200 0.41183400 0.19106900
v -0.19720700 0.41183400 0.14044800
v -0.19674000 0.41382600 0.16575900
v -0.23462600 -0.06765700 0.16645900
v -0.23370300 -0.06372100 0.21645600
v -0.23555000 -0.06372100 0.11646200
v -0.23280100 -0.05201200 0.26522200
v -0.23645100 -0.05201200 0.06769500
v -0.23194600 -0.03281600 0.31155700
v -0.23730800 -0.03281600 0.02136100
v -0.23115500 -0.00660700 0.35431800
v -0.23809800 -0.00660700 -0.02140100
v -0.23045100 0.02597000 0.39245400
v -0.23880200 0.02597000 -0.05953600
v -0.22984900 0.06411200 0.42502500
v -0.23940400 0.06411200 -0.09210800
v -0.22936400 0.10688100 0.45122900
v -0.23988800 0.10688100 -0.11831200
v -0.22901000 0.15322300 0.47042200
v -0.24024300 0.15322300 -0.13750400
v -0.22879400 0.20199800 0.48213000
v -0.24045900 0.20199800 -0.14921200
v -0.22872100 0.25200400 0.48606400
v -0.24053200 0.25200400 -0.15314700
v -0.22879400 0.30201000 0.48213000
v -0.24045900 0.30201000 -0.14921200
v -0.22901000 0.35078400 0.47042200
v -0.24024300 0.35078400 -0.13750400
v -0.22936400 0.39712600 0.45122900
v -0.23988800 0.39712600 -0.11831200
v -0.22984900 0.43989600 0.42502500
v -0.23940400 0.43989600 -0.09210800
v -0.23045100 0.47803800 0.39245400
v -0.23880200 0.47803800 -0.05953600
v -0.23115500 0.51061400 0.35431800
v -0.23809800 0.51061400 -0.02140100
v -0.23194600 0.53682300 0.31155600
v -0.23730800 0.53682300 0.02136100
v -0.23280100 0.55601900 0.26522200
v -0.23645100 0.55601900 0.06769500
v -0.23555000 0.56772800 0.11646200
v -0.23370300 0.56772900 0.21645500
v -0.23462600 0.57166400 0.16645900
v -0.29673400 -0.21762400 0.16760700
v -0.29537700 -0.21184200 0.24106000
v -0.29809100 -0.21184200 0.09415300
v -0.29405400 -0.19463800 0.31270500
v -0.29941600 -0.19463800 0.02250800
v -0.29279600 -0.16643700 0.38077600
v -0.30067300 -0.16643700 -0.04556300
v -0.29163500 -0.12793300 0.44359900
v -0.30183400 -0.12793300 -0.10838600
v -0.30286900 -0.08007300 -0.16441400
v -0.29059900 -0.08007200 0.49962600
v -0.28971500 -0.02403600 0.54747800
v -0.30375300 -0.02403600 -0.21226600
v -0.28900400 0.03879700 0.58597600
v -0.30446500 0.03879700 -0.25076300
v -0.28848300 0.10688100 0.61417200
v -0.30498600 0.10688100 -0.27895900
v -0.30530400 0.17853700 -0.29616000
v -0.28816500 0.17853800 0.63137200
v -0.28805800 0.25200400 0.63715300
v -0.30541000 0.25200400 -0.30194000
v -0.30530400 0.32546900 -0.29616000
v -0.28816500 0.32547000 0.63137200
v -0.28848300 0.39712600 0.61417200
v -0.30498600 0.39712600 -0.27895900
v -0.28900400 0.46521000 0.58597600
v -0.30446500 0.46521000 -0.25076300
v -0.28971500 0.52804400 0.54747800
v -0.30375300 0.52804400 -0.21226600
v -0.30286900 0.58408000 -0.16441400
v -0.29059900 0.58408100 0.49962600
v -0.29163500 0.63194000 0.44359900
v -0.30183400 0.63194000 -0.10838600
v -0.29279600 0.67044400 0.38077600
v -0.30067300 0.67044400 -0.04556400
v -0.29405400 0.69864600 0.31270400
v -0.29941600 0.69864600 0.02250800
v -0.29537700 0.71584900 0.24106000
v -0.29809100 0.71584900 0.09415300
v -0.29673400 0.72163100 0.16760700
v -0.38153300 -0.35602700 0.16917300
v -0.37977600 -0.34854000 0.26427400
v -0.38329000 -0.34854000 0.07407300
v -0.37806200 -0.32626700 0.35703200
v -0.38500500 -0.32626700 -0.01868700
v -0.37643300 -0.28975500 0.44516600
v -0.38663300 -0.28975500 -0.10682000
v -0.37493100 -0.23990200 0.52650300
v -0.38813500 -0.23990200 -0.18815700
v -0.37359000 -0.17793800 0.59904200
v -0.38947600 -0.17793800 -0.26069500
v -0.37244600 -0.10538800 0.66099600
v -0.39062100 -0.10538800 -0.32265000
v -0.37152500 -0.02403600 0.71084000
v -0.39154100 -0.02403600 -0.37249300
v -0.37085000 0.06411200 0.74734600
v -0.39221600 0.06411200 -0.40899900
v -0.37043900 0.15688700 0.76961500
v -0.39262800 0.15688700 -0.43126900
v -0.37030000 0.25200400 0.77710000
v -0.39276600 0.25200400 -0.43875300
v -0.37043900 0.34712000 0.76961500
v -0.39262800 0.34712000 -0.43126900
v -0.37085000 0.43989600 0.74734600
v -0.39221600 0.43989600 -0.40899900
v -0.37152500 0.52804400 0.71084000
v -0.39154100 0.52804400 -0.37249300
v -0.37244600 0.60939500 0.66099500
v -0.39062100 0.60939500 -0.32265000
v -0.37359000 0.68194600 0.59904200
v -0.38947600 0.68194600 -0.26069500
v -0.38813500 0.74391000 -0.18815700
v -0.37493100 0.74391100 0.52650300
v -0.37643300 0.79376200 0.44516600
v -0.38663300 0.79376200 -0.10682000
v -0.37806200 0.83027500 0.35703200
v -0.38500500 0.83027500 -0.01868700
v -0.38329000 0.85254800 0.07407300
v -0.37977600 0.85254900 0.26427300
v -0.38153300 0.86003400 0.16917300
v -0.48693500 -0.47945800 0.17112100
v -0.48482100 -0.47045200 0.28552700
v -0.48904900 -0.47045200 0.05671400
v -0.48275900 -0.44365800 0.39711600
v -0.49111100 -0.44365800 -0.05487400
v -0.48080000 -0.39973400 0.50314000
v -0.49307000 -0.39973400 -0.16089900
v -0.47899200 -0.33976100 0.60098900
v -0.49487800 -0.33976100 -0.25874800
v -0.47738000 -0.26521800 0.68825400
v -0.49649000 -0.26521800 -0.34601300
v -0.47600300 -0.17793800 0.76278500
v -0.49786800 -0.17793800 -0.42054300
v -0.49897500 -0.08007300 -0.48050500
v -0.47489500 -0.08007200 0.82274700
v -0.47408300 0.02597000 0.86666300
v -0.49978700 0.02597000 -0.52442100
v -0.47358800 0.13757800 0.89345400
v -0.50028200 0.13757800 -0.55121200
v -0.47342200 0.25200400 0.90245700
v -0.50044800 0.25200400 -0.56021600
v -0.47358800 0.36642900 0.89345400
v -0.50028200 0.36642900 -0.55121200
v -0.47408300 0.47803800 0.86666300
v -0.49978700 0.47803800 -0.52442100
v -0.49897500 0.58408000 -0.48050500
v -0.47489500 0.58408100 0.82274700
v -0.47600300 0.68194600 0.76278500
v -0.49786800 0.68194600 -0.42054300
v -0.47738000 0.76922500 0.68825400
v -0.49649000 0.76922500 -0.34601300
v -0.49487800 0.84376800 -0.25874800
v -0.47899200 0.84376900 0.60098900
v -0.49307000 0.90374000 -0.16089900
v -0.48080000 0.90374100 0.50314000
v -0.49111100 0.94766400 -0.05487400
v -0.48275900 0.94766500 0.39711600
v -0.48482100 0.97446000 0.28552600
v -0.48904900 0.97446000 0.05671400
v -0.48693500 0.98346500 0.17112100
v -0.48797500 -4.57378700 0.19275200
v -0.48797500 -3.40995700 0.19275200
v -0.48797500 -2.24612800 0.19275200
v -0.48797500 -1.08229800 0.19275200
v -0.48797500 1.56823800 0.19275100
v -0.48797500 2.73206700 0.19275200
v -0.48797500 3.89589700 0.19275200
v -0.48797500 5.05972700 0.19275200
v -0.48924200 -4.57378700 0.12468400
v -0.48924200 -3.40995700 0.12468400
v -0.48924200 -2.24612800 0.12468400
v -0.48924200 -1.08229800 0.12468400
v -0.48924300 1.56823800 0.12468400
v -0.48924300 2.73206700 0.12468500
v -0.48924300 3.89589700 0.12468500
v -0.48924300 5.05972700 0.12468500
v -0.51135500 -4.55438900 0.19318700
v -0.51135500 -4.47785200 0.19318700
v -0.51135500 -3.48432200 0.19318700
v -0.51135500 -3.42499400 0.19318700
v -0.51135500 -3.39492100 0.19318700
v -0.51135500 -3.33559200 0.19318700
v -0.51135500 -2.32182600 0.19318700
v -0.51135500 -2.26143400 0.19318700
v -0.51135500 -2.23082200 0.19318700
v -0.51135500 -2.17042900 0.19318700
v -0.51135500 -1.17823200 0.19318700
v -0.51135500 -1.10169600 0.19318700
v -0.51135600 1.58763600 0.19318700
v -0.51135600 1.66417300 0.19318700
v -0.51135600 2.65770200 0.19318700
v -0.51135600 2.71703100 0.19318700
v -0.51135600 2.74710400 0.19318700
v -0.51135600 2.80643300 0.19318700
v -0.51135600 3.82019900 0.19318700
v -0.51135600 3.88059100 0.19318700
v -0.51135600 3.91120300 0.19318700
v -0.51135600 3.97159600 0.19318700
v -0.51135600 4.96379300 0.19318800
v -0.51135600 5.04032900 0.19318800
v -0.51262400 -4.55438900 0.12512000
v -0.51262400 -4.47785200 0.12512000
v -0.51262400 -3.48432200 0.12512000
v -0.51262400 -3.42499400 0.12512000
v -0.51262400 -3.39492100 0.12512000
v -0.51262400 -3.33559200 0.12512000
v -0.51262400 -2.32182600 0.12512000
v -0.51262400 -2.26143400 0.12512000
v -0.51262400 -2.23082200 0.12512000
v -0.51262400 -2.17042900 0.12512000
v -0.51262400 -1.17823200 0.12512000
v -0.51262400 -1.10169600 0.12512000
v -0.51262500 1.58763600 0.12512000
v -0.51262500 1.66417300 0.12512000
v -0.51262500 2.65770100 0.12512000
v -0.51262500 2.71703100 0.12512000
v -0.51262500 2.74710400 0.12512000
v -0.51262500 2.80643300 0.12512000
v -0.51262500 3.82019900 0.12512000
v -0.51262500 3.88059100 0.12512000
v -0.51262500 3.91120300 0.12512000
v -0.51262500 3.97159600 0.12512000
v -0.51262500 4.96379300 0.12512000
v -0.51262500 5.04032900 0.12512000
v -0.61034500 -0.58487800 0.17340100
v -0.60792700 -0.57457500 0.30429600
v -0.61276400 -0.57457500 0.04250700
v -0.60556800 -0.54391900 0.43196800
v -0.61512300 -0.54391900 -0.08516600
v -0.60332600 -0.49366400 0.55327200
v -0.61736400 -0.49366400 -0.20647100
v -0.60125800 -0.42504800 0.66522400
v -0.61943300 -0.42504800 -0.31842200
v -0.59941300 -0.33976100 0.76506500
v -0.62127800 -0.33976100 -0.41826300
v -0.59783700 -0.23990200 0.85033700
v -0.62285300 -0.23990200 -0.50353500
v -0.59657000 -0.12793300 0.91894100
v -0.62412100 -0.12793300 -0.57213900
v -0.59564200 -0.00660700 0.96918700
v -0.62505000 -0.00660700 -0.62238500
v -0.62561600 0.12108600 -0.65303600
v -0.59507500 0.12108700 0.99983800
v -0.59488500 0.25200400 1.01014000
v -0.62580600 0.25200400 -0.66333800
v -0.62561600 0.38292000 -0.65303600
v -0.59507500 0.38292100 0.99983800
v -0.59564200 0.51061400 0.96918700
v -0.62505000 0.51061400 -0.62238500
v -0.59657000 0.63194000 0.91894100
v -0.62412100 0.63194000 -0.57213900
v -0.62285300 0.74391000 -0.50353500
v -0.59783700 0.74391100 0.85033700
v -0.62127800 0.84376800 -0.41826300
v -0.59941300 0.84376900 0.76506400
v -0.60125800 0.92905500 0.66522300
v -0.61943300 0.92905500 -0.31842200
v -0.61736400 0.99767000 -0.20647100
v -0.60332600 0.99767100 0.55327200
v -0.61512300 1.04792500 -0.08516600
v -0.60556800 1.04792600 0.43196700
v -0.60792700 1.07858200 0.30429600
v -0.61276400 1.07858200 0.04250700
v -0.61034500 1.08888500 0.17340100
v -0.74872400 -0.66969100 0.17595800
v -0.74606100 -0.65834400 0.32011800
v -0.75138800 -0.65834400 0.03179800
v -0.74346300 -0.62458000 0.46072900
v -0.75398600 -0.62458000 -0.10881300
v -0.74099400 -0.56923300 0.59432800
v -0.75645500 -0.56923300 -0.24241200
v -0.73871600 -0.49366400 0.71762500
v -0.75873300 -0.49366400 -0.36570900
v -0.73668400 -0.39973400 0.82758400
v -0.76076500 -0.39973400 -0.47566800
v -0.73494900 -0.28975500 0.92149800
v -0.76250000 -0.28975500 -0.56958200
v -0.73355300 -0.16643700 0.99705400
v -0.76389600 -0.16643700 -0.64513900
v -0.73253100 -0.03281600 1.05239200
v -0.76491900 -0.03281600 -0.70047700
v -0.73190700 0.10781900 1.08615100
v -0.76554300 0.10781900 -0.73423500
v -0.73169700 0.25200400 1.09749600
v -0.76575200 0.25200400 -0.74558000
v -0.73190700 0.39618900 1.08615100
v -0.76554300 0.39618900 -0.73423500
v -0.73253100 0.53682300 1.05239200
v -0.76491900 0.53682300 -0.70047700
v -0.73355300 0.67044400 0.99705400
v -0.76389600 0.67044400 -0.64513900
v -0.76250000 0.79376200 -0.56958200
v -0.73494900 0.79376300 0.92149800
v -0.76076500 0.90374000 -0.47566800
v -0.73668400 0.90374100 0.82758400
v -0.75873300 0.99767000 -0.36570900
v -0.73871600 0.99767100 0.71762500
v -0.74099400 1.07324000 0.59432800
v -0.75645500 1.07324000 -0.24241200
v -0.74346300 1.12858800 0.46072900
v -0.75398600 1.12858800 -0.10881300
v -0.75138800 1.16235100 0.03179800
v -0.74606100 1.16235200 0.32011800
v -0.74872400 1.17369800 0.17595800
v -0.89866600 -0.73181000 0.17872900
v -0.89582300 -0.71969700 0.33260400
v -0.90151000 -0.71969700 0.02485300
v -0.89305000 -0.68365900 0.48269200
v -0.90428300 -0.68365900 -0.12523400
v -0.89041500 -0.62458000 0.62529400
v -0.90691800 -0.62458000 -0.26783700
v -0.90934900 -0.54391900 -0.39944400
v -0.88798300 -0.54391800 0.75690100
v -0.91151800 -0.44365800 -0.51681400
v -0.88581500 -0.44365700 0.87427100
v -0.88396300 -0.32626700 0.97451500
v -0.91337100 -0.32626700 -0.61705800
v -0.88247300 -0.19463800 1.05516300
v -0.91486100 -0.19463800 -0.69770600
v -0.88138100 -0.05201200 1.11423100
v -0.91595200 -0.05201200 -0.75677400
v -0.88071500 0.09810200 1.15026400
v -0.91661800 0.09810200 -0.79280700
v -0.88049100 0.25200400 1.16237400
v -0.91684200 0.25200400 -0.80491800
v -0.91661800 0.40590600 -0.79280700
v -0.88071500 0.40590700 1.15026400
v -0.88138100 0.55601900 1.11423100
v -0.91595200 0.55601900 -0.75677400
v -0.88247300 0.69864600 1.05516300
v -0.91486100 0.69864600 -0.69770600
v -0.88396300 0.83027500 0.97451500
v -0.91337100 0.83027500 -0.61705800
v -0.91151800 0.94766400 -0.51681400
v -0.88581500 0.94766500 0.87427100
v -0.90934900 1.04792500 -0.39944400
v -0.88798300 1.04792600 0.75690100
v -0.89041500 1.12858800 0.62529400
v -0.90691800 1.12858800 -0.26783700
v -0.89305000 1.18766600 0.48269200
v -0.90428300 1.18766600 -0.12523400
v -0.90151000 1.22370400 0.02485200
v -0.89582300 1.22370500 0.33260400
v -0.89866600 1.23581700 0.17872900
v -1.05647800 -0.76970300 0.18164500
v -1.05352500 -0.75712400 0.34144700
v -1.05943000 -0.75712400 0.02184200
v -1.05064500 -0.71969700 0.49731600
v -1.06231000 -0.71969700 -0.13402700
v -1.04790900 -0.65834400 0.64541000
v -1.06504600 -0.65834400 -0.28212100
v -1.04538300 -0.57457500 0.78208600
v -1.06757300 -0.57457500 -0.41879800
v -1.04313100 -0.47045200 0.90397700
v -1.06982400 -0.47045200 -0.54068800
v -1.04120700 -0.34854000 1.00808100
v -1.07174800 -0.34854000 -0.64479200
v -1.03966000 -0.21184200 1.09183600
v -1.07329600 -0.21184200 -0.72854800
v -1.07442900 -0.06372200 -0.78989100
v -1.03852700 -0.06372100 1.15318000
v -1.03783500 0.09217400 1.19060000
v -1.07512000 0.09217400 -0.82731100
v -1.03760200 0.25200400 1.20317700
v -1.07535300 0.25200400 -0.83988800
v -1.03783500 0.41183400 1.19060000
v -1.07512000 0.41183400 -0.82731100
v -1.07442900 0.56772800 -0.78989100
v -1.03852700 0.56772900 1.15318000
v -1.03966000 0.71584900 1.09183600
v -1.07329600 0.71584900 -0.72854800
v -1.07174800 0.85254800 -0.64479300
v -1.04120700 0.85254900 1.00808100
v -1.04313100 0.97446000 0.90397700
v -1.06982400 0.97446000 -0.54068800
v -1.06757300 1.07858200 -0.41879800
v -1.04538300 1.07858300 0.78208600
v -1.06504600 1.16235100 -0.28212100
v -1.04790900 1.16235200 0.64541000
v -1.06231000 1.22370400 -0.13402700
v -1.05064500 1.22370500 0.49731500
v -1.05943000 1.26113100 0.02184200
v -1.05352500 1.26113200 0.34144700
v -1.05647800 1.27371000 0.18164500
v -1.21827200 -0.78243900 0.18463400
v -1.21528200 -0.76970300 0.34642800
v -1.22126200 -0.76970300 0.02283900
v -1.21236700 -0.73181000 0.50423900
v -1.22417700 -0.73181000 -0.13497100
v -1.20959700 -0.66969100 0.65418100
v -1.22694800 -0.66969100 -0.28491300
v -1.20704000 -0.58487800 0.79256000
v -1.22950500 -0.58487800 -0.42329200
v -1.20476000 -0.47945800 0.91597000
v -1.23178600 -0.47945800 -0.54670300
v -1.20281100 -0.35602700 1.02137300
v -1.23373300 -0.35602700 -0.65210500
v -1.20124400 -0.21762400 1.10617200
v -1.23530000 -0.21762400 -0.73690400
v -1.20009700 -0.06765700 1.16827900
v -1.23644700 -0.06765700 -0.79901200
v -1.19939700 0.09018100 1.20616700
v -1.23714700 0.09018100 -0.83689800
v -1.19916200 0.25200400 1.21890100
v -1.23738300 0.25200400 -0.84963200
v -1.19939700 0.41382600 1.20616700
v -1.23714700 0.41382600 -0.83689800
v -1.23644700 0.57166400 -0.79901200
v -1.20009700 0.57166500 1.16827900
v -1.20124400 0.72163100 1.10617200
v -1.23530000 0.72163100 -0.73690400
v -1.20281100 0.86003400 1.02137200
v -1.23373300 0.86003400 -0.65210500
v -1.20476000 0.98346500 0.91597000
v -1.23178600 0.98346500 -0.54670300
v -1.22950500 1.08888500 -0.42329200
v -1.20704000 1.08888600 0.79256000
v -1.22694800 1.17369800 -0.28491300
v -1.20959700 1.17369900 0.65418100
v -1.22417700 1.23581700 -0.13497200
v -1.21236700 1.23581800 0.50423900
v -1.22126200 1.27371000 0.02283900
v -1.21528200 1.27371100 0.34642800
v -1.21827200 1.28644600 0.18463400
v -1.38006700 -0.76970300 0.18762400
v -1.37711400 -0.75712400 0.34742600
v -1.38301900 -0.75712400 0.02782100
v -1.37423400 -0.71969700 0.50329500
v -1.38590000 -0.71969700 -0.12804800
v -1.37149800 -0.65834400 0.65138900
v -1.38863600 -0.65834400 -0.27614200
v -1.36897300 -0.57457500 0.78806500
v -1.39116200 -0.57457500 -0.41281900
v -1.36672000 -0.47045200 0.90995600
v -1.39341400 -0.47045200 -0.53470900
v -1.36479700 -0.34854000 1.01406000
v -1.39533700 -0.34854000 -0.63881300
v -1.36324900 -0.21184200 1.09781500
v -1.39688500 -0.21184200 -0.72256900
v -1.39801800 -0.06372200 -0.78391200
v -1.36211600 -0.06372100 1.15915900
v -1.36142400 0.09217400 1.19657900
v -1.39870900 0.09217400 -0.82133200
v -1.36119200 0.25200400 1.20915600
v -1.39894200 0.25200400 -0.83390900
v -1.36142400 0.41183400 1.19657900
v -1.39870900 0.41183400 -0.82133200
v -1.39801800 0.56772800 -0.78391200
v -1.36211600 0.56772900 1.15915900
v -1.36324900 0.71584900 1.09781500
v -1.39688500 0.71584900 -0.72256900
v -1.39533700 0.85254800 -0.63881400
v -1.36479700 0.85254900 1.01406000
v -1.36672000 0.97446000 0.90995600
v -1.39341400 0.97446000 -0.53470900
v -1.39116200 1.07858200 -0.41281900
v -1.36897300 1.07858300 0.78806500
v -1.38863600 1.16235100 -0.27614200
v -1.37149800 1.16235200 0.65138900
v -1.38590000 1.22370400 -0.12804800
v -1.37423400 1.22370500 0.50329400
v -1.38301900 1.26113100 0.02782100
v -1.37711400 1.26113200 0.34742600
v -1.38006700 1.27371000 0.18762400
v -1.45527000 -0.52391500 0.18871200
v -1.45304500 -0.51438400 0.30910100
v -1.45749400 -0.51438400 0.06832300
v -1.45087500 -0.48602100 0.42654600
v -1.45966400 -0.48602100 -0.04912200
v -1.44881200 -0.43951100 0.53816800
v -1.46172700 -0.43951100 -0.16074300
v -1.44690900 -0.37598300 0.64122400
v -1.46363100 -0.37598300 -0.26379900
v -1.44521000 -0.29698100 0.73317800
v -1.46533000 -0.29698100 -0.35575300
v -1.44375800 -0.20443300 0.81175600
v -1.46678200 -0.20443300 -0.43433100
v -1.44258900 -0.10061000 0.87500300
v -1.46795100 -0.10061000 -0.49757900
v -1.46880600 0.01193500 -0.54392100
v -1.44173200 0.01193600 0.92134600
v -1.44121000 0.13042400 0.94962500
v -1.46932900 0.13042400 -0.57220200
v -1.44103400 0.25192400 0.95913100
v -1.46950500 0.25192400 -0.58170700
v -1.46932900 0.37342300 -0.57220200
v -1.44121000 0.37342400 0.94962400
v -1.44173200 0.49191200 0.92134600
v -1.46880700 0.49191200 -0.54392200
v -1.46795100 0.60445700 -0.49757900
v -1.44258900 0.60445800 0.87500400
v -1.44375800 0.70828100 0.81175600
v -1.46678200 0.70828100 -0.43433200
v -1.46533000 0.80082800 -0.35575400
v -1.44521000 0.80082900 0.73317800
v -1.46363100 0.87983000 -0.26380100
v -1.44690900 0.87983100 0.64122300
v -1.46172600 0.94335800 -0.16074200
v -1.44881200 0.94335900 0.53816600
v -1.45087500 0.98986800 0.42654600
v -1.45966400 0.98986800 -0.04912100
v -1.45304500 1.01823100 0.30910100
v -1.45749400 1.01823100 0.06832200
v -1.45527000 1.02776200 0.18871100
v -1.53787700 -0.73181000 0.19053900
v -1.53503400 -0.71969700 0.34441500
v -1.54072000 -0.71969700 0.03666400
v -1.53226100 -0.68365900 0.49450300
v -1.54349300 -0.68365900 -0.11342400
v -1.52962600 -0.62458000 0.63710500
v -1.54612800 -0.62458000 -0.25602600
v -1.54856000 -0.54391900 -0.38763300
v -1.52719400 -0.54391800 0.76871200
v -1.55072900 -0.44365800 -0.50500300
v -1.52502500 -0.44365700 0.88608200
v -1.52317300 -0.32626700 0.98632600
v -1.55258100 -0.32626700 -0.60524700
v -1.52168300 -0.19463800 1.06697400
v -1.55407100 -0.19463800 -0.68589500
v -1.52059200 -0.05201200 1.12604200
v -1.55516200 -0.05201200 -0.74496300
v -1.51992600 0.09810200 1.16207500
v -1.55582800 0.09810200 -0.78099600
v -1.51970200 0.25200400 1.17418400
v -1.55605200 0.25200400 -0.79310700
v -1.55582800 0.40590600 -0.78099600
v -1.51992600 0.40590700 1.16207500
v -1.52059200 0.55601900 1.12604200
v -1.55516200 0.55601900 -0.74496300
v -1.52168300 0.69864600 1.06697400
v -1.55407100 0.69864600 -0.68589500
v -1.52317300 0.83027500 0.98632600
v -1.55258100 0.83027500 -0.60524700
v -1.55072900 0.94766400 -0.50500300
v -1.52502500 0.94766500 0.88608200
v -1.54856000 1.04792500 -0.38763300
v -1.52719400 1.04792600 0.76871200
v -1.52962600 1.12858800 0.63710500
v -1.54612800 1.12858800 -0.25602600
v -1.53226100 1.18766600 0.49450300
v -1.54349300 1.18766600 -0.11342400
v -1.54072000 1.22370400 0.03666300
v -1.53503400 1.22370500 0.34441500
v -1.53787700 1.23581700 0.19053900
v -1.68781900 -0.66969100 0.19331000
v -1.68515600 -0.65834400 0.33747000
v -1.69048300 -0.65834400 0.04915000
v -1.68255800 -0.62458000 0.47808000
v -1.69308100 -0.62458000 -0.09146100
v -1.68008900 -0.56923300 0.61167900
v -1.69555000 -0.56923300 -0.22506000
v -1.67781100 -0.49366400 0.73497700
v -1.69782800 -0.49366400 -0.34835700
v -1.67577900 -0.39973400 0.84493600
v -1.69986000 -0.39973400 -0.45831600
v -1.67404400 -0.28975500 0.93885000
v -1.70159500 -0.28975500 -0.55223000
v -1.67264700 -0.16643700 1.01440600
v -1.70299100 -0.16643700 -0.62778700
v -1.67162500 -0.03281600 1.06974400
v -1.70401400 -0.03281600 -0.68312500
v -1.67100100 0.10781900 1.10350300
v -1.70463800 0.10781900 -0.71688300
v -1.67079200 0.25200400 1.11484800
v -1.70484700 0.25200400 -0.72822800
v -1.67100100 0.39618900 1.10350300
v -1.70463800 0.39618900 -0.71688300
v -1.67162500 0.53682300 1.06974400
v -1.70401400 0.53682300 -0.68312500
v -1.67264700 0.67044400 1.01440600
v -1.70299100 0.67044400 -0.62778700
v -1.70159500 0.79376200 -0.55223000
v -1.67404400 0.79376300 0.93885000
v -1.69986000 0.90374000 -0.45831600
v -1.67577900 0.90374100 0.84493600
v -1.69782800 0.99767000 -0.34835700
v -1.67781100 0.99767100 0.73497700
v -1.68008900 1.07324000 0.61167900
v -1.69555000 1.07324000 -0.22506000
v -1.68255800 1.12858800 0.47808000
v -1.69308100 1.12858800 -0.09146100
v -1.69048300 1.16235100 0.04915000
v -1.68515600 1.16235200 0.33746900
v -1.68781900 1.17369800 0.19331000
v -1.77326600 1.49428100 -0.00221600
v -1.76599500 1.49428200 0.39125700
v -1.76963000 1.50976700 0.19452100
v -1.82619900 -0.58487800 0.19586700
v -1.82378000 -0.57457500 0.32676100
v -1.82861700 -0.57457500 0.06497200
v -1.82142100 -0.54391900 0.45443400
v -1.83097600 -0.54391900 -0.06270000
v -1.81918000 -0.49366400 0.57573800
v -1.83321800 -0.49366400 -0.18400500
v -1.81711100 -0.42504800 0.68769000
v -1.83528600 -0.42504800 -0.29595600
v -1.81526700 -0.33976100 0.78753100
v -1.83713100 -0.33976100 -0.39579700
v -1.81369100 -0.23990200 0.87280200
v -1.83870700 -0.23990200 -0.48107000
v -1.81242300 -0.12793300 0.94140700
v -1.83997400 -0.12793300 -0.54967300
v -1.81149500 -0.00660700 0.99165300
v -1.84090200 -0.00660700 -0.59991900
v -1.84146900 0.12108600 -0.63057000
v -1.81092800 0.12108700 1.02230400
v -1.81073800 0.25200400 1.03260600
v -1.84166000 0.25200400 -0.64087200
v -1.84146900 0.38292000 -0.63057000
v -1.81092800 0.38292100 1.02230400
v -1.81149500 0.51061400 0.99165300
v -1.84090200 0.51061400 -0.59991900
v -1.81242300 0.63194000 0.94140700
v -1.83997400 0.63194000 -0.54967300
v -1.83870700 0.74391000 -0.48107000
v -1.81369100 0.74391100 0.87280200
v -1.83713100 0.84376800 -0.39579700
v -1.81526700 0.84376900 0.78753000
v -1.81711100 0.92905500 0.68768900
v -1.83528600 0.92905500 -0.29595600
v -1.83321800 0.99767000 -0.18400500
v -1.81918000 0.99767100 0.57573800
v -1.83097600 1.04792500 -0.06270000
v -1.82142100 1.04792600 0.45443300
v -1.82378000 1.07858200 0.32676100
v -1.82861700 1.07858200 0.06497200
v -1.82619900 1.08888500 0.19586700
v -1.86747700 1.58763600 0.21844800
v -1.86747700 1.66417300 0.21844700
v -1.86747700 2.65770200 0.21844700
v -1.86747700 2.71703100 0.21844800
v -1.86747700 2.74710400 0.21844800
v -1.86747700 2.80643300 0.21844800
v -1.86747700 3.82019900 0.21844800
v -1.86747700 3.88059100 0.21844800
v -1.86747700 3.91120300 0.21844800
v -1.86747700 3.97159600 0.21844800
v -1.86747700 4.96379300 0.21844800
v -1.86747700 5.04032900 0.21844800
v -1.86747800 -4.55438900 0.21844700
v -1.86747800 -4.47785200 0.21844700
v -1.86747800 -3.48432200 0.21844700
v -1.86747800 -3.42499400 0.21844700
v -1.86747800 -3.39492100 0.21844700
v -1.86747800 -3.33559200 0.21844700
v -1.86747800 -2.32182600 0.21844700
v -1.86747800 -2.26143400 0.21844700
v -1.86747800 -2.23082200 0.21844700
v -1.86747800 -2.17042900 0.21844700
v -1.86747800 -1.17823200 0.21844700
v -1.86747800 -1.10169600 0.21844700
v -1.86874700 -4.55438900 0.15038000
v -1.86874700 -4.47785200 0.15038000
v -1.86874700 -3.48432200 0.15038000
v -1.86874700 -3.42499400 0.15038000
v -1.86874700 -3.39492100 0.15038000
v -1.86874700 -3.33559200 0.15038000
v -1.86874700 -2.32182600 0.15038000
v -1.86874700 -2.26143400 0.15038000
v -1.86874700 -2.23082200 0.15038000
v -1.86874700 -2.17042900 0.15038000
v -1.86874700 -1.17823200 0.15038000
v -1.86874700 -1.10169600 0.15038000
v -1.86874700 1.58763600 0.15038000
v -1.86874700 1.66417300 0.15038000
v -1.86874700 2.65770100 0.15038000
v -1.86874700 2.71703100 0.15038000
v -1.86874700 2.74710400 0.15038000
v -1.86874700 2.80643300 0.15038000
v -1.86874700 3.82019900 0.15038100
v -1.86874700 3.88059100 0.15038100
v -1.86874700 3.91120300 0.15038100
v -1.86874700 3.97159600 0.15038100
v -1.86874700 4.96379300 0.15038100
v -1.86874700 5.04032900 0.15038100
v -1.89086000 -4.57378700 0.21888300
v -1.89086000 -3.40995700 0.21888300
v -1.89086000 -2.24612800 0.21888300
v -1.89086000 -1.08229800 0.21888300
v -1.89086000 1.56823800 0.21888300
v -1.89086000 2.73206700 0.21888300
v -1.89086000 3.89589700 0.21888300
v -1.89086000 5.05972700 0.21888300
v -1.89212800 -4.57378700 0.15081600
v -1.89212800 -3.40995700 0.15081600
v -1.89212800 -2.24612800 0.15081600
v -1.89212800 -1.08229800 0.15081600
v -1.89212800 1.56823800 0.15081600
v -1.89212800 2.73206700 0.15081600
v -1.89212800 3.89589700 0.15081600
v -1.89212800 5.05972700 0.15081600
v -1.94960900 -0.47945800 0.19814700
v -1.94749500 -0.47045200 0.31255400
v -1.95172300 -0.47045200 0.08374100
v -1.94543300 -0.44365800 0.42414300
v -1.95378500 -0.44365800 -0.02784800
v -1.94347400 -0.39973400 0.53016600
v -1.95574400 -0.39973400 -0.13387300
v -1.94166600 -0.33976100 0.62801600
v -1.95755200 -0.33976100 -0.23172100
v -1.94005400 -0.26521800 0.71528000
v -1.95916400 -0.26521800 -0.31898700
v -1.93867700 -0.17793800 0.78981100
v -1.96054100 -0.17793800 -0.39351700
v -1.96164900 -0.08007300 -0.45347900
v -1.93756900 -0.08007200 0.84977300
v -1.93675700 0.02597000 0.89368900
v -1.96246100 0.02597000 -0.49739500
v -1.93626200 0.13757800 0.92048000
v -1.96295500 0.13757800 -0.52418600
v -1.93609600 0.25200400 0.92948300
v -1.96312200 0.25200400 -0.53319000
v -1.93626200 0.36642900 0.92048000
v -1.96295500 0.36642900 -0.52418600
v -1.93675700 0.47803800 0.89368900
v -1.96246100 0.47803800 -0.49739500
v -1.96164900 0.58408000 -0.45347900
v -1.93756900 0.58408100 0.84977300
v -1.93867700 0.68194600 0.78981100
v -1.96054100 0.68194600 -0.39351700
v -1.94005400 0.76922500 0.71528000
v -1.95916400 0.76922500 -0.31898700
v -1.95755200 0.84376800 -0.23172100
v -1.94166600 0.84376900 0.62801600
v -1.95574400 0.90374000 -0.13387300
v -1.94347400 0.90374100 0.53016600
v -1.95378500 0.94766400 -0.02784800
v -1.94543300 0.94766500 0.42414300
v -1.94749500 0.97446000 0.31255300
v -1.95172300 0.97446000 0.08374100
v -1.94960900 0.98346500 0.19814700
v -1.97136000 1.59425400 0.41088700
v -1.97921600 1.59425400 -0.01424800
v -1.97528800 1.61098600 0.19832100
v -2.05501100 -0.35602700 0.20009500
v -2.05325300 -0.34854000 0.29519500
v -2.05676800 -0.34854000 0.10499400
v -2.05153900 -0.32626700 0.38795400
v -2.05848200 -0.32626700 0.01223500
v -2.04991100 -0.28975500 0.47608800
v -2.06011000 -0.28975500 -0.07589800
v -2.04840900 -0.23990200 0.55742500
v -2.06161300 -0.23990200 -0.15723500
v -2.04706800 -0.17793800 0.62996300
v -2.06295400 -0.17793800 -0.22977400
v -2.04592300 -0.10538800 0.69191800
v -2.06409800 -0.10538800 -0.29172800
v -2.04500200 -0.02403600 0.74176100
v -2.06502000 -0.02403600 -0.34157200
v -2.04432800 0.06411200 0.77826700
v -2.06569400 0.06411200 -0.37807800
v -2.04391700 0.15688700 0.80053600
v -2.06610600 0.15688700 -0.40034800
v -2.04377800 0.25200400 0.80802100
v -2.06624300 0.25200400 -0.40783100
v -2.04391700 0.34712000 0.80053600
v -2.06610600 0.34712000 -0.40034800
v -2.04432800 0.43989600 0.77826700
v -2.06569400 0.43989600 -0.37807800
v -2.04500200 0.52804400 0.74176100
v -2.06502000 0.52804400 -0.34157200
v -2.04592300 0.60939500 0.69191700
v -2.06409800 0.60939500 -0.29172800
v -2.04706800 0.68194600 0.62996300
v -2.06295400 0.68194600 -0.22977400
v -2.06161300 0.74391000 -0.15723500
v -2.04840900 0.74391100 0.55742500
v -2.04991100 0.79376200 0.47608800
v -2.06011000 0.79376200 -0.07589800
v -2.05153900 0.83027500 0.38795400
v -2.05848200 0.83027500 0.01223500
v -2.05676800 0.85254800 0.10499400
v -2.05325400 0.85254900 0.29519400
v -2.05501100 0.86003400 0.20009500
v -2.13980900 -0.21762400 0.20166200
v -2.13845200 -0.21184200 0.27511500
v -2.14116600 -0.21184200 0.12820800
v -2.13712800 -0.19463800 0.34676000
v -2.14248900 -0.19463800 0.05656300
v -2.13587000 -0.16643700 0.41483100
v -2.14374700 -0.16643700 -0.01150800
v -2.13470900 -0.12793300 0.47765400
v -2.14490800 -0.12793300 -0.07433100
v -2.14594400 -0.08007300 -0.13035900
v -2.13367400 -0.08007200 0.53368100
v -2.13279000 -0.02403600 0.58153300
v -2.14682800 -0.02403600 -0.17821100
v -2.13207800 0.03879700 0.62003100
v -2.14753900 0.03879700 -0.21670800
v -2.13155700 0.10688100 0.64822700
v -2.14806000 0.10688100 -0.24490400
v -2.14837700 0.17853700 -0.26210500
v -2.13124000 0.17853800 0.66542700
v -2.13113300 0.25200400 0.67120800
v -2.14848400 0.25200400 -0.26788500
v -2.14837700 0.32546900 -0.26210500
v -2.13124000 0.32547000 0.66542700
v -2.13155700 0.39712600 0.64822700
v -2.14806000 0.39712600 -0.24490400
v -2.13207800 0.46521000 0.62003100
v -2.14753900 0.46521000 -0.21670800
v -2.13279000 0.52804400 0.58153300
v -2.14682800 0.52804400 -0.17821100
v -2.14594400 0.58408000 -0.13035900
v -2.13367400 0.58408100 0.53368100
v -2.13470900 0.63194000 0.47765400
v -2.14490800 0.63194000 -0.07433100
v -2.13587000 0.67044400 0.41483100
v -2.14374700 0.67044400 -0.01150900
v -2.13712800 0.69864600 0.34675900
v -2.14248900 0.69864600 0.05656300
v -2.13845200 0.71584900 0.27511500
v -2.14116600 0.71584900 0.12820800
v -2.13980900 0.72163100 0.20166200
v -2.17684800 -0.05641200 0.20234600
v -2.17595700 -0.05261400 0.25058400
v -2.17774000 -0.05261400 0.15410700
v -2.17508800 -0.04131600 0.29763500
v -2.17860900 -0.04131600 0.10705600
v -2.17426200 -0.02279600 0.34233900
v -2.17943500 -0.02279600 0.06235200
v -2.17349900 0.00249100 0.38359600
v -2.18019800 0.00249100 0.02109500
v -2.17281900 0.03392100 0.42039100
v -2.18087800 0.03392100 -0.01569900
v -2.17223900 0.07072200 0.45181600
v -2.18145800 0.07072200 -0.04712500
v -2.17177200 0.11198600 0.47709900
v -2.18192500 0.11198600 -0.07240700
v -2.17143000 0.15669800 0.49561600
v -2.18226700 0.15669800 -0.09092400
v -2.17122100 0.20375700 0.50691200
v -2.18247600 0.20375700 -0.10222000
v -2.17115100 0.25200400 0.51070800
v -2.17684800 0.25200400 0.20234600
v -2.18254700 0.25200400 -0.10601600
v -2.17122100 0.30025000 0.50691200
v -2.18247600 0.30025000 -0.10222000
v -2.17143000 0.34730900 0.49561600
v -2.18226700 0.34730900 -0.09092400
v -2.17177200 0.39202100 0.47709900
v -2.18192500 0.39202100 -0.07240700
v -2.17223900 0.43328600 0.45181600
v -2.18145800 0.43328600 -0.04712500
v -2.17281900 0.47008600 0.42039100
v -2.18087800 0.47008600 -0.01570000
v -2.17349900 0.50151600 0.38359600
v -2.18019800 0.50151600 0.02109500
v -2.17943500 0.52680300 0.06235200
v -2.17426200 0.52680400 0.34233900
v -2.17860900 0.54532300 0.10705600
v -2.17508800 0.54532400 0.29763500
v -2.17595700 0.55662300 0.25058400
v -2.17774000 0.55662300 0.15410700
v -2.17684800 0.56041800 0.20234600
v -2.20191700 -0.06765700 0.20280900
v -2.20099300 -0.06372100 0.25280600
v -2.20284100 -0.06372100 0.15281200
v -2.20009200 -0.05201200 0.30157200
v -2.20374200 -0.05201200 0.10404500
v -2.19923600 -0.03281600 0.34790700
v -2.20459700 -0.03281600 0.05771100
v -2.19844500 -0.00660700 0.39066800
v -2.20538800 -0.00660700 0.01494900
v -2.19774100 0.02597000 0.42880400
v -2.20609300 0.02597000 -0.02318600
v -2.19713900 0.06411200 0.46137500
v -2.20669500 0.06411200 -0.05575800
v -2.19665500 0.10688100 0.48758000
v -2.20717800 0.10688100 -0.08196200
v -2.19630100 0.15322300 0.50677200
v -2.20753300 0.15322300 -0.10115400
v -2.19608400 0.20199800 0.51848000
v -2.20774900 0.20199800 -0.11286200
v -2.19601200 0.25200400 0.52241500
v -2.20782200 0.25200400 -0.11679700
v -2.19608400 0.30201000 0.51848000
v -2.20774900 0.30201000 -0.11286200
v -2.19630100 0.35078400 0.50677200
v -2.20753300 0.35078400 -0.10115400
v -2.19665500 0.39712600 0.48758000
v -2.20717800 0.39712600 -0.08196200
v -2.19713900 0.43989600 0.46137500
v -2.20669500 0.43989600 -0.05575800
v -2.19774100 0.47803800 0.42880400
v -2.20609300 0.47803800 -0.02318600
v -2.19844500 0.51061400 0.39066800
v -2.20538800 0.51061400 0.01494900
v -2.19923600 0.53682300 0.34790600
v -2.20459700 0.53682300 0.05771100
v -2.20009200 0.55601900 0.30157200
v -2.20374200 0.55601900 0.10404500
v -2.20284100 0.56772800 0.15281200
v -2.20099300 0.56772900 0.25280600
v -2.20191700 0.57166400 0.20280900
v -2.23980400 0.09018100 0.20350900
v -2.23933700 0.09217400 0.22881900
v -2.24027200 0.09217400 0.17819800
v -2.23888000 0.09810200 0.25350700
v -2.24072800 0.09810200 0.15351200
v -2.23844700 0.10781900 0.27696300
v -2.24116100 0.10781900 0.13005600
v -2.23804700 0.12108600 0.29861000
v -2.24156200 0.12108600 0.10840800
v -2.23769000 0.13757800 0.31791500
v -2.24191900 0.13757800 0.08910300
v -2.23738600 0.15688700 0.33440400
v -2.24222300 0.15688700 0.07261400
v -2.23714100 0.17853700 0.34766900
v -2.24246800 0.17853700 0.05934900
v -2.23696100 0.20199800 0.35738500
v -2.24264700 0.20199800 0.04963200
v -2.23685200 0.22668900 0.36331200
v -2.24275700 0.22668900 0.04370500
v -2.23681400 0.25200400 0.36530400
v -2.24279400 0.25200400 0.04171400
v -2.23685200 0.27731800 0.36331200
v -2.24275700 0.27731800 0.04370500
v -2.23696100 0.30201000 0.35738500
v -2.24264700 0.30201000 0.04963200
v -2.23714100 0.32547000 0.34766900
v -2.24246800 0.32547000 0.05934900
v -2.23738600 0.34712000 0.33440400
v -2.24222300 0.34712000 0.07261400
v -2.23769000 0.36642900 0.31791500
v -2.24191900 0.36642900 0.08910300
v -2.23804700 0.38292100 0.29861000
v -2.24156200 0.38292100 0.10840800
v -2.23844700 0.39618900 0.27696300
v -2.24116100 0.39618900 0.13005600
v -2.23888000 0.40590600 0.25350700
v -2.24072800 0.40590600 0.15351200
v -2.23933700 0.41183400 0.22881900
v -2.24027200 0.41183400 0.17819800
v -2.23980400 0.41382600 0.20350900
v -2.25253700 0.25200400 0.20374400
v -2.25645300 -0.05641200 0.20381700
v -2.25556100 -0.05261400 0.25205400
v -2.25734400 -0.05261400 0.15557800
v -2.25469200 -0.04131600 0.29910500
v -2.25821300 -0.04131600 0.10852700
v -2.25386600 -0.02279600 0.34381000
v -2.25903900 -0.02279600 0.06382300
v -2.25310300 0.00249100 0.38506700
v -2.25980200 0.00249100 0.02256600
v -2.25242300 0.03392100 0.42186100
v -2.26048200 0.03392100 -0.01422800
v -2.25184300 0.07072200 0.45328700
v -2.26106200 0.07072200 -0.04565400
v -2.25137600 0.11198600 0.47857000
v -2.26152900 0.11198600 -0.07093600
v -2.25103400 0.15669800 0.49708700
v -2.26187100 0.15669800 -0.08945300
v -2.25082500 0.20375700 0.50838300
v -2.26208000 0.20375700 -0.10074900
v -2.25075500 0.25200400 0.51217900
v -2.25645300 0.25200400 0.20381700
v -2.26215100 0.25200400 -0.10454600
v -2.25082500 0.30025000 0.50838300
v -2.26208000 0.30025000 -0.10074900
v -2.25103400 0.34730900 0.49708700
v -2.26187100 0.34730900 -0.08945300
v -2.25137600 0.39202100 0.47857000
v -2.26152900 0.39202100 -0.07093600
v -2.25184300 0.43328600 0.45328700
v -2.26106200 0.43328600 -0.04565400
v -2.25242300 0.47008600 0.42186100
v -2.26048200 0.47008600 -0.01422900
v -2.25310300 0.50151600 0.38506700
v -2.25980200 0.50151600 0.02256600
v -2.25903900 0.52680300 0.06382300
v -2.25386600 0.52680400 0.34381000
v -2.25821300 0.54532300 0.10852700
v -2.25469200 0.54532400 0.29910500
v -2.25556100 0.55662300 0.25205400
v -2.25734400 0.55662300 0.15557800
v -2.25645300 0.56041800 0.20381700
v -2.38660400 -1.24802800 0.20592100
v -2.38230300 -1.22956100 0.43868400
v -2.39090500 -1.22956100 -0.02684400
v -2.37810800 -1.17461500 0.66571700
v -2.39510000 -1.17461500 -0.25387700
v -2.37412300 -1.08454300 0.88142800
v -2.39908600 -1.08454300 -0.46958800
v -2.37044400 -0.96156200 1.08050600
v -2.40276400 -0.96156200 -0.66866400
v -2.36716400 -0.80870300 1.25804900
v -2.40604500 -0.80870300 -0.84620800
v -2.36436200 -0.62972500 1.40968500
v -2.40884700 -0.62972500 -0.99784400
v -2.36210800 -0.42904000 1.53168000
v -2.36045600 -0.21158700 1.62103100
v -2.35944900 0.01728000 1.67553700
v -2.35911100 0.25192400 1.69385600
v -2.41375800 0.48656700 -1.26369500
v -2.35944900 0.48656800 1.67553600
v -2.36045600 0.71543400 1.62103100
v -2.41275100 0.71543400 -1.20918900
v -2.41110000 0.93288700 -1.11983900
v -2.36210800 0.93288800 1.53168000
v -2.36436200 1.13357300 1.40968500
v -2.40884700 1.13357300 -0.99784400
v -2.40604500 1.31254900 -0.84620900
v -2.36716400 1.31255000 1.25804900
v -2.40276400 1.46540900 -0.66866400
v -2.37044400 1.46541000 1.08050600
v -2.39908600 1.58838900 -0.46958700
v -2.37412300 1.58839000 0.88142800
v -2.39510000 1.67846100 -0.25387600
v -2.37810800 1.67846300 0.66571700
v -2.39090500 1.73340700 -0.02684400
v -2.38230300 1.73340900 0.43868400
v -2.38660400 1.75187500 0.20592100
v -2.41110100 -0.42904000 -1.11983900
v -2.41275200 -0.21158700 -1.20918900
v -2.41375900 0.01728000 -1.26369500
v -2.41409800 0.25192400 -1.28201400
vn 0.92380000 -0.07620000 -0.37510000
vn 0.92380000 0.07620000 -0.37510000
vn 0.42800000 -0.07620000 0.90060000
vn 0.42800000 0.07620000 0.90060000
vn 0.89430000 -0.22530000 -0.38670000
vn 0.89430000 0.22530000 -0.38660000
vn 0.39850000 -0.22530000 0.88910000
vn 0.39850000 0.22530000 0.88910000
vn -0.36710000 -0.07130000 -0.92740000
vn -0.36720000 0.07130000 -0.92740000
vn -0.42800000 0.07620000 -0.90050000
vn -0.42800000 -0.07620000 -0.90060000
vn 0.83650000 -0.36460000 -0.40910000
vn 0.83650000 0.36460000 -0.40910000
vn -0.33950000 -0.21070000 -0.91670000
vn -0.33960000 0.21070000 -0.91670000
vn -0.39850000 -0.22530000 -0.88910000
vn -0.39850000 0.22530000 -0.88910000
vn 0.34070000 -0.36460000 0.86660000
vn 0.34070000 0.36460000 0.86660000
vn -0.28550000 0.34090000 -0.89570000
vn -0.28560000 -0.34100000 -0.89560000
vn -0.34070000 -0.36460000 -0.86660000
vn -0.34070000 0.36460000 -0.86660000
vn 0.75300000 -0.48790000 -0.44160000
vn 0.75300000 0.48790000 -0.44160000
vn 0.25720000 -0.48790000 0.83410000
vn 0.25720000 0.48790000 0.83410000
vn -0.20740000 0.45630000 -0.86530000
vn -0.20740000 -0.45630000 -0.86530000
vn -0.25720000 0.48790000 -0.83410000
vn -0.25720000 -0.48790000 -0.83420000
vn 0.64740000 -0.58990000 -0.48260000
vn 0.64740000 0.58990000 -0.48260000
vn 0.15160000 -0.58990000 0.79310000
vn 0.15160000 0.58990000 0.79310000
vn -0.10860000 -0.55170000 -0.82690000
vn -0.10870000 0.55170000 -0.82690000
vn -0.15160000 0.58990000 -0.79310000
vn -0.15160000 -0.58990000 -0.79310000
vn 0.52430000 -0.66610000 -0.53040000
vn 0.52430000 0.66610000 -0.53040000
vn 0.02850000 -0.66610000 0.74530000
vn 0.02850000 0.66610000 0.74530000
vn 0.00640000 0.62300000 -0.78220000
vn 0.00640000 -0.62300000 -0.78220000
vn -0.02860000 -0.66610000 -0.74530000
vn -0.02850000 0.66610000 -0.74530000
vn 0.38920000 -0.71330000 -0.58290000
vn 0.38920000 0.71330000 -0.58290000
vn 0.13280000 0.66700000 -0.73310000
vn 0.13280000 -0.66700000 -0.73310000
vn -0.10660000 -0.71320000 0.69280000
vn -0.10660000 0.71320000 0.69280000
vn 0.10660000 0.71330000 -0.69280000
vn 0.10660000 -0.71320000 -0.69280000
vn 0.24790000 -0.72920000 -0.63790000
vn 0.26490000 0.68190000 -0.68170000
vn 0.26500000 -0.68190000 -0.68170000
vn 0.24790000 0.72920000 -0.63780000
vn 0.24790000 0.72920000 -0.63790000
vn 0.36220000 -0.00000000 -0.93210000
vn 0.24790000 -0.72920000 -0.63790000
vn -0.24790000 -0.72920000 0.63790000
vn -0.36230000 -0.00000000 0.93210000
vn -0.24790000 0.72920000 0.63780000
vn 0.39710000 0.66710000 -0.63030000
vn 0.39710000 -0.66710000 -0.63040000
vn 0.38920000 0.71320000 -0.58290000
vn 0.38920000 -0.71320000 -0.58290000
vn 0.10660000 0.71320000 -0.69280000
vn 0.10660000 -0.71320000 -0.69280000
vn -0.38920000 -0.71320000 0.58290000
vn -0.38920000 0.71320000 0.58290000
vn 0.52350000 0.62300000 -0.58120000
vn 0.52350000 -0.62300000 -0.58120000
vn 0.52430000 0.66610000 -0.53040000
vn 0.52440000 -0.66610000 -0.53040000
vn -0.02860000 -0.66620000 -0.74530000
vn -0.02850000 0.66610000 -0.74530000
vn -0.52430000 -0.66610000 0.53040000
vn -0.52430000 0.66610000 0.53040000
vn 0.63860000 -0.55170000 -0.53650000
vn 0.63860000 0.55170000 -0.53650000
vn 0.64740000 -0.58990000 -0.48260000
vn 0.64740000 0.58990000 -0.48260000
vn -0.15160000 -0.58990000 -0.79310000
vn -0.15160000 0.58990000 -0.79310000
vn -0.64740000 -0.58990000 0.48260000
vn -0.64740000 0.58990000 0.48260000
vn 0.73730000 -0.45630000 -0.49820000
vn 0.73730000 0.45630000 -0.49810000
vn 0.75300000 -0.48790000 -0.44160000
vn 0.75300000 0.48790000 -0.44160000
vn -0.25720000 -0.48790000 -0.83420000
vn -0.25720000 0.48790000 -0.83420000
vn 0.81540000 0.34100000 -0.46780000
vn 0.81540000 -0.34100000 -0.46780000
vn -0.75300000 -0.48790000 0.44150000
vn -0.75300000 0.48790000 0.44150000
vn 0.83650000 0.36460000 -0.40900000
vn 0.83650000 -0.36460000 -0.40910000
vn 0.86950000 0.21070000 -0.44680000
vn 0.86950000 -0.21070000 -0.44680000
vn -0.34070000 -0.36460000 -0.86660000
vn -0.34070000 0.36460000 -0.86660000
vn 0.89430000 0.22530000 -0.38660000
vn 0.89430000 -0.22530000 -0.38660000
vn 0.89710000 -0.07130000 -0.43610000
vn 0.89710000 0.07130000 -0.43600000
vn -0.83650000 -0.36460000 0.40910000
vn -0.83650000 0.36460000 0.40910000
vn 0.92380000 -0.07620000 -0.37510000
vn 0.92380000 0.07620000 -0.37510000
vn -0.39850000 -0.22530000 -0.88910000
vn -0.39850000 0.22530000 -0.88910000
vn -0.89430000 -0.22530000 0.38670000
vn -0.89430000 0.22530000 0.38670000
vn -0.42800000 -0.07620000 -0.90050000
vn -0.42810000 0.07620000 -0.90050000
vn -0.92380000 -0.07620000 0.37520000
vn -0.92380000 0.07620000 0.37520000
vn 0.71650000 -0.50870000 -0.47730000
vn 0.73550000 0.39420000 0.55110000
vn 0.71460000 -0.39420000 -0.57790000
vn 0.73360000 0.50870000 0.45060000
vn 0.73370000 -0.50650000 0.45300000
vn 0.71460000 0.39140000 -0.57980000
vn 0.73550000 -0.39140000 0.55300000
vn 0.71640000 0.50650000 -0.47980000
vn 0.68660000 -0.62080000 -0.37840000
vn 0.70560000 0.28210000 0.65000000
vn 0.68110000 -0.28210000 -0.67570000
vn 0.70010000 0.62080000 0.35280000
vn 0.70020000 -0.61900000 0.35580000
vn 0.68110000 0.27890000 -0.67700000
vn 0.70560000 -0.27890000 0.65140000
vn 0.68660000 0.61900000 -0.38140000
vn 0.62630000 -0.72540000 -0.28550000
vn 0.64530000 0.17740000 0.74300000
vn 0.61740000 -0.17740000 -0.76640000
vn 0.63640000 0.72540000 0.26210000
vn 0.63650000 -0.72410000 0.26560000
vn 0.61740000 0.17380000 -0.76720000
vn 0.64530000 -0.17380000 0.74390000
vn 0.62630000 0.72410000 -0.28890000
vn 0.53820000 -0.81810000 -0.20240000
vn 0.55720000 0.08470000 0.82600000
vn 0.52630000 -0.08470000 -0.84600000
vn 0.54530000 0.81810000 0.18240000
vn 0.54540000 -0.81720000 0.18630000
vn 0.52630000 0.08070000 -0.84640000
vn 0.55720000 -0.08070000 0.82640000
vn 0.53810000 0.81720000 -0.20630000
vn 0.42620000 -0.89480000 -0.13310000
vn 0.44520000 0.00810000 0.89540000
vn 0.41180000 -0.00810000 -0.91120000
vn 0.43080000 0.89480000 0.11720000
vn 0.43090000 -0.89420000 0.12150000
vn 0.41180000 0.00380000 -0.91130000
vn 0.44520000 -0.00380000 0.89540000
vn 0.42610000 0.89420000 -0.13730000
vn 0.29510000 -0.95210000 -0.08030000
vn 0.31410000 -0.04920000 0.94810000
vn 0.27890000 0.04920000 -0.95910000
vn 0.29790000 0.95210000 0.06940000
vn 0.29800000 -0.95170000 0.07390000
vn 0.27890000 -0.05370000 -0.95880000
vn 0.31410000 0.05380000 0.94790000
vn 0.29510000 0.95170000 -0.08490000
vn 0.15080000 -0.98750000 -0.04660000
vn 0.16980000 -0.08460000 0.98180000
vn 0.13340000 0.08460000 -0.98740000
vn 0.15240000 0.98750000 0.04100000
vn 0.15250000 -0.98720000 0.04580000
vn 0.13340000 -0.08930000 -0.98700000
vn 0.16980000 0.08930000 0.98140000
vn 0.15070000 0.98720000 -0.05140000
vn -0.00060000 -0.99940000 -0.03330000
vn 0.01840000 -0.09660000 0.99520000
vn -0.01390000 -0.65970000 -0.75140000
vn 0.01390000 0.65970000 0.75140000
vn -0.01840000 0.09660000 -0.99520000
vn 0.00060000 0.99940000 0.03330000
vn 0.00070000 -0.99930000 0.03810000
vn -0.01840000 -0.10130000 -0.99470000
vn 0.01390000 -0.65610000 0.75460000
vn -0.01390000 0.65610000 -0.75460000
vn 0.01840000 0.10130000 0.99470000
vn -0.00070000 0.99930000 -0.03810000
vn -0.15240000 -0.98750000 -0.04100000
vn -0.13340000 -0.08460000 0.98740000
vn -0.16980000 0.08460000 -0.98180000
vn -0.15080000 0.98750000 0.04660000
vn -0.15070000 -0.98720000 0.05140000
vn -0.16980000 -0.08930000 -0.98140000
vn -0.13340000 0.08930000 0.98700000
vn -0.15250000 0.98720000 -0.04580000
vn -0.29790000 -0.95210000 -0.06940000
vn -0.27890000 -0.04920000 0.95910000
vn -0.31410000 0.04920000 -0.94810000
vn -0.29510000 0.95210000 0.08040000
vn -0.29510000 -0.95170000 0.08490000
vn -0.31410000 -0.05380000 -0.94790000
vn -0.27890000 0.05380000 0.95880000
vn -0.29800000 0.95170000 -0.07400000
vn -0.43080000 -0.89480000 -0.11730000
vn -0.41180000 0.00800000 0.91120000
vn -0.44520000 -0.00810000 -0.89540000
vn -0.42620000 0.89480000 0.13310000
vn -0.42610000 -0.89420000 0.13730000
vn -0.44520000 0.00380000 -0.89540000
vn -0.41180000 -0.00380000 0.91130000
vn -0.43090000 0.89420000 -0.12150000
vn -0.54540000 -0.81810000 -0.18240000
vn -0.52630000 0.08470000 0.84600000
vn -0.55720000 -0.08470000 -0.82600000
vn -0.53820000 0.81810000 0.20250000
vn -0.53820000 -0.81720000 0.20640000
vn -0.55720000 0.08070000 -0.82640000
vn -0.52630000 -0.08070000 0.84640000
vn -0.54540000 0.81720000 -0.18630000
vn -0.63640000 -0.72540000 -0.26210000
vn -0.61740000 0.17740000 0.76640000
vn -0.64530000 -0.17740000 -0.74300000
vn -0.62630000 0.72540000 0.28540000
vn -0.62620000 -0.72410000 0.28890000
vn -0.64530000 0.17380000 -0.74390000
vn -0.61740000 -0.17380000 0.76720000
vn -0.63650000 0.72410000 -0.26560000
vn -0.70010000 -0.62080000 -0.35280000
vn -0.68110000 0.28210000 0.67570000
vn -0.70560000 -0.28210000 -0.65000000
vn -0.68660000 0.62080000 0.37840000
vn -0.68650000 -0.61900000 0.38140000
vn -0.70560000 0.27890000 -0.65140000
vn -0.68110000 -0.27890000 0.67700000
vn -0.70020000 0.61900000 -0.35580000
vn -0.73360000 -0.50870000 -0.45060000
vn -0.71460000 0.39420000 0.57790000
vn -0.73550000 -0.39420000 -0.55110000
vn -0.71650000 0.50870000 0.47740000
vn -0.71640000 -0.50650000 0.47980000
vn -0.73550000 0.39150000 -0.55300000
vn -0.71460000 -0.39150000 0.57980000
vn -0.73370000 0.50650000 -0.45300000
vn 0.89020000 -0.07620000 -0.44920000
vn 0.89020000 0.07620000 -0.44920000
vn 0.50000000 -0.07620000 0.86270000
vn 0.49990000 0.07620000 0.86270000
vn 0.85980000 -0.22530000 -0.45820000
vn 0.85980000 0.22530000 -0.45820000
vn 0.46960000 -0.22530000 0.85370000
vn 0.46960000 0.22530000 0.85370000
vn -0.44160000 0.07130000 -0.89440000
vn -0.44150000 -0.07130000 -0.89440000
vn -0.49890000 0.07610000 -0.86330000
vn -0.49890000 -0.07610000 -0.86330000
vn 0.80040000 -0.36460000 -0.47590000
vn 0.80040000 0.36460000 -0.47580000
vn -0.41320000 0.21080000 -0.88590000
vn -0.41320000 -0.21070000 -0.88590000
vn -0.46860000 0.22500000 -0.85420000
vn -0.46870000 -0.22510000 -0.85420000
vn 0.41010000 -0.36460000 0.83600000
vn 0.41010000 0.36460000 0.83600000
vn -0.35750000 0.34100000 -0.86940000
vn -0.35750000 -0.34100000 -0.86940000
vn -0.40920000 0.36420000 -0.83660000
vn -0.40920000 -0.36420000 -0.83660000
vn 0.71450000 -0.48790000 -0.50140000
vn 0.71450000 0.48790000 -0.50140000
vn 0.32420000 -0.48790000 0.81050000
vn 0.32420000 0.48790000 0.81040000
vn -0.27720000 0.45640000 -0.84550000
vn -0.27720000 -0.45630000 -0.84550000
vn -0.32340000 0.48740000 -0.81110000
vn -0.32340000 -0.48740000 -0.81110000
vn 0.60590000 -0.58990000 -0.53370000
vn 0.60600000 0.58990000 -0.53370000
vn 0.21560000 -0.58990000 0.77810000
vn 0.21560000 0.58990000 0.77820000
vn -0.17560000 0.55170000 -0.81540000
vn -0.17560000 -0.55170000 -0.81530000
vn -0.21500000 -0.58920000 -0.77880000
vn -0.21490000 0.58920000 -0.77890000
vn 0.47940000 -0.66620000 -0.57130000
vn 0.47940000 0.66610000 -0.57130000
vn 0.08910000 -0.66610000 0.74050000
vn 0.08910000 0.66610000 0.74050000
vn -0.05730000 0.62300000 -0.78020000
vn -0.05730000 -0.62290000 -0.78020000
vn -0.08860000 0.66540000 -0.74120000
vn -0.08850000 -0.66530000 -0.74130000
vn 0.34050000 -0.71320000 -0.61270000
vn 0.34050000 0.71320000 -0.61270000
vn 0.07270000 0.66710000 -0.74140000
vn 0.07270000 -0.66710000 -0.74140000
vn -0.04980000 -0.71320000 0.69920000
vn -0.04980000 0.71320000 0.69920000
vn 0.05030000 0.71240000 -0.69990000
vn 0.05020000 -0.71250000 -0.69990000
vn 0.19520000 -0.72920000 -0.65590000
vn 0.20860000 0.68190000 -0.70110000
vn 0.20860000 -0.68190000 -0.70100000
vn 0.19520000 0.72920000 -0.65590000
vn 0.19530000 0.72840000 -0.65670000
vn 0.19530000 -0.72840000 -0.65670000
vn -0.19520000 -0.72920000 0.65590000
vn -0.28520000 -0.00000000 0.95850000
vn -0.19520000 0.72920000 0.65590000
vn 0.34450000 -0.66700000 -0.66060000
vn 0.34450000 0.66710000 -0.66060000
vn 0.34050000 -0.71240000 -0.61360000
vn 0.34050000 0.71240000 -0.61360000
vn 0.04990000 -0.71320000 -0.69920000
vn 0.04980000 0.71320000 -0.69910000
vn -0.34050000 -0.71320000 0.61270000
vn -0.34050000 0.71320000 0.61270000
vn 0.47440000 0.62300000 -0.62190000
vn 0.47440000 -0.62300000 -0.62190000
vn 0.47940000 0.66530000 -0.57230000
vn 0.47930000 -0.66540000 -0.57230000
vn -0.08910000 -0.66610000 -0.74050000
vn -0.08910000 0.66610000 -0.74050000
vn -0.47940000 -0.66610000 0.57140000
vn -0.47940000 0.66610000 0.57140000
vn 0.59280000 0.55170000 -0.58670000
vn 0.59280000 -0.55170000 -0.58670000
vn 0.60580000 0.58930000 -0.53460000
vn 0.60570000 -0.58930000 -0.53460000
vn -0.21570000 -0.58990000 -0.77810000
vn -0.21560000 0.58990000 -0.77810000
vn -0.60600000 -0.58990000 0.53370000
vn -0.60600000 0.58990000 0.53370000
vn 0.69430000 0.45630000 -0.55650000
vn 0.69430000 -0.45630000 -0.55650000
vn 0.71420000 -0.48730000 -0.50240000
vn 0.71380000 0.48780000 -0.50260000
vn -0.32530000 -0.48860000 -0.80960000
vn -0.32420000 0.48790000 -0.81040000
vn -0.71450000 -0.48790000 0.50140000
vn -0.71450000 0.48790000 0.50140000
vn 0.77520000 0.34140000 -0.53160000
vn 0.77460000 -0.34100000 -0.53260000
vn 0.80000000 -0.36420000 -0.47690000
vn 0.82960000 0.21020000 -0.51730000
vn 0.83020000 -0.21080000 -0.51610000
vn -0.41130000 -0.36510000 -0.83520000
vn -0.41010000 0.36460000 -0.83600000
vn 0.85950000 0.22440000 -0.45920000
vn 0.85930000 -0.22500000 -0.45930000
vn -0.80040000 -0.36460000 0.47590000
vn -0.80040000 0.36460000 0.47590000
vn 0.85860000 0.07130000 -0.50770000
vn 0.85850000 -0.07130000 -0.50780000
vn 0.88970000 0.07610000 -0.45020000
vn 0.88960000 -0.07610000 -0.45030000
vn -0.46950000 -0.22530000 -0.85370000
vn -0.46950000 0.22530000 -0.85370000
vn -0.85980000 -0.22530000 0.45810000
vn -0.85980000 0.22530000 0.45810000
vn -0.50000000 -0.07620000 -0.86270000
vn -0.49990000 0.07620000 -0.86270000
vn -0.89020000 -0.07620000 0.44910000
vn -0.89020000 0.07620000 0.44910000
vn 0.99980000 -0.00000000 -0.01850000
vn 0.98690000 -0.16030000 -0.01820000
vn 0.98740000 -0.15830000 0.00690000
vn 0.98640000 -0.15830000 -0.04330000
vn 0.98780000 -0.15240000 0.03130000
vn 0.98600000 -0.15240000 -0.06770000
vn 0.98830000 -0.14280000 0.05450000
vn 0.98560000 -0.14280000 -0.09100000
vn 0.98860000 -0.12960000 0.07590000
vn 0.98520000 -0.12960000 -0.11240000
vn 0.98900000 -0.11330000 0.09510000
vn 0.98480000 -0.11330000 -0.13150000
vn 0.98930000 -0.09420000 0.11140000
vn 0.98450000 -0.09420000 -0.14790000
vn 0.98950000 -0.07280000 0.12450000
vn 0.98430000 -0.07280000 -0.16100000
vn 0.98970000 -0.04950000 0.13410000
vn 0.98410000 -0.04950000 -0.17060000
vn 0.98980000 -0.02510000 0.14000000
vn 0.98400000 -0.02510000 -0.17650000
vn 0.98990000 -0.00000000 0.14200000
vn 0.98390000 -0.00000000 -0.17850000
vn 0.98980000 0.02510000 0.14000000
vn 0.98400000 0.02510000 -0.17650000
vn 0.98970000 0.04950000 0.13410000
vn 0.98410000 0.04950000 -0.17060000
vn 0.98950000 0.07280000 0.12450000
vn 0.98430000 0.07280000 -0.16100000
vn 0.98930000 0.09420000 0.11140000
vn 0.98450000 0.09420000 -0.14790000
vn 0.98900000 0.11330000 0.09510000
vn 0.98480000 0.11330000 -0.13150000
vn 0.98860000 0.12960000 0.07590000
vn 0.98520000 0.12960000 -0.11240000
vn 0.98830000 0.14280000 0.05450000
vn 0.98560000 0.14280000 -0.09100000
vn 0.98780000 0.15240000 0.03130000
vn 0.98600000 0.15240000 -0.06780000
vn 0.98740000 0.15830000 0.00680000
vn 0.98640000 0.15830000 -0.04330000
vn 0.98690000 0.16030000 -0.01820000
vn 0.94970000 -0.31260000 -0.01760000
vn 0.95060000 -0.30870000 0.03130000
vn 0.94880000 -0.30870000 -0.06640000
vn 0.95150000 -0.29730000 0.07900000
vn 0.94800000 -0.29730000 -0.11410000
vn 0.95240000 -0.27850000 0.12430000
vn 0.94710000 -0.27850000 -0.15940000
vn 0.95310000 -0.25290000 0.16610000
vn 0.94630000 -0.25290000 -0.20120000
vn 0.95380000 -0.22100000 0.20340000
vn 0.94570000 -0.22100000 -0.23850000
vn 0.95440000 -0.18370000 0.23530000
vn 0.94510000 -0.18370000 -0.27040000
vn 0.95490000 -0.14190000 0.26090000
vn 0.94460000 -0.14190000 -0.29600000
vn 0.95520000 -0.09660000 0.27970000
vn 0.94420000 -0.09660000 -0.31480000
vn 0.95540000 -0.04890000 0.29110000
vn 0.94400000 -0.04890000 -0.32620000
vn 0.95550000 -0.00000000 0.29500000
vn 0.94400000 -0.00000000 -0.33010000
vn 0.95540000 0.04890000 0.29110000
vn 0.94400000 0.04890000 -0.32620000
vn 0.95520000 0.09660000 0.27970000
vn 0.94420000 0.09660000 -0.31480000
vn 0.95490000 0.14190000 0.26090000
vn 0.94460000 0.14190000 -0.29600000
vn 0.95440000 0.18370000 0.23530000
vn 0.94510000 0.18370000 -0.27040000
vn 0.95380000 0.22100000 0.20340000
vn 0.94570000 0.22100000 -0.23850000
vn 0.95310000 0.25290000 0.16610000
vn 0.94630000 0.25290000 -0.20120000
vn 0.95240000 0.27850000 0.12430000
vn 0.94710000 0.27850000 -0.15940000
vn 0.95150000 0.29730000 0.07900000
vn 0.94800000 0.29730000 -0.11410000
vn 0.94880000 0.30870000 -0.06640000
vn 0.95060000 0.30870000 0.03130000
vn 0.94970000 0.31260000 -0.01760000
vn 0.88930000 -0.45710000 -0.01640000
vn 0.89060000 -0.45150000 0.05510000
vn 0.88790000 -0.45150000 -0.08790000
vn 0.89190000 -0.43470000 0.12480000
vn 0.88670000 -0.43470000 -0.15760000
vn 0.89310000 -0.40730000 0.19110000
vn 0.88540000 -0.40730000 -0.22390000
vn 0.89420000 -0.36980000 0.25220000
vn 0.88430000 -0.36980000 -0.28510000
vn 0.88330000 -0.32320000 -0.33960000
vn 0.89520000 -0.32320000 0.30670000
vn 0.89610000 -0.26870000 0.35330000
vn 0.88240000 -0.26870000 -0.38620000
vn 0.89680000 -0.20750000 0.39080000
vn 0.88170000 -0.20750000 -0.42360000
vn 0.89730000 -0.14120000 0.41820000
vn 0.88120000 -0.14130000 -0.45110000
vn 0.88090000 -0.07150000 -0.46780000
vn 0.89760000 -0.07150000 0.43500000
vn 0.89770000 -0.00000000 0.44060000
vn 0.88080000 -0.00000000 -0.47340000
vn 0.88090000 0.07150000 -0.46780000
vn 0.89760000 0.07150000 0.43500000
vn 0.89730000 0.14120000 0.41820000
vn 0.88120000 0.14120000 -0.45110000
vn 0.89680000 0.20750000 0.39080000
vn 0.88170000 0.20750000 -0.42360000
vn 0.89610000 0.26870000 0.35330000
vn 0.88240000 0.26870000 -0.38620000
vn 0.88330000 0.32320000 -0.33960000
vn 0.89520000 0.32320000 0.30670000
vn 0.89420000 0.36980000 0.25220000
vn 0.88430000 0.36980000 -0.28510000
vn 0.89310000 0.40730000 0.19100000
vn 0.88540000 0.40730000 -0.22390000
vn 0.89190000 0.43470000 0.12480000
vn 0.88670000 0.43470000 -0.15770000
vn 0.89060000 0.45150000 0.05510000
vn 0.88790000 0.45150000 -0.08790000
vn 0.88930000 0.45710000 -0.01640000
vn 0.80700000 -0.59030000 -0.01490000
vn 0.80870000 -0.58310000 0.07740000
vn 0.80530000 -0.58310000 -0.10720000
vn 0.81040000 -0.56140000 0.16750000
vn 0.80360000 -0.56140000 -0.19730000
vn 0.81200000 -0.52600000 0.25310000
vn 0.80210000 -0.52600000 -0.28290000
vn 0.81340000 -0.47760000 0.33200000
vn 0.80060000 -0.47760000 -0.36180000
vn 0.81470000 -0.41740000 0.40250000
vn 0.79930000 -0.41740000 -0.43230000
vn 0.81580000 -0.34700000 0.46260000
vn 0.79820000 -0.34700000 -0.49240000
vn 0.81670000 -0.26800000 0.51100000
vn 0.79730000 -0.26800000 -0.54080000
vn 0.81740000 -0.18240000 0.54640000
vn 0.79660000 -0.18240000 -0.57630000
vn 0.81780000 -0.09230000 0.56810000
vn 0.79620000 -0.09230000 -0.59790000
vn 0.81790000 -0.00000000 0.57530000
vn 0.79610000 -0.00000000 -0.60510000
vn 0.81780000 0.09240000 0.56810000
vn 0.79620000 0.09230000 -0.59790000
vn 0.81740000 0.18240000 0.54640000
vn 0.79660000 0.18240000 -0.57630000
vn 0.81670000 0.26800000 0.51100000
vn 0.79730000 0.26800000 -0.54080000
vn 0.81580000 0.34700000 0.46260000
vn 0.79820000 0.34700000 -0.49240000
vn 0.81470000 0.41740000 0.40250000
vn 0.79930000 0.41740000 -0.43230000
vn 0.80060000 0.47760000 -0.36180000
vn 0.81340000 0.47760000 0.33200000
vn 0.81200000 0.52600000 0.25300000
vn 0.80210000 0.52600000 -0.28290000
vn 0.81040000 0.56140000 0.16750000
vn 0.80360000 0.56140000 -0.19730000
vn 0.80530000 0.58310000 -0.10720000
vn 0.80870000 0.58310000 0.07740000
vn 0.80700000 0.59030000 -0.01490000
vn 0.70500000 -0.70910000 -0.01300000
vn 0.70710000 -0.70030000 0.09790000
vn 0.70300000 -0.70030000 -0.12390000
vn 0.70910000 -0.67440000 0.20600000
vn 0.70100000 -0.67440000 -0.23210000
vn 0.71100000 -0.63180000 0.30880000
vn 0.69910000 -0.63180000 -0.33490000
vn 0.71270000 -0.57360000 0.40370000
vn 0.69730000 -0.57360000 -0.42970000
vn 0.71430000 -0.50140000 0.48830000
vn 0.69580000 -0.50140000 -0.51430000
vn 0.71560000 -0.41680000 0.56050000
vn 0.69440000 -0.41680000 -0.58660000
vn 0.69340000 -0.32190000 -0.64470000
vn 0.71670000 -0.32190000 0.61860000
vn 0.71750000 -0.21910000 0.66120000
vn 0.69260000 -0.21910000 -0.68730000
vn 0.71800000 -0.11090000 0.68720000
vn 0.69210000 -0.11090000 -0.71320000
vn 0.71810000 -0.00000000 0.69590000
vn 0.69190000 -0.00000000 -0.72200000
vn 0.71800000 0.11090000 0.68720000
vn 0.69210000 0.11090000 -0.71320000
vn 0.71750000 0.21910000 0.66120000
vn 0.69260000 0.21910000 -0.68730000
vn 0.69340000 0.32190000 -0.64470000
vn 0.71670000 0.32190000 0.61860000
vn 0.71560000 0.41680000 0.56050000
vn 0.69440000 0.41680000 -0.58660000
vn 0.71430000 0.50140000 0.48830000
vn 0.69580000 0.50140000 -0.51430000
vn 0.69730000 0.57360000 -0.42970000
vn 0.71270000 0.57360000 0.40370000
vn 0.69910000 0.63180000 -0.33490000
vn 0.71100000 0.63180000 0.30880000
vn 0.70100000 0.67440000 -0.23210000
vn 0.70910000 0.67440000 0.20600000
vn 0.70710000 0.70030000 0.09790000
vn 0.70300000 0.70030000 -0.12390000
vn 0.70500000 0.70910000 -0.01300000
vn 0.58800000 -0.57730000 0.56650000
vn 0.72010000 -0.00000000 0.69380000
vn 0.72010000 -0.00000000 0.69380000
vn 0.58800000 0.57730000 0.56650000
vn 0.58800000 -0.57730000 0.56650000
vn 0.72020000 -0.00000000 0.69380000
vn 0.72020000 -0.00000000 0.69380000
vn 0.58800000 0.57730000 0.56650000
vn 0.56650000 -0.57730000 -0.58800000
vn 0.69380000 -0.00000000 -0.72020000
vn 0.69380000 -0.00000000 -0.72020000
vn 0.56650000 0.57730000 -0.58800000
vn 0.56650000 -0.57730000 -0.58800000
vn 0.69380000 -0.00000000 -0.72020000
vn 0.69380000 -0.00000000 -0.72020000
vn 0.56650000 0.57740000 -0.58800000
vn 0.01860000 -0.00000000 0.99980000
vn 0.01860000 -0.00000000 0.99980000
vn 0.01860000 -0.00000000 0.99980000
vn 0.01860000 -0.00000000 0.99980000
vn 0.01860000 -0.00000000 0.99980000
vn 0.01860000 -0.00000000 0.99980000
vn 0.01860000 -0.00000000 0.99980000
vn 0.01860000 -0.00000000 0.99980000
vn 0.01860000 -0.00000000 0.99980000
vn 0.01860000 -0.00000000 0.99980000
vn 0.01860000 -0.00000000 0.99980000
vn 0.01860000 -0.00000000 0.99980000
vn 0.01860000 -0.00000000 0.99980000
vn 0.01860000 -0.00000000 0.99980000
vn 0.01860000 -0.00000000 0.99980000
vn 0.01860000 -0.00000000 0.99980000
vn 0.01860000 -0.00000000 0.99980000
vn 0.01860000 -0.00000000 0.99980000
vn 0.01860000 -0.00000000 0.99980000
vn 0.01860000 -0.00000000 0.99980000
vn 0.01860000 -0.00000000 0.99980000
vn 0.01860000 -0.00000000 0.99980000
vn 0.01860000 -0.00000000 0.99980000
vn 0.01860000 -0.00000000 0.99980000
vn -0.01860000 -0.00000000 -0.99980000
vn -0.01860000 -0.00000000 -0.99980000
vn -0.01860000 -0.00000000 -0.99980000
vn -0.01860000 -0.00000000 -0.99980000
vn -0.01860000 -0.00000000 -0.99980000
vn -0.01860000 -0.00000000 -0.99980000
vn -0.01860000 -0.00000000 -0.99980000
vn -0.01860000 -0.00000000 -0.99980000
vn -0.01860000 -0.00000000 -0.99980000
vn -0.01860000 -0.00000000 -0.99980000
vn -0.01860000 -0.00000000 -0.99980000
vn -0.01860000 -0.00000000 -0.99980000
vn -0.01860000 -0.00000000 -0.99980000
vn -0.01860000 -0.00000000 -0.99980000
vn -0.01860000 -0.00000000 -0.99980000
vn -0.01860000 -0.00000000 -0.99980000
vn -0.01860000 -0.00000000 -0.99980000
vn -0.01860000 -0.00000000 -0.99980000
vn -0.01860000 -0.00000000 -0.99980000
vn -0.01860000 -0.00000000 -0.99980000
vn -0.01860000 -0.00000000 -0.99980000
vn -0.01860000 -0.00000000 -0.99980000
vn -0.01860000 -0.00000000 -0.99980000
vn -0.01860000 -0.00000000 -0.99980000
vn 0.58580000 -0.81040000 -0.01080000
vn 0.58820000 -0.80040000 0.11590000
vn 0.58350000 -0.80040000 -0.13760000
vn 0.59050000 -0.77070000 0.23960000
vn 0.58120000 -0.77070000 -0.26120000
vn 0.59260000 -0.72200000 0.35700000
vn 0.57900000 -0.72200000 -0.37870000
vn 0.59460000 -0.65560000 0.46540000
vn 0.57700000 -0.65560000 -0.48710000
vn 0.59640000 -0.57300000 0.56210000
vn 0.57520000 -0.57300000 -0.58370000
vn 0.59790000 -0.47630000 0.64470000
vn 0.57370000 -0.47630000 -0.66630000
vn 0.59920000 -0.36790000 0.71110000
vn 0.57250000 -0.36790000 -0.73270000
vn 0.60010000 -0.25040000 0.75970000
vn 0.57160000 -0.25040000 -0.78140000
vn 0.57100000 -0.12680000 -0.81110000
vn 0.60060000 -0.12680000 0.78940000
vn 0.60080000 -0.00000000 0.79940000
vn 0.57090000 -0.00000000 -0.82100000
vn 0.57100000 0.12680000 -0.81110000
vn 0.60060000 0.12680000 0.78940000
vn 0.60010000 0.25040000 0.75970000
vn 0.57160000 0.25040000 -0.78140000
vn 0.59920000 0.36790000 0.71110000
vn 0.57250000 0.36790000 -0.73270000
vn 0.57370000 0.47630000 -0.66630000
vn 0.59790000 0.47630000 0.64470000
vn 0.57520000 0.57300000 -0.58370000
vn 0.59640000 0.57300000 0.56210000
vn 0.59460000 0.65560000 0.46540000
vn 0.57700000 0.65560000 -0.48710000
vn 0.57900000 0.72200000 -0.37870000
vn 0.59260000 0.72200000 0.35700000
vn 0.58120000 0.77070000 -0.26120000
vn 0.59050000 0.77070000 0.23950000
vn 0.58820000 0.80040000 0.11590000
vn 0.58350000 0.80040000 -0.13760000
vn 0.58580000 0.81040000 -0.01080000
vn 0.45230000 -0.89180000 -0.00840000
vn 0.45490000 -0.88080000 0.13110000
vn 0.44980000 -0.88080000 -0.14780000
vn 0.45740000 -0.84820000 0.26720000
vn 0.44720000 -0.84820000 -0.28390000
vn 0.45980000 -0.79460000 0.39640000
vn 0.44490000 -0.79460000 -0.41320000
vn 0.46200000 -0.72150000 0.51570000
vn 0.44270000 -0.72150000 -0.53250000
vn 0.46400000 -0.63060000 0.62210000
vn 0.44070000 -0.63060000 -0.63890000
vn 0.46570000 -0.52420000 0.71300000
vn 0.43900000 -0.52420000 -0.72970000
vn 0.46700000 -0.40490000 0.78610000
vn 0.43770000 -0.40490000 -0.80280000
vn 0.46800000 -0.27560000 0.83970000
vn 0.43670000 -0.27560000 -0.85640000
vn 0.46860000 -0.13950000 0.87230000
vn 0.43610000 -0.13950000 -0.88900000
vn 0.46880000 -0.00000000 0.88330000
vn 0.43590000 -0.00000000 -0.90000000
vn 0.46860000 0.13950000 0.87230000
vn 0.43610000 0.13950000 -0.88900000
vn 0.46800000 0.27560000 0.83970000
vn 0.43670000 0.27560000 -0.85640000
vn 0.46700000 0.40490000 0.78610000
vn 0.43770000 0.40490000 -0.80280000
vn 0.43900000 0.52420000 -0.72970000
vn 0.46570000 0.52420000 0.71300000
vn 0.44070000 0.63060000 -0.63890000
vn 0.46400000 0.63060000 0.62210000
vn 0.44270000 0.72150000 -0.53250000
vn 0.46200000 0.72150000 0.51570000
vn 0.45980000 0.79460000 0.39640000
vn 0.44490000 0.79460000 -0.41320000
vn 0.45740000 0.84820000 0.26720000
vn 0.44720000 0.84820000 -0.28390000
vn 0.44980000 0.88080000 -0.14780000
vn 0.45490000 0.88080000 0.13110000
vn 0.45230000 0.89180000 -0.00840000
vn 0.30780000 -0.95140000 -0.00570000
vn 0.31060000 -0.93970000 0.14310000
vn 0.30510000 -0.93970000 -0.15450000
vn 0.31320000 -0.90490000 0.28830000
vn 0.30240000 -0.90490000 -0.29960000
vn 0.31580000 -0.84770000 0.42620000
vn 0.29980000 -0.84770000 -0.43760000
vn 0.29750000 -0.76970000 -0.56480000
vn 0.31820000 -0.76970000 0.55350000
vn 0.29540000 -0.67280000 -0.67830000
vn 0.32020000 -0.67280000 0.66700000
vn 0.32200000 -0.55920000 0.76390000
vn 0.29360000 -0.55920000 -0.77530000
vn 0.32350000 -0.43190000 0.84190000
vn 0.29220000 -0.43190000 -0.85330000
vn 0.32450000 -0.29400000 0.89900000
vn 0.29110000 -0.29400000 -0.91040000
vn 0.32520000 -0.14880000 0.93390000
vn 0.29050000 -0.14880000 -0.94520000
vn 0.32540000 -0.00000000 0.94560000
vn 0.29020000 -0.00000000 -0.95700000
vn 0.29050000 0.14880000 -0.94520000
vn 0.32520000 0.14880000 0.93390000
vn 0.32450000 0.29400000 0.89900000
vn 0.29110000 0.29400000 -0.91040000
vn 0.32350000 0.43190000 0.84190000
vn 0.29220000 0.43190000 -0.85330000
vn 0.32200000 0.55920000 0.76390000
vn 0.29360000 0.55920000 -0.77530000
vn 0.29540000 0.67280000 -0.67830000
vn 0.32020000 0.67280000 0.66700000
vn 0.29750000 0.76970000 -0.56480000
vn 0.31820000 0.76970000 0.55350000
vn 0.31580000 0.84770000 0.42620000
vn 0.29980000 0.84770000 -0.43760000
vn 0.31330000 0.90490000 0.28830000
vn 0.30240000 0.90490000 -0.29960000
vn 0.30510000 0.93970000 -0.15450000
vn 0.31060000 0.93970000 0.14310000
vn 0.30780000 0.95140000 -0.00570000
vn 0.15580000 -0.98780000 -0.00290000
vn 0.15870000 -0.97560000 0.15160000
vn 0.15300000 -0.97560000 -0.15740000
vn 0.16140000 -0.93940000 0.30230000
vn 0.15020000 -0.93940000 -0.30810000
vn 0.16410000 -0.88010000 0.44550000
vn 0.14750000 -0.88010000 -0.45120000
vn 0.16650000 -0.79910000 0.57760000
vn 0.14510000 -0.79910000 -0.58340000
vn 0.16870000 -0.69850000 0.69550000
vn 0.14290000 -0.69850000 -0.70120000
vn 0.17060000 -0.58060000 0.79610000
vn 0.14100000 -0.58060000 -0.80190000
vn 0.17210000 -0.44840000 0.87710000
vn 0.13950000 -0.44840000 -0.88280000
vn 0.13850000 -0.30520000 -0.94220000
vn 0.17320000 -0.30520000 0.93640000
vn 0.17380000 -0.15450000 0.97260000
vn 0.13780000 -0.15450000 -0.97830000
vn 0.17410000 -0.00000000 0.98470000
vn 0.13760000 -0.00000000 -0.99050000
vn 0.17380000 0.15450000 0.97260000
vn 0.13780000 0.15450000 -0.97830000
vn 0.13850000 0.30520000 -0.94220000
vn 0.17320000 0.30520000 0.93640000
vn 0.17210000 0.44840000 0.87710000
vn 0.13950000 0.44840000 -0.88290000
vn 0.14100000 0.58060000 -0.80190000
vn 0.17060000 0.58060000 0.79610000
vn 0.16870000 0.69850000 0.69550000
vn 0.14290000 0.69850000 -0.70120000
vn 0.14510000 0.79910000 -0.58340000
vn 0.16650000 0.79910000 0.57760000
vn 0.14750000 0.88010000 -0.45120000
vn 0.16410000 0.88010000 0.44550000
vn 0.15020000 0.93940000 -0.30810000
vn 0.16140000 0.93940000 0.30230000
vn 0.15300000 0.97560000 -0.15740000
vn 0.15870000 0.97560000 0.15160000
vn 0.15580000 0.98780000 -0.00290000
vn -0.00000000 -1.00000000 -0.00000000
vn 0.00290000 -0.98770000 0.15640000
vn -0.00290000 -0.98770000 -0.15640000
vn 0.00570000 -0.95110000 0.30900000
vn -0.00570000 -0.95110000 -0.30900000
vn 0.00840000 -0.89100000 0.45390000
vn -0.00840000 -0.89100000 -0.45390000
vn 0.01090000 -0.80900000 0.58770000
vn -0.01090000 -0.80900000 -0.58770000
vn 0.01310000 -0.70710000 0.70700000
vn -0.01310000 -0.70710000 -0.70700000
vn 0.01490000 -0.58780000 0.80890000
vn -0.01490000 -0.58780000 -0.80890000
vn 0.01650000 -0.45400000 0.89090000
vn -0.01650000 -0.45400000 -0.89090000
vn 0.01760000 -0.30900000 0.95090000
vn -0.01760000 -0.30900000 -0.95090000
vn 0.01820000 -0.15640000 0.98750000
vn -0.01820000 -0.15640000 -0.98750000
vn 0.01850000 -0.00000000 0.99980000
vn -0.01850000 -0.00000000 -0.99980000
vn 0.01820000 0.15640000 0.98750000
vn -0.01820000 0.15640000 -0.98750000
vn -0.01760000 0.30900000 -0.95090000
vn 0.01760000 0.30900000 0.95090000
vn 0.01650000 0.45400000 0.89090000
vn -0.01650000 0.45400000 -0.89090000
vn 0.01490000 0.58780000 0.80890000
vn -0.01490000 0.58780000 -0.80890000
vn 0.01310000 0.70710000 0.70700000
vn -0.01310000 0.70710000 -0.70700000
vn -0.01090000 0.80900000 -0.58770000
vn 0.01090000 0.80900000 0.58770000
vn -0.00840000 0.89100000 -0.45390000
vn 0.00840000 0.89100000 0.45390000
vn -0.00570000 0.95110000 -0.30900000
vn 0.00570000 0.95110000 0.30900000
vn -0.00290000 0.98770000 -0.15640000
vn 0.00290000 0.98770000 0.15640000
vn -0.00000000 1.00000000 -0.00000000
vn -0.15580000 -0.98780000 0.00290000
vn -0.15300000 -0.97560000 0.15740000
vn -0.15870000 -0.97560000 -0.15160000
vn -0.15020000 -0.93940000 0.30810000
vn -0.16140000 -0.93940000 -0.30230000
vn -0.14750000 -0.88010000 0.45120000
vn -0.16410000 -0.88010000 -0.44550000
vn -0.14510000 -0.79910000 0.58340000
vn -0.16650000 -0.79910000 -0.57760000
vn -0.14290000 -0.69850000 0.70120000
vn -0.16870000 -0.69850000 -0.69550000
vn -0.14100000 -0.58060000 0.80190000
vn -0.17060000 -0.58060000 -0.79610000
vn -0.13950000 -0.44840000 0.88280000
vn -0.17210000 -0.44840000 -0.87710000
vn -0.17320000 -0.30520000 -0.93640000
vn -0.13850000 -0.30520000 0.94220000
vn -0.13780000 -0.15450000 0.97830000
vn -0.17380000 -0.15450000 -0.97260000
vn -0.13760000 -0.00000000 0.99050000
vn -0.17410000 -0.00000000 -0.98470000
vn -0.13780000 0.15450000 0.97830000
vn -0.17380000 0.15450000 -0.97260000
vn -0.17320000 0.30520000 -0.93640000
vn -0.13850000 0.30520000 0.94220000
vn -0.13950000 0.44840000 0.88280000
vn -0.17210000 0.44840000 -0.87710000
vn -0.17060000 0.58060000 -0.79610000
vn -0.14100000 0.58060000 0.80190000
vn -0.14290000 0.69850000 0.70120000
vn -0.16870000 0.69850000 -0.69550000
vn -0.16650000 0.79910000 -0.57760000
vn -0.14510000 0.79910000 0.58340000
vn -0.16410000 0.88010000 -0.44550000
vn -0.14750000 0.88010000 0.45120000
vn -0.16140000 0.93940000 -0.30230000
vn -0.15020000 0.93940000 0.30810000
vn -0.15870000 0.97560000 -0.15160000
vn -0.15300000 0.97560000 0.15740000
vn -0.15580000 0.98780000 0.00290000
vn -0.61360000 0.78950000 0.01130000
vn -0.61590000 0.77970000 -0.11290000
vn -0.61120000 0.77980000 0.13560000
vn -0.61790000 0.75060000 -0.23400000
vn -0.60870000 0.75070000 0.25670000
vn -0.61960000 0.70300000 -0.34910000
vn -0.60620000 0.70310000 0.37170000
vn -0.62110000 0.63810000 -0.45510000
vn -0.60380000 0.63810000 0.47780000
vn -0.62230000 0.55740000 -0.54950000
vn -0.60150000 0.55750000 0.57220000
vn -0.62330000 0.46320000 -0.63010000
vn -0.59950000 0.46320000 0.65270000
vn -0.62400000 0.35760000 -0.69480000
vn -0.59780000 0.35760000 0.71740000
vn -0.59660000 0.24340000 0.76480000
vn -0.62450000 0.24330000 -0.74220000
vn -0.62480000 0.12320000 -0.77100000
vn -0.59580000 0.12320000 0.79360000
vn -0.62480000 -0.00000000 -0.78080000
vn -0.59560000 -0.00000000 0.80330000
vn -0.59590000 -0.12320000 0.79360000
vn -0.62470000 -0.12320000 -0.77110000
vn -0.62440000 -0.24330000 -0.74220000
vn -0.59660000 -0.24330000 0.76470000
vn -0.59790000 -0.35760000 0.71740000
vn -0.62390000 -0.35760000 -0.69490000
vn -0.62320000 -0.46320000 -0.63010000
vn -0.59960000 -0.46320000 0.65270000
vn -0.60160000 -0.55740000 0.57210000
vn -0.62220000 -0.55750000 -0.54960000
vn -0.60390000 -0.63810000 0.47770000
vn -0.62100000 -0.63810000 -0.45510000
vn -0.60630000 -0.70300000 0.37170000
vn -0.61950000 -0.70310000 -0.34910000
vn -0.61780000 -0.75070000 -0.23410000
vn -0.60880000 -0.75060000 0.25670000
vn -0.61580000 -0.77980000 -0.11290000
vn -0.61130000 -0.77970000 0.13560000
vn -0.61360000 -0.78950000 0.01130000
vn -0.30780000 -0.95140000 0.00570000
vn -0.30510000 -0.93970000 0.15450000
vn -0.31060000 -0.93970000 -0.14310000
vn -0.30240000 -0.90490000 0.29960000
vn -0.31320000 -0.90490000 -0.28830000
vn -0.29980000 -0.84770000 0.43760000
vn -0.31580000 -0.84770000 -0.42620000
vn -0.31820000 -0.76970000 -0.55350000
vn -0.29750000 -0.76970000 0.56480000
vn -0.32020000 -0.67280000 -0.66700000
vn -0.29540000 -0.67280000 0.67830000
vn -0.29360000 -0.55920000 0.77530000
vn -0.32200000 -0.55920000 -0.76390000
vn -0.29220000 -0.43190000 0.85330000
vn -0.32350000 -0.43190000 -0.84190000
vn -0.29110000 -0.29400000 0.91040000
vn -0.32450000 -0.29400000 -0.89900000
vn -0.29050000 -0.14880000 0.94520000
vn -0.32520000 -0.14880000 -0.93390000
vn -0.29020000 -0.00000000 0.95700000
vn -0.32540000 -0.00000000 -0.94560000
vn -0.32520000 0.14880000 -0.93390000
vn -0.29050000 0.14880000 0.94520000
vn -0.29110000 0.29400000 0.91040000
vn -0.32450000 0.29400000 -0.89900000
vn -0.29220000 0.43190000 0.85330000
vn -0.32350000 0.43190000 -0.84190000
vn -0.29360000 0.55920000 0.77530000
vn -0.32200000 0.55920000 -0.76390000
vn -0.32020000 0.67280000 -0.66700000
vn -0.29540000 0.67280000 0.67830000
vn -0.31820000 0.76970000 -0.55350000
vn -0.29750000 0.76970000 0.56480000
vn -0.29980000 0.84770000 0.43760000
vn -0.31580000 0.84770000 -0.42620000
vn -0.30240000 0.90490000 0.29960000
vn -0.31320000 0.90490000 -0.28830000
vn -0.31060000 0.93970000 -0.14310000
vn -0.30510000 0.93970000 0.15450000
vn -0.30780000 0.95140000 0.00570000
vn -0.45230000 -0.89180000 0.00840000
vn -0.44980000 -0.88080000 0.14780000
vn -0.45490000 -0.88080000 -0.13110000
vn -0.44720000 -0.84820000 0.28390000
vn -0.45740000 -0.84820000 -0.26720000
vn -0.44490000 -0.79460000 0.41320000
vn -0.45980000 -0.79460000 -0.39640000
vn -0.44270000 -0.72150000 0.53250000
vn -0.46200000 -0.72150000 -0.51570000
vn -0.44070000 -0.63060000 0.63890000
vn -0.46400000 -0.63060000 -0.62210000
vn -0.43900000 -0.52420000 0.72970000
vn -0.46570000 -0.52420000 -0.71300000
vn -0.43770000 -0.40490000 0.80280000
vn -0.46700000 -0.40490000 -0.78610000
vn -0.43670000 -0.27560000 0.85640000
vn -0.46800000 -0.27560000 -0.83970000
vn -0.43610000 -0.13950000 0.88900000
vn -0.46860000 -0.13950000 -0.87230000
vn -0.43590000 -0.00000000 0.90000000
vn -0.46880000 -0.00000000 -0.88330000
vn -0.43610000 0.13950000 0.88900000
vn -0.46860000 0.13950000 -0.87230000
vn -0.43670000 0.27560000 0.85640000
vn -0.46800000 0.27560000 -0.83970000
vn -0.43770000 0.40490000 0.80280000
vn -0.46700000 0.40490000 -0.78610000
vn -0.46570000 0.52420000 -0.71300000
vn -0.43900000 0.52420000 0.72970000
vn -0.46400000 0.63060000 -0.62210000
vn -0.44070000 0.63060000 0.63890000
vn -0.46200000 0.72150000 -0.51570000
vn -0.44270000 0.72150000 0.53250000
vn -0.44490000 0.79460000 0.41320000
vn -0.45980000 0.79460000 -0.39640000
vn -0.44720000 0.84820000 0.28390000
vn -0.45740000 0.84820000 -0.26720000
vn -0.45490000 0.88080000 -0.13110000
vn -0.44980000 0.88080000 0.14780000
vn -0.45230000 0.89180000 0.00840000
vn 0.43910000 0.89500000 -0.07860000
vn 0.44170000 0.89500000 0.06230000
vn 0.44150000 0.89720000 -0.00820000
vn -0.58580000 -0.81040000 0.01080000
vn -0.58350000 -0.80040000 0.13760000
vn -0.58820000 -0.80040000 -0.11590000
vn -0.58120000 -0.77070000 0.26120000
vn -0.59050000 -0.77070000 -0.23950000
vn -0.57900000 -0.72200000 0.37870000
vn -0.59260000 -0.72200000 -0.35700000
vn -0.57700000 -0.65560000 0.48710000
vn -0.59460000 -0.65560000 -0.46540000
vn -0.57520000 -0.57300000 0.58370000
vn -0.59640000 -0.57300000 -0.56210000
vn -0.57370000 -0.47630000 0.66630000
vn -0.59790000 -0.47630000 -0.64470000
vn -0.57250000 -0.36790000 0.73270000
vn -0.59920000 -0.36790000 -0.71110000
vn -0.57160000 -0.25040000 0.78140000
vn -0.60010000 -0.25040000 -0.75970000
vn -0.60060000 -0.12680000 -0.78940000
vn -0.57100000 -0.12680000 0.81110000
vn -0.57090000 -0.00000000 0.82100000
vn -0.60080000 -0.00000000 -0.79940000
vn -0.60060000 0.12680000 -0.78940000
vn -0.57100000 0.12680000 0.81110000
vn -0.57160000 0.25040000 0.78140000
vn -0.60010000 0.25040000 -0.75970000
vn -0.57250000 0.36790000 0.73270000
vn -0.59920000 0.36790000 -0.71110000
vn -0.59790000 0.47630000 -0.64470000
vn -0.57370000 0.47630000 0.66630000
vn -0.59640000 0.57300000 -0.56210000
vn -0.57520000 0.57300000 0.58370000
vn -0.57700000 0.65560000 0.48710000
vn -0.59460000 0.65560000 -0.46540000
vn -0.59260000 0.72200000 -0.35700000
vn -0.57900000 0.72200000 0.37870000
vn -0.59050000 0.77070000 -0.23950000
vn -0.58120000 0.77070000 0.26120000
vn -0.58350000 0.80040000 0.13760000
vn -0.58820000 0.80040000 -0.11590000
vn -0.58580000 0.81040000 0.01080000
vn 0.01860000 -0.00000000 0.99980000
vn 0.01860000 -0.00000000 0.99980000
vn 0.01860000 -0.00000000 0.99980000
vn 0.01860000 -0.00000000 0.99980000
vn 0.01860000 -0.00000000 0.99980000
vn 0.01860000 -0.00000000 0.99980000
vn 0.01860000 -0.00000000 0.99980000
vn 0.01860000 -0.00000000 0.99980000
vn 0.01860000 -0.00000000 0.99980000
vn 0.01860000 -0.00000000 0.99980000
vn 0.01860000 -0.00000000 0.99980000
vn 0.01860000 -0.00000000 0.99980000
vn 0.01860000 -0.00000000 0.99980000
vn 0.01860000 -0.00000000 0.99980000
vn 0.01860000 -0.00000000 0.99980000
vn 0.01860000 -0.00000000 0.99980000
vn 0.01860000 -0.00000000 0.99980000
vn 0.01860000 -0.00000000 0.99980000
vn 0.01860000 -0.00000000 0.99980000
vn 0.01860000 -0.00000000 0.99980000
vn 0.01860000 -0.00000000 0.99980000
vn 0.01860000 -0.00000000 0.99980000
vn 0.01860000 -0.00000000 0.99980000
vn 0.01860000 -0.00000000 0.99980000
vn -0.01860000 -0.00000000 -0.99980000
vn -0.01860000 -0.00000000 -0.99980000
vn -0.01860000 -0.00000000 -0.99980000
vn -0.01860000 -0.00000000 -0.99980000
vn -0.01860000 -0.00000000 -0.99980000
vn -0.01860000 -0.00000000 -0.99980000
vn -0.01860000 -0.00000000 -0.99980000
vn -0.01860000 -0.00000000 -0.99980000
vn -0.01860000 -0.00000000 -0.99980000
vn -0.01860000 -0.00000000 -0.99980000
vn -0.01860000 -0.00000000 -0.99980000
vn -0.01860000 -0.00000000 -0.99980000
vn -0.01860000 -0.00000000 -0.99980000
vn -0.01860000 -0.00000000 -0.99980000
vn -0.01860000 -0.00000000 -0.99980000
vn -0.01860000 -0.00000000 -0.99980000
vn -0.01860000 -0.00000000 -0.99980000
vn -0.01860000 -0.00000000 -0.99980000
vn -0.01860000 -0.00000000 -0.99980000
vn -0.01860000 -0.00000000 -0.99980000
vn -0.01860000 -0.00000000 -0.99980000
vn -0.01860000 -0.00000000 -0.99980000
vn -0.01860000 -0.00000000 -0.99980000
vn -0.01860000 -0.00000000 -0.99980000
vn -0.56650000 -0.57730000 0.58800000
vn -0.69380000 -0.00000000 0.72020000
vn -0.69380000 -0.00000000 0.72020000
vn -0.56650000 0.57730000 0.58800000
vn -0.56650000 -0.57730000 0.58800000
vn -0.69380000 -0.00000000 0.72020000
vn -0.69380000 -0.00000000 0.72020000
vn -0.56650000 0.57730000 0.58800000
vn -0.58800000 -0.57730000 -0.56650000
vn -0.72020000 -0.00000000 -0.69380000
vn -0.72020000 -0.00000000 -0.69380000
vn -0.58800000 0.57730000 -0.56650000
vn -0.58800000 -0.57730000 -0.56650000
vn -0.72020000 -0.00000000 -0.69380000
vn -0.72020000 -0.00000000 -0.69380000
vn -0.58800000 0.57730000 -0.56650000
vn -0.70500000 -0.70910000 0.01300000
vn -0.70300000 -0.70030000 0.12390000
vn -0.70710000 -0.70030000 -0.09790000
vn -0.70100000 -0.67440000 0.23210000
vn -0.70910000 -0.67440000 -0.20600000
vn -0.69910000 -0.63180000 0.33490000
vn -0.71100000 -0.63180000 -0.30880000
vn -0.69730000 -0.57360000 0.42970000
vn -0.71270000 -0.57360000 -0.40370000
vn -0.69580000 -0.50140000 0.51430000
vn -0.71430000 -0.50140000 -0.48830000
vn -0.69440000 -0.41680000 0.58660000
vn -0.71560000 -0.41680000 -0.56050000
vn -0.71670000 -0.32190000 -0.61860000
vn -0.69340000 -0.32190000 0.64470000
vn -0.69260000 -0.21910000 0.68730000
vn -0.71750000 -0.21910000 -0.66120000
vn -0.69210000 -0.11090000 0.71320000
vn -0.71800000 -0.11090000 -0.68720000
vn -0.69190000 -0.00000000 0.72200000
vn -0.71810000 -0.00000000 -0.69590000
vn -0.69210000 0.11090000 0.71320000
vn -0.71800000 0.11090000 -0.68720000
vn -0.69260000 0.21910000 0.68730000
vn -0.71750000 0.21910000 -0.66120000
vn -0.71670000 0.32190000 -0.61860000
vn -0.69340000 0.32190000 0.64470000
vn -0.69440000 0.41680000 0.58660000
vn -0.71560000 0.41680000 -0.56050000
vn -0.69580000 0.50140000 0.51430000
vn -0.71430000 0.50140000 -0.48830000
vn -0.71270000 0.57360000 -0.40370000
vn -0.69730000 0.57360000 0.42970000
vn -0.71100000 0.63180000 -0.30880000
vn -0.69910000 0.63180000 0.33490000
vn -0.70910000 0.67440000 -0.20600000
vn -0.70100000 0.67440000 0.23210000
vn -0.70300000 0.70030000 0.12390000
vn -0.70710000 0.70030000 -0.09790000
vn -0.70500000 0.70910000 0.01300000
vn 0.41980000 0.90070000 0.11180000
vn 0.41530000 0.90070000 -0.12720000
vn 0.42340000 0.90590000 -0.00780000
vn -0.80700000 -0.59030000 0.01490000
vn -0.80530000 -0.58310000 0.10720000
vn -0.80870000 -0.58310000 -0.07740000
vn -0.80360000 -0.56140000 0.19730000
vn -0.81040000 -0.56140000 -0.16750000
vn -0.80210000 -0.52600000 0.28290000
vn -0.81200000 -0.52600000 -0.25310000
vn -0.80060000 -0.47760000 0.36180000
vn -0.81340000 -0.47760000 -0.33200000
vn -0.79930000 -0.41740000 0.43230000
vn -0.81470000 -0.41740000 -0.40250000
vn -0.79820000 -0.34700000 0.49240000
vn -0.81580000 -0.34700000 -0.46260000
vn -0.79730000 -0.26800000 0.54080000
vn -0.81670000 -0.26800000 -0.51100000
vn -0.79660000 -0.18240000 0.57630000
vn -0.81740000 -0.18240000 -0.54640000
vn -0.79620000 -0.09230000 0.59790000
vn -0.81780000 -0.09230000 -0.56810000
vn -0.79610000 -0.00000000 0.60510000
vn -0.81790000 -0.00000000 -0.57530000
vn -0.79620000 0.09230000 0.59790000
vn -0.81780000 0.09230000 -0.56810000
vn -0.79660000 0.18240000 0.57630000
vn -0.81740000 0.18240000 -0.54640000
vn -0.79730000 0.26800000 0.54080000
vn -0.81670000 0.26800000 -0.51100000
vn -0.79820000 0.34700000 0.49240000
vn -0.81580000 0.34700000 -0.46260000
vn -0.79930000 0.41740000 0.43230000
vn -0.81470000 0.41740000 -0.40240000
vn -0.81340000 0.47760000 -0.33200000
vn -0.80060000 0.47760000 0.36180000
vn -0.80210000 0.52600000 0.28290000
vn -0.81200000 0.52600000 -0.25310000
vn -0.80360000 0.56140000 0.19730000
vn -0.81040000 0.56140000 -0.16750000
vn -0.80870000 0.58310000 -0.07740000
vn -0.80530000 0.58310000 0.10720000
vn -0.80700000 0.59030000 0.01490000
vn -0.88930000 -0.45710000 0.01640000
vn -0.88790000 -0.45150000 0.08790000
vn -0.89060000 -0.45150000 -0.05510000
vn -0.88670000 -0.43470000 0.15770000
vn -0.89190000 -0.43470000 -0.12480000
vn -0.88540000 -0.40730000 0.22390000
vn -0.89310000 -0.40730000 -0.19110000
vn -0.88430000 -0.36980000 0.28510000
vn -0.89420000 -0.36980000 -0.25220000
vn -0.89520000 -0.32320000 -0.30670000
vn -0.88330000 -0.32320000 0.33960000
vn -0.88240000 -0.26870000 0.38620000
vn -0.89610000 -0.26870000 -0.35330000
vn -0.88170000 -0.20750000 0.42360000
vn -0.89680000 -0.20750000 -0.39080000
vn -0.88120000 -0.14120000 0.45110000
vn -0.89730000 -0.14130000 -0.41820000
vn -0.89760000 -0.07150000 -0.43500000
vn -0.88090000 -0.07150000 0.46780000
vn -0.88080000 -0.00000000 0.47340000
vn -0.89770000 -0.00000000 -0.44060000
vn -0.89760000 0.07150000 -0.43500000
vn -0.88090000 0.07150000 0.46780000
vn -0.88120000 0.14120000 0.45110000
vn -0.89730000 0.14130000 -0.41820000
vn -0.88170000 0.20750000 0.42360000
vn -0.89680000 0.20750000 -0.39080000
vn -0.88240000 0.26870000 0.38620000
vn -0.89610000 0.26870000 -0.35330000
vn -0.89520000 0.32320000 -0.30670000
vn -0.88330000 0.32320000 0.33960000
vn -0.88430000 0.36980000 0.28510000
vn -0.89420000 0.36980000 -0.25220000
vn -0.88540000 0.40730000 0.22390000
vn -0.89310000 0.40730000 -0.19110000
vn -0.88670000 0.43470000 0.15770000
vn -0.89190000 0.43470000 -0.12480000
vn -0.88790000 0.45150000 0.08790000
vn -0.89060000 0.45150000 -0.05510000
vn -0.88930000 0.45710000 0.01640000
vn 0.68980000 -0.72390000 -0.01270000
vn 0.69190000 -0.71500000 0.10050000
vn 0.68770000 -0.71500000 -0.12600000
vn 0.69390000 -0.68850000 0.21090000
vn 0.68560000 -0.68850000 -0.23640000
vn 0.69580000 -0.64500000 0.31590000
vn 0.68370000 -0.64500000 -0.34130000
vn 0.69760000 -0.58570000 0.41270000
vn 0.68190000 -0.58570000 -0.43820000
vn 0.69920000 -0.51190000 0.49910000
vn 0.68030000 -0.51190000 -0.52450000
vn 0.70060000 -0.42550000 0.57280000
vn 0.67890000 -0.42550000 -0.59830000
vn 0.70170000 -0.32870000 0.63220000
vn 0.67780000 -0.32870000 -0.65770000
vn 0.70250000 -0.22370000 0.67560000
vn 0.67700000 -0.22370000 -0.70110000
vn 0.70300000 -0.11320000 0.70210000
vn 0.67660000 -0.11320000 -0.72760000
vn 0.70310000 -0.00000000 0.71110000
vn 0.99980000 -0.00000000 -0.01850000
vn 0.67640000 -0.00000000 -0.73650000
vn 0.70300000 0.11320000 0.70210000
vn 0.67660000 0.11320000 -0.72760000
vn 0.70250000 0.22370000 0.67560000
vn 0.67700000 0.22370000 -0.70110000
vn 0.70170000 0.32870000 0.63220000
vn 0.67780000 0.32870000 -0.65770000
vn 0.70060000 0.42550000 0.57280000
vn 0.67890000 0.42550000 -0.59830000
vn 0.69920000 0.51190000 0.49910000
vn 0.68030000 0.51190000 -0.52460000
vn 0.69760000 0.58570000 0.41270000
vn 0.68190000 0.58570000 -0.43820000
vn 0.68370000 0.64500000 -0.34130000
vn 0.69580000 0.64500000 0.31590000
vn 0.68560000 0.68850000 -0.23640000
vn 0.69390000 0.68850000 0.21090000
vn 0.69180000 0.71500000 0.10050000
vn 0.68770000 0.71500000 -0.12600000
vn 0.68980000 0.72390000 -0.01270000
vn -0.94970000 -0.31260000 0.01750000
vn -0.94880000 -0.30870000 0.06640000
vn -0.95060000 -0.30870000 -0.03130000
vn -0.94800000 -0.29730000 0.11410000
vn -0.95150000 -0.29730000 -0.07900000
vn -0.94710000 -0.27850000 0.15940000
vn -0.95240000 -0.27850000 -0.12430000
vn -0.94630000 -0.25290000 0.20120000
vn -0.95310000 -0.25290000 -0.16610000
vn -0.94570000 -0.22100000 0.23850000
vn -0.95380000 -0.22100000 -0.20340000
vn -0.94510000 -0.18370000 0.27040000
vn -0.95440000 -0.18370000 -0.23530000
vn -0.94460000 -0.14190000 0.29600000
vn -0.95490000 -0.14190000 -0.26090000
vn -0.94420000 -0.09660000 0.31480000
vn -0.95520000 -0.09660000 -0.27970000
vn -0.94400000 -0.04890000 0.32620000
vn -0.95540000 -0.04890000 -0.29110000
vn -0.94400000 -0.00000000 0.33010000
vn -0.95550000 -0.00000000 -0.29500000
vn -0.94400000 0.04890000 0.32620000
vn -0.95540000 0.04890000 -0.29110000
vn -0.94420000 0.09660000 0.31480000
vn -0.95520000 0.09660000 -0.27970000
vn -0.94460000 0.14190000 0.29600000
vn -0.95490000 0.14190000 -0.26090000
vn -0.94510000 0.18370000 0.27040000
vn -0.95440000 0.18370000 -0.23530000
vn -0.94570000 0.22100000 0.23850000
vn -0.95380000 0.22100000 -0.20340000
vn -0.94630000 0.25290000 0.20120000
vn -0.95310000 0.25290000 -0.16610000
vn -0.94710000 0.27850000 0.15940000
vn -0.95240000 0.27850000 -0.12430000
vn -0.94800000 0.29730000 0.11410000
vn -0.95150000 0.29730000 -0.07900000
vn -0.95060000 0.30870000 -0.03130000
vn -0.94880000 0.30870000 0.06640000
vn -0.94970000 0.31260000 0.01760000
vn -0.98690000 -0.16030000 0.01820000
vn -0.98640000 -0.15830000 0.04330000
vn -0.98740000 -0.15830000 -0.00680000
vn -0.98600000 -0.15240000 0.06770000
vn -0.98780000 -0.15240000 -0.03130000
vn -0.98560000 -0.14280000 0.09100000
vn -0.98830000 -0.14280000 -0.05450000
vn -0.98520000 -0.12960000 0.11240000
vn -0.98860000 -0.12960000 -0.07590000
vn -0.98480000 -0.11330000 0.13150000
vn -0.98900000 -0.11330000 -0.09500000
vn -0.98450000 -0.09420000 0.14790000
vn -0.98930000 -0.09420000 -0.11140000
vn -0.98430000 -0.07280000 0.16100000
vn -0.98950000 -0.07280000 -0.12450000
vn -0.98410000 -0.04950000 0.17060000
vn -0.98970000 -0.04950000 -0.13410000
vn -0.98400000 -0.02510000 0.17650000
vn -0.98980000 -0.02510000 -0.14000000
vn -0.98390000 -0.00000000 0.17850000
vn -0.98990000 -0.00000000 -0.14200000
vn -0.98400000 0.02510000 0.17650000
vn -0.98980000 0.02510000 -0.14000000
vn -0.98410000 0.04950000 0.17060000
vn -0.98970000 0.04950000 -0.13420000
vn -0.98430000 0.07280000 0.16100000
vn -0.98950000 0.07280000 -0.12450000
vn -0.98450000 0.09420000 0.14790000
vn -0.98930000 0.09420000 -0.11140000
vn -0.98480000 0.11330000 0.13150000
vn -0.98900000 0.11330000 -0.09510000
vn -0.98520000 0.12960000 0.11240000
vn -0.98860000 0.12960000 -0.07600000
vn -0.98560000 0.14280000 0.09100000
vn -0.98830000 0.14280000 -0.05450000
vn -0.98600000 0.15240000 0.06770000
vn -0.98780000 0.15240000 -0.03130000
vn -0.98640000 0.15830000 0.04330000
vn -0.98740000 0.15830000 -0.00680000
vn -0.98690000 0.16030000 0.01820000
vn -0.99980000 -0.00000000 0.01850000
vn -0.68980000 -0.72390000 0.01270000
vn -0.68770000 -0.71500000 0.12600000
vn -0.69190000 -0.71500000 -0.10050000
vn -0.68560000 -0.68850000 0.23640000
vn -0.69390000 -0.68850000 -0.21090000
vn -0.68370000 -0.64500000 0.34140000
vn -0.69580000 -0.64500000 -0.31590000
vn -0.68190000 -0.58570000 0.43820000
vn -0.69760000 -0.58570000 -0.41270000
vn -0.68030000 -0.51190000 0.52450000
vn -0.69920000 -0.51190000 -0.49910000
vn -0.67890000 -0.42550000 0.59830000
vn -0.70060000 -0.42550000 -0.57280000
vn -0.67780000 -0.32870000 0.65770000
vn -0.70170000 -0.32870000 -0.63220000
vn -0.67700000 -0.22370000 0.70110000
vn -0.70250000 -0.22370000 -0.67560000
vn -0.67660000 -0.11320000 0.72760000
vn -0.70300000 -0.11320000 -0.70210000
vn -0.67640000 -0.00000000 0.73650000
vn -0.99980000 -0.00000000 0.01850000
vn -0.70310000 -0.00000000 -0.71110000
vn -0.67660000 0.11320000 0.72760000
vn -0.70300000 0.11320000 -0.70210000
vn -0.67700000 0.22370000 0.70110000
vn -0.70250000 0.22370000 -0.67560000
vn -0.67780000 0.32870000 0.65770000
vn -0.70170000 0.32870000 -0.63220000
vn -0.67890000 0.42550000 0.59830000
vn -0.70060000 0.42550000 -0.57280000
vn -0.68030000 0.51190000 0.52450000
vn -0.69920000 0.51190000 -0.49910000
vn -0.68190000 0.58570000 0.43820000
vn -0.69760000 0.58570000 -0.41270000
vn -0.69580000 0.64500000 -0.31590000
vn -0.68370000 0.64500000 0.34140000
vn -0.69390000 0.68850000 -0.21090000
vn -0.68560000 0.68850000 0.23640000
vn -0.68770000 0.71500000 0.12600000
vn -0.69180000 0.71500000 -0.10050000
vn -0.68980000 0.72390000 0.01270000
vn -0.90680000 0.42130000 0.01680000
vn -0.90800000 0.41610000 -0.04960000
vn -0.90550000 0.41610000 0.08320000
vn -0.90910000 0.40060000 -0.11430000
vn -0.90420000 0.40060000 0.14780000
vn -0.91010000 0.37520000 -0.17580000
vn -0.90300000 0.37520000 0.20930000
vn -0.91100000 0.34060000 -0.23250000
vn -0.90180000 0.34060000 0.26590000
vn -0.91180000 0.29760000 -0.28290000
vn -0.90070000 0.29760000 0.31640000
vn -0.91250000 0.24730000 -0.32600000
vn -0.89980000 0.24730000 0.35950000
vn -0.91290000 0.19090000 -0.36070000
vn -0.91330000 0.12990000 -0.38600000
vn -0.91350000 0.06580000 -0.40150000
vn -0.91360000 -0.00000000 -0.40670000
vn -0.89800000 -0.06580000 0.43500000
vn -0.91350000 -0.06580000 -0.40150000
vn -0.91330000 -0.12990000 -0.38600000
vn -0.89840000 -0.12990000 0.41950000
vn -0.89900000 -0.19090000 0.39420000
vn -0.91290000 -0.19090000 -0.36070000
vn -0.91250000 -0.24730000 -0.32600000
vn -0.89980000 -0.24730000 0.35950000
vn -0.90070000 -0.29760000 0.31640000
vn -0.91180000 -0.29760000 -0.28290000
vn -0.90180000 -0.34060000 0.26600000
vn -0.91100000 -0.34060000 -0.23240000
vn -0.90300000 -0.37520000 0.20930000
vn -0.91010000 -0.37520000 -0.17580000
vn -0.90420000 -0.40060000 0.14780000
vn -0.90910000 -0.40060000 -0.11430000
vn -0.90550000 -0.41610000 0.08310000
vn -0.90800000 -0.41610000 -0.04970000
vn -0.90680000 -0.42130000 0.01670000
vn -0.89900000 0.19090000 0.39410000
vn -0.89840000 0.12990000 0.41950000
vn -0.89800000 0.06580000 0.43500000
vn -0.89790000 -0.00000000 0.44020000
vt 0.00000000 0.00000000
vt 0.00000000 0.00000000
vt 0.00000000 0.00000000
vt 0.00000000 0.00000000
vt 0.00000000 0.00000000
vt 0.00000000 0.00000000
vt 0.00000000 0.00000000
vt 0.00000000 0.00000000
vt 0.00000000 0.00000000
vt 0.00000000 0.00000000
vt 0.00000000 0.00000000
vt 0.00000000 0.00000000
vt 0.00000000 0.00000000
vt 0.00000000 0.00000000
vt 0.00000000 0.00000000
vt 0.00000000 0.00000000
vt 0.00000000 0.00000000
vt 0.00000000 0.00000000
vt 0.00000000 0.00000000
vt 0.00000000 0.00000000
vt 0.00000000 0.00000000
vt 0.00000000 0.00000000
vt 0.00000000 0.00000000
vt 0.00000000 0.00000000
vt 0.00000000 0.00000000
vt 0.00000000 0.00000000
vt 0.00000000 0.00000000
vt 0.00000000 0.00000000
vt 0.00000000 0.00000000
vt 0.00000000 0.00000000
vt 0.00000000 0.00000000
vt 0.00000000 0.00000000
vt 0.00000000 0.00000000
vt 0.00000000 0.00000000
vt 0.00000000 0.00000000
vt 0.00000000 0.00000000
vt 0.00000000 0.00000000
vt 0.00000000 0.00000000
vt 0.00000000 0.00000000
vt 0.00000000 0.00000000
vt 0.00000000 0.00000000
vt 0.00000000 0.00000000
vt 0.00000000 0.00000000
vt 0.00000000 0.00000000
vt 0.00000000 0.00000000
vt 0.00000000 0.00000000
vt 0.00000000 0.00000000
vt 0.00000000 0.00000000
vt 0.00000000 0.00000000
vt 0.00000000 0.00000000
vt 0.00000000 0.00000000
vt 0.00000000 0.00000000
vt 0.00000000 0.00000000
vt 0.00000000 0.00000000
vt 0.00000000 0.00000000
vt 0.00000000 0.00000000
vt 0.00000000 0.00000000
vt 0.00000000 0.00000000
vt 0.00000000 0.00000000
vt 0.00000000 0.00000000
vt 0.00000000 0.00000000
vt 0.00000000 0.00000000
vt 0.00000000 0.00000000
vt 0.00000000 0.00000000
vt 0.00000000 0.00000000
vt 0.00000000 0.00000000
vt 0.00000000 0.00000000
vt 0.00000000 0.00000000
vt 0.00000000 0.00000000
vt 0.00000000 0.00000000
vt 0.00000000 0.00000000
vt 0.00000000 0.00000000
vt 0.00000000 0.00000000
vt 0.00000000 0.00000000
vt 0.00000000 0.00000000
vt 0.00000000 0.00000000
vt 0.00000000 0.00000000
vt 0.00000000 0.00000000
vt 0.00000000 0.00000000
vt 0.00000000 0.00000000
vt 0.00000000 0.00000000
vt 0.00000000 0.00000000
vt 0.00000000 0.00000000
vt 0.00000000 0.00000000
vt 0.00000000 0.00000000
vt 0.00000000 0.00000000
vt 0.00000000 0.00000000
vt 0.00000000 0.00000000
vt 0.00000000 0.00000000
vt 0.00000000 0.00000000
vt 0.00000000 0.00000000
vt 0.00000000 0.00000000
vt 0.00000000 0.00000000
vt 0.00000000 0.00000000
vt 0.00000000 0.00000000
vt 0.00000000 0.00000000
vt 0.00000000 0.00000000
vt 0.00000000 0.00000000
vt 0.00000000 0.00000000
vt 0.00000000 0.00000000
vt 0.00000000 0.00000000
vt 0.00000000 0.00000000
vt 0.00000000 0.00000000
vt 0.00000000 0.00000000
vt 0.00000000 0.00000000
vt 0.00000000 0.00000000
vt 0.00000000 0.00000000
vt 0.00000000 0.00000000
vt 0.00000000 0.00000000
vt 0.00000000 0.00000000
vt 0.00000000 0.00000000
vt 0.00000000 0.00000000
vt 0.00000000 0.00000000
vt 0.00000000 0.00000000
vt 0.00000000 0.00000000
vt 0.00000000 0.00000000
vt 0.00000000 0.00000000
vt 0.00000000 0.00000000
vt 0.00000000 0.00000000
vt 0.00000000 0.00000000
vt 0.00000000 0.00000000
vt 0.00000000 0.00000000
vt 0.00000000 0.00000000
vt 0.00000000 0.00000000
vt 0.00000000 0.00000000
vt 0.00000000 0.00000000
vt 0.00000000 0.00000000
vt 0.00000000 0.00000000
vt 0.00000000 0.00000000
vt 0.00000000 0.00000000
vt 0.00000000 0.00000000
vt 0.00000000 0.00000000
vt 0.00000000 0.00000000
vt 0.00000000 0.00000000
vt 0.00000000 0.00000000
vt 0.00000000 0.00000000
vt 0.00000000 0.00000000
vt 0.00000000 0.00000000
vt 0.00000000 0.00000000
vt 0.00000000 0.00000000
vt 0.00000000 0.00000000
vt 0.00000000 0.00000000
vt 0.00000000 0.00000000
vt 0.00000000 0.00000000
vt 0.00000000 0.00000000
vt 0.00000000 0.00000000
vt 0.00000000 0.00000000
vt 0.00000000 0.00000000
vt 0.00000000 0.00000000
vt 0.00000000 0.00000000
vt 0.00000000 0.00000000
vt 0.00000000 0.00000000
vt 0.00000000 0.00000000
vt 0.00000000 0.00000000
vt 0.00000000 0.00000000
vt 0.00000000 0.00000000
vt 0.00000000 0.00000000
vt 0.00000000 0.00000000
vt 0.00000000 0.00000000
vt 0.00000000 0.00000000
vt 0.00000000 0.00000000
vt 0.00000000 0.00000000
vt 0.00000000 0.00000000
vt 0.00000000 0.00000000
vt 0.00000000 0.00000000
vt 0.00000000 0.00000000
vt 0.00000000 0.00000000
vt 0.00000000 0.00000000
vt 0.00000000 0.00000000
vt 0.00000000 0.00000000
vt 0.00000000 0.00000000
vt 0.00000000 0.00000000
vt 0.00000000 0.00000000
vt 0.00000000 0.00000000
vt 0.00000000 0.00000000
vt 0.00000000 0.00000000
vt 0.00000000 0.00000000
vt 0.00000000 0.00000000
vt 0.00000000 0.00000000
vt 0.00000000 0.00000000
vt 0.00000000 0.00000000
vt 0.00000000 0.00000000
vt 0.00000000 0.00000000
vt 0.00000000 0.00000000
vt 0.00000000 0.00000000
vt 0.00000000 0.00000000
vt 0.00000000 0.00000000
vt 0.00000000 0.00000000
vt 0.00000000 0.00000000
vt 0.00000000 0.00000000
vt 0.00000000 0.00000000
vt 0.00000000 0.00000000
vt 0.00000000 0.00000000
vt 0.00000000 0.00000000
vt 0.00000000 0.00000000
vt 0.00000000 0.00000000
vt 0.00000000 0.00000000
vt 0.00000000 0.00000000
vt 0.00000000 0.00000000
vt 0.00000000 0.00000000
vt 0.00000000 0.00000000
vt 0.00000000 0.00000000
vt 0.00000000 0.00000000
vt 0.00000000 0.00000000
vt 0.00000000 0.00000000
vt 0.00000000 0.00000000
vt 0.00000000 0.00000000
vt 0.00000000 0.00000000
vt 0.00000000 0.00000000
vt 0.00000000 0.00000000
vt 0.00000000 0.00000000
vt 0.00000000 0.00000000
vt 0.00000000 0.00000000
vt 0.00000000 0.00000000
vt 0.00000000 0.00000000
vt 0.00000000 0.00000000
vt 0.00000000 0.00000000
vt 0.00000000 0.00000000
vt 0.00000000 0.00000000
vt 0.00000000 0.00000000
vt 0.00000000 0.00000000
vt 0.00000000 0.00000000
vt 0.00000000 0.00000000
vt 0.00000000 0.00000000
vt 0.00000000 0.00000000
vt 0.00000000 0.00000000
vt 0.00000000 0.00000000
vt 0.00000000 0.00000000
vt 0.00000000 0.00000000
vt 0.00000000 0.00000000
vt 0.00000000 0.00000000
vt 0.00000000 0.00000000
vt 0.00000000 0.00000000
vt 0.00000000 0.00000000
vt 0.00000000 0.00000000
vt 0.00000000 0.00000000
vt 0.00000000 0.00000000
vt 0.00000000 0.00000000
vt 0.00000000 0.00000000
vt 0.00000000 0.00000000
vt 0.00000000 0.00000000
vt 0.00000000 0.00000000
vt 0.00000000 0.00000000
vt 0.00000000 0.00000000
vt 0.00000000 0.00000000
vt 0.00000000 0.00000000
vt 0.00000000 0.00000000
vt 0.00000000 0.00000000
vt 0.00000000 0.00000000
vt 0.00000000 0.00000000
vt 0.00000000 0.00000000
vt 0.00000000 0.00000000
vt 0.00000000 0.00000000
vt 0.00000000 0.00000000
vt 0.00000000 0.00000000
vt 0.00000000 0.00000000
vt 0.00000000 0.00000000
vt 0.00000000 0.00000000
vt 0.00000000 0.00000000
vt 0.00000000 0.00000000
vt 0.00000000 0.00000000
vt 0.00000000 0.00000000
vt 0.00000000 0.00000000
vt 0.00000000 0.00000000
vt 0.00000000 0.00000000
vt 0.00000000 0.00000000
vt 0.00000000 0.00000000
vt 0.00000000 0.00000000
vt 0.00000000 0.00000000
vt 0.00000000 0.00000000
vt 0.00000000 0.00000000
vt 0.00000000 0.00000000
vt 0.00000000 0.00000000
vt 0.00000000 0.00000000
vt 0.00000000 0.00000000
vt 0.00000000 0.00000000
vt 0.00000000 0.00000000
vt 0.00000000 0.00000000
vt 0.00000000 0.00000000
vt 0.00000000 0.00000000
vt 0.00000000 0.00000000
vt 0.00000000 0.00000000
vt 0.00000000 0.00000000
vt 0.00000000 0.00000000
vt 0.00000000 0.00000000
vt 0.00000000 0.00000000
vt 0.00000000 0.00000000
vt 0.00000000 0.00000000
vt 0.00000000 0.00000000
vt 0.00000000 0.00000000
vt 0.00000000 0.00000000
vt 0.00000000 0.00000000
vt 0.00000000 0.00000000
vt 0.00000000 0.00000000
vt 0.00000000 0.00000000
vt 0.00000000 0.00000000
vt 0.00000000 0.00000000
vt 0.00000000 0.00000000
vt 0.00000000 0.00000000
vt 0.00000000 0.00000000
vt 0.00000000 0.00000000
vt 0.00000000 0.00000000
vt 0.00000000 0.00000000
vt 0.00000000 0.00000000
vt 0.00000000 0.00000000
vt 0.00000000 0.00000000
vt 0.00000000 0.00000000
vt 0.00000000 0.00000000
vt 0.00000000 0.00000000
vt 0.00000000 0.00000000
vt 0.00000000 0.00000000
vt 0.00000000 0.00000000
vt 0.00000000 0.00000000
vt 0.00000000 0.00000000
vt 0.00000000 0.00000000
vt 0.00000000 0.00000000
vt 0.00000000 0.00000000
vt 0.00000000 0.00000000
vt 0.00000000 0.00000000
vt 0.00000000 0.00000000
vt 0.00000000 0.00000000
vt 0.00000000 0.00000000
vt 0.00000000 0.00000000
vt 0.00000000 0.00000000
vt 0.00000000 0.00000000
vt 0.00000000 0.00000000
vt 0.00000000 0.00000000
vt 0.00000000 0.00000000
vt 0.00000000 0.00000000
vt 0.00000000 0.00000000
vt 0.00000000 0.00000000
vt 0.00000000 0.00000000
vt 0.00000000 0.00000000
vt 0.00000000 0.00000000
vt 0.00000000 0.00000000
vt 0.00000000 0.00000000
vt 0.00000000 0.00000000
vt 0.00000000 0.00000000
vt 0.00000000 0.00000000
vt 0.00000000 0.00000000
vt 0.00000000 0.00000000
vt 0.00000000 0.00000000
vt 0.00000000 0.00000000
vt 0.00000000 0.00000000
vt 0.00000000 0.00000000
vt 0.00000000 0.00000000
vt 0.00000000 0.00000000
vt 0.00000000 0.00000000
vt 0.00000000 0.00000000
vt 0.00000000 0.00000000
vt 0.00000000 0.00000000
vt 0.00000000 0.00000000
vt 0.00000000 0.00000000
vt 0.00000000 0.00000000
vt 0.00000000 0.00000000
vt 0.00000000 0.00000000
vt 0.00000000 0.00000000
vt 0.00000000 0.00000000
vt 0.00000000 0.00000000
vt 0.00000000 0.00000000
vt 0.00000000 0.00000000
vt 0.00000000 0.00000000
vt 0.00000000 0.00000000
vt 0.00000000 0.00000000
vt 0.00000000 0.00000000
vt 0.00000000 0.00000000
vt 0.00000000 0.00000000
vt 0.00000000 0.00000000
vt 0.00000000 0.00000000
vt 0.00000000 0.00000000
vt 0.00000000 0.00000000
vt 0.00000000 0.00000000
vt 0.00000000 0.00000000
vt 0.00000000 0.00000000
vt 0.00000000 0.00000000
vt 0.00000000 0.00000000
vt 0.00000000 0.00000000
vt 0.00000000 0.00000000
vt 0.00000000 0.00000000
vt 0.00000000 0.00000000
vt 0.00000000 0.00000000
vt 0.00000000 0.00000000
vt 0.00000000 0.00000000
vt 0.00000000 0.00000000
vt 0.00000000 0.00000000
vt 0.00000000 0.00000000
vt 0.00000000 0.00000000
vt 0.00000000 0.00000000
vt 0.00000000 0.00000000
vt 0.00000000 0.00000000
vt 0.00000000 0.00000000
vt 0.00000000 0.00000000
vt 0.00000000 0.00000000
vt 0.00000000 0.00000000
vt 0.00000000 0.00000000
vt 0.00000000 0.00000000
vt 0.00000000 0.00000000
vt 0.00000000 0.00000000
vt 0.00000000 0.00000000
vt 0.00000000 0.00000000
vt 0.00000000 0.00000000
vt 0.00000000 0.00000000
vt 0.00000000 0.00000000
vt 0.00000000 0.00000000
vt 0.00000000 0.00000000
vt 0.00000000 0.00000000
vt 0.00000000 0.00000000
vt 0.00000000 0.00000000
vt 0.00000000 0.00000000
vt 0.00000000 0.00000000
vt 0.00000000 0.00000000
vt 0.00000000 0.00000000
vt 0.00000000 0.00000000
vt 0.00000000 0.00000000
vt 0.00000000 0.00000000
vt 0.00000000 0.00000000
vt 0.00000000 0.00000000
vt 0.00000000 0.00000000
vt 0.00000000 0.00000000
vt 0.00000000 0.00000000
vt 0.00000000 0.00000000
vt 0.00000000 0.00000000
vt 0.00000000 0.00000000
vt 0.00000000 0.00000000
vt 0.00000000 0.00000000
vt 0.00000000 0.00000000
vt 0.00000000 0.00000000
vt 0.00000000 0.00000000
vt 0.00000000 0.00000000
vt 0.00000000 0.00000000
vt 0.00000000 0.00000000
vt 0.00000000 0.00000000
vt 0.00000000 0.00000000
vt 0.00000000 0.00000000
vt 0.00000000 0.00000000
vt 0.00000000 0.00000000
vt 0.00000000 0.00000000
vt 0.00000000 0.00000000
vt 0.00000000 0.00000000
vt 0.00000000 0.00000000
vt 0.00000000 0.00000000
vt 0.00000000 0.00000000
vt 0.00000000 0.00000000
vt 0.00000000 0.00000000
vt 0.00000000 0.00000000
vt 0.00000000 0.00000000
vt 0.00000000 0.00000000
vt 0.00000000 0.00000000
vt 0.00000000 0.00000000
vt 0.00000000 0.00000000
vt 0.00000000 0.00000000
vt 0.00000000 0.00000000
vt 0.00000000 0.00000000
vt 0.00000000 0.00000000
vt 0.00000000 0.00000000
vt 0.00000000 0.00000000
vt 0.00000000 0.00000000
vt 0.00000000 0.00000000
vt 0.00000000 0.00000000
vt 0.00000000 0.00000000
vt 0.00000000 0.00000000
vt 0.00000000 0.00000000
vt 0.00000000 0.00000000
vt 0.00000000 0.00000000
vt 0.00000000 0.00000000
vt 0.00000000 0.00000000
vt 0.00000000 0.00000000
vt 0.00000000 0.00000000
vt 0.00000000 0.00000000
vt 0.00000000 0.00000000
vt 0.00000000 0.00000000
vt 0.00000000 0.00000000
vt 0.00000000 0.00000000
vt 0.00000000 0.00000000
vt 0.00000000 0.00000000
vt 0.00000000 0.00000000
vt 0.00000000 0.00000000
vt 0.00000000 0.00000000
vt 0.00000000 0.00000000
vt 0.00000000 0.00000000
vt 0.00000000 0.00000000
vt 0.00000000 0.00000000
vt 0.00000000 0.00000000
vt 0.00000000 0.00000000
vt 0.00000000 0.00000000
vt 0.00000000 0.00000000
vt 0.00000000 0.00000000
vt 0.00000000 0.00000000
vt 0.00000000 0.00000000
vt 0.00000000 0.00000000
vt 0.00000000 0.00000000
vt 0.00000000 0.00000000
vt 0.00000000 0.00000000
vt 0.00000000 0.00000000
vt 0.00000000 0.00000000
vt 0.00000000 0.00000000
vt 0.00000000 0.00000000
vt 0.00000000 0.00000000
vt 0.00000000 0.00000000
vt 0.00000000 0.00000000
vt 0.00000000 0.00000000
vt 0.00000000 0.00000000
vt 0.00000000 0.00000000
vt 0.00000000 0.00000000
vt 0.00000000 0.00000000
vt 0.00000000 0.00000000
vt 0.00000000 0.00000000
vt 0.00000000 0.00000000
vt 0.00000000 0.00000000
vt 0.00000000 0.00000000
vt 0.00000000 0.00000000
vt 0.00000000 0.00000000
vt 0.00000000 0.00000000
vt 0.00000000 0.00000000
vt 0.00000000 0.00000000
vt 0.00000000 0.00000000
vt 0.00000000 0.00000000
vt 0.00000000 0.00000000
vt 0.00000000 0.00000000
vt 0.00000000 0.00000000
vt 0.00000000 0.00000000
vt 0.00000000 0.00000000
vt 0.00000000 0.00000000
vt 0.00000000 0.00000000
vt 0.00000000 0.00000000
vt 0.00000000 0.00000000
vt 0.00000000 0.00000000
vt 0.00000000 0.00000000
vt 0.00000000 0.00000000
vt 0.00000000 0.00000000
vt 0.00000000 0.00000000
vt 0.00000000 0.00000000
vt 0.00000000 0.00000000
vt 0.00000000 0.00000000
vt 0.00000000 0.00000000
vt 0.00000000 0.00000000
vt 0.00000000 0.00000000
vt 0.00000000 0.00000000
vt 0.00000000 0.00000000
vt 0.00000000 0.00000000
vt 0.00000000 0.00000000
vt 0.00000000 0.00000000
vt 0.00000000 0.00000000
vt 0.00000000 0.00000000
vt 0.00000000 0.00000000
vt 0.00000000 0.00000000
vt 0.00000000 0.00000000
vt 0.00000000 0.00000000
vt 0.00000000 0.00000000
vt 0.00000000 0.00000000
vt 0.00000000 0.00000000
vt 0.00000000 0.00000000
vt 0.00000000 0.00000000
vt 0.00000000 0.00000000
vt 0.00000000 0.00000000
vt 0.00000000 0.00000000
vt 0.00000000 0.00000000
vt 0.00000000 0.00000000
vt 0.00000000 0.00000000
vt 0.00000000 0.00000000
vt 0.00000000 0.00000000
vt 0.00000000 0.00000000
vt 0.00000000 0.00000000
vt 0.00000000 0.00000000
vt 0.00000000 0.00000000
vt 0.00000000 0.00000000
vt 0.00000000 0.00000000
vt 0.00000000 0.00000000
vt 0.00000000 0.00000000
vt 0.00000000 0.00000000
vt 0.00000000 0.00000000
vt 0.00000000 0.00000000
vt 0.00000000 0.00000000
vt 0.00000000 0.00000000
vt 0.00000000 0.00000000
vt 0.00000000 0.00000000
vt 0.00000000 0.00000000
vt 0.00000000 0.00000000
vt 0.00000000 0.00000000
vt 0.00000000 0.00000000
vt 0.00000000 0.00000000
vt 0.00000000 0.00000000
vt 0.00000000 0.00000000
vt 0.00000000 0.00000000
vt 0.00000000 0.00000000
vt 0.00000000 0.00000000
vt 0.00000000 0.00000000
vt 0.00000000 0.00000000
vt 0.00000000 0.00000000
vt 0.00000000 0.00000000
vt 0.00000000 0.00000000
vt 0.00000000 0.00000000
vt 0.00000000 0.00000000
vt 0.00000000 0.00000000
vt 0.00000000 0.00000000
vt 0.00000000 0.00000000
vt 0.00000000 0.00000000
vt 0.00000000 0.00000000
vt 0.00000000 0.00000000
vt 0.00000000 0.00000000
vt 0.00000000 0.00000000
vt 0.00000000 0.00000000
vt 0.00000000 0.00000000
vt 0.00000000 0.00000000
vt 0.00000000 0.00000000
vt 0.00000000 0.00000000
vt 0.00000000 0.00000000
vt 0.00000000 0.00000000
vt 0.00000000 0.00000000
vt 0.00000000 0.00000000
vt 0.00000000 0.00000000
vt 0.00000000 0.00000000
vt 0.00000000 0.00000000
vt 0.00000000 0.00000000
vt 0.00000000 0.00000000
vt 0.00000000 0.00000000
vt 0.00000000 0.00000000
vt 0.00000000 0.00000000
vt 0.00000000 0.00000000
vt 0.00000000 0.00000000
vt 0.00000000 0.00000000
vt 0.00000000 0.00000000
vt 0.00000000 0.00000000
vt 0.00000000 0.00000000
vt 0.00000000 0.00000000
vt 0.00000000 0.00000000
vt 0.00000000 0.00000000
vt 0.00000000 0.00000000
vt 0.00000000 0.00000000
vt 0.00000000 0.00000000
vt 0.00000000 0.00000000
vt 0.00000000 0.00000000
vt 0.00000000 0.00000000
vt 0.00000000 0.00000000
vt 0.00000000 0.00000000
vt 0.00000000 0.00000000
vt 0.00000000 0.00000000
vt 0.00000000 0.00000000
vt 0.00000000 0.00000000
vt 0.00000000 0.00000000
vt 0.00000000 0.00000000
vt 0.00000000 0.00000000
vt 0.00000000 0.00000000
vt 0.00000000 0.00000000
vt 0.00000000 0.00000000
vt 0.00000000 0.00000000
vt 0.00000000 0.00000000
vt 0.00000000 0.00000000
vt 0.00000000 0.00000000
vt 0.00000000 0.00000000
vt 0.00000000 0.00000000
vt 0.00000000 0.00000000
vt 0.00000000 0.00000000
vt 0.00000000 0.00000000
vt 0.00000000 0.00000000
vt 0.00000000 0.00000000
vt 0.00000000 0.00000000
vt 0.00000000 0.00000000
vt 0.00000000 0.00000000
vt 0.00000000 0.00000000
vt 0.00000000 0.00000000
vt 0.00000000 0.00000000
vt 0.00000000 0.00000000
vt 0.00000000 0.00000000
vt 0.00000000 0.00000000
vt 0.00000000 0.00000000
vt 0.00000000 0.00000000
vt 0.00000000 0.00000000
vt 0.00000000 0.00000000
vt 0.00000000 0.00000000
vt 0.00000000 0.00000000
vt 0.00000000 0.00000000
vt 0.00000000 0.00000000
vt 0.00000000 0.00000000
vt 0.00000000 0.00000000
vt 0.00000000 0.00000000
vt 0.00000000 0.00000000
vt 0.00000000 0.00000000
vt 0.00000000 0.00000000
vt 0.00000000 0.00000000
vt 0.00000000 0.00000000
vt 0.00000000 0.00000000
vt 0.00000000 0.00000000
vt 0.00000000 0.00000000
vt 0.00000000 0.00000000
vt 0.00000000 0.00000000
vt 0.00000000 0.00000000
vt 0.00000000 0.00000000
vt 0.00000000 0.00000000
vt 0.00000000 0.00000000
vt 0.00000000 0.00000000
vt 0.00000000 0.00000000
vt 0.00000000 0.00000000
vt 0.00000000 0.00000000
vt 0.00000000 0.00000000
vt 0.00000000 0.00000000
vt 0.00000000 0.00000000
vt 0.00000000 0.00000000
vt 0.00000000 0.00000000
vt 0.00000000 0.00000000
vt 0.00000000 0.00000000
vt 0.00000000 0.00000000
vt 0.00000000 0.00000000
vt 0.00000000 0.00000000
vt 0.00000000 0.00000000
vt 0.00000000 0.00000000
vt 0.00000000 0.00000000
vt 0.00000000 0.00000000
vt 0.00000000 0.00000000
vt 0.00000000 0.00000000
vt 0.00000000 0.00000000
vt 0.00000000 0.00000000
vt 0.00000000 0.00000000
vt 0.00000000 0.00000000
vt 0.00000000 0.00000000
vt 0.00000000 0.00000000
vt 0.00000000 0.00000000
vt 0.00000000 0.00000000
vt 0.00000000 0.00000000
vt 0.00000000 0.00000000
vt 0.00000000 0.00000000
vt 0.00000000 0.00000000
vt 0.00000000 0.00000000
vt 0.00000000 0.00000000
vt 0.00000000 0.00000000
vt 0.00000000 0.00000000
vt 0.00000000 0.00000000
vt 0.00000000 0.00000000
vt 0.00000000 0.00000000
vt 0.00000000 0.00000000
vt 0.00000000 0.00000000
vt 0.00000000 0.00000000
vt 0.00000000 0.00000000
vt 0.00000000 0.00000000
vt 0.00000000 0.00000000
vt 0.00000000 0.00000000
vt 0.00000000 0.00000000
vt 0.00000000 0.00000000
vt 0.00000000 0.00000000
vt 0.00000000 0.00000000
vt 0.00000000 0.00000000
vt 0.00000000 0.00000000
vt 0.00000000 0.00000000
vt 0.00000000 0.00000000
vt 0.00000000 0.00000000
vt 0.00000000 0.00000000
vt 0.00000000 0.00000000
vt 0.00000000 0.00000000
vt 0.00000000 0.00000000
vt 0.00000000 0.00000000
vt 0.00000000 0.00000000
vt 0.00000000 0.00000000
vt 0.00000000 0.00000000
vt 0.00000000 0.00000000
vt 0.00000000 0.00000000
vt 0.00000000 0.00000000
vt 0.00000000 0.00000000
vt 0.00000000 0.00000000
vt 0.00000000 0.00000000
vt 0.00000000 0.00000000
vt 0.00000000 0.00000000
vt 0.00000000 0.00000000
vt 0.00000000 0.00000000
vt 0.00000000 0.00000000
vt 0.00000000 0.00000000
vt 0.00000000 0.00000000
vt 0.00000000 0.00000000
vt 0.00000000 0.00000000
vt 0.00000000 0.00000000
vt 0.00000000 0.00000000
vt 0.00000000 0.00000000
vt 0.00000000 0.00000000
vt 0.00000000 0.00000000
vt 0.00000000 0.00000000
vt 0.00000000 0.00000000
vt 0.00000000 0.00000000
vt 0.00000000 0.00000000
vt 0.00000000 0.00000000
vt 0.00000000 0.00000000
vt 0.00000000 0.00000000
vt 0.00000000 0.00000000
vt 0.00000000 0.00000000
vt 0.00000000 0.00000000
vt 0.00000000 0.00000000
vt 0.00000000 0.00000000
vt 0.00000000 0.00000000
vt 0.00000000 0.00000000
vt 0.00000000 0.00000000
vt 0.00000000 0.00000000
vt 0.00000000 0.00000000
vt 0.00000000 0.00000000
vt 0.00000000 0.00000000
vt 0.00000000 0.00000000
vt 0.00000000 0.00000000
vt 0.00000000 0.00000000
vt 0.00000000 0.00000000
vt 0.00000000 0.00000000
vt 0.00000000 0.00000000
vt 0.00000000 0.00000000
vt 0.00000000 0.00000000
vt 0.00000000 0.00000000
vt 0.00000000 0.00000000
vt 0.00000000 0.00000000
vt 0.00000000 0.00000000
vt 0.00000000 0.00000000
vt 0.00000000 0.00000000
vt 0.00000000 0.00000000
vt 0.00000000 0.00000000
vt 0.00000000 0.00000000
vt 0.00000000 0.00000000
vt 0.00000000 0.00000000
vt 0.00000000 0.00000000
vt 0.00000000 0.00000000
vt 0.00000000 0.00000000
vt 0.00000000 0.00000000
vt 0.00000000 0.00000000
vt 0.00000000 0.00000000
vt 0.00000000 0.00000000
vt 0.00000000 0.00000000
vt 0.00000000 0.00000000
vt 0.00000000 0.00000000
vt 0.00000000 0.00000000
vt 0.00000000 0.00000000
vt 0.00000000 0.00000000
vt 0.00000000 0.00000000
vt 0.00000000 0.00000000
vt 0.00000000 0.00000000
vt 0.00000000 0.00000000
vt 0.00000000 0.00000000
vt 0.00000000 0.00000000
vt 0.00000000 0.00000000
vt 0.00000000 0.00000000
vt 0.00000000 0.00000000
vt 0.00000000 0.00000000
vt 0.00000000 0.00000000
vt 0.00000000 0.00000000
vt 0.00000000 0.00000000
vt 0.00000000 0.00000000
vt 0.00000000 0.00000000
vt 0.00000000 0.00000000
vt 0.00000000 0.00000000
vt 0.00000000 0.00000000
vt 0.00000000 0.00000000
vt 0.00000000 0.00000000
vt 0.00000000 0.00000000
vt 0.00000000 0.00000000
vt 0.00000000 0.00000000
vt 0.00000000 0.00000000
vt 0.00000000 0.00000000
vt 0.00000000 0.00000000
vt 0.00000000 0.00000000
vt 0.00000000 0.00000000
vt 0.00000000 0.00000000
vt 0.00000000 0.00000000
vt 0.00000000 0.00000000
vt 0.00000000 0.00000000
vt 0.00000000 0.00000000
vt 0.00000000 0.00000000
vt 0.00000000 0.00000000
vt 0.00000000 0.00000000
vt 0.00000000 0.00000000
vt 0.00000000 0.00000000
vt 0.00000000 0.00000000
vt 0.00000000 0.00000000
vt 0.00000000 0.00000000
vt 0.00000000 0.00000000
vt 0.00000000 0.00000000
vt 0.00000000 0.00000000
vt 0.00000000 0.00000000
vt 0.00000000 0.00000000
vt 0.00000000 0.00000000
vt 0.00000000 0.00000000
vt 0.00000000 0.00000000
vt 0.00000000 0.00000000
vt 0.00000000 0.00000000
vt 0.00000000 0.00000000
vt 0.00000000 0.00000000
vt 0.00000000 0.00000000
vt 0.00000000 0.00000000
vt 0.00000000 0.00000000
vt 0.00000000 0.00000000
vt 0.00000000 0.00000000
vt 0.00000000 0.00000000
vt 0.00000000 0.00000000
vt 0.00000000 0.00000000
vt 0.00000000 0.00000000
vt 0.00000000 0.00000000
vt 0.00000000 0.00000000
vt 0.00000000 0.00000000
vt 0.00000000 0.00000000
vt 0.00000000 0.00000000
vt 0.00000000 0.00000000
vt 0.00000000 0.00000000
vt 0.00000000 0.00000000
vt 0.00000000 0.00000000
vt 0.00000000 0.00000000
vt 0.00000000 0.00000000
vt 0.00000000 0.00000000
vt 0.00000000 0.00000000
vt 0.00000000 0.00000000
vt 0.00000000 0.00000000
vt 0.00000000 0.00000000
vt 0.00000000 0.00000000
vt 0.00000000 0.00000000
vt 0.00000000 0.00000000
vt 0.00000000 0.00000000
vt 0.00000000 0.00000000
vt 0.00000000 0.00000000
vt 0.00000000 0.00000000
vt 0.00000000 0.00000000
vt 0.00000000 0.00000000
vt 0.00000000 0.00000000
vt 0.00000000 0.00000000
vt 0.00000000 0.00000000
vt 0.00000000 0.00000000
vt 0.00000000 0.00000000
vt 0.00000000 0.00000000
vt 0.00000000 0.00000000
vt 0.00000000 0.00000000
vt 0.00000000 0.00000000
vt 0.00000000 0.00000000
vt 0.00000000 0.00000000
vt 0.00000000 0.00000000
vt 0.00000000 0.00000000
vt 0.00000000 0.00000000
vt 0.00000000 0.00000000
vt 0.00000000 0.00000000
vt 0.00000000 0.00000000
vt 0.00000000 0.00000000
vt 0.00000000 0.00000000
vt 0.00000000 0.00000000
vt 0.00000000 0.00000000
vt 0.00000000 0.00000000
vt 0.00000000 0.00000000
vt 0.00000000 0.00000000
vt 0.00000000 0.00000000
vt 0.00000000 0.00000000
vt 0.00000000 0.00000000
vt 0.00000000 0.00000000
vt 0.00000000 0.00000000
vt 0.00000000 0.00000000
vt 0.00000000 0.00000000
vt 0.00000000 0.00000000
vt 0.00000000 0.00000000
vt 0.00000000 0.00000000
vt 0.00000000 0.00000000
vt 0.00000000 0.00000000
vt 0.00000000 0.00000000
vt 0.00000000 0.00000000
vt 0.00000000 0.00000000
vt 0.00000000 0.00000000
vt 0.00000000 0.00000000
vt 0.00000000 0.00000000
vt 0.00000000 0.00000000
vt 0.00000000 0.00000000
vt 0.00000000 0.00000000
vt 0.00000000 0.00000000
vt 0.00000000 0.00000000
vt 0.00000000 0.00000000
vt 0.00000000 0.00000000
vt 0.00000000 0.00000000
vt 0.00000000 0.00000000
vt 0.00000000 0.00000000
vt 0.00000000 0.00000000
vt 0.00000000 0.00000000
vt 0.00000000 0.00000000
vt 0.00000000 0.00000000
vt 0.00000000 0.00000000
vt 0.00000000 0.00000000
vt 0.00000000 0.00000000
vt 0.00000000 0.00000000
vt 0.00000000 0.00000000
vt 0.00000000 0.00000000
vt 0.00000000 0.00000000
vt 0.00000000 0.00000000
vt 0.00000000 0.00000000
vt 0.00000000 0.00000000
vt 0.00000000 0.00000000
vt 0.00000000 0.00000000
vt 0.00000000 0.00000000
vt 0.00000000 0.00000000
vt 0.00000000 0.00000000
vt 0.00000000 0.00000000
vt 0.00000000 0.00000000
vt 0.00000000 0.00000000
vt 0.00000000 0.00000000
vt 0.00000000 0.00000000
vt 0.00000000 0.00000000
vt 0.00000000 0.00000000
vt 0.00000000 0.00000000
vt 0.00000000 0.00000000
vt 0.00000000 0.00000000
vt 0.00000000 0.00000000
vt 0.00000000 0.00000000
vt 0.00000000 0.00000000
vt 0.00000000 0.00000000
vt 0.00000000 0.00000000
vt 0.00000000 0.00000000
vt 0.00000000 0.00000000
vt 0.00000000 0.00000000
vt 0.00000000 0.00000000
vt 0.00000000 0.00000000
vt 0.00000000 0.00000000
vt 0.00000000 0.00000000
vt 0.00000000 0.00000000
vt 0.00000000 0.00000000
vt 0.00000000 0.00000000
vt 0.00000000 0.00000000
vt 0.00000000 0.00000000
vt 0.00000000 0.00000000
vt 0.00000000 0.00000000
vt 0.00000000 0.00000000
vt 0.00000000 0.00000000
vt 0.00000000 0.00000000
vt 0.00000000 0.00000000
vt 0.00000000 0.00000000
vt 0.00000000 0.00000000
vt 0.00000000 0.00000000
vt 0.00000000 0.00000000
vt 0.00000000 0.00000000
vt 0.00000000 0.00000000
vt 0.00000000 0.00000000
vt 0.00000000 0.00000000
vt 0.00000000 0.00000000
vt 0.00000000 0.00000000
vt 0.00000000 0.00000000
vt 0.00000000 0.00000000
vt 0.00000000 0.00000000
vt 0.00000000 0.00000000
vt 0.00000000 0.00000000
vt 0.00000000 0.00000000
vt 0.00000000 0.00000000
vt 0.00000000 0.00000000
vt 0.00000000 0.00000000
vt 0.00000000 0.00000000
vt 0.00000000 0.00000000
vt 0.00000000 0.00000000
vt 0.00000000 0.00000000
vt 0.00000000 0.00000000
vt 0.00000000 0.00000000
vt 0.00000000 0.00000000
vt 0.00000000 0.00000000
vt 0.00000000 0.00000000
vt 0.00000000 0.00000000
vt 0.00000000 0.00000000
vt 0.00000000 0.00000000
vt 0.00000000 0.00000000
vt 0.00000000 0.00000000
vt 0.00000000 0.00000000
vt 0.00000000 0.00000000
vt 0.00000000 0.00000000
vt 0.00000000 0.00000000
vt 0.00000000 0.00000000
vt 0.00000000 0.00000000
vt 0.00000000 0.00000000
vt 0.00000000 0.00000000
vt 0.00000000 0.00000000
vt 0.00000000 0.00000000
vt 0.00000000 0.00000000
vt 0.00000000 0.00000000
vt 0.00000000 0.00000000
vt 0.00000000 0.00000000
vt 0.00000000 0.00000000
vt 0.00000000 0.00000000
vt 0.00000000 0.00000000
vt 0.00000000 0.00000000
vt 0.00000000 0.00000000
vt 0.00000000 0.00000000
vt 0.00000000 0.00000000
vt 0.00000000 0.00000000
vt 0.00000000 0.00000000
vt 0.00000000 0.00000000
vt 0.00000000 0.00000000
vt 0.00000000 0.00000000
vt 0.00000000 0.00000000
vt 0.00000000 0.00000000
vt 0.00000000 0.00000000
vt 0.00000000 0.00000000
vt 0.00000000 0.00000000
vt 0.00000000 0.00000000
vt 0.00000000 0.00000000
vt 0.00000000 0.00000000
vt 0.00000000 0.00000000
vt 0.00000000 0.00000000
vt 0.00000000 0.00000000
vt 0.00000000 0.00000000
vt 0.00000000 0.00000000
vt 0.00000000 0.00000000
vt 0.00000000 0.00000000
vt 0.00000000 0.00000000
vt 0.00000000 0.00000000
vt 0.00000000 0.00000000
vt 0.00000000 0.00000000
vt 0.00000000 0.00000000
vt 0.00000000 0.00000000
vt 0.00000000 0.00000000
vt 0.00000000 0.00000000
vt 0.00000000 0.00000000
vt 0.00000000 0.00000000
vt 0.00000000 0.00000000
vt 0.00000000 0.00000000
vt 0.00000000 0.00000000
vt 0.00000000 0.00000000
vt 0.00000000 0.00000000
vt 0.00000000 0.00000000
vt 0.00000000 0.00000000
vt 0.00000000 0.00000000
vt 0.00000000 0.00000000
vt 0.00000000 0.00000000
vt 0.00000000 0.00000000
vt 0.00000000 0.00000000
vt 0.00000000 0.00000000
vt 0.00000000 0.00000000
vt 0.00000000 0.00000000
vt 0.00000000 0.00000000
vt 0.00000000 0.00000000
vt 0.00000000 0.00000000
vt 0.00000000 0.00000000
vt 0.00000000 0.00000000
vt 0.00000000 0.00000000
vt 0.00000000 0.00000000
vt 0.00000000 0.00000000
vt 0.00000000 0.00000000
vt 0.00000000 0.00000000
vt 0.00000000 0.00000000
vt 0.00000000 0.00000000
vt 0.00000000 0.00000000
vt 0.00000000 0.00000000
vt 0.00000000 0.00000000
vt 0.00000000 0.00000000
vt 0.00000000 0.00000000
vt 0.00000000 0.00000000
vt 0.00000000 0.00000000
vt 0.00000000 0.00000000
vt 0.00000000 0.00000000
vt 0.00000000 0.00000000
vt 0.00000000 0.00000000
vt 0.00000000 0.00000000
vt 0.00000000 0.00000000
vt 0.00000000 0.00000000
vt 0.00000000 0.00000000
vt 0.00000000 0.00000000
vt 0.00000000 0.00000000
vt 0.00000000 0.00000000
vt 0.00000000 0.00000000
vt 0.00000000 0.00000000
vt 0.00000000 0.00000000
vt 0.00000000 0.00000000
vt 0.00000000 0.00000000
vt 0.00000000 0.00000000
vt 0.00000000 0.00000000
vt 0.00000000 0.00000000
vt 0.00000000 0.00000000
vt 0.00000000 0.00000000
vt 0.00000000 0.00000000
vt 0.00000000 0.00000000
vt 0.00000000 0.00000000
vt 0.00000000 0.00000000
vt 0.00000000 0.00000000
vt 0.00000000 0.00000000
vt 0.00000000 0.00000000
vt 0.00000000 0.00000000
vt 0.00000000 0.00000000
vt 0.00000000 0.00000000
vt 0.00000000 0.00000000
vt 0.00000000 0.00000000
vt 0.00000000 0.00000000
vt 0.00000000 0.00000000
vt 0.00000000 0.00000000
vt 0.00000000 0.00000000
vt 0.00000000 0.00000000
vt 0.00000000 0.00000000
vt 0.00000000 0.00000000
vt 0.00000000 0.00000000
vt 0.00000000 0.00000000
vt 0.00000000 0.00000000
vt 0.00000000 0.00000000
vt 0.00000000 0.00000000
vt 0.00000000 0.00000000
vt 0.00000000 0.00000000
vt 0.00000000 0.00000000
vt 0.00000000 0.00000000
vt 0.00000000 0.00000000
vt 0.00000000 0.00000000
vt 0.00000000 0.00000000
vt 0.00000000 0.00000000
vt 0.00000000 0.00000000
vt 0.00000000 0.00000000
vt 0.00000000 0.00000000
vt 0.00000000 0.00000000
vt 0.00000000 0.00000000
vt 0.00000000 0.00000000
vt 0.00000000 0.00000000
vt 0.00000000 0.00000000
vt 0.00000000 0.00000000
vt 0.00000000 0.00000000
vt 0.00000000 0.00000000
vt 0.00000000 0.00000000
vt 0.00000000 0.00000000
vt 0.00000000 0.00000000
vt 0.00000000 0.00000000
vt 0.00000000 0.00000000
vt 0.00000000 0.00000000
vt 0.00000000 0.00000000
vt 0.00000000 0.00000000
vt 0.00000000 0.00000000
vt 0.00000000 0.00000000
vt 0.00000000 0.00000000
vt 0.00000000 0.00000000
vt 0.00000000 0.00000000
vt 0.00000000 0.00000000
vt 0.00000000 0.00000000
vt 0.00000000 0.00000000
vt 0.00000000 0.00000000
vt 0.00000000 0.00000000
vt 0.00000000 0.00000000
vt 0.00000000 0.00000000
vt 0.00000000 0.00000000
vt 0.00000000 0.00000000
vt 0.00000000 0.00000000
vt 0.00000000 0.00000000
vt 0.00000000 0.00000000
vt 0.00000000 0.00000000
vt 0.00000000 0.00000000
vt 0.00000000 0.00000000
vt 0.00000000 0.00000000
vt 0.00000000 0.00000000
vt 0.00000000 0.00000000
vt 0.00000000 0.00000000
vt 0.00000000 0.00000000
vt 0.00000000 0.00000000
vt 0.00000000 0.00000000
vt 0.00000000 0.00000000
vt 0.00000000 0.00000000
vt 0.00000000 0.00000000
vt 0.00000000 0.00000000
vt 0.00000000 0.00000000
vt 0.00000000 0.00000000
vt 0.00000000 0.00000000
vt 0.00000000 0.00000000
vt 0.00000000 0.00000000
vt 0.00000000 0.00000000
vt 0.00000000 0.00000000
vt 0.00000000 0.00000000
vt 0.00000000 0.00000000
vt 0.00000000 0.00000000
vt 0.00000000 0.00000000
vt 0.00000000 0.00000000
vt 0.00000000 0.00000000
vt 0.00000000 0.00000000
vt 0.00000000 0.00000000
vt 0.00000000 0.00000000
vt 0.00000000 0.00000000
vt 0.00000000 0.00000000
vt 0.00000000 0.00000000
vt 0.00000000 0.00000000
vt 0.00000000 0.00000000
vt 0.00000000 0.00000000
vt 0.00000000 0.00000000
vt 0.00000000 0.00000000
vt 0.00000000 0.00000000
vt 0.00000000 0.00000000
vt 0.00000000 0.00000000
vt 0.00000000 0.00000000
vt 0.00000000 0.00000000
vt 0.00000000 0.00000000
vt 0.00000000 0.00000000
vt 0.00000000 0.00000000
vt 0.00000000 0.00000000
vt 0.00000000 0.00000000
vt 0.00000000 0.00000000
vt 0.00000000 0.00000000
vt 0.00000000 0.00000000
vt 0.00000000 0.00000000
vt 0.00000000 0.00000000
vt 0.00000000 0.00000000
vt 0.00000000 0.00000000
vt 0.00000000 0.00000000
vt 0.00000000 0.00000000
vt 0.00000000 0.00000000
vt 0.00000000 0.00000000
vt 0.00000000 0.00000000
vt 0.00000000 0.00000000
vt 0.00000000 0.00000000
vt 0.00000000 0.00000000
vt 0.00000000 0.00000000
vt 0.00000000 0.00000000
vt 0.00000000 0.00000000
vt 0.00000000 0.00000000
vt 0.00000000 0.00000000
vt 0.00000000 0.00000000
vt 0.00000000 0.00000000
vt 0.00000000 0.00000000
vt 0.00000000 0.00000000
vt 0.00000000 0.00000000
vt 0.00000000 0.00000000
vt 0.00000000 0.00000000
vt 0.00000000 0.00000000
vt 0.00000000 0.00000000
vt 0.00000000 0.00000000
vt 0.00000000 0.00000000
vt 0.00000000 0.00000000
vt 0.00000000 0.00000000
vt 0.00000000 0.00000000
vt 0.00000000 0.00000000
vt 0.00000000 0.00000000
vt 0.00000000 0.00000000
vt 0.00000000 0.00000000
vt 0.00000000 0.00000000
vt 0.00000000 0.00000000
vt 0.00000000 0.00000000
vt 0.00000000 0.00000000
vt 0.00000000 0.00000000
vt 0.00000000 0.00000000
vt 0.00000000 0.00000000
vt 0.00000000 0.00000000
vt 0.00000000 0.00000000
vt 0.00000000 0.00000000
vt 0.00000000 0.00000000
vt 0.00000000 0.00000000
vt 0.00000000 0.00000000
vt 0.00000000 0.00000000
vt 0.00000000 0.00000000
vt 0.00000000 0.00000000
vt 0.00000000 0.00000000
vt 0.00000000 0.00000000
vt 0.00000000 0.00000000
vt 0.00000000 0.00000000
vt 0.00000000 0.00000000
vt 0.00000000 0.00000000
vt 0.00000000 0.00000000
vt 0.00000000 0.00000000
vt 0.00000000 0.00000000
vt 0.00000000 0.00000000
vt 0.00000000 0.00000000
vt 0.00000000 0.00000000
vt 0.00000000 0.00000000
vt 0.00000000 0.00000000
vt 0.00000000 0.00000000
vt 0.00000000 0.00000000
vt 0.00000000 0.00000000
vt 0.00000000 0.00000000
vt 0.00000000 0.00000000
vt 0.00000000 0.00000000
vt 0.00000000 0.00000000
vt 0.00000000 0.00000000
vt 0.00000000 0.00000000
vt 0.00000000 0.00000000
vt 0.00000000 0.00000000
vt 0.00000000 0.00000000
vt 0.00000000 0.00000000
vt 0.00000000 0.00000000
vt 0.00000000 0.00000000
vt 0.00000000 0.00000000
vt 0.00000000 0.00000000
vt 0.00000000 0.00000000
vt 0.00000000 0.00000000
vt 0.00000000 0.00000000
vt 0.00000000 0.00000000
vt 0.00000000 0.00000000
vt 0.00000000 0.00000000
vt 0.00000000 0.00000000
vt 0.00000000 0.00000000
vt 0.00000000 0.00000000
vt 0.00000000 0.00000000
vt 0.00000000 0.00000000
vt 0.00000000 0.00000000
vt 0.00000000 0.00000000
vt 0.00000000 0.00000000
vt 0.00000000 0.00000000
vt 0.00000000 0.00000000
vt 0.00000000 0.00000000
vt 0.00000000 0.00000000
vt 0.00000000 0.00000000
vt 0.00000000 0.00000000
vt 0.00000000 0.00000000
vt 0.00000000 0.00000000
vt 0.00000000 0.00000000
vt 0.00000000 0.00000000
vt 0.00000000 0.00000000
vt 0.00000000 0.00000000
vt 0.00000000 0.00000000
vt 0.00000000 0.00000000
vt 0.00000000 0.00000000
vt 0.00000000 0.00000000
vt 0.00000000 0.00000000
vt 0.00000000 0.00000000
vt 0.00000000 0.00000000
vt 0.00000000 0.00000000
vt 0.00000000 0.00000000
vt 0.00000000 0.00000000
vt 0.00000000 0.00000000
vt 0.00000000 0.00000000
vt 0.00000000 0.00000000
vt 0.00000000 0.00000000
vt 0.00000000 0.00000000
vt 0.00000000 0.00000000
vt 0.00000000 0.00000000
vt 0.00000000 0.00000000
vt 0.00000000 0.00000000
vt 0.00000000 0.00000000
vt 0.00000000 0.00000000
vt 0.00000000 0.00000000
vt 0.00000000 0.00000000
vt 0.00000000 0.00000000
vt 0.00000000 0.00000000
vt 0.00000000 0.00000000
vt 0.00000000 0.00000000
vt 0.00000000 0.00000000
vt 0.00000000 0.00000000
vt 0.00000000 0.00000000
vt 0.00000000 0.00000000
vt 0.00000000 0.00000000
vt 0.00000000 0.00000000
vt 0.00000000 0.00000000
vt 0.00000000 0.00000000
vt 0.00000000 0.00000000
vt 0.00000000 0.00000000
vt 0.00000000 0.00000000
vt 0.00000000 0.00000000
vt 0.00000000 0.00000000
vt 0.00000000 0.00000000
vt 0.00000000 0.00000000
vt 0.00000000 0.00000000
f 1140/1140/1140 1141/1141/1141 994/994/994
f 1140/1140/1140 994/994/994 992/992/992
f 1141/1141/1141 1139/1139/1139 993/993/993
f 1141/1141/1141 993/993/993 994/994/994
f 1417/1417/1417 1419/1419/1419 909/909/909
f 1417/1417/1417 909/909/909 907/907/907
f 1415/1415/1415 1417/1417/1417 907/907/907
f 1415/1415/1415 907/907/907 906/906/906
f 1413/1413/1413 1415/1415/1415 906/906/906
f 1413/1413/1413 906/906/906 904/904/904
f 1411/1411/1411 1413/1413/1413 904/904/904
f 1411/1411/1411 904/904/904 902/902/902
f 1408/1408/1408 1411/1411/1411 902/902/902
f 1408/1408/1408 902/902/902 899/899/899
f 1407/1407/1407 1408/1408/1408 899/899/899
f 1407/1407/1407 899/899/899 898/898/898
f 1404/1404/1404 1407/1407/1407 898/898/898
f 1404/1404/1404 898/898/898 895/895/895
f 1403/1403/1403 1404/1404/1404 895/895/895
f 1403/1403/1403 895/895/895 894/894/894
f 1401/1401/1401 1403/1403/1403 894/894/894
f 1401/1401/1401 894/894/894 891/891/891
f 1400/1400/1400 1401/1401/1401 891/891/891
f 1400/1400/1400 891/891/891 889/889/889
f 1399/1399/1399 1400/1400/1400 889/889/889
f 1399/1399/1399 889/889/889 888/888/888
f 1398/1398/1398 1399/1399/1399 888/888/888
f 1398/1398/1398 888/888/888 885/885/885
f 1396/1396/1396 1398/1398/1398 885/885/885
f 1396/1396/1396 885/885/885 883/883/883
f 1394/1394/1394 1396/1396/1396 883/883/883
f 1394/1394/1394 883/883/883 881/881/881
f 1392/1392/1392 1394/1394/1394 881/881/881
f 1392/1392/1392 881/881/881 879/879/879
f 1390/1390/1390 1392/1392/1392 879/879/879
f 1390/1390/1390 879/879/879 877/877/877
f 1388/1388/1388 1390/1390/1390 877/877/877
f 1388/1388/1388 877/877/877 875/875/875
f 1386/1386/1386 1388/1388/1388 875/875/875
f 1386/1386/1386 875/875/875 873/873/873
f 1385/1385/1385 1386/1386/1386 873/873/873
f 1385/1385/1385 873/873/873 872/872/872
f 1387/1387/1387 1385/1385/1385 872/872/872
f 1387/1387/1387 872/872/872 874/874/874
f 1389/1389/1389 1387/1387/1387 874/874/874
f 1389/1389/1389 874/874/874 876/876/876
f 1391/1391/1391 1389/1389/1389 876/876/876
f 1391/1391/1391 876/876/876 878/878/878
f 1393/1393/1393 1391/1391/1391 878/878/878
f 1393/1393/1393 878/878/878 880/880/880
f 1395/1395/1395 1393/1393/1393 880/880/880
f 1395/1395/1395 880/880/880 882/882/882
f 1397/1397/1397 1395/1395/1395 882/882/882
f 1397/1397/1397 882/882/882 884/884/884
f 1421/1421/1421 1397/1397/1397 884/884/884
f 1421/1421/1421 884/884/884 886/886/886
f 1422/1422/1422 1421/1421/1421 886/886/886
f 1422/1422/1422 886/886/886 887/887/887
f 1423/1423/1423 1422/1422/1422 887/887/887
f 1423/1423/1423 887/887/887 890/890/890
f 1424/1424/1424 1423/1423/1423 890/890/890
f 1424/1424/1424 890/890/890 892/892/892
f 1402/1402/1402 1424/1424/1424 892/892/892
f 1402/1402/1402 892/892/892 893/893/893
f 1405/1405/1405 1402/1402/1402 893/893/893
f 1405/1405/1405 893/893/893 896/896/896
f 1406/1406/1406 1405/1405/1405 896/896/896
f 1406/1406/1406 896/896/896 897/897/897
f 1409/1409/1409 1406/1406/1406 897/897/897
f 1409/1409/1409 897/897/897 900/900/900
f 1410/1410/1410 1409/1409/1409 900/900/900
f 1410/1410/1410 900/900/900 901/901/901
f 1412/1412/1412 1410/1410/1410 901/901/901
f 1412/1412/1412 901/901/901 903/903/903
f 1414/1414/1414 1412/1412/1412 903/903/903
f 1414/1414/1414 903/903/903 905/905/905
f 1416/1416/1416 1414/1414/1414 905/905/905
f 1416/1416/1416 905/905/905 908/908/908
f 1418/1418/1418 1416/1416/1416 908/908/908
f 1418/1418/1418 908/908/908 910/910/910
f 1420/1420/1420 1418/1418/1418 910/910/910
f 1420/1420/1420 910/910/910 911/911/911
f 1419/1419/1419 1420/1420/1420 911/911/911
f 1419/1419/1419 911/911/911 909/909/909
f 1340/1340/1340 1338/1338/1338 1298/1298/1298
f 1340/1340/1340 1298/1298/1298 1301/1301/1301
f 1338/1338/1338 1336/1336/1336 1296/1296/1296
f 1338/1338/1338 1296/1296/1296 1298/1298/1298
f 1336/1336/1336 1334/1334/1334 1294/1294/1294
f 1336/1336/1336 1294/1294/1294 1296/1296/1296
f 1334/1334/1334 1332/1332/1332 1292/1292/1292
f 1334/1334/1334 1292/1292/1292 1294/1294/1294
f 1332/1332/1332 1330/1330/1330 1290/1290/1290
f 1332/1332/1332 1290/1290/1290 1292/1292/1292
f 1330/1330/1330 1328/1328/1328 1288/1288/1288
f 1330/1330/1330 1288/1288/1288 1290/1290/1290
f 1328/1328/1328 1326/1326/1326 1286/1286/1286
f 1328/1328/1328 1286/1286/1286 1288/1288/1288
f 1326/1326/1326 1324/1324/1324 1284/1284/1284
f 1326/1326/1326 1284/1284/1284 1286/1286/1286
f 1324/1324/1324 1322/1322/1322 1282/1282/1282
f 1324/1324/1324 1282/1282/1282 1284/1284/1284
f 1322/1322/1322 1320/1320/1320 1280/1280/1280
f 1322/1322/1322 1280/1280/1280 1282/1282/1282
f 1320/1320/1320 1318/1318/1318 1278/1278/1278
f 1320/1320/1320 1278/1278/1278 1280/1280/1280
f 1318/1318/1318 1316/1316/1316 1276/1276/1276
f 1318/1318/1318 1276/1276/1276 1278/1278/1278
f 1316/1316/1316 1314/1314/1314 1274/1274/1274
f 1316/1316/1316 1274/1274/1274 1276/1276/1276
f 1314/1314/1314 1312/1312/1312 1272/1272/1272
f 1314/1314/1314 1272/1272/1272 1274/1274/1274
f 1312/1312/1312 1310/1310/1310 1270/1270/1270
f 1312/1312/1312 1270/1270/1270 1272/1272/1272
f 1310/1310/1310 1308/1308/1308 1268/1268/1268
f 1310/1310/1310 1268/1268/1268 1270/1270/1270
f 1308/1308/1308 1306/1306/1306 1266/1266/1266
f 1308/1308/1308 1266/1266/1266 1268/1268/1268
f 1306/1306/1306 1304/1304/1304 1264/1264/1264
f 1306/1306/1306 1264/1264/1264 1266/1266/1266
f 1304/1304/1304 1303/1303/1303 1263/1263/1263
f 1304/1304/1304 1263/1263/1263 1264/1264/1264
f 1303/1303/1303 1305/1305/1305 1265/1265/1265
f 1303/1303/1303 1265/1265/1265 1263/1263/1263
f 1305/1305/1305 1307/1307/1307 1267/1267/1267
f 1305/1305/1305 1267/1267/1267 1265/1265/1265
f 1307/1307/1307 1309/1309/1309 1269/1269/1269
f 1307/1307/1307 1269/1269/1269 1267/1267/1267
f 1309/1309/1309 1311/1311/1311 1271/1271/1271
f 1309/1309/1309 1271/1271/1271 1269/1269/1269
f 1311/1311/1311 1313/1313/1313 1273/1273/1273
f 1311/1311/1311 1273/1273/1273 1271/1271/1271
f 1313/1313/1313 1315/1315/1315 1275/1275/1275
f 1313/1313/1313 1275/1275/1275 1273/1273/1273
f 1315/1315/1315 1317/1317/1317 1277/1277/1277
f 1315/1315/1315 1277/1277/1277 1275/1275/1275
f 1317/1317/1317 1319/1319/1319 1279/1279/1279
f 1317/1317/1317 1279/1279/1279 1277/1277/1277
f 1319/1319/1319 1321/1321/1321 1281/1281/1281
f 1319/1319/1319 1281/1281/1281 1279/1279/1279
f 1321/1321/1321 1323/1323/1323 1283/1283/1283
f 1321/1321/1321 1283/1283/1283 1281/1281/1281
f 1323/1323/1323 1325/1325/1325 1285/1285/1285
f 1323/1323/1323 1285/1285/1285 1283/1283/1283
f 1325/1325/1325 1327/1327/1327 1287/1287/1287
f 1325/1325/1325 1287/1287/1287 1285/1285/1285
f 1327/1327/1327 1329/1329/1329 1289/1289/1289
f 1327/1327/1327 1289/1289/1289 1287/1287/1287
f 1329/1329/1329 1331/1331/1331 1291/1291/1291
f 1329/1329/1329 1291/1291/1291 1289/1289/1289
f 1331/1331/1331 1333/1333/1333 1293/1293/1293
f 1331/1331/1331 1293/1293/1293 1291/1291/1291
f 1333/1333/1333 1335/1335/1335 1295/1295/1295
f 1333/1333/1333 1295/1295/1295 1293/1293/1293
f 1335/1335/1335 1337/1337/1337 1297/1297/1297
f 1335/1335/1335 1297/1297/1297 1295/1295/1295
f 1337/1337/1337 1339/1339/1339 1299/1299/1299
f 1337/1337/1337 1299/1299/1299 1297/1297/1297
f 1339/1339/1339 1341/1341/1341 1300/1300/1300
f 1339/1339/1339 1300/1300/1300 1299/1299/1299
f 1341/1341/1341 1342/1342/1342 1302/1302/1302
f 1341/1341/1341 1302/1302/1302 1300/1300/1300
f 1342/1342/1342 1340/1340/1340 1301/1301/1301
f 1342/1342/1342 1301/1301/1301 1302/1302/1302
f 1301/1301/1301 1298/1298/1298 1217/1217/1217
f 1301/1301/1301 1217/1217/1217 1219/1219/1219
f 1298/1298/1298 1296/1296/1296 1215/1215/1215
f 1298/1298/1298 1215/1215/1215 1217/1217/1217
f 1296/1296/1296 1294/1294/1294 1213/1213/1213
f 1296/1296/1296 1213/1213/1213 1215/1215/1215
f 1294/1294/1294 1292/1292/1292 1212/1212/1212
f 1294/1294/1294 1212/1212/1212 1213/1213/1213
f 1292/1292/1292 1290/1290/1290 1209/1209/1209
f 1292/1292/1292 1209/1209/1209 1212/1212/1212
f 1290/1290/1290 1288/1288/1288 1207/1207/1207
f 1290/1290/1290 1207/1207/1207 1209/1209/1209
f 1288/1288/1288 1286/1286/1286 1205/1205/1205
f 1288/1288/1288 1205/1205/1205 1207/1207/1207
f 1286/1286/1286 1284/1284/1284 1204/1204/1204
f 1286/1286/1286 1204/1204/1204 1205/1205/1205
f 1284/1284/1284 1282/1282/1282 1201/1201/1201
f 1284/1284/1284 1201/1201/1201 1204/1204/1204
f 1282/1282/1282 1280/1280/1280 1200/1200/1200
f 1282/1282/1282 1200/1200/1200 1201/1201/1201
f 1280/1280/1280 1278/1278/1278 1197/1197/1197
f 1280/1280/1280 1197/1197/1197 1200/1200/1200
f 1278/1278/1278 1276/1276/1276 1195/1195/1195
f 1278/1278/1278 1195/1195/1195 1197/1197/1197
f 1276/1276/1276 1274/1274/1274 1193/1193/1193
f 1276/1276/1276 1193/1193/1193 1195/1195/1195
f 1274/1274/1274 1272/1272/1272 1192/1192/1192
f 1274/1274/1274 1192/1192/1192 1193/1193/1193
f 1272/1272/1272 1270/1270/1270 1189/1189/1189
f 1272/1272/1272 1189/1189/1189 1192/1192/1192
f 1270/1270/1270 1268/1268/1268 1187/1187/1187
f 1270/1270/1270 1187/1187/1187 1189/1189/1189
f 1268/1268/1268 1266/1266/1266 1185/1185/1185
f 1268/1268/1268 1185/1185/1185 1187/1187/1187
f 1266/1266/1266 1264/1264/1264 1183/1183/1183
f 1266/1266/1266 1183/1183/1183 1185/1185/1185
f 1264/1264/1264 1263/1263/1263 1182/1182/1182
f 1264/1264/1264 1182/1182/1182 1183/1183/1183
f 1263/1263/1263 1265/1265/1265 1184/1184/1184
f 1263/1263/1263 1184/1184/1184 1182/1182/1182
f 1265/1265/1265 1267/1267/1267 1186/1186/1186
f 1265/1265/1265 1186/1186/1186 1184/1184/1184
f 1267/1267/1267 1269/1269/1269 1188/1188/1188
f 1267/1267/1267 1188/1188/1188 1186/1186/1186
f 1269/1269/1269 1271/1271/1271 1190/1190/1190
f 1269/1269/1269 1190/1190/1190 1188/1188/1188
f 1271/1271/1271 1273/1273/1273 1191/1191/1191
f 1271/1271/1271 1191/1191/1191 1190/1190/1190
f 1273/1273/1273 1275/1275/1275 1194/1194/1194
f 1273/1273/1273 1194/1194/1194 1191/1191/1191
f 1275/1275/1275 1277/1277/1277 1196/1196/1196
f 1275/1275/1275 1196/1196/1196 1194/1194/1194
f 1277/1277/1277 1279/1279/1279 1198/1198/1198
f 1277/1277/1277 1198/1198/1198 1196/1196/1196
f 1279/1279/1279 1281/1281/1281 1199/1199/1199
f 1279/1279/1279 1199/1199/1199 1198/1198/1198
f 1281/1281/1281 1283/1283/1283 1202/1202/1202
f 1281/1281/1281 1202/1202/1202 1199/1199/1199
f 1283/1283/1283 1285/1285/1285 1203/1203/1203
f 1283/1283/1283 1203/1203/1203 1202/1202/1202
f 1285/1285/1285 1287/1287/1287 1206/1206/1206
f 1285/1285/1285 1206/1206/1206 1203/1203/1203
f 1287/1287/1287 1289/1289/1289 1208/1208/1208
f 1287/1287/1287 1208/1208/1208 1206/1206/1206
f 1289/1289/1289 1291/1291/1291 1210/1210/1210
f 1289/1289/1289 1210/1210/1210 1208/1208/1208
f 1291/1291/1291 1293/1293/1293 1211/1211/1211
f 1291/1291/1291 1211/1211/1211 1210/1210/1210
f 1293/1293/1293 1295/1295/1295 1214/1214/1214
f 1293/1293/1293 1214/1214/1214 1211/1211/1211
f 1295/1295/1295 1297/1297/1297 1216/1216/1216
f 1295/1295/1295 1216/1216/1216 1214/1214/1214
f 1297/1297/1297 1299/1299/1299 1218/1218/1218
f 1297/1297/1297 1218/1218/1218 1216/1216/1216
f 1299/1299/1299 1300/1300/1300 1220/1220/1220
f 1299/1299/1299 1220/1220/1220 1218/1218/1218
f 1300/1300/1300 1302/1302/1302 1221/1221/1221
f 1300/1300/1300 1221/1221/1221 1220/1220/1220
f 1302/1302/1302 1301/1301/1301 1219/1219/1219
f 1302/1302/1302 1219/1219/1219 1221/1221/1221
f 1219/1219/1219 1217/1217/1217 1177/1177/1177
f 1219/1219/1219 1177/1177/1177 1180/1180/1180
f 1217/1217/1217 1215/1215/1215 1175/1175/1175
f 1217/1217/1217 1175/1175/1175 1177/1177/1177
f 1215/1215/1215 1213/1213/1213 1174/1174/1174
f 1215/1215/1215 1174/1174/1174 1175/1175/1175
f 1213/1213/1213 1212/1212/1212 1171/1171/1171
f 1213/1213/1213 1171/1171/1171 1174/1174/1174
f 1212/1212/1212 1209/1209/1209 1169/1169/1169
f 1212/1212/1212 1169/1169/1169 1171/1171/1171
f 1209/1209/1209 1207/1207/1207 1167/1167/1167
f 1209/1209/1209 1167/1167/1167 1169/1169/1169
f 1207/1207/1207 1205/1205/1205 1165/1165/1165
f 1207/1207/1207 1165/1165/1165 1167/1167/1167
f 1205/1205/1205 1204/1204/1204 1163/1163/1163
f 1205/1205/1205 1163/1163/1163 1165/1165/1165
f 1204/1204/1204 1201/1201/1201 1161/1161/1161
f 1204/1204/1204 1161/1161/1161 1163/1163/1163
f 1201/1201/1201 1200/1200/1200 1159/1159/1159
f 1201/1201/1201 1159/1159/1159 1161/1161/1161
f 1200/1200/1200 1197/1197/1197 1157/1157/1157
f 1200/1200/1200 1157/1157/1157 1159/1159/1159
f 1197/1197/1197 1195/1195/1195 1155/1155/1155
f 1197/1197/1197 1155/1155/1155 1157/1157/1157
f 1195/1195/1195 1193/1193/1193 1153/1153/1153
f 1195/1195/1195 1153/1153/1153 1155/1155/1155
f 1193/1193/1193 1192/1192/1192 1151/1151/1151
f 1193/1193/1193 1151/1151/1151 1153/1153/1153
f 1192/1192/1192 1189/1189/1189 1149/1149/1149
f 1192/1192/1192 1149/1149/1149 1151/1151/1151
f 1189/1189/1189 1187/1187/1187 1147/1147/1147
f 1189/1189/1189 1147/1147/1147 1149/1149/1149
f 1187/1187/1187 1185/1185/1185 1145/1145/1145
f 1187/1187/1187 1145/1145/1145 1147/1147/1147
f 1185/1185/1185 1183/1183/1183 1143/1143/1143
f 1185/1185/1185 1143/1143/1143 1145/1145/1145
f 1183/1183/1183 1182/1182/1182 1142/1142/1142
f 1183/1183/1183 1142/1142/1142 1143/1143/1143
f 1182/1182/1182 1184/1184/1184 1144/1144/1144
f 1182/1182/1182 1144/1144/1144 1142/1142/1142
f 1184/1184/1184 1186/1186/1186 1146/1146/1146
f 1184/1184/1184 1146/1146/1146 1144/1144/1144
f 1186/1186/1186 1188/1188/1188 1148/1148/1148
f 1186/1186/1186 1148/1148/1148 1146/1146/1146
f 1188/1188/1188 1190/1190/1190 1150/1150/1150
f 1188/1188/1188 1150/1150/1150 1148/1148/1148
f 1190/1190/1190 1191/1191/1191 1152/1152/1152
f 1190/1190/1190 1152/1152/1152 1150/1150/1150
f 1191/1191/1191 1194/1194/1194 1154/1154/1154
f 1191/1191/1191 1154/1154/1154 1152/1152/1152
f 1194/1194/1194 1196/1196/1196 1156/1156/1156
f 1194/1194/1194 1156/1156/1156 1154/1154/1154
f 1196/1196/1196 1198/1198/1198 1158/1158/1158
f 1196/1196/1196 1158/1158/1158 1156/1156/1156
f 1198/1198/1198 1199/1199/1199 1160/1160/1160
f 1198/1198/1198 1160/1160/1160 1158/1158/1158
f 1199/1199/1199 1202/1202/1202 1162/1162/1162
f 1199/1199/1199 1162/1162/1162 1160/1160/1160
f 1202/1202/1202 1203/1203/1203 1164/1164/1164
f 1202/1202/1202 1164/1164/1164 1162/1162/1162
f 1203/1203/1203 1206/1206/1206 1166/1166/1166
f 1203/1203/1203 1166/1166/1166 1164/1164/1164
f 1206/1206/1206 1208/1208/1208 1168/1168/1168
f 1206/1206/1206 1168/1168/1168 1166/1166/1166
f 1208/1208/1208 1210/1210/1210 1170/1170/1170
f 1208/1208/1208 1170/1170/1170 1168/1168/1168
f 1210/1210/1210 1211/1211/1211 1172/1172/1172
f 1210/1210/1210 1172/1172/1172 1170/1170/1170
f 1211/1211/1211 1214/1214/1214 1173/1173/1173
f 1211/1211/1211 1173/1173/1173 1172/1172/1172
f 1214/1214/1214 1216/1216/1216 1176/1176/1176
f 1214/1214/1214 1176/1176/1176 1173/1173/1173
f 1216/1216/1216 1218/1218/1218 1178/1178/1178
f 1216/1216/1216 1178/1178/1178 1176/1176/1176
f 1218/1218/1218 1220/1220/1220 1179/1179/1179
f 1218/1218/1218 1179/1179/1179 1178/1178/1178
f 1220/1220/1220 1221/1221/1221 1181/1181/1181
f 1220/1220/1220 1181/1181/1181 1179/1179/1179
f 1221/1221/1221 1219/1219/1219 1180/1180/1180
f 1221/1221/1221 1180/1180/1180 1181/1181/1181
f 1180/1180/1180 1177/1177/1177 1135/1135/1135
f 1180/1180/1180 1135/1135/1135 1136/1136/1136
f 1177/1177/1177 1175/1175/1175 1133/1133/1133
f 1177/1177/1177 1133/1133/1133 1135/1135/1135
f 1175/1175/1175 1174/1174/1174 1131/1131/1131
f 1175/1175/1175 1131/1131/1131 1133/1133/1133
f 1174/1174/1174 1171/1171/1171 1128/1128/1128
f 1174/1174/1174 1128/1128/1128 1131/1131/1131
f 1171/1171/1171 1169/1169/1169 1126/1126/1126
f 1171/1171/1171 1126/1126/1126 1128/1128/1128
f 1169/1169/1169 1167/1167/1167 1125/1125/1125
f 1169/1169/1169 1125/1125/1125 1126/1126/1126
f 1167/1167/1167 1165/1165/1165 1122/1122/1122
f 1167/1167/1167 1122/1122/1122 1125/1125/1125
f 1165/1165/1165 1163/1163/1163 1120/1120/1120
f 1165/1165/1165 1120/1120/1120 1122/1122/1122
f 1163/1163/1163 1161/1161/1161 1118/1118/1118
f 1163/1163/1163 1118/1118/1118 1120/1120/1120
f 1161/1161/1161 1159/1159/1159 1116/1116/1116
f 1161/1161/1161 1116/1116/1116 1118/1118/1118
f 1159/1159/1159 1157/1157/1157 1114/1114/1114
f 1159/1159/1159 1114/1114/1114 1116/1116/1116
f 1157/1157/1157 1155/1155/1155 1113/1113/1113
f 1157/1157/1157 1113/1113/1113 1114/1114/1114
f 1155/1155/1155 1153/1153/1153 1110/1110/1110
f 1155/1155/1155 1110/1110/1110 1113/1113/1113
f 1153/1153/1153 1151/1151/1151 1108/1108/1108
f 1153/1153/1153 1108/1108/1108 1110/1110/1110
f 1151/1151/1151 1149/1149/1149 1106/1106/1106
f 1151/1151/1151 1106/1106/1106 1108/1108/1108
f 1149/1149/1149 1147/1147/1147 1104/1104/1104
f 1149/1149/1149 1104/1104/1104 1106/1106/1106
f 1147/1147/1147 1145/1145/1145 1102/1102/1102
f 1147/1147/1147 1102/1102/1102 1104/1104/1104
f 1145/1145/1145 1143/1143/1143 1100/1100/1100
f 1145/1145/1145 1100/1100/1100 1102/1102/1102
f 1143/1143/1143 1142/1142/1142 1099/1099/1099
f 1143/1143/1143 1099/1099/1099 1100/1100/1100
f 1142/1142/1142 1144/1144/1144 1101/1101/1101
f 1142/1142/1142 1101/1101/1101 1099/1099/1099
f 1144/1144/1144 1146/1146/1146 1103/1103/1103
f 1144/1144/1144 1103/1103/1103 1101/1101/1101
f 1146/1146/1146 1148/1148/1148 1105/1105/1105
f 1146/1146/1146 1105/1105/1105 1103/1103/1103
f 1148/1148/1148 1150/1150/1150 1107/1107/1107
f 1148/1148/1148 1107/1107/1107 1105/1105/1105
f 1150/1150/1150 1152/1152/1152 1109/1109/1109
f 1150/1150/1150 1109/1109/1109 1107/1107/1107
f 1152/1152/1152 1154/1154/1154 1111/1111/1111
f 1152/1152/1152 1111/1111/1111 1109/1109/1109
f 1154/1154/1154 1156/1156/1156 1112/1112/1112
f 1154/1154/1154 1112/1112/1112 1111/1111/1111
f 1156/1156/1156 1158/1158/1158 1115/1115/1115
f 1156/1156/1156 1115/1115/1115 1112/1112/1112
f 1158/1158/1158 1160/1160/1160 1117/1117/1117
f 1158/1158/1158 1117/1117/1117 1115/1115/1115
f 1160/1160/1160 1162/1162/1162 1119/1119/1119
f 1160/1160/1160 1119/1119/1119 1117/1117/1117
f 1162/1162/1162 1164/1164/1164 1121/1121/1121
f 1162/1162/1162 1121/1121/1121 1119/1119/1119
f 1164/1164/1164 1166/1166/1166 1123/1123/1123
f 1164/1164/1164 1123/1123/1123 1121/1121/1121
f 1166/1166/1166 1168/1168/1168 1124/1124/1124
f 1166/1166/1166 1124/1124/1124 1123/1123/1123
f 1168/1168/1168 1170/1170/1170 1127/1127/1127
f 1168/1168/1168 1127/1127/1127 1124/1124/1124
f 1170/1170/1170 1172/1172/1172 1129/1129/1129
f 1170/1170/1170 1129/1129/1129 1127/1127/1127
f 1172/1172/1172 1173/1173/1173 1130/1130/1130
f 1172/1172/1172 1130/1130/1130 1129/1129/1129
f 1173/1173/1173 1176/1176/1176 1132/1132/1132
f 1173/1173/1173 1132/1132/1132 1130/1130/1130
f 1176/1176/1176 1178/1178/1178 1134/1134/1134
f 1176/1176/1176 1134/1134/1134 1132/1132/1132
f 1178/1178/1178 1179/1179/1179 1137/1137/1137
f 1178/1178/1178 1137/1137/1137 1134/1134/1134
f 1179/1179/1179 1181/1181/1181 1138/1138/1138
f 1179/1179/1179 1138/1138/1138 1137/1137/1137
f 1181/1181/1181 1180/1180/1180 1136/1136/1136
f 1181/1181/1181 1136/1136/1136 1138/1138/1138
f 1136/1136/1136 1135/1135/1135 1031/1031/1031
f 1136/1136/1136 1031/1031/1031 1032/1032/1032
f 1135/1135/1135 1133/1133/1133 1029/1029/1029
f 1135/1135/1135 1029/1029/1029 1031/1031/1031
f 1133/1133/1133 1131/1131/1131 1026/1026/1026
f 1133/1133/1133 1026/1026/1026 1029/1029/1029
f 1131/1131/1131 1128/1128/1128 1025/1025/1025
f 1131/1131/1131 1025/1025/1025 1026/1026/1026
f 1128/1128/1128 1126/1126/1126 1023/1023/1023
f 1128/1128/1128 1023/1023/1023 1025/1025/1025
f 1126/1126/1126 1125/1125/1125 1020/1020/1020
f 1126/1126/1126 1020/1020/1020 1023/1023/1023
f 1125/1125/1125 1122/1122/1122 1018/1018/1018
f 1125/1125/1125 1018/1018/1018 1020/1020/1020
f 1122/1122/1122 1120/1120/1120 1017/1017/1017
f 1122/1122/1122 1017/1017/1017 1018/1018/1018
f 1120/1120/1120 1118/1118/1118 1014/1014/1014
f 1120/1120/1120 1014/1014/1014 1017/1017/1017
f 1118/1118/1118 1116/1116/1116 1013/1013/1013
f 1118/1118/1118 1013/1013/1013 1014/1014/1014
f 1116/1116/1116 1114/1114/1114 1010/1010/1010
f 1116/1116/1116 1010/1010/1010 1013/1013/1013
f 1114/1114/1114 1113/1113/1113 1008/1008/1008
f 1114/1114/1114 1008/1008/1008 1010/1010/1010
f 1113/1113/1113 1110/1110/1110 1006/1006/1006
f 1113/1113/1113 1006/1006/1006 1008/1008/1008
f 1110/1110/1110 1108/1108/1108 1004/1004/1004
f 1110/1110/1110 1004/1004/1004 1006/1006/1006
f 1108/1108/1108 1106/1106/1106 1002/1002/1002
f 1108/1108/1108 1002/1002/1002 1004/1004/1004
f 1106/1106/1106 1104/1104/1104 1000/1000/1000
f 1106/1106/1106 1000/1000/1000 1002/1002/1002
f 1104/1104/1104 1102/1102/1102 998/998/998
f 1104/1104/1104 998/998/998 1000/1000/1000
f 1102/1102/1102 1100/1100/1100 996/996/996
f 1102/1102/1102 996/996/996 998/998/998
f 1100/1100/1100 1099/1099/1099 995/995/995
f 1100/1100/1100 995/995/995 996/996/996
f 1099/1099/1099 1101/1101/1101 997/997/997
f 1099/1099/1099 997/997/997 995/995/995
f 1101/1101/1101 1103/1103/1103 999/999/999
f 1101/1101/1101 999/999/999 997/997/997
f 1103/1103/1103 1105/1105/1105 1001/1001/1001
f 1103/1103/1103 1001/1001/1001 999/999/999
f 1105/1105/1105 1107/1107/1107 1003/1003/1003
f 1105/1105/1105 1003/1003/1003 1001/1001/1001
f 1107/1107/1107 1109/1109/1109 1005/1005/1005
f 1107/1107/1107 1005/1005/1005 1003/1003/1003
f 1109/1109/1109 1111/1111/1111 1007/1007/1007
f 1109/1109/1109 1007/1007/1007 1005/1005/1005
f 1111/1111/1111 1112/1112/1112 1009/1009/1009
f 1111/1111/1111 1009/1009/1009 1007/1007/1007
f 1112/1112/1112 1115/1115/1115 1011/1011/1011
f 1112/1112/1112 1011/1011/1011 1009/1009/1009
f 1115/1115/1115 1117/1117/1117 1012/1012/1012
f 1115/1115/1115 1012/1012/1012 1011/1011/1011
f 1117/1117/1117 1119/1119/1119 1015/1015/1015
f 1117/1117/1117 1015/1015/1015 1012/1012/1012
f 1119/1119/1119 1121/1121/1121 1016/1016/1016
f 1119/1119/1119 1016/1016/1016 1015/1015/1015
f 1121/1121/1121 1123/1123/1123 1019/1019/1019
f 1121/1121/1121 1019/1019/1019 1016/1016/1016
f 1123/1123/1123 1124/1124/1124 1021/1021/1021
f 1123/1123/1123 1021/1021/1021 1019/1019/1019
f 1124/1124/1124 1127/1127/1127 1022/1022/1022
f 1124/1124/1124 1022/1022/1022 1021/1021/1021
f 1127/1127/1127 1129/1129/1129 1024/1024/1024
f 1127/1127/1127 1024/1024/1024 1022/1022/1022
f 1129/1129/1129 1130/1130/1130 1027/1027/1027
f 1129/1129/1129 1027/1027/1027 1024/1024/1024
f 1130/1130/1130 1132/1132/1132 1028/1028/1028
f 1130/1130/1130 1028/1028/1028 1027/1027/1027
f 1132/1132/1132 1134/1134/1134 1030/1030/1030
f 1132/1132/1132 1030/1030/1030 1028/1028/1028
f 1134/1134/1134 1137/1137/1137 1033/1033/1033
f 1134/1134/1134 1033/1033/1033 1030/1030/1030
f 1137/1137/1137 1138/1138/1138 1034/1034/1034
f 1137/1137/1137 1034/1034/1034 1033/1033/1033
f 1138/1138/1138 1136/1136/1136 1032/1032/1032
f 1138/1138/1138 1032/1032/1032 1034/1034/1034
f 1032/1032/1032 1031/1031/1031 987/987/987
f 1032/1032/1032 987/987/987 990/990/990
f 1031/1031/1031 1029/1029/1029 985/985/985
f 1031/1031/1031 985/985/985 987/987/987
f 1029/1029/1029 1026/1026/1026 984/984/984
f 1029/1029/1029 984/984/984 985/985/985
f 1026/1026/1026 1025/1025/1025 982/982/982
f 1026/1026/1026 982/982/982 984/984/984
f 1025/1025/1025 1023/1023/1023 980/980/980
f 1025/1025/1025 980/980/980 982/982/982
f 1023/1023/1023 1020/1020/1020 977/977/977
f 1023/1023/1023 977/977/977 980/980/980
f 1020/1020/1020 1018/1018/1018 975/975/975
f 1020/1020/1020 975/975/975 977/977/977
f 1018/1018/1018 1017/1017/1017 973/973/973
f 1018/1018/1018 973/973/973 975/975/975
f 1017/1017/1017 1014/1014/1014 971/971/971
f 1017/1017/1017 971/971/971 973/973/973
f 1014/1014/1014 1013/1013/1013 969/969/969
f 1014/1014/1014 969/969/969 971/971/971
f 1013/1013/1013 1010/1010/1010 967/967/967
f 1013/1013/1013 967/967/967 969/969/969
f 1010/1010/1010 1008/1008/1008 965/965/965
f 1010/1010/1010 965/965/965 967/967/967
f 1008/1008/1008 1006/1006/1006 963/963/963
f 1008/1008/1008 963/963/963 965/965/965
f 1006/1006/1006 1004/1004/1004 961/961/961
f 1006/1006/1006 961/961/961 963/963/963
f 1004/1004/1004 1002/1002/1002 959/959/959
f 1004/1004/1004 959/959/959 961/961/961
f 1002/1002/1002 1000/1000/1000 957/957/957
f 1002/1002/1002 957/957/957 959/959/959
f 1000/1000/1000 998/998/998 955/955/955
f 1000/1000/1000 955/955/955 957/957/957
f 998/998/998 996/996/996 953/953/953
f 998/998/998 953/953/953 955/955/955
f 996/996/996 995/995/995 952/952/952
f 996/996/996 952/952/952 953/953/953
f 995/995/995 997/997/997 954/954/954
f 995/995/995 954/954/954 952/952/952
f 997/997/997 999/999/999 956/956/956
f 997/997/997 956/956/956 954/954/954
f 999/999/999 1001/1001/1001 958/958/958
f 999/999/999 958/958/958 956/956/956
f 1001/1001/1001 1003/1003/1003 960/960/960
f 1001/1001/1001 960/960/960 958/958/958
f 1003/1003/1003 1005/1005/1005 962/962/962
f 1003/1003/1003 962/962/962 960/960/960
f 1005/1005/1005 1007/1007/1007 964/964/964
f 1005/1005/1005 964/964/964 962/962/962
f 1007/1007/1007 1009/1009/1009 966/966/966
f 1007/1007/1007 966/966/966 964/964/964
f 1009/1009/1009 1011/1011/1011 968/968/968
f 1009/1009/1009 968/968/968 966/966/966
f 1011/1011/1011 1012/1012/1012 970/970/970
f 1011/1011/1011 970/970/970 968/968/968
f 1012/1012/1012 1015/1015/1015 972/972/972
f 1012/1012/1012 972/972/972 970/970/970
f 1015/1015/1015 1016/1016/1016 974/974/974
f 1015/1015/1015 974/974/974 972/972/972
f 1016/1016/1016 1019/1019/1019 976/976/976
f 1016/1016/1016 976/976/976 974/974/974
f 1019/1019/1019 1021/1021/1021 978/978/978
f 1019/1019/1019 978/978/978 976/976/976
f 1021/1021/1021 1022/1022/1022 979/979/979
f 1021/1021/1021 979/979/979 978/978/978
f 1022/1022/1022 1024/1024/1024 981/981/981
f 1022/1022/1022 981/981/981 979/979/979
f 1024/1024/1024 1027/1027/1027 983/983/983
f 1024/1024/1024 983/983/983 981/981/981
f 1027/1027/1027 1028/1028/1028 986/986/986
f 1027/1027/1027 986/986/986 983/983/983
f 1028/1028/1028 1030/1030/1030 988/988/988
f 1028/1028/1028 988/988/988 986/986/986
f 1030/1030/1030 1033/1033/1033 989/989/989
f 1030/1030/1030 989/989/989 988/988/988
f 1033/1033/1033 1034/1034/1034 991/991/991
f 1033/1033/1033 991/991/991 989/989/989
f 1034/1034/1034 1032/1032/1032 990/990/990
f 1034/1034/1034 990/990/990 991/991/991
f 990/990/990 987/987/987 947/947/947
f 990/990/990 947/947/947 950/950/950
f 987/987/987 985/985/985 945/945/945
f 987/987/987 945/945/945 947/947/947
f 985/985/985 984/984/984 944/944/944
f 985/985/985 944/944/944 945/945/945
f 984/984/984 982/982/982 942/942/942
f 984/984/984 942/942/942 944/944/944
f 982/982/982 980/980/980 939/939/939
f 982/982/982 939/939/939 942/942/942
f 980/980/980 977/977/977 937/937/937
f 980/980/980 937/937/937 939/939/939
f 977/977/977 975/975/975 935/935/935
f 977/977/977 935/935/935 937/937/937
f 975/975/975 973/973/973 934/934/934
f 975/975/975 934/934/934 935/935/935
f 973/973/973 971/971/971 931/931/931
f 973/973/973 931/931/931 934/934/934
f 971/971/971 969/969/969 929/929/929
f 971/971/971 929/929/929 931/931/931
f 969/969/969 967/967/967 927/927/927
f 969/969/969 927/927/927 929/929/929
f 967/967/967 965/965/965 925/925/925
f 967/967/967 925/925/925 927/927/927
f 965/965/965 963/963/963 923/923/923
f 965/965/965 923/923/923 925/925/925
f 963/963/963 961/961/961 922/922/922
f 963/963/963 922/922/922 923/923/923
f 961/961/961 959/959/959 920/920/920
f 961/961/961 920/920/920 922/922/922
f 959/959/959 957/957/957 917/917/917
f 959/959/959 917/917/917 920/920/920
f 957/957/957 955/955/955 915/915/915
f 957/957/957 915/915/915 917/917/917
f 955/955/955 953/953/953 913/913/913
f 955/955/955 913/913/913 915/915/915
f 953/953/953 952/952/952 912/912/912
f 953/953/953 912/912/912 913/913/913
f 952/952/952 954/954/954 914/914/914
f 952/952/952 914/914/914 912/912/912
f 954/954/954 956/956/956 916/916/916
f 954/954/954 916/916/916 914/914/914
f 956/956/956 958/958/958 918/918/918
f 956/956/956 918/918/918 916/916/916
f 958/958/958 960/960/960 919/919/919
f 958/958/958 919/919/919 918/918/918
f 960/960/960 962/962/962 921/921/921
f 960/960/960 921/921/921 919/919/919
f 962/962/962 964/964/964 924/924/924
f 962/962/962 924/924/924 921/921/921
f 964/964/964 966/966/966 926/926/926
f 964/964/964 926/926/926 924/924/924
f 966/966/966 968/968/968 928/928/928
f 966/966/966 928/928/928 926/926/926
f 968/968/968 970/970/970 930/930/930
f 968/968/968 930/930/930 928/928/928
f 970/970/970 972/972/972 932/932/932
f 970/970/970 932/932/932 930/930/930
f 972/972/972 974/974/974 933/933/933
f 972/972/972 933/933/933 932/932/932
f 974/974/974 976/976/976 936/936/936
f 974/974/974 936/936/936 933/933/933
f 976/976/976 978/978/978 938/938/938
f 976/976/976 938/938/938 936/936/936
f 978/978/978 979/979/979 940/940/940
f 978/978/978 940/940/940 938/938/938
f 979/979/979 981/981/981 941/941/941
f 979/979/979 941/941/941 940/940/940
f 981/981/981 983/983/983 943/943/943
f 981/981/981 943/943/943 941/941/941
f 983/983/983 986/986/986 946/946/946
f 983/983/983 946/946/946 943/943/943
f 986/986/986 988/988/988 948/948/948
f 986/986/986 948/948/948 946/946/946
f 988/988/988 989/989/989 949/949/949
f 988/988/988 949/949/949 948/948/948
f 989/989/989 991/991/991 951/951/951
f 989/989/989 951/951/951 949/949/949
f 991/991/991 990/990/990 950/950/950
f 991/991/991 950/950/950 951/951/951
f 950/950/950 947/947/947 868/868/868
f 950/950/950 868/868/868 870/870/870
f 947/947/947 945/945/945 866/866/866
f 947/947/947 866/866/866 868/868/868
f 945/945/945 944/944/944 864/864/864
f 945/945/945 864/864/864 866/866/866
f 944/944/944 942/942/942 861/861/861
f 944/944/944 861/861/861 864/864/864
f 942/942/942 939/939/939 860/860/860
f 942/942/942 860/860/860 861/861/861
f 939/939/939 937/937/937 857/857/857
f 939/939/939 857/857/857 860/860/860
f 937/937/937 935/935/935 856/856/856
f 937/937/937 856/856/856 857/857/857
f 935/935/935 934/934/934 853/853/853
f 935/935/935 853/853/853 856/856/856
f 934/934/934 931/931/931 851/851/851
f 934/934/934 851/851/851 853/853/853
f 931/931/931 929/929/929 849/849/849
f 931/931/931 849/849/849 851/851/851
f 929/929/929 927/927/927 848/848/848
f 929/929/929 848/848/848 849/849/849
f 927/927/927 925/925/925 845/845/845
f 927/927/927 845/845/845 848/848/848
f 925/925/925 923/923/923 843/843/843
f 925/925/925 843/843/843 845/845/845
f 923/923/923 922/922/922 841/841/841
f 923/923/923 841/841/841 843/843/843
f 922/922/922 920/920/920 839/839/839
f 922/922/922 839/839/839 841/841/841
f 920/920/920 917/917/917 837/837/837
f 920/920/920 837/837/837 839/839/839
f 917/917/917 915/915/915 835/835/835
f 917/917/917 835/835/835 837/837/837
f 915/915/915 913/913/913 833/833/833
f 915/915/915 833/833/833 835/835/835
f 913/913/913 912/912/912 832/832/832
f 913/913/913 832/832/832 833/833/833
f 912/912/912 914/914/914 834/834/834
f 912/912/912 834/834/834 832/832/832
f 914/914/914 916/916/916 836/836/836
f 914/914/914 836/836/836 834/834/834
f 916/916/916 918/918/918 838/838/838
f 916/916/916 838/838/838 836/836/836
f 918/918/918 919/919/919 840/840/840
f 918/918/918 840/840/840 838/838/838
f 919/919/919 921/921/921 842/842/842
f 919/919/919 842/842/842 840/840/840
f 921/921/921 924/924/924 844/844/844
f 921/921/921 844/844/844 842/842/842
f 924/924/924 926/926/926 846/846/846
f 924/924/924 846/846/846 844/844/844
f 926/926/926 928/928/928 847/847/847
f 926/926/926 847/847/847 846/846/846
f 928/928/928 930/930/930 850/850/850
f 928/928/928 850/850/850 847/847/847
f 930/930/930 932/932/932 852/852/852
f 930/930/930 852/852/852 850/850/850
f 932/932/932 933/933/933 854/854/854
f 932/932/932 854/854/854 852/852/852
f 933/933/933 936/936/936 855/855/855
f 933/933/933 855/855/855 854/854/854
f 936/936/936 938/938/938 858/858/858
f 936/936/936 858/858/858 855/855/855
f 938/938/938 940/940/940 859/859/859
f 938/938/938 859/859/859 858/858/858
f 940/940/940 941/941/941 862/862/862
f 940/940/940 862/862/862 859/859/859
f 941/941/941 943/943/943 863/863/863
f 941/941/941 863/863/863 862/862/862
f 943/943/943 946/946/946 865/865/865
f 943/943/943 865/865/865 863/863/863
f 946/946/946 948/948/948 867/867/867
f 946/946/946 867/867/867 865/865/865
f 948/948/948 949/949/949 869/869/869
f 948/948/948 869/869/869 867/867/867
f 949/949/949 951/951/951 871/871/871
f 949/949/949 871/871/871 869/869/869
f 951/951/951 950/950/950 870/870/870
f 951/951/951 870/870/870 871/871/871
f 870/870/870 868/868/868 828/828/828
f 870/870/870 828/828/828 830/830/830
f 868/868/868 866/866/866 826/826/826
f 868/868/868 826/826/826 828/828/828
f 866/866/866 864/864/864 824/824/824
f 866/866/866 824/824/824 826/826/826
f 864/864/864 861/861/861 821/821/821
f 864/864/864 821/821/821 824/824/824
f 861/861/861 860/860/860 819/819/819
f 861/861/861 819/819/819 821/821/821
f 860/860/860 857/857/857 817/817/817
f 860/860/860 817/817/817 819/819/819
f 857/857/857 856/856/856 816/816/816
f 857/857/857 816/816/816 817/817/817
f 856/856/856 853/853/853 813/813/813
f 856/856/856 813/813/813 816/816/816
f 853/853/853 851/851/851 811/811/811
f 853/853/853 811/811/811 813/813/813
f 851/851/851 849/849/849 809/809/809
f 851/851/851 809/809/809 811/811/811
f 849/849/849 848/848/848 807/807/807
f 849/849/849 807/807/807 809/809/809
f 848/848/848 845/845/845 805/805/805
f 848/848/848 805/805/805 807/807/807
f 845/845/845 843/843/843 803/803/803
f 845/845/845 803/803/803 805/805/805
f 843/843/843 841/841/841 801/801/801
f 843/843/843 801/801/801 803/803/803
f 841/841/841 839/839/839 799/799/799
f 841/841/841 799/799/799 801/801/801
f 839/839/839 837/837/837 797/797/797
f 839/839/839 797/797/797 799/799/799
f 837/837/837 835/835/835 795/795/795
f 837/837/837 795/795/795 797/797/797
f 835/835/835 833/833/833 793/793/793
f 835/835/835 793/793/793 795/795/795
f 833/833/833 832/832/832 792/792/792
f 833/833/833 792/792/792 793/793/793
f 832/832/832 834/834/834 794/794/794
f 832/832/832 794/794/794 792/792/792
f 834/834/834 836/836/836 796/796/796
f 834/834/834 796/796/796 794/794/794
f 836/836/836 838/838/838 798/798/798
f 836/836/836 798/798/798 796/796/796
f 838/838/838 840/840/840 800/800/800
f 838/838/838 800/800/800 798/798/798
f 840/840/840 842/842/842 802/802/802
f 840/840/840 802/802/802 800/800/800
f 842/842/842 844/844/844 804/804/804
f 842/842/842 804/804/804 802/802/802
f 844/844/844 846/846/846 806/806/806
f 844/844/844 806/806/806 804/804/804
f 846/846/846 847/847/847 808/808/808
f 846/846/846 808/808/808 806/806/806
f 847/847/847 850/850/850 810/810/810
f 847/847/847 810/810/810 808/808/808
f 850/850/850 852/852/852 812/812/812
f 850/850/850 812/812/812 810/810/810
f 852/852/852 854/854/854 814/814/814
f 852/852/852 814/814/814 812/812/812
f 854/854/854 855/855/855 815/815/815
f 854/854/854 815/815/815 814/814/814
f 855/855/855 858/858/858 818/818/818
f 855/855/855 818/818/818 815/815/815
f 858/858/858 859/859/859 820/820/820
f 858/858/858 820/820/820 818/818/818
f 859/859/859 862/862/862 822/822/822
f 859/859/859 822/822/822 820/820/820
f 862/862/862 863/863/863 823/823/823
f 862/862/862 823/823/823 822/822/822
f 863/863/863 865/865/865 825/825/825
f 863/863/863 825/825/825 823/823/823
f 865/865/865 867/867/867 827/827/827
f 865/865/865 827/827/827 825/825/825
f 867/867/867 869/869/869 829/829/829
f 867/867/867 829/829/829 827/827/827
f 869/869/869 871/871/871 831/831/831
f 869/869/869 831/831/831 829/829/829
f 871/871/871 870/870/870 830/830/830
f 871/871/871 830/830/830 831/831/831
f 830/830/830 828/828/828 788/788/788
f 830/830/830 788/788/788 790/790/790
f 828/828/828 826/826/826 786/786/786
f 828/828/828 786/786/786 788/788/788
f 826/826/826 824/824/824 784/784/784
f 826/826/826 784/784/784 786/786/786
f 824/824/824 821/821/821 781/781/781
f 824/824/824 781/781/781 784/784/784
f 821/821/821 819/819/819 780/780/780
f 821/821/821 780/780/780 781/781/781
f 819/819/819 817/817/817 777/777/777
f 819/819/819 777/777/777 780/780/780
f 817/817/817 816/816/816 776/776/776
f 817/817/817 776/776/776 777/777/777
f 816/816/816 813/813/813 773/773/773
f 816/816/816 773/773/773 776/776/776
f 813/813/813 811/811/811 771/771/771
f 813/813/813 771/771/771 773/773/773
f 811/811/811 809/809/809 769/769/769
f 811/811/811 769/769/769 771/771/771
f 809/809/809 807/807/807 768/768/768
f 809/809/809 768/768/768 769/769/769
f 807/807/807 805/805/805 765/765/765
f 807/807/807 765/765/765 768/768/768
f 805/805/805 803/803/803 763/763/763
f 805/805/805 763/763/763 765/765/765
f 803/803/803 801/801/801 761/761/761
f 803/803/803 761/761/761 763/763/763
f 801/801/801 799/799/799 759/759/759
f 801/801/801 759/759/759 761/761/761
f 799/799/799 797/797/797 757/757/757
f 799/799/799 757/757/757 759/759/759
f 797/797/797 795/795/795 755/755/755
f 797/797/797 755/755/755 757/757/757
f 795/795/795 793/793/793 753/753/753
f 795/795/795 753/753/753 755/755/755
f 793/793/793 792/792/792 752/752/752
f 793/793/793 752/752/752 753/753/753
f 792/792/792 794/794/794 754/754/754
f 792/792/792 754/754/754 752/752/752
f 794/794/794 796/796/796 756/756/756
f 794/794/794 756/756/756 754/754/754
f 796/796/796 798/798/798 758/758/758
f 796/796/796 758/758/758 756/756/756
f 798/798/798 800/800/800 760/760/760
f 798/798/798 760/760/760 758/758/758
f 800/800/800 802/802/802 762/762/762
f 800/800/800 762/762/762 760/760/760
f 802/802/802 804/804/804 764/764/764
f 802/802/802 764/764/764 762/762/762
f 804/804/804 806/806/806 766/766/766
f 804/804/804 766/766/766 764/764/764
f 806/806/806 808/808/808 767/767/767
f 806/806/806 767/767/767 766/766/766
f 808/808/808 810/810/810 770/770/770
f 808/808/808 770/770/770 767/767/767
f 810/810/810 812/812/812 772/772/772
f 810/810/810 772/772/772 770/770/770
f 812/812/812 814/814/814 774/774/774
f 812/812/812 774/774/774 772/772/772
f 814/814/814 815/815/815 775/775/775
f 814/814/814 775/775/775 774/774/774
f 815/815/815 818/818/818 778/778/778
f 815/815/815 778/778/778 775/775/775
f 818/818/818 820/820/820 779/779/779
f 818/818/818 779/779/779 778/778/778
f 820/820/820 822/822/822 782/782/782
f 820/820/820 782/782/782 779/779/779
f 822/822/822 823/823/823 783/783/783
f 822/822/822 783/783/783 782/782/782
f 823/823/823 825/825/825 785/785/785
f 823/823/823 785/785/785 783/783/783
f 825/825/825 827/827/827 787/787/787
f 825/825/825 787/787/787 785/785/785
f 827/827/827 829/829/829 789/789/789
f 827/827/827 789/789/789 787/787/787
f 829/829/829 831/831/831 791/791/791
f 829/829/829 791/791/791 789/789/789
f 831/831/831 830/830/830 790/790/790
f 831/831/831 790/790/790 791/791/791
f 790/790/790 788/788/788 747/747/747
f 790/790/790 747/747/747 750/750/750
f 788/788/788 786/786/786 745/745/745
f 788/788/788 745/745/745 747/747/747
f 786/786/786 784/784/784 744/744/744
f 786/786/786 744/744/744 745/745/745
f 784/784/784 781/781/781 742/742/742
f 784/784/784 742/742/742 744/744/744
f 781/781/781 780/780/780 739/739/739
f 781/781/781 739/739/739 742/742/742
f 780/780/780 777/777/777 737/737/737
f 780/780/780 737/737/737 739/739/739
f 777/777/777 776/776/776 735/735/735
f 777/777/777 735/735/735 737/737/737
f 776/776/776 773/773/773 734/734/734
f 776/776/776 734/734/734 735/735/735
f 773/773/773 771/771/771 731/731/731
f 773/773/773 731/731/731 734/734/734
f 771/771/771 769/769/769 729/729/729
f 771/771/771 729/729/729 731/731/731
f 769/769/769 768/768/768 727/727/727
f 769/769/769 727/727/727 729/729/729
f 768/768/768 765/765/765 725/725/725
f 768/768/768 725/725/725 727/727/727
f 765/765/765 763/763/763 723/723/723
f 765/765/765 723/723/723 725/725/725
f 763/763/763 761/761/761 722/722/722
f 763/763/763 722/722/722 723/723/723
f 761/761/761 759/759/759 720/720/720
f 761/761/761 720/720/720 722/722/722
f 759/759/759 757/757/757 717/717/717
f 759/759/759 717/717/717 720/720/720
f 757/757/757 755/755/755 715/715/715
f 757/757/757 715/715/715 717/717/717
f 755/755/755 753/753/753 713/713/713
f 755/755/755 713/713/713 715/715/715
f 753/753/753 752/752/752 712/712/712
f 753/753/753 712/712/712 713/713/713
f 752/752/752 754/754/754 714/714/714
f 752/752/752 714/714/714 712/712/712
f 754/754/754 756/756/756 716/716/716
f 754/754/754 716/716/716 714/714/714
f 756/756/756 758/758/758 718/718/718
f 756/756/756 718/718/718 716/716/716
f 758/758/758 760/760/760 719/719/719
f 758/758/758 719/719/719 718/718/718
f 760/760/760 762/762/762 721/721/721
f 760/760/760 721/721/721 719/719/719
f 762/762/762 764/764/764 724/724/724
f 762/762/762 724/724/724 721/721/721
f 764/764/764 766/766/766 726/726/726
f 764/764/764 726/726/726 724/724/724
f 766/766/766 767/767/767 728/728/728
f 766/766/766 728/728/728 726/726/726
f 767/767/767 770/770/770 730/730/730
f 767/767/767 730/730/730 728/728/728
f 770/770/770 772/772/772 732/732/732
f 770/770/770 732/732/732 730/730/730
f 772/772/772 774/774/774 733/733/733
f 772/772/772 733/733/733 732/732/732
f 774/774/774 775/775/775 736/736/736
f 774/774/774 736/736/736 733/733/733
f 775/775/775 778/778/778 738/738/738
f 775/775/775 738/738/738 736/736/736
f 778/778/778 779/779/779 740/740/740
f 778/778/778 740/740/740 738/738/738
f 779/779/779 782/782/782 741/741/741
f 779/779/779 741/741/741 740/740/740
f 782/782/782 783/783/783 743/743/743
f 782/782/782 743/743/743 741/741/741
f 783/783/783 785/785/785 746/746/746
f 783/783/783 746/746/746 743/743/743
f 785/785/785 787/787/787 748/748/748
f 785/785/785 748/748/748 746/746/746
f 787/787/787 789/789/789 749/749/749
f 787/787/787 749/749/749 748/748/748
f 789/789/789 791/791/791 751/751/751
f 789/789/789 751/751/751 749/749/749
f 791/791/791 790/790/790 750/750/750
f 791/791/791 750/750/750 751/751/751
f 750/750/750 747/747/747 707/707/707
f 750/750/750 707/707/707 710/710/710
f 747/747/747 745/745/745 705/705/705
f 747/747/747 705/705/705 707/707/707
f 745/745/745 744/744/744 704/704/704
f 745/745/745 704/704/704 705/705/705
f 744/744/744 742/742/742 702/702/702
f 744/744/744 702/702/702 704/704/704
f 742/742/742 739/739/739 700/700/700
f 742/742/742 700/700/700 702/702/702
f 739/739/739 737/737/737 697/697/697
f 739/739/739 697/697/697 700/700/700
f 737/737/737 735/735/735 695/695/695
f 737/737/737 695/695/695 697/697/697
f 735/735/735 734/734/734 693/693/693
f 735/735/735 693/693/693 695/695/695
f 734/734/734 731/731/731 691/691/691
f 734/734/734 691/691/691 693/693/693
f 731/731/731 729/729/729 689/689/689
f 731/731/731 689/689/689 691/691/691
f 729/729/729 727/727/727 687/687/687
f 729/729/729 687/687/687 689/689/689
f 727/727/727 725/725/725 685/685/685
f 727/727/727 685/685/685 687/687/687
f 725/725/725 723/723/723 683/683/683
f 725/725/725 683/683/683 685/685/685
f 723/723/723 722/722/722 681/681/681
f 723/723/723 681/681/681 683/683/683
f 722/722/722 720/720/720 679/679/679
f 722/722/722 679/679/679 681/681/681
f 720/720/720 717/717/717 677/677/677
f 720/720/720 677/677/677 679/679/679
f 717/717/717 715/715/715 675/675/675
f 717/717/717 675/675/675 677/677/677
f 715/715/715 713/713/713 673/673/673
f 715/715/715 673/673/673 675/675/675
f 713/713/713 712/712/712 672/672/672
f 713/713/713 672/672/672 673/673/673
f 712/712/712 714/714/714 674/674/674
f 712/712/712 674/674/674 672/672/672
f 714/714/714 716/716/716 676/676/676
f 714/714/714 676/676/676 674/674/674
f 716/716/716 718/718/718 678/678/678
f 716/716/716 678/678/678 676/676/676
f 718/718/718 719/719/719 680/680/680
f 718/718/718 680/680/680 678/678/678
f 719/719/719 721/721/721 682/682/682
f 719/719/719 682/682/682 680/680/680
f 721/721/721 724/724/724 684/684/684
f 721/721/721 684/684/684 682/682/682
f 724/724/724 726/726/726 686/686/686
f 724/724/724 686/686/686 684/684/684
f 726/726/726 728/728/728 688/688/688
f 726/726/726 688/688/688 686/686/686
f 728/728/728 730/730/730 690/690/690
f 728/728/728 690/690/690 688/688/688
f 730/730/730 732/732/732 692/692/692
f 730/730/730 692/692/692 690/690/690
f 732/732/732 733/733/733 694/694/694
f 732/732/732 694/694/694 692/692/692
f 733/733/733 736/736/736 696/696/696
f 733/733/733 696/696/696 694/694/694
f 736/736/736 738/738/738 698/698/698
f 736/736/736 698/698/698 696/696/696
f 738/738/738 740/740/740 699/699/699
f 738/738/738 699/699/699 698/698/698
f 740/740/740 741/741/741 701/701/701
f 740/740/740 701/701/701 699/699/699
f 741/741/741 743/743/743 703/703/703
f 741/741/741 703/703/703 701/701/701
f 743/743/743 746/746/746 706/706/706
f 743/743/743 706/706/706 703/703/703
f 746/746/746 748/748/748 708/708/708
f 746/746/746 708/708/708 706/706/706
f 748/748/748 749/749/749 709/709/709
f 748/748/748 709/709/709 708/708/708
f 749/749/749 751/751/751 711/711/711
f 749/749/749 711/711/711 709/709/709
f 751/751/751 750/750/750 710/710/710
f 751/751/751 710/710/710 711/711/711
f 710/710/710 707/707/707 668/668/668
f 710/710/710 668/668/668 669/669/669
f 707/707/707 705/705/705 666/666/666
f 707/707/707 666/666/666 668/668/668
f 705/705/705 704/704/704 663/663/663
f 705/705/705 663/663/663 666/666/666
f 704/704/704 702/702/702 662/662/662
f 704/704/704 662/662/662 663/663/663
f 702/702/702 700/700/700 660/660/660
f 702/702/702 660/660/660 662/662/662
f 700/700/700 697/697/697 657/657/657
f 700/700/700 657/657/657 660/660/660
f 697/697/697 695/695/695 655/655/655
f 697/697/697 655/655/655 657/657/657
f 695/695/695 693/693/693 654/654/654
f 695/695/695 654/654/654 655/655/655
f 693/693/693 691/691/691 651/651/651
f 693/693/693 651/651/651 654/654/654
f 691/691/691 689/689/689 650/650/650
f 691/691/691 650/650/650 651/651/651
f 689/689/689 687/687/687 647/647/647
f 689/689/689 647/647/647 650/650/650
f 687/687/687 685/685/685 645/645/645
f 687/687/687 645/645/645 647/647/647
f 685/685/685 683/683/683 643/643/643
f 685/685/685 643/643/643 645/645/645
f 683/683/683 681/681/681 641/641/641
f 683/683/683 641/641/641 643/643/643
f 681/681/681 679/679/679 639/639/639
f 681/681/681 639/639/639 641/641/641
f 679/679/679 677/677/677 637/637/637
f 679/679/679 637/637/637 639/639/639
f 677/677/677 675/675/675 635/635/635
f 677/677/677 635/635/635 637/637/637
f 675/675/675 673/673/673 633/633/633
f 675/675/675 633/633/633 635/635/635
f 673/673/673 672/672/672 632/632/632
f 673/673/673 632/632/632 633/633/633
f 672/672/672 674/674/674 634/634/634
f 672/672/672 634/634/634 632/632/632
f 674/674/674 676/676/676 636/636/636
f 674/674/674 636/636/636 634/634/634
f 676/676/676 678/678/678 638/638/638
f 676/676/676 638/638/638 636/636/636
f 678/678/678 680/680/680 640/640/640
f 678/678/678 640/640/640 638/638/638
f 680/680/680 682/682/682 642/642/642
f 680/680/680 642/642/642 640/640/640
f 682/682/682 684/684/684 644/644/644
f 682/682/682 644/644/644 642/642/642
f 684/684/684 686/686/686 646/646/646
f 684/684/684 646/646/646 644/644/644
f 686/686/686 688/688/688 648/648/648
f 686/686/686 648/648/648 646/646/646
f 688/688/688 690/690/690 649/649/649
f 688/688/688 649/649/649 648/648/648
f 690/690/690 692/692/692 652/652/652
f 690/690/690 652/652/652 649/649/649
f 692/692/692 694/694/694 653/653/653
f 692/692/692 653/653/653 652/652/652
f 694/694/694 696/696/696 656/656/656
f 694/694/694 656/656/656 653/653/653
f 696/696/696 698/698/698 658/658/658
f 696/696/696 658/658/658 656/656/656
f 698/698/698 699/699/699 659/659/659
f 698/698/698 659/659/659 658/658/658
f 699/699/699 701/701/701 661/661/661
f 699/699/699 661/661/661 659/659/659
f 701/701/701 703/703/703 664/664/664
f 701/701/701 664/664/664 661/661/661
f 703/703/703 706/706/706 665/665/665
f 703/703/703 665/665/665 664/664/664
f 706/706/706 708/708/708 667/667/667
f 706/706/706 667/667/667 665/665/665
f 708/708/708 709/709/709 670/670/670
f 708/708/708 670/670/670 667/667/667
f 709/709/709 711/711/711 671/671/671
f 709/709/709 671/671/671 670/670/670
f 711/711/711 710/710/710 669/669/669
f 711/711/711 669/669/669 671/671/671
f 669/669/669 668/668/668 564/564/564
f 669/669/669 564/564/564 565/565/565
f 668/668/668 666/666/666 562/562/562
f 668/668/668 562/562/562 564/564/564
f 666/666/666 663/663/663 560/560/560
f 666/666/666 560/560/560 562/562/562
f 663/663/663 662/662/662 557/557/557
f 663/663/663 557/557/557 560/560/560
f 662/662/662 660/660/660 555/555/555
f 662/662/662 555/555/555 557/557/557
f 660/660/660 657/657/657 554/554/554
f 660/660/660 554/554/554 555/555/555
f 657/657/657 655/655/655 551/551/551
f 657/657/657 551/551/551 554/554/554
f 655/655/655 654/654/654 549/549/549
f 655/655/655 549/549/549 551/551/551
f 654/654/654 651/651/651 547/547/547
f 654/654/654 547/547/547 549/549/549
f 651/651/651 650/650/650 545/545/545
f 651/651/651 545/545/545 547/547/547
f 650/650/650 647/647/647 543/543/543
f 650/650/650 543/543/543 545/545/545
f 647/647/647 645/645/645 542/542/542
f 647/647/647 542/542/542 543/543/543
f 645/645/645 643/643/643 539/539/539
f 645/645/645 539/539/539 542/542/542
f 643/643/643 641/641/641 537/537/537
f 643/643/643 537/537/537 539/539/539
f 641/641/641 639/639/639 535/535/535
f 641/641/641 535/535/535 537/537/537
f 639/639/639 637/637/637 533/533/533
f 639/639/639 533/533/533 535/535/535
f 637/637/637 635/635/635 531/531/531
f 637/637/637 531/531/531 533/533/533
f 635/635/635 633/633/633 529/529/529
f 635/635/635 529/529/529 531/531/531
f 633/633/633 632/632/632 528/528/528
f 633/633/633 528/528/528 529/529/529
f 632/632/632 634/634/634 530/530/530
f 632/632/632 530/530/530 528/528/528
f 634/634/634 636/636/636 532/532/532
f 634/634/634 532/532/532 530/530/530
f 636/636/636 638/638/638 534/534/534
f 636/636/636 534/534/534 532/532/532
f 638/638/638 640/640/640 536/536/536
f 638/638/638 536/536/536 534/534/534
f 640/640/640 642/642/642 538/538/538
f 640/640/640 538/538/538 536/536/536
f 642/642/642 644/644/644 540/540/540
f 642/642/642 540/540/540 538/538/538
f 644/644/644 646/646/646 541/541/541
f 644/644/644 541/541/541 540/540/540
f 646/646/646 648/648/648 544/544/544
f 646/646/646 544/544/544 541/541/541
f 648/648/648 649/649/649 546/546/546
f 648/648/648 546/546/546 544/544/544
f 649/649/649 652/652/652 548/548/548
f 649/649/649 548/548/548 546/546/546
f 652/652/652 653/653/653 550/550/550
f 652/652/652 550/550/550 548/548/548
f 653/653/653 656/656/656 552/552/552
f 653/653/653 552/552/552 550/550/550
f 656/656/656 658/658/658 553/553/553
f 656/656/656 553/553/553 552/552/552
f 658/658/658 659/659/659 556/556/556
f 658/658/658 556/556/556 553/553/553
f 659/659/659 661/661/661 558/558/558
f 659/659/659 558/558/558 556/556/556
f 661/661/661 664/664/664 559/559/559
f 661/661/661 559/559/559 558/558/558
f 664/664/664 665/665/665 561/561/561
f 664/664/664 561/561/561 559/559/559
f 665/665/665 667/667/667 563/563/563
f 665/665/665 563/563/563 561/561/561
f 667/667/667 670/670/670 566/566/566
f 667/667/667 566/566/566 563/563/563
f 670/670/670 671/671/671 567/567/567
f 670/670/670 567/567/567 566/566/566
f 671/671/671 669/669/669 565/565/565
f 671/671/671 565/565/565 567/567/567
f 565/565/565 564/564/564 523/523/523
f 565/565/565 523/523/523 526/526/526
f 564/564/564 562/562/562 521/521/521
f 564/564/564 521/521/521 523/523/523
f 562/562/562 560/560/560 520/520/520
f 562/562/562 520/520/520 521/521/521
f 560/560/560 557/557/557 517/517/517
f 560/560/560 517/517/517 520/520/520
f 557/557/557 555/555/555 515/515/515
f 557/557/557 515/515/515 517/517/517
f 555/555/555 554/554/554 513/513/513
f 555/555/555 513/513/513 515/515/515
f 554/554/554 551/551/551 511/511/511
f 554/554/554 511/511/511 513/513/513
f 551/551/551 549/549/549 509/509/509
f 551/551/551 509/509/509 511/511/511
f 549/549/549 547/547/547 507/507/507
f 549/549/549 507/507/507 509/509/509
f 547/547/547 545/545/545 505/505/505
f 547/547/547 505/505/505 507/507/507
f 545/545/545 543/543/543 503/503/503
f 545/545/545 503/503/503 505/505/505
f 543/543/543 542/542/542 501/501/501
f 543/543/543 501/501/501 503/503/503
f 542/542/542 539/539/539 499/499/499
f 542/542/542 499/499/499 501/501/501
f 539/539/539 537/537/537 497/497/497
f 539/539/539 497/497/497 499/499/499
f 537/537/537 535/535/535 495/495/495
f 537/537/537 495/495/495 497/497/497
f 535/535/535 533/533/533 493/493/493
f 535/535/535 493/493/493 495/495/495
f 533/533/533 531/531/531 491/491/491
f 533/533/533 491/491/491 493/493/493
f 531/531/531 529/529/529 489/489/489
f 531/531/531 489/489/489 491/491/491
f 529/529/529 528/528/528 488/488/488
f 529/529/529 488/488/488 489/489/489
f 528/528/528 530/530/530 490/490/490
f 528/528/528 490/490/490 488/488/488
f 530/530/530 532/532/532 492/492/492
f 530/530/530 492/492/492 490/490/490
f 532/532/532 534/534/534 494/494/494
f 532/532/532 494/494/494 492/492/492
f 534/534/534 536/536/536 496/496/496
f 534/534/534 496/496/496 494/494/494
f 536/536/536 538/538/538 498/498/498
f 536/536/536 498/498/498 496/496/496
f 538/538/538 540/540/540 500/500/500
f 538/538/538 500/500/500 498/498/498
f 540/540/540 541/541/541 502/502/502
f 540/540/540 502/502/502 500/500/500
f 541/541/541 544/544/544 504/504/504
f 541/541/541 504/504/504 502/502/502
f 544/544/544 546/546/546 506/506/506
f 544/544/544 506/506/506 504/504/504
f 546/546/546 548/548/548 508/508/508
f 546/546/546 508/508/508 506/506/506
f 548/548/548 550/550/550 510/510/510
f 548/548/548 510/510/510 508/508/508
f 550/550/550 552/552/552 512/512/512
f 550/550/550 512/512/512 510/510/510
f 552/552/552 553/553/553 514/514/514
f 552/552/552 514/514/514 512/512/512
f 553/553/553 556/556/556 516/516/516
f 553/553/553 516/516/516 514/514/514
f 556/556/556 558/558/558 518/518/518
f 556/556/556 518/518/518 516/516/516
f 558/558/558 559/559/559 519/519/519
f 558/558/558 519/519/519 518/518/518
f 559/559/559 561/561/561 522/522/522
f 559/559/559 522/522/522 519/519/519
f 561/561/561 563/563/563 524/524/524
f 561/561/561 524/524/524 522/522/522
f 563/563/563 566/566/566 525/525/525
f 563/563/563 525/525/525 524/524/524
f 566/566/566 567/567/567 527/527/527
f 566/566/566 527/527/527 525/525/525
f 567/567/567 565/565/565 526/526/526
f 567/567/567 526/526/526 527/527/527
f 526/526/526 523/523/523 483/483/483
f 526/526/526 483/483/483 485/485/485
f 523/523/523 521/521/521 481/481/481
f 523/523/523 481/481/481 483/483/483
f 521/521/521 520/520/520 479/479/479
f 521/521/521 479/479/479 481/481/481
f 520/520/520 517/517/517 478/478/478
f 520/520/520 478/478/478 479/479/479
f 517/517/517 515/515/515 475/475/475
f 517/517/517 475/475/475 478/478/478
f 515/515/515 513/513/513 473/473/473
f 515/515/515 473/473/473 475/475/475
f 513/513/513 511/511/511 471/471/471
f 513/513/513 471/471/471 473/473/473
f 511/511/511 509/509/509 470/470/470
f 511/511/511 470/470/470 471/471/471
f 509/509/509 507/507/507 467/467/467
f 509/509/509 467/467/467 470/470/470
f 507/507/507 505/505/505 466/466/466
f 507/507/507 466/466/466 467/467/467
f 505/505/505 503/503/503 463/463/463
f 505/505/505 463/463/463 466/466/466
f 503/503/503 501/501/501 461/461/461
f 503/503/503 461/461/461 463/463/463
f 501/501/501 499/499/499 459/459/459
f 501/501/501 459/459/459 461/461/461
f 499/499/499 497/497/497 458/458/458
f 499/499/499 458/458/458 459/459/459
f 497/497/497 495/495/495 455/455/455
f 497/497/497 455/455/455 458/458/458
f 495/495/495 493/493/493 453/453/453
f 495/495/495 453/453/453 455/455/455
f 493/493/493 491/491/491 451/451/451
f 493/493/493 451/451/451 453/453/453
f 491/491/491 489/489/489 449/449/449
f 491/491/491 449/449/449 451/451/451
f 489/489/489 488/488/488 448/448/448
f 489/489/489 448/448/448 449/449/449
f 488/488/488 490/490/490 450/450/450
f 488/488/488 450/450/450 448/448/448
f 490/490/490 492/492/492 452/452/452
f 490/490/490 452/452/452 450/450/450
f 492/492/492 494/494/494 454/454/454
f 492/492/492 454/454/454 452/452/452
f 494/494/494 496/496/496 456/456/456
f 494/494/494 456/456/456 454/454/454
f 496/496/496 498/498/498 457/457/457
f 496/496/496 457/457/457 456/456/456
f 498/498/498 500/500/500 460/460/460
f 498/498/498 460/460/460 457/457/457
f 500/500/500 502/502/502 462/462/462
f 500/500/500 462/462/462 460/460/460
f 502/502/502 504/504/504 464/464/464
f 502/502/502 464/464/464 462/462/462
f 504/504/504 506/506/506 465/465/465
f 504/504/504 465/465/465 464/464/464
f 506/506/506 508/508/508 468/468/468
f 506/506/506 468/468/468 465/465/465
f 508/508/508 510/510/510 469/469/469
f 508/508/508 469/469/469 468/468/468
f 510/510/510 512/512/512 472/472/472
f 510/510/510 472/472/472 469/469/469
f 512/512/512 514/514/514 474/474/474
f 512/512/512 474/474/474 472/472/472
f 514/514/514 516/516/516 476/476/476
f 514/514/514 476/476/476 474/474/474
f 516/516/516 518/518/518 477/477/477
f 516/516/516 477/477/477 476/476/476
f 518/518/518 519/519/519 480/480/480
f 518/518/518 480/480/480 477/477/477
f 519/519/519 522/522/522 482/482/482
f 519/519/519 482/482/482 480/480/480
f 522/522/522 524/524/524 484/484/484
f 522/522/522 484/484/484 482/482/482
f 524/524/524 525/525/525 486/486/486
f 524/524/524 486/486/486 484/484/484
f 525/525/525 527/527/527 487/487/487
f 525/525/525 487/487/487 486/486/486
f 527/527/527 526/526/526 485/485/485
f 527/527/527 485/485/485 487/487/487
f 485/485/485 483/483/483 443/443/443
f 485/485/485 443/443/443 446/446/446
f 483/483/483 481/481/481 441/441/441
f 483/483/483 441/441/441 443/443/443
f 481/481/481 479/479/479 439/439/439
f 481/481/481 439/439/439 441/441/441
f 479/479/479 478/478/478 437/437/437
f 479/479/479 437/437/437 439/439/439
f 478/478/478 475/475/475 435/435/435
f 478/478/478 435/435/435 437/437/437
f 475/475/475 473/473/473 433/433/433
f 475/475/475 433/433/433 435/435/435
f 473/473/473 471/471/471 431/431/431
f 473/473/473 431/431/431 433/433/433
f 471/471/471 470/470/470 429/429/429
f 471/471/471 429/429/429 431/431/431
f 470/470/470 467/467/467 427/427/427
f 470/470/470 427/427/427 429/429/429
f 467/467/467 466/466/466 425/425/425
f 467/467/467 425/425/425 427/427/427
f 466/466/466 463/463/463 423/423/423
f 466/466/466 423/423/423 425/425/425
f 463/463/463 461/461/461 421/421/421
f 463/463/463 421/421/421 423/423/423
f 461/461/461 459/459/459 419/419/419
f 461/461/461 419/419/419 421/421/421
f 459/459/459 458/458/458 417/417/417
f 459/459/459 417/417/417 419/419/419
f 458/458/458 455/455/455 415/415/415
f 458/458/458 415/415/415 417/417/417
f 455/455/455 453/453/453 413/413/413
f 455/455/455 413/413/413 415/415/415
f 453/453/453 451/451/451 411/411/411
f 453/453/453 411/411/411 413/413/413
f 451/451/451 449/449/449 409/409/409
f 451/451/451 409/409/409 411/411/411
f 449/449/449 448/448/448 408/408/408
f 449/449/449 408/408/408 409/409/409
f 448/448/448 450/450/450 410/410/410
f 448/448/448 410/410/410 408/408/408
f 450/450/450 452/452/452 412/412/412
f 450/450/450 412/412/412 410/410/410
f 452/452/452 454/454/454 414/414/414
f 452/452/452 414/414/414 412/412/412
f 454/454/454 456/456/456 416/416/416
f 454/454/454 416/416/416 414/414/414
f 456/456/456 457/457/457 418/418/418
f 456/456/456 418/418/418 416/416/416
f 457/457/457 460/460/460 420/420/420
f 457/457/457 420/420/420 418/418/418
f 460/460/460 462/462/462 422/422/422
f 460/460/460 422/422/422 420/420/420
f 462/462/462 464/464/464 424/424/424
f 462/462/462 424/424/424 422/422/422
f 464/464/464 465/465/465 426/426/426
f 464/464/464 426/426/426 424/424/424
f 465/465/465 468/468/468 428/428/428
f 465/465/465 428/428/428 426/426/426
f 468/468/468 469/469/469 430/430/430
f 468/468/468 430/430/430 428/428/428
f 469/469/469 472/472/472 432/432/432
f 469/469/469 432/432/432 430/430/430
f 472/472/472 474/474/474 434/434/434
f 472/472/472 434/434/434 432/432/432
f 474/474/474 476/476/476 436/436/436
f 474/474/474 436/436/436 434/434/434
f 476/476/476 477/477/477 438/438/438
f 476/476/476 438/438/438 436/436/436
f 477/477/477 480/480/480 440/440/440
f 477/477/477 440/440/440 438/438/438
f 480/480/480 482/482/482 442/442/442
f 480/480/480 442/442/442 440/440/440
f 482/482/482 484/484/484 444/444/444
f 482/482/482 444/444/444 442/442/442
f 484/484/484 486/486/486 445/445/445
f 484/484/484 445/445/445 444/444/444
f 486/486/486 487/487/487 447/447/447
f 486/486/486 447/447/447 445/445/445
f 487/487/487 485/485/485 446/446/446
f 487/487/487 446/446/446 447/447/447
f 446/446/446 443/443/443 403/403/403
f 446/446/446 403/403/403 405/405/405
f 443/443/443 441/441/441 401/401/401
f 443/443/443 401/401/401 403/403/403
f 441/441/441 439/439/439 399/399/399
f 441/441/441 399/399/399 401/401/401
f 439/439/439 437/437/437 397/397/397
f 439/439/439 397/397/397 399/399/399
f 437/437/437 435/435/435 395/395/395
f 437/437/437 395/395/395 397/397/397
f 435/435/435 433/433/433 393/393/393
f 435/435/435 393/393/393 395/395/395
f 433/433/433 431/431/431 391/391/391
f 433/433/433 391/391/391 393/393/393
f 431/431/431 429/429/429 389/389/389
f 431/431/431 389/389/389 391/391/391
f 429/429/429 427/427/427 387/387/387
f 429/429/429 387/387/387 389/389/389
f 427/427/427 425/425/425 385/385/385
f 427/427/427 385/385/385 387/387/387
f 425/425/425 423/423/423 383/383/383
f 425/425/425 383/383/383 385/385/385
f 423/423/423 421/421/421 381/381/381
f 423/423/423 381/381/381 383/383/383
f 421/421/421 419/419/419 379/379/379
f 421/421/421 379/379/379 381/381/381
f 419/419/419 417/417/417 377/377/377
f 419/419/419 377/377/377 379/379/379
f 417/417/417 415/415/415 375/375/375
f 417/417/417 375/375/375 377/377/377
f 415/415/415 413/413/413 373/373/373
f 415/415/415 373/373/373 375/375/375
f 413/413/413 411/411/411 371/371/371
f 413/413/413 371/371/371 373/373/373
f 411/411/411 409/409/409 369/369/369
f 411/411/411 369/369/369 371/371/371
f 409/409/409 408/408/408 368/368/368
f 409/409/409 368/368/368 369/369/369
f 408/408/408 410/410/410 370/370/370
f 408/408/408 370/370/370 368/368/368
f 410/410/410 412/412/412 372/372/372
f 410/410/410 372/372/372 370/370/370
f 412/412/412 414/414/414 374/374/374
f 412/412/412 374/374/374 372/372/372
f 414/414/414 416/416/416 376/376/376
f 414/414/414 376/376/376 374/374/374
f 416/416/416 418/418/418 378/378/378
f 416/416/416 378/378/378 376/376/376
f 418/418/418 420/420/420 380/380/380
f 418/418/418 380/380/380 378/378/378
f 420/420/420 422/422/422 382/382/382
f 420/420/420 382/382/382 380/380/380
f 422/422/422 424/424/424 384/384/384
f 422/422/422 384/384/384 382/382/382
f 424/424/424 426/426/426 386/386/386
f 424/424/424 386/386/386 384/384/384
f 426/426/426 428/428/428 388/388/388
f 426/426/426 388/388/388 386/386/386
f 428/428/428 430/430/430 390/390/390
f 428/428/428 390/390/390 388/388/388
f 430/430/430 432/432/432 392/392/392
f 430/430/430 392/392/392 390/390/390
f 432/432/432 434/434/434 394/394/394
f 432/432/432 394/394/394 392/392/392
f 434/434/434 436/436/436 396/396/396
f 434/434/434 396/396/396 394/394/394
f 436/436/436 438/438/438 398/398/398
f 436/436/436 398/398/398 396/396/396
f 438/438/438 440/440/440 400/400/400
f 438/438/438 400/400/400 398/398/398
f 440/440/440 442/442/442 402/402/402
f 440/440/440 402/402/402 400/400/400
f 442/442/442 444/444/444 404/404/404
f 442/442/442 404/404/404 402/402/402
f 444/444/444 445/445/445 406/406/406
f 444/444/444 406/406/406 404/404/404
f 445/445/445 447/447/447 407/407/407
f 445/445/445 407/407/407 406/406/406
f 447/447/447 446/446/446 405/405/405
f 447/447/447 405/405/405 407/407/407
f 1338/1338/1338 1340/1340/1340 1343/1343/1343
f 1336/1336/1336 1338/1338/1338 1343/1343/1343
f 1334/1334/1334 1336/1336/1336 1343/1343/1343
f 1332/1332/1332 1334/1334/1334 1343/1343/1343
f 1330/1330/1330 1332/1332/1332 1343/1343/1343
f 1328/1328/1328 1330/1330/1330 1343/1343/1343
f 1326/1326/1326 1328/1328/1328 1343/1343/1343
f 1324/1324/1324 1326/1326/1326 1343/1343/1343
f 1322/1322/1322 1324/1324/1324 1343/1343/1343
f 1320/1320/1320 1322/1322/1322 1343/1343/1343
f 1318/1318/1318 1320/1320/1320 1343/1343/1343
f 1316/1316/1316 1318/1318/1318 1343/1343/1343
f 1314/1314/1314 1316/1316/1316 1343/1343/1343
f 1312/1312/1312 1314/1314/1314 1343/1343/1343
f 1310/1310/1310 1312/1312/1312 1343/1343/1343
f 1308/1308/1308 1310/1310/1310 1343/1343/1343
f 1306/1306/1306 1308/1308/1308 1343/1343/1343
f 1304/1304/1304 1306/1306/1306 1343/1343/1343
f 1303/1303/1303 1304/1304/1304 1343/1343/1343
f 1305/1305/1305 1303/1303/1303 1343/1343/1343
f 1307/1307/1307 1305/1305/1305 1343/1343/1343
f 1309/1309/1309 1307/1307/1307 1343/1343/1343
f 1311/1311/1311 1309/1309/1309 1343/1343/1343
f 1313/1313/1313 1311/1311/1311 1343/1343/1343
f 1315/1315/1315 1313/1313/1313 1343/1343/1343
f 1317/1317/1317 1315/1315/1315 1343/1343/1343
f 1319/1319/1319 1317/1317/1317 1343/1343/1343
f 1321/1321/1321 1319/1319/1319 1343/1343/1343
f 1323/1323/1323 1321/1321/1321 1343/1343/1343
f 1325/1325/1325 1323/1323/1323 1343/1343/1343
f 1327/1327/1327 1325/1325/1325 1343/1343/1343
f 1329/1329/1329 1327/1327/1327 1343/1343/1343
f 1331/1331/1331 1329/1329/1329 1343/1343/1343
f 1333/1333/1333 1331/1331/1331 1343/1343/1343
f 1335/1335/1335 1333/1333/1333 1343/1343/1343
f 1337/1337/1337 1335/1335/1335 1343/1343/1343
f 1339/1339/1339 1337/1337/1337 1343/1343/1343
f 1341/1341/1341 1339/1339/1339 1343/1343/1343
f 1342/1342/1342 1341/1341/1341 1343/1343/1343
f 1340/1340/1340 1342/1342/1342 1343/1343/1343
f 405/405/405 403/403/403 367/367/367
f 403/403/403 401/401/401 367/367/367
f 401/401/401 399/399/399 367/367/367
f 399/399/399 397/397/397 367/367/367
f 397/397/397 395/395/395 367/367/367
f 395/395/395 393/393/393 367/367/367
f 393/393/393 391/391/391 367/367/367
f 391/391/391 389/389/389 367/367/367
f 389/389/389 387/387/387 367/367/367
f 387/387/387 385/385/385 367/367/367
f 385/385/385 383/383/383 367/367/367
f 383/383/383 381/381/381 367/367/367
f 381/381/381 379/379/379 367/367/367
f 379/379/379 377/377/377 367/367/367
f 377/377/377 375/375/375 367/367/367
f 375/375/375 373/373/373 367/367/367
f 373/373/373 371/371/371 367/367/367
f 371/371/371 369/369/369 367/367/367
f 369/369/369 368/368/368 367/367/367
f 368/368/368 370/370/370 367/367/367
f 370/370/370 372/372/372 367/367/367
f 372/372/372 374/374/374 367/367/367
f 374/374/374 376/376/376 367/367/367
f 376/376/376 378/378/378 367/367/367
f 378/378/378 380/380/380 367/367/367
f 380/380/380 382/382/382 367/367/367
f 382/382/382 384/384/384 367/367/367
f 384/384/384 386/386/386 367/367/367
f 386/386/386 388/388/388 367/367/367
f 388/388/388 390/390/390 367/367/367
f 390/390/390 392/392/392 367/367/367
f 392/392/392 394/394/394 367/367/367
f 394/394/394 396/396/396 367/367/367
f 396/396/396 398/398/398 367/367/367
f 398/398/398 400/400/400 367/367/367
f 400/400/400 402/402/402 367/367/367
f 402/402/402 404/404/404 367/367/367
f 404/404/404 406/406/406 367/367/367
f 406/406/406 407/407/407 367/367/367
f 407/407/407 405/405/405 367/367/367
f 1382/1382/1382 1381/1381/1381 1259/1259/1259
f 1382/1382/1382 1259/1259/1259 1260/1260/1260
f 1381/1381/1381 1379/1379/1379 1257/1257/1257
f 1381/1381/1381 1257/1257/1257 1259/1259/1259
f 1379/1379/1379 1376/1376/1376 1254/1254/1254
f 1379/1379/1379 1254/1254/1254 1257/1257/1257
f 1376/1376/1376 1374/1374/1374 1252/1252/1252
f 1376/1376/1376 1252/1252/1252 1254/1254/1254
f 1374/1374/1374 1372/1372/1372 1250/1250/1250
f 1374/1374/1374 1250/1250/1250 1252/1252/1252
f 1372/1372/1372 1370/1370/1370 1248/1248/1248
f 1372/1372/1372 1248/1248/1248 1250/1250/1250
f 1370/1370/1370 1368/1368/1368 1246/1246/1246
f 1370/1370/1370 1246/1246/1246 1248/1248/1248
f 1368/1368/1368 1366/1366/1366 1244/1244/1244
f 1368/1368/1368 1244/1244/1244 1246/1246/1246
f 1366/1366/1366 1363/1363/1363 1241/1241/1241
f 1366/1366/1366 1241/1241/1241 1244/1244/1244
f 1363/1363/1363 1361/1361/1361 1239/1239/1239
f 1363/1363/1363 1239/1239/1239 1241/1241/1241
f 1361/1361/1361 1359/1359/1359 1237/1237/1237
f 1361/1361/1361 1237/1237/1237 1239/1239/1239
f 1359/1359/1359 1357/1357/1357 1235/1235/1235
f 1359/1359/1359 1235/1235/1235 1237/1237/1237
f 1357/1357/1357 1355/1355/1355 1233/1233/1233
f 1357/1357/1357 1233/1233/1233 1235/1235/1235
f 1355/1355/1355 1353/1353/1353 1231/1231/1231
f 1355/1355/1355 1231/1231/1231 1233/1233/1233
f 1353/1353/1353 1351/1351/1351 1229/1229/1229
f 1353/1353/1353 1229/1229/1229 1231/1231/1231
f 1351/1351/1351 1349/1349/1349 1227/1227/1227
f 1351/1351/1351 1227/1227/1227 1229/1229/1229
f 1349/1349/1349 1347/1347/1347 1225/1225/1225
f 1349/1349/1349 1225/1225/1225 1227/1227/1227
f 1347/1347/1347 1345/1345/1345 1223/1223/1223
f 1347/1347/1347 1223/1223/1223 1225/1225/1225
f 1345/1345/1345 1344/1344/1344 1222/1222/1222
f 1345/1345/1345 1222/1222/1222 1223/1223/1223
f 1344/1344/1344 1346/1346/1346 1224/1224/1224
f 1344/1344/1344 1224/1224/1224 1222/1222/1222
f 1346/1346/1346 1348/1348/1348 1226/1226/1226
f 1346/1346/1346 1226/1226/1226 1224/1224/1224
f 1348/1348/1348 1350/1350/1350 1228/1228/1228
f 1348/1348/1348 1228/1228/1228 1226/1226/1226
f 1350/1350/1350 1352/1352/1352 1230/1230/1230
f 1350/1350/1350 1230/1230/1230 1228/1228/1228
f 1352/1352/1352 1354/1354/1354 1232/1232/1232
f 1352/1352/1352 1232/1232/1232 1230/1230/1230
f 1354/1354/1354 1356/1356/1356 1234/1234/1234
f 1354/1354/1354 1234/1234/1234 1232/1232/1232
f 1356/1356/1356 1358/1358/1358 1236/1236/1236
f 1356/1356/1356 1236/1236/1236 1234/1234/1234
f 1358/1358/1358 1360/1360/1360 1238/1238/1238
f 1358/1358/1358 1238/1238/1238 1236/1236/1236
f 1360/1360/1360 1362/1362/1362 1240/1240/1240
f 1360/1360/1360 1240/1240/1240 1238/1238/1238
f 1362/1362/1362 1365/1365/1365 1243/1243/1243
f 1362/1362/1362 1243/1243/1243 1240/1240/1240
f 1365/1365/1365 1367/1367/1367 1245/1245/1245
f 1365/1365/1365 1245/1245/1245 1243/1243/1243
f 1367/1367/1367 1369/1369/1369 1247/1247/1247
f 1367/1367/1367 1247/1247/1247 1245/1245/1245
f 1369/1369/1369 1371/1371/1371 1249/1249/1249
f 1369/1369/1369 1249/1249/1249 1247/1247/1247
f 1371/1371/1371 1373/1373/1373 1251/1251/1251
f 1371/1371/1371 1251/1251/1251 1249/1249/1249
f 1373/1373/1373 1375/1375/1375 1253/1253/1253
f 1373/1373/1373 1253/1253/1253 1251/1251/1251
f 1375/1375/1375 1377/1377/1377 1255/1255/1255
f 1375/1375/1375 1255/1255/1255 1253/1253/1253
f 1377/1377/1377 1378/1378/1378 1256/1256/1256
f 1377/1377/1377 1256/1256/1256 1255/1255/1255
f 1378/1378/1378 1380/1380/1380 1258/1258/1258
f 1378/1378/1378 1258/1258/1258 1256/1256/1256
f 1380/1380/1380 1383/1383/1383 1261/1261/1261
f 1380/1380/1380 1261/1261/1261 1258/1258/1258
f 1383/1383/1383 1384/1384/1384 1262/1262/1262
f 1383/1383/1383 1262/1262/1262 1261/1261/1261
f 1384/1384/1384 1382/1382/1382 1260/1260/1260
f 1384/1384/1384 1260/1260/1260 1262/1262/1262
f 1381/1381/1381 1382/1382/1382 1364/1364/1364
f 1379/1379/1379 1381/1381/1381 1364/1364/1364
f 1376/1376/1376 1379/1379/1379 1364/1364/1364
f 1374/1374/1374 1376/1376/1376 1364/1364/1364
f 1372/1372/1372 1374/1374/1374 1364/1364/1364
f 1370/1370/1370 1372/1372/1372 1364/1364/1364
f 1368/1368/1368 1370/1370/1370 1364/1364/1364
f 1366/1366/1366 1368/1368/1368 1364/1364/1364
f 1363/1363/1363 1366/1366/1366 1364/1364/1364
f 1361/1361/1361 1363/1363/1363 1364/1364/1364
f 1359/1359/1359 1361/1361/1361 1364/1364/1364
f 1357/1357/1357 1359/1359/1359 1364/1364/1364
f 1355/1355/1355 1357/1357/1357 1364/1364/1364
f 1353/1353/1353 1355/1355/1355 1364/1364/1364
f 1351/1351/1351 1353/1353/1353 1364/1364/1364
f 1349/1349/1349 1351/1351/1351 1364/1364/1364
f 1347/1347/1347 1349/1349/1349 1364/1364/1364
f 1345/1345/1345 1347/1347/1347 1364/1364/1364
f 1344/1344/1344 1345/1345/1345 1364/1364/1364
f 1346/1346/1346 1344/1344/1344 1364/1364/1364
f 1348/1348/1348 1346/1346/1346 1364/1364/1364
f 1350/1350/1350 1348/1348/1348 1364/1364/1364
f 1352/1352/1352 1350/1350/1350 1364/1364/1364
f 1354/1354/1354 1352/1352/1352 1364/1364/1364
f 1356/1356/1356 1354/1354/1354 1364/1364/1364
f 1358/1358/1358 1356/1356/1356 1364/1364/1364
f 1360/1360/1360 1358/1358/1358 1364/1364/1364
f 1362/1362/1362 1360/1360/1360 1364/1364/1364
f 1365/1365/1365 1362/1362/1362 1364/1364/1364
f 1367/1367/1367 1365/1365/1365 1364/1364/1364
f 1369/1369/1369 1367/1367/1367 1364/1364/1364
f 1371/1371/1371 1369/1369/1369 1364/1364/1364
f 1373/1373/1373 1371/1371/1371 1364/1364/1364
f 1375/1375/1375 1373/1373/1373 1364/1364/1364
f 1377/1377/1377 1375/1375/1375 1364/1364/1364
f 1378/1378/1378 1377/1377/1377 1364/1364/1364
f 1380/1380/1380 1378/1378/1378 1364/1364/1364
f 1383/1383/1383 1380/1380/1380 1364/1364/1364
f 1384/1384/1384 1383/1383/1383 1364/1364/1364
f 1382/1382/1382 1384/1384/1384 1364/1364/1364
f 1260/1260/1260 1259/1259/1259 1242/1242/1242
f 1259/1259/1259 1257/1257/1257 1242/1242/1242
f 1257/1257/1257 1254/1254/1254 1242/1242/1242
f 1254/1254/1254 1252/1252/1252 1242/1242/1242
f 1252/1252/1252 1250/1250/1250 1242/1242/1242
f 1250/1250/1250 1248/1248/1248 1242/1242/1242
f 1248/1248/1248 1246/1246/1246 1242/1242/1242
f 1246/1246/1246 1244/1244/1244 1242/1242/1242
f 1244/1244/1244 1241/1241/1241 1242/1242/1242
f 1241/1241/1241 1239/1239/1239 1242/1242/1242
f 1239/1239/1239 1237/1237/1237 1242/1242/1242
f 1237/1237/1237 1235/1235/1235 1242/1242/1242
f 1235/1235/1235 1233/1233/1233 1242/1242/1242
f 1233/1233/1233 1231/1231/1231 1242/1242/1242
f 1231/1231/1231 1229/1229/1229 1242/1242/1242
f 1229/1229/1229 1227/1227/1227 1242/1242/1242
f 1227/1227/1227 1225/1225/1225 1242/1242/1242
f 1225/1225/1225 1223/1223/1223 1242/1242/1242
f 1223/1223/1223 1222/1222/1222 1242/1242/1242
f 1222/1222/1222 1224/1224/1224 1242/1242/1242
f 1224/1224/1224 1226/1226/1226 1242/1242/1242
f 1226/1226/1226 1228/1228/1228 1242/1242/1242
f 1228/1228/1228 1230/1230/1230 1242/1242/1242
f 1230/1230/1230 1232/1232/1232 1242/1242/1242
f 1232/1232/1232 1234/1234/1234 1242/1242/1242
f 1234/1234/1234 1236/1236/1236 1242/1242/1242
f 1236/1236/1236 1238/1238/1238 1242/1242/1242
f 1238/1238/1238 1240/1240/1240 1242/1242/1242
f 1240/1240/1240 1243/1243/1243 1242/1242/1242
f 1243/1243/1243 1245/1245/1245 1242/1242/1242
f 1245/1245/1245 1247/1247/1247 1242/1242/1242
f 1247/1247/1247 1249/1249/1249 1242/1242/1242
f 1249/1249/1249 1251/1251/1251 1242/1242/1242
f 1251/1251/1251 1253/1253/1253 1242/1242/1242
f 1253/1253/1253 1255/1255/1255 1242/1242/1242
f 1255/1255/1255 1256/1256/1256 1242/1242/1242
f 1256/1256/1256 1258/1258/1258 1242/1242/1242
f 1258/1258/1258 1261/1261/1261 1242/1242/1242
f 1261/1261/1261 1262/1262/1262 1242/1242/1242
f 1262/1262/1262 1260/1260/1260 1242/1242/1242
f 1091/1091/1091 576/576/576 568/568/568
f 1091/1091/1091 568/568/568 1083/1083/1083
f 1086/1086/1086 571/571/571 579/579/579
f 1086/1086/1086 579/579/579 1094/1094/1094
f 578/578/578 579/579/579 571/571/571
f 578/578/578 571/571/571 570/570/570
f 577/577/577 578/578/578 570/570/570
f 577/577/577 570/570/570 569/569/569
f 576/576/576 577/577/577 569/569/569
f 576/576/576 569/569/569 568/568/568
f 1094/1094/1094 1093/1093/1093 1085/1085/1085
f 1094/1094/1094 1085/1085/1085 1086/1086/1086
f 1093/1093/1093 1092/1092/1092 1084/1084/1084
f 1093/1093/1093 1084/1084/1084 1085/1085/1085
f 1092/1092/1092 1091/1091/1091 1083/1083/1083
f 1092/1092/1092 1083/1083/1083 1084/1084/1084
f 1083/1083/1083 568/568/568 584/584/584
f 1083/1083/1083 584/584/584 1047/1047/1047
f 568/568/568 569/569/569 587/587/587
f 568/568/568 587/587/587 584/584/584
f 569/569/569 1084/1084/1084 1050/1050/1050
f 569/569/569 1050/1050/1050 587/587/587
f 1084/1084/1084 1083/1083/1083 1047/1047/1047
f 1084/1084/1084 1047/1047/1047 1050/1050/1050
f 1084/1084/1084 569/569/569 588/588/588
f 1084/1084/1084 588/588/588 1051/1051/1051
f 569/569/569 570/570/570 591/591/591
f 569/569/569 591/591/591 588/588/588
f 570/570/570 1085/1085/1085 1054/1054/1054
f 570/570/570 1054/1054/1054 591/591/591
f 1085/1085/1085 1084/1084/1084 1051/1051/1051
f 1085/1085/1085 1051/1051/1051 1054/1054/1054
f 1085/1085/1085 570/570/570 592/592/592
f 1085/1085/1085 592/592/592 1055/1055/1055
f 570/570/570 571/571/571 595/595/595
f 570/570/570 595/595/595 592/592/592
f 571/571/571 1086/1086/1086 1058/1058/1058
f 571/571/571 1058/1058/1058 595/595/595
f 1086/1086/1086 1085/1085/1085 1055/1055/1055
f 1086/1086/1086 1055/1055/1055 1058/1058/1058
f 1094/1094/1094 579/579/579 619/619/619
f 1094/1094/1094 619/619/619 1070/1070/1070
f 579/579/579 578/578/578 616/616/616
f 579/579/579 616/616/616 619/619/619
f 578/578/578 1093/1093/1093 1067/1067/1067
f 578/578/578 1067/1067/1067 616/616/616
f 1093/1093/1093 1094/1094/1094 1070/1070/1070
f 1093/1093/1093 1070/1070/1070 1067/1067/1067
f 1093/1093/1093 578/578/578 615/615/615
f 1093/1093/1093 615/615/615 1066/1066/1066
f 578/578/578 577/577/577 612/612/612
f 578/578/578 612/612/612 615/615/615
f 577/577/577 1092/1092/1092 1063/1063/1063
f 577/577/577 1063/1063/1063 612/612/612
f 1092/1092/1092 1093/1093/1093 1066/1066/1066
f 1092/1092/1092 1066/1066/1066 1063/1063/1063
f 1092/1092/1092 577/577/577 611/611/611
f 1092/1092/1092 611/611/611 1062/1062/1062
f 577/577/577 576/576/576 608/608/608
f 577/577/577 608/608/608 611/611/611
f 576/576/576 1091/1091/1091 1059/1059/1059
f 576/576/576 1059/1059/1059 608/608/608
f 1091/1091/1091 1092/1092/1092 1062/1062/1062
f 1091/1091/1091 1062/1062/1062 1059/1059/1059
f 1047/1047/1047 584/584/584 585/585/585
f 1047/1047/1047 585/585/585 1048/1048/1048
f 587/587/587 1050/1050/1050 1049/1049/1049
f 587/587/587 1049/1049/1049 586/586/586
f 1051/1051/1051 588/588/588 589/589/589
f 1051/1051/1051 589/589/589 1052/1052/1052
f 591/591/591 1054/1054/1054 1053/1053/1053
f 591/591/591 1053/1053/1053 590/590/590
f 1055/1055/1055 592/592/592 593/593/593
f 1055/1055/1055 593/593/593 1056/1056/1056
f 595/595/595 1058/1058/1058 1057/1057/1057
f 595/595/595 1057/1057/1057 594/594/594
f 1070/1070/1070 619/619/619 618/618/618
f 1070/1070/1070 618/618/618 1069/1069/1069
f 616/616/616 1067/1067/1067 1068/1068/1068
f 616/616/616 1068/1068/1068 617/617/617
f 1066/1066/1066 615/615/615 614/614/614
f 1066/1066/1066 614/614/614 1065/1065/1065
f 612/612/612 1063/1063/1063 1064/1064/1064
f 612/612/612 1064/1064/1064 613/613/613
f 1062/1062/1062 611/611/611 610/610/610
f 1062/1062/1062 610/610/610 1061/1061/1061
f 608/608/608 1059/1059/1059 1060/1060/1060
f 608/608/608 1060/1060/1060 609/609/609
f 1095/1095/1095 580/580/580 572/572/572
f 1095/1095/1095 572/572/572 1087/1087/1087
f 1090/1090/1090 575/575/575 583/583/583
f 1090/1090/1090 583/583/583 1098/1098/1098
f 582/582/582 583/583/583 575/575/575
f 582/582/582 575/575/575 574/574/574
f 581/581/581 582/582/582 574/574/574
f 581/581/581 574/574/574 573/573/573
f 580/580/580 581/581/581 573/573/573
f 580/580/580 573/573/573 572/572/572
f 1098/1098/1098 1097/1097/1097 1089/1089/1089
f 1098/1098/1098 1089/1089/1089 1090/1090/1090
f 1097/1097/1097 1096/1096/1096 1088/1088/1088
f 1097/1097/1097 1088/1088/1088 1089/1089/1089
f 1096/1096/1096 1095/1095/1095 1087/1087/1087
f 1096/1096/1096 1087/1087/1087 1088/1088/1088
f 1087/1087/1087 572/572/572 596/596/596
f 1087/1087/1087 596/596/596 1035/1035/1035
f 572/572/572 573/573/573 599/599/599
f 572/572/572 599/599/599 596/596/596
f 573/573/573 1088/1088/1088 1038/1038/1038
f 573/573/573 1038/1038/1038 599/599/599
f 1088/1088/1088 1087/1087/1087 1035/1035/1035
f 1088/1088/1088 1035/1035/1035 1038/1038/1038
f 1088/1088/1088 573/573/573 600/600/600
f 1088/1088/1088 600/600/600 1039/1039/1039
f 573/573/573 574/574/574 603/603/603
f 573/573/573 603/603/603 600/600/600
f 574/574/574 1089/1089/1089 1042/1042/1042
f 574/574/574 1042/1042/1042 603/603/603
f 1089/1089/1089 1088/1088/1088 1039/1039/1039
f 1089/1089/1089 1039/1039/1039 1042/1042/1042
f 1089/1089/1089 574/574/574 604/604/604
f 1089/1089/1089 604/604/604 1043/1043/1043
f 574/574/574 575/575/575 607/607/607
f 574/574/574 607/607/607 604/604/604
f 575/575/575 1090/1090/1090 1046/1046/1046
f 575/575/575 1046/1046/1046 607/607/607
f 1090/1090/1090 1089/1089/1089 1043/1043/1043
f 1090/1090/1090 1043/1043/1043 1046/1046/1046
f 1098/1098/1098 583/583/583 631/631/631
f 1098/1098/1098 631/631/631 1082/1082/1082
f 583/583/583 582/582/582 628/628/628
f 583/583/583 628/628/628 631/631/631
f 582/582/582 1097/1097/1097 1079/1079/1079
f 582/582/582 1079/1079/1079 628/628/628
f 1097/1097/1097 1098/1098/1098 1082/1082/1082
f 1097/1097/1097 1082/1082/1082 1079/1079/1079
f 1097/1097/1097 582/582/582 627/627/627
f 1097/1097/1097 627/627/627 1078/1078/1078
f 582/582/582 581/581/581 624/624/624
f 582/582/582 624/624/624 627/627/627
f 581/581/581 1096/1096/1096 1075/1075/1075
f 581/581/581 1075/1075/1075 624/624/624
f 1096/1096/1096 1097/1097/1097 1078/1078/1078
f 1096/1096/1096 1078/1078/1078 1075/1075/1075
f 1096/1096/1096 581/581/581 623/623/623
f 1096/1096/1096 623/623/623 1074/1074/1074
f 581/581/581 580/580/580 620/620/620
f 581/581/581 620/620/620 623/623/623
f 580/580/580 1095/1095/1095 1071/1071/1071
f 580/580/580 1071/1071/1071 620/620/620
f 1095/1095/1095 1096/1096/1096 1074/1074/1074
f 1095/1095/1095 1074/1074/1074 1071/1071/1071
f 1035/1035/1035 596/596/596 597/597/597
f 1035/1035/1035 597/597/597 1036/1036/1036
f 599/599/599 1038/1038/1038 1037/1037/1037
f 599/599/599 1037/1037/1037 598/598/598
f 1039/1039/1039 600/600/600 601/601/601
f 1039/1039/1039 601/601/601 1040/1040/1040
f 603/603/603 1042/1042/1042 1041/1041/1041
f 603/603/603 1041/1041/1041 602/602/602
f 1043/1043/1043 604/604/604 605/605/605
f 1043/1043/1043 605/605/605 1044/1044/1044
f 607/607/607 1046/1046/1046 1045/1045/1045
f 607/607/607 1045/1045/1045 606/606/606
f 1082/1082/1082 631/631/631 630/630/630
f 1082/1082/1082 630/630/630 1081/1081/1081
f 628/628/628 1079/1079/1079 1080/1080/1080
f 628/628/628 1080/1080/1080 629/629/629
f 1078/1078/1078 627/627/627 626/626/626
f 1078/1078/1078 626/626/626 1077/1077/1077
f 624/624/624 1075/1075/1075 1076/1076/1076
f 624/624/624 1076/1076/1076 625/625/625
f 1074/1074/1074 623/623/623 622/622/622
f 1074/1074/1074 622/622/622 1073/1073/1073
f 620/620/620 1071/1071/1071 1072/1072/1072
f 620/620/620 1072/1072/1072 621/621/621
f 174/174/174 166/166/166 165/165/165
f 174/174/174 165/165/165 173/173/173
f 166/166/166 158/158/158 157/157/157
f 166/166/166 157/157/157 165/165/165
f 158/158/158 150/150/150 149/149/149
f 158/158/158 149/149/149 157/157/157
f 150/150/150 142/142/142 141/141/141
f 150/150/150 141/141/141 149/149/149
f 142/142/142 134/134/134 133/133/133
f 142/142/142 133/133/133 141/141/141
f 134/134/134 126/126/126 125/125/125
f 134/134/134 125/125/125 133/133/133
f 126/126/126 124/124/124 123/123/123
f 126/126/126 123/123/123 125/125/125
f 124/124/124 132/132/132 131/131/131
f 124/124/124 131/131/131 123/123/123
f 132/132/132 140/140/140 139/139/139
f 132/132/132 139/139/139 131/131/131
f 140/140/140 148/148/148 147/147/147
f 140/140/140 147/147/147 139/139/139
f 148/148/148 156/156/156 155/155/155
f 148/148/148 155/155/155 147/147/147
f 156/156/156 164/164/164 163/163/163
f 156/156/156 163/163/163 155/155/155
f 164/164/164 172/172/172 171/171/171
f 164/164/164 171/171/171 163/163/163
f 172/172/172 180/180/180 179/179/179
f 172/172/172 179/179/179 171/171/171
f 180/180/180 192/192/192 191/191/191
f 180/180/180 191/191/191 179/179/179
f 192/192/192 200/200/200 199/199/199
f 192/192/192 199/199/199 191/191/191
f 200/200/200 208/208/208 207/207/207
f 200/200/200 207/207/207 199/199/199
f 208/208/208 216/216/216 215/215/215
f 208/208/208 215/215/215 207/207/207
f 216/216/216 224/224/224 223/223/223
f 216/216/216 223/223/223 215/215/215
f 224/224/224 232/232/232 231/231/231
f 224/224/224 231/231/231 223/223/223
f 232/232/232 240/240/240 239/239/239
f 232/232/232 239/239/239 231/231/231
f 240/240/240 242/242/242 241/241/241
f 240/240/240 241/241/241 239/239/239
f 242/242/242 234/234/234 233/233/233
f 242/242/242 233/233/233 241/241/241
f 234/234/234 226/226/226 225/225/225
f 234/234/234 225/225/225 233/233/233
f 226/226/226 218/218/218 217/217/217
f 226/226/226 217/217/217 225/225/225
f 218/218/218 210/210/210 209/209/209
f 218/218/218 209/209/209 217/217/217
f 210/210/210 202/202/202 201/201/201
f 210/210/210 201/201/201 209/209/209
f 202/202/202 194/194/194 193/193/193
f 202/202/202 193/193/193 201/201/201
f 194/194/194 184/184/184 183/183/183
f 194/194/194 183/183/183 193/193/193
f 184/184/184 174/174/174 173/173/173
f 184/184/184 173/173/173 183/183/183
f 166/166/166 174/174/174 182/182/182
f 158/158/158 166/166/166 182/182/182
f 150/150/150 158/158/158 182/182/182
f 142/142/142 150/150/150 182/182/182
f 134/134/134 142/142/142 182/182/182
f 126/126/126 134/134/134 182/182/182
f 124/124/124 126/126/126 182/182/182
f 132/132/132 124/124/124 182/182/182
f 140/140/140 132/132/132 182/182/182
f 148/148/148 140/140/140 182/182/182
f 156/156/156 148/148/148 182/182/182
f 164/164/164 156/156/156 182/182/182
f 172/172/172 164/164/164 182/182/182
f 180/180/180 172/172/172 182/182/182
f 192/192/192 180/180/180 182/182/182
f 200/200/200 192/192/192 182/182/182
f 208/208/208 200/200/200 182/182/182
f 216/216/216 208/208/208 182/182/182
f 224/224/224 216/216/216 182/182/182
f 232/232/232 224/224/224 182/182/182
f 240/240/240 232/232/232 182/182/182
f 242/242/242 240/240/240 182/182/182
f 234/234/234 242/242/242 182/182/182
f 226/226/226 234/234/234 182/182/182
f 218/218/218 226/226/226 182/182/182
f 210/210/210 218/218/218 182/182/182
f 202/202/202 210/210/210 182/182/182
f 194/194/194 202/202/202 182/182/182
f 184/184/184 194/194/194 182/182/182
f 174/174/174 184/184/184 182/182/182
f 173/173/173 165/165/165 181/181/181
f 165/165/165 157/157/157 181/181/181
f 157/157/157 149/149/149 181/181/181
f 149/149/149 141/141/141 181/181/181
f 141/141/141 133/133/133 181/181/181
f 133/133/133 125/125/125 181/181/181
f 125/125/125 123/123/123 181/181/181
f 123/123/123 131/131/131 181/181/181
f 131/131/131 139/139/139 181/181/181
f 139/139/139 147/147/147 181/181/181
f 147/147/147 155/155/155 181/181/181
f 155/155/155 163/163/163 181/181/181
f 163/163/163 171/171/171 181/181/181
f 171/171/171 179/179/179 181/181/181
f 179/179/179 191/191/191 181/181/181
f 191/191/191 199/199/199 181/181/181
f 199/199/199 207/207/207 181/181/181
f 207/207/207 215/215/215 181/181/181
f 215/215/215 223/223/223 181/181/181
f 223/223/223 231/231/231 181/181/181
f 231/231/231 239/239/239 181/181/181
f 239/239/239 241/241/241 181/181/181
f 241/241/241 233/233/233 181/181/181
f 233/233/233 225/225/225 181/181/181
f 225/225/225 217/217/217 181/181/181
f 217/217/217 209/209/209 181/181/181
f 209/209/209 201/201/201 181/181/181
f 201/201/201 193/193/193 181/181/181
f 193/193/193 183/183/183 181/181/181
f 183/183/183 173/173/173 181/181/181
f 177/177/177 169/169/169 170/170/170
f 177/177/177 170/170/170 178/178/178
f 169/169/169 161/161/161 162/162/162
f 169/169/169 162/162/162 170/170/170
f 161/161/161 153/153/153 154/154/154
f 161/161/161 154/154/154 162/162/162
f 153/153/153 145/145/145 146/146/146
f 153/153/153 146/146/146 154/154/154
f 145/145/145 137/137/137 138/138/138
f 145/145/145 138/138/138 146/146/146
f 137/137/137 129/129/129 130/130/130
f 137/137/137 130/130/130 138/138/138
f 129/129/129 127/127/127 128/128/128
f 129/129/129 128/128/128 130/130/130
f 127/127/127 135/135/135 136/136/136
f 127/127/127 136/136/136 128/128/128
f 135/135/135 143/143/143 144/144/144
f 135/135/135 144/144/144 136/136/136
f 143/143/143 151/151/151 152/152/152
f 143/143/143 152/152/152 144/144/144
f 151/151/151 159/159/159 160/160/160
f 151/151/151 160/160/160 152/152/152
f 159/159/159 167/167/167 168/168/168
f 159/159/159 168/168/168 160/160/160
f 167/167/167 175/175/175 176/176/176
f 167/167/167 176/176/176 168/168/168
f 175/175/175 185/185/185 186/186/186
f 175/175/175 186/186/186 176/176/176
f 185/185/185 195/195/195 196/196/196
f 185/185/185 196/196/196 186/186/186
f 195/195/195 203/203/203 204/204/204
f 195/195/195 204/204/204 196/196/196
f 203/203/203 211/211/211 212/212/212
f 203/203/203 212/212/212 204/204/204
f 211/211/211 219/219/219 220/220/220
f 211/211/211 220/220/220 212/212/212
f 219/219/219 227/227/227 228/228/228
f 219/219/219 228/228/228 220/220/220
f 227/227/227 235/235/235 236/236/236
f 227/227/227 236/236/236 228/228/228
f 235/235/235 243/243/243 244/244/244
f 235/235/235 244/244/244 236/236/236
f 243/243/243 245/245/245 246/246/246
f 243/243/243 246/246/246 244/244/244
f 245/245/245 237/237/237 238/238/238
f 245/245/245 238/238/238 246/246/246
f 237/237/237 229/229/229 230/230/230
f 237/237/237 230/230/230 238/238/238
f 229/229/229 221/221/221 222/222/222
f 229/229/229 222/222/222 230/230/230
f 221/221/221 213/213/213 214/214/214
f 221/221/221 214/214/214 222/222/222
f 213/213/213 205/205/205 206/206/206
f 213/213/213 206/206/206 214/214/214
f 205/205/205 197/197/197 198/198/198
f 205/205/205 198/198/198 206/206/206
f 197/197/197 189/189/189 190/190/190
f 197/197/197 190/190/190 198/198/198
f 189/189/189 177/177/177 178/178/178
f 189/189/189 178/178/178 190/190/190
f 169/169/169 177/177/177 187/187/187
f 161/161/161 169/169/169 187/187/187
f 153/153/153 161/161/161 187/187/187
f 145/145/145 153/153/153 187/187/187
f 137/137/137 145/145/145 187/187/187
f 129/129/129 137/137/137 187/187/187
f 127/127/127 129/129/129 187/187/187
f 135/135/135 127/127/127 187/187/187
f 143/143/143 135/135/135 187/187/187
f 151/151/151 143/143/143 187/187/187
f 159/159/159 151/151/151 187/187/187
f 167/167/167 159/159/159 187/187/187
f 175/175/175 167/167/167 187/187/187
f 185/185/185 175/175/175 187/187/187
f 195/195/195 185/185/185 187/187/187
f 203/203/203 195/195/195 187/187/187
f 211/211/211 203/203/203 187/187/187
f 219/219/219 211/211/211 187/187/187
f 227/227/227 219/219/219 187/187/187
f 235/235/235 227/227/227 187/187/187
f 243/243/243 235/235/235 187/187/187
f 245/245/245 243/243/243 187/187/187
f 237/237/237 245/245/245 187/187/187
f 229/229/229 237/237/237 187/187/187
f 221/221/221 229/229/229 187/187/187
f 213/213/213 221/221/221 187/187/187
f 205/205/205 213/213/213 187/187/187
f 197/197/197 205/205/205 187/187/187
f 189/189/189 197/197/197 187/187/187
f 177/177/177 189/189/189 187/187/187
f 178/178/178 170/170/170 188/188/188
f 170/170/170 162/162/162 188/188/188
f 162/162/162 154/154/154 188/188/188
f 154/154/154 146/146/146 188/188/188
f 146/146/146 138/138/138 188/188/188
f 138/138/138 130/130/130 188/188/188
f 130/130/130 128/128/128 188/188/188
f 128/128/128 136/136/136 188/188/188
f 136/136/136 144/144/144 188/188/188
f 144/144/144 152/152/152 188/188/188
f 152/152/152 160/160/160 188/188/188
f 160/160/160 168/168/168 188/188/188
f 168/168/168 176/176/176 188/188/188
f 176/176/176 186/186/186 188/188/188
f 186/186/186 196/196/196 188/188/188
f 196/196/196 204/204/204 188/188/188
f 204/204/204 212/212/212 188/188/188
f 212/212/212 220/220/220 188/188/188
f 220/220/220 228/228/228 188/188/188
f 228/228/228 236/236/236 188/188/188
f 236/236/236 244/244/244 188/188/188
f 244/244/244 246/246/246 188/188/188
f 246/246/246 238/238/238 188/188/188
f 238/238/238 230/230/230 188/188/188
f 230/230/230 222/222/222 188/188/188
f 222/222/222 214/214/214 188/188/188
f 214/214/214 206/206/206 188/188/188
f 206/206/206 198/198/198 188/188/188
f 198/198/198 190/190/190 188/188/188
f 190/190/190 178/178/178 188/188/188
f 54/54/54 44/44/44 42/42/42
f 54/54/54 42/42/42 50/50/50
f 44/44/44 36/36/36 34/34/34
f 44/44/44 34/34/34 42/42/42
f 36/36/36 28/28/28 26/26/26
f 36/36/36 26/26/26 34/34/34
f 28/28/28 20/20/20 14/14/14
f 28/28/28 14/14/14 26/26/26
f 20/20/20 8/8/8 6/6/6
f 20/20/20 6/6/6 14/14/14
f 8/8/8 4/4/4 2/2/2
f 8/8/8 2/2/2 6/6/6
f 4/4/4 3/3/3 1/1/1
f 4/4/4 1/1/1 2/2/2
f 3/3/3 7/7/7 5/5/5
f 3/3/3 5/5/5 1/1/1
f 7/7/7 19/19/19 13/13/13
f 7/7/7 13/13/13 5/5/5
f 19/19/19 27/27/27 25/25/25
f 19/19/19 25/25/25 13/13/13
f 27/27/27 35/35/35 33/33/33
f 27/27/27 33/33/33 25/25/25
f 35/35/35 43/43/43 41/41/41
f 35/35/35 41/41/41 33/33/33
f 43/43/43 53/53/53 49/49/49
f 43/43/43 49/49/49 41/41/41
f 53/53/53 64/64/64 57/57/57
f 53/53/53 57/57/57 49/49/49
f 64/64/64 73/73/73 72/72/72
f 64/64/64 72/72/72 57/57/57
f 73/73/73 81/81/81 79/79/79
f 73/73/73 79/79/79 72/72/72
f 81/81/81 89/89/89 87/87/87
f 81/81/81 87/87/87 79/79/79
f 89/89/89 99/99/99 95/95/95
f 89/89/89 95/95/95 87/87/87
f 99/99/99 111/111/111 105/105/105
f 99/99/99 105/105/105 95/95/95
f 111/111/111 117/117/117 115/115/115
f 111/111/111 115/115/115 105/105/105
f 117/117/117 121/121/121 119/119/119
f 117/117/117 119/119/119 115/115/115
f 121/121/121 122/122/122 120/120/120
f 121/121/121 120/120/120 119/119/119
f 122/122/122 118/118/118 116/116/116
f 122/122/122 116/116/116 120/120/120
f 118/118/118 112/112/112 106/106/106
f 118/118/118 106/106/106 116/116/116
f 112/112/112 100/100/100 96/96/96
f 112/112/112 96/96/96 106/106/106
f 100/100/100 90/90/90 88/88/88
f 100/100/100 88/88/88 96/96/96
f 90/90/90 82/82/82 80/80/80
f 90/90/90 80/80/80 88/88/88
f 82/82/82 74/74/74 71/71/71
f 82/82/82 71/71/71 80/80/80
f 74/74/74 66/66/66 60/60/60
f 74/74/74 60/60/60 71/71/71
f 66/66/66 54/54/54 50/50/50
f 66/66/66 50/50/50 60/60/60
f 44/44/44 54/54/54 65/65/65
f 36/36/36 44/44/44 65/65/65
f 28/28/28 36/36/36 65/65/65
f 20/20/20 28/28/28 65/65/65
f 8/8/8 20/20/20 65/65/65
f 4/4/4 8/8/8 65/65/65
f 3/3/3 4/4/4 65/65/65
f 7/7/7 3/3/3 65/65/65
f 19/19/19 7/7/7 65/65/65
f 27/27/27 19/19/19 65/65/65
f 35/35/35 27/27/27 65/65/65
f 43/43/43 35/35/35 65/65/65
f 53/53/53 43/43/43 65/65/65
f 64/64/64 53/53/53 65/65/65
f 73/73/73 64/64/64 65/65/65
f 81/81/81 73/73/73 65/65/65
f 89/89/89 81/81/81 65/65/65
f 99/99/99 89/89/89 65/65/65
f 111/111/111 99/99/99 65/65/65
f 117/117/117 111/111/111 65/65/65
f 121/121/121 117/117/117 65/65/65
f 122/122/122 121/121/121 65/65/65
f 118/118/118 122/122/122 65/65/65
f 112/112/112 118/118/118 65/65/65
f 100/100/100 112/112/112 65/65/65
f 90/90/90 100/100/100 65/65/65
f 82/82/82 90/90/90 65/65/65
f 74/74/74 82/82/82 65/65/65
f 66/66/66 74/74/74 65/65/65
f 54/54/54 66/66/66 65/65/65
f 56/56/56 47/47/47 62/62/62
f 47/47/47 40/40/40 62/62/62
f 40/40/40 32/32/32 62/62/62
f 32/32/32 23/23/23 62/62/62
f 23/23/23 17/17/17 62/62/62
f 17/17/17 12/12/12 62/62/62
f 12/12/12 11/11/11 62/62/62
f 11/11/11 18/18/18 62/62/62
f 18/18/18 24/24/24 62/62/62
f 24/24/24 31/31/31 62/62/62
f 31/31/31 39/39/39 62/62/62
f 39/39/39 48/48/48 62/62/62
f 48/48/48 55/55/55 62/62/62
f 55/55/55 61/61/61 62/62/62
f 61/61/61 69/69/69 62/62/62
f 69/69/69 77/77/77 62/62/62
f 77/77/77 86/86/86 62/62/62
f 86/86/86 94/94/94 62/62/62
f 94/94/94 101/101/101 62/62/62
f 101/101/101 107/107/107 62/62/62
f 107/107/107 114/114/114 62/62/62
f 114/114/114 113/113/113 62/62/62
f 113/113/113 108/108/108 62/62/62
f 108/108/108 102/102/102 62/62/62
f 102/102/102 93/93/93 62/62/62
f 93/93/93 85/85/85 62/62/62
f 85/85/85 78/78/78 62/62/62
f 78/78/78 70/70/70 62/62/62
f 70/70/70 63/63/63 62/62/62
f 63/63/63 56/56/56 62/62/62
f 50/50/50 42/42/42 46/46/46
f 50/50/50 46/46/46 52/52/52
f 42/42/42 34/34/34 37/37/37
f 42/42/42 37/37/37 46/46/46
f 34/34/34 26/26/26 30/30/30
f 34/34/34 30/30/30 37/37/37
f 26/26/26 14/14/14 22/22/22
f 26/26/26 22/22/22 30/30/30
f 14/14/14 6/6/6 15/15/15
f 14/14/14 15/15/15 22/22/22
f 6/6/6 2/2/2 9/9/9
f 6/6/6 9/9/9 15/15/15
f 2/2/2 1/1/1 10/10/10
f 2/2/2 10/10/10 9/9/9
f 1/1/1 5/5/5 16/16/16
f 1/1/1 16/16/16 10/10/10
f 5/5/5 13/13/13 21/21/21
f 5/5/5 21/21/21 16/16/16
f 13/13/13 25/25/25 29/29/29
f 13/13/13 29/29/29 21/21/21
f 25/25/25 33/33/33 38/38/38
f 25/25/25 38/38/38 29/29/29
f 33/33/33 41/41/41 45/45/45
f 33/33/33 45/45/45 38/38/38
f 41/41/41 49/49/49 51/51/51
f 41/41/41 51/51/51 45/45/45
f 49/49/49 57/57/57 58/58/58
f 49/49/49 58/58/58 51/51/51
f 57/57/57 72/72/72 67/67/67
f 57/57/57 67/67/67 58/58/58
f 72/72/72 79/79/79 75/75/75
f 72/72/72 75/75/75 67/67/67
f 79/79/79 87/87/87 84/84/84
f 79/79/79 84/84/84 75/75/75
f 87/87/87 95/95/95 92/92/92
f 87/87/87 92/92/92 84/84/84
f 95/95/95 105/105/105 97/97/97
f 95/95/95 97/97/97 92/92/92
f 105/105/105 115/115/115 103/103/103
f 105/105/105 103/103/103 97/97/97
f 115/115/115 119/119/119 110/110/110
f 115/115/115 110/110/110 103/103/103
f 119/119/119 120/120/120 109/109/109
f 119/119/119 109/109/109 110/110/110
f 120/120/120 116/116/116 104/104/104
f 120/120/120 104/104/104 109/109/109
f 116/116/116 106/106/106 98/98/98
f 116/116/116 98/98/98 104/104/104
f 106/106/106 96/96/96 91/91/91
f 106/106/106 91/91/91 98/98/98
f 96/96/96 88/88/88 83/83/83
f 96/96/96 83/83/83 91/91/91
f 88/88/88 80/80/80 76/76/76
f 88/88/88 76/76/76 83/83/83
f 80/80/80 71/71/71 68/68/68
f 80/80/80 68/68/68 76/76/76
f 71/71/71 60/60/60 59/59/59
f 71/71/71 59/59/59 68/68/68
f 60/60/60 50/50/50 52/52/52
f 60/60/60 52/52/52 59/59/59
f 52/52/52 46/46/46 47/47/47
f 52/52/52 47/47/47 56/56/56
f 46/46/46 37/37/37 40/40/40
f 46/46/46 40/40/40 47/47/47
f 37/37/37 30/30/30 32/32/32
f 37/37/37 32/32/32 40/40/40
f 30/30/30 22/22/22 23/23/23
f 30/30/30 23/23/23 32/32/32
f 22/22/22 15/15/15 17/17/17
f 22/22/22 17/17/17 23/23/23
f 15/15/15 9/9/9 12/12/12
f 15/15/15 12/12/12 17/17/17
f 9/9/9 10/10/10 11/11/11
f 9/9/9 11/11/11 12/12/12
f 10/10/10 16/16/16 18/18/18
f 10/10/10 18/18/18 11/11/11
f 16/16/16 21/21/21 24/24/24
f 16/16/16 24/24/24 18/18/18
f 21/21/21 29/29/29 31/31/31
f 21/21/21 31/31/31 24/24/24
f 29/29/29 38/38/38 39/39/39
f 29/29/29 39/39/39 31/31/31
f 38/38/38 45/45/45 48/48/48
f 38/38/38 48/48/48 39/39/39
f 45/45/45 51/51/51 55/55/55
f 45/45/45 55/55/55 48/48/48
f 51/51/51 58/58/58 61/61/61
f 51/51/51 61/61/61 55/55/55
f 58/58/58 67/67/67 69/69/69
f 58/58/58 69/69/69 61/61/61
f 67/67/67 75/75/75 77/77/77
f 67/67/67 77/77/77 69/69/69
f 75/75/75 84/84/84 86/86/86
f 75/75/75 86/86/86 77/77/77
f 84/84/84 92/92/92 94/94/94
f 84/84/84 94/94/94 86/86/86
f 92/92/92 97/97/97 101/101/101
f 92/92/92 101/101/101 94/94/94
f 97/97/97 103/103/103 107/107/107
f 97/97/97 107/107/107 101/101/101
f 103/103/103 110/110/110 114/114/114
f 103/103/103 114/114/114 107/107/107
f 110/110/110 109/109/109 113/113/113
f 110/110/110 113/113/113 114/114/114
f 109/109/109 104/104/104 108/108/108
f 109/109/109 108/108/108 113/113/113
f 104/104/104 98/98/98 102/102/102
f 104/104/104 102/102/102 108/108/108
f 98/98/98 91/91/91 93/93/93
f 98/98/98 93/93/93 102/102/102
f 91/91/91 83/83/83 85/85/85
f 91/91/91 85/85/85 93/93/93
f 83/83/83 76/76/76 78/78/78
f 83/83/83 78/78/78 85/85/85
f 76/76/76 68/68/68 70/70/70
f 76/76/76 70/70/70 78/78/78
f 68/68/68 59/59/59 63/63/63
f 68/68/68 63/63/63 70/70/70
f 59/59/59 52/52/52 56/56/56
f 59/59/59 56/56/56 63/63/63
f 300/300/300 290/290/290 288/288/288
f 300/300/300 288/288/288 296/296/296
f 290/290/290 282/282/282 280/280/280
f 290/290/290 280/280/280 288/288/288
f 282/282/282 274/274/274 272/272/272
f 282/282/282 272/272/272 280/280/280
f 274/274/274 266/266/266 260/260/260
f 274/274/274 260/260/260 272/272/272
f 266/266/266 254/254/254 252/252/252
f 266/266/266 252/252/252 260/260/260
f 254/254/254 250/250/250 248/248/248
f 254/254/254 248/248/248 252/252/252
f 250/250/250 249/249/249 247/247/247
f 250/250/250 247/247/247 248/248/248
f 249/249/249 253/253/253 251/251/251
f 249/249/249 251/251/251 247/247/247
f 253/253/253 265/265/265 259/259/259
f 253/253/253 259/259/259 251/251/251
f 265/265/265 273/273/273 271/271/271
f 265/265/265 271/271/271 259/259/259
f 273/273/273 281/281/281 279/279/279
f 273/273/273 279/279/279 271/271/271
f 281/281/281 289/289/289 287/287/287
f 281/281/281 287/287/287 279/279/279
f 289/289/289 299/299/299 295/295/295
f 289/289/289 295/295/295 287/287/287
f 299/299/299 309/309/309 303/303/303
f 299/299/299 303/303/303 295/295/295
f 309/309/309 318/318/318 316/316/316
f 309/309/309 316/316/316 303/303/303
f 318/318/318 326/326/326 324/324/324
f 318/318/318 324/324/324 316/316/316
f 326/326/326 334/334/334 332/332/332
f 326/326/326 332/332/332 324/324/324
f 334/334/334 342/342/342 340/340/340
f 334/334/334 340/340/340 332/332/332
f 342/342/342 353/353/353 349/349/349
f 342/342/342 349/349/349 340/340/340
f 353/353/353 361/361/361 359/359/359
f 353/353/353 359/359/359 349/349/349
f 361/361/361 365/365/365 363/363/363
f 361/361/361 363/363/363 359/359/359
f 365/365/365 366/366/366 364/364/364
f 365/365/365 364/364/364 363/363/363
f 366/366/366 362/362/362 360/360/360
f 366/366/366 360/360/360 364/364/364
f 362/362/362 354/354/354 350/350/350
f 362/362/362 350/350/350 360/360/360
f 354/354/354 343/343/343 341/341/341
f 354/354/354 341/341/341 350/350/350
f 343/343/343 335/335/335 333/333/333
f 343/343/343 333/333/333 341/341/341
f 335/335/335 327/327/327 325/325/325
f 335/335/335 325/325/325 333/333/333
f 327/327/327 319/319/319 317/317/317
f 327/327/327 317/317/317 325/325/325
f 319/319/319 311/311/311 306/306/306
f 319/319/319 306/306/306 317/317/317
f 311/311/311 300/300/300 296/296/296
f 311/311/311 296/296/296 306/306/306
f 290/290/290 300/300/300 310/310/310
f 282/282/282 290/290/290 310/310/310
f 274/274/274 282/282/282 310/310/310
f 266/266/266 274/274/274 310/310/310
f 254/254/254 266/266/266 310/310/310
f 250/250/250 254/254/254 310/310/310
f 249/249/249 250/250/250 310/310/310
f 253/253/253 249/249/249 310/310/310
f 265/265/265 253/253/253 310/310/310
f 273/273/273 265/265/265 310/310/310
f 281/281/281 273/273/273 310/310/310
f 289/289/289 281/281/281 310/310/310
f 299/299/299 289/289/289 310/310/310
f 309/309/309 299/299/299 310/310/310
f 318/318/318 309/309/309 310/310/310
f 326/326/326 318/318/318 310/310/310
f 334/334/334 326/326/326 310/310/310
f 342/342/342 334/334/334 310/310/310
f 353/353/353 342/342/342 310/310/310
f 361/361/361 353/353/353 310/310/310
f 365/365/365 361/361/361 310/310/310
f 366/366/366 365/365/365 310/310/310
f 362/362/362 366/366/366 310/310/310
f 354/354/354 362/362/362 310/310/310
f 343/343/343 354/354/354 310/310/310
f 335/335/335 343/343/343 310/310/310
f 327/327/327 335/335/335 310/310/310
f 319/319/319 327/327/327 310/310/310
f 311/311/311 319/319/319 310/310/310
f 300/300/300 311/311/311 310/310/310
f 296/296/296 288/288/288 292/292/292
f 296/296/296 292/292/292 298/298/298
f 288/288/288 280/280/280 284/284/284
f 288/288/288 284/284/284 292/292/292
f 280/280/280 272/272/272 276/276/276
f 280/280/280 276/276/276 284/284/284
f 272/272/272 260/260/260 268/268/268
f 272/272/272 268/268/268 276/276/276
f 260/260/260 252/252/252 262/262/262
f 260/260/260 262/262/262 268/268/268
f 252/252/252 248/248/248 256/256/256
f 252/252/252 256/256/256 262/262/262
f 248/248/248 247/247/247 255/255/255
f 248/248/248 255/255/255 256/256/256
f 247/247/247 251/251/251 261/261/261
f 247/247/247 261/261/261 255/255/255
f 251/251/251 259/259/259 267/267/267
f 251/251/251 267/267/267 261/261/261
f 259/259/259 271/271/271 275/275/275
f 259/259/259 275/275/275 267/267/267
f 271/271/271 279/279/279 283/283/283
f 271/271/271 283/283/283 275/275/275
f 279/279/279 287/287/287 291/291/291
f 279/279/279 291/291/291 283/283/283
f 287/287/287 295/295/295 297/297/297
f 287/287/287 297/297/297 291/291/291
f 295/295/295 303/303/303 304/304/304
f 295/295/295 304/304/304 297/297/297
f 303/303/303 316/316/316 313/313/313
f 303/303/303 313/313/313 304/304/304
f 316/316/316 324/324/324 320/320/320
f 316/316/316 320/320/320 313/313/313
f 324/324/324 332/332/332 328/328/328
f 324/324/324 328/328/328 320/320/320
f 332/332/332 340/340/340 336/336/336
f 332/332/332 336/336/336 328/328/328
f 349/349/349 359/359/359 347/347/347
f 349/349/349 347/347/347 344/344/344
f 359/359/359 363/363/363 355/355/355
f 359/359/359 355/355/355 347/347/347
f 363/363/363 364/364/364 356/356/356
f 363/363/363 356/356/356 355/355/355
f 364/364/364 360/360/360 348/348/348
f 364/364/364 348/348/348 356/356/356
f 360/360/360 350/350/350 345/345/345
f 360/360/360 345/345/345 348/348/348
f 350/350/350 341/341/341 337/337/337
f 350/350/350 337/337/337 345/345/345
f 341/341/341 333/333/333 329/329/329
f 341/341/341 329/329/329 337/337/337
f 333/333/333 325/325/325 321/321/321
f 333/333/333 321/321/321 329/329/329
f 325/325/325 317/317/317 312/312/312
f 325/325/325 312/312/312 321/321/321
f 317/317/317 306/306/306 305/305/305
f 317/317/317 305/305/305 312/312/312
f 306/306/306 296/296/296 298/298/298
f 306/306/306 298/298/298 305/305/305
f 298/298/298 292/292/292 294/294/294
f 298/298/298 294/294/294 302/302/302
f 292/292/292 284/284/284 285/285/285
f 292/292/292 285/285/285 294/294/294
f 284/284/284 276/276/276 278/278/278
f 284/284/284 278/278/278 285/285/285
f 276/276/276 268/268/268 270/270/270
f 276/276/276 270/270/270 278/278/278
f 268/268/268 262/262/262 264/264/264
f 268/268/268 264/264/264 270/270/270
f 262/262/262 256/256/256 258/258/258
f 262/262/262 258/258/258 264/264/264
f 256/256/256 255/255/255 257/257/257
f 256/256/256 257/257/257 258/258/258
f 255/255/255 261/261/261 263/263/263
f 255/255/255 263/263/263 257/257/257
f 261/261/261 267/267/267 269/269/269
f 261/261/261 269/269/269 263/263/263
f 267/267/267 275/275/275 277/277/277
f 267/267/267 277/277/277 269/269/269
f 275/275/275 283/283/283 286/286/286
f 275/275/275 286/286/286 277/277/277
f 283/283/283 291/291/291 293/293/293
f 283/283/283 293/293/293 286/286/286
f 291/291/291 297/297/297 301/301/301
f 291/291/291 301/301/301 293/293/293
f 297/297/297 304/304/304 307/307/307
f 297/297/297 307/307/307 301/301/301
f 304/304/304 313/313/313 315/315/315
f 304/304/304 315/315/315 307/307/307
f 313/313/313 320/320/320 322/322/322
f 313/313/313 322/322/322 315/315/315
f 320/320/320 328/328/328 330/330/330
f 320/320/320 330/330/330 322/322/322
f 328/328/328 336/336/336 339/339/339
f 328/328/328 339/339/339 330/330/330
f 347/347/347 355/355/355 357/357/357
f 347/347/347 357/357/357 351/351/351
f 355/355/355 356/356/356 358/358/358
f 355/355/355 358/358/358 357/357/357
f 356/356/356 348/348/348 352/352/352
f 356/356/356 352/352/352 358/358/358
f 348/348/348 345/345/345 346/346/346
f 348/348/348 346/346/346 352/352/352
f 345/345/345 337/337/337 338/338/338
f 345/345/345 338/338/338 346/346/346
f 337/337/337 329/329/329 331/331/331
f 337/337/337 331/331/331 338/338/338
f 329/329/329 321/321/321 323/323/323
f 329/329/329 323/323/323 331/331/331
f 321/321/321 312/312/312 314/314/314
f 321/321/321 314/314/314 323/323/323
f 312/312/312 305/305/305 308/308/308
f 312/312/312 308/308/308 314/314/314
f 305/305/305 298/298/298 302/302/302
f 305/305/305 302/302/302 308/308/308

